ISO-10303-21;
HEADER;
FILE_DESCRIPTION(('Open CASCADE Model'),'2;1');
FILE_NAME('Open CASCADE Shape Model','2026-09-19T11:07:50',('Author'),(
    'Open CASCADE'),'Open CASCADE STEP processor 7.9','Open CASCADE 7.9'
  ,'Unknown');
FILE_SCHEMA(('AUTOMOTIVE_DESIGN { 1 0 10303 214 1 1 1 1 }'));
ENDSEC;
DATA;
#1 = APPLICATION_PROTOCOL_DEFINITION('international standard',
  'automotive_design',2000,#2);
#2 = APPLICATION_CONTEXT(
  'core data for automotive mechanical design processes');
#3 = SHAPE_DEFINITION_REPRESENTATION(#4,#10);
#4 = PRODUCT_DEFINITION_SHAPE('','',#5);
#5 = PRODUCT_DEFINITION('design','',#6,#9);
#6 = PRODUCT_DEFINITION_FORMATION('','',#7);
#7 = PRODUCT('Open CASCADE STEP translator 7.9 29',
  'Open CASCADE STEP translator 7.9 29','',(#8));
#8 = PRODUCT_CONTEXT('',#2,'mechanical');
#9 = PRODUCT_DEFINITION_CONTEXT('part definition',#2,'design');
#10 = ADVANCED_BREP_SHAPE_REPRESENTATION('',(#11,#15),#11116);
#11 = AXIS2_PLACEMENT_3D('',#12,#13,#14);
#12 = CARTESIAN_POINT('',(0.,0.,0.));
#13 = DIRECTION('',(0.,0.,1.));
#14 = DIRECTION('',(1.,0.,-0.));
#15 = MANIFOLD_SOLID_BREP('',#16);
#16 = CLOSED_SHELL('',(#17,#138,#254,#376,#488,#600,#712,#824,#936,#1048
    ,#1174,#1300,#1433,#1615,#1748,#1920,#1997,#2174,#2307,#2394,#2510,
    #2621,#2732,#2843,#3104,#3224,#3339,#3454,#3569,#3684,#3799,#4144,
    #4220,#4337,#4369,#4401,#4433,#4465,#4497,#4529,#4728,#4893,#5065,
    #5185,#5398,#5451,#5504,#5557,#5610,#5807,#5856,#6176,#6441,#6850,
    #6941,#6969,#7091,#7138,#7191,#7202,#7279,#7290,#7343,#7354,#7409,
    #7420,#7450,#7457,#7487,#7494,#7524,#7531,#7559,#7567,#7768,#7844,
    #8096,#8297,#8425,#8677,#8724,#8843,#8989,#9089,#9118,#9147,#9269,
    #9318,#9345,#9467,#9516,#9543,#9573,#9580,#9610,#9617,#9647,#9654,
    #9684,#9691,#9721,#9728,#9758,#9765,#9814,#9863,#9916,#9969,#10016,
    #10043,#10070,#10097,#10124,#10151,#10178,#10205,#10232,#10259,
    #10286,#10313,#10340,#10367,#10395,#10422,#10449,#10456,#10529,
    #10556,#10563,#10590,#10643,#10690,#10717,#10744,#10771,#10798,
    #10825,#10852,#10859,#10887,#10894,#10922,#10929,#11016,#11044,
    #11049,#11077,#11082,#11109));
#17 = ADVANCED_FACE('',(#18),#32,.F.);
#18 = FACE_BOUND('',#19,.F.);
#19 = EDGE_LOOP('',(#20,#55,#88,#111));
#20 = ORIENTED_EDGE('',*,*,#21,.T.);
#21 = EDGE_CURVE('',#22,#24,#26,.T.);
#22 = VERTEX_POINT('',#23);
#23 = CARTESIAN_POINT('',(39.,168.35,74.131397208143));
#24 = VERTEX_POINT('',#25);
#25 = CARTESIAN_POINT('',(39.,168.35,71.631397208143));
#26 = SURFACE_CURVE('',#27,(#31,#43),.PCURVE_S1.);
#27 = LINE('',#28,#29);
#28 = CARTESIAN_POINT('',(39.,168.35,74.131397208143));
#29 = VECTOR('',#30,1.);
#30 = DIRECTION('',(6.661338147751E-16,-7.495338295473E-15,-1.));
#31 = PCURVE('',#32,#37);
#32 = CYLINDRICAL_SURFACE('',#33,1.35);
#33 = AXIS2_PLACEMENT_3D('',#34,#35,#36);
#34 = CARTESIAN_POINT('',(39.,167.,74.131397208143));
#35 = DIRECTION('',(6.661338147751E-16,-7.495338295473E-15,-1.));
#36 = DIRECTION('',(-5.318914247286E-16,1.,-7.495338295473E-15));
#37 = DEFINITIONAL_REPRESENTATION('',(#38),#42);
#38 = LINE('',#39,#40);
#39 = CARTESIAN_POINT('',(6.28318530718,0.));
#40 = VECTOR('',#41,1.);
#41 = DIRECTION('',(0.,1.));
#42 = ( GEOMETRIC_REPRESENTATION_CONTEXT(2) 
PARAMETRIC_REPRESENTATION_CONTEXT() REPRESENTATION_CONTEXT('2D SPACE',''
  ) );
#43 = PCURVE('',#44,#49);
#44 = CYLINDRICAL_SURFACE('',#45,1.35);
#45 = AXIS2_PLACEMENT_3D('',#46,#47,#48);
#46 = CARTESIAN_POINT('',(39.,167.,74.131397208143));
#47 = DIRECTION('',(6.661338147751E-16,-7.495338295473E-15,-1.));
#48 = DIRECTION('',(-5.318914247286E-16,1.,-7.495338295473E-15));
#49 = DEFINITIONAL_REPRESENTATION('',(#50),#54);
#50 = LINE('',#51,#52);
#51 = CARTESIAN_POINT('',(0.,0.));
#52 = VECTOR('',#53,1.);
#53 = DIRECTION('',(0.,1.));
#54 = ( GEOMETRIC_REPRESENTATION_CONTEXT(2) 
PARAMETRIC_REPRESENTATION_CONTEXT() REPRESENTATION_CONTEXT('2D SPACE',''
  ) );
#55 = ORIENTED_EDGE('',*,*,#56,.F.);
#56 = EDGE_CURVE('',#57,#24,#59,.T.);
#57 = VERTEX_POINT('',#58);
#58 = CARTESIAN_POINT('',(39.,165.65,71.631397208143));
#59 = SURFACE_CURVE('',#60,(#65,#72),.PCURVE_S1.);
#60 = CIRCLE('',#61,1.35);
#61 = AXIS2_PLACEMENT_3D('',#62,#63,#64);
#62 = CARTESIAN_POINT('',(39.,167.,71.631397208143));
#63 = DIRECTION('',(6.661338147751E-16,-7.495338295473E-15,-1.));
#64 = DIRECTION('',(-5.318914247286E-16,1.,-7.495338295473E-15));
#65 = PCURVE('',#32,#66);
#66 = DEFINITIONAL_REPRESENTATION('',(#67),#71);
#67 = LINE('',#68,#69);
#68 = CARTESIAN_POINT('',(0.,2.5));
#69 = VECTOR('',#70,1.);
#70 = DIRECTION('',(1.,0.));
#71 = ( GEOMETRIC_REPRESENTATION_CONTEXT(2) 
PARAMETRIC_REPRESENTATION_CONTEXT() REPRESENTATION_CONTEXT('2D SPACE',''
  ) );
#72 = PCURVE('',#73,#78);
#73 = PLANE('',#74);
#74 = AXIS2_PLACEMENT_3D('',#75,#76,#77);
#75 = CARTESIAN_POINT('',(7.182337667102,190.15,71.631397208143));
#76 = DIRECTION('',(-6.661338147751E-16,7.495338295473E-15,1.));
#77 = DIRECTION('',(5.318914247286E-16,-1.,7.495338295473E-15));
#78 = DEFINITIONAL_REPRESENTATION('',(#79),#87);
#79 = ( BOUNDED_CURVE() B_SPLINE_CURVE(2,(#80,#81,#82,#83,#84,#85,#86),
.UNSPECIFIED.,.T.,.F.) B_SPLINE_CURVE_WITH_KNOTS((1,2,2,2,2,1),(
    -2.094395102393,0.,2.094395102393,4.188790204786,6.28318530718,
8.377580409573),.UNSPECIFIED.) CURVE() GEOMETRIC_REPRESENTATION_ITEM() 
RATIONAL_B_SPLINE_CURVE((1.,0.5,1.,0.5,1.,0.5,1.)) REPRESENTATION_ITEM(
  '') );
#80 = CARTESIAN_POINT('',(21.8,31.817662332897));
#81 = CARTESIAN_POINT('',(21.8,34.155930923115));
#82 = CARTESIAN_POINT('',(23.825,32.986796628006));
#83 = CARTESIAN_POINT('',(25.85,31.817662332897));
#84 = CARTESIAN_POINT('',(23.825,30.648528037788));
#85 = CARTESIAN_POINT('',(21.8,29.479393742679));
#86 = CARTESIAN_POINT('',(21.8,31.817662332897));
#87 = ( GEOMETRIC_REPRESENTATION_CONTEXT(2) 
PARAMETRIC_REPRESENTATION_CONTEXT() REPRESENTATION_CONTEXT('2D SPACE',''
  ) );
#88 = ORIENTED_EDGE('',*,*,#89,.F.);
#89 = EDGE_CURVE('',#90,#57,#92,.T.);
#90 = VERTEX_POINT('',#91);
#91 = CARTESIAN_POINT('',(39.,165.65,74.131397208143));
#92 = SURFACE_CURVE('',#93,(#97,#104),.PCURVE_S1.);
#93 = LINE('',#94,#95);
#94 = CARTESIAN_POINT('',(39.,165.65,74.131397208143));
#95 = VECTOR('',#96,1.);
#96 = DIRECTION('',(6.661338147751E-16,-7.495338295473E-15,-1.));
#97 = PCURVE('',#32,#98);
#98 = DEFINITIONAL_REPRESENTATION('',(#99),#103);
#99 = LINE('',#100,#101);
#100 = CARTESIAN_POINT('',(3.14159265359,0.));
#101 = VECTOR('',#102,1.);
#102 = DIRECTION('',(0.,1.));
#103 = ( GEOMETRIC_REPRESENTATION_CONTEXT(2) 
PARAMETRIC_REPRESENTATION_CONTEXT() REPRESENTATION_CONTEXT('2D SPACE',''
  ) );
#104 = PCURVE('',#44,#105);
#105 = DEFINITIONAL_REPRESENTATION('',(#106),#110);
#106 = LINE('',#107,#108);
#107 = CARTESIAN_POINT('',(3.14159265359,0.));
#108 = VECTOR('',#109,1.);
#109 = DIRECTION('',(0.,1.));
#110 = ( GEOMETRIC_REPRESENTATION_CONTEXT(2) 
PARAMETRIC_REPRESENTATION_CONTEXT() REPRESENTATION_CONTEXT('2D SPACE',''
  ) );
#111 = ORIENTED_EDGE('',*,*,#112,.T.);
#112 = EDGE_CURVE('',#90,#22,#113,.T.);
#113 = SURFACE_CURVE('',#114,(#119,#126),.PCURVE_S1.);
#114 = CIRCLE('',#115,1.35);
#115 = AXIS2_PLACEMENT_3D('',#116,#117,#118);
#116 = CARTESIAN_POINT('',(39.,167.,74.131397208143));
#117 = DIRECTION('',(6.661338147751E-16,-7.495338295473E-15,-1.));
#118 = DIRECTION('',(-5.318914247286E-16,1.,-7.495338295473E-15));
#119 = PCURVE('',#32,#120);
#120 = DEFINITIONAL_REPRESENTATION('',(#121),#125);
#121 = LINE('',#122,#123);
#122 = CARTESIAN_POINT('',(0.,0.));
#123 = VECTOR('',#124,1.);
#124 = DIRECTION('',(1.,0.));
#125 = ( GEOMETRIC_REPRESENTATION_CONTEXT(2) 
PARAMETRIC_REPRESENTATION_CONTEXT() REPRESENTATION_CONTEXT('2D SPACE',''
  ) );
#126 = PCURVE('',#127,#132);
#127 = PLANE('',#128);
#128 = AXIS2_PLACEMENT_3D('',#129,#130,#131);
#129 = CARTESIAN_POINT('',(39.,167.,74.131397208143));
#130 = DIRECTION('',(6.661338147751E-16,-7.495338295473E-15,-1.));
#131 = DIRECTION('',(-5.318914247286E-16,1.,-7.495338295473E-15));
#132 = DEFINITIONAL_REPRESENTATION('',(#133),#137);
#133 = CIRCLE('',#134,1.35);
#134 = AXIS2_PLACEMENT_2D('',#135,#136);
#135 = CARTESIAN_POINT('',(0.,0.));
#136 = DIRECTION('',(1.,0.));
#137 = ( GEOMETRIC_REPRESENTATION_CONTEXT(2) 
PARAMETRIC_REPRESENTATION_CONTEXT() REPRESENTATION_CONTEXT('2D SPACE',''
  ) );
#138 = ADVANCED_FACE('',(#139),#153,.F.);
#139 = FACE_BOUND('',#140,.F.);
#140 = EDGE_LOOP('',(#141,#176,#204,#227));
#141 = ORIENTED_EDGE('',*,*,#142,.T.);
#142 = EDGE_CURVE('',#143,#145,#147,.T.);
#143 = VERTEX_POINT('',#144);
#144 = CARTESIAN_POINT('',(39.,177.85,74.131397208143));
#145 = VERTEX_POINT('',#146);
#146 = CARTESIAN_POINT('',(39.,177.85,71.631397208143));
#147 = SURFACE_CURVE('',#148,(#152,#164),.PCURVE_S1.);
#148 = LINE('',#149,#150);
#149 = CARTESIAN_POINT('',(39.,177.85,74.131397208143));
#150 = VECTOR('',#151,1.);
#151 = DIRECTION('',(6.661338147751E-16,-7.495338295473E-15,-1.));
#152 = PCURVE('',#153,#158);
#153 = CYLINDRICAL_SURFACE('',#154,1.35);
#154 = AXIS2_PLACEMENT_3D('',#155,#156,#157);
#155 = CARTESIAN_POINT('',(39.,176.5,74.131397208143));
#156 = DIRECTION('',(6.661338147751E-16,-7.495338295473E-15,-1.));
#157 = DIRECTION('',(-5.318914247286E-16,1.,-7.495338295473E-15));
#158 = DEFINITIONAL_REPRESENTATION('',(#159),#163);
#159 = LINE('',#160,#161);
#160 = CARTESIAN_POINT('',(6.28318530718,0.));
#161 = VECTOR('',#162,1.);
#162 = DIRECTION('',(0.,1.));
#163 = ( GEOMETRIC_REPRESENTATION_CONTEXT(2) 
PARAMETRIC_REPRESENTATION_CONTEXT() REPRESENTATION_CONTEXT('2D SPACE',''
  ) );
#164 = PCURVE('',#165,#170);
#165 = CYLINDRICAL_SURFACE('',#166,1.35);
#166 = AXIS2_PLACEMENT_3D('',#167,#168,#169);
#167 = CARTESIAN_POINT('',(39.,176.5,74.131397208143));
#168 = DIRECTION('',(6.661338147751E-16,-7.495338295473E-15,-1.));
#169 = DIRECTION('',(-5.318914247286E-16,1.,-7.495338295473E-15));
#170 = DEFINITIONAL_REPRESENTATION('',(#171),#175);
#171 = LINE('',#172,#173);
#172 = CARTESIAN_POINT('',(0.,0.));
#173 = VECTOR('',#174,1.);
#174 = DIRECTION('',(0.,1.));
#175 = ( GEOMETRIC_REPRESENTATION_CONTEXT(2) 
PARAMETRIC_REPRESENTATION_CONTEXT() REPRESENTATION_CONTEXT('2D SPACE',''
  ) );
#176 = ORIENTED_EDGE('',*,*,#177,.F.);
#177 = EDGE_CURVE('',#178,#145,#180,.T.);
#178 = VERTEX_POINT('',#179);
#179 = CARTESIAN_POINT('',(39.,175.15,71.631397208143));
#180 = SURFACE_CURVE('',#181,(#186,#193),.PCURVE_S1.);
#181 = CIRCLE('',#182,1.35);
#182 = AXIS2_PLACEMENT_3D('',#183,#184,#185);
#183 = CARTESIAN_POINT('',(39.,176.5,71.631397208143));
#184 = DIRECTION('',(6.661338147751E-16,-7.495338295473E-15,-1.));
#185 = DIRECTION('',(-5.318914247286E-16,1.,-7.495338295473E-15));
#186 = PCURVE('',#153,#187);
#187 = DEFINITIONAL_REPRESENTATION('',(#188),#192);
#188 = LINE('',#189,#190);
#189 = CARTESIAN_POINT('',(0.,2.5));
#190 = VECTOR('',#191,1.);
#191 = DIRECTION('',(1.,0.));
#192 = ( GEOMETRIC_REPRESENTATION_CONTEXT(2) 
PARAMETRIC_REPRESENTATION_CONTEXT() REPRESENTATION_CONTEXT('2D SPACE',''
  ) );
#193 = PCURVE('',#73,#194);
#194 = DEFINITIONAL_REPRESENTATION('',(#195),#203);
#195 = ( BOUNDED_CURVE() B_SPLINE_CURVE(2,(#196,#197,#198,#199,#200,#201
,#202),.UNSPECIFIED.,.T.,.F.) B_SPLINE_CURVE_WITH_KNOTS((1,2,2,2,2,1),(
    -2.094395102393,0.,2.094395102393,4.188790204786,6.28318530718,
8.377580409573),.UNSPECIFIED.) CURVE() GEOMETRIC_REPRESENTATION_ITEM() 
RATIONAL_B_SPLINE_CURVE((1.,0.5,1.,0.5,1.,0.5,1.)) REPRESENTATION_ITEM(
  '') );
#196 = CARTESIAN_POINT('',(12.3,31.817662332897));
#197 = CARTESIAN_POINT('',(12.3,34.155930923115));
#198 = CARTESIAN_POINT('',(14.325,32.986796628006));
#199 = CARTESIAN_POINT('',(16.35,31.817662332897));
#200 = CARTESIAN_POINT('',(14.325,30.648528037788));
#201 = CARTESIAN_POINT('',(12.3,29.479393742679));
#202 = CARTESIAN_POINT('',(12.3,31.817662332897));
#203 = ( GEOMETRIC_REPRESENTATION_CONTEXT(2) 
PARAMETRIC_REPRESENTATION_CONTEXT() REPRESENTATION_CONTEXT('2D SPACE',''
  ) );
#204 = ORIENTED_EDGE('',*,*,#205,.F.);
#205 = EDGE_CURVE('',#206,#178,#208,.T.);
#206 = VERTEX_POINT('',#207);
#207 = CARTESIAN_POINT('',(39.,175.15,74.131397208143));
#208 = SURFACE_CURVE('',#209,(#213,#220),.PCURVE_S1.);
#209 = LINE('',#210,#211);
#210 = CARTESIAN_POINT('',(39.,175.15,74.131397208143));
#211 = VECTOR('',#212,1.);
#212 = DIRECTION('',(6.661338147751E-16,-7.495338295473E-15,-1.));
#213 = PCURVE('',#153,#214);
#214 = DEFINITIONAL_REPRESENTATION('',(#215),#219);
#215 = LINE('',#216,#217);
#216 = CARTESIAN_POINT('',(3.14159265359,0.));
#217 = VECTOR('',#218,1.);
#218 = DIRECTION('',(0.,1.));
#219 = ( GEOMETRIC_REPRESENTATION_CONTEXT(2) 
PARAMETRIC_REPRESENTATION_CONTEXT() REPRESENTATION_CONTEXT('2D SPACE',''
  ) );
#220 = PCURVE('',#165,#221);
#221 = DEFINITIONAL_REPRESENTATION('',(#222),#226);
#222 = LINE('',#223,#224);
#223 = CARTESIAN_POINT('',(3.14159265359,0.));
#224 = VECTOR('',#225,1.);
#225 = DIRECTION('',(0.,1.));
#226 = ( GEOMETRIC_REPRESENTATION_CONTEXT(2) 
PARAMETRIC_REPRESENTATION_CONTEXT() REPRESENTATION_CONTEXT('2D SPACE',''
  ) );
#227 = ORIENTED_EDGE('',*,*,#228,.T.);
#228 = EDGE_CURVE('',#206,#143,#229,.T.);
#229 = SURFACE_CURVE('',#230,(#235,#242),.PCURVE_S1.);
#230 = CIRCLE('',#231,1.35);
#231 = AXIS2_PLACEMENT_3D('',#232,#233,#234);
#232 = CARTESIAN_POINT('',(39.,176.5,74.131397208143));
#233 = DIRECTION('',(6.661338147751E-16,-7.495338295473E-15,-1.));
#234 = DIRECTION('',(-5.318914247286E-16,1.,-7.495338295473E-15));
#235 = PCURVE('',#153,#236);
#236 = DEFINITIONAL_REPRESENTATION('',(#237),#241);
#237 = LINE('',#238,#239);
#238 = CARTESIAN_POINT('',(0.,0.));
#239 = VECTOR('',#240,1.);
#240 = DIRECTION('',(1.,0.));
#241 = ( GEOMETRIC_REPRESENTATION_CONTEXT(2) 
PARAMETRIC_REPRESENTATION_CONTEXT() REPRESENTATION_CONTEXT('2D SPACE',''
  ) );
#242 = PCURVE('',#243,#248);
#243 = PLANE('',#244);
#244 = AXIS2_PLACEMENT_3D('',#245,#246,#247);
#245 = CARTESIAN_POINT('',(39.,176.5,74.131397208143));
#246 = DIRECTION('',(6.661338147751E-16,-7.495338295473E-15,-1.));
#247 = DIRECTION('',(-5.318914247286E-16,1.,-7.495338295473E-15));
#248 = DEFINITIONAL_REPRESENTATION('',(#249),#253);
#249 = CIRCLE('',#250,1.35);
#250 = AXIS2_PLACEMENT_2D('',#251,#252);
#251 = CARTESIAN_POINT('',(0.,0.));
#252 = DIRECTION('',(1.,0.));
#253 = ( GEOMETRIC_REPRESENTATION_CONTEXT(2) 
PARAMETRIC_REPRESENTATION_CONTEXT() REPRESENTATION_CONTEXT('2D SPACE',''
  ) );
#254 = ADVANCED_FACE('',(#255),#270,.T.);
#255 = FACE_BOUND('',#256,.T.);
#256 = EDGE_LOOP('',(#257,#293,#321,#350));
#257 = ORIENTED_EDGE('',*,*,#258,.F.);
#258 = EDGE_CURVE('',#259,#261,#263,.T.);
#259 = VERTEX_POINT('',#260);
#260 = CARTESIAN_POINT('',(47.5,176.,29.631397208143));
#261 = VERTEX_POINT('',#262);
#262 = CARTESIAN_POINT('',(47.5,194.,47.631397208143));
#263 = SURFACE_CURVE('',#264,(#269,#281),.PCURVE_S1.);
#264 = CIRCLE('',#265,18.);
#265 = AXIS2_PLACEMENT_3D('',#266,#267,#268);
#266 = CARTESIAN_POINT('',(47.5,176.,47.631397208143));
#267 = DIRECTION('',(1.,5.318914247286E-16,6.661338147751E-16));
#268 = DIRECTION('',(-6.661338147751E-16,7.495338295473E-15,1.));
#269 = PCURVE('',#270,#275);
#270 = CONICAL_SURFACE('',#271,18.,0.785398163397);
#271 = AXIS2_PLACEMENT_3D('',#272,#273,#274);
#272 = CARTESIAN_POINT('',(47.5,176.,47.631397208143));
#273 = DIRECTION('',(-1.,-5.318914247286E-16,-6.661338147751E-16));
#274 = DIRECTION('',(6.661338147751E-16,-7.495338295473E-15,-1.));
#275 = DEFINITIONAL_REPRESENTATION('',(#276),#280);
#276 = LINE('',#277,#278);
#277 = CARTESIAN_POINT('',(9.424777960769,0.));
#278 = VECTOR('',#279,1.);
#279 = DIRECTION('',(-1.,0.));
#280 = ( GEOMETRIC_REPRESENTATION_CONTEXT(2) 
PARAMETRIC_REPRESENTATION_CONTEXT() REPRESENTATION_CONTEXT('2D SPACE',''
  ) );
#281 = PCURVE('',#282,#287);
#282 = PLANE('',#283);
#283 = AXIS2_PLACEMENT_3D('',#284,#285,#286);
#284 = CARTESIAN_POINT('',(47.5,176.,47.631397208143));
#285 = DIRECTION('',(1.,5.318914247286E-16,6.661338147751E-16));
#286 = DIRECTION('',(-6.661338147751E-16,7.495338295473E-15,1.));
#287 = DEFINITIONAL_REPRESENTATION('',(#288),#292);
#288 = CIRCLE('',#289,18.);
#289 = AXIS2_PLACEMENT_2D('',#290,#291);
#290 = CARTESIAN_POINT('',(0.,0.));
#291 = DIRECTION('',(1.,0.));
#292 = ( GEOMETRIC_REPRESENTATION_CONTEXT(2) 
PARAMETRIC_REPRESENTATION_CONTEXT() REPRESENTATION_CONTEXT('2D SPACE',''
  ) );
#293 = ORIENTED_EDGE('',*,*,#294,.T.);
#294 = EDGE_CURVE('',#259,#295,#297,.T.);
#295 = VERTEX_POINT('',#296);
#296 = CARTESIAN_POINT('',(46.5,176.,28.631397208143));
#297 = SURFACE_CURVE('',#298,(#302,#309),.PCURVE_S1.);
#298 = LINE('',#299,#300);
#299 = CARTESIAN_POINT('',(47.5,176.,29.631397208143));
#300 = VECTOR('',#301,1.);
#301 = DIRECTION('',(-0.707106781187,-5.676108569297E-15,-0.707106781187
    ));
#302 = PCURVE('',#270,#303);
#303 = DEFINITIONAL_REPRESENTATION('',(#304),#308);
#304 = LINE('',#305,#306);
#305 = CARTESIAN_POINT('',(6.28318530718,0.));
#306 = VECTOR('',#307,1.);
#307 = DIRECTION('',(0.,1.));
#308 = ( GEOMETRIC_REPRESENTATION_CONTEXT(2) 
PARAMETRIC_REPRESENTATION_CONTEXT() REPRESENTATION_CONTEXT('2D SPACE',''
  ) );
#309 = PCURVE('',#310,#315);
#310 = CONICAL_SURFACE('',#311,18.,0.785398163397);
#311 = AXIS2_PLACEMENT_3D('',#312,#313,#314);
#312 = CARTESIAN_POINT('',(47.5,176.,47.631397208143));
#313 = DIRECTION('',(-1.,-5.318914247286E-16,-6.661338147751E-16));
#314 = DIRECTION('',(6.661338147751E-16,-7.495338295473E-15,-1.));
#315 = DEFINITIONAL_REPRESENTATION('',(#316),#320);
#316 = LINE('',#317,#318);
#317 = CARTESIAN_POINT('',(0.,0.));
#318 = VECTOR('',#319,1.);
#319 = DIRECTION('',(0.,1.));
#320 = ( GEOMETRIC_REPRESENTATION_CONTEXT(2) 
PARAMETRIC_REPRESENTATION_CONTEXT() REPRESENTATION_CONTEXT('2D SPACE',''
  ) );
#321 = ORIENTED_EDGE('',*,*,#322,.F.);
#322 = EDGE_CURVE('',#323,#295,#325,.T.);
#323 = VERTEX_POINT('',#324);
#324 = CARTESIAN_POINT('',(46.5,195.,47.631397208143));
#325 = SURFACE_CURVE('',#326,(#331,#338),.PCURVE_S1.);
#326 = CIRCLE('',#327,19.);
#327 = AXIS2_PLACEMENT_3D('',#328,#329,#330);
#328 = CARTESIAN_POINT('',(46.5,176.,47.631397208143));
#329 = DIRECTION('',(-1.,-5.318914247286E-16,-6.661338147751E-16));
#330 = DIRECTION('',(-6.661338147751E-16,7.495338295473E-15,1.));
#331 = PCURVE('',#270,#332);
#332 = DEFINITIONAL_REPRESENTATION('',(#333),#337);
#333 = LINE('',#334,#335);
#334 = CARTESIAN_POINT('',(3.14159265359,1.));
#335 = VECTOR('',#336,1.);
#336 = DIRECTION('',(1.,0.));
#337 = ( GEOMETRIC_REPRESENTATION_CONTEXT(2) 
PARAMETRIC_REPRESENTATION_CONTEXT() REPRESENTATION_CONTEXT('2D SPACE',''
  ) );
#338 = PCURVE('',#339,#344);
#339 = CYLINDRICAL_SURFACE('',#340,19.);
#340 = AXIS2_PLACEMENT_3D('',#341,#342,#343);
#341 = CARTESIAN_POINT('',(47.5,176.,47.631397208143));
#342 = DIRECTION('',(-1.,-5.318914247286E-16,-6.661338147751E-16));
#343 = DIRECTION('',(6.661338147751E-16,-7.495338295473E-15,-1.));
#344 = DEFINITIONAL_REPRESENTATION('',(#345),#349);
#345 = LINE('',#346,#347);
#346 = CARTESIAN_POINT('',(3.14159265359,1.));
#347 = VECTOR('',#348,1.);
#348 = DIRECTION('',(1.,0.));
#349 = ( GEOMETRIC_REPRESENTATION_CONTEXT(2) 
PARAMETRIC_REPRESENTATION_CONTEXT() REPRESENTATION_CONTEXT('2D SPACE',''
  ) );
#350 = ORIENTED_EDGE('',*,*,#351,.F.);
#351 = EDGE_CURVE('',#261,#323,#352,.T.);
#352 = SURFACE_CURVE('',#353,(#357,#364),.PCURVE_S1.);
#353 = LINE('',#354,#355);
#354 = CARTESIAN_POINT('',(47.5,194.,47.631397208143));
#355 = VECTOR('',#356,1.);
#356 = DIRECTION('',(-0.707106781187,0.707106781187,-5.771032273622E-15)
  );
#357 = PCURVE('',#270,#358);
#358 = DEFINITIONAL_REPRESENTATION('',(#359),#363);
#359 = LINE('',#360,#361);
#360 = CARTESIAN_POINT('',(4.712388980385,0.));
#361 = VECTOR('',#362,1.);
#362 = DIRECTION('',(0.,1.));
#363 = ( GEOMETRIC_REPRESENTATION_CONTEXT(2) 
PARAMETRIC_REPRESENTATION_CONTEXT() REPRESENTATION_CONTEXT('2D SPACE',''
  ) );
#364 = PCURVE('',#365,#370);
#365 = PLANE('',#366);
#366 = AXIS2_PLACEMENT_3D('',#367,#368,#369);
#367 = CARTESIAN_POINT('',(47.5,194.,47.631397208143));
#368 = DIRECTION('',(-0.707106781187,-0.707106781187,4.828976798411E-15)
  );
#369 = DIRECTION('',(-6.661338147751E-16,7.495338295473E-15,1.));
#370 = DEFINITIONAL_REPRESENTATION('',(#371),#375);
#371 = LINE('',#372,#373);
#372 = CARTESIAN_POINT('',(0.,0.));
#373 = VECTOR('',#374,1.);
#374 = DIRECTION('',(0.,1.));
#375 = ( GEOMETRIC_REPRESENTATION_CONTEXT(2) 
PARAMETRIC_REPRESENTATION_CONTEXT() REPRESENTATION_CONTEXT('2D SPACE',''
  ) );
#376 = ADVANCED_FACE('',(#377),#391,.F.);
#377 = FACE_BOUND('',#378,.F.);
#378 = EDGE_LOOP('',(#379,#414,#438,#461));
#379 = ORIENTED_EDGE('',*,*,#380,.T.);
#380 = EDGE_CURVE('',#381,#383,#385,.T.);
#381 = VERTEX_POINT('',#382);
#382 = CARTESIAN_POINT('',(46.3,166.04070785648,56.481397208143));
#383 = VERTEX_POINT('',#384);
#384 = CARTESIAN_POINT('',(47.5,166.04070785648,56.481397208143));
#385 = SURFACE_CURVE('',#386,(#390,#402),.PCURVE_S1.);
#386 = LINE('',#387,#388);
#387 = CARTESIAN_POINT('',(46.3,166.04070785648,56.481397208143));
#388 = VECTOR('',#389,1.);
#389 = DIRECTION('',(1.,5.318914247286E-16,6.661338147751E-16));
#390 = PCURVE('',#391,#396);
#391 = CYLINDRICAL_SURFACE('',#392,3.1);
#392 = AXIS2_PLACEMENT_3D('',#393,#394,#395);
#393 = CARTESIAN_POINT('',(46.3,166.04070785648,53.381397208143));
#394 = DIRECTION('',(1.,5.318914247286E-16,6.661338147751E-16));
#395 = DIRECTION('',(-6.661338147751E-16,7.495338295473E-15,1.));
#396 = DEFINITIONAL_REPRESENTATION('',(#397),#401);
#397 = LINE('',#398,#399);
#398 = CARTESIAN_POINT('',(6.28318530718,0.));
#399 = VECTOR('',#400,1.);
#400 = DIRECTION('',(0.,1.));
#401 = ( GEOMETRIC_REPRESENTATION_CONTEXT(2) 
PARAMETRIC_REPRESENTATION_CONTEXT() REPRESENTATION_CONTEXT('2D SPACE',''
  ) );
#402 = PCURVE('',#403,#408);
#403 = CYLINDRICAL_SURFACE('',#404,3.1);
#404 = AXIS2_PLACEMENT_3D('',#405,#406,#407);
#405 = CARTESIAN_POINT('',(46.3,166.04070785648,53.381397208143));
#406 = DIRECTION('',(1.,5.318914247286E-16,6.661338147751E-16));
#407 = DIRECTION('',(-6.661338147751E-16,7.495338295473E-15,1.));
#408 = DEFINITIONAL_REPRESENTATION('',(#409),#413);
#409 = LINE('',#410,#411);
#410 = CARTESIAN_POINT('',(0.,0.));
#411 = VECTOR('',#412,1.);
#412 = DIRECTION('',(0.,1.));
#413 = ( GEOMETRIC_REPRESENTATION_CONTEXT(2) 
PARAMETRIC_REPRESENTATION_CONTEXT() REPRESENTATION_CONTEXT('2D SPACE',''
  ) );
#414 = ORIENTED_EDGE('',*,*,#415,.F.);
#415 = EDGE_CURVE('',#416,#383,#418,.T.);
#416 = VERTEX_POINT('',#417);
#417 = CARTESIAN_POINT('',(47.5,166.04070785648,50.281397208143));
#418 = SURFACE_CURVE('',#419,(#424,#431),.PCURVE_S1.);
#419 = CIRCLE('',#420,3.1);
#420 = AXIS2_PLACEMENT_3D('',#421,#422,#423);
#421 = CARTESIAN_POINT('',(47.5,166.04070785648,53.381397208143));
#422 = DIRECTION('',(1.,5.318914247286E-16,6.661338147751E-16));
#423 = DIRECTION('',(-6.661338147751E-16,7.495338295473E-15,1.));
#424 = PCURVE('',#391,#425);
#425 = DEFINITIONAL_REPRESENTATION('',(#426),#430);
#426 = LINE('',#427,#428);
#427 = CARTESIAN_POINT('',(0.,1.2));
#428 = VECTOR('',#429,1.);
#429 = DIRECTION('',(1.,0.));
#430 = ( GEOMETRIC_REPRESENTATION_CONTEXT(2) 
PARAMETRIC_REPRESENTATION_CONTEXT() REPRESENTATION_CONTEXT('2D SPACE',''
  ) );
#431 = PCURVE('',#282,#432);
#432 = DEFINITIONAL_REPRESENTATION('',(#433),#437);
#433 = CIRCLE('',#434,3.1);
#434 = AXIS2_PLACEMENT_2D('',#435,#436);
#435 = CARTESIAN_POINT('',(5.75,9.959292143521));
#436 = DIRECTION('',(1.,0.));
#437 = ( GEOMETRIC_REPRESENTATION_CONTEXT(2) 
PARAMETRIC_REPRESENTATION_CONTEXT() REPRESENTATION_CONTEXT('2D SPACE',''
  ) );
#438 = ORIENTED_EDGE('',*,*,#439,.F.);
#439 = EDGE_CURVE('',#440,#416,#442,.T.);
#440 = VERTEX_POINT('',#441);
#441 = CARTESIAN_POINT('',(46.3,166.04070785648,50.281397208143));
#442 = SURFACE_CURVE('',#443,(#447,#454),.PCURVE_S1.);
#443 = LINE('',#444,#445);
#444 = CARTESIAN_POINT('',(46.3,166.04070785648,50.281397208143));
#445 = VECTOR('',#446,1.);
#446 = DIRECTION('',(1.,5.318914247286E-16,6.661338147751E-16));
#447 = PCURVE('',#391,#448);
#448 = DEFINITIONAL_REPRESENTATION('',(#449),#453);
#449 = LINE('',#450,#451);
#450 = CARTESIAN_POINT('',(3.14159265359,0.));
#451 = VECTOR('',#452,1.);
#452 = DIRECTION('',(0.,1.));
#453 = ( GEOMETRIC_REPRESENTATION_CONTEXT(2) 
PARAMETRIC_REPRESENTATION_CONTEXT() REPRESENTATION_CONTEXT('2D SPACE',''
  ) );
#454 = PCURVE('',#403,#455);
#455 = DEFINITIONAL_REPRESENTATION('',(#456),#460);
#456 = LINE('',#457,#458);
#457 = CARTESIAN_POINT('',(3.14159265359,0.));
#458 = VECTOR('',#459,1.);
#459 = DIRECTION('',(0.,1.));
#460 = ( GEOMETRIC_REPRESENTATION_CONTEXT(2) 
PARAMETRIC_REPRESENTATION_CONTEXT() REPRESENTATION_CONTEXT('2D SPACE',''
  ) );
#461 = ORIENTED_EDGE('',*,*,#462,.T.);
#462 = EDGE_CURVE('',#440,#381,#463,.T.);
#463 = SURFACE_CURVE('',#464,(#469,#476),.PCURVE_S1.);
#464 = CIRCLE('',#465,3.1);
#465 = AXIS2_PLACEMENT_3D('',#466,#467,#468);
#466 = CARTESIAN_POINT('',(46.3,166.04070785648,53.381397208143));
#467 = DIRECTION('',(1.,5.318914247286E-16,6.661338147751E-16));
#468 = DIRECTION('',(-6.661338147751E-16,7.495338295473E-15,1.));
#469 = PCURVE('',#391,#470);
#470 = DEFINITIONAL_REPRESENTATION('',(#471),#475);
#471 = LINE('',#472,#473);
#472 = CARTESIAN_POINT('',(0.,0.));
#473 = VECTOR('',#474,1.);
#474 = DIRECTION('',(1.,0.));
#475 = ( GEOMETRIC_REPRESENTATION_CONTEXT(2) 
PARAMETRIC_REPRESENTATION_CONTEXT() REPRESENTATION_CONTEXT('2D SPACE',''
  ) );
#476 = PCURVE('',#477,#482);
#477 = PLANE('',#478);
#478 = AXIS2_PLACEMENT_3D('',#479,#480,#481);
#479 = CARTESIAN_POINT('',(46.3,166.04070785648,53.381397208143));
#480 = DIRECTION('',(1.,5.318914247286E-16,6.661338147751E-16));
#481 = DIRECTION('',(-6.661338147751E-16,7.495338295473E-15,1.));
#482 = DEFINITIONAL_REPRESENTATION('',(#483),#487);
#483 = CIRCLE('',#484,3.1);
#484 = AXIS2_PLACEMENT_2D('',#485,#486);
#485 = CARTESIAN_POINT('',(0.,0.));
#486 = DIRECTION('',(1.,0.));
#487 = ( GEOMETRIC_REPRESENTATION_CONTEXT(2) 
PARAMETRIC_REPRESENTATION_CONTEXT() REPRESENTATION_CONTEXT('2D SPACE',''
  ) );
#488 = ADVANCED_FACE('',(#489),#503,.F.);
#489 = FACE_BOUND('',#490,.F.);
#490 = EDGE_LOOP('',(#491,#526,#550,#573));
#491 = ORIENTED_EDGE('',*,*,#492,.T.);
#492 = EDGE_CURVE('',#493,#495,#497,.T.);
#493 = VERTEX_POINT('',#494);
#494 = CARTESIAN_POINT('',(46.3,166.90673326026,45.481397208143));
#495 = VERTEX_POINT('',#496);
#496 = CARTESIAN_POINT('',(47.5,166.90673326026,45.481397208143));
#497 = SURFACE_CURVE('',#498,(#502,#514),.PCURVE_S1.);
#498 = LINE('',#499,#500);
#499 = CARTESIAN_POINT('',(46.3,166.90673326026,45.481397208143));
#500 = VECTOR('',#501,1.);
#501 = DIRECTION('',(1.,5.318914247286E-16,6.661338147751E-16));
#502 = PCURVE('',#503,#508);
#503 = CYLINDRICAL_SURFACE('',#504,3.1);
#504 = AXIS2_PLACEMENT_3D('',#505,#506,#507);
#505 = CARTESIAN_POINT('',(46.3,166.90673326026,42.381397208143));
#506 = DIRECTION('',(1.,5.318914247286E-16,6.661338147751E-16));
#507 = DIRECTION('',(-6.661338147751E-16,7.495338295473E-15,1.));
#508 = DEFINITIONAL_REPRESENTATION('',(#509),#513);
#509 = LINE('',#510,#511);
#510 = CARTESIAN_POINT('',(6.28318530718,0.));
#511 = VECTOR('',#512,1.);
#512 = DIRECTION('',(0.,1.));
#513 = ( GEOMETRIC_REPRESENTATION_CONTEXT(2) 
PARAMETRIC_REPRESENTATION_CONTEXT() REPRESENTATION_CONTEXT('2D SPACE',''
  ) );
#514 = PCURVE('',#515,#520);
#515 = CYLINDRICAL_SURFACE('',#516,3.1);
#516 = AXIS2_PLACEMENT_3D('',#517,#518,#519);
#517 = CARTESIAN_POINT('',(46.3,166.90673326026,42.381397208143));
#518 = DIRECTION('',(1.,5.318914247286E-16,6.661338147751E-16));
#519 = DIRECTION('',(-6.661338147751E-16,7.495338295473E-15,1.));
#520 = DEFINITIONAL_REPRESENTATION('',(#521),#525);
#521 = LINE('',#522,#523);
#522 = CARTESIAN_POINT('',(0.,0.));
#523 = VECTOR('',#524,1.);
#524 = DIRECTION('',(0.,1.));
#525 = ( GEOMETRIC_REPRESENTATION_CONTEXT(2) 
PARAMETRIC_REPRESENTATION_CONTEXT() REPRESENTATION_CONTEXT('2D SPACE',''
  ) );
#526 = ORIENTED_EDGE('',*,*,#527,.F.);
#527 = EDGE_CURVE('',#528,#495,#530,.T.);
#528 = VERTEX_POINT('',#529);
#529 = CARTESIAN_POINT('',(47.5,166.90673326026,39.281397208143));
#530 = SURFACE_CURVE('',#531,(#536,#543),.PCURVE_S1.);
#531 = CIRCLE('',#532,3.1);
#532 = AXIS2_PLACEMENT_3D('',#533,#534,#535);
#533 = CARTESIAN_POINT('',(47.5,166.90673326026,42.381397208143));
#534 = DIRECTION('',(1.,5.318914247286E-16,6.661338147751E-16));
#535 = DIRECTION('',(-6.661338147751E-16,7.495338295473E-15,1.));
#536 = PCURVE('',#503,#537);
#537 = DEFINITIONAL_REPRESENTATION('',(#538),#542);
#538 = LINE('',#539,#540);
#539 = CARTESIAN_POINT('',(0.,1.2));
#540 = VECTOR('',#541,1.);
#541 = DIRECTION('',(1.,0.));
#542 = ( GEOMETRIC_REPRESENTATION_CONTEXT(2) 
PARAMETRIC_REPRESENTATION_CONTEXT() REPRESENTATION_CONTEXT('2D SPACE',''
  ) );
#543 = PCURVE('',#282,#544);
#544 = DEFINITIONAL_REPRESENTATION('',(#545),#549);
#545 = CIRCLE('',#546,3.1);
#546 = AXIS2_PLACEMENT_2D('',#547,#548);
#547 = CARTESIAN_POINT('',(-5.25,9.093266739737));
#548 = DIRECTION('',(1.,0.));
#549 = ( GEOMETRIC_REPRESENTATION_CONTEXT(2) 
PARAMETRIC_REPRESENTATION_CONTEXT() REPRESENTATION_CONTEXT('2D SPACE',''
  ) );
#550 = ORIENTED_EDGE('',*,*,#551,.F.);
#551 = EDGE_CURVE('',#552,#528,#554,.T.);
#552 = VERTEX_POINT('',#553);
#553 = CARTESIAN_POINT('',(46.3,166.90673326026,39.281397208143));
#554 = SURFACE_CURVE('',#555,(#559,#566),.PCURVE_S1.);
#555 = LINE('',#556,#557);
#556 = CARTESIAN_POINT('',(46.3,166.90673326026,39.281397208143));
#557 = VECTOR('',#558,1.);
#558 = DIRECTION('',(1.,5.318914247286E-16,6.661338147751E-16));
#559 = PCURVE('',#503,#560);
#560 = DEFINITIONAL_REPRESENTATION('',(#561),#565);
#561 = LINE('',#562,#563);
#562 = CARTESIAN_POINT('',(3.14159265359,0.));
#563 = VECTOR('',#564,1.);
#564 = DIRECTION('',(0.,1.));
#565 = ( GEOMETRIC_REPRESENTATION_CONTEXT(2) 
PARAMETRIC_REPRESENTATION_CONTEXT() REPRESENTATION_CONTEXT('2D SPACE',''
  ) );
#566 = PCURVE('',#515,#567);
#567 = DEFINITIONAL_REPRESENTATION('',(#568),#572);
#568 = LINE('',#569,#570);
#569 = CARTESIAN_POINT('',(3.14159265359,0.));
#570 = VECTOR('',#571,1.);
#571 = DIRECTION('',(0.,1.));
#572 = ( GEOMETRIC_REPRESENTATION_CONTEXT(2) 
PARAMETRIC_REPRESENTATION_CONTEXT() REPRESENTATION_CONTEXT('2D SPACE',''
  ) );
#573 = ORIENTED_EDGE('',*,*,#574,.T.);
#574 = EDGE_CURVE('',#552,#493,#575,.T.);
#575 = SURFACE_CURVE('',#576,(#581,#588),.PCURVE_S1.);
#576 = CIRCLE('',#577,3.1);
#577 = AXIS2_PLACEMENT_3D('',#578,#579,#580);
#578 = CARTESIAN_POINT('',(46.3,166.90673326026,42.381397208143));
#579 = DIRECTION('',(1.,5.318914247286E-16,6.661338147751E-16));
#580 = DIRECTION('',(-6.661338147751E-16,7.495338295473E-15,1.));
#581 = PCURVE('',#503,#582);
#582 = DEFINITIONAL_REPRESENTATION('',(#583),#587);
#583 = LINE('',#584,#585);
#584 = CARTESIAN_POINT('',(0.,0.));
#585 = VECTOR('',#586,1.);
#586 = DIRECTION('',(1.,0.));
#587 = ( GEOMETRIC_REPRESENTATION_CONTEXT(2) 
PARAMETRIC_REPRESENTATION_CONTEXT() REPRESENTATION_CONTEXT('2D SPACE',''
  ) );
#588 = PCURVE('',#589,#594);
#589 = PLANE('',#590);
#590 = AXIS2_PLACEMENT_3D('',#591,#592,#593);
#591 = CARTESIAN_POINT('',(46.3,166.90673326026,42.381397208143));
#592 = DIRECTION('',(1.,5.318914247286E-16,6.661338147751E-16));
#593 = DIRECTION('',(-6.661338147751E-16,7.495338295473E-15,1.));
#594 = DEFINITIONAL_REPRESENTATION('',(#595),#599);
#595 = CIRCLE('',#596,3.1);
#596 = AXIS2_PLACEMENT_2D('',#597,#598);
#597 = CARTESIAN_POINT('',(0.,0.));
#598 = DIRECTION('',(1.,0.));
#599 = ( GEOMETRIC_REPRESENTATION_CONTEXT(2) 
PARAMETRIC_REPRESENTATION_CONTEXT() REPRESENTATION_CONTEXT('2D SPACE',''
  ) );
#600 = ADVANCED_FACE('',(#601),#615,.F.);
#601 = FACE_BOUND('',#602,.F.);
#602 = EDGE_LOOP('',(#603,#638,#662,#685));
#603 = ORIENTED_EDGE('',*,*,#604,.T.);
#604 = EDGE_CURVE('',#605,#607,#609,.T.);
#605 = VERTEX_POINT('',#606);
#606 = CARTESIAN_POINT('',(46.3,185.09326673973,45.481397208143));
#607 = VERTEX_POINT('',#608);
#608 = CARTESIAN_POINT('',(47.5,185.09326673973,45.481397208143));
#609 = SURFACE_CURVE('',#610,(#614,#626),.PCURVE_S1.);
#610 = LINE('',#611,#612);
#611 = CARTESIAN_POINT('',(46.3,185.09326673973,45.481397208143));
#612 = VECTOR('',#613,1.);
#613 = DIRECTION('',(1.,5.318914247286E-16,6.661338147751E-16));
#614 = PCURVE('',#615,#620);
#615 = CYLINDRICAL_SURFACE('',#616,3.1);
#616 = AXIS2_PLACEMENT_3D('',#617,#618,#619);
#617 = CARTESIAN_POINT('',(46.3,185.09326673973,42.381397208143));
#618 = DIRECTION('',(1.,5.318914247286E-16,6.661338147751E-16));
#619 = DIRECTION('',(-6.661338147751E-16,7.495338295473E-15,1.));
#620 = DEFINITIONAL_REPRESENTATION('',(#621),#625);
#621 = LINE('',#622,#623);
#622 = CARTESIAN_POINT('',(6.28318530718,0.));
#623 = VECTOR('',#624,1.);
#624 = DIRECTION('',(0.,1.));
#625 = ( GEOMETRIC_REPRESENTATION_CONTEXT(2) 
PARAMETRIC_REPRESENTATION_CONTEXT() REPRESENTATION_CONTEXT('2D SPACE',''
  ) );
#626 = PCURVE('',#627,#632);
#627 = CYLINDRICAL_SURFACE('',#628,3.1);
#628 = AXIS2_PLACEMENT_3D('',#629,#630,#631);
#629 = CARTESIAN_POINT('',(46.3,185.09326673973,42.381397208143));
#630 = DIRECTION('',(1.,5.318914247286E-16,6.661338147751E-16));
#631 = DIRECTION('',(-6.661338147751E-16,7.495338295473E-15,1.));
#632 = DEFINITIONAL_REPRESENTATION('',(#633),#637);
#633 = LINE('',#634,#635);
#634 = CARTESIAN_POINT('',(0.,0.));
#635 = VECTOR('',#636,1.);
#636 = DIRECTION('',(0.,1.));
#637 = ( GEOMETRIC_REPRESENTATION_CONTEXT(2) 
PARAMETRIC_REPRESENTATION_CONTEXT() REPRESENTATION_CONTEXT('2D SPACE',''
  ) );
#638 = ORIENTED_EDGE('',*,*,#639,.F.);
#639 = EDGE_CURVE('',#640,#607,#642,.T.);
#640 = VERTEX_POINT('',#641);
#641 = CARTESIAN_POINT('',(47.5,185.09326673973,39.281397208143));
#642 = SURFACE_CURVE('',#643,(#648,#655),.PCURVE_S1.);
#643 = CIRCLE('',#644,3.1);
#644 = AXIS2_PLACEMENT_3D('',#645,#646,#647);
#645 = CARTESIAN_POINT('',(47.5,185.09326673973,42.381397208143));
#646 = DIRECTION('',(1.,5.318914247286E-16,6.661338147751E-16));
#647 = DIRECTION('',(-6.661338147751E-16,7.495338295473E-15,1.));
#648 = PCURVE('',#615,#649);
#649 = DEFINITIONAL_REPRESENTATION('',(#650),#654);
#650 = LINE('',#651,#652);
#651 = CARTESIAN_POINT('',(0.,1.2));
#652 = VECTOR('',#653,1.);
#653 = DIRECTION('',(1.,0.));
#654 = ( GEOMETRIC_REPRESENTATION_CONTEXT(2) 
PARAMETRIC_REPRESENTATION_CONTEXT() REPRESENTATION_CONTEXT('2D SPACE',''
  ) );
#655 = PCURVE('',#282,#656);
#656 = DEFINITIONAL_REPRESENTATION('',(#657),#661);
#657 = CIRCLE('',#658,3.1);
#658 = AXIS2_PLACEMENT_2D('',#659,#660);
#659 = CARTESIAN_POINT('',(-5.25,-9.093266739737));
#660 = DIRECTION('',(1.,0.));
#661 = ( GEOMETRIC_REPRESENTATION_CONTEXT(2) 
PARAMETRIC_REPRESENTATION_CONTEXT() REPRESENTATION_CONTEXT('2D SPACE',''
  ) );
#662 = ORIENTED_EDGE('',*,*,#663,.F.);
#663 = EDGE_CURVE('',#664,#640,#666,.T.);
#664 = VERTEX_POINT('',#665);
#665 = CARTESIAN_POINT('',(46.3,185.09326673973,39.281397208143));
#666 = SURFACE_CURVE('',#667,(#671,#678),.PCURVE_S1.);
#667 = LINE('',#668,#669);
#668 = CARTESIAN_POINT('',(46.3,185.09326673973,39.281397208143));
#669 = VECTOR('',#670,1.);
#670 = DIRECTION('',(1.,5.318914247286E-16,6.661338147751E-16));
#671 = PCURVE('',#615,#672);
#672 = DEFINITIONAL_REPRESENTATION('',(#673),#677);
#673 = LINE('',#674,#675);
#674 = CARTESIAN_POINT('',(3.14159265359,0.));
#675 = VECTOR('',#676,1.);
#676 = DIRECTION('',(0.,1.));
#677 = ( GEOMETRIC_REPRESENTATION_CONTEXT(2) 
PARAMETRIC_REPRESENTATION_CONTEXT() REPRESENTATION_CONTEXT('2D SPACE',''
  ) );
#678 = PCURVE('',#627,#679);
#679 = DEFINITIONAL_REPRESENTATION('',(#680),#684);
#680 = LINE('',#681,#682);
#681 = CARTESIAN_POINT('',(3.14159265359,0.));
#682 = VECTOR('',#683,1.);
#683 = DIRECTION('',(0.,1.));
#684 = ( GEOMETRIC_REPRESENTATION_CONTEXT(2) 
PARAMETRIC_REPRESENTATION_CONTEXT() REPRESENTATION_CONTEXT('2D SPACE',''
  ) );
#685 = ORIENTED_EDGE('',*,*,#686,.T.);
#686 = EDGE_CURVE('',#664,#605,#687,.T.);
#687 = SURFACE_CURVE('',#688,(#693,#700),.PCURVE_S1.);
#688 = CIRCLE('',#689,3.1);
#689 = AXIS2_PLACEMENT_3D('',#690,#691,#692);
#690 = CARTESIAN_POINT('',(46.3,185.09326673973,42.381397208143));
#691 = DIRECTION('',(1.,5.318914247286E-16,6.661338147751E-16));
#692 = DIRECTION('',(-6.661338147751E-16,7.495338295473E-15,1.));
#693 = PCURVE('',#615,#694);
#694 = DEFINITIONAL_REPRESENTATION('',(#695),#699);
#695 = LINE('',#696,#697);
#696 = CARTESIAN_POINT('',(0.,0.));
#697 = VECTOR('',#698,1.);
#698 = DIRECTION('',(1.,0.));
#699 = ( GEOMETRIC_REPRESENTATION_CONTEXT(2) 
PARAMETRIC_REPRESENTATION_CONTEXT() REPRESENTATION_CONTEXT('2D SPACE',''
  ) );
#700 = PCURVE('',#701,#706);
#701 = PLANE('',#702);
#702 = AXIS2_PLACEMENT_3D('',#703,#704,#705);
#703 = CARTESIAN_POINT('',(46.3,185.09326673973,42.381397208143));
#704 = DIRECTION('',(1.,5.318914247286E-16,6.661338147751E-16));
#705 = DIRECTION('',(-6.661338147751E-16,7.495338295473E-15,1.));
#706 = DEFINITIONAL_REPRESENTATION('',(#707),#711);
#707 = CIRCLE('',#708,3.1);
#708 = AXIS2_PLACEMENT_2D('',#709,#710);
#709 = CARTESIAN_POINT('',(0.,0.));
#710 = DIRECTION('',(1.,0.));
#711 = ( GEOMETRIC_REPRESENTATION_CONTEXT(2) 
PARAMETRIC_REPRESENTATION_CONTEXT() REPRESENTATION_CONTEXT('2D SPACE',''
  ) );
#712 = ADVANCED_FACE('',(#713),#727,.F.);
#713 = FACE_BOUND('',#714,.F.);
#714 = EDGE_LOOP('',(#715,#750,#774,#797));
#715 = ORIENTED_EDGE('',*,*,#716,.T.);
#716 = EDGE_CURVE('',#717,#719,#721,.T.);
#717 = VERTEX_POINT('',#718);
#718 = CARTESIAN_POINT('',(46.3,176.,39.231397208143));
#719 = VERTEX_POINT('',#720);
#720 = CARTESIAN_POINT('',(47.5,176.,39.231397208143));
#721 = SURFACE_CURVE('',#722,(#726,#738),.PCURVE_S1.);
#722 = LINE('',#723,#724);
#723 = CARTESIAN_POINT('',(46.3,176.,39.231397208143));
#724 = VECTOR('',#725,1.);
#725 = DIRECTION('',(1.,5.318914247286E-16,6.661338147751E-16));
#726 = PCURVE('',#727,#732);
#727 = CYLINDRICAL_SURFACE('',#728,3.1);
#728 = AXIS2_PLACEMENT_3D('',#729,#730,#731);
#729 = CARTESIAN_POINT('',(46.3,176.,36.131397208143));
#730 = DIRECTION('',(1.,5.318914247286E-16,6.661338147751E-16));
#731 = DIRECTION('',(-6.661338147751E-16,7.495338295473E-15,1.));
#732 = DEFINITIONAL_REPRESENTATION('',(#733),#737);
#733 = LINE('',#734,#735);
#734 = CARTESIAN_POINT('',(6.28318530718,0.));
#735 = VECTOR('',#736,1.);
#736 = DIRECTION('',(0.,1.));
#737 = ( GEOMETRIC_REPRESENTATION_CONTEXT(2) 
PARAMETRIC_REPRESENTATION_CONTEXT() REPRESENTATION_CONTEXT('2D SPACE',''
  ) );
#738 = PCURVE('',#739,#744);
#739 = CYLINDRICAL_SURFACE('',#740,3.1);
#740 = AXIS2_PLACEMENT_3D('',#741,#742,#743);
#741 = CARTESIAN_POINT('',(46.3,176.,36.131397208143));
#742 = DIRECTION('',(1.,5.318914247286E-16,6.661338147751E-16));
#743 = DIRECTION('',(-6.661338147751E-16,7.495338295473E-15,1.));
#744 = DEFINITIONAL_REPRESENTATION('',(#745),#749);
#745 = LINE('',#746,#747);
#746 = CARTESIAN_POINT('',(0.,0.));
#747 = VECTOR('',#748,1.);
#748 = DIRECTION('',(0.,1.));
#749 = ( GEOMETRIC_REPRESENTATION_CONTEXT(2) 
PARAMETRIC_REPRESENTATION_CONTEXT() REPRESENTATION_CONTEXT('2D SPACE',''
  ) );
#750 = ORIENTED_EDGE('',*,*,#751,.F.);
#751 = EDGE_CURVE('',#752,#719,#754,.T.);
#752 = VERTEX_POINT('',#753);
#753 = CARTESIAN_POINT('',(47.5,176.,33.031397208143));
#754 = SURFACE_CURVE('',#755,(#760,#767),.PCURVE_S1.);
#755 = CIRCLE('',#756,3.1);
#756 = AXIS2_PLACEMENT_3D('',#757,#758,#759);
#757 = CARTESIAN_POINT('',(47.5,176.,36.131397208143));
#758 = DIRECTION('',(1.,5.318914247286E-16,6.661338147751E-16));
#759 = DIRECTION('',(-6.661338147751E-16,7.495338295473E-15,1.));
#760 = PCURVE('',#727,#761);
#761 = DEFINITIONAL_REPRESENTATION('',(#762),#766);
#762 = LINE('',#763,#764);
#763 = CARTESIAN_POINT('',(0.,1.2));
#764 = VECTOR('',#765,1.);
#765 = DIRECTION('',(1.,0.));
#766 = ( GEOMETRIC_REPRESENTATION_CONTEXT(2) 
PARAMETRIC_REPRESENTATION_CONTEXT() REPRESENTATION_CONTEXT('2D SPACE',''
  ) );
#767 = PCURVE('',#282,#768);
#768 = DEFINITIONAL_REPRESENTATION('',(#769),#773);
#769 = CIRCLE('',#770,3.1);
#770 = AXIS2_PLACEMENT_2D('',#771,#772);
#771 = CARTESIAN_POINT('',(-11.5,-2.23345647532E-14));
#772 = DIRECTION('',(1.,0.));
#773 = ( GEOMETRIC_REPRESENTATION_CONTEXT(2) 
PARAMETRIC_REPRESENTATION_CONTEXT() REPRESENTATION_CONTEXT('2D SPACE',''
  ) );
#774 = ORIENTED_EDGE('',*,*,#775,.F.);
#775 = EDGE_CURVE('',#776,#752,#778,.T.);
#776 = VERTEX_POINT('',#777);
#777 = CARTESIAN_POINT('',(46.3,176.,33.031397208143));
#778 = SURFACE_CURVE('',#779,(#783,#790),.PCURVE_S1.);
#779 = LINE('',#780,#781);
#780 = CARTESIAN_POINT('',(46.3,176.,33.031397208143));
#781 = VECTOR('',#782,1.);
#782 = DIRECTION('',(1.,5.318914247286E-16,6.661338147751E-16));
#783 = PCURVE('',#727,#784);
#784 = DEFINITIONAL_REPRESENTATION('',(#785),#789);
#785 = LINE('',#786,#787);
#786 = CARTESIAN_POINT('',(3.14159265359,0.));
#787 = VECTOR('',#788,1.);
#788 = DIRECTION('',(0.,1.));
#789 = ( GEOMETRIC_REPRESENTATION_CONTEXT(2) 
PARAMETRIC_REPRESENTATION_CONTEXT() REPRESENTATION_CONTEXT('2D SPACE',''
  ) );
#790 = PCURVE('',#739,#791);
#791 = DEFINITIONAL_REPRESENTATION('',(#792),#796);
#792 = LINE('',#793,#794);
#793 = CARTESIAN_POINT('',(3.14159265359,0.));
#794 = VECTOR('',#795,1.);
#795 = DIRECTION('',(0.,1.));
#796 = ( GEOMETRIC_REPRESENTATION_CONTEXT(2) 
PARAMETRIC_REPRESENTATION_CONTEXT() REPRESENTATION_CONTEXT('2D SPACE',''
  ) );
#797 = ORIENTED_EDGE('',*,*,#798,.T.);
#798 = EDGE_CURVE('',#776,#717,#799,.T.);
#799 = SURFACE_CURVE('',#800,(#805,#812),.PCURVE_S1.);
#800 = CIRCLE('',#801,3.1);
#801 = AXIS2_PLACEMENT_3D('',#802,#803,#804);
#802 = CARTESIAN_POINT('',(46.3,176.,36.131397208143));
#803 = DIRECTION('',(1.,5.318914247286E-16,6.661338147751E-16));
#804 = DIRECTION('',(-6.661338147751E-16,7.495338295473E-15,1.));
#805 = PCURVE('',#727,#806);
#806 = DEFINITIONAL_REPRESENTATION('',(#807),#811);
#807 = LINE('',#808,#809);
#808 = CARTESIAN_POINT('',(0.,0.));
#809 = VECTOR('',#810,1.);
#810 = DIRECTION('',(1.,0.));
#811 = ( GEOMETRIC_REPRESENTATION_CONTEXT(2) 
PARAMETRIC_REPRESENTATION_CONTEXT() REPRESENTATION_CONTEXT('2D SPACE',''
  ) );
#812 = PCURVE('',#813,#818);
#813 = PLANE('',#814);
#814 = AXIS2_PLACEMENT_3D('',#815,#816,#817);
#815 = CARTESIAN_POINT('',(46.3,176.,36.131397208143));
#816 = DIRECTION('',(1.,5.318914247286E-16,6.661338147751E-16));
#817 = DIRECTION('',(-6.661338147751E-16,7.495338295473E-15,1.));
#818 = DEFINITIONAL_REPRESENTATION('',(#819),#823);
#819 = CIRCLE('',#820,3.1);
#820 = AXIS2_PLACEMENT_2D('',#821,#822);
#821 = CARTESIAN_POINT('',(0.,0.));
#822 = DIRECTION('',(1.,0.));
#823 = ( GEOMETRIC_REPRESENTATION_CONTEXT(2) 
PARAMETRIC_REPRESENTATION_CONTEXT() REPRESENTATION_CONTEXT('2D SPACE',''
  ) );
#824 = ADVANCED_FACE('',(#825),#839,.F.);
#825 = FACE_BOUND('',#826,.F.);
#826 = EDGE_LOOP('',(#827,#862,#886,#909));
#827 = ORIENTED_EDGE('',*,*,#828,.T.);
#828 = EDGE_CURVE('',#829,#831,#833,.T.);
#829 = VERTEX_POINT('',#830);
#830 = CARTESIAN_POINT('',(46.3,185.95929214352,56.481397208143));
#831 = VERTEX_POINT('',#832);
#832 = CARTESIAN_POINT('',(47.5,185.95929214352,56.481397208143));
#833 = SURFACE_CURVE('',#834,(#838,#850),.PCURVE_S1.);
#834 = LINE('',#835,#836);
#835 = CARTESIAN_POINT('',(46.3,185.95929214352,56.481397208143));
#836 = VECTOR('',#837,1.);
#837 = DIRECTION('',(1.,5.318914247286E-16,6.661338147751E-16));
#838 = PCURVE('',#839,#844);
#839 = CYLINDRICAL_SURFACE('',#840,3.1);
#840 = AXIS2_PLACEMENT_3D('',#841,#842,#843);
#841 = CARTESIAN_POINT('',(46.3,185.95929214352,53.381397208143));
#842 = DIRECTION('',(1.,5.318914247286E-16,6.661338147751E-16));
#843 = DIRECTION('',(-6.661338147751E-16,7.495338295473E-15,1.));
#844 = DEFINITIONAL_REPRESENTATION('',(#845),#849);
#845 = LINE('',#846,#847);
#846 = CARTESIAN_POINT('',(6.28318530718,0.));
#847 = VECTOR('',#848,1.);
#848 = DIRECTION('',(0.,1.));
#849 = ( GEOMETRIC_REPRESENTATION_CONTEXT(2) 
PARAMETRIC_REPRESENTATION_CONTEXT() REPRESENTATION_CONTEXT('2D SPACE',''
  ) );
#850 = PCURVE('',#851,#856);
#851 = CYLINDRICAL_SURFACE('',#852,3.1);
#852 = AXIS2_PLACEMENT_3D('',#853,#854,#855);
#853 = CARTESIAN_POINT('',(46.3,185.95929214352,53.381397208143));
#854 = DIRECTION('',(1.,5.318914247286E-16,6.661338147751E-16));
#855 = DIRECTION('',(-6.661338147751E-16,7.495338295473E-15,1.));
#856 = DEFINITIONAL_REPRESENTATION('',(#857),#861);
#857 = LINE('',#858,#859);
#858 = CARTESIAN_POINT('',(0.,0.));
#859 = VECTOR('',#860,1.);
#860 = DIRECTION('',(0.,1.));
#861 = ( GEOMETRIC_REPRESENTATION_CONTEXT(2) 
PARAMETRIC_REPRESENTATION_CONTEXT() REPRESENTATION_CONTEXT('2D SPACE',''
  ) );
#862 = ORIENTED_EDGE('',*,*,#863,.F.);
#863 = EDGE_CURVE('',#864,#831,#866,.T.);
#864 = VERTEX_POINT('',#865);
#865 = CARTESIAN_POINT('',(47.5,185.95929214352,50.281397208143));
#866 = SURFACE_CURVE('',#867,(#872,#879),.PCURVE_S1.);
#867 = CIRCLE('',#868,3.1);
#868 = AXIS2_PLACEMENT_3D('',#869,#870,#871);
#869 = CARTESIAN_POINT('',(47.5,185.95929214352,53.381397208143));
#870 = DIRECTION('',(1.,5.318914247286E-16,6.661338147751E-16));
#871 = DIRECTION('',(-6.661338147751E-16,7.495338295473E-15,1.));
#872 = PCURVE('',#839,#873);
#873 = DEFINITIONAL_REPRESENTATION('',(#874),#878);
#874 = LINE('',#875,#876);
#875 = CARTESIAN_POINT('',(0.,1.2));
#876 = VECTOR('',#877,1.);
#877 = DIRECTION('',(1.,0.));
#878 = ( GEOMETRIC_REPRESENTATION_CONTEXT(2) 
PARAMETRIC_REPRESENTATION_CONTEXT() REPRESENTATION_CONTEXT('2D SPACE',''
  ) );
#879 = PCURVE('',#282,#880);
#880 = DEFINITIONAL_REPRESENTATION('',(#881),#885);
#881 = CIRCLE('',#882,3.1);
#882 = AXIS2_PLACEMENT_2D('',#883,#884);
#883 = CARTESIAN_POINT('',(5.75,-9.959292143521));
#884 = DIRECTION('',(1.,0.));
#885 = ( GEOMETRIC_REPRESENTATION_CONTEXT(2) 
PARAMETRIC_REPRESENTATION_CONTEXT() REPRESENTATION_CONTEXT('2D SPACE',''
  ) );
#886 = ORIENTED_EDGE('',*,*,#887,.F.);
#887 = EDGE_CURVE('',#888,#864,#890,.T.);
#888 = VERTEX_POINT('',#889);
#889 = CARTESIAN_POINT('',(46.3,185.95929214352,50.281397208143));
#890 = SURFACE_CURVE('',#891,(#895,#902),.PCURVE_S1.);
#891 = LINE('',#892,#893);
#892 = CARTESIAN_POINT('',(46.3,185.95929214352,50.281397208143));
#893 = VECTOR('',#894,1.);
#894 = DIRECTION('',(1.,5.318914247286E-16,6.661338147751E-16));
#895 = PCURVE('',#839,#896);
#896 = DEFINITIONAL_REPRESENTATION('',(#897),#901);
#897 = LINE('',#898,#899);
#898 = CARTESIAN_POINT('',(3.14159265359,0.));
#899 = VECTOR('',#900,1.);
#900 = DIRECTION('',(0.,1.));
#901 = ( GEOMETRIC_REPRESENTATION_CONTEXT(2) 
PARAMETRIC_REPRESENTATION_CONTEXT() REPRESENTATION_CONTEXT('2D SPACE',''
  ) );
#902 = PCURVE('',#851,#903);
#903 = DEFINITIONAL_REPRESENTATION('',(#904),#908);
#904 = LINE('',#905,#906);
#905 = CARTESIAN_POINT('',(3.14159265359,0.));
#906 = VECTOR('',#907,1.);
#907 = DIRECTION('',(0.,1.));
#908 = ( GEOMETRIC_REPRESENTATION_CONTEXT(2) 
PARAMETRIC_REPRESENTATION_CONTEXT() REPRESENTATION_CONTEXT('2D SPACE',''
  ) );
#909 = ORIENTED_EDGE('',*,*,#910,.T.);
#910 = EDGE_CURVE('',#888,#829,#911,.T.);
#911 = SURFACE_CURVE('',#912,(#917,#924),.PCURVE_S1.);
#912 = CIRCLE('',#913,3.1);
#913 = AXIS2_PLACEMENT_3D('',#914,#915,#916);
#914 = CARTESIAN_POINT('',(46.3,185.95929214352,53.381397208143));
#915 = DIRECTION('',(1.,5.318914247286E-16,6.661338147751E-16));
#916 = DIRECTION('',(-6.661338147751E-16,7.495338295473E-15,1.));
#917 = PCURVE('',#839,#918);
#918 = DEFINITIONAL_REPRESENTATION('',(#919),#923);
#919 = LINE('',#920,#921);
#920 = CARTESIAN_POINT('',(0.,0.));
#921 = VECTOR('',#922,1.);
#922 = DIRECTION('',(1.,0.));
#923 = ( GEOMETRIC_REPRESENTATION_CONTEXT(2) 
PARAMETRIC_REPRESENTATION_CONTEXT() REPRESENTATION_CONTEXT('2D SPACE',''
  ) );
#924 = PCURVE('',#925,#930);
#925 = PLANE('',#926);
#926 = AXIS2_PLACEMENT_3D('',#927,#928,#929);
#927 = CARTESIAN_POINT('',(46.3,185.95929214352,53.381397208143));
#928 = DIRECTION('',(1.,5.318914247286E-16,6.661338147751E-16));
#929 = DIRECTION('',(-6.661338147751E-16,7.495338295473E-15,1.));
#930 = DEFINITIONAL_REPRESENTATION('',(#931),#935);
#931 = CIRCLE('',#932,3.1);
#932 = AXIS2_PLACEMENT_2D('',#933,#934);
#933 = CARTESIAN_POINT('',(0.,0.));
#934 = DIRECTION('',(1.,0.));
#935 = ( GEOMETRIC_REPRESENTATION_CONTEXT(2) 
PARAMETRIC_REPRESENTATION_CONTEXT() REPRESENTATION_CONTEXT('2D SPACE',''
  ) );
#936 = ADVANCED_FACE('',(#937),#951,.F.);
#937 = FACE_BOUND('',#938,.F.);
#938 = EDGE_LOOP('',(#939,#974,#998,#1021));
#939 = ORIENTED_EDGE('',*,*,#940,.T.);
#940 = EDGE_CURVE('',#941,#943,#945,.T.);
#941 = VERTEX_POINT('',#942);
#942 = CARTESIAN_POINT('',(46.3,176.,61.231397208143));
#943 = VERTEX_POINT('',#944);
#944 = CARTESIAN_POINT('',(47.5,176.,61.231397208143));
#945 = SURFACE_CURVE('',#946,(#950,#962),.PCURVE_S1.);
#946 = LINE('',#947,#948);
#947 = CARTESIAN_POINT('',(46.3,176.,61.231397208143));
#948 = VECTOR('',#949,1.);
#949 = DIRECTION('',(1.,5.318914247286E-16,6.661338147751E-16));
#950 = PCURVE('',#951,#956);
#951 = CYLINDRICAL_SURFACE('',#952,3.1);
#952 = AXIS2_PLACEMENT_3D('',#953,#954,#955);
#953 = CARTESIAN_POINT('',(46.3,176.,58.131397208143));
#954 = DIRECTION('',(1.,5.318914247286E-16,6.661338147751E-16));
#955 = DIRECTION('',(-6.661338147751E-16,7.495338295473E-15,1.));
#956 = DEFINITIONAL_REPRESENTATION('',(#957),#961);
#957 = LINE('',#958,#959);
#958 = CARTESIAN_POINT('',(6.28318530718,0.));
#959 = VECTOR('',#960,1.);
#960 = DIRECTION('',(0.,1.));
#961 = ( GEOMETRIC_REPRESENTATION_CONTEXT(2) 
PARAMETRIC_REPRESENTATION_CONTEXT() REPRESENTATION_CONTEXT('2D SPACE',''
  ) );
#962 = PCURVE('',#963,#968);
#963 = CYLINDRICAL_SURFACE('',#964,3.1);
#964 = AXIS2_PLACEMENT_3D('',#965,#966,#967);
#965 = CARTESIAN_POINT('',(46.3,176.,58.131397208143));
#966 = DIRECTION('',(1.,5.318914247286E-16,6.661338147751E-16));
#967 = DIRECTION('',(-6.661338147751E-16,7.495338295473E-15,1.));
#968 = DEFINITIONAL_REPRESENTATION('',(#969),#973);
#969 = LINE('',#970,#971);
#970 = CARTESIAN_POINT('',(0.,0.));
#971 = VECTOR('',#972,1.);
#972 = DIRECTION('',(0.,1.));
#973 = ( GEOMETRIC_REPRESENTATION_CONTEXT(2) 
PARAMETRIC_REPRESENTATION_CONTEXT() REPRESENTATION_CONTEXT('2D SPACE',''
  ) );
#974 = ORIENTED_EDGE('',*,*,#975,.F.);
#975 = EDGE_CURVE('',#976,#943,#978,.T.);
#976 = VERTEX_POINT('',#977);
#977 = CARTESIAN_POINT('',(47.5,176.,55.031397208143));
#978 = SURFACE_CURVE('',#979,(#984,#991),.PCURVE_S1.);
#979 = CIRCLE('',#980,3.1);
#980 = AXIS2_PLACEMENT_3D('',#981,#982,#983);
#981 = CARTESIAN_POINT('',(47.5,176.,58.131397208143));
#982 = DIRECTION('',(1.,5.318914247286E-16,6.661338147751E-16));
#983 = DIRECTION('',(-6.661338147751E-16,7.495338295473E-15,1.));
#984 = PCURVE('',#951,#985);
#985 = DEFINITIONAL_REPRESENTATION('',(#986),#990);
#986 = LINE('',#987,#988);
#987 = CARTESIAN_POINT('',(0.,1.2));
#988 = VECTOR('',#989,1.);
#989 = DIRECTION('',(1.,0.));
#990 = ( GEOMETRIC_REPRESENTATION_CONTEXT(2) 
PARAMETRIC_REPRESENTATION_CONTEXT() REPRESENTATION_CONTEXT('2D SPACE',''
  ) );
#991 = PCURVE('',#282,#992);
#992 = DEFINITIONAL_REPRESENTATION('',(#993),#997);
#993 = CIRCLE('',#994,3.1);
#994 = AXIS2_PLACEMENT_2D('',#995,#996);
#995 = CARTESIAN_POINT('',(10.5,0.));
#996 = DIRECTION('',(1.,0.));
#997 = ( GEOMETRIC_REPRESENTATION_CONTEXT(2) 
PARAMETRIC_REPRESENTATION_CONTEXT() REPRESENTATION_CONTEXT('2D SPACE',''
  ) );
#998 = ORIENTED_EDGE('',*,*,#999,.F.);
#999 = EDGE_CURVE('',#1000,#976,#1002,.T.);
#1000 = VERTEX_POINT('',#1001);
#1001 = CARTESIAN_POINT('',(46.3,176.,55.031397208143));
#1002 = SURFACE_CURVE('',#1003,(#1007,#1014),.PCURVE_S1.);
#1003 = LINE('',#1004,#1005);
#1004 = CARTESIAN_POINT('',(46.3,176.,55.031397208143));
#1005 = VECTOR('',#1006,1.);
#1006 = DIRECTION('',(1.,5.318914247286E-16,6.661338147751E-16));
#1007 = PCURVE('',#951,#1008);
#1008 = DEFINITIONAL_REPRESENTATION('',(#1009),#1013);
#1009 = LINE('',#1010,#1011);
#1010 = CARTESIAN_POINT('',(3.14159265359,0.));
#1011 = VECTOR('',#1012,1.);
#1012 = DIRECTION('',(0.,1.));
#1013 = ( GEOMETRIC_REPRESENTATION_CONTEXT(2) 
PARAMETRIC_REPRESENTATION_CONTEXT() REPRESENTATION_CONTEXT('2D SPACE',''
  ) );
#1014 = PCURVE('',#963,#1015);
#1015 = DEFINITIONAL_REPRESENTATION('',(#1016),#1020);
#1016 = LINE('',#1017,#1018);
#1017 = CARTESIAN_POINT('',(3.14159265359,0.));
#1018 = VECTOR('',#1019,1.);
#1019 = DIRECTION('',(0.,1.));
#1020 = ( GEOMETRIC_REPRESENTATION_CONTEXT(2) 
PARAMETRIC_REPRESENTATION_CONTEXT() REPRESENTATION_CONTEXT('2D SPACE',''
  ) );
#1021 = ORIENTED_EDGE('',*,*,#1022,.T.);
#1022 = EDGE_CURVE('',#1000,#941,#1023,.T.);
#1023 = SURFACE_CURVE('',#1024,(#1029,#1036),.PCURVE_S1.);
#1024 = CIRCLE('',#1025,3.1);
#1025 = AXIS2_PLACEMENT_3D('',#1026,#1027,#1028);
#1026 = CARTESIAN_POINT('',(46.3,176.,58.131397208143));
#1027 = DIRECTION('',(1.,5.318914247286E-16,6.661338147751E-16));
#1028 = DIRECTION('',(-6.661338147751E-16,7.495338295473E-15,1.));
#1029 = PCURVE('',#951,#1030);
#1030 = DEFINITIONAL_REPRESENTATION('',(#1031),#1035);
#1031 = LINE('',#1032,#1033);
#1032 = CARTESIAN_POINT('',(0.,0.));
#1033 = VECTOR('',#1034,1.);
#1034 = DIRECTION('',(1.,0.));
#1035 = ( GEOMETRIC_REPRESENTATION_CONTEXT(2) 
PARAMETRIC_REPRESENTATION_CONTEXT() REPRESENTATION_CONTEXT('2D SPACE',''
  ) );
#1036 = PCURVE('',#1037,#1042);
#1037 = PLANE('',#1038);
#1038 = AXIS2_PLACEMENT_3D('',#1039,#1040,#1041);
#1039 = CARTESIAN_POINT('',(46.3,176.,58.131397208143));
#1040 = DIRECTION('',(1.,5.318914247286E-16,6.661338147751E-16));
#1041 = DIRECTION('',(-6.661338147751E-16,7.495338295473E-15,1.));
#1042 = DEFINITIONAL_REPRESENTATION('',(#1043),#1047);
#1043 = CIRCLE('',#1044,3.1);
#1044 = AXIS2_PLACEMENT_2D('',#1045,#1046);
#1045 = CARTESIAN_POINT('',(0.,0.));
#1046 = DIRECTION('',(1.,0.));
#1047 = ( GEOMETRIC_REPRESENTATION_CONTEXT(2) 
PARAMETRIC_REPRESENTATION_CONTEXT() REPRESENTATION_CONTEXT('2D SPACE',''
  ) );
#1048 = ADVANCED_FACE('',(#1049),#1063,.F.);
#1049 = FACE_BOUND('',#1050,.F.);
#1050 = EDGE_LOOP('',(#1051,#1086,#1119,#1147));
#1051 = ORIENTED_EDGE('',*,*,#1052,.T.);
#1052 = EDGE_CURVE('',#1053,#1055,#1057,.T.);
#1053 = VERTEX_POINT('',#1054);
#1054 = CARTESIAN_POINT('',(7.575635395031,164.04875536349,
    161.13139720814));
#1055 = VERTEX_POINT('',#1056);
#1056 = CARTESIAN_POINT('',(7.575635395031,164.04875536349,
    163.63139720814));
#1057 = SURFACE_CURVE('',#1058,(#1062,#1074),.PCURVE_S1.);
#1058 = LINE('',#1059,#1060);
#1059 = CARTESIAN_POINT('',(7.575635395031,164.04875536349,
    162.38139720814));
#1060 = VECTOR('',#1061,1.);
#1061 = DIRECTION('',(-6.661338147751E-16,7.495338295473E-15,1.));
#1062 = PCURVE('',#1063,#1068);
#1063 = CYLINDRICAL_SURFACE('',#1064,14.15);
#1064 = AXIS2_PLACEMENT_3D('',#1065,#1066,#1067);
#1065 = CARTESIAN_POINT('',(-1.06581410364E-13,176.,161.13139720814));
#1066 = DIRECTION('',(-6.661338147751E-16,7.495338295473E-15,1.));
#1067 = DIRECTION('',(5.318914247286E-16,-1.,7.495338295473E-15));
#1068 = DEFINITIONAL_REPRESENTATION('',(#1069),#1073);
#1069 = LINE('',#1070,#1071);
#1070 = CARTESIAN_POINT('',(0.564958296552,1.25));
#1071 = VECTOR('',#1072,1.);
#1072 = DIRECTION('',(0.,1.));
#1073 = ( GEOMETRIC_REPRESENTATION_CONTEXT(2) 
PARAMETRIC_REPRESENTATION_CONTEXT() REPRESENTATION_CONTEXT('2D SPACE',''
  ) );
#1074 = PCURVE('',#1075,#1080);
#1075 = CYLINDRICAL_SURFACE('',#1076,3.1);
#1076 = AXIS2_PLACEMENT_3D('',#1077,#1078,#1079);
#1077 = CARTESIAN_POINT('',(9.899494936612,166.10050506339,
    159.93139720814));
#1078 = DIRECTION('',(-6.661338147751E-16,7.495338295473E-15,1.));
#1079 = DIRECTION('',(5.318914247286E-16,-1.,7.495338295473E-15));
#1080 = DEFINITIONAL_REPRESENTATION('',(#1081),#1085);
#1081 = LINE('',#1082,#1083);
#1082 = CARTESIAN_POINT('',(5.435679250066,2.45));
#1083 = VECTOR('',#1084,1.);
#1084 = DIRECTION('',(0.,1.));
#1085 = ( GEOMETRIC_REPRESENTATION_CONTEXT(2) 
PARAMETRIC_REPRESENTATION_CONTEXT() REPRESENTATION_CONTEXT('2D SPACE',''
  ) );
#1086 = ORIENTED_EDGE('',*,*,#1087,.F.);
#1087 = EDGE_CURVE('',#1088,#1055,#1090,.T.);
#1088 = VERTEX_POINT('',#1089);
#1089 = CARTESIAN_POINT('',(-9.947598300641E-14,161.85,163.63139720814)
  );
#1090 = SURFACE_CURVE('',#1091,(#1096,#1103),.PCURVE_S1.);
#1091 = CIRCLE('',#1092,14.15);
#1092 = AXIS2_PLACEMENT_3D('',#1093,#1094,#1095);
#1093 = CARTESIAN_POINT('',(-1.06581410364E-13,176.,163.63139720814));
#1094 = DIRECTION('',(-6.661338147751E-16,7.495338295473E-15,1.));
#1095 = DIRECTION('',(5.318914247286E-16,-1.,7.495338295473E-15));
#1096 = PCURVE('',#1063,#1097);
#1097 = DEFINITIONAL_REPRESENTATION('',(#1098),#1102);
#1098 = LINE('',#1099,#1100);
#1099 = CARTESIAN_POINT('',(0.,2.5));
#1100 = VECTOR('',#1101,1.);
#1101 = DIRECTION('',(1.,0.));
#1102 = ( GEOMETRIC_REPRESENTATION_CONTEXT(2) 
PARAMETRIC_REPRESENTATION_CONTEXT() REPRESENTATION_CONTEXT('2D SPACE',''
  ) );
#1103 = PCURVE('',#1104,#1109);
#1104 = PLANE('',#1105);
#1105 = AXIS2_PLACEMENT_3D('',#1106,#1107,#1108);
#1106 = CARTESIAN_POINT('',(41.5,176.,163.63139720814));
#1107 = DIRECTION('',(6.661338147751E-16,-7.495338295473E-15,-1.));
#1108 = DIRECTION('',(-5.318914247286E-16,1.,-7.495338295473E-15));
#1109 = DEFINITIONAL_REPRESENTATION('',(#1110),#1118);
#1110 = ( BOUNDED_CURVE() B_SPLINE_CURVE(2,(#1111,#1112,#1113,#1114,
#1115,#1116,#1117),.UNSPECIFIED.,.T.,.F.) B_SPLINE_CURVE_WITH_KNOTS((1,2
    ,2,2,2,1),(-2.094395102393,0.,2.094395102393,4.188790204786,
6.28318530718,8.377580409573),.UNSPECIFIED.) CURVE() 
GEOMETRIC_REPRESENTATION_ITEM() RATIONAL_B_SPLINE_CURVE((1.,0.5,1.,0.5,
1.,0.5,1.)) REPRESENTATION_ITEM('') );
#1111 = CARTESIAN_POINT('',(-14.15,-41.5));
#1112 = CARTESIAN_POINT('',(-14.15,-16.9914810729));
#1113 = CARTESIAN_POINT('',(7.075,-29.24574053645));
#1114 = CARTESIAN_POINT('',(28.3,-41.5));
#1115 = CARTESIAN_POINT('',(7.075,-53.75425946355));
#1116 = CARTESIAN_POINT('',(-14.15,-66.0085189271));
#1117 = CARTESIAN_POINT('',(-14.15,-41.5));
#1118 = ( GEOMETRIC_REPRESENTATION_CONTEXT(2) 
PARAMETRIC_REPRESENTATION_CONTEXT() REPRESENTATION_CONTEXT('2D SPACE',''
  ) );
#1119 = ORIENTED_EDGE('',*,*,#1120,.F.);
#1120 = EDGE_CURVE('',#1121,#1088,#1123,.T.);
#1121 = VERTEX_POINT('',#1122);
#1122 = CARTESIAN_POINT('',(-9.947598300641E-14,161.85,161.13139720814)
  );
#1123 = SURFACE_CURVE('',#1124,(#1128,#1135),.PCURVE_S1.);
#1124 = LINE('',#1125,#1126);
#1125 = CARTESIAN_POINT('',(-9.947598300641E-14,161.85,161.13139720814)
  );
#1126 = VECTOR('',#1127,1.);
#1127 = DIRECTION('',(-6.661338147751E-16,7.495338295473E-15,1.));
#1128 = PCURVE('',#1063,#1129);
#1129 = DEFINITIONAL_REPRESENTATION('',(#1130),#1134);
#1130 = LINE('',#1131,#1132);
#1131 = CARTESIAN_POINT('',(0.,0.));
#1132 = VECTOR('',#1133,1.);
#1133 = DIRECTION('',(0.,1.));
#1134 = ( GEOMETRIC_REPRESENTATION_CONTEXT(2) 
PARAMETRIC_REPRESENTATION_CONTEXT() REPRESENTATION_CONTEXT('2D SPACE',''
  ) );
#1135 = PCURVE('',#1136,#1141);
#1136 = CYLINDRICAL_SURFACE('',#1137,14.15);
#1137 = AXIS2_PLACEMENT_3D('',#1138,#1139,#1140);
#1138 = CARTESIAN_POINT('',(-1.06581410364E-13,176.,161.13139720814));
#1139 = DIRECTION('',(-6.661338147751E-16,7.495338295473E-15,1.));
#1140 = DIRECTION('',(5.318914247286E-16,-1.,7.495338295473E-15));
#1141 = DEFINITIONAL_REPRESENTATION('',(#1142),#1146);
#1142 = LINE('',#1143,#1144);
#1143 = CARTESIAN_POINT('',(6.28318530718,0.));
#1144 = VECTOR('',#1145,1.);
#1145 = DIRECTION('',(0.,1.));
#1146 = ( GEOMETRIC_REPRESENTATION_CONTEXT(2) 
PARAMETRIC_REPRESENTATION_CONTEXT() REPRESENTATION_CONTEXT('2D SPACE',''
  ) );
#1147 = ORIENTED_EDGE('',*,*,#1148,.T.);
#1148 = EDGE_CURVE('',#1121,#1053,#1149,.T.);
#1149 = SURFACE_CURVE('',#1150,(#1155,#1162),.PCURVE_S1.);
#1150 = CIRCLE('',#1151,14.15);
#1151 = AXIS2_PLACEMENT_3D('',#1152,#1153,#1154);
#1152 = CARTESIAN_POINT('',(-1.06581410364E-13,176.,161.13139720814));
#1153 = DIRECTION('',(-6.661338147751E-16,7.495338295473E-15,1.));
#1154 = DIRECTION('',(5.318914247286E-16,-1.,7.495338295473E-15));
#1155 = PCURVE('',#1063,#1156);
#1156 = DEFINITIONAL_REPRESENTATION('',(#1157),#1161);
#1157 = LINE('',#1158,#1159);
#1158 = CARTESIAN_POINT('',(0.,0.));
#1159 = VECTOR('',#1160,1.);
#1160 = DIRECTION('',(1.,0.));
#1161 = ( GEOMETRIC_REPRESENTATION_CONTEXT(2) 
PARAMETRIC_REPRESENTATION_CONTEXT() REPRESENTATION_CONTEXT('2D SPACE',''
  ) );
#1162 = PCURVE('',#1163,#1168);
#1163 = PLANE('',#1164);
#1164 = AXIS2_PLACEMENT_3D('',#1165,#1166,#1167);
#1165 = CARTESIAN_POINT('',(-1.06581410364E-13,176.,161.13139720814));
#1166 = DIRECTION('',(-6.661338147751E-16,7.495338295473E-15,1.));
#1167 = DIRECTION('',(5.318914247286E-16,-1.,7.495338295473E-15));
#1168 = DEFINITIONAL_REPRESENTATION('',(#1169),#1173);
#1169 = CIRCLE('',#1170,14.15);
#1170 = AXIS2_PLACEMENT_2D('',#1171,#1172);
#1171 = CARTESIAN_POINT('',(0.,0.));
#1172 = DIRECTION('',(1.,0.));
#1173 = ( GEOMETRIC_REPRESENTATION_CONTEXT(2) 
PARAMETRIC_REPRESENTATION_CONTEXT() REPRESENTATION_CONTEXT('2D SPACE',''
  ) );
#1174 = ADVANCED_FACE('',(#1175),#1189,.F.);
#1175 = FACE_BOUND('',#1176,.F.);
#1176 = EDGE_LOOP('',(#1177,#1212,#1245,#1273));
#1177 = ORIENTED_EDGE('',*,*,#1178,.T.);
#1178 = EDGE_CURVE('',#1179,#1181,#1183,.T.);
#1179 = VERTEX_POINT('',#1180);
#1180 = CARTESIAN_POINT('',(8.808773020685,169.00228481073,
    159.93139720814));
#1181 = VERTEX_POINT('',#1182);
#1182 = CARTESIAN_POINT('',(8.808773020685,169.00228481073,
    161.13139720814));
#1183 = SURFACE_CURVE('',#1184,(#1188,#1200),.PCURVE_S1.);
#1184 = LINE('',#1185,#1186);
#1185 = CARTESIAN_POINT('',(8.808773020685,169.00228481073,
    161.78139720814));
#1186 = VECTOR('',#1187,1.);
#1187 = DIRECTION('',(-6.661338147751E-16,7.495338295473E-15,1.));
#1188 = PCURVE('',#1189,#1194);
#1189 = CYLINDRICAL_SURFACE('',#1190,3.1);
#1190 = AXIS2_PLACEMENT_3D('',#1191,#1192,#1193);
#1191 = CARTESIAN_POINT('',(9.899494936612,166.10050506339,
    159.93139720814));
#1192 = DIRECTION('',(-6.661338147751E-16,7.495338295473E-15,1.));
#1193 = DIRECTION('',(5.318914247286E-16,-1.,7.495338295473E-15));
#1194 = DEFINITIONAL_REPRESENTATION('',(#1195),#1199);
#1195 = LINE('',#1196,#1197);
#1196 = CARTESIAN_POINT('',(3.501134892607,1.85));
#1197 = VECTOR('',#1198,1.);
#1198 = DIRECTION('',(0.,1.));
#1199 = ( GEOMETRIC_REPRESENTATION_CONTEXT(2) 
PARAMETRIC_REPRESENTATION_CONTEXT() REPRESENTATION_CONTEXT('2D SPACE',''
  ) );
#1200 = PCURVE('',#1201,#1206);
#1201 = CYLINDRICAL_SURFACE('',#1202,11.25);
#1202 = AXIS2_PLACEMENT_3D('',#1203,#1204,#1205);
#1203 = CARTESIAN_POINT('',(-1.06581410364E-13,176.,163.63139720814));
#1204 = DIRECTION('',(6.661338147751E-16,-7.495338295473E-15,-1.));
#1205 = DIRECTION('',(-5.318914247286E-16,1.,-7.495338295473E-15));
#1206 = DEFINITIONAL_REPRESENTATION('',(#1207),#1211);
#1207 = LINE('',#1208,#1209);
#1208 = CARTESIAN_POINT('',(2.242115097682,1.85));
#1209 = VECTOR('',#1210,1.);
#1210 = DIRECTION('',(0.,-1.));
#1211 = ( GEOMETRIC_REPRESENTATION_CONTEXT(2) 
PARAMETRIC_REPRESENTATION_CONTEXT() REPRESENTATION_CONTEXT('2D SPACE',''
  ) );
#1212 = ORIENTED_EDGE('',*,*,#1213,.T.);
#1213 = EDGE_CURVE('',#1181,#1214,#1216,.T.);
#1214 = VERTEX_POINT('',#1215);
#1215 = CARTESIAN_POINT('',(9.899494936612,169.20050506339,
    161.13139720814));
#1216 = SURFACE_CURVE('',#1217,(#1222,#1229),.PCURVE_S1.);
#1217 = CIRCLE('',#1218,3.1);
#1218 = AXIS2_PLACEMENT_3D('',#1219,#1220,#1221);
#1219 = CARTESIAN_POINT('',(9.899494936612,166.10050506339,
    161.13139720814));
#1220 = DIRECTION('',(6.661338147751E-16,-7.495338295473E-15,-1.));
#1221 = DIRECTION('',(5.318914247286E-16,-1.,7.495338295473E-15));
#1222 = PCURVE('',#1189,#1223);
#1223 = DEFINITIONAL_REPRESENTATION('',(#1224),#1228);
#1224 = LINE('',#1225,#1226);
#1225 = CARTESIAN_POINT('',(6.28318530718,1.2));
#1226 = VECTOR('',#1227,1.);
#1227 = DIRECTION('',(-1.,0.));
#1228 = ( GEOMETRIC_REPRESENTATION_CONTEXT(2) 
PARAMETRIC_REPRESENTATION_CONTEXT() REPRESENTATION_CONTEXT('2D SPACE',''
  ) );
#1229 = PCURVE('',#1230,#1235);
#1230 = PLANE('',#1231);
#1231 = AXIS2_PLACEMENT_3D('',#1232,#1233,#1234);
#1232 = CARTESIAN_POINT('',(-1.06581410364E-13,176.,161.13139720814));
#1233 = DIRECTION('',(-6.661338147751E-16,7.495338295473E-15,1.));
#1234 = DIRECTION('',(5.318914247286E-16,-1.,7.495338295473E-15));
#1235 = DEFINITIONAL_REPRESENTATION('',(#1236),#1244);
#1236 = ( BOUNDED_CURVE() B_SPLINE_CURVE(2,(#1237,#1238,#1239,#1240,
#1241,#1242,#1243),.UNSPECIFIED.,.T.,.F.) B_SPLINE_CURVE_WITH_KNOTS((1,2
    ,2,2,2,1),(-2.094395102393,0.,2.094395102393,4.188790204786,
6.28318530718,8.377580409573),.UNSPECIFIED.) CURVE() 
GEOMETRIC_REPRESENTATION_ITEM() RATIONAL_B_SPLINE_CURVE((1.,0.5,1.,0.5,
1.,0.5,1.)) REPRESENTATION_ITEM('') );
#1237 = CARTESIAN_POINT('',(12.999494936612,9.899494936612));
#1238 = CARTESIAN_POINT('',(12.999494936612,4.530137433148));
#1239 = CARTESIAN_POINT('',(8.349494936612,7.21481618488));
#1240 = CARTESIAN_POINT('',(3.699494936612,9.899494936612));
#1241 = CARTESIAN_POINT('',(8.349494936612,12.584173688343));
#1242 = CARTESIAN_POINT('',(12.999494936612,15.268852440075));
#1243 = CARTESIAN_POINT('',(12.999494936612,9.899494936612));
#1244 = ( GEOMETRIC_REPRESENTATION_CONTEXT(2) 
PARAMETRIC_REPRESENTATION_CONTEXT() REPRESENTATION_CONTEXT('2D SPACE',''
  ) );
#1245 = ORIENTED_EDGE('',*,*,#1246,.F.);
#1246 = EDGE_CURVE('',#1247,#1214,#1249,.T.);
#1247 = VERTEX_POINT('',#1248);
#1248 = CARTESIAN_POINT('',(9.899494936612,169.20050506339,
    159.93139720814));
#1249 = SURFACE_CURVE('',#1250,(#1254,#1261),.PCURVE_S1.);
#1250 = LINE('',#1251,#1252);
#1251 = CARTESIAN_POINT('',(9.899494936612,169.20050506339,
    159.93139720814));
#1252 = VECTOR('',#1253,1.);
#1253 = DIRECTION('',(-6.661338147751E-16,7.495338295473E-15,1.));
#1254 = PCURVE('',#1189,#1255);
#1255 = DEFINITIONAL_REPRESENTATION('',(#1256),#1260);
#1256 = LINE('',#1257,#1258);
#1257 = CARTESIAN_POINT('',(3.14159265359,0.));
#1258 = VECTOR('',#1259,1.);
#1259 = DIRECTION('',(0.,1.));
#1260 = ( GEOMETRIC_REPRESENTATION_CONTEXT(2) 
PARAMETRIC_REPRESENTATION_CONTEXT() REPRESENTATION_CONTEXT('2D SPACE',''
  ) );
#1261 = PCURVE('',#1262,#1267);
#1262 = CYLINDRICAL_SURFACE('',#1263,3.1);
#1263 = AXIS2_PLACEMENT_3D('',#1264,#1265,#1266);
#1264 = CARTESIAN_POINT('',(9.899494936612,166.10050506339,
    159.93139720814));
#1265 = DIRECTION('',(-6.661338147751E-16,7.495338295473E-15,1.));
#1266 = DIRECTION('',(5.318914247286E-16,-1.,7.495338295473E-15));
#1267 = DEFINITIONAL_REPRESENTATION('',(#1268),#1272);
#1268 = LINE('',#1269,#1270);
#1269 = CARTESIAN_POINT('',(3.14159265359,0.));
#1270 = VECTOR('',#1271,1.);
#1271 = DIRECTION('',(0.,1.));
#1272 = ( GEOMETRIC_REPRESENTATION_CONTEXT(2) 
PARAMETRIC_REPRESENTATION_CONTEXT() REPRESENTATION_CONTEXT('2D SPACE',''
  ) );
#1273 = ORIENTED_EDGE('',*,*,#1274,.T.);
#1274 = EDGE_CURVE('',#1247,#1179,#1275,.T.);
#1275 = SURFACE_CURVE('',#1276,(#1281,#1288),.PCURVE_S1.);
#1276 = CIRCLE('',#1277,3.1);
#1277 = AXIS2_PLACEMENT_3D('',#1278,#1279,#1280);
#1278 = CARTESIAN_POINT('',(9.899494936612,166.10050506339,
    159.93139720814));
#1279 = DIRECTION('',(-6.661338147751E-16,7.495338295473E-15,1.));
#1280 = DIRECTION('',(5.318914247286E-16,-1.,7.495338295473E-15));
#1281 = PCURVE('',#1189,#1282);
#1282 = DEFINITIONAL_REPRESENTATION('',(#1283),#1287);
#1283 = LINE('',#1284,#1285);
#1284 = CARTESIAN_POINT('',(0.,0.));
#1285 = VECTOR('',#1286,1.);
#1286 = DIRECTION('',(1.,0.));
#1287 = ( GEOMETRIC_REPRESENTATION_CONTEXT(2) 
PARAMETRIC_REPRESENTATION_CONTEXT() REPRESENTATION_CONTEXT('2D SPACE',''
  ) );
#1288 = PCURVE('',#1289,#1294);
#1289 = PLANE('',#1290);
#1290 = AXIS2_PLACEMENT_3D('',#1291,#1292,#1293);
#1291 = CARTESIAN_POINT('',(9.899494936612,166.10050506339,
    159.93139720814));
#1292 = DIRECTION('',(-6.661338147751E-16,7.495338295473E-15,1.));
#1293 = DIRECTION('',(5.318914247286E-16,-1.,7.495338295473E-15));
#1294 = DEFINITIONAL_REPRESENTATION('',(#1295),#1299);
#1295 = CIRCLE('',#1296,3.1);
#1296 = AXIS2_PLACEMENT_2D('',#1297,#1298);
#1297 = CARTESIAN_POINT('',(0.,0.));
#1298 = DIRECTION('',(1.,0.));
#1299 = ( GEOMETRIC_REPRESENTATION_CONTEXT(2) 
PARAMETRIC_REPRESENTATION_CONTEXT() REPRESENTATION_CONTEXT('2D SPACE',''
  ) );
#1300 = ADVANCED_FACE('',(#1301),#1262,.F.);
#1301 = FACE_BOUND('',#1302,.F.);
#1302 = EDGE_LOOP('',(#1303,#1331,#1359,#1387,#1410,#1432));
#1303 = ORIENTED_EDGE('',*,*,#1304,.T.);
#1304 = EDGE_CURVE('',#1214,#1305,#1307,.T.);
#1305 = VERTEX_POINT('',#1306);
#1306 = CARTESIAN_POINT('',(11.951244636503,168.42436460497,
    161.13139720814));
#1307 = SURFACE_CURVE('',#1308,(#1313,#1320),.PCURVE_S1.);
#1308 = CIRCLE('',#1309,3.1);
#1309 = AXIS2_PLACEMENT_3D('',#1310,#1311,#1312);
#1310 = CARTESIAN_POINT('',(9.899494936612,166.10050506339,
    161.13139720814));
#1311 = DIRECTION('',(6.661338147751E-16,-7.495338295473E-15,-1.));
#1312 = DIRECTION('',(2.770244296957E-15,-1.,7.495338295473E-15));
#1313 = PCURVE('',#1262,#1314);
#1314 = DEFINITIONAL_REPRESENTATION('',(#1315),#1319);
#1315 = LINE('',#1316,#1317);
#1316 = CARTESIAN_POINT('',(6.28318530718,1.2));
#1317 = VECTOR('',#1318,1.);
#1318 = DIRECTION('',(-1.,0.));
#1319 = ( GEOMETRIC_REPRESENTATION_CONTEXT(2) 
PARAMETRIC_REPRESENTATION_CONTEXT() REPRESENTATION_CONTEXT('2D SPACE',''
  ) );
#1320 = PCURVE('',#1230,#1321);
#1321 = DEFINITIONAL_REPRESENTATION('',(#1322),#1330);
#1322 = ( BOUNDED_CURVE() B_SPLINE_CURVE(2,(#1323,#1324,#1325,#1326,
#1327,#1328,#1329),.UNSPECIFIED.,.T.,.F.) B_SPLINE_CURVE_WITH_KNOTS((1,2
    ,2,2,2,1),(-2.094395102393,0.,2.094395102393,4.188790204786,
6.28318530718,8.377580409573),.UNSPECIFIED.) CURVE() 
GEOMETRIC_REPRESENTATION_ITEM() RATIONAL_B_SPLINE_CURVE((1.,0.5,1.,0.5,
1.,0.5,1.)) REPRESENTATION_ITEM('') );
#1323 = CARTESIAN_POINT('',(12.999494936612,9.899494936612));
#1324 = CARTESIAN_POINT('',(12.999494936612,4.530137433148));
#1325 = CARTESIAN_POINT('',(8.349494936612,7.21481618488));
#1326 = CARTESIAN_POINT('',(3.699494936612,9.899494936612));
#1327 = CARTESIAN_POINT('',(8.349494936612,12.584173688343));
#1328 = CARTESIAN_POINT('',(12.999494936612,15.268852440075));
#1329 = CARTESIAN_POINT('',(12.999494936612,9.899494936612));
#1330 = ( GEOMETRIC_REPRESENTATION_CONTEXT(2) 
PARAMETRIC_REPRESENTATION_CONTEXT() REPRESENTATION_CONTEXT('2D SPACE',''
  ) );
#1331 = ORIENTED_EDGE('',*,*,#1332,.F.);
#1332 = EDGE_CURVE('',#1333,#1305,#1335,.T.);
#1333 = VERTEX_POINT('',#1334);
#1334 = CARTESIAN_POINT('',(11.951244636503,168.42436460497,
    163.63139720814));
#1335 = SURFACE_CURVE('',#1336,(#1340,#1347),.PCURVE_S1.);
#1336 = LINE('',#1337,#1338);
#1337 = CARTESIAN_POINT('',(11.951244636503,168.42436460497,
    162.38139720814));
#1338 = VECTOR('',#1339,1.);
#1339 = DIRECTION('',(6.661338147751E-16,-7.495338295473E-15,-1.));
#1340 = PCURVE('',#1262,#1341);
#1341 = DEFINITIONAL_REPRESENTATION('',(#1342),#1346);
#1342 = LINE('',#1343,#1344);
#1343 = CARTESIAN_POINT('',(2.418302383908,2.45));
#1344 = VECTOR('',#1345,1.);
#1345 = DIRECTION('',(0.,-1.));
#1346 = ( GEOMETRIC_REPRESENTATION_CONTEXT(2) 
PARAMETRIC_REPRESENTATION_CONTEXT() REPRESENTATION_CONTEXT('2D SPACE',''
  ) );
#1347 = PCURVE('',#1348,#1353);
#1348 = CYLINDRICAL_SURFACE('',#1349,14.15);
#1349 = AXIS2_PLACEMENT_3D('',#1350,#1351,#1352);
#1350 = CARTESIAN_POINT('',(-1.06581410364E-13,176.,161.13139720814));
#1351 = DIRECTION('',(-6.661338147751E-16,7.495338295473E-15,1.));
#1352 = DIRECTION('',(5.318914247286E-16,-1.,7.495338295473E-15));
#1353 = DEFINITIONAL_REPRESENTATION('',(#1354),#1358);
#1354 = LINE('',#1355,#1356);
#1355 = CARTESIAN_POINT('',(1.005838030243,1.25));
#1356 = VECTOR('',#1357,1.);
#1357 = DIRECTION('',(0.,-1.));
#1358 = ( GEOMETRIC_REPRESENTATION_CONTEXT(2) 
PARAMETRIC_REPRESENTATION_CONTEXT() REPRESENTATION_CONTEXT('2D SPACE',''
  ) );
#1359 = ORIENTED_EDGE('',*,*,#1360,.F.);
#1360 = EDGE_CURVE('',#1361,#1333,#1363,.T.);
#1361 = VERTEX_POINT('',#1362);
#1362 = CARTESIAN_POINT('',(9.899494936612,163.00050506339,
    163.63139720814));
#1363 = SURFACE_CURVE('',#1364,(#1369,#1376),.PCURVE_S1.);
#1364 = CIRCLE('',#1365,3.1);
#1365 = AXIS2_PLACEMENT_3D('',#1366,#1367,#1368);
#1366 = CARTESIAN_POINT('',(9.899494936612,166.10050506339,
    163.63139720814));
#1367 = DIRECTION('',(-6.661338147751E-16,7.495338295473E-15,1.));
#1368 = DIRECTION('',(5.318914247286E-16,-1.,7.495338295473E-15));
#1369 = PCURVE('',#1262,#1370);
#1370 = DEFINITIONAL_REPRESENTATION('',(#1371),#1375);
#1371 = LINE('',#1372,#1373);
#1372 = CARTESIAN_POINT('',(0.,3.7));
#1373 = VECTOR('',#1374,1.);
#1374 = DIRECTION('',(1.,0.));
#1375 = ( GEOMETRIC_REPRESENTATION_CONTEXT(2) 
PARAMETRIC_REPRESENTATION_CONTEXT() REPRESENTATION_CONTEXT('2D SPACE',''
  ) );
#1376 = PCURVE('',#1104,#1377);
#1377 = DEFINITIONAL_REPRESENTATION('',(#1378),#1386);
#1378 = ( BOUNDED_CURVE() B_SPLINE_CURVE(2,(#1379,#1380,#1381,#1382,
#1383,#1384,#1385),.UNSPECIFIED.,.T.,.F.) B_SPLINE_CURVE_WITH_KNOTS((1,2
    ,2,2,2,1),(-2.094395102393,0.,2.094395102393,4.188790204786,
6.28318530718,8.377580409573),.UNSPECIFIED.) CURVE() 
GEOMETRIC_REPRESENTATION_ITEM() RATIONAL_B_SPLINE_CURVE((1.,0.5,1.,0.5,
1.,0.5,1.)) REPRESENTATION_ITEM('') );
#1379 = CARTESIAN_POINT('',(-12.99949493661,-31.60050506338));
#1380 = CARTESIAN_POINT('',(-12.99949493661,-26.23114755992));
#1381 = CARTESIAN_POINT('',(-8.349494936612,-28.91582631165));
#1382 = CARTESIAN_POINT('',(-3.699494936612,-31.60050506338));
#1383 = CARTESIAN_POINT('',(-8.349494936612,-34.28518381512));
#1384 = CARTESIAN_POINT('',(-12.99949493661,-36.96986256685));
#1385 = CARTESIAN_POINT('',(-12.99949493661,-31.60050506338));
#1386 = ( GEOMETRIC_REPRESENTATION_CONTEXT(2) 
PARAMETRIC_REPRESENTATION_CONTEXT() REPRESENTATION_CONTEXT('2D SPACE',''
  ) );
#1387 = ORIENTED_EDGE('',*,*,#1388,.F.);
#1388 = EDGE_CURVE('',#1389,#1361,#1391,.T.);
#1389 = VERTEX_POINT('',#1390);
#1390 = CARTESIAN_POINT('',(9.899494936612,163.00050506339,
    159.93139720814));
#1391 = SURFACE_CURVE('',#1392,(#1396,#1403),.PCURVE_S1.);
#1392 = LINE('',#1393,#1394);
#1393 = CARTESIAN_POINT('',(9.899494936612,163.00050506339,
    159.93139720814));
#1394 = VECTOR('',#1395,1.);
#1395 = DIRECTION('',(-6.661338147751E-16,7.495338295473E-15,1.));
#1396 = PCURVE('',#1262,#1397);
#1397 = DEFINITIONAL_REPRESENTATION('',(#1398),#1402);
#1398 = LINE('',#1399,#1400);
#1399 = CARTESIAN_POINT('',(0.,0.));
#1400 = VECTOR('',#1401,1.);
#1401 = DIRECTION('',(0.,1.));
#1402 = ( GEOMETRIC_REPRESENTATION_CONTEXT(2) 
PARAMETRIC_REPRESENTATION_CONTEXT() REPRESENTATION_CONTEXT('2D SPACE',''
  ) );
#1403 = PCURVE('',#1075,#1404);
#1404 = DEFINITIONAL_REPRESENTATION('',(#1405),#1409);
#1405 = LINE('',#1406,#1407);
#1406 = CARTESIAN_POINT('',(6.28318530718,0.));
#1407 = VECTOR('',#1408,1.);
#1408 = DIRECTION('',(0.,1.));
#1409 = ( GEOMETRIC_REPRESENTATION_CONTEXT(2) 
PARAMETRIC_REPRESENTATION_CONTEXT() REPRESENTATION_CONTEXT('2D SPACE',''
  ) );
#1410 = ORIENTED_EDGE('',*,*,#1411,.T.);
#1411 = EDGE_CURVE('',#1389,#1247,#1412,.T.);
#1412 = SURFACE_CURVE('',#1413,(#1418,#1425),.PCURVE_S1.);
#1413 = CIRCLE('',#1414,3.1);
#1414 = AXIS2_PLACEMENT_3D('',#1415,#1416,#1417);
#1415 = CARTESIAN_POINT('',(9.899494936612,166.10050506339,
    159.93139720814));
#1416 = DIRECTION('',(-6.661338147751E-16,7.495338295473E-15,1.));
#1417 = DIRECTION('',(5.318914247286E-16,-1.,7.495338295473E-15));
#1418 = PCURVE('',#1262,#1419);
#1419 = DEFINITIONAL_REPRESENTATION('',(#1420),#1424);
#1420 = LINE('',#1421,#1422);
#1421 = CARTESIAN_POINT('',(0.,0.));
#1422 = VECTOR('',#1423,1.);
#1423 = DIRECTION('',(1.,0.));
#1424 = ( GEOMETRIC_REPRESENTATION_CONTEXT(2) 
PARAMETRIC_REPRESENTATION_CONTEXT() REPRESENTATION_CONTEXT('2D SPACE',''
  ) );
#1425 = PCURVE('',#1289,#1426);
#1426 = DEFINITIONAL_REPRESENTATION('',(#1427),#1431);
#1427 = CIRCLE('',#1428,3.1);
#1428 = AXIS2_PLACEMENT_2D('',#1429,#1430);
#1429 = CARTESIAN_POINT('',(0.,0.));
#1430 = DIRECTION('',(1.,0.));
#1431 = ( GEOMETRIC_REPRESENTATION_CONTEXT(2) 
PARAMETRIC_REPRESENTATION_CONTEXT() REPRESENTATION_CONTEXT('2D SPACE',''
  ) );
#1432 = ORIENTED_EDGE('',*,*,#1246,.T.);
#1433 = ADVANCED_FACE('',(#1434),#1448,.F.);
#1434 = FACE_BOUND('',#1435,.F.);
#1435 = EDGE_LOOP('',(#1436,#1471,#1499,#1527,#1560,#1588));
#1436 = ORIENTED_EDGE('',*,*,#1437,.T.);
#1437 = EDGE_CURVE('',#1438,#1440,#1442,.T.);
#1438 = VERTEX_POINT('',#1439);
#1439 = CARTESIAN_POINT('',(-9.899494936612,163.00050506339,
    159.93139720814));
#1440 = VERTEX_POINT('',#1441);
#1441 = CARTESIAN_POINT('',(-9.899494936612,163.00050506339,
    163.63139720814));
#1442 = SURFACE_CURVE('',#1443,(#1447,#1459),.PCURVE_S1.);
#1443 = LINE('',#1444,#1445);
#1444 = CARTESIAN_POINT('',(-9.899494936612,163.00050506339,
    159.93139720814));
#1445 = VECTOR('',#1446,1.);
#1446 = DIRECTION('',(-6.661338147751E-16,7.495338295473E-15,1.));
#1447 = PCURVE('',#1448,#1453);
#1448 = CYLINDRICAL_SURFACE('',#1449,3.1);
#1449 = AXIS2_PLACEMENT_3D('',#1450,#1451,#1452);
#1450 = CARTESIAN_POINT('',(-9.899494936612,166.10050506339,
    159.93139720814));
#1451 = DIRECTION('',(-6.661338147751E-16,7.495338295473E-15,1.));
#1452 = DIRECTION('',(5.318914247286E-16,-1.,7.495338295473E-15));
#1453 = DEFINITIONAL_REPRESENTATION('',(#1454),#1458);
#1454 = LINE('',#1455,#1456);
#1455 = CARTESIAN_POINT('',(6.28318530718,0.));
#1456 = VECTOR('',#1457,1.);
#1457 = DIRECTION('',(0.,1.));
#1458 = ( GEOMETRIC_REPRESENTATION_CONTEXT(2) 
PARAMETRIC_REPRESENTATION_CONTEXT() REPRESENTATION_CONTEXT('2D SPACE',''
  ) );
#1459 = PCURVE('',#1460,#1465);
#1460 = CYLINDRICAL_SURFACE('',#1461,3.1);
#1461 = AXIS2_PLACEMENT_3D('',#1462,#1463,#1464);
#1462 = CARTESIAN_POINT('',(-9.899494936612,166.10050506339,
    159.93139720814));
#1463 = DIRECTION('',(-6.661338147751E-16,7.495338295473E-15,1.));
#1464 = DIRECTION('',(5.318914247286E-16,-1.,7.495338295473E-15));
#1465 = DEFINITIONAL_REPRESENTATION('',(#1466),#1470);
#1466 = LINE('',#1467,#1468);
#1467 = CARTESIAN_POINT('',(0.,0.));
#1468 = VECTOR('',#1469,1.);
#1469 = DIRECTION('',(0.,1.));
#1470 = ( GEOMETRIC_REPRESENTATION_CONTEXT(2) 
PARAMETRIC_REPRESENTATION_CONTEXT() REPRESENTATION_CONTEXT('2D SPACE',''
  ) );
#1471 = ORIENTED_EDGE('',*,*,#1472,.F.);
#1472 = EDGE_CURVE('',#1473,#1440,#1475,.T.);
#1473 = VERTEX_POINT('',#1474);
#1474 = CARTESIAN_POINT('',(-11.9512446365,168.42436460497,
    163.63139720814));
#1475 = SURFACE_CURVE('',#1476,(#1481,#1488),.PCURVE_S1.);
#1476 = CIRCLE('',#1477,3.1);
#1477 = AXIS2_PLACEMENT_3D('',#1478,#1479,#1480);
#1478 = CARTESIAN_POINT('',(-9.899494936612,166.10050506339,
    163.63139720814));
#1479 = DIRECTION('',(-6.661338147751E-16,7.495338295473E-15,1.));
#1480 = DIRECTION('',(5.318914247286E-16,-1.,7.495338295473E-15));
#1481 = PCURVE('',#1448,#1482);
#1482 = DEFINITIONAL_REPRESENTATION('',(#1483),#1487);
#1483 = LINE('',#1484,#1485);
#1484 = CARTESIAN_POINT('',(0.,3.7));
#1485 = VECTOR('',#1486,1.);
#1486 = DIRECTION('',(1.,0.));
#1487 = ( GEOMETRIC_REPRESENTATION_CONTEXT(2) 
PARAMETRIC_REPRESENTATION_CONTEXT() REPRESENTATION_CONTEXT('2D SPACE',''
  ) );
#1488 = PCURVE('',#1104,#1489);
#1489 = DEFINITIONAL_REPRESENTATION('',(#1490),#1498);
#1490 = ( BOUNDED_CURVE() B_SPLINE_CURVE(2,(#1491,#1492,#1493,#1494,
#1495,#1496,#1497),.UNSPECIFIED.,.T.,.F.) B_SPLINE_CURVE_WITH_KNOTS((1,2
    ,2,2,2,1),(-2.094395102393,0.,2.094395102393,4.188790204786,
6.28318530718,8.377580409573),.UNSPECIFIED.) CURVE() 
GEOMETRIC_REPRESENTATION_ITEM() RATIONAL_B_SPLINE_CURVE((1.,0.5,1.,0.5,
1.,0.5,1.)) REPRESENTATION_ITEM('') );
#1491 = CARTESIAN_POINT('',(-12.99949493661,-51.39949493661));
#1492 = CARTESIAN_POINT('',(-12.99949493661,-46.03013743314));
#1493 = CARTESIAN_POINT('',(-8.349494936612,-48.71481618488));
#1494 = CARTESIAN_POINT('',(-3.699494936612,-51.39949493661));
#1495 = CARTESIAN_POINT('',(-8.349494936612,-54.08417368834));
#1496 = CARTESIAN_POINT('',(-12.99949493661,-56.76885244007));
#1497 = CARTESIAN_POINT('',(-12.99949493661,-51.39949493661));
#1498 = ( GEOMETRIC_REPRESENTATION_CONTEXT(2) 
PARAMETRIC_REPRESENTATION_CONTEXT() REPRESENTATION_CONTEXT('2D SPACE',''
  ) );
#1499 = ORIENTED_EDGE('',*,*,#1500,.F.);
#1500 = EDGE_CURVE('',#1501,#1473,#1503,.T.);
#1501 = VERTEX_POINT('',#1502);
#1502 = CARTESIAN_POINT('',(-11.9512446365,168.42436460497,
    161.13139720814));
#1503 = SURFACE_CURVE('',#1504,(#1508,#1515),.PCURVE_S1.);
#1504 = LINE('',#1505,#1506);
#1505 = CARTESIAN_POINT('',(-11.9512446365,168.42436460497,
    162.38139720814));
#1506 = VECTOR('',#1507,1.);
#1507 = DIRECTION('',(-6.661338147751E-16,7.495338295473E-15,1.));
#1508 = PCURVE('',#1448,#1509);
#1509 = DEFINITIONAL_REPRESENTATION('',(#1510),#1514);
#1510 = LINE('',#1511,#1512);
#1511 = CARTESIAN_POINT('',(3.864882923271,2.45));
#1512 = VECTOR('',#1513,1.);
#1513 = DIRECTION('',(0.,1.));
#1514 = ( GEOMETRIC_REPRESENTATION_CONTEXT(2) 
PARAMETRIC_REPRESENTATION_CONTEXT() REPRESENTATION_CONTEXT('2D SPACE',''
  ) );
#1515 = PCURVE('',#1516,#1521);
#1516 = CYLINDRICAL_SURFACE('',#1517,14.15);
#1517 = AXIS2_PLACEMENT_3D('',#1518,#1519,#1520);
#1518 = CARTESIAN_POINT('',(-1.06581410364E-13,176.,161.13139720814));
#1519 = DIRECTION('',(-6.661338147751E-16,7.495338295473E-15,1.));
#1520 = DIRECTION('',(5.318914247286E-16,-1.,7.495338295473E-15));
#1521 = DEFINITIONAL_REPRESENTATION('',(#1522),#1526);
#1522 = LINE('',#1523,#1524);
#1523 = CARTESIAN_POINT('',(5.277347276936,1.25));
#1524 = VECTOR('',#1525,1.);
#1525 = DIRECTION('',(0.,1.));
#1526 = ( GEOMETRIC_REPRESENTATION_CONTEXT(2) 
PARAMETRIC_REPRESENTATION_CONTEXT() REPRESENTATION_CONTEXT('2D SPACE',''
  ) );
#1527 = ORIENTED_EDGE('',*,*,#1528,.T.);
#1528 = EDGE_CURVE('',#1501,#1529,#1531,.T.);
#1529 = VERTEX_POINT('',#1530);
#1530 = CARTESIAN_POINT('',(-9.899494936612,169.20050506339,
    161.13139720814));
#1531 = SURFACE_CURVE('',#1532,(#1537,#1544),.PCURVE_S1.);
#1532 = CIRCLE('',#1533,3.1);
#1533 = AXIS2_PLACEMENT_3D('',#1534,#1535,#1536);
#1534 = CARTESIAN_POINT('',(-9.899494936612,166.10050506339,
    161.13139720814));
#1535 = DIRECTION('',(6.661338147751E-16,-7.495338295473E-15,-1.));
#1536 = DIRECTION('',(-1.7064614475E-15,-1.,7.495338295473E-15));
#1537 = PCURVE('',#1448,#1538);
#1538 = DEFINITIONAL_REPRESENTATION('',(#1539),#1543);
#1539 = LINE('',#1540,#1541);
#1540 = CARTESIAN_POINT('',(6.28318530718,1.2));
#1541 = VECTOR('',#1542,1.);
#1542 = DIRECTION('',(-1.,0.));
#1543 = ( GEOMETRIC_REPRESENTATION_CONTEXT(2) 
PARAMETRIC_REPRESENTATION_CONTEXT() REPRESENTATION_CONTEXT('2D SPACE',''
  ) );
#1544 = PCURVE('',#1545,#1550);
#1545 = PLANE('',#1546);
#1546 = AXIS2_PLACEMENT_3D('',#1547,#1548,#1549);
#1547 = CARTESIAN_POINT('',(-1.06581410364E-13,176.,161.13139720814));
#1548 = DIRECTION('',(-6.661338147751E-16,7.495338295473E-15,1.));
#1549 = DIRECTION('',(5.318914247286E-16,-1.,7.495338295473E-15));
#1550 = DEFINITIONAL_REPRESENTATION('',(#1551),#1559);
#1551 = ( BOUNDED_CURVE() B_SPLINE_CURVE(2,(#1552,#1553,#1554,#1555,
#1556,#1557,#1558),.UNSPECIFIED.,.T.,.F.) B_SPLINE_CURVE_WITH_KNOTS((1,2
    ,2,2,2,1),(-2.094395102393,0.,2.094395102393,4.188790204786,
6.28318530718,8.377580409573),.UNSPECIFIED.) CURVE() 
GEOMETRIC_REPRESENTATION_ITEM() RATIONAL_B_SPLINE_CURVE((1.,0.5,1.,0.5,
1.,0.5,1.)) REPRESENTATION_ITEM('') );
#1552 = CARTESIAN_POINT('',(12.999494936612,-9.899494936612));
#1553 = CARTESIAN_POINT('',(12.999494936612,-15.26885244007));
#1554 = CARTESIAN_POINT('',(8.349494936612,-12.58417368834));
#1555 = CARTESIAN_POINT('',(3.699494936612,-9.899494936612));
#1556 = CARTESIAN_POINT('',(8.349494936612,-7.21481618488));
#1557 = CARTESIAN_POINT('',(12.999494936612,-4.530137433148));
#1558 = CARTESIAN_POINT('',(12.999494936612,-9.899494936612));
#1559 = ( GEOMETRIC_REPRESENTATION_CONTEXT(2) 
PARAMETRIC_REPRESENTATION_CONTEXT() REPRESENTATION_CONTEXT('2D SPACE',''
  ) );
#1560 = ORIENTED_EDGE('',*,*,#1561,.F.);
#1561 = EDGE_CURVE('',#1562,#1529,#1564,.T.);
#1562 = VERTEX_POINT('',#1563);
#1563 = CARTESIAN_POINT('',(-9.899494936612,169.20050506339,
    159.93139720814));
#1564 = SURFACE_CURVE('',#1565,(#1569,#1576),.PCURVE_S1.);
#1565 = LINE('',#1566,#1567);
#1566 = CARTESIAN_POINT('',(-9.899494936612,169.20050506339,
    159.93139720814));
#1567 = VECTOR('',#1568,1.);
#1568 = DIRECTION('',(-6.661338147751E-16,7.495338295473E-15,1.));
#1569 = PCURVE('',#1448,#1570);
#1570 = DEFINITIONAL_REPRESENTATION('',(#1571),#1575);
#1571 = LINE('',#1572,#1573);
#1572 = CARTESIAN_POINT('',(3.14159265359,0.));
#1573 = VECTOR('',#1574,1.);
#1574 = DIRECTION('',(0.,1.));
#1575 = ( GEOMETRIC_REPRESENTATION_CONTEXT(2) 
PARAMETRIC_REPRESENTATION_CONTEXT() REPRESENTATION_CONTEXT('2D SPACE',''
  ) );
#1576 = PCURVE('',#1577,#1582);
#1577 = CYLINDRICAL_SURFACE('',#1578,3.1);
#1578 = AXIS2_PLACEMENT_3D('',#1579,#1580,#1581);
#1579 = CARTESIAN_POINT('',(-9.899494936612,166.10050506339,
    159.93139720814));
#1580 = DIRECTION('',(-6.661338147751E-16,7.495338295473E-15,1.));
#1581 = DIRECTION('',(5.318914247286E-16,-1.,7.495338295473E-15));
#1582 = DEFINITIONAL_REPRESENTATION('',(#1583),#1587);
#1583 = LINE('',#1584,#1585);
#1584 = CARTESIAN_POINT('',(3.14159265359,0.));
#1585 = VECTOR('',#1586,1.);
#1586 = DIRECTION('',(0.,1.));
#1587 = ( GEOMETRIC_REPRESENTATION_CONTEXT(2) 
PARAMETRIC_REPRESENTATION_CONTEXT() REPRESENTATION_CONTEXT('2D SPACE',''
  ) );
#1588 = ORIENTED_EDGE('',*,*,#1589,.T.);
#1589 = EDGE_CURVE('',#1562,#1438,#1590,.T.);
#1590 = SURFACE_CURVE('',#1591,(#1596,#1603),.PCURVE_S1.);
#1591 = CIRCLE('',#1592,3.1);
#1592 = AXIS2_PLACEMENT_3D('',#1593,#1594,#1595);
#1593 = CARTESIAN_POINT('',(-9.899494936612,166.10050506339,
    159.93139720814));
#1594 = DIRECTION('',(-6.661338147751E-16,7.495338295473E-15,1.));
#1595 = DIRECTION('',(5.318914247286E-16,-1.,7.495338295473E-15));
#1596 = PCURVE('',#1448,#1597);
#1597 = DEFINITIONAL_REPRESENTATION('',(#1598),#1602);
#1598 = LINE('',#1599,#1600);
#1599 = CARTESIAN_POINT('',(0.,0.));
#1600 = VECTOR('',#1601,1.);
#1601 = DIRECTION('',(1.,0.));
#1602 = ( GEOMETRIC_REPRESENTATION_CONTEXT(2) 
PARAMETRIC_REPRESENTATION_CONTEXT() REPRESENTATION_CONTEXT('2D SPACE',''
  ) );
#1603 = PCURVE('',#1604,#1609);
#1604 = PLANE('',#1605);
#1605 = AXIS2_PLACEMENT_3D('',#1606,#1607,#1608);
#1606 = CARTESIAN_POINT('',(-9.899494936612,166.10050506339,
    159.93139720814));
#1607 = DIRECTION('',(-6.661338147751E-16,7.495338295473E-15,1.));
#1608 = DIRECTION('',(5.318914247286E-16,-1.,7.495338295473E-15));
#1609 = DEFINITIONAL_REPRESENTATION('',(#1610),#1614);
#1610 = CIRCLE('',#1611,3.1);
#1611 = AXIS2_PLACEMENT_2D('',#1612,#1613);
#1612 = CARTESIAN_POINT('',(0.,0.));
#1613 = DIRECTION('',(1.,0.));
#1614 = ( GEOMETRIC_REPRESENTATION_CONTEXT(2) 
PARAMETRIC_REPRESENTATION_CONTEXT() REPRESENTATION_CONTEXT('2D SPACE',''
  ) );
#1615 = ADVANCED_FACE('',(#1616),#1460,.F.);
#1616 = FACE_BOUND('',#1617,.F.);
#1617 = EDGE_LOOP('',(#1618,#1648,#1676,#1699,#1725,#1726));
#1618 = ORIENTED_EDGE('',*,*,#1619,.T.);
#1619 = EDGE_CURVE('',#1620,#1622,#1624,.T.);
#1620 = VERTEX_POINT('',#1621);
#1621 = CARTESIAN_POINT('',(-6.997715189264,167.19122697931,
    159.93139720814));
#1622 = VERTEX_POINT('',#1623);
#1623 = CARTESIAN_POINT('',(-6.997715189264,167.19122697931,
    161.13139720814));
#1624 = SURFACE_CURVE('',#1625,(#1629,#1636),.PCURVE_S1.);
#1625 = LINE('',#1626,#1627);
#1626 = CARTESIAN_POINT('',(-6.997715189264,167.19122697931,
    161.78139720814));
#1627 = VECTOR('',#1628,1.);
#1628 = DIRECTION('',(-6.661338147751E-16,7.495338295473E-15,1.));
#1629 = PCURVE('',#1460,#1630);
#1630 = DEFINITIONAL_REPRESENTATION('',(#1631),#1635);
#1631 = LINE('',#1632,#1633);
#1632 = CARTESIAN_POINT('',(1.930338565812,1.85));
#1633 = VECTOR('',#1634,1.);
#1634 = DIRECTION('',(0.,1.));
#1635 = ( GEOMETRIC_REPRESENTATION_CONTEXT(2) 
PARAMETRIC_REPRESENTATION_CONTEXT() REPRESENTATION_CONTEXT('2D SPACE',''
  ) );
#1636 = PCURVE('',#1637,#1642);
#1637 = CYLINDRICAL_SURFACE('',#1638,11.25);
#1638 = AXIS2_PLACEMENT_3D('',#1639,#1640,#1641);
#1639 = CARTESIAN_POINT('',(-1.06581410364E-13,176.,163.63139720814));
#1640 = DIRECTION('',(6.661338147751E-16,-7.495338295473E-15,-1.));
#1641 = DIRECTION('',(-5.318914247286E-16,1.,-7.495338295473E-15));
#1642 = DEFINITIONAL_REPRESENTATION('',(#1643),#1647);
#1643 = LINE('',#1644,#1645);
#1644 = CARTESIAN_POINT('',(3.812911424477,1.85));
#1645 = VECTOR('',#1646,1.);
#1646 = DIRECTION('',(0.,-1.));
#1647 = ( GEOMETRIC_REPRESENTATION_CONTEXT(2) 
PARAMETRIC_REPRESENTATION_CONTEXT() REPRESENTATION_CONTEXT('2D SPACE',''
  ) );
#1648 = ORIENTED_EDGE('',*,*,#1649,.T.);
#1649 = EDGE_CURVE('',#1622,#1650,#1652,.T.);
#1650 = VERTEX_POINT('',#1651);
#1651 = CARTESIAN_POINT('',(-7.575635395031,164.04875536349,
    161.13139720814));
#1652 = SURFACE_CURVE('',#1653,(#1658,#1665),.PCURVE_S1.);
#1653 = CIRCLE('',#1654,3.1);
#1654 = AXIS2_PLACEMENT_3D('',#1655,#1656,#1657);
#1655 = CARTESIAN_POINT('',(-9.899494936612,166.10050506339,
    161.13139720814));
#1656 = DIRECTION('',(6.661338147751E-16,-7.495338295473E-15,-1.));
#1657 = DIRECTION('',(5.318914247286E-16,-1.,7.495338295473E-15));
#1658 = PCURVE('',#1460,#1659);
#1659 = DEFINITIONAL_REPRESENTATION('',(#1660),#1664);
#1660 = LINE('',#1661,#1662);
#1661 = CARTESIAN_POINT('',(6.28318530718,1.2));
#1662 = VECTOR('',#1663,1.);
#1663 = DIRECTION('',(-1.,0.));
#1664 = ( GEOMETRIC_REPRESENTATION_CONTEXT(2) 
PARAMETRIC_REPRESENTATION_CONTEXT() REPRESENTATION_CONTEXT('2D SPACE',''
  ) );
#1665 = PCURVE('',#1163,#1666);
#1666 = DEFINITIONAL_REPRESENTATION('',(#1667),#1675);
#1667 = ( BOUNDED_CURVE() B_SPLINE_CURVE(2,(#1668,#1669,#1670,#1671,
#1672,#1673,#1674),.UNSPECIFIED.,.T.,.F.) B_SPLINE_CURVE_WITH_KNOTS((1,2
    ,2,2,2,1),(-2.094395102393,0.,2.094395102393,4.188790204786,
6.28318530718,8.377580409573),.UNSPECIFIED.) CURVE() 
GEOMETRIC_REPRESENTATION_ITEM() RATIONAL_B_SPLINE_CURVE((1.,0.5,1.,0.5,
1.,0.5,1.)) REPRESENTATION_ITEM('') );
#1668 = CARTESIAN_POINT('',(12.999494936612,-9.899494936612));
#1669 = CARTESIAN_POINT('',(12.999494936612,-15.26885244007));
#1670 = CARTESIAN_POINT('',(8.349494936612,-12.58417368834));
#1671 = CARTESIAN_POINT('',(3.699494936612,-9.899494936612));
#1672 = CARTESIAN_POINT('',(8.349494936612,-7.21481618488));
#1673 = CARTESIAN_POINT('',(12.999494936612,-4.530137433148));
#1674 = CARTESIAN_POINT('',(12.999494936612,-9.899494936612));
#1675 = ( GEOMETRIC_REPRESENTATION_CONTEXT(2) 
PARAMETRIC_REPRESENTATION_CONTEXT() REPRESENTATION_CONTEXT('2D SPACE',''
  ) );
#1676 = ORIENTED_EDGE('',*,*,#1677,.F.);
#1677 = EDGE_CURVE('',#1678,#1650,#1680,.T.);
#1678 = VERTEX_POINT('',#1679);
#1679 = CARTESIAN_POINT('',(-7.575635395031,164.04875536349,
    163.63139720814));
#1680 = SURFACE_CURVE('',#1681,(#1685,#1692),.PCURVE_S1.);
#1681 = LINE('',#1682,#1683);
#1682 = CARTESIAN_POINT('',(-7.575635395031,164.04875536349,
    162.38139720814));
#1683 = VECTOR('',#1684,1.);
#1684 = DIRECTION('',(6.661338147751E-16,-7.495338295473E-15,-1.));
#1685 = PCURVE('',#1460,#1686);
#1686 = DEFINITIONAL_REPRESENTATION('',(#1687),#1691);
#1687 = LINE('',#1688,#1689);
#1688 = CARTESIAN_POINT('',(0.847506057113,2.45));
#1689 = VECTOR('',#1690,1.);
#1690 = DIRECTION('',(0.,-1.));
#1691 = ( GEOMETRIC_REPRESENTATION_CONTEXT(2) 
PARAMETRIC_REPRESENTATION_CONTEXT() REPRESENTATION_CONTEXT('2D SPACE',''
  ) );
#1692 = PCURVE('',#1136,#1693);
#1693 = DEFINITIONAL_REPRESENTATION('',(#1694),#1698);
#1694 = LINE('',#1695,#1696);
#1695 = CARTESIAN_POINT('',(5.718227010628,1.25));
#1696 = VECTOR('',#1697,1.);
#1697 = DIRECTION('',(0.,-1.));
#1698 = ( GEOMETRIC_REPRESENTATION_CONTEXT(2) 
PARAMETRIC_REPRESENTATION_CONTEXT() REPRESENTATION_CONTEXT('2D SPACE',''
  ) );
#1699 = ORIENTED_EDGE('',*,*,#1700,.F.);
#1700 = EDGE_CURVE('',#1440,#1678,#1701,.T.);
#1701 = SURFACE_CURVE('',#1702,(#1707,#1714),.PCURVE_S1.);
#1702 = CIRCLE('',#1703,3.1);
#1703 = AXIS2_PLACEMENT_3D('',#1704,#1705,#1706);
#1704 = CARTESIAN_POINT('',(-9.899494936612,166.10050506339,
    163.63139720814));
#1705 = DIRECTION('',(-6.661338147751E-16,7.495338295473E-15,1.));
#1706 = DIRECTION('',(5.318914247286E-16,-1.,7.495338295473E-15));
#1707 = PCURVE('',#1460,#1708);
#1708 = DEFINITIONAL_REPRESENTATION('',(#1709),#1713);
#1709 = LINE('',#1710,#1711);
#1710 = CARTESIAN_POINT('',(0.,3.7));
#1711 = VECTOR('',#1712,1.);
#1712 = DIRECTION('',(1.,0.));
#1713 = ( GEOMETRIC_REPRESENTATION_CONTEXT(2) 
PARAMETRIC_REPRESENTATION_CONTEXT() REPRESENTATION_CONTEXT('2D SPACE',''
  ) );
#1714 = PCURVE('',#1104,#1715);
#1715 = DEFINITIONAL_REPRESENTATION('',(#1716),#1724);
#1716 = ( BOUNDED_CURVE() B_SPLINE_CURVE(2,(#1717,#1718,#1719,#1720,
#1721,#1722,#1723),.UNSPECIFIED.,.T.,.F.) B_SPLINE_CURVE_WITH_KNOTS((1,2
    ,2,2,2,1),(-2.094395102393,0.,2.094395102393,4.188790204786,
6.28318530718,8.377580409573),.UNSPECIFIED.) CURVE() 
GEOMETRIC_REPRESENTATION_ITEM() RATIONAL_B_SPLINE_CURVE((1.,0.5,1.,0.5,
1.,0.5,1.)) REPRESENTATION_ITEM('') );
#1717 = CARTESIAN_POINT('',(-12.99949493661,-51.39949493661));
#1718 = CARTESIAN_POINT('',(-12.99949493661,-46.03013743314));
#1719 = CARTESIAN_POINT('',(-8.349494936612,-48.71481618488));
#1720 = CARTESIAN_POINT('',(-3.699494936612,-51.39949493661));
#1721 = CARTESIAN_POINT('',(-8.349494936612,-54.08417368834));
#1722 = CARTESIAN_POINT('',(-12.99949493661,-56.76885244007));
#1723 = CARTESIAN_POINT('',(-12.99949493661,-51.39949493661));
#1724 = ( GEOMETRIC_REPRESENTATION_CONTEXT(2) 
PARAMETRIC_REPRESENTATION_CONTEXT() REPRESENTATION_CONTEXT('2D SPACE',''
  ) );
#1725 = ORIENTED_EDGE('',*,*,#1437,.F.);
#1726 = ORIENTED_EDGE('',*,*,#1727,.T.);
#1727 = EDGE_CURVE('',#1438,#1620,#1728,.T.);
#1728 = SURFACE_CURVE('',#1729,(#1734,#1741),.PCURVE_S1.);
#1729 = CIRCLE('',#1730,3.1);
#1730 = AXIS2_PLACEMENT_3D('',#1731,#1732,#1733);
#1731 = CARTESIAN_POINT('',(-9.899494936612,166.10050506339,
    159.93139720814));
#1732 = DIRECTION('',(-6.661338147751E-16,7.495338295473E-15,1.));
#1733 = DIRECTION('',(5.318914247286E-16,-1.,7.495338295473E-15));
#1734 = PCURVE('',#1460,#1735);
#1735 = DEFINITIONAL_REPRESENTATION('',(#1736),#1740);
#1736 = LINE('',#1737,#1738);
#1737 = CARTESIAN_POINT('',(0.,0.));
#1738 = VECTOR('',#1739,1.);
#1739 = DIRECTION('',(1.,0.));
#1740 = ( GEOMETRIC_REPRESENTATION_CONTEXT(2) 
PARAMETRIC_REPRESENTATION_CONTEXT() REPRESENTATION_CONTEXT('2D SPACE',''
  ) );
#1741 = PCURVE('',#1604,#1742);
#1742 = DEFINITIONAL_REPRESENTATION('',(#1743),#1747);
#1743 = CIRCLE('',#1744,3.1);
#1744 = AXIS2_PLACEMENT_2D('',#1745,#1746);
#1745 = CARTESIAN_POINT('',(0.,0.));
#1746 = DIRECTION('',(1.,0.));
#1747 = ( GEOMETRIC_REPRESENTATION_CONTEXT(2) 
PARAMETRIC_REPRESENTATION_CONTEXT() REPRESENTATION_CONTEXT('2D SPACE',''
  ) );
#1748 = ADVANCED_FACE('',(#1749),#1763,.F.);
#1749 = FACE_BOUND('',#1750,.F.);
#1750 = EDGE_LOOP('',(#1751,#1786,#1814,#1837,#1865,#1893));
#1751 = ORIENTED_EDGE('',*,*,#1752,.T.);
#1752 = EDGE_CURVE('',#1753,#1755,#1757,.T.);
#1753 = VERTEX_POINT('',#1754);
#1754 = CARTESIAN_POINT('',(-9.899494936612,182.79949493661,
    159.93139720814));
#1755 = VERTEX_POINT('',#1756);
#1756 = CARTESIAN_POINT('',(-9.899494936612,182.79949493661,
    161.13139720814));
#1757 = SURFACE_CURVE('',#1758,(#1762,#1774),.PCURVE_S1.);
#1758 = LINE('',#1759,#1760);
#1759 = CARTESIAN_POINT('',(-9.899494936612,182.79949493661,
    159.93139720814));
#1760 = VECTOR('',#1761,1.);
#1761 = DIRECTION('',(-6.661338147751E-16,7.495338295473E-15,1.));
#1762 = PCURVE('',#1763,#1768);
#1763 = CYLINDRICAL_SURFACE('',#1764,3.1);
#1764 = AXIS2_PLACEMENT_3D('',#1765,#1766,#1767);
#1765 = CARTESIAN_POINT('',(-9.899494936612,185.89949493661,
    159.93139720814));
#1766 = DIRECTION('',(-6.661338147751E-16,7.495338295473E-15,1.));
#1767 = DIRECTION('',(5.318914247286E-16,-1.,7.495338295473E-15));
#1768 = DEFINITIONAL_REPRESENTATION('',(#1769),#1773);
#1769 = LINE('',#1770,#1771);
#1770 = CARTESIAN_POINT('',(6.28318530718,0.));
#1771 = VECTOR('',#1772,1.);
#1772 = DIRECTION('',(0.,1.));
#1773 = ( GEOMETRIC_REPRESENTATION_CONTEXT(2) 
PARAMETRIC_REPRESENTATION_CONTEXT() REPRESENTATION_CONTEXT('2D SPACE',''
  ) );
#1774 = PCURVE('',#1775,#1780);
#1775 = CYLINDRICAL_SURFACE('',#1776,3.1);
#1776 = AXIS2_PLACEMENT_3D('',#1777,#1778,#1779);
#1777 = CARTESIAN_POINT('',(-9.899494936612,185.89949493661,
    159.93139720814));
#1778 = DIRECTION('',(-6.661338147751E-16,7.495338295473E-15,1.));
#1779 = DIRECTION('',(5.318914247286E-16,-1.,7.495338295473E-15));
#1780 = DEFINITIONAL_REPRESENTATION('',(#1781),#1785);
#1781 = LINE('',#1782,#1783);
#1782 = CARTESIAN_POINT('',(0.,0.));
#1783 = VECTOR('',#1784,1.);
#1784 = DIRECTION('',(0.,1.));
#1785 = ( GEOMETRIC_REPRESENTATION_CONTEXT(2) 
PARAMETRIC_REPRESENTATION_CONTEXT() REPRESENTATION_CONTEXT('2D SPACE',''
  ) );
#1786 = ORIENTED_EDGE('',*,*,#1787,.T.);
#1787 = EDGE_CURVE('',#1755,#1788,#1790,.T.);
#1788 = VERTEX_POINT('',#1789);
#1789 = CARTESIAN_POINT('',(-11.9512446365,183.57563539503,
    161.13139720814));
#1790 = SURFACE_CURVE('',#1791,(#1796,#1803),.PCURVE_S1.);
#1791 = CIRCLE('',#1792,3.1);
#1792 = AXIS2_PLACEMENT_3D('',#1793,#1794,#1795);
#1793 = CARTESIAN_POINT('',(-9.899494936612,185.89949493661,
    161.13139720814));
#1794 = DIRECTION('',(6.661338147751E-16,-7.495338295473E-15,-1.));
#1795 = DIRECTION('',(5.318914247286E-16,-1.,7.495338295473E-15));
#1796 = PCURVE('',#1763,#1797);
#1797 = DEFINITIONAL_REPRESENTATION('',(#1798),#1802);
#1798 = LINE('',#1799,#1800);
#1799 = CARTESIAN_POINT('',(6.28318530718,1.2));
#1800 = VECTOR('',#1801,1.);
#1801 = DIRECTION('',(-1.,0.));
#1802 = ( GEOMETRIC_REPRESENTATION_CONTEXT(2) 
PARAMETRIC_REPRESENTATION_CONTEXT() REPRESENTATION_CONTEXT('2D SPACE',''
  ) );
#1803 = PCURVE('',#1545,#1804);
#1804 = DEFINITIONAL_REPRESENTATION('',(#1805),#1813);
#1805 = ( BOUNDED_CURVE() B_SPLINE_CURVE(2,(#1806,#1807,#1808,#1809,
#1810,#1811,#1812),.UNSPECIFIED.,.T.,.F.) B_SPLINE_CURVE_WITH_KNOTS((1,2
    ,2,2,2,1),(-2.094395102393,0.,2.094395102393,4.188790204786,
6.28318530718,8.377580409573),.UNSPECIFIED.) CURVE() 
GEOMETRIC_REPRESENTATION_ITEM() RATIONAL_B_SPLINE_CURVE((1.,0.5,1.,0.5,
1.,0.5,1.)) REPRESENTATION_ITEM('') );
#1806 = CARTESIAN_POINT('',(-6.799494936612,-9.899494936612));
#1807 = CARTESIAN_POINT('',(-6.799494936612,-15.26885244007));
#1808 = CARTESIAN_POINT('',(-11.44949493661,-12.58417368834));
#1809 = CARTESIAN_POINT('',(-16.09949493661,-9.899494936612));
#1810 = CARTESIAN_POINT('',(-11.44949493661,-7.21481618488));
#1811 = CARTESIAN_POINT('',(-6.799494936612,-4.530137433148));
#1812 = CARTESIAN_POINT('',(-6.799494936612,-9.899494936612));
#1813 = ( GEOMETRIC_REPRESENTATION_CONTEXT(2) 
PARAMETRIC_REPRESENTATION_CONTEXT() REPRESENTATION_CONTEXT('2D SPACE',''
  ) );
#1814 = ORIENTED_EDGE('',*,*,#1815,.F.);
#1815 = EDGE_CURVE('',#1816,#1788,#1818,.T.);
#1816 = VERTEX_POINT('',#1817);
#1817 = CARTESIAN_POINT('',(-11.9512446365,183.57563539503,
    163.63139720814));
#1818 = SURFACE_CURVE('',#1819,(#1823,#1830),.PCURVE_S1.);
#1819 = LINE('',#1820,#1821);
#1820 = CARTESIAN_POINT('',(-11.9512446365,183.57563539503,
    162.38139720814));
#1821 = VECTOR('',#1822,1.);
#1822 = DIRECTION('',(6.661338147751E-16,-7.495338295473E-15,-1.));
#1823 = PCURVE('',#1763,#1824);
#1824 = DEFINITIONAL_REPRESENTATION('',(#1825),#1829);
#1825 = LINE('',#1826,#1827);
#1826 = CARTESIAN_POINT('',(5.559895037498,2.45));
#1827 = VECTOR('',#1828,1.);
#1828 = DIRECTION('',(0.,-1.));
#1829 = ( GEOMETRIC_REPRESENTATION_CONTEXT(2) 
PARAMETRIC_REPRESENTATION_CONTEXT() REPRESENTATION_CONTEXT('2D SPACE',''
  ) );
#1830 = PCURVE('',#1516,#1831);
#1831 = DEFINITIONAL_REPRESENTATION('',(#1832),#1836);
#1832 = LINE('',#1833,#1834);
#1833 = CARTESIAN_POINT('',(4.147430683833,1.25));
#1834 = VECTOR('',#1835,1.);
#1835 = DIRECTION('',(0.,-1.));
#1836 = ( GEOMETRIC_REPRESENTATION_CONTEXT(2) 
PARAMETRIC_REPRESENTATION_CONTEXT() REPRESENTATION_CONTEXT('2D SPACE',''
  ) );
#1837 = ORIENTED_EDGE('',*,*,#1838,.F.);
#1838 = EDGE_CURVE('',#1839,#1816,#1841,.T.);
#1839 = VERTEX_POINT('',#1840);
#1840 = CARTESIAN_POINT('',(-9.899494936612,188.99949493661,
    163.63139720814));
#1841 = SURFACE_CURVE('',#1842,(#1847,#1854),.PCURVE_S1.);
#1842 = CIRCLE('',#1843,3.1);
#1843 = AXIS2_PLACEMENT_3D('',#1844,#1845,#1846);
#1844 = CARTESIAN_POINT('',(-9.899494936612,185.89949493661,
    163.63139720814));
#1845 = DIRECTION('',(-6.661338147751E-16,7.495338295473E-15,1.));
#1846 = DIRECTION('',(5.318914247286E-16,-1.,7.495338295473E-15));
#1847 = PCURVE('',#1763,#1848);
#1848 = DEFINITIONAL_REPRESENTATION('',(#1849),#1853);
#1849 = LINE('',#1850,#1851);
#1850 = CARTESIAN_POINT('',(0.,3.7));
#1851 = VECTOR('',#1852,1.);
#1852 = DIRECTION('',(1.,0.));
#1853 = ( GEOMETRIC_REPRESENTATION_CONTEXT(2) 
PARAMETRIC_REPRESENTATION_CONTEXT() REPRESENTATION_CONTEXT('2D SPACE',''
  ) );
#1854 = PCURVE('',#1104,#1855);
#1855 = DEFINITIONAL_REPRESENTATION('',(#1856),#1864);
#1856 = ( BOUNDED_CURVE() B_SPLINE_CURVE(2,(#1857,#1858,#1859,#1860,
#1861,#1862,#1863),.UNSPECIFIED.,.T.,.F.) B_SPLINE_CURVE_WITH_KNOTS((1,2
    ,2,2,2,1),(-2.094395102393,0.,2.094395102393,4.188790204786,
6.28318530718,8.377580409573),.UNSPECIFIED.) CURVE() 
GEOMETRIC_REPRESENTATION_ITEM() RATIONAL_B_SPLINE_CURVE((1.,0.5,1.,0.5,
1.,0.5,1.)) REPRESENTATION_ITEM('') );
#1857 = CARTESIAN_POINT('',(6.799494936612,-51.39949493661));
#1858 = CARTESIAN_POINT('',(6.799494936612,-46.03013743314));
#1859 = CARTESIAN_POINT('',(11.449494936612,-48.71481618488));
#1860 = CARTESIAN_POINT('',(16.099494936612,-51.39949493661));
#1861 = CARTESIAN_POINT('',(11.449494936612,-54.08417368834));
#1862 = CARTESIAN_POINT('',(6.799494936612,-56.76885244007));
#1863 = CARTESIAN_POINT('',(6.799494936612,-51.39949493661));
#1864 = ( GEOMETRIC_REPRESENTATION_CONTEXT(2) 
PARAMETRIC_REPRESENTATION_CONTEXT() REPRESENTATION_CONTEXT('2D SPACE',''
  ) );
#1865 = ORIENTED_EDGE('',*,*,#1866,.F.);
#1866 = EDGE_CURVE('',#1867,#1839,#1869,.T.);
#1867 = VERTEX_POINT('',#1868);
#1868 = CARTESIAN_POINT('',(-9.899494936612,188.99949493661,
    159.93139720814));
#1869 = SURFACE_CURVE('',#1870,(#1874,#1881),.PCURVE_S1.);
#1870 = LINE('',#1871,#1872);
#1871 = CARTESIAN_POINT('',(-9.899494936612,188.99949493661,
    159.93139720814));
#1872 = VECTOR('',#1873,1.);
#1873 = DIRECTION('',(-6.661338147751E-16,7.495338295473E-15,1.));
#1874 = PCURVE('',#1763,#1875);
#1875 = DEFINITIONAL_REPRESENTATION('',(#1876),#1880);
#1876 = LINE('',#1877,#1878);
#1877 = CARTESIAN_POINT('',(3.14159265359,0.));
#1878 = VECTOR('',#1879,1.);
#1879 = DIRECTION('',(0.,1.));
#1880 = ( GEOMETRIC_REPRESENTATION_CONTEXT(2) 
PARAMETRIC_REPRESENTATION_CONTEXT() REPRESENTATION_CONTEXT('2D SPACE',''
  ) );
#1881 = PCURVE('',#1882,#1887);
#1882 = CYLINDRICAL_SURFACE('',#1883,3.1);
#1883 = AXIS2_PLACEMENT_3D('',#1884,#1885,#1886);
#1884 = CARTESIAN_POINT('',(-9.899494936612,185.89949493661,
    159.93139720814));
#1885 = DIRECTION('',(-6.661338147751E-16,7.495338295473E-15,1.));
#1886 = DIRECTION('',(5.318914247286E-16,-1.,7.495338295473E-15));
#1887 = DEFINITIONAL_REPRESENTATION('',(#1888),#1892);
#1888 = LINE('',#1889,#1890);
#1889 = CARTESIAN_POINT('',(3.14159265359,0.));
#1890 = VECTOR('',#1891,1.);
#1891 = DIRECTION('',(0.,1.));
#1892 = ( GEOMETRIC_REPRESENTATION_CONTEXT(2) 
PARAMETRIC_REPRESENTATION_CONTEXT() REPRESENTATION_CONTEXT('2D SPACE',''
  ) );
#1893 = ORIENTED_EDGE('',*,*,#1894,.T.);
#1894 = EDGE_CURVE('',#1867,#1753,#1895,.T.);
#1895 = SURFACE_CURVE('',#1896,(#1901,#1908),.PCURVE_S1.);
#1896 = CIRCLE('',#1897,3.1);
#1897 = AXIS2_PLACEMENT_3D('',#1898,#1899,#1900);
#1898 = CARTESIAN_POINT('',(-9.899494936612,185.89949493661,
    159.93139720814));
#1899 = DIRECTION('',(-6.661338147751E-16,7.495338295473E-15,1.));
#1900 = DIRECTION('',(5.318914247286E-16,-1.,7.495338295473E-15));
#1901 = PCURVE('',#1763,#1902);
#1902 = DEFINITIONAL_REPRESENTATION('',(#1903),#1907);
#1903 = LINE('',#1904,#1905);
#1904 = CARTESIAN_POINT('',(0.,0.));
#1905 = VECTOR('',#1906,1.);
#1906 = DIRECTION('',(1.,0.));
#1907 = ( GEOMETRIC_REPRESENTATION_CONTEXT(2) 
PARAMETRIC_REPRESENTATION_CONTEXT() REPRESENTATION_CONTEXT('2D SPACE',''
  ) );
#1908 = PCURVE('',#1909,#1914);
#1909 = PLANE('',#1910);
#1910 = AXIS2_PLACEMENT_3D('',#1911,#1912,#1913);
#1911 = CARTESIAN_POINT('',(-9.899494936612,185.89949493661,
    159.93139720814));
#1912 = DIRECTION('',(-6.661338147751E-16,7.495338295473E-15,1.));
#1913 = DIRECTION('',(5.318914247286E-16,-1.,7.495338295473E-15));
#1914 = DEFINITIONAL_REPRESENTATION('',(#1915),#1919);
#1915 = CIRCLE('',#1916,3.1);
#1916 = AXIS2_PLACEMENT_2D('',#1917,#1918);
#1917 = CARTESIAN_POINT('',(0.,0.));
#1918 = DIRECTION('',(1.,0.));
#1919 = ( GEOMETRIC_REPRESENTATION_CONTEXT(2) 
PARAMETRIC_REPRESENTATION_CONTEXT() REPRESENTATION_CONTEXT('2D SPACE',''
  ) );
#1920 = ADVANCED_FACE('',(#1921),#1775,.F.);
#1921 = FACE_BOUND('',#1922,.F.);
#1922 = EDGE_LOOP('',(#1923,#1948,#1974,#1975));
#1923 = ORIENTED_EDGE('',*,*,#1924,.T.);
#1924 = EDGE_CURVE('',#1925,#1927,#1929,.T.);
#1925 = VERTEX_POINT('',#1926);
#1926 = CARTESIAN_POINT('',(-8.808773020685,182.99771518926,
    159.93139720814));
#1927 = VERTEX_POINT('',#1928);
#1928 = CARTESIAN_POINT('',(-8.808773020685,182.99771518926,
    161.13139720814));
#1929 = SURFACE_CURVE('',#1930,(#1934,#1941),.PCURVE_S1.);
#1930 = LINE('',#1931,#1932);
#1931 = CARTESIAN_POINT('',(-8.808773020685,182.99771518926,
    161.78139720814));
#1932 = VECTOR('',#1933,1.);
#1933 = DIRECTION('',(-6.661338147751E-16,7.495338295473E-15,1.));
#1934 = PCURVE('',#1775,#1935);
#1935 = DEFINITIONAL_REPRESENTATION('',(#1936),#1940);
#1936 = LINE('',#1937,#1938);
#1937 = CARTESIAN_POINT('',(0.359542239017,1.85));
#1938 = VECTOR('',#1939,1.);
#1939 = DIRECTION('',(0.,1.));
#1940 = ( GEOMETRIC_REPRESENTATION_CONTEXT(2) 
PARAMETRIC_REPRESENTATION_CONTEXT() REPRESENTATION_CONTEXT('2D SPACE',''
  ) );
#1941 = PCURVE('',#1637,#1942);
#1942 = DEFINITIONAL_REPRESENTATION('',(#1943),#1947);
#1943 = LINE('',#1944,#1945);
#1944 = CARTESIAN_POINT('',(5.383707751272,1.85));
#1945 = VECTOR('',#1946,1.);
#1946 = DIRECTION('',(0.,-1.));
#1947 = ( GEOMETRIC_REPRESENTATION_CONTEXT(2) 
PARAMETRIC_REPRESENTATION_CONTEXT() REPRESENTATION_CONTEXT('2D SPACE',''
  ) );
#1948 = ORIENTED_EDGE('',*,*,#1949,.T.);
#1949 = EDGE_CURVE('',#1927,#1755,#1950,.T.);
#1950 = SURFACE_CURVE('',#1951,(#1956,#1963),.PCURVE_S1.);
#1951 = CIRCLE('',#1952,3.1);
#1952 = AXIS2_PLACEMENT_3D('',#1953,#1954,#1955);
#1953 = CARTESIAN_POINT('',(-9.899494936612,185.89949493661,
    161.13139720814));
#1954 = DIRECTION('',(6.661338147751E-16,-7.495338295473E-15,-1.));
#1955 = DIRECTION('',(5.318914247286E-16,-1.,7.495338295473E-15));
#1956 = PCURVE('',#1775,#1957);
#1957 = DEFINITIONAL_REPRESENTATION('',(#1958),#1962);
#1958 = LINE('',#1959,#1960);
#1959 = CARTESIAN_POINT('',(6.28318530718,1.2));
#1960 = VECTOR('',#1961,1.);
#1961 = DIRECTION('',(-1.,0.));
#1962 = ( GEOMETRIC_REPRESENTATION_CONTEXT(2) 
PARAMETRIC_REPRESENTATION_CONTEXT() REPRESENTATION_CONTEXT('2D SPACE',''
  ) );
#1963 = PCURVE('',#1545,#1964);
#1964 = DEFINITIONAL_REPRESENTATION('',(#1965),#1973);
#1965 = ( BOUNDED_CURVE() B_SPLINE_CURVE(2,(#1966,#1967,#1968,#1969,
#1970,#1971,#1972),.UNSPECIFIED.,.T.,.F.) B_SPLINE_CURVE_WITH_KNOTS((1,2
    ,2,2,2,1),(-2.094395102393,0.,2.094395102393,4.188790204786,
6.28318530718,8.377580409573),.UNSPECIFIED.) CURVE() 
GEOMETRIC_REPRESENTATION_ITEM() RATIONAL_B_SPLINE_CURVE((1.,0.5,1.,0.5,
1.,0.5,1.)) REPRESENTATION_ITEM('') );
#1966 = CARTESIAN_POINT('',(-6.799494936612,-9.899494936612));
#1967 = CARTESIAN_POINT('',(-6.799494936612,-15.26885244007));
#1968 = CARTESIAN_POINT('',(-11.44949493661,-12.58417368834));
#1969 = CARTESIAN_POINT('',(-16.09949493661,-9.899494936612));
#1970 = CARTESIAN_POINT('',(-11.44949493661,-7.21481618488));
#1971 = CARTESIAN_POINT('',(-6.799494936612,-4.530137433148));
#1972 = CARTESIAN_POINT('',(-6.799494936612,-9.899494936612));
#1973 = ( GEOMETRIC_REPRESENTATION_CONTEXT(2) 
PARAMETRIC_REPRESENTATION_CONTEXT() REPRESENTATION_CONTEXT('2D SPACE',''
  ) );
#1974 = ORIENTED_EDGE('',*,*,#1752,.F.);
#1975 = ORIENTED_EDGE('',*,*,#1976,.T.);
#1976 = EDGE_CURVE('',#1753,#1925,#1977,.T.);
#1977 = SURFACE_CURVE('',#1978,(#1983,#1990),.PCURVE_S1.);
#1978 = CIRCLE('',#1979,3.1);
#1979 = AXIS2_PLACEMENT_3D('',#1980,#1981,#1982);
#1980 = CARTESIAN_POINT('',(-9.899494936612,185.89949493661,
    159.93139720814));
#1981 = DIRECTION('',(-6.661338147751E-16,7.495338295473E-15,1.));
#1982 = DIRECTION('',(5.318914247286E-16,-1.,7.495338295473E-15));
#1983 = PCURVE('',#1775,#1984);
#1984 = DEFINITIONAL_REPRESENTATION('',(#1985),#1989);
#1985 = LINE('',#1986,#1987);
#1986 = CARTESIAN_POINT('',(0.,0.));
#1987 = VECTOR('',#1988,1.);
#1988 = DIRECTION('',(1.,0.));
#1989 = ( GEOMETRIC_REPRESENTATION_CONTEXT(2) 
PARAMETRIC_REPRESENTATION_CONTEXT() REPRESENTATION_CONTEXT('2D SPACE',''
  ) );
#1990 = PCURVE('',#1909,#1991);
#1991 = DEFINITIONAL_REPRESENTATION('',(#1992),#1996);
#1992 = CIRCLE('',#1993,3.1);
#1993 = AXIS2_PLACEMENT_2D('',#1994,#1995);
#1994 = CARTESIAN_POINT('',(0.,0.));
#1995 = DIRECTION('',(1.,0.));
#1996 = ( GEOMETRIC_REPRESENTATION_CONTEXT(2) 
PARAMETRIC_REPRESENTATION_CONTEXT() REPRESENTATION_CONTEXT('2D SPACE',''
  ) );
#1997 = ADVANCED_FACE('',(#1998),#2012,.F.);
#1998 = FACE_BOUND('',#1999,.F.);
#1999 = EDGE_LOOP('',(#2000,#2030,#2063,#2091,#2119,#2147));
#2000 = ORIENTED_EDGE('',*,*,#2001,.T.);
#2001 = EDGE_CURVE('',#2002,#2004,#2006,.T.);
#2002 = VERTEX_POINT('',#2003);
#2003 = CARTESIAN_POINT('',(6.997715189264,184.80877302068,
    159.93139720814));
#2004 = VERTEX_POINT('',#2005);
#2005 = CARTESIAN_POINT('',(6.997715189264,184.80877302068,
    161.13139720814));
#2006 = SURFACE_CURVE('',#2007,(#2011,#2023),.PCURVE_S1.);
#2007 = LINE('',#2008,#2009);
#2008 = CARTESIAN_POINT('',(6.997715189264,184.80877302068,
    161.78139720814));
#2009 = VECTOR('',#2010,1.);
#2010 = DIRECTION('',(-6.661338147751E-16,7.495338295473E-15,1.));
#2011 = PCURVE('',#2012,#2017);
#2012 = CYLINDRICAL_SURFACE('',#2013,3.1);
#2013 = AXIS2_PLACEMENT_3D('',#2014,#2015,#2016);
#2014 = CARTESIAN_POINT('',(9.899494936612,185.89949493661,
    159.93139720814));
#2015 = DIRECTION('',(-6.661338147751E-16,7.495338295473E-15,1.));
#2016 = DIRECTION('',(5.318914247286E-16,-1.,7.495338295473E-15));
#2017 = DEFINITIONAL_REPRESENTATION('',(#2018),#2022);
#2018 = LINE('',#2019,#2020);
#2019 = CARTESIAN_POINT('',(5.071931219402,1.85));
#2020 = VECTOR('',#2021,1.);
#2021 = DIRECTION('',(0.,1.));
#2022 = ( GEOMETRIC_REPRESENTATION_CONTEXT(2) 
PARAMETRIC_REPRESENTATION_CONTEXT() REPRESENTATION_CONTEXT('2D SPACE',''
  ) );
#2023 = PCURVE('',#1201,#2024);
#2024 = DEFINITIONAL_REPRESENTATION('',(#2025),#2029);
#2025 = LINE('',#2026,#2027);
#2026 = CARTESIAN_POINT('',(0.671318770887,1.85));
#2027 = VECTOR('',#2028,1.);
#2028 = DIRECTION('',(0.,-1.));
#2029 = ( GEOMETRIC_REPRESENTATION_CONTEXT(2) 
PARAMETRIC_REPRESENTATION_CONTEXT() REPRESENTATION_CONTEXT('2D SPACE',''
  ) );
#2030 = ORIENTED_EDGE('',*,*,#2031,.T.);
#2031 = EDGE_CURVE('',#2004,#2032,#2034,.T.);
#2032 = VERTEX_POINT('',#2033);
#2033 = CARTESIAN_POINT('',(7.575635395031,187.9512446365,
    161.13139720814));
#2034 = SURFACE_CURVE('',#2035,(#2040,#2047),.PCURVE_S1.);
#2035 = CIRCLE('',#2036,3.1);
#2036 = AXIS2_PLACEMENT_3D('',#2037,#2038,#2039);
#2037 = CARTESIAN_POINT('',(9.899494936612,185.89949493661,
    161.13139720814));
#2038 = DIRECTION('',(6.661338147751E-16,-7.495338295473E-15,-1.));
#2039 = DIRECTION('',(5.318914247286E-16,-1.,7.495338295473E-15));
#2040 = PCURVE('',#2012,#2041);
#2041 = DEFINITIONAL_REPRESENTATION('',(#2042),#2046);
#2042 = LINE('',#2043,#2044);
#2043 = CARTESIAN_POINT('',(6.28318530718,1.2));
#2044 = VECTOR('',#2045,1.);
#2045 = DIRECTION('',(-1.,0.));
#2046 = ( GEOMETRIC_REPRESENTATION_CONTEXT(2) 
PARAMETRIC_REPRESENTATION_CONTEXT() REPRESENTATION_CONTEXT('2D SPACE',''
  ) );
#2047 = PCURVE('',#2048,#2053);
#2048 = PLANE('',#2049);
#2049 = AXIS2_PLACEMENT_3D('',#2050,#2051,#2052);
#2050 = CARTESIAN_POINT('',(-1.06581410364E-13,176.,161.13139720814));
#2051 = DIRECTION('',(-6.661338147751E-16,7.495338295473E-15,1.));
#2052 = DIRECTION('',(5.318914247286E-16,-1.,7.495338295473E-15));
#2053 = DEFINITIONAL_REPRESENTATION('',(#2054),#2062);
#2054 = ( BOUNDED_CURVE() B_SPLINE_CURVE(2,(#2055,#2056,#2057,#2058,
#2059,#2060,#2061),.UNSPECIFIED.,.T.,.F.) B_SPLINE_CURVE_WITH_KNOTS((1,2
    ,2,2,2,1),(-2.094395102393,0.,2.094395102393,4.188790204786,
6.28318530718,8.377580409573),.UNSPECIFIED.) CURVE() 
GEOMETRIC_REPRESENTATION_ITEM() RATIONAL_B_SPLINE_CURVE((1.,0.5,1.,0.5,
1.,0.5,1.)) REPRESENTATION_ITEM('') );
#2055 = CARTESIAN_POINT('',(-6.799494936612,9.899494936612));
#2056 = CARTESIAN_POINT('',(-6.799494936612,4.530137433148));
#2057 = CARTESIAN_POINT('',(-11.44949493661,7.21481618488));
#2058 = CARTESIAN_POINT('',(-16.09949493661,9.899494936612));
#2059 = CARTESIAN_POINT('',(-11.44949493661,12.584173688343));
#2060 = CARTESIAN_POINT('',(-6.799494936612,15.268852440075));
#2061 = CARTESIAN_POINT('',(-6.799494936612,9.899494936612));
#2062 = ( GEOMETRIC_REPRESENTATION_CONTEXT(2) 
PARAMETRIC_REPRESENTATION_CONTEXT() REPRESENTATION_CONTEXT('2D SPACE',''
  ) );
#2063 = ORIENTED_EDGE('',*,*,#2064,.F.);
#2064 = EDGE_CURVE('',#2065,#2032,#2067,.T.);
#2065 = VERTEX_POINT('',#2066);
#2066 = CARTESIAN_POINT('',(7.575635395031,187.9512446365,
    163.63139720814));
#2067 = SURFACE_CURVE('',#2068,(#2072,#2079),.PCURVE_S1.);
#2068 = LINE('',#2069,#2070);
#2069 = CARTESIAN_POINT('',(7.575635395031,187.9512446365,
    162.38139720814));
#2070 = VECTOR('',#2071,1.);
#2071 = DIRECTION('',(6.661338147751E-16,-7.495338295473E-15,-1.));
#2072 = PCURVE('',#2012,#2073);
#2073 = DEFINITIONAL_REPRESENTATION('',(#2074),#2078);
#2074 = LINE('',#2075,#2076);
#2075 = CARTESIAN_POINT('',(3.989098710703,2.45));
#2076 = VECTOR('',#2077,1.);
#2077 = DIRECTION('',(0.,-1.));
#2078 = ( GEOMETRIC_REPRESENTATION_CONTEXT(2) 
PARAMETRIC_REPRESENTATION_CONTEXT() REPRESENTATION_CONTEXT('2D SPACE',''
  ) );
#2079 = PCURVE('',#2080,#2085);
#2080 = CYLINDRICAL_SURFACE('',#2081,14.15);
#2081 = AXIS2_PLACEMENT_3D('',#2082,#2083,#2084);
#2082 = CARTESIAN_POINT('',(-1.06581410364E-13,176.,161.13139720814));
#2083 = DIRECTION('',(-6.661338147751E-16,7.495338295473E-15,1.));
#2084 = DIRECTION('',(5.318914247286E-16,-1.,7.495338295473E-15));
#2085 = DEFINITIONAL_REPRESENTATION('',(#2086),#2090);
#2086 = LINE('',#2087,#2088);
#2087 = CARTESIAN_POINT('',(2.576634357038,1.25));
#2088 = VECTOR('',#2089,1.);
#2089 = DIRECTION('',(0.,-1.));
#2090 = ( GEOMETRIC_REPRESENTATION_CONTEXT(2) 
PARAMETRIC_REPRESENTATION_CONTEXT() REPRESENTATION_CONTEXT('2D SPACE',''
  ) );
#2091 = ORIENTED_EDGE('',*,*,#2092,.F.);
#2092 = EDGE_CURVE('',#2093,#2065,#2095,.T.);
#2093 = VERTEX_POINT('',#2094);
#2094 = CARTESIAN_POINT('',(9.899494936612,188.99949493661,
    163.63139720814));
#2095 = SURFACE_CURVE('',#2096,(#2101,#2108),.PCURVE_S1.);
#2096 = CIRCLE('',#2097,3.1);
#2097 = AXIS2_PLACEMENT_3D('',#2098,#2099,#2100);
#2098 = CARTESIAN_POINT('',(9.899494936612,185.89949493661,
    163.63139720814));
#2099 = DIRECTION('',(-6.661338147751E-16,7.495338295473E-15,1.));
#2100 = DIRECTION('',(5.318914247286E-16,-1.,7.495338295473E-15));
#2101 = PCURVE('',#2012,#2102);
#2102 = DEFINITIONAL_REPRESENTATION('',(#2103),#2107);
#2103 = LINE('',#2104,#2105);
#2104 = CARTESIAN_POINT('',(0.,3.7));
#2105 = VECTOR('',#2106,1.);
#2106 = DIRECTION('',(1.,0.));
#2107 = ( GEOMETRIC_REPRESENTATION_CONTEXT(2) 
PARAMETRIC_REPRESENTATION_CONTEXT() REPRESENTATION_CONTEXT('2D SPACE',''
  ) );
#2108 = PCURVE('',#1104,#2109);
#2109 = DEFINITIONAL_REPRESENTATION('',(#2110),#2118);
#2110 = ( BOUNDED_CURVE() B_SPLINE_CURVE(2,(#2111,#2112,#2113,#2114,
#2115,#2116,#2117),.UNSPECIFIED.,.T.,.F.) B_SPLINE_CURVE_WITH_KNOTS((1,2
    ,2,2,2,1),(-2.094395102393,0.,2.094395102393,4.188790204786,
6.28318530718,8.377580409573),.UNSPECIFIED.) CURVE() 
GEOMETRIC_REPRESENTATION_ITEM() RATIONAL_B_SPLINE_CURVE((1.,0.5,1.,0.5,
1.,0.5,1.)) REPRESENTATION_ITEM('') );
#2111 = CARTESIAN_POINT('',(6.799494936612,-31.60050506338));
#2112 = CARTESIAN_POINT('',(6.799494936612,-26.23114755992));
#2113 = CARTESIAN_POINT('',(11.449494936612,-28.91582631165));
#2114 = CARTESIAN_POINT('',(16.099494936612,-31.60050506338));
#2115 = CARTESIAN_POINT('',(11.449494936612,-34.28518381512));
#2116 = CARTESIAN_POINT('',(6.799494936612,-36.96986256685));
#2117 = CARTESIAN_POINT('',(6.799494936612,-31.60050506338));
#2118 = ( GEOMETRIC_REPRESENTATION_CONTEXT(2) 
PARAMETRIC_REPRESENTATION_CONTEXT() REPRESENTATION_CONTEXT('2D SPACE',''
  ) );
#2119 = ORIENTED_EDGE('',*,*,#2120,.F.);
#2120 = EDGE_CURVE('',#2121,#2093,#2123,.T.);
#2121 = VERTEX_POINT('',#2122);
#2122 = CARTESIAN_POINT('',(9.899494936612,188.99949493661,
    159.93139720814));
#2123 = SURFACE_CURVE('',#2124,(#2128,#2135),.PCURVE_S1.);
#2124 = LINE('',#2125,#2126);
#2125 = CARTESIAN_POINT('',(9.899494936612,188.99949493661,
    159.93139720814));
#2126 = VECTOR('',#2127,1.);
#2127 = DIRECTION('',(-6.661338147751E-16,7.495338295473E-15,1.));
#2128 = PCURVE('',#2012,#2129);
#2129 = DEFINITIONAL_REPRESENTATION('',(#2130),#2134);
#2130 = LINE('',#2131,#2132);
#2131 = CARTESIAN_POINT('',(3.14159265359,0.));
#2132 = VECTOR('',#2133,1.);
#2133 = DIRECTION('',(0.,1.));
#2134 = ( GEOMETRIC_REPRESENTATION_CONTEXT(2) 
PARAMETRIC_REPRESENTATION_CONTEXT() REPRESENTATION_CONTEXT('2D SPACE',''
  ) );
#2135 = PCURVE('',#2136,#2141);
#2136 = CYLINDRICAL_SURFACE('',#2137,3.1);
#2137 = AXIS2_PLACEMENT_3D('',#2138,#2139,#2140);
#2138 = CARTESIAN_POINT('',(9.899494936612,185.89949493661,
    159.93139720814));
#2139 = DIRECTION('',(-6.661338147751E-16,7.495338295473E-15,1.));
#2140 = DIRECTION('',(5.318914247286E-16,-1.,7.495338295473E-15));
#2141 = DEFINITIONAL_REPRESENTATION('',(#2142),#2146);
#2142 = LINE('',#2143,#2144);
#2143 = CARTESIAN_POINT('',(3.14159265359,0.));
#2144 = VECTOR('',#2145,1.);
#2145 = DIRECTION('',(0.,1.));
#2146 = ( GEOMETRIC_REPRESENTATION_CONTEXT(2) 
PARAMETRIC_REPRESENTATION_CONTEXT() REPRESENTATION_CONTEXT('2D SPACE',''
  ) );
#2147 = ORIENTED_EDGE('',*,*,#2148,.T.);
#2148 = EDGE_CURVE('',#2121,#2002,#2149,.T.);
#2149 = SURFACE_CURVE('',#2150,(#2155,#2162),.PCURVE_S1.);
#2150 = CIRCLE('',#2151,3.1);
#2151 = AXIS2_PLACEMENT_3D('',#2152,#2153,#2154);
#2152 = CARTESIAN_POINT('',(9.899494936612,185.89949493661,
    159.93139720814));
#2153 = DIRECTION('',(-6.661338147751E-16,7.495338295473E-15,1.));
#2154 = DIRECTION('',(5.318914247286E-16,-1.,7.495338295473E-15));
#2155 = PCURVE('',#2012,#2156);
#2156 = DEFINITIONAL_REPRESENTATION('',(#2157),#2161);
#2157 = LINE('',#2158,#2159);
#2158 = CARTESIAN_POINT('',(0.,0.));
#2159 = VECTOR('',#2160,1.);
#2160 = DIRECTION('',(1.,0.));
#2161 = ( GEOMETRIC_REPRESENTATION_CONTEXT(2) 
PARAMETRIC_REPRESENTATION_CONTEXT() REPRESENTATION_CONTEXT('2D SPACE',''
  ) );
#2162 = PCURVE('',#2163,#2168);
#2163 = PLANE('',#2164);
#2164 = AXIS2_PLACEMENT_3D('',#2165,#2166,#2167);
#2165 = CARTESIAN_POINT('',(9.899494936612,185.89949493661,
    159.93139720814));
#2166 = DIRECTION('',(-6.661338147751E-16,7.495338295473E-15,1.));
#2167 = DIRECTION('',(5.318914247286E-16,-1.,7.495338295473E-15));
#2168 = DEFINITIONAL_REPRESENTATION('',(#2169),#2173);
#2169 = CIRCLE('',#2170,3.1);
#2170 = AXIS2_PLACEMENT_2D('',#2171,#2172);
#2171 = CARTESIAN_POINT('',(0.,0.));
#2172 = DIRECTION('',(1.,0.));
#2173 = ( GEOMETRIC_REPRESENTATION_CONTEXT(2) 
PARAMETRIC_REPRESENTATION_CONTEXT() REPRESENTATION_CONTEXT('2D SPACE',''
  ) );
#2174 = ADVANCED_FACE('',(#2175),#2136,.F.);
#2175 = FACE_BOUND('',#2176,.F.);
#2176 = EDGE_LOOP('',(#2177,#2205,#2228,#2256,#2284,#2306));
#2177 = ORIENTED_EDGE('',*,*,#2178,.F.);
#2178 = EDGE_CURVE('',#2179,#2093,#2181,.T.);
#2179 = VERTEX_POINT('',#2180);
#2180 = CARTESIAN_POINT('',(11.951244636503,183.57563539503,
    163.63139720814));
#2181 = SURFACE_CURVE('',#2182,(#2187,#2194),.PCURVE_S1.);
#2182 = CIRCLE('',#2183,3.1);
#2183 = AXIS2_PLACEMENT_3D('',#2184,#2185,#2186);
#2184 = CARTESIAN_POINT('',(9.899494936612,185.89949493661,
    163.63139720814));
#2185 = DIRECTION('',(-6.661338147751E-16,7.495338295473E-15,1.));
#2186 = DIRECTION('',(5.318914247286E-16,-1.,7.495338295473E-15));
#2187 = PCURVE('',#2136,#2188);
#2188 = DEFINITIONAL_REPRESENTATION('',(#2189),#2193);
#2189 = LINE('',#2190,#2191);
#2190 = CARTESIAN_POINT('',(0.,3.7));
#2191 = VECTOR('',#2192,1.);
#2192 = DIRECTION('',(1.,0.));
#2193 = ( GEOMETRIC_REPRESENTATION_CONTEXT(2) 
PARAMETRIC_REPRESENTATION_CONTEXT() REPRESENTATION_CONTEXT('2D SPACE',''
  ) );
#2194 = PCURVE('',#1104,#2195);
#2195 = DEFINITIONAL_REPRESENTATION('',(#2196),#2204);
#2196 = ( BOUNDED_CURVE() B_SPLINE_CURVE(2,(#2197,#2198,#2199,#2200,
#2201,#2202,#2203),.UNSPECIFIED.,.T.,.F.) B_SPLINE_CURVE_WITH_KNOTS((1,2
    ,2,2,2,1),(-2.094395102393,0.,2.094395102393,4.188790204786,
6.28318530718,8.377580409573),.UNSPECIFIED.) CURVE() 
GEOMETRIC_REPRESENTATION_ITEM() RATIONAL_B_SPLINE_CURVE((1.,0.5,1.,0.5,
1.,0.5,1.)) REPRESENTATION_ITEM('') );
#2197 = CARTESIAN_POINT('',(6.799494936612,-31.60050506338));
#2198 = CARTESIAN_POINT('',(6.799494936612,-26.23114755992));
#2199 = CARTESIAN_POINT('',(11.449494936612,-28.91582631165));
#2200 = CARTESIAN_POINT('',(16.099494936612,-31.60050506338));
#2201 = CARTESIAN_POINT('',(11.449494936612,-34.28518381512));
#2202 = CARTESIAN_POINT('',(6.799494936612,-36.96986256685));
#2203 = CARTESIAN_POINT('',(6.799494936612,-31.60050506338));
#2204 = ( GEOMETRIC_REPRESENTATION_CONTEXT(2) 
PARAMETRIC_REPRESENTATION_CONTEXT() REPRESENTATION_CONTEXT('2D SPACE',''
  ) );
#2205 = ORIENTED_EDGE('',*,*,#2206,.F.);
#2206 = EDGE_CURVE('',#2207,#2179,#2209,.T.);
#2207 = VERTEX_POINT('',#2208);
#2208 = CARTESIAN_POINT('',(11.951244636503,183.57563539503,
    161.13139720814));
#2209 = SURFACE_CURVE('',#2210,(#2214,#2221),.PCURVE_S1.);
#2210 = LINE('',#2211,#2212);
#2211 = CARTESIAN_POINT('',(11.951244636503,183.57563539503,
    162.38139720814));
#2212 = VECTOR('',#2213,1.);
#2213 = DIRECTION('',(-6.661338147751E-16,7.495338295473E-15,1.));
#2214 = PCURVE('',#2136,#2215);
#2215 = DEFINITIONAL_REPRESENTATION('',(#2216),#2220);
#2216 = LINE('',#2217,#2218);
#2217 = CARTESIAN_POINT('',(0.723290269681,2.45));
#2218 = VECTOR('',#2219,1.);
#2219 = DIRECTION('',(0.,1.));
#2220 = ( GEOMETRIC_REPRESENTATION_CONTEXT(2) 
PARAMETRIC_REPRESENTATION_CONTEXT() REPRESENTATION_CONTEXT('2D SPACE',''
  ) );
#2221 = PCURVE('',#1348,#2222);
#2222 = DEFINITIONAL_REPRESENTATION('',(#2223),#2227);
#2223 = LINE('',#2224,#2225);
#2224 = CARTESIAN_POINT('',(2.135754623346,1.25));
#2225 = VECTOR('',#2226,1.);
#2226 = DIRECTION('',(0.,1.));
#2227 = ( GEOMETRIC_REPRESENTATION_CONTEXT(2) 
PARAMETRIC_REPRESENTATION_CONTEXT() REPRESENTATION_CONTEXT('2D SPACE',''
  ) );
#2228 = ORIENTED_EDGE('',*,*,#2229,.T.);
#2229 = EDGE_CURVE('',#2207,#2230,#2232,.T.);
#2230 = VERTEX_POINT('',#2231);
#2231 = CARTESIAN_POINT('',(9.899494936612,182.79949493661,
    161.13139720814));
#2232 = SURFACE_CURVE('',#2233,(#2238,#2245),.PCURVE_S1.);
#2233 = CIRCLE('',#2234,3.1);
#2234 = AXIS2_PLACEMENT_3D('',#2235,#2236,#2237);
#2235 = CARTESIAN_POINT('',(9.899494936612,185.89949493661,
    161.13139720814));
#2236 = DIRECTION('',(6.661338147751E-16,-7.495338295473E-15,-1.));
#2237 = DIRECTION('',(5.318914247286E-16,-1.,7.495338295473E-15));
#2238 = PCURVE('',#2136,#2239);
#2239 = DEFINITIONAL_REPRESENTATION('',(#2240),#2244);
#2240 = LINE('',#2241,#2242);
#2241 = CARTESIAN_POINT('',(6.28318530718,1.2));
#2242 = VECTOR('',#2243,1.);
#2243 = DIRECTION('',(-1.,0.));
#2244 = ( GEOMETRIC_REPRESENTATION_CONTEXT(2) 
PARAMETRIC_REPRESENTATION_CONTEXT() REPRESENTATION_CONTEXT('2D SPACE',''
  ) );
#2245 = PCURVE('',#1230,#2246);
#2246 = DEFINITIONAL_REPRESENTATION('',(#2247),#2255);
#2247 = ( BOUNDED_CURVE() B_SPLINE_CURVE(2,(#2248,#2249,#2250,#2251,
#2252,#2253,#2254),.UNSPECIFIED.,.T.,.F.) B_SPLINE_CURVE_WITH_KNOTS((1,2
    ,2,2,2,1),(-2.094395102393,0.,2.094395102393,4.188790204786,
6.28318530718,8.377580409573),.UNSPECIFIED.) CURVE() 
GEOMETRIC_REPRESENTATION_ITEM() RATIONAL_B_SPLINE_CURVE((1.,0.5,1.,0.5,
1.,0.5,1.)) REPRESENTATION_ITEM('') );
#2248 = CARTESIAN_POINT('',(-6.799494936612,9.899494936612));
#2249 = CARTESIAN_POINT('',(-6.799494936612,4.530137433148));
#2250 = CARTESIAN_POINT('',(-11.44949493661,7.21481618488));
#2251 = CARTESIAN_POINT('',(-16.09949493661,9.899494936612));
#2252 = CARTESIAN_POINT('',(-11.44949493661,12.584173688343));
#2253 = CARTESIAN_POINT('',(-6.799494936612,15.268852440075));
#2254 = CARTESIAN_POINT('',(-6.799494936612,9.899494936612));
#2255 = ( GEOMETRIC_REPRESENTATION_CONTEXT(2) 
PARAMETRIC_REPRESENTATION_CONTEXT() REPRESENTATION_CONTEXT('2D SPACE',''
  ) );
#2256 = ORIENTED_EDGE('',*,*,#2257,.F.);
#2257 = EDGE_CURVE('',#2258,#2230,#2260,.T.);
#2258 = VERTEX_POINT('',#2259);
#2259 = CARTESIAN_POINT('',(9.899494936612,182.79949493661,
    159.93139720814));
#2260 = SURFACE_CURVE('',#2261,(#2265,#2272),.PCURVE_S1.);
#2261 = LINE('',#2262,#2263);
#2262 = CARTESIAN_POINT('',(9.899494936612,182.79949493661,
    159.93139720814));
#2263 = VECTOR('',#2264,1.);
#2264 = DIRECTION('',(-6.661338147751E-16,7.495338295473E-15,1.));
#2265 = PCURVE('',#2136,#2266);
#2266 = DEFINITIONAL_REPRESENTATION('',(#2267),#2271);
#2267 = LINE('',#2268,#2269);
#2268 = CARTESIAN_POINT('',(0.,0.));
#2269 = VECTOR('',#2270,1.);
#2270 = DIRECTION('',(0.,1.));
#2271 = ( GEOMETRIC_REPRESENTATION_CONTEXT(2) 
PARAMETRIC_REPRESENTATION_CONTEXT() REPRESENTATION_CONTEXT('2D SPACE',''
  ) );
#2272 = PCURVE('',#2273,#2278);
#2273 = CYLINDRICAL_SURFACE('',#2274,3.1);
#2274 = AXIS2_PLACEMENT_3D('',#2275,#2276,#2277);
#2275 = CARTESIAN_POINT('',(9.899494936612,185.89949493661,
    159.93139720814));
#2276 = DIRECTION('',(-6.661338147751E-16,7.495338295473E-15,1.));
#2277 = DIRECTION('',(5.318914247286E-16,-1.,7.495338295473E-15));
#2278 = DEFINITIONAL_REPRESENTATION('',(#2279),#2283);
#2279 = LINE('',#2280,#2281);
#2280 = CARTESIAN_POINT('',(6.28318530718,0.));
#2281 = VECTOR('',#2282,1.);
#2282 = DIRECTION('',(0.,1.));
#2283 = ( GEOMETRIC_REPRESENTATION_CONTEXT(2) 
PARAMETRIC_REPRESENTATION_CONTEXT() REPRESENTATION_CONTEXT('2D SPACE',''
  ) );
#2284 = ORIENTED_EDGE('',*,*,#2285,.T.);
#2285 = EDGE_CURVE('',#2258,#2121,#2286,.T.);
#2286 = SURFACE_CURVE('',#2287,(#2292,#2299),.PCURVE_S1.);
#2287 = CIRCLE('',#2288,3.1);
#2288 = AXIS2_PLACEMENT_3D('',#2289,#2290,#2291);
#2289 = CARTESIAN_POINT('',(9.899494936612,185.89949493661,
    159.93139720814));
#2290 = DIRECTION('',(-6.661338147751E-16,7.495338295473E-15,1.));
#2291 = DIRECTION('',(5.318914247286E-16,-1.,7.495338295473E-15));
#2292 = PCURVE('',#2136,#2293);
#2293 = DEFINITIONAL_REPRESENTATION('',(#2294),#2298);
#2294 = LINE('',#2295,#2296);
#2295 = CARTESIAN_POINT('',(0.,0.));
#2296 = VECTOR('',#2297,1.);
#2297 = DIRECTION('',(1.,0.));
#2298 = ( GEOMETRIC_REPRESENTATION_CONTEXT(2) 
PARAMETRIC_REPRESENTATION_CONTEXT() REPRESENTATION_CONTEXT('2D SPACE',''
  ) );
#2299 = PCURVE('',#2163,#2300);
#2300 = DEFINITIONAL_REPRESENTATION('',(#2301),#2305);
#2301 = CIRCLE('',#2302,3.1);
#2302 = AXIS2_PLACEMENT_2D('',#2303,#2304);
#2303 = CARTESIAN_POINT('',(0.,0.));
#2304 = DIRECTION('',(1.,0.));
#2305 = ( GEOMETRIC_REPRESENTATION_CONTEXT(2) 
PARAMETRIC_REPRESENTATION_CONTEXT() REPRESENTATION_CONTEXT('2D SPACE',''
  ) );
#2306 = ORIENTED_EDGE('',*,*,#2120,.T.);
#2307 = ADVANCED_FACE('',(#2308),#339,.T.);
#2308 = FACE_BOUND('',#2309,.T.);
#2309 = EDGE_LOOP('',(#2310,#2311,#2339,#2368));
#2310 = ORIENTED_EDGE('',*,*,#322,.T.);
#2311 = ORIENTED_EDGE('',*,*,#2312,.T.);
#2312 = EDGE_CURVE('',#295,#2313,#2315,.T.);
#2313 = VERTEX_POINT('',#2314);
#2314 = CARTESIAN_POINT('',(36.5,176.,28.631397208143));
#2315 = SURFACE_CURVE('',#2316,(#2320,#2327),.PCURVE_S1.);
#2316 = LINE('',#2317,#2318);
#2317 = CARTESIAN_POINT('',(47.5,176.,28.631397208143));
#2318 = VECTOR('',#2319,1.);
#2319 = DIRECTION('',(-1.,-5.318914247286E-16,-6.661338147751E-16));
#2320 = PCURVE('',#339,#2321);
#2321 = DEFINITIONAL_REPRESENTATION('',(#2322),#2326);
#2322 = LINE('',#2323,#2324);
#2323 = CARTESIAN_POINT('',(6.28318530718,0.));
#2324 = VECTOR('',#2325,1.);
#2325 = DIRECTION('',(0.,1.));
#2326 = ( GEOMETRIC_REPRESENTATION_CONTEXT(2) 
PARAMETRIC_REPRESENTATION_CONTEXT() REPRESENTATION_CONTEXT('2D SPACE',''
  ) );
#2327 = PCURVE('',#2328,#2333);
#2328 = CYLINDRICAL_SURFACE('',#2329,19.);
#2329 = AXIS2_PLACEMENT_3D('',#2330,#2331,#2332);
#2330 = CARTESIAN_POINT('',(47.5,176.,47.631397208143));
#2331 = DIRECTION('',(-1.,-5.318914247286E-16,-6.661338147751E-16));
#2332 = DIRECTION('',(6.661338147751E-16,-7.495338295473E-15,-1.));
#2333 = DEFINITIONAL_REPRESENTATION('',(#2334),#2338);
#2334 = LINE('',#2335,#2336);
#2335 = CARTESIAN_POINT('',(0.,0.));
#2336 = VECTOR('',#2337,1.);
#2337 = DIRECTION('',(0.,1.));
#2338 = ( GEOMETRIC_REPRESENTATION_CONTEXT(2) 
PARAMETRIC_REPRESENTATION_CONTEXT() REPRESENTATION_CONTEXT('2D SPACE',''
  ) );
#2339 = ORIENTED_EDGE('',*,*,#2340,.T.);
#2340 = EDGE_CURVE('',#2313,#2341,#2343,.T.);
#2341 = VERTEX_POINT('',#2342);
#2342 = CARTESIAN_POINT('',(36.5,195.,47.631397208143));
#2343 = SURFACE_CURVE('',#2344,(#2349,#2356),.PCURVE_S1.);
#2344 = CIRCLE('',#2345,19.);
#2345 = AXIS2_PLACEMENT_3D('',#2346,#2347,#2348);
#2346 = CARTESIAN_POINT('',(36.5,176.,47.631397208143));
#2347 = DIRECTION('',(1.,5.318914247286E-16,6.661338147751E-16));
#2348 = DIRECTION('',(6.661338147751E-16,-7.495338295473E-15,-1.));
#2349 = PCURVE('',#339,#2350);
#2350 = DEFINITIONAL_REPRESENTATION('',(#2351),#2355);
#2351 = LINE('',#2352,#2353);
#2352 = CARTESIAN_POINT('',(6.28318530718,11.));
#2353 = VECTOR('',#2354,1.);
#2354 = DIRECTION('',(-1.,0.));
#2355 = ( GEOMETRIC_REPRESENTATION_CONTEXT(2) 
PARAMETRIC_REPRESENTATION_CONTEXT() REPRESENTATION_CONTEXT('2D SPACE',''
  ) );
#2356 = PCURVE('',#2357,#2362);
#2357 = CONICAL_SURFACE('',#2358,18.,0.785398163397);
#2358 = AXIS2_PLACEMENT_3D('',#2359,#2360,#2361);
#2359 = CARTESIAN_POINT('',(35.5,176.,47.631397208143));
#2360 = DIRECTION('',(1.,5.318914247286E-16,6.661338147751E-16));
#2361 = DIRECTION('',(-6.661338147751E-16,7.495338295473E-15,1.));
#2362 = DEFINITIONAL_REPRESENTATION('',(#2363),#2367);
#2363 = LINE('',#2364,#2365);
#2364 = CARTESIAN_POINT('',(3.14159265359,1.));
#2365 = VECTOR('',#2366,1.);
#2366 = DIRECTION('',(1.,0.));
#2367 = ( GEOMETRIC_REPRESENTATION_CONTEXT(2) 
PARAMETRIC_REPRESENTATION_CONTEXT() REPRESENTATION_CONTEXT('2D SPACE',''
  ) );
#2368 = ORIENTED_EDGE('',*,*,#2369,.T.);
#2369 = EDGE_CURVE('',#2341,#323,#2370,.T.);
#2370 = SURFACE_CURVE('',#2371,(#2375,#2382),.PCURVE_S1.);
#2371 = LINE('',#2372,#2373);
#2372 = CARTESIAN_POINT('',(-3.986261662177,195.,47.631397208143));
#2373 = VECTOR('',#2374,1.);
#2374 = DIRECTION('',(1.,5.318914247286E-16,6.661338147751E-16));
#2375 = PCURVE('',#339,#2376);
#2376 = DEFINITIONAL_REPRESENTATION('',(#2377),#2381);
#2377 = LINE('',#2378,#2379);
#2378 = CARTESIAN_POINT('',(4.712388980385,51.486261662177));
#2379 = VECTOR('',#2380,1.);
#2380 = DIRECTION('',(0.,-1.));
#2381 = ( GEOMETRIC_REPRESENTATION_CONTEXT(2) 
PARAMETRIC_REPRESENTATION_CONTEXT() REPRESENTATION_CONTEXT('2D SPACE',''
  ) );
#2382 = PCURVE('',#2383,#2388);
#2383 = PLANE('',#2384);
#2384 = AXIS2_PLACEMENT_3D('',#2385,#2386,#2387);
#2385 = CARTESIAN_POINT('',(-3.986261662177,195.,47.631397208143));
#2386 = DIRECTION('',(-5.318914247286E-16,1.,-7.495338295473E-15));
#2387 = DIRECTION('',(-6.661338147751E-16,7.495338295473E-15,1.));
#2388 = DEFINITIONAL_REPRESENTATION('',(#2389),#2393);
#2389 = LINE('',#2390,#2391);
#2390 = CARTESIAN_POINT('',(0.,0.));
#2391 = VECTOR('',#2392,1.);
#2392 = DIRECTION('',(0.,1.));
#2393 = ( GEOMETRIC_REPRESENTATION_CONTEXT(2) 
PARAMETRIC_REPRESENTATION_CONTEXT() REPRESENTATION_CONTEXT('2D SPACE',''
  ) );
#2394 = ADVANCED_FACE('',(#2395),#2409,.F.);
#2395 = FACE_BOUND('',#2396,.F.);
#2396 = EDGE_LOOP('',(#2397,#2432,#2460,#2483));
#2397 = ORIENTED_EDGE('',*,*,#2398,.T.);
#2398 = EDGE_CURVE('',#2399,#2401,#2403,.T.);
#2399 = VERTEX_POINT('',#2400);
#2400 = CARTESIAN_POINT('',(9.899494936612,184.29949493661,
    157.63139720814));
#2401 = VERTEX_POINT('',#2402);
#2402 = CARTESIAN_POINT('',(9.899494936612,184.29949493661,
    159.93139720814));
#2403 = SURFACE_CURVE('',#2404,(#2408,#2420),.PCURVE_S1.);
#2404 = LINE('',#2405,#2406);
#2405 = CARTESIAN_POINT('',(9.899494936612,184.29949493661,
    28.631397208143));
#2406 = VECTOR('',#2407,1.);
#2407 = DIRECTION('',(-6.661338147751E-16,7.495338295473E-15,1.));
#2408 = PCURVE('',#2409,#2414);
#2409 = CYLINDRICAL_SURFACE('',#2410,1.6);
#2410 = AXIS2_PLACEMENT_3D('',#2411,#2412,#2413);
#2411 = CARTESIAN_POINT('',(9.899494936612,185.89949493661,
    28.631397208143));
#2412 = DIRECTION('',(-6.661338147751E-16,7.495338295473E-15,1.));
#2413 = DIRECTION('',(5.318914247286E-16,-1.,7.495338295473E-15));
#2414 = DEFINITIONAL_REPRESENTATION('',(#2415),#2419);
#2415 = LINE('',#2416,#2417);
#2416 = CARTESIAN_POINT('',(6.28318530718,0.));
#2417 = VECTOR('',#2418,1.);
#2418 = DIRECTION('',(0.,1.));
#2419 = ( GEOMETRIC_REPRESENTATION_CONTEXT(2) 
PARAMETRIC_REPRESENTATION_CONTEXT() REPRESENTATION_CONTEXT('2D SPACE',''
  ) );
#2420 = PCURVE('',#2421,#2426);
#2421 = CYLINDRICAL_SURFACE('',#2422,1.6);
#2422 = AXIS2_PLACEMENT_3D('',#2423,#2424,#2425);
#2423 = CARTESIAN_POINT('',(9.899494936612,185.89949493661,
    28.631397208143));
#2424 = DIRECTION('',(-6.661338147751E-16,7.495338295473E-15,1.));
#2425 = DIRECTION('',(5.318914247286E-16,-1.,7.495338295473E-15));
#2426 = DEFINITIONAL_REPRESENTATION('',(#2427),#2431);
#2427 = LINE('',#2428,#2429);
#2428 = CARTESIAN_POINT('',(0.,0.));
#2429 = VECTOR('',#2430,1.);
#2430 = DIRECTION('',(0.,1.));
#2431 = ( GEOMETRIC_REPRESENTATION_CONTEXT(2) 
PARAMETRIC_REPRESENTATION_CONTEXT() REPRESENTATION_CONTEXT('2D SPACE',''
  ) );
#2432 = ORIENTED_EDGE('',*,*,#2433,.T.);
#2433 = EDGE_CURVE('',#2401,#2434,#2436,.T.);
#2434 = VERTEX_POINT('',#2435);
#2435 = CARTESIAN_POINT('',(9.899494936612,187.49949493661,
    159.93139720814));
#2436 = SURFACE_CURVE('',#2437,(#2442,#2449),.PCURVE_S1.);
#2437 = CIRCLE('',#2438,1.6);
#2438 = AXIS2_PLACEMENT_3D('',#2439,#2440,#2441);
#2439 = CARTESIAN_POINT('',(9.899494936612,185.89949493661,
    159.93139720814));
#2440 = DIRECTION('',(6.661338147751E-16,-7.495338295473E-15,-1.));
#2441 = DIRECTION('',(5.318914247286E-16,-1.,7.495338295473E-15));
#2442 = PCURVE('',#2409,#2443);
#2443 = DEFINITIONAL_REPRESENTATION('',(#2444),#2448);
#2444 = LINE('',#2445,#2446);
#2445 = CARTESIAN_POINT('',(6.28318530718,131.3));
#2446 = VECTOR('',#2447,1.);
#2447 = DIRECTION('',(-1.,0.));
#2448 = ( GEOMETRIC_REPRESENTATION_CONTEXT(2) 
PARAMETRIC_REPRESENTATION_CONTEXT() REPRESENTATION_CONTEXT('2D SPACE',''
  ) );
#2449 = PCURVE('',#2163,#2450);
#2450 = DEFINITIONAL_REPRESENTATION('',(#2451),#2459);
#2451 = ( BOUNDED_CURVE() B_SPLINE_CURVE(2,(#2452,#2453,#2454,#2455,
#2456,#2457,#2458),.UNSPECIFIED.,.T.,.F.) B_SPLINE_CURVE_WITH_KNOTS((1,2
    ,2,2,2,1),(-2.094395102393,0.,2.094395102393,4.188790204786,
6.28318530718,8.377580409573),.UNSPECIFIED.) CURVE() 
GEOMETRIC_REPRESENTATION_ITEM() RATIONAL_B_SPLINE_CURVE((1.,0.5,1.,0.5,
1.,0.5,1.)) REPRESENTATION_ITEM('') );
#2452 = CARTESIAN_POINT('',(1.6,0.));
#2453 = CARTESIAN_POINT('',(1.6,-2.77128129211));
#2454 = CARTESIAN_POINT('',(-0.8,-1.385640646055));
#2455 = CARTESIAN_POINT('',(-3.2,-3.918869757272E-16));
#2456 = CARTESIAN_POINT('',(-0.8,1.385640646055));
#2457 = CARTESIAN_POINT('',(1.6,2.77128129211));
#2458 = CARTESIAN_POINT('',(1.6,0.));
#2459 = ( GEOMETRIC_REPRESENTATION_CONTEXT(2) 
PARAMETRIC_REPRESENTATION_CONTEXT() REPRESENTATION_CONTEXT('2D SPACE',''
  ) );
#2460 = ORIENTED_EDGE('',*,*,#2461,.F.);
#2461 = EDGE_CURVE('',#2462,#2434,#2464,.T.);
#2462 = VERTEX_POINT('',#2463);
#2463 = CARTESIAN_POINT('',(9.899494936612,187.49949493661,
    157.63139720814));
#2464 = SURFACE_CURVE('',#2465,(#2469,#2476),.PCURVE_S1.);
#2465 = LINE('',#2466,#2467);
#2466 = CARTESIAN_POINT('',(9.899494936612,187.49949493661,
    28.631397208143));
#2467 = VECTOR('',#2468,1.);
#2468 = DIRECTION('',(-6.661338147751E-16,7.495338295473E-15,1.));
#2469 = PCURVE('',#2409,#2470);
#2470 = DEFINITIONAL_REPRESENTATION('',(#2471),#2475);
#2471 = LINE('',#2472,#2473);
#2472 = CARTESIAN_POINT('',(3.14159265359,0.));
#2473 = VECTOR('',#2474,1.);
#2474 = DIRECTION('',(0.,1.));
#2475 = ( GEOMETRIC_REPRESENTATION_CONTEXT(2) 
PARAMETRIC_REPRESENTATION_CONTEXT() REPRESENTATION_CONTEXT('2D SPACE',''
  ) );
#2476 = PCURVE('',#2421,#2477);
#2477 = DEFINITIONAL_REPRESENTATION('',(#2478),#2482);
#2478 = LINE('',#2479,#2480);
#2479 = CARTESIAN_POINT('',(3.14159265359,0.));
#2480 = VECTOR('',#2481,1.);
#2481 = DIRECTION('',(0.,1.));
#2482 = ( GEOMETRIC_REPRESENTATION_CONTEXT(2) 
PARAMETRIC_REPRESENTATION_CONTEXT() REPRESENTATION_CONTEXT('2D SPACE',''
  ) );
#2483 = ORIENTED_EDGE('',*,*,#2484,.T.);
#2484 = EDGE_CURVE('',#2462,#2399,#2485,.T.);
#2485 = SURFACE_CURVE('',#2486,(#2491,#2498),.PCURVE_S1.);
#2486 = CIRCLE('',#2487,1.6);
#2487 = AXIS2_PLACEMENT_3D('',#2488,#2489,#2490);
#2488 = CARTESIAN_POINT('',(9.899494936612,185.89949493661,
    157.63139720814));
#2489 = DIRECTION('',(-6.661338147751E-16,7.495338295473E-15,1.));
#2490 = DIRECTION('',(5.318914247286E-16,-1.,7.495338295473E-15));
#2491 = PCURVE('',#2409,#2492);
#2492 = DEFINITIONAL_REPRESENTATION('',(#2493),#2497);
#2493 = LINE('',#2494,#2495);
#2494 = CARTESIAN_POINT('',(0.,129.));
#2495 = VECTOR('',#2496,1.);
#2496 = DIRECTION('',(1.,0.));
#2497 = ( GEOMETRIC_REPRESENTATION_CONTEXT(2) 
PARAMETRIC_REPRESENTATION_CONTEXT() REPRESENTATION_CONTEXT('2D SPACE',''
  ) );
#2498 = PCURVE('',#2499,#2504);
#2499 = PLANE('',#2500);
#2500 = AXIS2_PLACEMENT_3D('',#2501,#2502,#2503);
#2501 = CARTESIAN_POINT('',(-20.5,195.,157.63139720814));
#2502 = DIRECTION('',(-6.661338147751E-16,7.495338295473E-15,1.));
#2503 = DIRECTION('',(5.318914247286E-16,-1.,7.495338295473E-15));
#2504 = DEFINITIONAL_REPRESENTATION('',(#2505),#2509);
#2505 = CIRCLE('',#2506,1.6);
#2506 = AXIS2_PLACEMENT_2D('',#2507,#2508);
#2507 = CARTESIAN_POINT('',(9.100505063388,30.399494936612));
#2508 = DIRECTION('',(1.,0.));
#2509 = ( GEOMETRIC_REPRESENTATION_CONTEXT(2) 
PARAMETRIC_REPRESENTATION_CONTEXT() REPRESENTATION_CONTEXT('2D SPACE',''
  ) );
#2510 = ADVANCED_FACE('',(#2511),#2525,.F.);
#2511 = FACE_BOUND('',#2512,.F.);
#2512 = EDGE_LOOP('',(#2513,#2548,#2576,#2599));
#2513 = ORIENTED_EDGE('',*,*,#2514,.T.);
#2514 = EDGE_CURVE('',#2515,#2517,#2519,.T.);
#2515 = VERTEX_POINT('',#2516);
#2516 = CARTESIAN_POINT('',(-9.899494936612,184.29949493661,
    157.63139720814));
#2517 = VERTEX_POINT('',#2518);
#2518 = CARTESIAN_POINT('',(-9.899494936612,184.29949493661,
    159.93139720814));
#2519 = SURFACE_CURVE('',#2520,(#2524,#2536),.PCURVE_S1.);
#2520 = LINE('',#2521,#2522);
#2521 = CARTESIAN_POINT('',(-9.899494936612,184.29949493661,
    28.631397208143));
#2522 = VECTOR('',#2523,1.);
#2523 = DIRECTION('',(-6.661338147751E-16,7.495338295473E-15,1.));
#2524 = PCURVE('',#2525,#2530);
#2525 = CYLINDRICAL_SURFACE('',#2526,1.6);
#2526 = AXIS2_PLACEMENT_3D('',#2527,#2528,#2529);
#2527 = CARTESIAN_POINT('',(-9.899494936612,185.89949493661,
    28.631397208143));
#2528 = DIRECTION('',(-6.661338147751E-16,7.495338295473E-15,1.));
#2529 = DIRECTION('',(5.318914247286E-16,-1.,7.495338295473E-15));
#2530 = DEFINITIONAL_REPRESENTATION('',(#2531),#2535);
#2531 = LINE('',#2532,#2533);
#2532 = CARTESIAN_POINT('',(6.28318530718,0.));
#2533 = VECTOR('',#2534,1.);
#2534 = DIRECTION('',(0.,1.));
#2535 = ( GEOMETRIC_REPRESENTATION_CONTEXT(2) 
PARAMETRIC_REPRESENTATION_CONTEXT() REPRESENTATION_CONTEXT('2D SPACE',''
  ) );
#2536 = PCURVE('',#2537,#2542);
#2537 = CYLINDRICAL_SURFACE('',#2538,1.6);
#2538 = AXIS2_PLACEMENT_3D('',#2539,#2540,#2541);
#2539 = CARTESIAN_POINT('',(-9.899494936612,185.89949493661,
    28.631397208143));
#2540 = DIRECTION('',(-6.661338147751E-16,7.495338295473E-15,1.));
#2541 = DIRECTION('',(5.318914247286E-16,-1.,7.495338295473E-15));
#2542 = DEFINITIONAL_REPRESENTATION('',(#2543),#2547);
#2543 = LINE('',#2544,#2545);
#2544 = CARTESIAN_POINT('',(0.,0.));
#2545 = VECTOR('',#2546,1.);
#2546 = DIRECTION('',(0.,1.));
#2547 = ( GEOMETRIC_REPRESENTATION_CONTEXT(2) 
PARAMETRIC_REPRESENTATION_CONTEXT() REPRESENTATION_CONTEXT('2D SPACE',''
  ) );
#2548 = ORIENTED_EDGE('',*,*,#2549,.T.);
#2549 = EDGE_CURVE('',#2517,#2550,#2552,.T.);
#2550 = VERTEX_POINT('',#2551);
#2551 = CARTESIAN_POINT('',(-9.899494936612,187.49949493661,
    159.93139720814));
#2552 = SURFACE_CURVE('',#2553,(#2558,#2565),.PCURVE_S1.);
#2553 = CIRCLE('',#2554,1.6);
#2554 = AXIS2_PLACEMENT_3D('',#2555,#2556,#2557);
#2555 = CARTESIAN_POINT('',(-9.899494936612,185.89949493661,
    159.93139720814));
#2556 = DIRECTION('',(6.661338147751E-16,-7.495338295473E-15,-1.));
#2557 = DIRECTION('',(5.318914247286E-16,-1.,7.495338295473E-15));
#2558 = PCURVE('',#2525,#2559);
#2559 = DEFINITIONAL_REPRESENTATION('',(#2560),#2564);
#2560 = LINE('',#2561,#2562);
#2561 = CARTESIAN_POINT('',(6.28318530718,131.3));
#2562 = VECTOR('',#2563,1.);
#2563 = DIRECTION('',(-1.,0.));
#2564 = ( GEOMETRIC_REPRESENTATION_CONTEXT(2) 
PARAMETRIC_REPRESENTATION_CONTEXT() REPRESENTATION_CONTEXT('2D SPACE',''
  ) );
#2565 = PCURVE('',#1909,#2566);
#2566 = DEFINITIONAL_REPRESENTATION('',(#2567),#2575);
#2567 = ( BOUNDED_CURVE() B_SPLINE_CURVE(2,(#2568,#2569,#2570,#2571,
#2572,#2573,#2574),.UNSPECIFIED.,.T.,.F.) B_SPLINE_CURVE_WITH_KNOTS((1,2
    ,2,2,2,1),(-2.094395102393,0.,2.094395102393,4.188790204786,
6.28318530718,8.377580409573),.UNSPECIFIED.) CURVE() 
GEOMETRIC_REPRESENTATION_ITEM() RATIONAL_B_SPLINE_CURVE((1.,0.5,1.,0.5,
1.,0.5,1.)) REPRESENTATION_ITEM('') );
#2568 = CARTESIAN_POINT('',(1.6,0.));
#2569 = CARTESIAN_POINT('',(1.6,-2.77128129211));
#2570 = CARTESIAN_POINT('',(-0.8,-1.385640646055));
#2571 = CARTESIAN_POINT('',(-3.2,-3.918869757272E-16));
#2572 = CARTESIAN_POINT('',(-0.8,1.385640646055));
#2573 = CARTESIAN_POINT('',(1.6,2.77128129211));
#2574 = CARTESIAN_POINT('',(1.6,0.));
#2575 = ( GEOMETRIC_REPRESENTATION_CONTEXT(2) 
PARAMETRIC_REPRESENTATION_CONTEXT() REPRESENTATION_CONTEXT('2D SPACE',''
  ) );
#2576 = ORIENTED_EDGE('',*,*,#2577,.F.);
#2577 = EDGE_CURVE('',#2578,#2550,#2580,.T.);
#2578 = VERTEX_POINT('',#2579);
#2579 = CARTESIAN_POINT('',(-9.899494936612,187.49949493661,
    157.63139720814));
#2580 = SURFACE_CURVE('',#2581,(#2585,#2592),.PCURVE_S1.);
#2581 = LINE('',#2582,#2583);
#2582 = CARTESIAN_POINT('',(-9.899494936612,187.49949493661,
    28.631397208143));
#2583 = VECTOR('',#2584,1.);
#2584 = DIRECTION('',(-6.661338147751E-16,7.495338295473E-15,1.));
#2585 = PCURVE('',#2525,#2586);
#2586 = DEFINITIONAL_REPRESENTATION('',(#2587),#2591);
#2587 = LINE('',#2588,#2589);
#2588 = CARTESIAN_POINT('',(3.14159265359,0.));
#2589 = VECTOR('',#2590,1.);
#2590 = DIRECTION('',(0.,1.));
#2591 = ( GEOMETRIC_REPRESENTATION_CONTEXT(2) 
PARAMETRIC_REPRESENTATION_CONTEXT() REPRESENTATION_CONTEXT('2D SPACE',''
  ) );
#2592 = PCURVE('',#2537,#2593);
#2593 = DEFINITIONAL_REPRESENTATION('',(#2594),#2598);
#2594 = LINE('',#2595,#2596);
#2595 = CARTESIAN_POINT('',(3.14159265359,0.));
#2596 = VECTOR('',#2597,1.);
#2597 = DIRECTION('',(0.,1.));
#2598 = ( GEOMETRIC_REPRESENTATION_CONTEXT(2) 
PARAMETRIC_REPRESENTATION_CONTEXT() REPRESENTATION_CONTEXT('2D SPACE',''
  ) );
#2599 = ORIENTED_EDGE('',*,*,#2600,.T.);
#2600 = EDGE_CURVE('',#2578,#2515,#2601,.T.);
#2601 = SURFACE_CURVE('',#2602,(#2607,#2614),.PCURVE_S1.);
#2602 = CIRCLE('',#2603,1.6);
#2603 = AXIS2_PLACEMENT_3D('',#2604,#2605,#2606);
#2604 = CARTESIAN_POINT('',(-9.899494936612,185.89949493661,
    157.63139720814));
#2605 = DIRECTION('',(-6.661338147751E-16,7.495338295473E-15,1.));
#2606 = DIRECTION('',(5.318914247286E-16,-1.,7.495338295473E-15));
#2607 = PCURVE('',#2525,#2608);
#2608 = DEFINITIONAL_REPRESENTATION('',(#2609),#2613);
#2609 = LINE('',#2610,#2611);
#2610 = CARTESIAN_POINT('',(0.,129.));
#2611 = VECTOR('',#2612,1.);
#2612 = DIRECTION('',(1.,0.));
#2613 = ( GEOMETRIC_REPRESENTATION_CONTEXT(2) 
PARAMETRIC_REPRESENTATION_CONTEXT() REPRESENTATION_CONTEXT('2D SPACE',''
  ) );
#2614 = PCURVE('',#2499,#2615);
#2615 = DEFINITIONAL_REPRESENTATION('',(#2616),#2620);
#2616 = CIRCLE('',#2617,1.6);
#2617 = AXIS2_PLACEMENT_2D('',#2618,#2619);
#2618 = CARTESIAN_POINT('',(9.100505063388,10.600505063388));
#2619 = DIRECTION('',(1.,0.));
#2620 = ( GEOMETRIC_REPRESENTATION_CONTEXT(2) 
PARAMETRIC_REPRESENTATION_CONTEXT() REPRESENTATION_CONTEXT('2D SPACE',''
  ) );
#2621 = ADVANCED_FACE('',(#2622),#2636,.F.);
#2622 = FACE_BOUND('',#2623,.F.);
#2623 = EDGE_LOOP('',(#2624,#2659,#2687,#2710));
#2624 = ORIENTED_EDGE('',*,*,#2625,.T.);
#2625 = EDGE_CURVE('',#2626,#2628,#2630,.T.);
#2626 = VERTEX_POINT('',#2627);
#2627 = CARTESIAN_POINT('',(-9.899494936612,164.50050506339,
    157.63139720814));
#2628 = VERTEX_POINT('',#2629);
#2629 = CARTESIAN_POINT('',(-9.899494936612,164.50050506339,
    159.93139720814));
#2630 = SURFACE_CURVE('',#2631,(#2635,#2647),.PCURVE_S1.);
#2631 = LINE('',#2632,#2633);
#2632 = CARTESIAN_POINT('',(-9.899494936612,164.50050506338,
    28.631397208143));
#2633 = VECTOR('',#2634,1.);
#2634 = DIRECTION('',(-6.661338147751E-16,7.495338295473E-15,1.));
#2635 = PCURVE('',#2636,#2641);
#2636 = CYLINDRICAL_SURFACE('',#2637,1.6);
#2637 = AXIS2_PLACEMENT_3D('',#2638,#2639,#2640);
#2638 = CARTESIAN_POINT('',(-9.899494936612,166.10050506338,
    28.631397208143));
#2639 = DIRECTION('',(-6.661338147751E-16,7.495338295473E-15,1.));
#2640 = DIRECTION('',(5.318914247286E-16,-1.,7.495338295473E-15));
#2641 = DEFINITIONAL_REPRESENTATION('',(#2642),#2646);
#2642 = LINE('',#2643,#2644);
#2643 = CARTESIAN_POINT('',(6.28318530718,0.));
#2644 = VECTOR('',#2645,1.);
#2645 = DIRECTION('',(0.,1.));
#2646 = ( GEOMETRIC_REPRESENTATION_CONTEXT(2) 
PARAMETRIC_REPRESENTATION_CONTEXT() REPRESENTATION_CONTEXT('2D SPACE',''
  ) );
#2647 = PCURVE('',#2648,#2653);
#2648 = CYLINDRICAL_SURFACE('',#2649,1.6);
#2649 = AXIS2_PLACEMENT_3D('',#2650,#2651,#2652);
#2650 = CARTESIAN_POINT('',(-9.899494936612,166.10050506338,
    28.631397208143));
#2651 = DIRECTION('',(-6.661338147751E-16,7.495338295473E-15,1.));
#2652 = DIRECTION('',(5.318914247286E-16,-1.,7.495338295473E-15));
#2653 = DEFINITIONAL_REPRESENTATION('',(#2654),#2658);
#2654 = LINE('',#2655,#2656);
#2655 = CARTESIAN_POINT('',(0.,0.));
#2656 = VECTOR('',#2657,1.);
#2657 = DIRECTION('',(0.,1.));
#2658 = ( GEOMETRIC_REPRESENTATION_CONTEXT(2) 
PARAMETRIC_REPRESENTATION_CONTEXT() REPRESENTATION_CONTEXT('2D SPACE',''
  ) );
#2659 = ORIENTED_EDGE('',*,*,#2660,.T.);
#2660 = EDGE_CURVE('',#2628,#2661,#2663,.T.);
#2661 = VERTEX_POINT('',#2662);
#2662 = CARTESIAN_POINT('',(-9.899494936612,167.70050506339,
    159.93139720814));
#2663 = SURFACE_CURVE('',#2664,(#2669,#2676),.PCURVE_S1.);
#2664 = CIRCLE('',#2665,1.6);
#2665 = AXIS2_PLACEMENT_3D('',#2666,#2667,#2668);
#2666 = CARTESIAN_POINT('',(-9.899494936612,166.10050506339,
    159.93139720814));
#2667 = DIRECTION('',(6.661338147751E-16,-7.495338295473E-15,-1.));
#2668 = DIRECTION('',(5.318914247286E-16,-1.,7.495338295473E-15));
#2669 = PCURVE('',#2636,#2670);
#2670 = DEFINITIONAL_REPRESENTATION('',(#2671),#2675);
#2671 = LINE('',#2672,#2673);
#2672 = CARTESIAN_POINT('',(6.28318530718,131.3));
#2673 = VECTOR('',#2674,1.);
#2674 = DIRECTION('',(-1.,0.));
#2675 = ( GEOMETRIC_REPRESENTATION_CONTEXT(2) 
PARAMETRIC_REPRESENTATION_CONTEXT() REPRESENTATION_CONTEXT('2D SPACE',''
  ) );
#2676 = PCURVE('',#1604,#2677);
#2677 = DEFINITIONAL_REPRESENTATION('',(#2678),#2686);
#2678 = ( BOUNDED_CURVE() B_SPLINE_CURVE(2,(#2679,#2680,#2681,#2682,
#2683,#2684,#2685),.UNSPECIFIED.,.T.,.F.) B_SPLINE_CURVE_WITH_KNOTS((1,2
    ,2,2,2,1),(-2.094395102393,0.,2.094395102393,4.188790204786,
6.28318530718,8.377580409573),.UNSPECIFIED.) CURVE() 
GEOMETRIC_REPRESENTATION_ITEM() RATIONAL_B_SPLINE_CURVE((1.,0.5,1.,0.5,
1.,0.5,1.)) REPRESENTATION_ITEM('') );
#2679 = CARTESIAN_POINT('',(1.6,0.));
#2680 = CARTESIAN_POINT('',(1.6,-2.77128129211));
#2681 = CARTESIAN_POINT('',(-0.8,-1.385640646055));
#2682 = CARTESIAN_POINT('',(-3.2,-3.918869757272E-16));
#2683 = CARTESIAN_POINT('',(-0.8,1.385640646055));
#2684 = CARTESIAN_POINT('',(1.6,2.77128129211));
#2685 = CARTESIAN_POINT('',(1.6,0.));
#2686 = ( GEOMETRIC_REPRESENTATION_CONTEXT(2) 
PARAMETRIC_REPRESENTATION_CONTEXT() REPRESENTATION_CONTEXT('2D SPACE',''
  ) );
#2687 = ORIENTED_EDGE('',*,*,#2688,.F.);
#2688 = EDGE_CURVE('',#2689,#2661,#2691,.T.);
#2689 = VERTEX_POINT('',#2690);
#2690 = CARTESIAN_POINT('',(-9.899494936612,167.70050506339,
    157.63139720814));
#2691 = SURFACE_CURVE('',#2692,(#2696,#2703),.PCURVE_S1.);
#2692 = LINE('',#2693,#2694);
#2693 = CARTESIAN_POINT('',(-9.899494936612,167.70050506338,
    28.631397208143));
#2694 = VECTOR('',#2695,1.);
#2695 = DIRECTION('',(-6.661338147751E-16,7.495338295473E-15,1.));
#2696 = PCURVE('',#2636,#2697);
#2697 = DEFINITIONAL_REPRESENTATION('',(#2698),#2702);
#2698 = LINE('',#2699,#2700);
#2699 = CARTESIAN_POINT('',(3.14159265359,0.));
#2700 = VECTOR('',#2701,1.);
#2701 = DIRECTION('',(0.,1.));
#2702 = ( GEOMETRIC_REPRESENTATION_CONTEXT(2) 
PARAMETRIC_REPRESENTATION_CONTEXT() REPRESENTATION_CONTEXT('2D SPACE',''
  ) );
#2703 = PCURVE('',#2648,#2704);
#2704 = DEFINITIONAL_REPRESENTATION('',(#2705),#2709);
#2705 = LINE('',#2706,#2707);
#2706 = CARTESIAN_POINT('',(3.14159265359,0.));
#2707 = VECTOR('',#2708,1.);
#2708 = DIRECTION('',(0.,1.));
#2709 = ( GEOMETRIC_REPRESENTATION_CONTEXT(2) 
PARAMETRIC_REPRESENTATION_CONTEXT() REPRESENTATION_CONTEXT('2D SPACE',''
  ) );
#2710 = ORIENTED_EDGE('',*,*,#2711,.T.);
#2711 = EDGE_CURVE('',#2689,#2626,#2712,.T.);
#2712 = SURFACE_CURVE('',#2713,(#2718,#2725),.PCURVE_S1.);
#2713 = CIRCLE('',#2714,1.6);
#2714 = AXIS2_PLACEMENT_3D('',#2715,#2716,#2717);
#2715 = CARTESIAN_POINT('',(-9.899494936612,166.10050506339,
    157.63139720814));
#2716 = DIRECTION('',(-6.661338147751E-16,7.495338295473E-15,1.));
#2717 = DIRECTION('',(5.318914247286E-16,-1.,7.495338295473E-15));
#2718 = PCURVE('',#2636,#2719);
#2719 = DEFINITIONAL_REPRESENTATION('',(#2720),#2724);
#2720 = LINE('',#2721,#2722);
#2721 = CARTESIAN_POINT('',(0.,129.));
#2722 = VECTOR('',#2723,1.);
#2723 = DIRECTION('',(1.,0.));
#2724 = ( GEOMETRIC_REPRESENTATION_CONTEXT(2) 
PARAMETRIC_REPRESENTATION_CONTEXT() REPRESENTATION_CONTEXT('2D SPACE',''
  ) );
#2725 = PCURVE('',#2499,#2726);
#2726 = DEFINITIONAL_REPRESENTATION('',(#2727),#2731);
#2727 = CIRCLE('',#2728,1.6);
#2728 = AXIS2_PLACEMENT_2D('',#2729,#2730);
#2729 = CARTESIAN_POINT('',(28.899494936612,10.600505063388));
#2730 = DIRECTION('',(1.,0.));
#2731 = ( GEOMETRIC_REPRESENTATION_CONTEXT(2) 
PARAMETRIC_REPRESENTATION_CONTEXT() REPRESENTATION_CONTEXT('2D SPACE',''
  ) );
#2732 = ADVANCED_FACE('',(#2733),#2747,.F.);
#2733 = FACE_BOUND('',#2734,.F.);
#2734 = EDGE_LOOP('',(#2735,#2770,#2798,#2821));
#2735 = ORIENTED_EDGE('',*,*,#2736,.T.);
#2736 = EDGE_CURVE('',#2737,#2739,#2741,.T.);
#2737 = VERTEX_POINT('',#2738);
#2738 = CARTESIAN_POINT('',(9.899494936612,164.50050506339,
    157.63139720814));
#2739 = VERTEX_POINT('',#2740);
#2740 = CARTESIAN_POINT('',(9.899494936612,164.50050506339,
    159.93139720814));
#2741 = SURFACE_CURVE('',#2742,(#2746,#2758),.PCURVE_S1.);
#2742 = LINE('',#2743,#2744);
#2743 = CARTESIAN_POINT('',(9.899494936612,164.50050506338,
    28.631397208143));
#2744 = VECTOR('',#2745,1.);
#2745 = DIRECTION('',(-6.661338147751E-16,7.495338295473E-15,1.));
#2746 = PCURVE('',#2747,#2752);
#2747 = CYLINDRICAL_SURFACE('',#2748,1.6);
#2748 = AXIS2_PLACEMENT_3D('',#2749,#2750,#2751);
#2749 = CARTESIAN_POINT('',(9.899494936612,166.10050506338,
    28.631397208143));
#2750 = DIRECTION('',(-6.661338147751E-16,7.495338295473E-15,1.));
#2751 = DIRECTION('',(5.318914247286E-16,-1.,7.495338295473E-15));
#2752 = DEFINITIONAL_REPRESENTATION('',(#2753),#2757);
#2753 = LINE('',#2754,#2755);
#2754 = CARTESIAN_POINT('',(6.28318530718,0.));
#2755 = VECTOR('',#2756,1.);
#2756 = DIRECTION('',(0.,1.));
#2757 = ( GEOMETRIC_REPRESENTATION_CONTEXT(2) 
PARAMETRIC_REPRESENTATION_CONTEXT() REPRESENTATION_CONTEXT('2D SPACE',''
  ) );
#2758 = PCURVE('',#2759,#2764);
#2759 = CYLINDRICAL_SURFACE('',#2760,1.6);
#2760 = AXIS2_PLACEMENT_3D('',#2761,#2762,#2763);
#2761 = CARTESIAN_POINT('',(9.899494936612,166.10050506338,
    28.631397208143));
#2762 = DIRECTION('',(-6.661338147751E-16,7.495338295473E-15,1.));
#2763 = DIRECTION('',(5.318914247286E-16,-1.,7.495338295473E-15));
#2764 = DEFINITIONAL_REPRESENTATION('',(#2765),#2769);
#2765 = LINE('',#2766,#2767);
#2766 = CARTESIAN_POINT('',(0.,0.));
#2767 = VECTOR('',#2768,1.);
#2768 = DIRECTION('',(0.,1.));
#2769 = ( GEOMETRIC_REPRESENTATION_CONTEXT(2) 
PARAMETRIC_REPRESENTATION_CONTEXT() REPRESENTATION_CONTEXT('2D SPACE',''
  ) );
#2770 = ORIENTED_EDGE('',*,*,#2771,.T.);
#2771 = EDGE_CURVE('',#2739,#2772,#2774,.T.);
#2772 = VERTEX_POINT('',#2773);
#2773 = CARTESIAN_POINT('',(9.899494936612,167.70050506339,
    159.93139720814));
#2774 = SURFACE_CURVE('',#2775,(#2780,#2787),.PCURVE_S1.);
#2775 = CIRCLE('',#2776,1.6);
#2776 = AXIS2_PLACEMENT_3D('',#2777,#2778,#2779);
#2777 = CARTESIAN_POINT('',(9.899494936612,166.10050506339,
    159.93139720814));
#2778 = DIRECTION('',(6.661338147751E-16,-7.495338295473E-15,-1.));
#2779 = DIRECTION('',(5.318914247286E-16,-1.,7.495338295473E-15));
#2780 = PCURVE('',#2747,#2781);
#2781 = DEFINITIONAL_REPRESENTATION('',(#2782),#2786);
#2782 = LINE('',#2783,#2784);
#2783 = CARTESIAN_POINT('',(6.28318530718,131.3));
#2784 = VECTOR('',#2785,1.);
#2785 = DIRECTION('',(-1.,0.));
#2786 = ( GEOMETRIC_REPRESENTATION_CONTEXT(2) 
PARAMETRIC_REPRESENTATION_CONTEXT() REPRESENTATION_CONTEXT('2D SPACE',''
  ) );
#2787 = PCURVE('',#1289,#2788);
#2788 = DEFINITIONAL_REPRESENTATION('',(#2789),#2797);
#2789 = ( BOUNDED_CURVE() B_SPLINE_CURVE(2,(#2790,#2791,#2792,#2793,
#2794,#2795,#2796),.UNSPECIFIED.,.T.,.F.) B_SPLINE_CURVE_WITH_KNOTS((1,2
    ,2,2,2,1),(-2.094395102393,0.,2.094395102393,4.188790204786,
6.28318530718,8.377580409573),.UNSPECIFIED.) CURVE() 
GEOMETRIC_REPRESENTATION_ITEM() RATIONAL_B_SPLINE_CURVE((1.,0.5,1.,0.5,
1.,0.5,1.)) REPRESENTATION_ITEM('') );
#2790 = CARTESIAN_POINT('',(1.6,-1.06581410364E-14));
#2791 = CARTESIAN_POINT('',(1.6,-2.77128129211));
#2792 = CARTESIAN_POINT('',(-0.8,-1.385640646055));
#2793 = CARTESIAN_POINT('',(-3.2,-1.105002801213E-14));
#2794 = CARTESIAN_POINT('',(-0.8,1.385640646055));
#2795 = CARTESIAN_POINT('',(1.6,2.77128129211));
#2796 = CARTESIAN_POINT('',(1.6,-1.06581410364E-14));
#2797 = ( GEOMETRIC_REPRESENTATION_CONTEXT(2) 
PARAMETRIC_REPRESENTATION_CONTEXT() REPRESENTATION_CONTEXT('2D SPACE',''
  ) );
#2798 = ORIENTED_EDGE('',*,*,#2799,.F.);
#2799 = EDGE_CURVE('',#2800,#2772,#2802,.T.);
#2800 = VERTEX_POINT('',#2801);
#2801 = CARTESIAN_POINT('',(9.899494936612,167.70050506339,
    157.63139720814));
#2802 = SURFACE_CURVE('',#2803,(#2807,#2814),.PCURVE_S1.);
#2803 = LINE('',#2804,#2805);
#2804 = CARTESIAN_POINT('',(9.899494936612,167.70050506338,
    28.631397208143));
#2805 = VECTOR('',#2806,1.);
#2806 = DIRECTION('',(-6.661338147751E-16,7.495338295473E-15,1.));
#2807 = PCURVE('',#2747,#2808);
#2808 = DEFINITIONAL_REPRESENTATION('',(#2809),#2813);
#2809 = LINE('',#2810,#2811);
#2810 = CARTESIAN_POINT('',(3.14159265359,0.));
#2811 = VECTOR('',#2812,1.);
#2812 = DIRECTION('',(0.,1.));
#2813 = ( GEOMETRIC_REPRESENTATION_CONTEXT(2) 
PARAMETRIC_REPRESENTATION_CONTEXT() REPRESENTATION_CONTEXT('2D SPACE',''
  ) );
#2814 = PCURVE('',#2759,#2815);
#2815 = DEFINITIONAL_REPRESENTATION('',(#2816),#2820);
#2816 = LINE('',#2817,#2818);
#2817 = CARTESIAN_POINT('',(3.14159265359,0.));
#2818 = VECTOR('',#2819,1.);
#2819 = DIRECTION('',(0.,1.));
#2820 = ( GEOMETRIC_REPRESENTATION_CONTEXT(2) 
PARAMETRIC_REPRESENTATION_CONTEXT() REPRESENTATION_CONTEXT('2D SPACE',''
  ) );
#2821 = ORIENTED_EDGE('',*,*,#2822,.T.);
#2822 = EDGE_CURVE('',#2800,#2737,#2823,.T.);
#2823 = SURFACE_CURVE('',#2824,(#2829,#2836),.PCURVE_S1.);
#2824 = CIRCLE('',#2825,1.6);
#2825 = AXIS2_PLACEMENT_3D('',#2826,#2827,#2828);
#2826 = CARTESIAN_POINT('',(9.899494936612,166.10050506339,
    157.63139720814));
#2827 = DIRECTION('',(-6.661338147751E-16,7.495338295473E-15,1.));
#2828 = DIRECTION('',(5.318914247286E-16,-1.,7.495338295473E-15));
#2829 = PCURVE('',#2747,#2830);
#2830 = DEFINITIONAL_REPRESENTATION('',(#2831),#2835);
#2831 = LINE('',#2832,#2833);
#2832 = CARTESIAN_POINT('',(0.,129.));
#2833 = VECTOR('',#2834,1.);
#2834 = DIRECTION('',(1.,0.));
#2835 = ( GEOMETRIC_REPRESENTATION_CONTEXT(2) 
PARAMETRIC_REPRESENTATION_CONTEXT() REPRESENTATION_CONTEXT('2D SPACE',''
  ) );
#2836 = PCURVE('',#2499,#2837);
#2837 = DEFINITIONAL_REPRESENTATION('',(#2838),#2842);
#2838 = CIRCLE('',#2839,1.6);
#2839 = AXIS2_PLACEMENT_2D('',#2840,#2841);
#2840 = CARTESIAN_POINT('',(28.899494936612,30.399494936612));
#2841 = DIRECTION('',(1.,0.));
#2842 = ( GEOMETRIC_REPRESENTATION_CONTEXT(2) 
PARAMETRIC_REPRESENTATION_CONTEXT() REPRESENTATION_CONTEXT('2D SPACE',''
  ) );
#2843 = ADVANCED_FACE('',(#2844),#1637,.F.);
#2844 = FACE_BOUND('',#2845,.F.);
#2845 = EDGE_LOOP('',(#2846,#2847,#2875,#2898,#2924,#2925,#2953,#2976,
    #3004,#3027,#3055,#3078));
#2846 = ORIENTED_EDGE('',*,*,#1619,.F.);
#2847 = ORIENTED_EDGE('',*,*,#2848,.T.);
#2848 = EDGE_CURVE('',#1620,#2849,#2851,.T.);
#2849 = VERTEX_POINT('',#2850);
#2850 = CARTESIAN_POINT('',(-8.808773020685,169.00228481073,
    159.93139720814));
#2851 = SURFACE_CURVE('',#2852,(#2857,#2864),.PCURVE_S1.);
#2852 = CIRCLE('',#2853,11.25);
#2853 = AXIS2_PLACEMENT_3D('',#2854,#2855,#2856);
#2854 = CARTESIAN_POINT('',(-1.06581410364E-13,176.,159.93139720814));
#2855 = DIRECTION('',(6.661338147751E-16,-7.495338295473E-15,-1.));
#2856 = DIRECTION('',(2.382263132437E-15,-1.,7.495338295473E-15));
#2857 = PCURVE('',#1637,#2858);
#2858 = DEFINITIONAL_REPRESENTATION('',(#2859),#2863);
#2859 = LINE('',#2860,#2861);
#2860 = CARTESIAN_POINT('',(3.14159265359,3.7));
#2861 = VECTOR('',#2862,1.);
#2862 = DIRECTION('',(1.,0.));
#2863 = ( GEOMETRIC_REPRESENTATION_CONTEXT(2) 
PARAMETRIC_REPRESENTATION_CONTEXT() REPRESENTATION_CONTEXT('2D SPACE',''
  ) );
#2864 = PCURVE('',#1604,#2865);
#2865 = DEFINITIONAL_REPRESENTATION('',(#2866),#2874);
#2866 = ( BOUNDED_CURVE() B_SPLINE_CURVE(2,(#2867,#2868,#2869,#2870,
#2871,#2872,#2873),.UNSPECIFIED.,.T.,.F.) B_SPLINE_CURVE_WITH_KNOTS((1,2
    ,2,2,2,1),(-2.094395102393,0.,2.094395102393,4.188790204786,
6.28318530718,8.377580409573),.UNSPECIFIED.) CURVE() 
GEOMETRIC_REPRESENTATION_ITEM() RATIONAL_B_SPLINE_CURVE((1.,0.5,1.,0.5,
1.,0.5,1.)) REPRESENTATION_ITEM('') );
#2867 = CARTESIAN_POINT('',(1.350505063388,9.899494936612));
#2868 = CARTESIAN_POINT('',(1.350505063388,-9.586076648538));
#2869 = CARTESIAN_POINT('',(-15.52449493661,0.156709144037));
#2870 = CARTESIAN_POINT('',(-32.39949493661,9.899494936612));
#2871 = CARTESIAN_POINT('',(-15.52449493661,19.642280729187));
#2872 = CARTESIAN_POINT('',(1.350505063388,29.385066521762));
#2873 = CARTESIAN_POINT('',(1.350505063388,9.899494936612));
#2874 = ( GEOMETRIC_REPRESENTATION_CONTEXT(2) 
PARAMETRIC_REPRESENTATION_CONTEXT() REPRESENTATION_CONTEXT('2D SPACE',''
  ) );
#2875 = ORIENTED_EDGE('',*,*,#2876,.F.);
#2876 = EDGE_CURVE('',#2877,#2849,#2879,.T.);
#2877 = VERTEX_POINT('',#2878);
#2878 = CARTESIAN_POINT('',(-8.808773020685,169.00228481073,
    161.13139720814));
#2879 = SURFACE_CURVE('',#2880,(#2884,#2891),.PCURVE_S1.);
#2880 = LINE('',#2881,#2882);
#2881 = CARTESIAN_POINT('',(-8.808773020685,169.00228481073,
    161.78139720814));
#2882 = VECTOR('',#2883,1.);
#2883 = DIRECTION('',(6.661338147751E-16,-7.495338295473E-15,-1.));
#2884 = PCURVE('',#1637,#2885);
#2885 = DEFINITIONAL_REPRESENTATION('',(#2886),#2890);
#2886 = LINE('',#2887,#2888);
#2887 = CARTESIAN_POINT('',(4.041070209498,1.85));
#2888 = VECTOR('',#2889,1.);
#2889 = DIRECTION('',(0.,1.));
#2890 = ( GEOMETRIC_REPRESENTATION_CONTEXT(2) 
PARAMETRIC_REPRESENTATION_CONTEXT() REPRESENTATION_CONTEXT('2D SPACE',''
  ) );
#2891 = PCURVE('',#1577,#2892);
#2892 = DEFINITIONAL_REPRESENTATION('',(#2893),#2897);
#2893 = LINE('',#2894,#2895);
#2894 = CARTESIAN_POINT('',(2.782050414573,1.85));
#2895 = VECTOR('',#2896,1.);
#2896 = DIRECTION('',(0.,-1.));
#2897 = ( GEOMETRIC_REPRESENTATION_CONTEXT(2) 
PARAMETRIC_REPRESENTATION_CONTEXT() REPRESENTATION_CONTEXT('2D SPACE',''
  ) );
#2898 = ORIENTED_EDGE('',*,*,#2899,.T.);
#2899 = EDGE_CURVE('',#2877,#1927,#2900,.T.);
#2900 = SURFACE_CURVE('',#2901,(#2906,#2913),.PCURVE_S1.);
#2901 = CIRCLE('',#2902,11.25);
#2902 = AXIS2_PLACEMENT_3D('',#2903,#2904,#2905);
#2903 = CARTESIAN_POINT('',(-1.06581410364E-13,176.,161.13139720814));
#2904 = DIRECTION('',(6.661338147751E-16,-7.495338295473E-15,-1.));
#2905 = DIRECTION('',(5.318914247286E-16,-1.,7.495338295473E-15));
#2906 = PCURVE('',#1637,#2907);
#2907 = DEFINITIONAL_REPRESENTATION('',(#2908),#2912);
#2908 = LINE('',#2909,#2910);
#2909 = CARTESIAN_POINT('',(3.14159265359,2.5));
#2910 = VECTOR('',#2911,1.);
#2911 = DIRECTION('',(1.,0.));
#2912 = ( GEOMETRIC_REPRESENTATION_CONTEXT(2) 
PARAMETRIC_REPRESENTATION_CONTEXT() REPRESENTATION_CONTEXT('2D SPACE',''
  ) );
#2913 = PCURVE('',#1545,#2914);
#2914 = DEFINITIONAL_REPRESENTATION('',(#2915),#2923);
#2915 = ( BOUNDED_CURVE() B_SPLINE_CURVE(2,(#2916,#2917,#2918,#2919,
#2920,#2921,#2922),.UNSPECIFIED.,.T.,.F.) B_SPLINE_CURVE_WITH_KNOTS((1,2
    ,2,2,2,1),(-2.094395102393,0.,2.094395102393,4.188790204786,
6.28318530718,8.377580409573),.UNSPECIFIED.) CURVE() 
GEOMETRIC_REPRESENTATION_ITEM() RATIONAL_B_SPLINE_CURVE((1.,0.5,1.,0.5,
1.,0.5,1.)) REPRESENTATION_ITEM('') );
#2916 = CARTESIAN_POINT('',(11.25,0.));
#2917 = CARTESIAN_POINT('',(11.25,-19.48557158515));
#2918 = CARTESIAN_POINT('',(-5.625,-9.742785792575));
#2919 = CARTESIAN_POINT('',(-22.5,-2.755455298082E-15));
#2920 = CARTESIAN_POINT('',(-5.625,9.742785792575));
#2921 = CARTESIAN_POINT('',(11.25,19.48557158515));
#2922 = CARTESIAN_POINT('',(11.25,0.));
#2923 = ( GEOMETRIC_REPRESENTATION_CONTEXT(2) 
PARAMETRIC_REPRESENTATION_CONTEXT() REPRESENTATION_CONTEXT('2D SPACE',''
  ) );
#2924 = ORIENTED_EDGE('',*,*,#1924,.F.);
#2925 = ORIENTED_EDGE('',*,*,#2926,.T.);
#2926 = EDGE_CURVE('',#1925,#2927,#2929,.T.);
#2927 = VERTEX_POINT('',#2928);
#2928 = CARTESIAN_POINT('',(-6.997715189264,184.80877302068,
    159.93139720814));
#2929 = SURFACE_CURVE('',#2930,(#2935,#2942),.PCURVE_S1.);
#2930 = CIRCLE('',#2931,11.25);
#2931 = AXIS2_PLACEMENT_3D('',#2932,#2933,#2934);
#2932 = CARTESIAN_POINT('',(-1.06581410364E-13,176.,159.93139720814));
#2933 = DIRECTION('',(6.661338147751E-16,-7.495338295473E-15,-1.));
#2934 = DIRECTION('',(6.083006547854E-15,-1.,7.495338295473E-15));
#2935 = PCURVE('',#1637,#2936);
#2936 = DEFINITIONAL_REPRESENTATION('',(#2937),#2941);
#2937 = LINE('',#2938,#2939);
#2938 = CARTESIAN_POINT('',(3.14159265359,3.7));
#2939 = VECTOR('',#2940,1.);
#2940 = DIRECTION('',(1.,0.));
#2941 = ( GEOMETRIC_REPRESENTATION_CONTEXT(2) 
PARAMETRIC_REPRESENTATION_CONTEXT() REPRESENTATION_CONTEXT('2D SPACE',''
  ) );
#2942 = PCURVE('',#1909,#2943);
#2943 = DEFINITIONAL_REPRESENTATION('',(#2944),#2952);
#2944 = ( BOUNDED_CURVE() B_SPLINE_CURVE(2,(#2945,#2946,#2947,#2948,
#2949,#2950,#2951),.UNSPECIFIED.,.T.,.F.) B_SPLINE_CURVE_WITH_KNOTS((1,2
    ,2,2,2,1),(-2.094395102393,0.,2.094395102393,4.188790204786,
6.28318530718,8.377580409573),.UNSPECIFIED.) CURVE() 
GEOMETRIC_REPRESENTATION_ITEM() RATIONAL_B_SPLINE_CURVE((1.,0.5,1.,0.5,
1.,0.5,1.)) REPRESENTATION_ITEM('') );
#2945 = CARTESIAN_POINT('',(21.149494936612,9.899494936612));
#2946 = CARTESIAN_POINT('',(21.149494936612,-9.586076648538));
#2947 = CARTESIAN_POINT('',(4.274494936612,0.156709144037));
#2948 = CARTESIAN_POINT('',(-12.60050506338,9.899494936612));
#2949 = CARTESIAN_POINT('',(4.274494936612,19.642280729187));
#2950 = CARTESIAN_POINT('',(21.149494936612,29.385066521762));
#2951 = CARTESIAN_POINT('',(21.149494936612,9.899494936612));
#2952 = ( GEOMETRIC_REPRESENTATION_CONTEXT(2) 
PARAMETRIC_REPRESENTATION_CONTEXT() REPRESENTATION_CONTEXT('2D SPACE',''
  ) );
#2953 = ORIENTED_EDGE('',*,*,#2954,.F.);
#2954 = EDGE_CURVE('',#2955,#2927,#2957,.T.);
#2955 = VERTEX_POINT('',#2956);
#2956 = CARTESIAN_POINT('',(-6.997715189264,184.80877302068,
    161.13139720814));
#2957 = SURFACE_CURVE('',#2958,(#2962,#2969),.PCURVE_S1.);
#2958 = LINE('',#2959,#2960);
#2959 = CARTESIAN_POINT('',(-6.997715189264,184.80877302068,
    161.78139720814));
#2960 = VECTOR('',#2961,1.);
#2961 = DIRECTION('',(6.661338147751E-16,-7.495338295473E-15,-1.));
#2962 = PCURVE('',#1637,#2963);
#2963 = DEFINITIONAL_REPRESENTATION('',(#2964),#2968);
#2964 = LINE('',#2965,#2966);
#2965 = CARTESIAN_POINT('',(5.611866536293,1.85));
#2966 = VECTOR('',#2967,1.);
#2967 = DIRECTION('',(0.,1.));
#2968 = ( GEOMETRIC_REPRESENTATION_CONTEXT(2) 
PARAMETRIC_REPRESENTATION_CONTEXT() REPRESENTATION_CONTEXT('2D SPACE',''
  ) );
#2969 = PCURVE('',#1882,#2970);
#2970 = DEFINITIONAL_REPRESENTATION('',(#2971),#2975);
#2971 = LINE('',#2972,#2973);
#2972 = CARTESIAN_POINT('',(1.211254087778,1.85));
#2973 = VECTOR('',#2974,1.);
#2974 = DIRECTION('',(0.,-1.));
#2975 = ( GEOMETRIC_REPRESENTATION_CONTEXT(2) 
PARAMETRIC_REPRESENTATION_CONTEXT() REPRESENTATION_CONTEXT('2D SPACE',''
  ) );
#2976 = ORIENTED_EDGE('',*,*,#2977,.T.);
#2977 = EDGE_CURVE('',#2955,#2978,#2980,.T.);
#2978 = VERTEX_POINT('',#2979);
#2979 = CARTESIAN_POINT('',(-1.136868377216E-13,187.25,161.13139720814)
  );
#2980 = SURFACE_CURVE('',#2981,(#2986,#2993),.PCURVE_S1.);
#2981 = CIRCLE('',#2982,11.25);
#2982 = AXIS2_PLACEMENT_3D('',#2983,#2984,#2985);
#2983 = CARTESIAN_POINT('',(-1.06581410364E-13,176.,161.13139720814));
#2984 = DIRECTION('',(6.661338147751E-16,-7.495338295473E-15,-1.));
#2985 = DIRECTION('',(5.318914247286E-16,-1.,7.495338295473E-15));
#2986 = PCURVE('',#1637,#2987);
#2987 = DEFINITIONAL_REPRESENTATION('',(#2988),#2992);
#2988 = LINE('',#2989,#2990);
#2989 = CARTESIAN_POINT('',(3.14159265359,2.5));
#2990 = VECTOR('',#2991,1.);
#2991 = DIRECTION('',(1.,0.));
#2992 = ( GEOMETRIC_REPRESENTATION_CONTEXT(2) 
PARAMETRIC_REPRESENTATION_CONTEXT() REPRESENTATION_CONTEXT('2D SPACE',''
  ) );
#2993 = PCURVE('',#2048,#2994);
#2994 = DEFINITIONAL_REPRESENTATION('',(#2995),#3003);
#2995 = ( BOUNDED_CURVE() B_SPLINE_CURVE(2,(#2996,#2997,#2998,#2999,
#3000,#3001,#3002),.UNSPECIFIED.,.T.,.F.) B_SPLINE_CURVE_WITH_KNOTS((1,2
    ,2,2,2,1),(-2.094395102393,0.,2.094395102393,4.188790204786,
6.28318530718,8.377580409573),.UNSPECIFIED.) CURVE() 
GEOMETRIC_REPRESENTATION_ITEM() RATIONAL_B_SPLINE_CURVE((1.,0.5,1.,0.5,
1.,0.5,1.)) REPRESENTATION_ITEM('') );
#2996 = CARTESIAN_POINT('',(11.25,0.));
#2997 = CARTESIAN_POINT('',(11.25,-19.48557158515));
#2998 = CARTESIAN_POINT('',(-5.625,-9.742785792575));
#2999 = CARTESIAN_POINT('',(-22.5,-2.755455298082E-15));
#3000 = CARTESIAN_POINT('',(-5.625,9.742785792575));
#3001 = CARTESIAN_POINT('',(11.25,19.48557158515));
#3002 = CARTESIAN_POINT('',(11.25,0.));
#3003 = ( GEOMETRIC_REPRESENTATION_CONTEXT(2) 
PARAMETRIC_REPRESENTATION_CONTEXT() REPRESENTATION_CONTEXT('2D SPACE',''
  ) );
#3004 = ORIENTED_EDGE('',*,*,#3005,.T.);
#3005 = EDGE_CURVE('',#2978,#3006,#3008,.T.);
#3006 = VERTEX_POINT('',#3007);
#3007 = CARTESIAN_POINT('',(-1.06581410364E-13,187.25,157.63139720814));
#3008 = SURFACE_CURVE('',#3009,(#3013,#3020),.PCURVE_S1.);
#3009 = LINE('',#3010,#3011);
#3010 = CARTESIAN_POINT('',(-1.136868377216E-13,187.25,163.63139720814)
  );
#3011 = VECTOR('',#3012,1.);
#3012 = DIRECTION('',(6.661338147751E-16,-7.495338295473E-15,-1.));
#3013 = PCURVE('',#1637,#3014);
#3014 = DEFINITIONAL_REPRESENTATION('',(#3015),#3019);
#3015 = LINE('',#3016,#3017);
#3016 = CARTESIAN_POINT('',(6.28318530718,0.));
#3017 = VECTOR('',#3018,1.);
#3018 = DIRECTION('',(0.,1.));
#3019 = ( GEOMETRIC_REPRESENTATION_CONTEXT(2) 
PARAMETRIC_REPRESENTATION_CONTEXT() REPRESENTATION_CONTEXT('2D SPACE',''
  ) );
#3020 = PCURVE('',#1201,#3021);
#3021 = DEFINITIONAL_REPRESENTATION('',(#3022),#3026);
#3022 = LINE('',#3023,#3024);
#3023 = CARTESIAN_POINT('',(0.,0.));
#3024 = VECTOR('',#3025,1.);
#3025 = DIRECTION('',(0.,1.));
#3026 = ( GEOMETRIC_REPRESENTATION_CONTEXT(2) 
PARAMETRIC_REPRESENTATION_CONTEXT() REPRESENTATION_CONTEXT('2D SPACE',''
  ) );
#3027 = ORIENTED_EDGE('',*,*,#3028,.F.);
#3028 = EDGE_CURVE('',#3029,#3006,#3031,.T.);
#3029 = VERTEX_POINT('',#3030);
#3030 = CARTESIAN_POINT('',(-9.237055564881E-14,164.75,157.63139720814)
  );
#3031 = SURFACE_CURVE('',#3032,(#3037,#3044),.PCURVE_S1.);
#3032 = CIRCLE('',#3033,11.25);
#3033 = AXIS2_PLACEMENT_3D('',#3034,#3035,#3036);
#3034 = CARTESIAN_POINT('',(-9.947598300641E-14,176.,157.63139720814));
#3035 = DIRECTION('',(6.661338147751E-16,-7.495338295473E-15,-1.));
#3036 = DIRECTION('',(-5.318914247286E-16,1.,-7.495338295473E-15));
#3037 = PCURVE('',#1637,#3038);
#3038 = DEFINITIONAL_REPRESENTATION('',(#3039),#3043);
#3039 = LINE('',#3040,#3041);
#3040 = CARTESIAN_POINT('',(0.,6.));
#3041 = VECTOR('',#3042,1.);
#3042 = DIRECTION('',(1.,0.));
#3043 = ( GEOMETRIC_REPRESENTATION_CONTEXT(2) 
PARAMETRIC_REPRESENTATION_CONTEXT() REPRESENTATION_CONTEXT('2D SPACE',''
  ) );
#3044 = PCURVE('',#2499,#3045);
#3045 = DEFINITIONAL_REPRESENTATION('',(#3046),#3054);
#3046 = ( BOUNDED_CURVE() B_SPLINE_CURVE(2,(#3047,#3048,#3049,#3050,
#3051,#3052,#3053),.UNSPECIFIED.,.T.,.F.) B_SPLINE_CURVE_WITH_KNOTS((1,2
    ,2,2,2,1),(-2.094395102393,0.,2.094395102393,4.188790204786,
6.28318530718,8.377580409573),.UNSPECIFIED.) CURVE() 
GEOMETRIC_REPRESENTATION_ITEM() RATIONAL_B_SPLINE_CURVE((1.,0.5,1.,0.5,
1.,0.5,1.)) REPRESENTATION_ITEM('') );
#3047 = CARTESIAN_POINT('',(7.75,20.5));
#3048 = CARTESIAN_POINT('',(7.75,39.98557158515));
#3049 = CARTESIAN_POINT('',(24.625,30.242785792575));
#3050 = CARTESIAN_POINT('',(41.5,20.5));
#3051 = CARTESIAN_POINT('',(24.625,10.757214207425));
#3052 = CARTESIAN_POINT('',(7.75,1.01442841485));
#3053 = CARTESIAN_POINT('',(7.75,20.5));
#3054 = ( GEOMETRIC_REPRESENTATION_CONTEXT(2) 
PARAMETRIC_REPRESENTATION_CONTEXT() REPRESENTATION_CONTEXT('2D SPACE',''
  ) );
#3055 = ORIENTED_EDGE('',*,*,#3056,.F.);
#3056 = EDGE_CURVE('',#3057,#3029,#3059,.T.);
#3057 = VERTEX_POINT('',#3058);
#3058 = CARTESIAN_POINT('',(-9.947598300641E-14,164.75,161.13139720814)
  );
#3059 = SURFACE_CURVE('',#3060,(#3064,#3071),.PCURVE_S1.);
#3060 = LINE('',#3061,#3062);
#3061 = CARTESIAN_POINT('',(-9.947598300641E-14,164.75,163.63139720814)
  );
#3062 = VECTOR('',#3063,1.);
#3063 = DIRECTION('',(6.661338147751E-16,-7.495338295473E-15,-1.));
#3064 = PCURVE('',#1637,#3065);
#3065 = DEFINITIONAL_REPRESENTATION('',(#3066),#3070);
#3066 = LINE('',#3067,#3068);
#3067 = CARTESIAN_POINT('',(3.14159265359,0.));
#3068 = VECTOR('',#3069,1.);
#3069 = DIRECTION('',(0.,1.));
#3070 = ( GEOMETRIC_REPRESENTATION_CONTEXT(2) 
PARAMETRIC_REPRESENTATION_CONTEXT() REPRESENTATION_CONTEXT('2D SPACE',''
  ) );
#3071 = PCURVE('',#1201,#3072);
#3072 = DEFINITIONAL_REPRESENTATION('',(#3073),#3077);
#3073 = LINE('',#3074,#3075);
#3074 = CARTESIAN_POINT('',(3.14159265359,0.));
#3075 = VECTOR('',#3076,1.);
#3076 = DIRECTION('',(0.,1.));
#3077 = ( GEOMETRIC_REPRESENTATION_CONTEXT(2) 
PARAMETRIC_REPRESENTATION_CONTEXT() REPRESENTATION_CONTEXT('2D SPACE',''
  ) );
#3078 = ORIENTED_EDGE('',*,*,#3079,.T.);
#3079 = EDGE_CURVE('',#3057,#1622,#3080,.T.);
#3080 = SURFACE_CURVE('',#3081,(#3086,#3093),.PCURVE_S1.);
#3081 = CIRCLE('',#3082,11.25);
#3082 = AXIS2_PLACEMENT_3D('',#3083,#3084,#3085);
#3083 = CARTESIAN_POINT('',(-1.06581410364E-13,176.,161.13139720814));
#3084 = DIRECTION('',(6.661338147751E-16,-7.495338295473E-15,-1.));
#3085 = DIRECTION('',(5.318914247286E-16,-1.,7.495338295473E-15));
#3086 = PCURVE('',#1637,#3087);
#3087 = DEFINITIONAL_REPRESENTATION('',(#3088),#3092);
#3088 = LINE('',#3089,#3090);
#3089 = CARTESIAN_POINT('',(3.14159265359,2.5));
#3090 = VECTOR('',#3091,1.);
#3091 = DIRECTION('',(1.,0.));
#3092 = ( GEOMETRIC_REPRESENTATION_CONTEXT(2) 
PARAMETRIC_REPRESENTATION_CONTEXT() REPRESENTATION_CONTEXT('2D SPACE',''
  ) );
#3093 = PCURVE('',#1163,#3094);
#3094 = DEFINITIONAL_REPRESENTATION('',(#3095),#3103);
#3095 = ( BOUNDED_CURVE() B_SPLINE_CURVE(2,(#3096,#3097,#3098,#3099,
#3100,#3101,#3102),.UNSPECIFIED.,.T.,.F.) B_SPLINE_CURVE_WITH_KNOTS((1,2
    ,2,2,2,1),(-2.094395102393,0.,2.094395102393,4.188790204786,
6.28318530718,8.377580409573),.UNSPECIFIED.) CURVE() 
GEOMETRIC_REPRESENTATION_ITEM() RATIONAL_B_SPLINE_CURVE((1.,0.5,1.,0.5,
1.,0.5,1.)) REPRESENTATION_ITEM('') );
#3096 = CARTESIAN_POINT('',(11.25,0.));
#3097 = CARTESIAN_POINT('',(11.25,-19.48557158515));
#3098 = CARTESIAN_POINT('',(-5.625,-9.742785792575));
#3099 = CARTESIAN_POINT('',(-22.5,-2.755455298082E-15));
#3100 = CARTESIAN_POINT('',(-5.625,9.742785792575));
#3101 = CARTESIAN_POINT('',(11.25,19.48557158515));
#3102 = CARTESIAN_POINT('',(11.25,0.));
#3103 = ( GEOMETRIC_REPRESENTATION_CONTEXT(2) 
PARAMETRIC_REPRESENTATION_CONTEXT() REPRESENTATION_CONTEXT('2D SPACE',''
  ) );
#3104 = ADVANCED_FACE('',(#3105),#3119,.F.);
#3105 = FACE_BOUND('',#3106,.F.);
#3106 = EDGE_LOOP('',(#3107,#3142,#3175,#3198));
#3107 = ORIENTED_EDGE('',*,*,#3108,.T.);
#3108 = EDGE_CURVE('',#3109,#3111,#3113,.T.);
#3109 = VERTEX_POINT('',#3110);
#3110 = CARTESIAN_POINT('',(46.3,176.,56.531397208143));
#3111 = VERTEX_POINT('',#3112);
#3112 = CARTESIAN_POINT('',(41.5,176.,56.531397208143));
#3113 = SURFACE_CURVE('',#3114,(#3118,#3130),.PCURVE_S1.);
#3114 = LINE('',#3115,#3116);
#3115 = CARTESIAN_POINT('',(47.5,176.,56.531397208143));
#3116 = VECTOR('',#3117,1.);
#3117 = DIRECTION('',(-1.,-5.318914247286E-16,-6.661338147751E-16));
#3118 = PCURVE('',#3119,#3124);
#3119 = CYLINDRICAL_SURFACE('',#3120,1.6);
#3120 = AXIS2_PLACEMENT_3D('',#3121,#3122,#3123);
#3121 = CARTESIAN_POINT('',(47.5,176.,58.131397208143));
#3122 = DIRECTION('',(-1.,-5.318914247286E-16,-6.661338147751E-16));
#3123 = DIRECTION('',(6.661338147751E-16,-7.495338295473E-15,-1.));
#3124 = DEFINITIONAL_REPRESENTATION('',(#3125),#3129);
#3125 = LINE('',#3126,#3127);
#3126 = CARTESIAN_POINT('',(6.28318530718,0.));
#3127 = VECTOR('',#3128,1.);
#3128 = DIRECTION('',(0.,1.));
#3129 = ( GEOMETRIC_REPRESENTATION_CONTEXT(2) 
PARAMETRIC_REPRESENTATION_CONTEXT() REPRESENTATION_CONTEXT('2D SPACE',''
  ) );
#3130 = PCURVE('',#3131,#3136);
#3131 = CYLINDRICAL_SURFACE('',#3132,1.6);
#3132 = AXIS2_PLACEMENT_3D('',#3133,#3134,#3135);
#3133 = CARTESIAN_POINT('',(47.5,176.,58.131397208143));
#3134 = DIRECTION('',(-1.,-5.318914247286E-16,-6.661338147751E-16));
#3135 = DIRECTION('',(6.661338147751E-16,-7.495338295473E-15,-1.));
#3136 = DEFINITIONAL_REPRESENTATION('',(#3137),#3141);
#3137 = LINE('',#3138,#3139);
#3138 = CARTESIAN_POINT('',(0.,0.));
#3139 = VECTOR('',#3140,1.);
#3140 = DIRECTION('',(0.,1.));
#3141 = ( GEOMETRIC_REPRESENTATION_CONTEXT(2) 
PARAMETRIC_REPRESENTATION_CONTEXT() REPRESENTATION_CONTEXT('2D SPACE',''
  ) );
#3142 = ORIENTED_EDGE('',*,*,#3143,.F.);
#3143 = EDGE_CURVE('',#3144,#3111,#3146,.T.);
#3144 = VERTEX_POINT('',#3145);
#3145 = CARTESIAN_POINT('',(41.5,176.,59.731397208143));
#3146 = SURFACE_CURVE('',#3147,(#3152,#3159),.PCURVE_S1.);
#3147 = CIRCLE('',#3148,1.6);
#3148 = AXIS2_PLACEMENT_3D('',#3149,#3150,#3151);
#3149 = CARTESIAN_POINT('',(41.5,176.,58.131397208143));
#3150 = DIRECTION('',(-1.,-5.318914247286E-16,-6.661338147751E-16));
#3151 = DIRECTION('',(6.661338147751E-16,-7.495338295473E-15,-1.));
#3152 = PCURVE('',#3119,#3153);
#3153 = DEFINITIONAL_REPRESENTATION('',(#3154),#3158);
#3154 = LINE('',#3155,#3156);
#3155 = CARTESIAN_POINT('',(0.,6.));
#3156 = VECTOR('',#3157,1.);
#3157 = DIRECTION('',(1.,0.));
#3158 = ( GEOMETRIC_REPRESENTATION_CONTEXT(2) 
PARAMETRIC_REPRESENTATION_CONTEXT() REPRESENTATION_CONTEXT('2D SPACE',''
  ) );
#3159 = PCURVE('',#3160,#3165);
#3160 = PLANE('',#3161);
#3161 = AXIS2_PLACEMENT_3D('',#3162,#3163,#3164);
#3162 = CARTESIAN_POINT('',(41.5,176.,47.631397208143));
#3163 = DIRECTION('',(1.,5.318914247286E-16,6.661338147751E-16));
#3164 = DIRECTION('',(-6.661338147751E-16,7.495338295473E-15,1.));
#3165 = DEFINITIONAL_REPRESENTATION('',(#3166),#3174);
#3166 = ( BOUNDED_CURVE() B_SPLINE_CURVE(2,(#3167,#3168,#3169,#3170,
#3171,#3172,#3173),.UNSPECIFIED.,.T.,.F.) B_SPLINE_CURVE_WITH_KNOTS((1,2
    ,2,2,2,1),(-2.094395102393,0.,2.094395102393,4.188790204786,
6.28318530718,8.377580409573),.UNSPECIFIED.) CURVE() 
GEOMETRIC_REPRESENTATION_ITEM() RATIONAL_B_SPLINE_CURVE((1.,0.5,1.,0.5,
1.,0.5,1.)) REPRESENTATION_ITEM('') );
#3167 = CARTESIAN_POINT('',(8.9,0.));
#3168 = CARTESIAN_POINT('',(8.9,2.77128129211));
#3169 = CARTESIAN_POINT('',(11.3,1.385640646055));
#3170 = CARTESIAN_POINT('',(13.7,3.918869757272E-16));
#3171 = CARTESIAN_POINT('',(11.3,-1.385640646055));
#3172 = CARTESIAN_POINT('',(8.9,-2.77128129211));
#3173 = CARTESIAN_POINT('',(8.9,0.));
#3174 = ( GEOMETRIC_REPRESENTATION_CONTEXT(2) 
PARAMETRIC_REPRESENTATION_CONTEXT() REPRESENTATION_CONTEXT('2D SPACE',''
  ) );
#3175 = ORIENTED_EDGE('',*,*,#3176,.F.);
#3176 = EDGE_CURVE('',#3177,#3144,#3179,.T.);
#3177 = VERTEX_POINT('',#3178);
#3178 = CARTESIAN_POINT('',(46.3,176.,59.731397208143));
#3179 = SURFACE_CURVE('',#3180,(#3184,#3191),.PCURVE_S1.);
#3180 = LINE('',#3181,#3182);
#3181 = CARTESIAN_POINT('',(47.5,176.,59.731397208143));
#3182 = VECTOR('',#3183,1.);
#3183 = DIRECTION('',(-1.,-5.318914247286E-16,-6.661338147751E-16));
#3184 = PCURVE('',#3119,#3185);
#3185 = DEFINITIONAL_REPRESENTATION('',(#3186),#3190);
#3186 = LINE('',#3187,#3188);
#3187 = CARTESIAN_POINT('',(3.14159265359,0.));
#3188 = VECTOR('',#3189,1.);
#3189 = DIRECTION('',(0.,1.));
#3190 = ( GEOMETRIC_REPRESENTATION_CONTEXT(2) 
PARAMETRIC_REPRESENTATION_CONTEXT() REPRESENTATION_CONTEXT('2D SPACE',''
  ) );
#3191 = PCURVE('',#3131,#3192);
#3192 = DEFINITIONAL_REPRESENTATION('',(#3193),#3197);
#3193 = LINE('',#3194,#3195);
#3194 = CARTESIAN_POINT('',(3.14159265359,0.));
#3195 = VECTOR('',#3196,1.);
#3196 = DIRECTION('',(0.,1.));
#3197 = ( GEOMETRIC_REPRESENTATION_CONTEXT(2) 
PARAMETRIC_REPRESENTATION_CONTEXT() REPRESENTATION_CONTEXT('2D SPACE',''
  ) );
#3198 = ORIENTED_EDGE('',*,*,#3199,.T.);
#3199 = EDGE_CURVE('',#3177,#3109,#3200,.T.);
#3200 = SURFACE_CURVE('',#3201,(#3206,#3213),.PCURVE_S1.);
#3201 = CIRCLE('',#3202,1.6);
#3202 = AXIS2_PLACEMENT_3D('',#3203,#3204,#3205);
#3203 = CARTESIAN_POINT('',(46.3,176.,58.131397208143));
#3204 = DIRECTION('',(-1.,-5.318914247286E-16,-6.661338147751E-16));
#3205 = DIRECTION('',(-6.661338147751E-16,7.495338295473E-15,1.));
#3206 = PCURVE('',#3119,#3207);
#3207 = DEFINITIONAL_REPRESENTATION('',(#3208),#3212);
#3208 = LINE('',#3209,#3210);
#3209 = CARTESIAN_POINT('',(3.14159265359,1.2));
#3210 = VECTOR('',#3211,1.);
#3211 = DIRECTION('',(1.,0.));
#3212 = ( GEOMETRIC_REPRESENTATION_CONTEXT(2) 
PARAMETRIC_REPRESENTATION_CONTEXT() REPRESENTATION_CONTEXT('2D SPACE',''
  ) );
#3213 = PCURVE('',#1037,#3214);
#3214 = DEFINITIONAL_REPRESENTATION('',(#3215),#3223);
#3215 = ( BOUNDED_CURVE() B_SPLINE_CURVE(2,(#3216,#3217,#3218,#3219,
#3220,#3221,#3222),.UNSPECIFIED.,.T.,.F.) B_SPLINE_CURVE_WITH_KNOTS((1,2
    ,2,2,2,1),(-2.094395102393,0.,2.094395102393,4.188790204786,
6.28318530718,8.377580409573),.UNSPECIFIED.) CURVE() 
GEOMETRIC_REPRESENTATION_ITEM() RATIONAL_B_SPLINE_CURVE((1.,0.5,1.,0.5,
1.,0.5,1.)) REPRESENTATION_ITEM('') );
#3216 = CARTESIAN_POINT('',(1.6,0.));
#3217 = CARTESIAN_POINT('',(1.6,-2.77128129211));
#3218 = CARTESIAN_POINT('',(-0.8,-1.385640646055));
#3219 = CARTESIAN_POINT('',(-3.2,-3.918869757272E-16));
#3220 = CARTESIAN_POINT('',(-0.8,1.385640646055));
#3221 = CARTESIAN_POINT('',(1.6,2.77128129211));
#3222 = CARTESIAN_POINT('',(1.6,0.));
#3223 = ( GEOMETRIC_REPRESENTATION_CONTEXT(2) 
PARAMETRIC_REPRESENTATION_CONTEXT() REPRESENTATION_CONTEXT('2D SPACE',''
  ) );
#3224 = ADVANCED_FACE('',(#3225),#3239,.F.);
#3225 = FACE_BOUND('',#3226,.F.);
#3226 = EDGE_LOOP('',(#3227,#3262,#3290,#3313));
#3227 = ORIENTED_EDGE('',*,*,#3228,.T.);
#3228 = EDGE_CURVE('',#3229,#3231,#3233,.T.);
#3229 = VERTEX_POINT('',#3230);
#3230 = CARTESIAN_POINT('',(46.3,185.95929214352,51.781397208143));
#3231 = VERTEX_POINT('',#3232);
#3232 = CARTESIAN_POINT('',(41.5,185.95929214352,51.781397208143));
#3233 = SURFACE_CURVE('',#3234,(#3238,#3250),.PCURVE_S1.);
#3234 = LINE('',#3235,#3236);
#3235 = CARTESIAN_POINT('',(47.5,185.95929214352,51.781397208143));
#3236 = VECTOR('',#3237,1.);
#3237 = DIRECTION('',(-1.,-5.318914247286E-16,-6.661338147751E-16));
#3238 = PCURVE('',#3239,#3244);
#3239 = CYLINDRICAL_SURFACE('',#3240,1.6);
#3240 = AXIS2_PLACEMENT_3D('',#3241,#3242,#3243);
#3241 = CARTESIAN_POINT('',(47.5,185.95929214352,53.381397208143));
#3242 = DIRECTION('',(-1.,-5.318914247286E-16,-6.661338147751E-16));
#3243 = DIRECTION('',(6.661338147751E-16,-7.495338295473E-15,-1.));
#3244 = DEFINITIONAL_REPRESENTATION('',(#3245),#3249);
#3245 = LINE('',#3246,#3247);
#3246 = CARTESIAN_POINT('',(6.28318530718,0.));
#3247 = VECTOR('',#3248,1.);
#3248 = DIRECTION('',(0.,1.));
#3249 = ( GEOMETRIC_REPRESENTATION_CONTEXT(2) 
PARAMETRIC_REPRESENTATION_CONTEXT() REPRESENTATION_CONTEXT('2D SPACE',''
  ) );
#3250 = PCURVE('',#3251,#3256);
#3251 = CYLINDRICAL_SURFACE('',#3252,1.6);
#3252 = AXIS2_PLACEMENT_3D('',#3253,#3254,#3255);
#3253 = CARTESIAN_POINT('',(47.5,185.95929214352,53.381397208143));
#3254 = DIRECTION('',(-1.,-5.318914247286E-16,-6.661338147751E-16));
#3255 = DIRECTION('',(6.661338147751E-16,-7.495338295473E-15,-1.));
#3256 = DEFINITIONAL_REPRESENTATION('',(#3257),#3261);
#3257 = LINE('',#3258,#3259);
#3258 = CARTESIAN_POINT('',(0.,0.));
#3259 = VECTOR('',#3260,1.);
#3260 = DIRECTION('',(0.,1.));
#3261 = ( GEOMETRIC_REPRESENTATION_CONTEXT(2) 
PARAMETRIC_REPRESENTATION_CONTEXT() REPRESENTATION_CONTEXT('2D SPACE',''
  ) );
#3262 = ORIENTED_EDGE('',*,*,#3263,.F.);
#3263 = EDGE_CURVE('',#3264,#3231,#3266,.T.);
#3264 = VERTEX_POINT('',#3265);
#3265 = CARTESIAN_POINT('',(41.5,185.95929214352,54.981397208143));
#3266 = SURFACE_CURVE('',#3267,(#3272,#3279),.PCURVE_S1.);
#3267 = CIRCLE('',#3268,1.6);
#3268 = AXIS2_PLACEMENT_3D('',#3269,#3270,#3271);
#3269 = CARTESIAN_POINT('',(41.5,185.95929214352,53.381397208143));
#3270 = DIRECTION('',(-1.,-5.318914247286E-16,-6.661338147751E-16));
#3271 = DIRECTION('',(6.661338147751E-16,-7.495338295473E-15,-1.));
#3272 = PCURVE('',#3239,#3273);
#3273 = DEFINITIONAL_REPRESENTATION('',(#3274),#3278);
#3274 = LINE('',#3275,#3276);
#3275 = CARTESIAN_POINT('',(0.,6.));
#3276 = VECTOR('',#3277,1.);
#3277 = DIRECTION('',(1.,0.));
#3278 = ( GEOMETRIC_REPRESENTATION_CONTEXT(2) 
PARAMETRIC_REPRESENTATION_CONTEXT() REPRESENTATION_CONTEXT('2D SPACE',''
  ) );
#3279 = PCURVE('',#3160,#3280);
#3280 = DEFINITIONAL_REPRESENTATION('',(#3281),#3289);
#3281 = ( BOUNDED_CURVE() B_SPLINE_CURVE(2,(#3282,#3283,#3284,#3285,
#3286,#3287,#3288),.UNSPECIFIED.,.T.,.F.) B_SPLINE_CURVE_WITH_KNOTS((1,2
    ,2,2,2,1),(-2.094395102393,0.,2.094395102393,4.188790204786,
6.28318530718,8.377580409573),.UNSPECIFIED.) CURVE() 
GEOMETRIC_REPRESENTATION_ITEM() RATIONAL_B_SPLINE_CURVE((1.,0.5,1.,0.5,
1.,0.5,1.)) REPRESENTATION_ITEM('') );
#3282 = CARTESIAN_POINT('',(4.15,-9.959292143521));
#3283 = CARTESIAN_POINT('',(4.15,-7.188010851411));
#3284 = CARTESIAN_POINT('',(6.55,-8.573651497466));
#3285 = CARTESIAN_POINT('',(8.95,-9.959292143521));
#3286 = CARTESIAN_POINT('',(6.55,-11.34493278957));
#3287 = CARTESIAN_POINT('',(4.15,-12.73057343563));
#3288 = CARTESIAN_POINT('',(4.15,-9.959292143521));
#3289 = ( GEOMETRIC_REPRESENTATION_CONTEXT(2) 
PARAMETRIC_REPRESENTATION_CONTEXT() REPRESENTATION_CONTEXT('2D SPACE',''
  ) );
#3290 = ORIENTED_EDGE('',*,*,#3291,.F.);
#3291 = EDGE_CURVE('',#3292,#3264,#3294,.T.);
#3292 = VERTEX_POINT('',#3293);
#3293 = CARTESIAN_POINT('',(46.3,185.95929214352,54.981397208143));
#3294 = SURFACE_CURVE('',#3295,(#3299,#3306),.PCURVE_S1.);
#3295 = LINE('',#3296,#3297);
#3296 = CARTESIAN_POINT('',(47.5,185.95929214352,54.981397208143));
#3297 = VECTOR('',#3298,1.);
#3298 = DIRECTION('',(-1.,-5.318914247286E-16,-6.661338147751E-16));
#3299 = PCURVE('',#3239,#3300);
#3300 = DEFINITIONAL_REPRESENTATION('',(#3301),#3305);
#3301 = LINE('',#3302,#3303);
#3302 = CARTESIAN_POINT('',(3.14159265359,0.));
#3303 = VECTOR('',#3304,1.);
#3304 = DIRECTION('',(0.,1.));
#3305 = ( GEOMETRIC_REPRESENTATION_CONTEXT(2) 
PARAMETRIC_REPRESENTATION_CONTEXT() REPRESENTATION_CONTEXT('2D SPACE',''
  ) );
#3306 = PCURVE('',#3251,#3307);
#3307 = DEFINITIONAL_REPRESENTATION('',(#3308),#3312);
#3308 = LINE('',#3309,#3310);
#3309 = CARTESIAN_POINT('',(3.14159265359,0.));
#3310 = VECTOR('',#3311,1.);
#3311 = DIRECTION('',(0.,1.));
#3312 = ( GEOMETRIC_REPRESENTATION_CONTEXT(2) 
PARAMETRIC_REPRESENTATION_CONTEXT() REPRESENTATION_CONTEXT('2D SPACE',''
  ) );
#3313 = ORIENTED_EDGE('',*,*,#3314,.T.);
#3314 = EDGE_CURVE('',#3292,#3229,#3315,.T.);
#3315 = SURFACE_CURVE('',#3316,(#3321,#3328),.PCURVE_S1.);
#3316 = CIRCLE('',#3317,1.6);
#3317 = AXIS2_PLACEMENT_3D('',#3318,#3319,#3320);
#3318 = CARTESIAN_POINT('',(46.3,185.95929214352,53.381397208143));
#3319 = DIRECTION('',(-1.,-5.318914247286E-16,-6.661338147751E-16));
#3320 = DIRECTION('',(-6.661338147751E-16,7.495338295473E-15,1.));
#3321 = PCURVE('',#3239,#3322);
#3322 = DEFINITIONAL_REPRESENTATION('',(#3323),#3327);
#3323 = LINE('',#3324,#3325);
#3324 = CARTESIAN_POINT('',(3.14159265359,1.2));
#3325 = VECTOR('',#3326,1.);
#3326 = DIRECTION('',(1.,0.));
#3327 = ( GEOMETRIC_REPRESENTATION_CONTEXT(2) 
PARAMETRIC_REPRESENTATION_CONTEXT() REPRESENTATION_CONTEXT('2D SPACE',''
  ) );
#3328 = PCURVE('',#925,#3329);
#3329 = DEFINITIONAL_REPRESENTATION('',(#3330),#3338);
#3330 = ( BOUNDED_CURVE() B_SPLINE_CURVE(2,(#3331,#3332,#3333,#3334,
#3335,#3336,#3337),.UNSPECIFIED.,.T.,.F.) B_SPLINE_CURVE_WITH_KNOTS((1,2
    ,2,2,2,1),(-2.094395102393,0.,2.094395102393,4.188790204786,
6.28318530718,8.377580409573),.UNSPECIFIED.) CURVE() 
GEOMETRIC_REPRESENTATION_ITEM() RATIONAL_B_SPLINE_CURVE((1.,0.5,1.,0.5,
1.,0.5,1.)) REPRESENTATION_ITEM('') );
#3331 = CARTESIAN_POINT('',(1.6,0.));
#3332 = CARTESIAN_POINT('',(1.6,-2.77128129211));
#3333 = CARTESIAN_POINT('',(-0.8,-1.385640646055));
#3334 = CARTESIAN_POINT('',(-3.2,-3.918869757272E-16));
#3335 = CARTESIAN_POINT('',(-0.8,1.385640646055));
#3336 = CARTESIAN_POINT('',(1.6,2.77128129211));
#3337 = CARTESIAN_POINT('',(1.6,0.));
#3338 = ( GEOMETRIC_REPRESENTATION_CONTEXT(2) 
PARAMETRIC_REPRESENTATION_CONTEXT() REPRESENTATION_CONTEXT('2D SPACE',''
  ) );
#3339 = ADVANCED_FACE('',(#3340),#3354,.F.);
#3340 = FACE_BOUND('',#3341,.F.);
#3341 = EDGE_LOOP('',(#3342,#3377,#3405,#3428));
#3342 = ORIENTED_EDGE('',*,*,#3343,.T.);
#3343 = EDGE_CURVE('',#3344,#3346,#3348,.T.);
#3344 = VERTEX_POINT('',#3345);
#3345 = CARTESIAN_POINT('',(46.3,176.,34.531397208143));
#3346 = VERTEX_POINT('',#3347);
#3347 = CARTESIAN_POINT('',(41.5,176.,34.531397208143));
#3348 = SURFACE_CURVE('',#3349,(#3353,#3365),.PCURVE_S1.);
#3349 = LINE('',#3350,#3351);
#3350 = CARTESIAN_POINT('',(47.5,176.,34.531397208143));
#3351 = VECTOR('',#3352,1.);
#3352 = DIRECTION('',(-1.,-5.318914247286E-16,-6.661338147751E-16));
#3353 = PCURVE('',#3354,#3359);
#3354 = CYLINDRICAL_SURFACE('',#3355,1.6);
#3355 = AXIS2_PLACEMENT_3D('',#3356,#3357,#3358);
#3356 = CARTESIAN_POINT('',(47.5,176.,36.131397208143));
#3357 = DIRECTION('',(-1.,-5.318914247286E-16,-6.661338147751E-16));
#3358 = DIRECTION('',(6.661338147751E-16,-7.495338295473E-15,-1.));
#3359 = DEFINITIONAL_REPRESENTATION('',(#3360),#3364);
#3360 = LINE('',#3361,#3362);
#3361 = CARTESIAN_POINT('',(6.28318530718,0.));
#3362 = VECTOR('',#3363,1.);
#3363 = DIRECTION('',(0.,1.));
#3364 = ( GEOMETRIC_REPRESENTATION_CONTEXT(2) 
PARAMETRIC_REPRESENTATION_CONTEXT() REPRESENTATION_CONTEXT('2D SPACE',''
  ) );
#3365 = PCURVE('',#3366,#3371);
#3366 = CYLINDRICAL_SURFACE('',#3367,1.6);
#3367 = AXIS2_PLACEMENT_3D('',#3368,#3369,#3370);
#3368 = CARTESIAN_POINT('',(47.5,176.,36.131397208143));
#3369 = DIRECTION('',(-1.,-5.318914247286E-16,-6.661338147751E-16));
#3370 = DIRECTION('',(6.661338147751E-16,-7.495338295473E-15,-1.));
#3371 = DEFINITIONAL_REPRESENTATION('',(#3372),#3376);
#3372 = LINE('',#3373,#3374);
#3373 = CARTESIAN_POINT('',(0.,0.));
#3374 = VECTOR('',#3375,1.);
#3375 = DIRECTION('',(0.,1.));
#3376 = ( GEOMETRIC_REPRESENTATION_CONTEXT(2) 
PARAMETRIC_REPRESENTATION_CONTEXT() REPRESENTATION_CONTEXT('2D SPACE',''
  ) );
#3377 = ORIENTED_EDGE('',*,*,#3378,.F.);
#3378 = EDGE_CURVE('',#3379,#3346,#3381,.T.);
#3379 = VERTEX_POINT('',#3380);
#3380 = CARTESIAN_POINT('',(41.5,176.,37.731397208143));
#3381 = SURFACE_CURVE('',#3382,(#3387,#3394),.PCURVE_S1.);
#3382 = CIRCLE('',#3383,1.6);
#3383 = AXIS2_PLACEMENT_3D('',#3384,#3385,#3386);
#3384 = CARTESIAN_POINT('',(41.5,176.,36.131397208143));
#3385 = DIRECTION('',(-1.,-5.318914247286E-16,-6.661338147751E-16));
#3386 = DIRECTION('',(6.661338147751E-16,-7.495338295473E-15,-1.));
#3387 = PCURVE('',#3354,#3388);
#3388 = DEFINITIONAL_REPRESENTATION('',(#3389),#3393);
#3389 = LINE('',#3390,#3391);
#3390 = CARTESIAN_POINT('',(0.,6.));
#3391 = VECTOR('',#3392,1.);
#3392 = DIRECTION('',(1.,0.));
#3393 = ( GEOMETRIC_REPRESENTATION_CONTEXT(2) 
PARAMETRIC_REPRESENTATION_CONTEXT() REPRESENTATION_CONTEXT('2D SPACE',''
  ) );
#3394 = PCURVE('',#3160,#3395);
#3395 = DEFINITIONAL_REPRESENTATION('',(#3396),#3404);
#3396 = ( BOUNDED_CURVE() B_SPLINE_CURVE(2,(#3397,#3398,#3399,#3400,
#3401,#3402,#3403),.UNSPECIFIED.,.T.,.F.) B_SPLINE_CURVE_WITH_KNOTS((1,2
    ,2,2,2,1),(-2.094395102393,0.,2.094395102393,4.188790204786,
6.28318530718,8.377580409573),.UNSPECIFIED.) CURVE() 
GEOMETRIC_REPRESENTATION_ITEM() RATIONAL_B_SPLINE_CURVE((1.,0.5,1.,0.5,
1.,0.5,1.)) REPRESENTATION_ITEM('') );
#3397 = CARTESIAN_POINT('',(-13.1,-2.23345647532E-14));
#3398 = CARTESIAN_POINT('',(-13.1,2.77128129211));
#3399 = CARTESIAN_POINT('',(-10.7,1.385640646055));
#3400 = CARTESIAN_POINT('',(-8.3,-2.194267777747E-14));
#3401 = CARTESIAN_POINT('',(-10.7,-1.385640646055));
#3402 = CARTESIAN_POINT('',(-13.1,-2.77128129211));
#3403 = CARTESIAN_POINT('',(-13.1,-2.23345647532E-14));
#3404 = ( GEOMETRIC_REPRESENTATION_CONTEXT(2) 
PARAMETRIC_REPRESENTATION_CONTEXT() REPRESENTATION_CONTEXT('2D SPACE',''
  ) );
#3405 = ORIENTED_EDGE('',*,*,#3406,.F.);
#3406 = EDGE_CURVE('',#3407,#3379,#3409,.T.);
#3407 = VERTEX_POINT('',#3408);
#3408 = CARTESIAN_POINT('',(46.3,176.,37.731397208143));
#3409 = SURFACE_CURVE('',#3410,(#3414,#3421),.PCURVE_S1.);
#3410 = LINE('',#3411,#3412);
#3411 = CARTESIAN_POINT('',(47.5,176.,37.731397208143));
#3412 = VECTOR('',#3413,1.);
#3413 = DIRECTION('',(-1.,-5.318914247286E-16,-6.661338147751E-16));
#3414 = PCURVE('',#3354,#3415);
#3415 = DEFINITIONAL_REPRESENTATION('',(#3416),#3420);
#3416 = LINE('',#3417,#3418);
#3417 = CARTESIAN_POINT('',(3.14159265359,0.));
#3418 = VECTOR('',#3419,1.);
#3419 = DIRECTION('',(0.,1.));
#3420 = ( GEOMETRIC_REPRESENTATION_CONTEXT(2) 
PARAMETRIC_REPRESENTATION_CONTEXT() REPRESENTATION_CONTEXT('2D SPACE',''
  ) );
#3421 = PCURVE('',#3366,#3422);
#3422 = DEFINITIONAL_REPRESENTATION('',(#3423),#3427);
#3423 = LINE('',#3424,#3425);
#3424 = CARTESIAN_POINT('',(3.14159265359,0.));
#3425 = VECTOR('',#3426,1.);
#3426 = DIRECTION('',(0.,1.));
#3427 = ( GEOMETRIC_REPRESENTATION_CONTEXT(2) 
PARAMETRIC_REPRESENTATION_CONTEXT() REPRESENTATION_CONTEXT('2D SPACE',''
  ) );
#3428 = ORIENTED_EDGE('',*,*,#3429,.T.);
#3429 = EDGE_CURVE('',#3407,#3344,#3430,.T.);
#3430 = SURFACE_CURVE('',#3431,(#3436,#3443),.PCURVE_S1.);
#3431 = CIRCLE('',#3432,1.6);
#3432 = AXIS2_PLACEMENT_3D('',#3433,#3434,#3435);
#3433 = CARTESIAN_POINT('',(46.3,176.,36.131397208143));
#3434 = DIRECTION('',(-1.,-5.318914247286E-16,-6.661338147751E-16));
#3435 = DIRECTION('',(-6.661338147751E-16,7.495338295473E-15,1.));
#3436 = PCURVE('',#3354,#3437);
#3437 = DEFINITIONAL_REPRESENTATION('',(#3438),#3442);
#3438 = LINE('',#3439,#3440);
#3439 = CARTESIAN_POINT('',(3.14159265359,1.2));
#3440 = VECTOR('',#3441,1.);
#3441 = DIRECTION('',(1.,0.));
#3442 = ( GEOMETRIC_REPRESENTATION_CONTEXT(2) 
PARAMETRIC_REPRESENTATION_CONTEXT() REPRESENTATION_CONTEXT('2D SPACE',''
  ) );
#3443 = PCURVE('',#813,#3444);
#3444 = DEFINITIONAL_REPRESENTATION('',(#3445),#3453);
#3445 = ( BOUNDED_CURVE() B_SPLINE_CURVE(2,(#3446,#3447,#3448,#3449,
#3450,#3451,#3452),.UNSPECIFIED.,.T.,.F.) B_SPLINE_CURVE_WITH_KNOTS((1,2
    ,2,2,2,1),(-2.094395102393,0.,2.094395102393,4.188790204786,
6.28318530718,8.377580409573),.UNSPECIFIED.) CURVE() 
GEOMETRIC_REPRESENTATION_ITEM() RATIONAL_B_SPLINE_CURVE((1.,0.5,1.,0.5,
1.,0.5,1.)) REPRESENTATION_ITEM('') );
#3446 = CARTESIAN_POINT('',(1.6,0.));
#3447 = CARTESIAN_POINT('',(1.6,-2.77128129211));
#3448 = CARTESIAN_POINT('',(-0.8,-1.385640646055));
#3449 = CARTESIAN_POINT('',(-3.2,-3.918869757272E-16));
#3450 = CARTESIAN_POINT('',(-0.8,1.385640646055));
#3451 = CARTESIAN_POINT('',(1.6,2.77128129211));
#3452 = CARTESIAN_POINT('',(1.6,0.));
#3453 = ( GEOMETRIC_REPRESENTATION_CONTEXT(2) 
PARAMETRIC_REPRESENTATION_CONTEXT() REPRESENTATION_CONTEXT('2D SPACE',''
  ) );
#3454 = ADVANCED_FACE('',(#3455),#3469,.F.);
#3455 = FACE_BOUND('',#3456,.F.);
#3456 = EDGE_LOOP('',(#3457,#3492,#3520,#3543));
#3457 = ORIENTED_EDGE('',*,*,#3458,.T.);
#3458 = EDGE_CURVE('',#3459,#3461,#3463,.T.);
#3459 = VERTEX_POINT('',#3460);
#3460 = CARTESIAN_POINT('',(46.3,185.09326673973,40.781397208143));
#3461 = VERTEX_POINT('',#3462);
#3462 = CARTESIAN_POINT('',(41.5,185.09326673973,40.781397208143));
#3463 = SURFACE_CURVE('',#3464,(#3468,#3480),.PCURVE_S1.);
#3464 = LINE('',#3465,#3466);
#3465 = CARTESIAN_POINT('',(47.5,185.09326673973,40.781397208143));
#3466 = VECTOR('',#3467,1.);
#3467 = DIRECTION('',(-1.,-5.318914247286E-16,-6.661338147751E-16));
#3468 = PCURVE('',#3469,#3474);
#3469 = CYLINDRICAL_SURFACE('',#3470,1.6);
#3470 = AXIS2_PLACEMENT_3D('',#3471,#3472,#3473);
#3471 = CARTESIAN_POINT('',(47.5,185.09326673973,42.381397208143));
#3472 = DIRECTION('',(-1.,-5.318914247286E-16,-6.661338147751E-16));
#3473 = DIRECTION('',(6.661338147751E-16,-7.495338295473E-15,-1.));
#3474 = DEFINITIONAL_REPRESENTATION('',(#3475),#3479);
#3475 = LINE('',#3476,#3477);
#3476 = CARTESIAN_POINT('',(6.28318530718,0.));
#3477 = VECTOR('',#3478,1.);
#3478 = DIRECTION('',(0.,1.));
#3479 = ( GEOMETRIC_REPRESENTATION_CONTEXT(2) 
PARAMETRIC_REPRESENTATION_CONTEXT() REPRESENTATION_CONTEXT('2D SPACE',''
  ) );
#3480 = PCURVE('',#3481,#3486);
#3481 = CYLINDRICAL_SURFACE('',#3482,1.6);
#3482 = AXIS2_PLACEMENT_3D('',#3483,#3484,#3485);
#3483 = CARTESIAN_POINT('',(47.5,185.09326673973,42.381397208143));
#3484 = DIRECTION('',(-1.,-5.318914247286E-16,-6.661338147751E-16));
#3485 = DIRECTION('',(6.661338147751E-16,-7.495338295473E-15,-1.));
#3486 = DEFINITIONAL_REPRESENTATION('',(#3487),#3491);
#3487 = LINE('',#3488,#3489);
#3488 = CARTESIAN_POINT('',(0.,0.));
#3489 = VECTOR('',#3490,1.);
#3490 = DIRECTION('',(0.,1.));
#3491 = ( GEOMETRIC_REPRESENTATION_CONTEXT(2) 
PARAMETRIC_REPRESENTATION_CONTEXT() REPRESENTATION_CONTEXT('2D SPACE',''
  ) );
#3492 = ORIENTED_EDGE('',*,*,#3493,.F.);
#3493 = EDGE_CURVE('',#3494,#3461,#3496,.T.);
#3494 = VERTEX_POINT('',#3495);
#3495 = CARTESIAN_POINT('',(41.5,185.09326673973,43.981397208143));
#3496 = SURFACE_CURVE('',#3497,(#3502,#3509),.PCURVE_S1.);
#3497 = CIRCLE('',#3498,1.6);
#3498 = AXIS2_PLACEMENT_3D('',#3499,#3500,#3501);
#3499 = CARTESIAN_POINT('',(41.5,185.09326673973,42.381397208143));
#3500 = DIRECTION('',(-1.,-5.318914247286E-16,-6.661338147751E-16));
#3501 = DIRECTION('',(6.661338147751E-16,-7.495338295473E-15,-1.));
#3502 = PCURVE('',#3469,#3503);
#3503 = DEFINITIONAL_REPRESENTATION('',(#3504),#3508);
#3504 = LINE('',#3505,#3506);
#3505 = CARTESIAN_POINT('',(0.,6.));
#3506 = VECTOR('',#3507,1.);
#3507 = DIRECTION('',(1.,0.));
#3508 = ( GEOMETRIC_REPRESENTATION_CONTEXT(2) 
PARAMETRIC_REPRESENTATION_CONTEXT() REPRESENTATION_CONTEXT('2D SPACE',''
  ) );
#3509 = PCURVE('',#3160,#3510);
#3510 = DEFINITIONAL_REPRESENTATION('',(#3511),#3519);
#3511 = ( BOUNDED_CURVE() B_SPLINE_CURVE(2,(#3512,#3513,#3514,#3515,
#3516,#3517,#3518),.UNSPECIFIED.,.T.,.F.) B_SPLINE_CURVE_WITH_KNOTS((1,2
    ,2,2,2,1),(-2.094395102393,0.,2.094395102393,4.188790204786,
6.28318530718,8.377580409573),.UNSPECIFIED.) CURVE() 
GEOMETRIC_REPRESENTATION_ITEM() RATIONAL_B_SPLINE_CURVE((1.,0.5,1.,0.5,
1.,0.5,1.)) REPRESENTATION_ITEM('') );
#3512 = CARTESIAN_POINT('',(-6.85,-9.093266739737));
#3513 = CARTESIAN_POINT('',(-6.85,-6.321985447626));
#3514 = CARTESIAN_POINT('',(-4.45,-7.707626093682));
#3515 = CARTESIAN_POINT('',(-2.05,-9.093266739737));
#3516 = CARTESIAN_POINT('',(-4.45,-10.47890738579));
#3517 = CARTESIAN_POINT('',(-6.85,-11.86454803184));
#3518 = CARTESIAN_POINT('',(-6.85,-9.093266739737));
#3519 = ( GEOMETRIC_REPRESENTATION_CONTEXT(2) 
PARAMETRIC_REPRESENTATION_CONTEXT() REPRESENTATION_CONTEXT('2D SPACE',''
  ) );
#3520 = ORIENTED_EDGE('',*,*,#3521,.F.);
#3521 = EDGE_CURVE('',#3522,#3494,#3524,.T.);
#3522 = VERTEX_POINT('',#3523);
#3523 = CARTESIAN_POINT('',(46.3,185.09326673973,43.981397208143));
#3524 = SURFACE_CURVE('',#3525,(#3529,#3536),.PCURVE_S1.);
#3525 = LINE('',#3526,#3527);
#3526 = CARTESIAN_POINT('',(47.5,185.09326673973,43.981397208143));
#3527 = VECTOR('',#3528,1.);
#3528 = DIRECTION('',(-1.,-5.318914247286E-16,-6.661338147751E-16));
#3529 = PCURVE('',#3469,#3530);
#3530 = DEFINITIONAL_REPRESENTATION('',(#3531),#3535);
#3531 = LINE('',#3532,#3533);
#3532 = CARTESIAN_POINT('',(3.14159265359,0.));
#3533 = VECTOR('',#3534,1.);
#3534 = DIRECTION('',(0.,1.));
#3535 = ( GEOMETRIC_REPRESENTATION_CONTEXT(2) 
PARAMETRIC_REPRESENTATION_CONTEXT() REPRESENTATION_CONTEXT('2D SPACE',''
  ) );
#3536 = PCURVE('',#3481,#3537);
#3537 = DEFINITIONAL_REPRESENTATION('',(#3538),#3542);
#3538 = LINE('',#3539,#3540);
#3539 = CARTESIAN_POINT('',(3.14159265359,0.));
#3540 = VECTOR('',#3541,1.);
#3541 = DIRECTION('',(0.,1.));
#3542 = ( GEOMETRIC_REPRESENTATION_CONTEXT(2) 
PARAMETRIC_REPRESENTATION_CONTEXT() REPRESENTATION_CONTEXT('2D SPACE',''
  ) );
#3543 = ORIENTED_EDGE('',*,*,#3544,.T.);
#3544 = EDGE_CURVE('',#3522,#3459,#3545,.T.);
#3545 = SURFACE_CURVE('',#3546,(#3551,#3558),.PCURVE_S1.);
#3546 = CIRCLE('',#3547,1.6);
#3547 = AXIS2_PLACEMENT_3D('',#3548,#3549,#3550);
#3548 = CARTESIAN_POINT('',(46.3,185.09326673973,42.381397208143));
#3549 = DIRECTION('',(-1.,-5.318914247286E-16,-6.661338147751E-16));
#3550 = DIRECTION('',(-6.661338147751E-16,7.495338295473E-15,1.));
#3551 = PCURVE('',#3469,#3552);
#3552 = DEFINITIONAL_REPRESENTATION('',(#3553),#3557);
#3553 = LINE('',#3554,#3555);
#3554 = CARTESIAN_POINT('',(3.14159265359,1.2));
#3555 = VECTOR('',#3556,1.);
#3556 = DIRECTION('',(1.,0.));
#3557 = ( GEOMETRIC_REPRESENTATION_CONTEXT(2) 
PARAMETRIC_REPRESENTATION_CONTEXT() REPRESENTATION_CONTEXT('2D SPACE',''
  ) );
#3558 = PCURVE('',#701,#3559);
#3559 = DEFINITIONAL_REPRESENTATION('',(#3560),#3568);
#3560 = ( BOUNDED_CURVE() B_SPLINE_CURVE(2,(#3561,#3562,#3563,#3564,
#3565,#3566,#3567),.UNSPECIFIED.,.T.,.F.) B_SPLINE_CURVE_WITH_KNOTS((1,2
    ,2,2,2,1),(-2.094395102393,0.,2.094395102393,4.188790204786,
6.28318530718,8.377580409573),.UNSPECIFIED.) CURVE() 
GEOMETRIC_REPRESENTATION_ITEM() RATIONAL_B_SPLINE_CURVE((1.,0.5,1.,0.5,
1.,0.5,1.)) REPRESENTATION_ITEM('') );
#3561 = CARTESIAN_POINT('',(1.6,0.));
#3562 = CARTESIAN_POINT('',(1.6,-2.77128129211));
#3563 = CARTESIAN_POINT('',(-0.8,-1.385640646055));
#3564 = CARTESIAN_POINT('',(-3.2,-3.918869757272E-16));
#3565 = CARTESIAN_POINT('',(-0.8,1.385640646055));
#3566 = CARTESIAN_POINT('',(1.6,2.77128129211));
#3567 = CARTESIAN_POINT('',(1.6,0.));
#3568 = ( GEOMETRIC_REPRESENTATION_CONTEXT(2) 
PARAMETRIC_REPRESENTATION_CONTEXT() REPRESENTATION_CONTEXT('2D SPACE',''
  ) );
#3569 = ADVANCED_FACE('',(#3570),#3584,.F.);
#3570 = FACE_BOUND('',#3571,.F.);
#3571 = EDGE_LOOP('',(#3572,#3607,#3635,#3658));
#3572 = ORIENTED_EDGE('',*,*,#3573,.T.);
#3573 = EDGE_CURVE('',#3574,#3576,#3578,.T.);
#3574 = VERTEX_POINT('',#3575);
#3575 = CARTESIAN_POINT('',(46.3,166.90673326026,40.781397208143));
#3576 = VERTEX_POINT('',#3577);
#3577 = CARTESIAN_POINT('',(41.5,166.90673326026,40.781397208143));
#3578 = SURFACE_CURVE('',#3579,(#3583,#3595),.PCURVE_S1.);
#3579 = LINE('',#3580,#3581);
#3580 = CARTESIAN_POINT('',(47.5,166.90673326026,40.781397208143));
#3581 = VECTOR('',#3582,1.);
#3582 = DIRECTION('',(-1.,-5.318914247286E-16,-6.661338147751E-16));
#3583 = PCURVE('',#3584,#3589);
#3584 = CYLINDRICAL_SURFACE('',#3585,1.6);
#3585 = AXIS2_PLACEMENT_3D('',#3586,#3587,#3588);
#3586 = CARTESIAN_POINT('',(47.5,166.90673326026,42.381397208143));
#3587 = DIRECTION('',(-1.,-5.318914247286E-16,-6.661338147751E-16));
#3588 = DIRECTION('',(6.661338147751E-16,-7.495338295473E-15,-1.));
#3589 = DEFINITIONAL_REPRESENTATION('',(#3590),#3594);
#3590 = LINE('',#3591,#3592);
#3591 = CARTESIAN_POINT('',(6.28318530718,0.));
#3592 = VECTOR('',#3593,1.);
#3593 = DIRECTION('',(0.,1.));
#3594 = ( GEOMETRIC_REPRESENTATION_CONTEXT(2) 
PARAMETRIC_REPRESENTATION_CONTEXT() REPRESENTATION_CONTEXT('2D SPACE',''
  ) );
#3595 = PCURVE('',#3596,#3601);
#3596 = CYLINDRICAL_SURFACE('',#3597,1.6);
#3597 = AXIS2_PLACEMENT_3D('',#3598,#3599,#3600);
#3598 = CARTESIAN_POINT('',(47.5,166.90673326026,42.381397208143));
#3599 = DIRECTION('',(-1.,-5.318914247286E-16,-6.661338147751E-16));
#3600 = DIRECTION('',(6.661338147751E-16,-7.495338295473E-15,-1.));
#3601 = DEFINITIONAL_REPRESENTATION('',(#3602),#3606);
#3602 = LINE('',#3603,#3604);
#3603 = CARTESIAN_POINT('',(0.,0.));
#3604 = VECTOR('',#3605,1.);
#3605 = DIRECTION('',(0.,1.));
#3606 = ( GEOMETRIC_REPRESENTATION_CONTEXT(2) 
PARAMETRIC_REPRESENTATION_CONTEXT() REPRESENTATION_CONTEXT('2D SPACE',''
  ) );
#3607 = ORIENTED_EDGE('',*,*,#3608,.F.);
#3608 = EDGE_CURVE('',#3609,#3576,#3611,.T.);
#3609 = VERTEX_POINT('',#3610);
#3610 = CARTESIAN_POINT('',(41.5,166.90673326026,43.981397208143));
#3611 = SURFACE_CURVE('',#3612,(#3617,#3624),.PCURVE_S1.);
#3612 = CIRCLE('',#3613,1.6);
#3613 = AXIS2_PLACEMENT_3D('',#3614,#3615,#3616);
#3614 = CARTESIAN_POINT('',(41.5,166.90673326026,42.381397208143));
#3615 = DIRECTION('',(-1.,-5.318914247286E-16,-6.661338147751E-16));
#3616 = DIRECTION('',(6.661338147751E-16,-7.495338295473E-15,-1.));
#3617 = PCURVE('',#3584,#3618);
#3618 = DEFINITIONAL_REPRESENTATION('',(#3619),#3623);
#3619 = LINE('',#3620,#3621);
#3620 = CARTESIAN_POINT('',(0.,6.));
#3621 = VECTOR('',#3622,1.);
#3622 = DIRECTION('',(1.,0.));
#3623 = ( GEOMETRIC_REPRESENTATION_CONTEXT(2) 
PARAMETRIC_REPRESENTATION_CONTEXT() REPRESENTATION_CONTEXT('2D SPACE',''
  ) );
#3624 = PCURVE('',#3160,#3625);
#3625 = DEFINITIONAL_REPRESENTATION('',(#3626),#3634);
#3626 = ( BOUNDED_CURVE() B_SPLINE_CURVE(2,(#3627,#3628,#3629,#3630,
#3631,#3632,#3633),.UNSPECIFIED.,.T.,.F.) B_SPLINE_CURVE_WITH_KNOTS((1,2
    ,2,2,2,1),(-2.094395102393,0.,2.094395102393,4.188790204786,
6.28318530718,8.377580409573),.UNSPECIFIED.) CURVE() 
GEOMETRIC_REPRESENTATION_ITEM() RATIONAL_B_SPLINE_CURVE((1.,0.5,1.,0.5,
1.,0.5,1.)) REPRESENTATION_ITEM('') );
#3627 = CARTESIAN_POINT('',(-6.85,9.093266739737));
#3628 = CARTESIAN_POINT('',(-6.85,11.864548031847));
#3629 = CARTESIAN_POINT('',(-4.45,10.478907385792));
#3630 = CARTESIAN_POINT('',(-2.05,9.093266739737));
#3631 = CARTESIAN_POINT('',(-4.45,7.707626093682));
#3632 = CARTESIAN_POINT('',(-6.85,6.321985447626));
#3633 = CARTESIAN_POINT('',(-6.85,9.093266739737));
#3634 = ( GEOMETRIC_REPRESENTATION_CONTEXT(2) 
PARAMETRIC_REPRESENTATION_CONTEXT() REPRESENTATION_CONTEXT('2D SPACE',''
  ) );
#3635 = ORIENTED_EDGE('',*,*,#3636,.F.);
#3636 = EDGE_CURVE('',#3637,#3609,#3639,.T.);
#3637 = VERTEX_POINT('',#3638);
#3638 = CARTESIAN_POINT('',(46.3,166.90673326026,43.981397208143));
#3639 = SURFACE_CURVE('',#3640,(#3644,#3651),.PCURVE_S1.);
#3640 = LINE('',#3641,#3642);
#3641 = CARTESIAN_POINT('',(47.5,166.90673326026,43.981397208143));
#3642 = VECTOR('',#3643,1.);
#3643 = DIRECTION('',(-1.,-5.318914247286E-16,-6.661338147751E-16));
#3644 = PCURVE('',#3584,#3645);
#3645 = DEFINITIONAL_REPRESENTATION('',(#3646),#3650);
#3646 = LINE('',#3647,#3648);
#3647 = CARTESIAN_POINT('',(3.14159265359,0.));
#3648 = VECTOR('',#3649,1.);
#3649 = DIRECTION('',(0.,1.));
#3650 = ( GEOMETRIC_REPRESENTATION_CONTEXT(2) 
PARAMETRIC_REPRESENTATION_CONTEXT() REPRESENTATION_CONTEXT('2D SPACE',''
  ) );
#3651 = PCURVE('',#3596,#3652);
#3652 = DEFINITIONAL_REPRESENTATION('',(#3653),#3657);
#3653 = LINE('',#3654,#3655);
#3654 = CARTESIAN_POINT('',(3.14159265359,0.));
#3655 = VECTOR('',#3656,1.);
#3656 = DIRECTION('',(0.,1.));
#3657 = ( GEOMETRIC_REPRESENTATION_CONTEXT(2) 
PARAMETRIC_REPRESENTATION_CONTEXT() REPRESENTATION_CONTEXT('2D SPACE',''
  ) );
#3658 = ORIENTED_EDGE('',*,*,#3659,.T.);
#3659 = EDGE_CURVE('',#3637,#3574,#3660,.T.);
#3660 = SURFACE_CURVE('',#3661,(#3666,#3673),.PCURVE_S1.);
#3661 = CIRCLE('',#3662,1.6);
#3662 = AXIS2_PLACEMENT_3D('',#3663,#3664,#3665);
#3663 = CARTESIAN_POINT('',(46.3,166.90673326026,42.381397208143));
#3664 = DIRECTION('',(-1.,-5.318914247286E-16,-6.661338147751E-16));
#3665 = DIRECTION('',(-6.661338147751E-16,7.495338295473E-15,1.));
#3666 = PCURVE('',#3584,#3667);
#3667 = DEFINITIONAL_REPRESENTATION('',(#3668),#3672);
#3668 = LINE('',#3669,#3670);
#3669 = CARTESIAN_POINT('',(3.14159265359,1.2));
#3670 = VECTOR('',#3671,1.);
#3671 = DIRECTION('',(1.,0.));
#3672 = ( GEOMETRIC_REPRESENTATION_CONTEXT(2) 
PARAMETRIC_REPRESENTATION_CONTEXT() REPRESENTATION_CONTEXT('2D SPACE',''
  ) );
#3673 = PCURVE('',#589,#3674);
#3674 = DEFINITIONAL_REPRESENTATION('',(#3675),#3683);
#3675 = ( BOUNDED_CURVE() B_SPLINE_CURVE(2,(#3676,#3677,#3678,#3679,
#3680,#3681,#3682),.UNSPECIFIED.,.T.,.F.) B_SPLINE_CURVE_WITH_KNOTS((1,2
    ,2,2,2,1),(-2.094395102393,0.,2.094395102393,4.188790204786,
6.28318530718,8.377580409573),.UNSPECIFIED.) CURVE() 
GEOMETRIC_REPRESENTATION_ITEM() RATIONAL_B_SPLINE_CURVE((1.,0.5,1.,0.5,
1.,0.5,1.)) REPRESENTATION_ITEM('') );
#3676 = CARTESIAN_POINT('',(1.6,0.));
#3677 = CARTESIAN_POINT('',(1.6,-2.77128129211));
#3678 = CARTESIAN_POINT('',(-0.8,-1.385640646055));
#3679 = CARTESIAN_POINT('',(-3.2,-3.918869757272E-16));
#3680 = CARTESIAN_POINT('',(-0.8,1.385640646055));
#3681 = CARTESIAN_POINT('',(1.6,2.77128129211));
#3682 = CARTESIAN_POINT('',(1.6,0.));
#3683 = ( GEOMETRIC_REPRESENTATION_CONTEXT(2) 
PARAMETRIC_REPRESENTATION_CONTEXT() REPRESENTATION_CONTEXT('2D SPACE',''
  ) );
#3684 = ADVANCED_FACE('',(#3685),#3699,.F.);
#3685 = FACE_BOUND('',#3686,.F.);
#3686 = EDGE_LOOP('',(#3687,#3722,#3750,#3773));
#3687 = ORIENTED_EDGE('',*,*,#3688,.T.);
#3688 = EDGE_CURVE('',#3689,#3691,#3693,.T.);
#3689 = VERTEX_POINT('',#3690);
#3690 = CARTESIAN_POINT('',(46.3,166.04070785648,51.781397208143));
#3691 = VERTEX_POINT('',#3692);
#3692 = CARTESIAN_POINT('',(41.5,166.04070785648,51.781397208143));
#3693 = SURFACE_CURVE('',#3694,(#3698,#3710),.PCURVE_S1.);
#3694 = LINE('',#3695,#3696);
#3695 = CARTESIAN_POINT('',(47.5,166.04070785648,51.781397208143));
#3696 = VECTOR('',#3697,1.);
#3697 = DIRECTION('',(-1.,-5.318914247286E-16,-6.661338147751E-16));
#3698 = PCURVE('',#3699,#3704);
#3699 = CYLINDRICAL_SURFACE('',#3700,1.6);
#3700 = AXIS2_PLACEMENT_3D('',#3701,#3702,#3703);
#3701 = CARTESIAN_POINT('',(47.5,166.04070785648,53.381397208143));
#3702 = DIRECTION('',(-1.,-5.318914247286E-16,-6.661338147751E-16));
#3703 = DIRECTION('',(6.661338147751E-16,-7.495338295473E-15,-1.));
#3704 = DEFINITIONAL_REPRESENTATION('',(#3705),#3709);
#3705 = LINE('',#3706,#3707);
#3706 = CARTESIAN_POINT('',(6.28318530718,0.));
#3707 = VECTOR('',#3708,1.);
#3708 = DIRECTION('',(0.,1.));
#3709 = ( GEOMETRIC_REPRESENTATION_CONTEXT(2) 
PARAMETRIC_REPRESENTATION_CONTEXT() REPRESENTATION_CONTEXT('2D SPACE',''
  ) );
#3710 = PCURVE('',#3711,#3716);
#3711 = CYLINDRICAL_SURFACE('',#3712,1.6);
#3712 = AXIS2_PLACEMENT_3D('',#3713,#3714,#3715);
#3713 = CARTESIAN_POINT('',(47.5,166.04070785648,53.381397208143));
#3714 = DIRECTION('',(-1.,-5.318914247286E-16,-6.661338147751E-16));
#3715 = DIRECTION('',(6.661338147751E-16,-7.495338295473E-15,-1.));
#3716 = DEFINITIONAL_REPRESENTATION('',(#3717),#3721);
#3717 = LINE('',#3718,#3719);
#3718 = CARTESIAN_POINT('',(0.,0.));
#3719 = VECTOR('',#3720,1.);
#3720 = DIRECTION('',(0.,1.));
#3721 = ( GEOMETRIC_REPRESENTATION_CONTEXT(2) 
PARAMETRIC_REPRESENTATION_CONTEXT() REPRESENTATION_CONTEXT('2D SPACE',''
  ) );
#3722 = ORIENTED_EDGE('',*,*,#3723,.F.);
#3723 = EDGE_CURVE('',#3724,#3691,#3726,.T.);
#3724 = VERTEX_POINT('',#3725);
#3725 = CARTESIAN_POINT('',(41.5,166.04070785648,54.981397208143));
#3726 = SURFACE_CURVE('',#3727,(#3732,#3739),.PCURVE_S1.);
#3727 = CIRCLE('',#3728,1.6);
#3728 = AXIS2_PLACEMENT_3D('',#3729,#3730,#3731);
#3729 = CARTESIAN_POINT('',(41.5,166.04070785648,53.381397208143));
#3730 = DIRECTION('',(-1.,-5.318914247286E-16,-6.661338147751E-16));
#3731 = DIRECTION('',(6.661338147751E-16,-7.495338295473E-15,-1.));
#3732 = PCURVE('',#3699,#3733);
#3733 = DEFINITIONAL_REPRESENTATION('',(#3734),#3738);
#3734 = LINE('',#3735,#3736);
#3735 = CARTESIAN_POINT('',(0.,6.));
#3736 = VECTOR('',#3737,1.);
#3737 = DIRECTION('',(1.,0.));
#3738 = ( GEOMETRIC_REPRESENTATION_CONTEXT(2) 
PARAMETRIC_REPRESENTATION_CONTEXT() REPRESENTATION_CONTEXT('2D SPACE',''
  ) );
#3739 = PCURVE('',#3160,#3740);
#3740 = DEFINITIONAL_REPRESENTATION('',(#3741),#3749);
#3741 = ( BOUNDED_CURVE() B_SPLINE_CURVE(2,(#3742,#3743,#3744,#3745,
#3746,#3747,#3748),.UNSPECIFIED.,.T.,.F.) B_SPLINE_CURVE_WITH_KNOTS((1,2
    ,2,2,2,1),(-2.094395102393,0.,2.094395102393,4.188790204786,
6.28318530718,8.377580409573),.UNSPECIFIED.) CURVE() 
GEOMETRIC_REPRESENTATION_ITEM() RATIONAL_B_SPLINE_CURVE((1.,0.5,1.,0.5,
1.,0.5,1.)) REPRESENTATION_ITEM('') );
#3742 = CARTESIAN_POINT('',(4.15,9.959292143521));
#3743 = CARTESIAN_POINT('',(4.15,12.730573435631));
#3744 = CARTESIAN_POINT('',(6.55,11.344932789576));
#3745 = CARTESIAN_POINT('',(8.95,9.959292143521));
#3746 = CARTESIAN_POINT('',(6.55,8.573651497466));
#3747 = CARTESIAN_POINT('',(4.15,7.188010851411));
#3748 = CARTESIAN_POINT('',(4.15,9.959292143521));
#3749 = ( GEOMETRIC_REPRESENTATION_CONTEXT(2) 
PARAMETRIC_REPRESENTATION_CONTEXT() REPRESENTATION_CONTEXT('2D SPACE',''
  ) );
#3750 = ORIENTED_EDGE('',*,*,#3751,.F.);
#3751 = EDGE_CURVE('',#3752,#3724,#3754,.T.);
#3752 = VERTEX_POINT('',#3753);
#3753 = CARTESIAN_POINT('',(46.3,166.04070785648,54.981397208143));
#3754 = SURFACE_CURVE('',#3755,(#3759,#3766),.PCURVE_S1.);
#3755 = LINE('',#3756,#3757);
#3756 = CARTESIAN_POINT('',(47.5,166.04070785648,54.981397208143));
#3757 = VECTOR('',#3758,1.);
#3758 = DIRECTION('',(-1.,-5.318914247286E-16,-6.661338147751E-16));
#3759 = PCURVE('',#3699,#3760);
#3760 = DEFINITIONAL_REPRESENTATION('',(#3761),#3765);
#3761 = LINE('',#3762,#3763);
#3762 = CARTESIAN_POINT('',(3.14159265359,0.));
#3763 = VECTOR('',#3764,1.);
#3764 = DIRECTION('',(0.,1.));
#3765 = ( GEOMETRIC_REPRESENTATION_CONTEXT(2) 
PARAMETRIC_REPRESENTATION_CONTEXT() REPRESENTATION_CONTEXT('2D SPACE',''
  ) );
#3766 = PCURVE('',#3711,#3767);
#3767 = DEFINITIONAL_REPRESENTATION('',(#3768),#3772);
#3768 = LINE('',#3769,#3770);
#3769 = CARTESIAN_POINT('',(3.14159265359,0.));
#3770 = VECTOR('',#3771,1.);
#3771 = DIRECTION('',(0.,1.));
#3772 = ( GEOMETRIC_REPRESENTATION_CONTEXT(2) 
PARAMETRIC_REPRESENTATION_CONTEXT() REPRESENTATION_CONTEXT('2D SPACE',''
  ) );
#3773 = ORIENTED_EDGE('',*,*,#3774,.T.);
#3774 = EDGE_CURVE('',#3752,#3689,#3775,.T.);
#3775 = SURFACE_CURVE('',#3776,(#3781,#3788),.PCURVE_S1.);
#3776 = CIRCLE('',#3777,1.6);
#3777 = AXIS2_PLACEMENT_3D('',#3778,#3779,#3780);
#3778 = CARTESIAN_POINT('',(46.3,166.04070785648,53.381397208143));
#3779 = DIRECTION('',(-1.,-5.318914247286E-16,-6.661338147751E-16));
#3780 = DIRECTION('',(-6.661338147751E-16,7.495338295473E-15,1.));
#3781 = PCURVE('',#3699,#3782);
#3782 = DEFINITIONAL_REPRESENTATION('',(#3783),#3787);
#3783 = LINE('',#3784,#3785);
#3784 = CARTESIAN_POINT('',(3.14159265359,1.2));
#3785 = VECTOR('',#3786,1.);
#3786 = DIRECTION('',(1.,0.));
#3787 = ( GEOMETRIC_REPRESENTATION_CONTEXT(2) 
PARAMETRIC_REPRESENTATION_CONTEXT() REPRESENTATION_CONTEXT('2D SPACE',''
  ) );
#3788 = PCURVE('',#477,#3789);
#3789 = DEFINITIONAL_REPRESENTATION('',(#3790),#3798);
#3790 = ( BOUNDED_CURVE() B_SPLINE_CURVE(2,(#3791,#3792,#3793,#3794,
#3795,#3796,#3797),.UNSPECIFIED.,.T.,.F.) B_SPLINE_CURVE_WITH_KNOTS((1,2
    ,2,2,2,1),(-2.094395102393,0.,2.094395102393,4.188790204786,
6.28318530718,8.377580409573),.UNSPECIFIED.) CURVE() 
GEOMETRIC_REPRESENTATION_ITEM() RATIONAL_B_SPLINE_CURVE((1.,0.5,1.,0.5,
1.,0.5,1.)) REPRESENTATION_ITEM('') );
#3791 = CARTESIAN_POINT('',(1.6,0.));
#3792 = CARTESIAN_POINT('',(1.6,-2.77128129211));
#3793 = CARTESIAN_POINT('',(-0.8,-1.385640646055));
#3794 = CARTESIAN_POINT('',(-3.2,-3.918869757272E-16));
#3795 = CARTESIAN_POINT('',(-0.8,1.385640646055));
#3796 = CARTESIAN_POINT('',(1.6,2.77128129211));
#3797 = CARTESIAN_POINT('',(1.6,0.));
#3798 = ( GEOMETRIC_REPRESENTATION_CONTEXT(2) 
PARAMETRIC_REPRESENTATION_CONTEXT() REPRESENTATION_CONTEXT('2D SPACE',''
  ) );
#3799 = ADVANCED_FACE('',(#3800,#3829,#3858,#3887,#3916,#3945,#3974),
  #3160,.F.);
#3800 = FACE_BOUND('',#3801,.T.);
#3801 = EDGE_LOOP('',(#3802,#3828));
#3802 = ORIENTED_EDGE('',*,*,#3803,.F.);
#3803 = EDGE_CURVE('',#3691,#3724,#3804,.T.);
#3804 = SURFACE_CURVE('',#3805,(#3810,#3821),.PCURVE_S1.);
#3805 = CIRCLE('',#3806,1.6);
#3806 = AXIS2_PLACEMENT_3D('',#3807,#3808,#3809);
#3807 = CARTESIAN_POINT('',(41.5,166.04070785648,53.381397208143));
#3808 = DIRECTION('',(-1.,-5.318914247286E-16,-6.661338147751E-16));
#3809 = DIRECTION('',(6.661338147751E-16,-7.495338295473E-15,-1.));
#3810 = PCURVE('',#3160,#3811);
#3811 = DEFINITIONAL_REPRESENTATION('',(#3812),#3820);
#3812 = ( BOUNDED_CURVE() B_SPLINE_CURVE(2,(#3813,#3814,#3815,#3816,
#3817,#3818,#3819),.UNSPECIFIED.,.T.,.F.) B_SPLINE_CURVE_WITH_KNOTS((1,2
    ,2,2,2,1),(-2.094395102393,0.,2.094395102393,4.188790204786,
6.28318530718,8.377580409573),.UNSPECIFIED.) CURVE() 
GEOMETRIC_REPRESENTATION_ITEM() RATIONAL_B_SPLINE_CURVE((1.,0.5,1.,0.5,
1.,0.5,1.)) REPRESENTATION_ITEM('') );
#3813 = CARTESIAN_POINT('',(4.15,9.959292143521));
#3814 = CARTESIAN_POINT('',(4.15,12.730573435631));
#3815 = CARTESIAN_POINT('',(6.55,11.344932789576));
#3816 = CARTESIAN_POINT('',(8.95,9.959292143521));
#3817 = CARTESIAN_POINT('',(6.55,8.573651497466));
#3818 = CARTESIAN_POINT('',(4.15,7.188010851411));
#3819 = CARTESIAN_POINT('',(4.15,9.959292143521));
#3820 = ( GEOMETRIC_REPRESENTATION_CONTEXT(2) 
PARAMETRIC_REPRESENTATION_CONTEXT() REPRESENTATION_CONTEXT('2D SPACE',''
  ) );
#3821 = PCURVE('',#3711,#3822);
#3822 = DEFINITIONAL_REPRESENTATION('',(#3823),#3827);
#3823 = LINE('',#3824,#3825);
#3824 = CARTESIAN_POINT('',(0.,6.));
#3825 = VECTOR('',#3826,1.);
#3826 = DIRECTION('',(1.,0.));
#3827 = ( GEOMETRIC_REPRESENTATION_CONTEXT(2) 
PARAMETRIC_REPRESENTATION_CONTEXT() REPRESENTATION_CONTEXT('2D SPACE',''
  ) );
#3828 = ORIENTED_EDGE('',*,*,#3723,.F.);
#3829 = FACE_BOUND('',#3830,.T.);
#3830 = EDGE_LOOP('',(#3831,#3857));
#3831 = ORIENTED_EDGE('',*,*,#3832,.F.);
#3832 = EDGE_CURVE('',#3576,#3609,#3833,.T.);
#3833 = SURFACE_CURVE('',#3834,(#3839,#3850),.PCURVE_S1.);
#3834 = CIRCLE('',#3835,1.6);
#3835 = AXIS2_PLACEMENT_3D('',#3836,#3837,#3838);
#3836 = CARTESIAN_POINT('',(41.5,166.90673326026,42.381397208143));
#3837 = DIRECTION('',(-1.,-5.318914247286E-16,-6.661338147751E-16));
#3838 = DIRECTION('',(6.661338147751E-16,-7.495338295473E-15,-1.));
#3839 = PCURVE('',#3160,#3840);
#3840 = DEFINITIONAL_REPRESENTATION('',(#3841),#3849);
#3841 = ( BOUNDED_CURVE() B_SPLINE_CURVE(2,(#3842,#3843,#3844,#3845,
#3846,#3847,#3848),.UNSPECIFIED.,.T.,.F.) B_SPLINE_CURVE_WITH_KNOTS((1,2
    ,2,2,2,1),(-2.094395102393,0.,2.094395102393,4.188790204786,
6.28318530718,8.377580409573),.UNSPECIFIED.) CURVE() 
GEOMETRIC_REPRESENTATION_ITEM() RATIONAL_B_SPLINE_CURVE((1.,0.5,1.,0.5,
1.,0.5,1.)) REPRESENTATION_ITEM('') );
#3842 = CARTESIAN_POINT('',(-6.85,9.093266739737));
#3843 = CARTESIAN_POINT('',(-6.85,11.864548031847));
#3844 = CARTESIAN_POINT('',(-4.45,10.478907385792));
#3845 = CARTESIAN_POINT('',(-2.05,9.093266739737));
#3846 = CARTESIAN_POINT('',(-4.45,7.707626093682));
#3847 = CARTESIAN_POINT('',(-6.85,6.321985447626));
#3848 = CARTESIAN_POINT('',(-6.85,9.093266739737));
#3849 = ( GEOMETRIC_REPRESENTATION_CONTEXT(2) 
PARAMETRIC_REPRESENTATION_CONTEXT() REPRESENTATION_CONTEXT('2D SPACE',''
  ) );
#3850 = PCURVE('',#3596,#3851);
#3851 = DEFINITIONAL_REPRESENTATION('',(#3852),#3856);
#3852 = LINE('',#3853,#3854);
#3853 = CARTESIAN_POINT('',(0.,6.));
#3854 = VECTOR('',#3855,1.);
#3855 = DIRECTION('',(1.,0.));
#3856 = ( GEOMETRIC_REPRESENTATION_CONTEXT(2) 
PARAMETRIC_REPRESENTATION_CONTEXT() REPRESENTATION_CONTEXT('2D SPACE',''
  ) );
#3857 = ORIENTED_EDGE('',*,*,#3608,.F.);
#3858 = FACE_BOUND('',#3859,.T.);
#3859 = EDGE_LOOP('',(#3860,#3886));
#3860 = ORIENTED_EDGE('',*,*,#3861,.F.);
#3861 = EDGE_CURVE('',#3461,#3494,#3862,.T.);
#3862 = SURFACE_CURVE('',#3863,(#3868,#3879),.PCURVE_S1.);
#3863 = CIRCLE('',#3864,1.6);
#3864 = AXIS2_PLACEMENT_3D('',#3865,#3866,#3867);
#3865 = CARTESIAN_POINT('',(41.5,185.09326673973,42.381397208143));
#3866 = DIRECTION('',(-1.,-5.318914247286E-16,-6.661338147751E-16));
#3867 = DIRECTION('',(6.661338147751E-16,-7.495338295473E-15,-1.));
#3868 = PCURVE('',#3160,#3869);
#3869 = DEFINITIONAL_REPRESENTATION('',(#3870),#3878);
#3870 = ( BOUNDED_CURVE() B_SPLINE_CURVE(2,(#3871,#3872,#3873,#3874,
#3875,#3876,#3877),.UNSPECIFIED.,.T.,.F.) B_SPLINE_CURVE_WITH_KNOTS((1,2
    ,2,2,2,1),(-2.094395102393,0.,2.094395102393,4.188790204786,
6.28318530718,8.377580409573),.UNSPECIFIED.) CURVE() 
GEOMETRIC_REPRESENTATION_ITEM() RATIONAL_B_SPLINE_CURVE((1.,0.5,1.,0.5,
1.,0.5,1.)) REPRESENTATION_ITEM('') );
#3871 = CARTESIAN_POINT('',(-6.85,-9.093266739737));
#3872 = CARTESIAN_POINT('',(-6.85,-6.321985447626));
#3873 = CARTESIAN_POINT('',(-4.45,-7.707626093682));
#3874 = CARTESIAN_POINT('',(-2.05,-9.093266739737));
#3875 = CARTESIAN_POINT('',(-4.45,-10.47890738579));
#3876 = CARTESIAN_POINT('',(-6.85,-11.86454803184));
#3877 = CARTESIAN_POINT('',(-6.85,-9.093266739737));
#3878 = ( GEOMETRIC_REPRESENTATION_CONTEXT(2) 
PARAMETRIC_REPRESENTATION_CONTEXT() REPRESENTATION_CONTEXT('2D SPACE',''
  ) );
#3879 = PCURVE('',#3481,#3880);
#3880 = DEFINITIONAL_REPRESENTATION('',(#3881),#3885);
#3881 = LINE('',#3882,#3883);
#3882 = CARTESIAN_POINT('',(0.,6.));
#3883 = VECTOR('',#3884,1.);
#3884 = DIRECTION('',(1.,0.));
#3885 = ( GEOMETRIC_REPRESENTATION_CONTEXT(2) 
PARAMETRIC_REPRESENTATION_CONTEXT() REPRESENTATION_CONTEXT('2D SPACE',''
  ) );
#3886 = ORIENTED_EDGE('',*,*,#3493,.F.);
#3887 = FACE_BOUND('',#3888,.T.);
#3888 = EDGE_LOOP('',(#3889,#3915));
#3889 = ORIENTED_EDGE('',*,*,#3890,.F.);
#3890 = EDGE_CURVE('',#3346,#3379,#3891,.T.);
#3891 = SURFACE_CURVE('',#3892,(#3897,#3908),.PCURVE_S1.);
#3892 = CIRCLE('',#3893,1.6);
#3893 = AXIS2_PLACEMENT_3D('',#3894,#3895,#3896);
#3894 = CARTESIAN_POINT('',(41.5,176.,36.131397208143));
#3895 = DIRECTION('',(-1.,-5.318914247286E-16,-6.661338147751E-16));
#3896 = DIRECTION('',(6.661338147751E-16,-7.495338295473E-15,-1.));
#3897 = PCURVE('',#3160,#3898);
#3898 = DEFINITIONAL_REPRESENTATION('',(#3899),#3907);
#3899 = ( BOUNDED_CURVE() B_SPLINE_CURVE(2,(#3900,#3901,#3902,#3903,
#3904,#3905,#3906),.UNSPECIFIED.,.T.,.F.) B_SPLINE_CURVE_WITH_KNOTS((1,2
    ,2,2,2,1),(-2.094395102393,0.,2.094395102393,4.188790204786,
6.28318530718,8.377580409573),.UNSPECIFIED.) CURVE() 
GEOMETRIC_REPRESENTATION_ITEM() RATIONAL_B_SPLINE_CURVE((1.,0.5,1.,0.5,
1.,0.5,1.)) REPRESENTATION_ITEM('') );
#3900 = CARTESIAN_POINT('',(-13.1,-2.23345647532E-14));
#3901 = CARTESIAN_POINT('',(-13.1,2.77128129211));
#3902 = CARTESIAN_POINT('',(-10.7,1.385640646055));
#3903 = CARTESIAN_POINT('',(-8.3,-2.194267777747E-14));
#3904 = CARTESIAN_POINT('',(-10.7,-1.385640646055));
#3905 = CARTESIAN_POINT('',(-13.1,-2.77128129211));
#3906 = CARTESIAN_POINT('',(-13.1,-2.23345647532E-14));
#3907 = ( GEOMETRIC_REPRESENTATION_CONTEXT(2) 
PARAMETRIC_REPRESENTATION_CONTEXT() REPRESENTATION_CONTEXT('2D SPACE',''
  ) );
#3908 = PCURVE('',#3366,#3909);
#3909 = DEFINITIONAL_REPRESENTATION('',(#3910),#3914);
#3910 = LINE('',#3911,#3912);
#3911 = CARTESIAN_POINT('',(0.,6.));
#3912 = VECTOR('',#3913,1.);
#3913 = DIRECTION('',(1.,0.));
#3914 = ( GEOMETRIC_REPRESENTATION_CONTEXT(2) 
PARAMETRIC_REPRESENTATION_CONTEXT() REPRESENTATION_CONTEXT('2D SPACE',''
  ) );
#3915 = ORIENTED_EDGE('',*,*,#3378,.F.);
#3916 = FACE_BOUND('',#3917,.T.);
#3917 = EDGE_LOOP('',(#3918,#3944));
#3918 = ORIENTED_EDGE('',*,*,#3919,.F.);
#3919 = EDGE_CURVE('',#3231,#3264,#3920,.T.);
#3920 = SURFACE_CURVE('',#3921,(#3926,#3937),.PCURVE_S1.);
#3921 = CIRCLE('',#3922,1.6);
#3922 = AXIS2_PLACEMENT_3D('',#3923,#3924,#3925);
#3923 = CARTESIAN_POINT('',(41.5,185.95929214352,53.381397208143));
#3924 = DIRECTION('',(-1.,-5.318914247286E-16,-6.661338147751E-16));
#3925 = DIRECTION('',(6.661338147751E-16,-7.495338295473E-15,-1.));
#3926 = PCURVE('',#3160,#3927);
#3927 = DEFINITIONAL_REPRESENTATION('',(#3928),#3936);
#3928 = ( BOUNDED_CURVE() B_SPLINE_CURVE(2,(#3929,#3930,#3931,#3932,
#3933,#3934,#3935),.UNSPECIFIED.,.T.,.F.) B_SPLINE_CURVE_WITH_KNOTS((1,2
    ,2,2,2,1),(-2.094395102393,0.,2.094395102393,4.188790204786,
6.28318530718,8.377580409573),.UNSPECIFIED.) CURVE() 
GEOMETRIC_REPRESENTATION_ITEM() RATIONAL_B_SPLINE_CURVE((1.,0.5,1.,0.5,
1.,0.5,1.)) REPRESENTATION_ITEM('') );
#3929 = CARTESIAN_POINT('',(4.15,-9.959292143521));
#3930 = CARTESIAN_POINT('',(4.15,-7.188010851411));
#3931 = CARTESIAN_POINT('',(6.55,-8.573651497466));
#3932 = CARTESIAN_POINT('',(8.95,-9.959292143521));
#3933 = CARTESIAN_POINT('',(6.55,-11.34493278957));
#3934 = CARTESIAN_POINT('',(4.15,-12.73057343563));
#3935 = CARTESIAN_POINT('',(4.15,-9.959292143521));
#3936 = ( GEOMETRIC_REPRESENTATION_CONTEXT(2) 
PARAMETRIC_REPRESENTATION_CONTEXT() REPRESENTATION_CONTEXT('2D SPACE',''
  ) );
#3937 = PCURVE('',#3251,#3938);
#3938 = DEFINITIONAL_REPRESENTATION('',(#3939),#3943);
#3939 = LINE('',#3940,#3941);
#3940 = CARTESIAN_POINT('',(0.,6.));
#3941 = VECTOR('',#3942,1.);
#3942 = DIRECTION('',(1.,0.));
#3943 = ( GEOMETRIC_REPRESENTATION_CONTEXT(2) 
PARAMETRIC_REPRESENTATION_CONTEXT() REPRESENTATION_CONTEXT('2D SPACE',''
  ) );
#3944 = ORIENTED_EDGE('',*,*,#3263,.F.);
#3945 = FACE_BOUND('',#3946,.T.);
#3946 = EDGE_LOOP('',(#3947,#3973));
#3947 = ORIENTED_EDGE('',*,*,#3948,.F.);
#3948 = EDGE_CURVE('',#3111,#3144,#3949,.T.);
#3949 = SURFACE_CURVE('',#3950,(#3955,#3966),.PCURVE_S1.);
#3950 = CIRCLE('',#3951,1.6);
#3951 = AXIS2_PLACEMENT_3D('',#3952,#3953,#3954);
#3952 = CARTESIAN_POINT('',(41.5,176.,58.131397208143));
#3953 = DIRECTION('',(-1.,-5.318914247286E-16,-6.661338147751E-16));
#3954 = DIRECTION('',(6.661338147751E-16,-7.495338295473E-15,-1.));
#3955 = PCURVE('',#3160,#3956);
#3956 = DEFINITIONAL_REPRESENTATION('',(#3957),#3965);
#3957 = ( BOUNDED_CURVE() B_SPLINE_CURVE(2,(#3958,#3959,#3960,#3961,
#3962,#3963,#3964),.UNSPECIFIED.,.T.,.F.) B_SPLINE_CURVE_WITH_KNOTS((1,2
    ,2,2,2,1),(-2.094395102393,0.,2.094395102393,4.188790204786,
6.28318530718,8.377580409573),.UNSPECIFIED.) CURVE() 
GEOMETRIC_REPRESENTATION_ITEM() RATIONAL_B_SPLINE_CURVE((1.,0.5,1.,0.5,
1.,0.5,1.)) REPRESENTATION_ITEM('') );
#3958 = CARTESIAN_POINT('',(8.9,0.));
#3959 = CARTESIAN_POINT('',(8.9,2.77128129211));
#3960 = CARTESIAN_POINT('',(11.3,1.385640646055));
#3961 = CARTESIAN_POINT('',(13.7,3.918869757272E-16));
#3962 = CARTESIAN_POINT('',(11.3,-1.385640646055));
#3963 = CARTESIAN_POINT('',(8.9,-2.77128129211));
#3964 = CARTESIAN_POINT('',(8.9,0.));
#3965 = ( GEOMETRIC_REPRESENTATION_CONTEXT(2) 
PARAMETRIC_REPRESENTATION_CONTEXT() REPRESENTATION_CONTEXT('2D SPACE',''
  ) );
#3966 = PCURVE('',#3131,#3967);
#3967 = DEFINITIONAL_REPRESENTATION('',(#3968),#3972);
#3968 = LINE('',#3969,#3970);
#3969 = CARTESIAN_POINT('',(0.,6.));
#3970 = VECTOR('',#3971,1.);
#3971 = DIRECTION('',(1.,0.));
#3972 = ( GEOMETRIC_REPRESENTATION_CONTEXT(2) 
PARAMETRIC_REPRESENTATION_CONTEXT() REPRESENTATION_CONTEXT('2D SPACE',''
  ) );
#3973 = ORIENTED_EDGE('',*,*,#3143,.F.);
#3974 = FACE_BOUND('',#3975,.T.);
#3975 = EDGE_LOOP('',(#3976,#4006,#4034,#4062,#4085,#4113));
#3976 = ORIENTED_EDGE('',*,*,#3977,.T.);
#3977 = EDGE_CURVE('',#3978,#3980,#3982,.T.);
#3978 = VERTEX_POINT('',#3979);
#3979 = CARTESIAN_POINT('',(41.5,161.85,47.631397208143));
#3980 = VERTEX_POINT('',#3981);
#3981 = CARTESIAN_POINT('',(41.5,161.85,65.231397208143));
#3982 = SURFACE_CURVE('',#3983,(#3987,#3994),.PCURVE_S1.);
#3983 = LINE('',#3984,#3985);
#3984 = CARTESIAN_POINT('',(41.5,161.85,47.631397208143));
#3985 = VECTOR('',#3986,1.);
#3986 = DIRECTION('',(-6.661338147751E-16,7.495338295473E-15,1.));
#3987 = PCURVE('',#3160,#3988);
#3988 = DEFINITIONAL_REPRESENTATION('',(#3989),#3993);
#3989 = LINE('',#3990,#3991);
#3990 = CARTESIAN_POINT('',(0.,14.15));
#3991 = VECTOR('',#3992,1.);
#3992 = DIRECTION('',(1.,0.));
#3993 = ( GEOMETRIC_REPRESENTATION_CONTEXT(2) 
PARAMETRIC_REPRESENTATION_CONTEXT() REPRESENTATION_CONTEXT('2D SPACE',''
  ) );
#3994 = PCURVE('',#3995,#4000);
#3995 = PLANE('',#3996);
#3996 = AXIS2_PLACEMENT_3D('',#3997,#3998,#3999);
#3997 = CARTESIAN_POINT('',(35.5,161.85,47.631397208143));
#3998 = DIRECTION('',(-5.318914247286E-16,1.,-7.495338295473E-15));
#3999 = DIRECTION('',(-6.661338147751E-16,7.495338295473E-15,1.));
#4000 = DEFINITIONAL_REPRESENTATION('',(#4001),#4005);
#4001 = LINE('',#4002,#4003);
#4002 = CARTESIAN_POINT('',(0.,6.));
#4003 = VECTOR('',#4004,1.);
#4004 = DIRECTION('',(1.,0.));
#4005 = ( GEOMETRIC_REPRESENTATION_CONTEXT(2) 
PARAMETRIC_REPRESENTATION_CONTEXT() REPRESENTATION_CONTEXT('2D SPACE',''
  ) );
#4006 = ORIENTED_EDGE('',*,*,#4007,.F.);
#4007 = EDGE_CURVE('',#4008,#3980,#4010,.T.);
#4008 = VERTEX_POINT('',#4009);
#4009 = CARTESIAN_POINT('',(41.5,181.85,65.231397208143));
#4010 = SURFACE_CURVE('',#4011,(#4015,#4022),.PCURVE_S1.);
#4011 = LINE('',#4012,#4013);
#4012 = CARTESIAN_POINT('',(41.5,161.85,65.231397208143));
#4013 = VECTOR('',#4014,1.);
#4014 = DIRECTION('',(5.318914247286E-16,-1.,7.321865947876E-15));
#4015 = PCURVE('',#3160,#4016);
#4016 = DEFINITIONAL_REPRESENTATION('',(#4017),#4021);
#4017 = LINE('',#4018,#4019);
#4018 = CARTESIAN_POINT('',(17.6,14.15));
#4019 = VECTOR('',#4020,1.);
#4020 = DIRECTION('',(-1.734723475977E-16,1.));
#4021 = ( GEOMETRIC_REPRESENTATION_CONTEXT(2) 
PARAMETRIC_REPRESENTATION_CONTEXT() REPRESENTATION_CONTEXT('2D SPACE',''
  ) );
#4022 = PCURVE('',#4023,#4028);
#4023 = PLANE('',#4024);
#4024 = AXIS2_PLACEMENT_3D('',#4025,#4026,#4027);
#4025 = CARTESIAN_POINT('',(47.5,161.85,65.231397208143));
#4026 = DIRECTION('',(6.661338147751E-16,-7.321865947876E-15,-1.));
#4027 = DIRECTION('',(-5.318914247286E-16,1.,-7.321865947876E-15));
#4028 = DEFINITIONAL_REPRESENTATION('',(#4029),#4033);
#4029 = LINE('',#4030,#4031);
#4030 = CARTESIAN_POINT('',(0.,-6.));
#4031 = VECTOR('',#4032,1.);
#4032 = DIRECTION('',(-1.,0.));
#4033 = ( GEOMETRIC_REPRESENTATION_CONTEXT(2) 
PARAMETRIC_REPRESENTATION_CONTEXT() REPRESENTATION_CONTEXT('2D SPACE',''
  ) );
#4034 = ORIENTED_EDGE('',*,*,#4035,.F.);
#4035 = EDGE_CURVE('',#4036,#4008,#4038,.T.);
#4036 = VERTEX_POINT('',#4037);
#4037 = CARTESIAN_POINT('',(41.5,181.85,71.631397208143));
#4038 = SURFACE_CURVE('',#4039,(#4043,#4050),.PCURVE_S1.);
#4039 = LINE('',#4040,#4041);
#4040 = CARTESIAN_POINT('',(41.5,181.85,71.631397208143));
#4041 = VECTOR('',#4042,1.);
#4042 = DIRECTION('',(6.661338147751E-16,-7.495338295473E-15,-1.));
#4043 = PCURVE('',#3160,#4044);
#4044 = DEFINITIONAL_REPRESENTATION('',(#4045),#4049);
#4045 = LINE('',#4046,#4047);
#4046 = CARTESIAN_POINT('',(24.,-5.85));
#4047 = VECTOR('',#4048,1.);
#4048 = DIRECTION('',(-1.,0.));
#4049 = ( GEOMETRIC_REPRESENTATION_CONTEXT(2) 
PARAMETRIC_REPRESENTATION_CONTEXT() REPRESENTATION_CONTEXT('2D SPACE',''
  ) );
#4050 = PCURVE('',#4051,#4056);
#4051 = PLANE('',#4052);
#4052 = AXIS2_PLACEMENT_3D('',#4053,#4054,#4055);
#4053 = CARTESIAN_POINT('',(47.5,181.85,71.631397208143));
#4054 = DIRECTION('',(-5.318914247286E-16,1.,-7.495338295473E-15));
#4055 = DIRECTION('',(-6.661338147751E-16,7.495338295473E-15,1.));
#4056 = DEFINITIONAL_REPRESENTATION('',(#4057),#4061);
#4057 = LINE('',#4058,#4059);
#4058 = CARTESIAN_POINT('',(0.,-6.));
#4059 = VECTOR('',#4060,1.);
#4060 = DIRECTION('',(-1.,0.));
#4061 = ( GEOMETRIC_REPRESENTATION_CONTEXT(2) 
PARAMETRIC_REPRESENTATION_CONTEXT() REPRESENTATION_CONTEXT('2D SPACE',''
  ) );
#4062 = ORIENTED_EDGE('',*,*,#4063,.F.);
#4063 = EDGE_CURVE('',#4064,#4036,#4066,.T.);
#4064 = VERTEX_POINT('',#4065);
#4065 = CARTESIAN_POINT('',(41.5,190.15,71.631397208143));
#4066 = SURFACE_CURVE('',#4067,(#4071,#4078),.PCURVE_S1.);
#4067 = LINE('',#4068,#4069);
#4068 = CARTESIAN_POINT('',(41.5,190.15,71.631397208143));
#4069 = VECTOR('',#4070,1.);
#4070 = DIRECTION('',(5.318914247286E-16,-1.,7.495338295473E-15));
#4071 = PCURVE('',#3160,#4072);
#4072 = DEFINITIONAL_REPRESENTATION('',(#4073),#4077);
#4073 = LINE('',#4074,#4075);
#4074 = CARTESIAN_POINT('',(24.,-14.15));
#4075 = VECTOR('',#4076,1.);
#4076 = DIRECTION('',(0.,1.));
#4077 = ( GEOMETRIC_REPRESENTATION_CONTEXT(2) 
PARAMETRIC_REPRESENTATION_CONTEXT() REPRESENTATION_CONTEXT('2D SPACE',''
  ) );
#4078 = PCURVE('',#73,#4079);
#4079 = DEFINITIONAL_REPRESENTATION('',(#4080),#4084);
#4080 = LINE('',#4081,#4082);
#4081 = CARTESIAN_POINT('',(0.,34.317662332897));
#4082 = VECTOR('',#4083,1.);
#4083 = DIRECTION('',(1.,0.));
#4084 = ( GEOMETRIC_REPRESENTATION_CONTEXT(2) 
PARAMETRIC_REPRESENTATION_CONTEXT() REPRESENTATION_CONTEXT('2D SPACE',''
  ) );
#4085 = ORIENTED_EDGE('',*,*,#4086,.F.);
#4086 = EDGE_CURVE('',#4087,#4064,#4089,.T.);
#4087 = VERTEX_POINT('',#4088);
#4088 = CARTESIAN_POINT('',(41.5,190.15,47.631397208143));
#4089 = SURFACE_CURVE('',#4090,(#4094,#4101),.PCURVE_S1.);
#4090 = LINE('',#4091,#4092);
#4091 = CARTESIAN_POINT('',(41.5,190.15,47.631397208143));
#4092 = VECTOR('',#4093,1.);
#4093 = DIRECTION('',(-6.661338147751E-16,7.425949356434E-15,1.));
#4094 = PCURVE('',#3160,#4095);
#4095 = DEFINITIONAL_REPRESENTATION('',(#4096),#4100);
#4096 = LINE('',#4097,#4098);
#4097 = CARTESIAN_POINT('',(9.818534874029E-16,-14.15));
#4098 = VECTOR('',#4099,1.);
#4099 = DIRECTION('',(1.,6.938893903907E-17));
#4100 = ( GEOMETRIC_REPRESENTATION_CONTEXT(2) 
PARAMETRIC_REPRESENTATION_CONTEXT() REPRESENTATION_CONTEXT('2D SPACE',''
  ) );
#4101 = PCURVE('',#4102,#4107);
#4102 = PLANE('',#4103);
#4103 = AXIS2_PLACEMENT_3D('',#4104,#4105,#4106);
#4104 = CARTESIAN_POINT('',(35.5,190.15,47.631397208143));
#4105 = DIRECTION('',(-5.318914247286E-16,1.,-7.425949356434E-15));
#4106 = DIRECTION('',(-6.661338147751E-16,7.425949356434E-15,1.));
#4107 = DEFINITIONAL_REPRESENTATION('',(#4108),#4112);
#4108 = LINE('',#4109,#4110);
#4109 = CARTESIAN_POINT('',(0.,6.));
#4110 = VECTOR('',#4111,1.);
#4111 = DIRECTION('',(1.,0.));
#4112 = ( GEOMETRIC_REPRESENTATION_CONTEXT(2) 
PARAMETRIC_REPRESENTATION_CONTEXT() REPRESENTATION_CONTEXT('2D SPACE',''
  ) );
#4113 = ORIENTED_EDGE('',*,*,#4114,.T.);
#4114 = EDGE_CURVE('',#4087,#3978,#4115,.T.);
#4115 = SURFACE_CURVE('',#4116,(#4121,#4132),.PCURVE_S1.);
#4116 = CIRCLE('',#4117,14.15);
#4117 = AXIS2_PLACEMENT_3D('',#4118,#4119,#4120);
#4118 = CARTESIAN_POINT('',(41.5,176.,47.631397208143));
#4119 = DIRECTION('',(-1.,-5.318914247286E-16,-6.661338147751E-16));
#4120 = DIRECTION('',(6.661338147751E-16,-7.495338295473E-15,-1.));
#4121 = PCURVE('',#3160,#4122);
#4122 = DEFINITIONAL_REPRESENTATION('',(#4123),#4131);
#4123 = ( BOUNDED_CURVE() B_SPLINE_CURVE(2,(#4124,#4125,#4126,#4127,
#4128,#4129,#4130),.UNSPECIFIED.,.T.,.F.) B_SPLINE_CURVE_WITH_KNOTS((1,2
    ,2,2,2,1),(-2.094395102393,0.,2.094395102393,4.188790204786,
6.28318530718,8.377580409573),.UNSPECIFIED.) CURVE() 
GEOMETRIC_REPRESENTATION_ITEM() RATIONAL_B_SPLINE_CURVE((1.,0.5,1.,0.5,
1.,0.5,1.)) REPRESENTATION_ITEM('') );
#4124 = CARTESIAN_POINT('',(-14.15,0.));
#4125 = CARTESIAN_POINT('',(-14.15,24.5085189271));
#4126 = CARTESIAN_POINT('',(7.075,12.25425946355));
#4127 = CARTESIAN_POINT('',(28.3,3.465750441587E-15));
#4128 = CARTESIAN_POINT('',(7.075,-12.25425946355));
#4129 = CARTESIAN_POINT('',(-14.15,-24.5085189271));
#4130 = CARTESIAN_POINT('',(-14.15,0.));
#4131 = ( GEOMETRIC_REPRESENTATION_CONTEXT(2) 
PARAMETRIC_REPRESENTATION_CONTEXT() REPRESENTATION_CONTEXT('2D SPACE',''
  ) );
#4132 = PCURVE('',#4133,#4138);
#4133 = CYLINDRICAL_SURFACE('',#4134,14.15);
#4134 = AXIS2_PLACEMENT_3D('',#4135,#4136,#4137);
#4135 = CARTESIAN_POINT('',(35.5,176.,47.631397208143));
#4136 = DIRECTION('',(1.,5.318914247286E-16,6.661338147751E-16));
#4137 = DIRECTION('',(-6.661338147751E-16,7.495338295473E-15,1.));
#4138 = DEFINITIONAL_REPRESENTATION('',(#4139),#4143);
#4139 = LINE('',#4140,#4141);
#4140 = CARTESIAN_POINT('',(9.424777960769,6.));
#4141 = VECTOR('',#4142,1.);
#4142 = DIRECTION('',(-1.,0.));
#4143 = ( GEOMETRIC_REPRESENTATION_CONTEXT(2) 
PARAMETRIC_REPRESENTATION_CONTEXT() REPRESENTATION_CONTEXT('2D SPACE',''
  ) );
#4144 = ADVANCED_FACE('',(#4145),#4102,.F.);
#4145 = FACE_BOUND('',#4146,.T.);
#4146 = EDGE_LOOP('',(#4147,#4170,#4198,#4219));
#4147 = ORIENTED_EDGE('',*,*,#4148,.F.);
#4148 = EDGE_CURVE('',#4149,#4064,#4151,.T.);
#4149 = VERTEX_POINT('',#4150);
#4150 = CARTESIAN_POINT('',(35.5,190.15,71.631397208143));
#4151 = SURFACE_CURVE('',#4152,(#4156,#4163),.PCURVE_S1.);
#4152 = LINE('',#4153,#4154);
#4153 = CARTESIAN_POINT('',(7.182337667102,190.15,71.631397208143));
#4154 = VECTOR('',#4155,1.);
#4155 = DIRECTION('',(1.,5.318914247286E-16,6.661338147751E-16));
#4156 = PCURVE('',#4102,#4157);
#4157 = DEFINITIONAL_REPRESENTATION('',(#4158),#4162);
#4158 = LINE('',#4159,#4160);
#4159 = CARTESIAN_POINT('',(24.,-28.31766233289));
#4160 = VECTOR('',#4161,1.);
#4161 = DIRECTION('',(0.,1.));
#4162 = ( GEOMETRIC_REPRESENTATION_CONTEXT(2) 
PARAMETRIC_REPRESENTATION_CONTEXT() REPRESENTATION_CONTEXT('2D SPACE',''
  ) );
#4163 = PCURVE('',#73,#4164);
#4164 = DEFINITIONAL_REPRESENTATION('',(#4165),#4169);
#4165 = LINE('',#4166,#4167);
#4166 = CARTESIAN_POINT('',(0.,0.));
#4167 = VECTOR('',#4168,1.);
#4168 = DIRECTION('',(0.,1.));
#4169 = ( GEOMETRIC_REPRESENTATION_CONTEXT(2) 
PARAMETRIC_REPRESENTATION_CONTEXT() REPRESENTATION_CONTEXT('2D SPACE',''
  ) );
#4170 = ORIENTED_EDGE('',*,*,#4171,.F.);
#4171 = EDGE_CURVE('',#4172,#4149,#4174,.T.);
#4172 = VERTEX_POINT('',#4173);
#4173 = CARTESIAN_POINT('',(35.5,190.15,47.631397208143));
#4174 = SURFACE_CURVE('',#4175,(#4179,#4186),.PCURVE_S1.);
#4175 = LINE('',#4176,#4177);
#4176 = CARTESIAN_POINT('',(35.5,190.15,47.631397208143));
#4177 = VECTOR('',#4178,1.);
#4178 = DIRECTION('',(-6.661338147751E-16,7.425949356434E-15,1.));
#4179 = PCURVE('',#4102,#4180);
#4180 = DEFINITIONAL_REPRESENTATION('',(#4181),#4185);
#4181 = LINE('',#4182,#4183);
#4182 = CARTESIAN_POINT('',(0.,0.));
#4183 = VECTOR('',#4184,1.);
#4184 = DIRECTION('',(1.,0.));
#4185 = ( GEOMETRIC_REPRESENTATION_CONTEXT(2) 
PARAMETRIC_REPRESENTATION_CONTEXT() REPRESENTATION_CONTEXT('2D SPACE',''
  ) );
#4186 = PCURVE('',#4187,#4192);
#4187 = PLANE('',#4188);
#4188 = AXIS2_PLACEMENT_3D('',#4189,#4190,#4191);
#4189 = CARTESIAN_POINT('',(35.5,176.,47.631397208143));
#4190 = DIRECTION('',(-1.,-5.318914247286E-16,-6.661338147751E-16));
#4191 = DIRECTION('',(6.661338147751E-16,-7.495338295473E-15,-1.));
#4192 = DEFINITIONAL_REPRESENTATION('',(#4193),#4197);
#4193 = LINE('',#4194,#4195);
#4194 = CARTESIAN_POINT('',(-9.818534874029E-16,-14.15));
#4195 = VECTOR('',#4196,1.);
#4196 = DIRECTION('',(-1.,6.938893903907E-17));
#4197 = ( GEOMETRIC_REPRESENTATION_CONTEXT(2) 
PARAMETRIC_REPRESENTATION_CONTEXT() REPRESENTATION_CONTEXT('2D SPACE',''
  ) );
#4198 = ORIENTED_EDGE('',*,*,#4199,.T.);
#4199 = EDGE_CURVE('',#4172,#4087,#4200,.T.);
#4200 = SURFACE_CURVE('',#4201,(#4205,#4212),.PCURVE_S1.);
#4201 = LINE('',#4202,#4203);
#4202 = CARTESIAN_POINT('',(35.5,190.15,47.631397208143));
#4203 = VECTOR('',#4204,1.);
#4204 = DIRECTION('',(1.,5.318914247286E-16,6.661338147751E-16));
#4205 = PCURVE('',#4102,#4206);
#4206 = DEFINITIONAL_REPRESENTATION('',(#4207),#4211);
#4207 = LINE('',#4208,#4209);
#4208 = CARTESIAN_POINT('',(-9.818567696555E-16,0.));
#4209 = VECTOR('',#4210,1.);
#4210 = DIRECTION('',(0.,1.));
#4211 = ( GEOMETRIC_REPRESENTATION_CONTEXT(2) 
PARAMETRIC_REPRESENTATION_CONTEXT() REPRESENTATION_CONTEXT('2D SPACE',''
  ) );
#4212 = PCURVE('',#4133,#4213);
#4213 = DEFINITIONAL_REPRESENTATION('',(#4214),#4218);
#4214 = LINE('',#4215,#4216);
#4215 = CARTESIAN_POINT('',(4.712388980385,0.));
#4216 = VECTOR('',#4217,1.);
#4217 = DIRECTION('',(0.,1.));
#4218 = ( GEOMETRIC_REPRESENTATION_CONTEXT(2) 
PARAMETRIC_REPRESENTATION_CONTEXT() REPRESENTATION_CONTEXT('2D SPACE',''
  ) );
#4219 = ORIENTED_EDGE('',*,*,#4086,.T.);
#4220 = ADVANCED_FACE('',(#4221),#3995,.T.);
#4221 = FACE_BOUND('',#4222,.T.);
#4222 = EDGE_LOOP('',(#4223,#4248,#4271,#4294,#4315,#4316));
#4223 = ORIENTED_EDGE('',*,*,#4224,.T.);
#4224 = EDGE_CURVE('',#4225,#4227,#4229,.T.);
#4225 = VERTEX_POINT('',#4226);
#4226 = CARTESIAN_POINT('',(35.5,161.85,47.631397208143));
#4227 = VERTEX_POINT('',#4228);
#4228 = CARTESIAN_POINT('',(35.5,161.85,71.631397208143));
#4229 = SURFACE_CURVE('',#4230,(#4234,#4241),.PCURVE_S1.);
#4230 = LINE('',#4231,#4232);
#4231 = CARTESIAN_POINT('',(35.5,161.85,47.631397208143));
#4232 = VECTOR('',#4233,1.);
#4233 = DIRECTION('',(-6.661338147751E-16,7.495338295473E-15,1.));
#4234 = PCURVE('',#3995,#4235);
#4235 = DEFINITIONAL_REPRESENTATION('',(#4236),#4240);
#4236 = LINE('',#4237,#4238);
#4237 = CARTESIAN_POINT('',(0.,0.));
#4238 = VECTOR('',#4239,1.);
#4239 = DIRECTION('',(1.,0.));
#4240 = ( GEOMETRIC_REPRESENTATION_CONTEXT(2) 
PARAMETRIC_REPRESENTATION_CONTEXT() REPRESENTATION_CONTEXT('2D SPACE',''
  ) );
#4241 = PCURVE('',#4187,#4242);
#4242 = DEFINITIONAL_REPRESENTATION('',(#4243),#4247);
#4243 = LINE('',#4244,#4245);
#4244 = CARTESIAN_POINT('',(0.,14.15));
#4245 = VECTOR('',#4246,1.);
#4246 = DIRECTION('',(-1.,0.));
#4247 = ( GEOMETRIC_REPRESENTATION_CONTEXT(2) 
PARAMETRIC_REPRESENTATION_CONTEXT() REPRESENTATION_CONTEXT('2D SPACE',''
  ) );
#4248 = ORIENTED_EDGE('',*,*,#4249,.T.);
#4249 = EDGE_CURVE('',#4227,#4250,#4252,.T.);
#4250 = VERTEX_POINT('',#4251);
#4251 = CARTESIAN_POINT('',(47.5,161.85,71.631397208143));
#4252 = SURFACE_CURVE('',#4253,(#4257,#4264),.PCURVE_S1.);
#4253 = LINE('',#4254,#4255);
#4254 = CARTESIAN_POINT('',(7.182337667102,161.85,71.631397208143));
#4255 = VECTOR('',#4256,1.);
#4256 = DIRECTION('',(1.,5.318914247286E-16,6.661338147751E-16));
#4257 = PCURVE('',#3995,#4258);
#4258 = DEFINITIONAL_REPRESENTATION('',(#4259),#4263);
#4259 = LINE('',#4260,#4261);
#4260 = CARTESIAN_POINT('',(24.,-28.31766233289));
#4261 = VECTOR('',#4262,1.);
#4262 = DIRECTION('',(0.,1.));
#4263 = ( GEOMETRIC_REPRESENTATION_CONTEXT(2) 
PARAMETRIC_REPRESENTATION_CONTEXT() REPRESENTATION_CONTEXT('2D SPACE',''
  ) );
#4264 = PCURVE('',#73,#4265);
#4265 = DEFINITIONAL_REPRESENTATION('',(#4266),#4270);
#4266 = LINE('',#4267,#4268);
#4267 = CARTESIAN_POINT('',(28.3,0.));
#4268 = VECTOR('',#4269,1.);
#4269 = DIRECTION('',(0.,1.));
#4270 = ( GEOMETRIC_REPRESENTATION_CONTEXT(2) 
PARAMETRIC_REPRESENTATION_CONTEXT() REPRESENTATION_CONTEXT('2D SPACE',''
  ) );
#4271 = ORIENTED_EDGE('',*,*,#4272,.F.);
#4272 = EDGE_CURVE('',#4273,#4250,#4275,.T.);
#4273 = VERTEX_POINT('',#4274);
#4274 = CARTESIAN_POINT('',(47.5,161.85,65.231397208143));
#4275 = SURFACE_CURVE('',#4276,(#4280,#4287),.PCURVE_S1.);
#4276 = LINE('',#4277,#4278);
#4277 = CARTESIAN_POINT('',(47.5,161.85,71.631397208143));
#4278 = VECTOR('',#4279,1.);
#4279 = DIRECTION('',(-6.661338147751E-16,7.766388838595E-15,1.));
#4280 = PCURVE('',#3995,#4281);
#4281 = DEFINITIONAL_REPRESENTATION('',(#4282),#4286);
#4282 = LINE('',#4283,#4284);
#4283 = CARTESIAN_POINT('',(24.,12.));
#4284 = VECTOR('',#4285,1.);
#4285 = DIRECTION('',(1.,0.));
#4286 = ( GEOMETRIC_REPRESENTATION_CONTEXT(2) 
PARAMETRIC_REPRESENTATION_CONTEXT() REPRESENTATION_CONTEXT('2D SPACE',''
  ) );
#4287 = PCURVE('',#282,#4288);
#4288 = DEFINITIONAL_REPRESENTATION('',(#4289),#4293);
#4289 = LINE('',#4290,#4291);
#4290 = CARTESIAN_POINT('',(24.,14.15));
#4291 = VECTOR('',#4292,1.);
#4292 = DIRECTION('',(1.,-2.710505431214E-16));
#4293 = ( GEOMETRIC_REPRESENTATION_CONTEXT(2) 
PARAMETRIC_REPRESENTATION_CONTEXT() REPRESENTATION_CONTEXT('2D SPACE',''
  ) );
#4294 = ORIENTED_EDGE('',*,*,#4295,.T.);
#4295 = EDGE_CURVE('',#4273,#3980,#4296,.T.);
#4296 = SURFACE_CURVE('',#4297,(#4301,#4308),.PCURVE_S1.);
#4297 = LINE('',#4298,#4299);
#4298 = CARTESIAN_POINT('',(47.5,161.85,65.231397208143));
#4299 = VECTOR('',#4300,1.);
#4300 = DIRECTION('',(-1.,-5.318914247286E-16,-6.661338147751E-16));
#4301 = PCURVE('',#3995,#4302);
#4302 = DEFINITIONAL_REPRESENTATION('',(#4303),#4307);
#4303 = LINE('',#4304,#4305);
#4304 = CARTESIAN_POINT('',(17.6,12.));
#4305 = VECTOR('',#4306,1.);
#4306 = DIRECTION('',(0.,-1.));
#4307 = ( GEOMETRIC_REPRESENTATION_CONTEXT(2) 
PARAMETRIC_REPRESENTATION_CONTEXT() REPRESENTATION_CONTEXT('2D SPACE',''
  ) );
#4308 = PCURVE('',#4023,#4309);
#4309 = DEFINITIONAL_REPRESENTATION('',(#4310),#4314);
#4310 = LINE('',#4311,#4312);
#4311 = CARTESIAN_POINT('',(0.,0.));
#4312 = VECTOR('',#4313,1.);
#4313 = DIRECTION('',(0.,-1.));
#4314 = ( GEOMETRIC_REPRESENTATION_CONTEXT(2) 
PARAMETRIC_REPRESENTATION_CONTEXT() REPRESENTATION_CONTEXT('2D SPACE',''
  ) );
#4315 = ORIENTED_EDGE('',*,*,#3977,.F.);
#4316 = ORIENTED_EDGE('',*,*,#4317,.F.);
#4317 = EDGE_CURVE('',#4225,#3978,#4318,.T.);
#4318 = SURFACE_CURVE('',#4319,(#4323,#4330),.PCURVE_S1.);
#4319 = LINE('',#4320,#4321);
#4320 = CARTESIAN_POINT('',(35.5,161.85,47.631397208143));
#4321 = VECTOR('',#4322,1.);
#4322 = DIRECTION('',(1.,5.318914247286E-16,6.661338147751E-16));
#4323 = PCURVE('',#3995,#4324);
#4324 = DEFINITIONAL_REPRESENTATION('',(#4325),#4329);
#4325 = LINE('',#4326,#4327);
#4326 = CARTESIAN_POINT('',(0.,0.));
#4327 = VECTOR('',#4328,1.);
#4328 = DIRECTION('',(0.,1.));
#4329 = ( GEOMETRIC_REPRESENTATION_CONTEXT(2) 
PARAMETRIC_REPRESENTATION_CONTEXT() REPRESENTATION_CONTEXT('2D SPACE',''
  ) );
#4330 = PCURVE('',#4133,#4331);
#4331 = DEFINITIONAL_REPRESENTATION('',(#4332),#4336);
#4332 = LINE('',#4333,#4334);
#4333 = CARTESIAN_POINT('',(1.570796326795,0.));
#4334 = VECTOR('',#4335,1.);
#4335 = DIRECTION('',(0.,1.));
#4336 = ( GEOMETRIC_REPRESENTATION_CONTEXT(2) 
PARAMETRIC_REPRESENTATION_CONTEXT() REPRESENTATION_CONTEXT('2D SPACE',''
  ) );
#4337 = ADVANCED_FACE('',(#4338),#3711,.F.);
#4338 = FACE_BOUND('',#4339,.F.);
#4339 = EDGE_LOOP('',(#4340,#4341,#4342,#4368));
#4340 = ORIENTED_EDGE('',*,*,#3803,.F.);
#4341 = ORIENTED_EDGE('',*,*,#3688,.F.);
#4342 = ORIENTED_EDGE('',*,*,#4343,.T.);
#4343 = EDGE_CURVE('',#3689,#3752,#4344,.T.);
#4344 = SURFACE_CURVE('',#4345,(#4350,#4357),.PCURVE_S1.);
#4345 = CIRCLE('',#4346,1.6);
#4346 = AXIS2_PLACEMENT_3D('',#4347,#4348,#4349);
#4347 = CARTESIAN_POINT('',(46.3,166.04070785648,53.381397208143));
#4348 = DIRECTION('',(-1.,-5.318914247286E-16,-6.661338147751E-16));
#4349 = DIRECTION('',(-6.661338147751E-16,7.495338295473E-15,1.));
#4350 = PCURVE('',#3711,#4351);
#4351 = DEFINITIONAL_REPRESENTATION('',(#4352),#4356);
#4352 = LINE('',#4353,#4354);
#4353 = CARTESIAN_POINT('',(-3.14159265359,1.2));
#4354 = VECTOR('',#4355,1.);
#4355 = DIRECTION('',(1.,0.));
#4356 = ( GEOMETRIC_REPRESENTATION_CONTEXT(2) 
PARAMETRIC_REPRESENTATION_CONTEXT() REPRESENTATION_CONTEXT('2D SPACE',''
  ) );
#4357 = PCURVE('',#477,#4358);
#4358 = DEFINITIONAL_REPRESENTATION('',(#4359),#4367);
#4359 = ( BOUNDED_CURVE() B_SPLINE_CURVE(2,(#4360,#4361,#4362,#4363,
#4364,#4365,#4366),.UNSPECIFIED.,.T.,.F.) B_SPLINE_CURVE_WITH_KNOTS((1,2
    ,2,2,2,1),(-2.094395102393,0.,2.094395102393,4.188790204786,
6.28318530718,8.377580409573),.UNSPECIFIED.) CURVE() 
GEOMETRIC_REPRESENTATION_ITEM() RATIONAL_B_SPLINE_CURVE((1.,0.5,1.,0.5,
1.,0.5,1.)) REPRESENTATION_ITEM('') );
#4360 = CARTESIAN_POINT('',(1.6,0.));
#4361 = CARTESIAN_POINT('',(1.6,-2.77128129211));
#4362 = CARTESIAN_POINT('',(-0.8,-1.385640646055));
#4363 = CARTESIAN_POINT('',(-3.2,-3.918869757272E-16));
#4364 = CARTESIAN_POINT('',(-0.8,1.385640646055));
#4365 = CARTESIAN_POINT('',(1.6,2.77128129211));
#4366 = CARTESIAN_POINT('',(1.6,0.));
#4367 = ( GEOMETRIC_REPRESENTATION_CONTEXT(2) 
PARAMETRIC_REPRESENTATION_CONTEXT() REPRESENTATION_CONTEXT('2D SPACE',''
  ) );
#4368 = ORIENTED_EDGE('',*,*,#3751,.T.);
#4369 = ADVANCED_FACE('',(#4370),#3596,.F.);
#4370 = FACE_BOUND('',#4371,.F.);
#4371 = EDGE_LOOP('',(#4372,#4373,#4374,#4400));
#4372 = ORIENTED_EDGE('',*,*,#3832,.F.);
#4373 = ORIENTED_EDGE('',*,*,#3573,.F.);
#4374 = ORIENTED_EDGE('',*,*,#4375,.T.);
#4375 = EDGE_CURVE('',#3574,#3637,#4376,.T.);
#4376 = SURFACE_CURVE('',#4377,(#4382,#4389),.PCURVE_S1.);
#4377 = CIRCLE('',#4378,1.6);
#4378 = AXIS2_PLACEMENT_3D('',#4379,#4380,#4381);
#4379 = CARTESIAN_POINT('',(46.3,166.90673326026,42.381397208143));
#4380 = DIRECTION('',(-1.,-5.318914247286E-16,-6.661338147751E-16));
#4381 = DIRECTION('',(-6.661338147751E-16,7.495338295473E-15,1.));
#4382 = PCURVE('',#3596,#4383);
#4383 = DEFINITIONAL_REPRESENTATION('',(#4384),#4388);
#4384 = LINE('',#4385,#4386);
#4385 = CARTESIAN_POINT('',(-3.14159265359,1.2));
#4386 = VECTOR('',#4387,1.);
#4387 = DIRECTION('',(1.,0.));
#4388 = ( GEOMETRIC_REPRESENTATION_CONTEXT(2) 
PARAMETRIC_REPRESENTATION_CONTEXT() REPRESENTATION_CONTEXT('2D SPACE',''
  ) );
#4389 = PCURVE('',#589,#4390);
#4390 = DEFINITIONAL_REPRESENTATION('',(#4391),#4399);
#4391 = ( BOUNDED_CURVE() B_SPLINE_CURVE(2,(#4392,#4393,#4394,#4395,
#4396,#4397,#4398),.UNSPECIFIED.,.T.,.F.) B_SPLINE_CURVE_WITH_KNOTS((1,2
    ,2,2,2,1),(-2.094395102393,0.,2.094395102393,4.188790204786,
6.28318530718,8.377580409573),.UNSPECIFIED.) CURVE() 
GEOMETRIC_REPRESENTATION_ITEM() RATIONAL_B_SPLINE_CURVE((1.,0.5,1.,0.5,
1.,0.5,1.)) REPRESENTATION_ITEM('') );
#4392 = CARTESIAN_POINT('',(1.6,0.));
#4393 = CARTESIAN_POINT('',(1.6,-2.77128129211));
#4394 = CARTESIAN_POINT('',(-0.8,-1.385640646055));
#4395 = CARTESIAN_POINT('',(-3.2,-3.918869757272E-16));
#4396 = CARTESIAN_POINT('',(-0.8,1.385640646055));
#4397 = CARTESIAN_POINT('',(1.6,2.77128129211));
#4398 = CARTESIAN_POINT('',(1.6,0.));
#4399 = ( GEOMETRIC_REPRESENTATION_CONTEXT(2) 
PARAMETRIC_REPRESENTATION_CONTEXT() REPRESENTATION_CONTEXT('2D SPACE',''
  ) );
#4400 = ORIENTED_EDGE('',*,*,#3636,.T.);
#4401 = ADVANCED_FACE('',(#4402),#3481,.F.);
#4402 = FACE_BOUND('',#4403,.F.);
#4403 = EDGE_LOOP('',(#4404,#4405,#4406,#4432));
#4404 = ORIENTED_EDGE('',*,*,#3861,.F.);
#4405 = ORIENTED_EDGE('',*,*,#3458,.F.);
#4406 = ORIENTED_EDGE('',*,*,#4407,.T.);
#4407 = EDGE_CURVE('',#3459,#3522,#4408,.T.);
#4408 = SURFACE_CURVE('',#4409,(#4414,#4421),.PCURVE_S1.);
#4409 = CIRCLE('',#4410,1.6);
#4410 = AXIS2_PLACEMENT_3D('',#4411,#4412,#4413);
#4411 = CARTESIAN_POINT('',(46.3,185.09326673973,42.381397208143));
#4412 = DIRECTION('',(-1.,-5.318914247286E-16,-6.661338147751E-16));
#4413 = DIRECTION('',(-6.661338147751E-16,7.495338295473E-15,1.));
#4414 = PCURVE('',#3481,#4415);
#4415 = DEFINITIONAL_REPRESENTATION('',(#4416),#4420);
#4416 = LINE('',#4417,#4418);
#4417 = CARTESIAN_POINT('',(-3.14159265359,1.2));
#4418 = VECTOR('',#4419,1.);
#4419 = DIRECTION('',(1.,0.));
#4420 = ( GEOMETRIC_REPRESENTATION_CONTEXT(2) 
PARAMETRIC_REPRESENTATION_CONTEXT() REPRESENTATION_CONTEXT('2D SPACE',''
  ) );
#4421 = PCURVE('',#701,#4422);
#4422 = DEFINITIONAL_REPRESENTATION('',(#4423),#4431);
#4423 = ( BOUNDED_CURVE() B_SPLINE_CURVE(2,(#4424,#4425,#4426,#4427,
#4428,#4429,#4430),.UNSPECIFIED.,.T.,.F.) B_SPLINE_CURVE_WITH_KNOTS((1,2
    ,2,2,2,1),(-2.094395102393,0.,2.094395102393,4.188790204786,
6.28318530718,8.377580409573),.UNSPECIFIED.) CURVE() 
GEOMETRIC_REPRESENTATION_ITEM() RATIONAL_B_SPLINE_CURVE((1.,0.5,1.,0.5,
1.,0.5,1.)) REPRESENTATION_ITEM('') );
#4424 = CARTESIAN_POINT('',(1.6,0.));
#4425 = CARTESIAN_POINT('',(1.6,-2.77128129211));
#4426 = CARTESIAN_POINT('',(-0.8,-1.385640646055));
#4427 = CARTESIAN_POINT('',(-3.2,-3.918869757272E-16));
#4428 = CARTESIAN_POINT('',(-0.8,1.385640646055));
#4429 = CARTESIAN_POINT('',(1.6,2.77128129211));
#4430 = CARTESIAN_POINT('',(1.6,0.));
#4431 = ( GEOMETRIC_REPRESENTATION_CONTEXT(2) 
PARAMETRIC_REPRESENTATION_CONTEXT() REPRESENTATION_CONTEXT('2D SPACE',''
  ) );
#4432 = ORIENTED_EDGE('',*,*,#3521,.T.);
#4433 = ADVANCED_FACE('',(#4434),#3366,.F.);
#4434 = FACE_BOUND('',#4435,.F.);
#4435 = EDGE_LOOP('',(#4436,#4437,#4438,#4464));
#4436 = ORIENTED_EDGE('',*,*,#3890,.F.);
#4437 = ORIENTED_EDGE('',*,*,#3343,.F.);
#4438 = ORIENTED_EDGE('',*,*,#4439,.T.);
#4439 = EDGE_CURVE('',#3344,#3407,#4440,.T.);
#4440 = SURFACE_CURVE('',#4441,(#4446,#4453),.PCURVE_S1.);
#4441 = CIRCLE('',#4442,1.6);
#4442 = AXIS2_PLACEMENT_3D('',#4443,#4444,#4445);
#4443 = CARTESIAN_POINT('',(46.3,176.,36.131397208143));
#4444 = DIRECTION('',(-1.,-5.318914247286E-16,-6.661338147751E-16));
#4445 = DIRECTION('',(-6.661338147751E-16,7.495338295473E-15,1.));
#4446 = PCURVE('',#3366,#4447);
#4447 = DEFINITIONAL_REPRESENTATION('',(#4448),#4452);
#4448 = LINE('',#4449,#4450);
#4449 = CARTESIAN_POINT('',(-3.14159265359,1.2));
#4450 = VECTOR('',#4451,1.);
#4451 = DIRECTION('',(1.,0.));
#4452 = ( GEOMETRIC_REPRESENTATION_CONTEXT(2) 
PARAMETRIC_REPRESENTATION_CONTEXT() REPRESENTATION_CONTEXT('2D SPACE',''
  ) );
#4453 = PCURVE('',#813,#4454);
#4454 = DEFINITIONAL_REPRESENTATION('',(#4455),#4463);
#4455 = ( BOUNDED_CURVE() B_SPLINE_CURVE(2,(#4456,#4457,#4458,#4459,
#4460,#4461,#4462),.UNSPECIFIED.,.T.,.F.) B_SPLINE_CURVE_WITH_KNOTS((1,2
    ,2,2,2,1),(-2.094395102393,0.,2.094395102393,4.188790204786,
6.28318530718,8.377580409573),.UNSPECIFIED.) CURVE() 
GEOMETRIC_REPRESENTATION_ITEM() RATIONAL_B_SPLINE_CURVE((1.,0.5,1.,0.5,
1.,0.5,1.)) REPRESENTATION_ITEM('') );
#4456 = CARTESIAN_POINT('',(1.6,0.));
#4457 = CARTESIAN_POINT('',(1.6,-2.77128129211));
#4458 = CARTESIAN_POINT('',(-0.8,-1.385640646055));
#4459 = CARTESIAN_POINT('',(-3.2,-3.918869757272E-16));
#4460 = CARTESIAN_POINT('',(-0.8,1.385640646055));
#4461 = CARTESIAN_POINT('',(1.6,2.77128129211));
#4462 = CARTESIAN_POINT('',(1.6,0.));
#4463 = ( GEOMETRIC_REPRESENTATION_CONTEXT(2) 
PARAMETRIC_REPRESENTATION_CONTEXT() REPRESENTATION_CONTEXT('2D SPACE',''
  ) );
#4464 = ORIENTED_EDGE('',*,*,#3406,.T.);
#4465 = ADVANCED_FACE('',(#4466),#3251,.F.);
#4466 = FACE_BOUND('',#4467,.F.);
#4467 = EDGE_LOOP('',(#4468,#4469,#4470,#4496));
#4468 = ORIENTED_EDGE('',*,*,#3919,.F.);
#4469 = ORIENTED_EDGE('',*,*,#3228,.F.);
#4470 = ORIENTED_EDGE('',*,*,#4471,.T.);
#4471 = EDGE_CURVE('',#3229,#3292,#4472,.T.);
#4472 = SURFACE_CURVE('',#4473,(#4478,#4485),.PCURVE_S1.);
#4473 = CIRCLE('',#4474,1.6);
#4474 = AXIS2_PLACEMENT_3D('',#4475,#4476,#4477);
#4475 = CARTESIAN_POINT('',(46.3,185.95929214352,53.381397208143));
#4476 = DIRECTION('',(-1.,-5.318914247286E-16,-6.661338147751E-16));
#4477 = DIRECTION('',(-6.661338147751E-16,7.495338295473E-15,1.));
#4478 = PCURVE('',#3251,#4479);
#4479 = DEFINITIONAL_REPRESENTATION('',(#4480),#4484);
#4480 = LINE('',#4481,#4482);
#4481 = CARTESIAN_POINT('',(-3.14159265359,1.2));
#4482 = VECTOR('',#4483,1.);
#4483 = DIRECTION('',(1.,0.));
#4484 = ( GEOMETRIC_REPRESENTATION_CONTEXT(2) 
PARAMETRIC_REPRESENTATION_CONTEXT() REPRESENTATION_CONTEXT('2D SPACE',''
  ) );
#4485 = PCURVE('',#925,#4486);
#4486 = DEFINITIONAL_REPRESENTATION('',(#4487),#4495);
#4487 = ( BOUNDED_CURVE() B_SPLINE_CURVE(2,(#4488,#4489,#4490,#4491,
#4492,#4493,#4494),.UNSPECIFIED.,.T.,.F.) B_SPLINE_CURVE_WITH_KNOTS((1,2
    ,2,2,2,1),(-2.094395102393,0.,2.094395102393,4.188790204786,
6.28318530718,8.377580409573),.UNSPECIFIED.) CURVE() 
GEOMETRIC_REPRESENTATION_ITEM() RATIONAL_B_SPLINE_CURVE((1.,0.5,1.,0.5,
1.,0.5,1.)) REPRESENTATION_ITEM('') );
#4488 = CARTESIAN_POINT('',(1.6,0.));
#4489 = CARTESIAN_POINT('',(1.6,-2.77128129211));
#4490 = CARTESIAN_POINT('',(-0.8,-1.385640646055));
#4491 = CARTESIAN_POINT('',(-3.2,-3.918869757272E-16));
#4492 = CARTESIAN_POINT('',(-0.8,1.385640646055));
#4493 = CARTESIAN_POINT('',(1.6,2.77128129211));
#4494 = CARTESIAN_POINT('',(1.6,0.));
#4495 = ( GEOMETRIC_REPRESENTATION_CONTEXT(2) 
PARAMETRIC_REPRESENTATION_CONTEXT() REPRESENTATION_CONTEXT('2D SPACE',''
  ) );
#4496 = ORIENTED_EDGE('',*,*,#3291,.T.);
#4497 = ADVANCED_FACE('',(#4498),#3131,.F.);
#4498 = FACE_BOUND('',#4499,.F.);
#4499 = EDGE_LOOP('',(#4500,#4501,#4502,#4528));
#4500 = ORIENTED_EDGE('',*,*,#3948,.F.);
#4501 = ORIENTED_EDGE('',*,*,#3108,.F.);
#4502 = ORIENTED_EDGE('',*,*,#4503,.T.);
#4503 = EDGE_CURVE('',#3109,#3177,#4504,.T.);
#4504 = SURFACE_CURVE('',#4505,(#4510,#4517),.PCURVE_S1.);
#4505 = CIRCLE('',#4506,1.6);
#4506 = AXIS2_PLACEMENT_3D('',#4507,#4508,#4509);
#4507 = CARTESIAN_POINT('',(46.3,176.,58.131397208143));
#4508 = DIRECTION('',(-1.,-5.318914247286E-16,-6.661338147751E-16));
#4509 = DIRECTION('',(-6.661338147751E-16,7.495338295473E-15,1.));
#4510 = PCURVE('',#3131,#4511);
#4511 = DEFINITIONAL_REPRESENTATION('',(#4512),#4516);
#4512 = LINE('',#4513,#4514);
#4513 = CARTESIAN_POINT('',(-3.14159265359,1.2));
#4514 = VECTOR('',#4515,1.);
#4515 = DIRECTION('',(1.,0.));
#4516 = ( GEOMETRIC_REPRESENTATION_CONTEXT(2) 
PARAMETRIC_REPRESENTATION_CONTEXT() REPRESENTATION_CONTEXT('2D SPACE',''
  ) );
#4517 = PCURVE('',#1037,#4518);
#4518 = DEFINITIONAL_REPRESENTATION('',(#4519),#4527);
#4519 = ( BOUNDED_CURVE() B_SPLINE_CURVE(2,(#4520,#4521,#4522,#4523,
#4524,#4525,#4526),.UNSPECIFIED.,.T.,.F.) B_SPLINE_CURVE_WITH_KNOTS((1,2
    ,2,2,2,1),(-2.094395102393,0.,2.094395102393,4.188790204786,
6.28318530718,8.377580409573),.UNSPECIFIED.) CURVE() 
GEOMETRIC_REPRESENTATION_ITEM() RATIONAL_B_SPLINE_CURVE((1.,0.5,1.,0.5,
1.,0.5,1.)) REPRESENTATION_ITEM('') );
#4520 = CARTESIAN_POINT('',(1.6,0.));
#4521 = CARTESIAN_POINT('',(1.6,-2.77128129211));
#4522 = CARTESIAN_POINT('',(-0.8,-1.385640646055));
#4523 = CARTESIAN_POINT('',(-3.2,-3.918869757272E-16));
#4524 = CARTESIAN_POINT('',(-0.8,1.385640646055));
#4525 = CARTESIAN_POINT('',(1.6,2.77128129211));
#4526 = CARTESIAN_POINT('',(1.6,0.));
#4527 = ( GEOMETRIC_REPRESENTATION_CONTEXT(2) 
PARAMETRIC_REPRESENTATION_CONTEXT() REPRESENTATION_CONTEXT('2D SPACE',''
  ) );
#4528 = ORIENTED_EDGE('',*,*,#3176,.T.);
#4529 = ADVANCED_FACE('',(#4530),#4544,.T.);
#4530 = FACE_BOUND('',#4531,.T.);
#4531 = EDGE_LOOP('',(#4532,#4562,#4590,#4618,#4646,#4674,#4702));
#4532 = ORIENTED_EDGE('',*,*,#4533,.T.);
#4533 = EDGE_CURVE('',#4534,#4536,#4538,.T.);
#4534 = VERTEX_POINT('',#4535);
#4535 = CARTESIAN_POINT('',(36.5,157.,47.631397208143));
#4536 = VERTEX_POINT('',#4537);
#4537 = CARTESIAN_POINT('',(46.5,157.,47.631397208143));
#4538 = SURFACE_CURVE('',#4539,(#4543,#4555),.PCURVE_S1.);
#4539 = LINE('',#4540,#4541);
#4540 = CARTESIAN_POINT('',(-3.986261662177,157.,47.631397208143));
#4541 = VECTOR('',#4542,1.);
#4542 = DIRECTION('',(1.,5.318914247286E-16,6.661338147751E-16));
#4543 = PCURVE('',#4544,#4549);
#4544 = PLANE('',#4545);
#4545 = AXIS2_PLACEMENT_3D('',#4546,#4547,#4548);
#4546 = CARTESIAN_POINT('',(-3.986261662177,157.,47.631397208143));
#4547 = DIRECTION('',(5.318914247286E-16,-1.,7.495338295473E-15));
#4548 = DIRECTION('',(6.661338147751E-16,-7.495338295473E-15,-1.));
#4549 = DEFINITIONAL_REPRESENTATION('',(#4550),#4554);
#4550 = LINE('',#4551,#4552);
#4551 = CARTESIAN_POINT('',(0.,0.));
#4552 = VECTOR('',#4553,1.);
#4553 = DIRECTION('',(0.,1.));
#4554 = ( GEOMETRIC_REPRESENTATION_CONTEXT(2) 
PARAMETRIC_REPRESENTATION_CONTEXT() REPRESENTATION_CONTEXT('2D SPACE',''
  ) );
#4555 = PCURVE('',#2328,#4556);
#4556 = DEFINITIONAL_REPRESENTATION('',(#4557),#4561);
#4557 = LINE('',#4558,#4559);
#4558 = CARTESIAN_POINT('',(1.570796326795,51.486261662177));
#4559 = VECTOR('',#4560,1.);
#4560 = DIRECTION('',(0.,-1.));
#4561 = ( GEOMETRIC_REPRESENTATION_CONTEXT(2) 
PARAMETRIC_REPRESENTATION_CONTEXT() REPRESENTATION_CONTEXT('2D SPACE',''
  ) );
#4562 = ORIENTED_EDGE('',*,*,#4563,.T.);
#4563 = EDGE_CURVE('',#4536,#4564,#4566,.T.);
#4564 = VERTEX_POINT('',#4565);
#4565 = CARTESIAN_POINT('',(46.5,157.,78.21718364577));
#4566 = SURFACE_CURVE('',#4567,(#4571,#4578),.PCURVE_S1.);
#4567 = LINE('',#4568,#4569);
#4568 = CARTESIAN_POINT('',(46.5,157.,47.631397208143));
#4569 = VECTOR('',#4570,1.);
#4570 = DIRECTION('',(-6.661338147751E-16,7.495338295473E-15,1.));
#4571 = PCURVE('',#4544,#4572);
#4572 = DEFINITIONAL_REPRESENTATION('',(#4573),#4577);
#4573 = LINE('',#4574,#4575);
#4574 = CARTESIAN_POINT('',(0.,50.486261662177));
#4575 = VECTOR('',#4576,1.);
#4576 = DIRECTION('',(-1.,0.));
#4577 = ( GEOMETRIC_REPRESENTATION_CONTEXT(2) 
PARAMETRIC_REPRESENTATION_CONTEXT() REPRESENTATION_CONTEXT('2D SPACE',''
  ) );
#4578 = PCURVE('',#4579,#4584);
#4579 = PLANE('',#4580);
#4580 = AXIS2_PLACEMENT_3D('',#4581,#4582,#4583);
#4581 = CARTESIAN_POINT('',(47.5,158.,47.631397208143));
#4582 = DIRECTION('',(-0.707106781187,0.707106781187,-5.771032273621E-15
    ));
#4583 = DIRECTION('',(6.661338147751E-16,-7.495338295473E-15,-1.));
#4584 = DEFINITIONAL_REPRESENTATION('',(#4585),#4589);
#4585 = LINE('',#4586,#4587);
#4586 = CARTESIAN_POINT('',(0.,1.414213562373));
#4587 = VECTOR('',#4588,1.);
#4588 = DIRECTION('',(-1.,0.));
#4589 = ( GEOMETRIC_REPRESENTATION_CONTEXT(2) 
PARAMETRIC_REPRESENTATION_CONTEXT() REPRESENTATION_CONTEXT('2D SPACE',''
  ) );
#4590 = ORIENTED_EDGE('',*,*,#4591,.T.);
#4591 = EDGE_CURVE('',#4564,#4592,#4594,.T.);
#4592 = VERTEX_POINT('',#4593);
#4593 = CARTESIAN_POINT('',(24.085786437627,157.,100.63139720814));
#4594 = SURFACE_CURVE('',#4595,(#4599,#4606),.PCURVE_S1.);
#4595 = LINE('',#4596,#4597);
#4596 = CARTESIAN_POINT('',(36.549762387725,157.,88.167421258045));
#4597 = VECTOR('',#4598,1.);
#4598 = DIRECTION('',(-0.707106781187,4.923900502736E-15,0.707106781187)
  );
#4599 = PCURVE('',#4544,#4600);
#4600 = DEFINITIONAL_REPRESENTATION('',(#4601),#4605);
#4601 = LINE('',#4602,#4603);
#4602 = CARTESIAN_POINT('',(-40.5360240499,40.536024049902));
#4603 = VECTOR('',#4604,1.);
#4604 = DIRECTION('',(-0.707106781187,-0.707106781187));
#4605 = ( GEOMETRIC_REPRESENTATION_CONTEXT(2) 
PARAMETRIC_REPRESENTATION_CONTEXT() REPRESENTATION_CONTEXT('2D SPACE',''
  ) );
#4606 = PCURVE('',#4607,#4612);
#4607 = PLANE('',#4608);
#4608 = AXIS2_PLACEMENT_3D('',#4609,#4610,#4611);
#4609 = CARTESIAN_POINT('',(36.549762387725,157.,88.167421258045));
#4610 = DIRECTION('',(-0.5,0.707106781187,-0.5));
#4611 = DIRECTION('',(-0.707106781187,4.923900502736E-15,0.707106781187)
  );
#4612 = DEFINITIONAL_REPRESENTATION('',(#4613),#4617);
#4613 = LINE('',#4614,#4615);
#4614 = CARTESIAN_POINT('',(0.,0.));
#4615 = VECTOR('',#4616,1.);
#4616 = DIRECTION('',(1.,0.));
#4617 = ( GEOMETRIC_REPRESENTATION_CONTEXT(2) 
PARAMETRIC_REPRESENTATION_CONTEXT() REPRESENTATION_CONTEXT('2D SPACE',''
  ) );
#4618 = ORIENTED_EDGE('',*,*,#4619,.F.);
#4619 = EDGE_CURVE('',#4620,#4592,#4622,.T.);
#4620 = VERTEX_POINT('',#4621);
#4621 = CARTESIAN_POINT('',(20.5,157.,100.63139720814));
#4622 = SURFACE_CURVE('',#4623,(#4627,#4634),.PCURVE_S1.);
#4623 = LINE('',#4624,#4625);
#4624 = CARTESIAN_POINT('',(13.5,157.,100.63139720814));
#4625 = VECTOR('',#4626,1.);
#4626 = DIRECTION('',(1.,5.318914247286E-16,6.661338147751E-16));
#4627 = PCURVE('',#4544,#4628);
#4628 = DEFINITIONAL_REPRESENTATION('',(#4629),#4633);
#4629 = LINE('',#4630,#4631);
#4630 = CARTESIAN_POINT('',(-53.,17.486261662177));
#4631 = VECTOR('',#4632,1.);
#4632 = DIRECTION('',(0.,1.));
#4633 = ( GEOMETRIC_REPRESENTATION_CONTEXT(2) 
PARAMETRIC_REPRESENTATION_CONTEXT() REPRESENTATION_CONTEXT('2D SPACE',''
  ) );
#4634 = PCURVE('',#4635,#4640);
#4635 = PLANE('',#4636);
#4636 = AXIS2_PLACEMENT_3D('',#4637,#4638,#4639);
#4637 = CARTESIAN_POINT('',(13.5,132.19134795331,100.63139720814));
#4638 = DIRECTION('',(-6.661338147751E-16,7.495338295473E-15,1.));
#4639 = DIRECTION('',(5.318914247286E-16,-1.,7.495338295473E-15));
#4640 = DEFINITIONAL_REPRESENTATION('',(#4641),#4645);
#4641 = LINE('',#4642,#4643);
#4642 = CARTESIAN_POINT('',(-24.80865204668,0.));
#4643 = VECTOR('',#4644,1.);
#4644 = DIRECTION('',(0.,1.));
#4645 = ( GEOMETRIC_REPRESENTATION_CONTEXT(2) 
PARAMETRIC_REPRESENTATION_CONTEXT() REPRESENTATION_CONTEXT('2D SPACE',''
  ) );
#4646 = ORIENTED_EDGE('',*,*,#4647,.T.);
#4647 = EDGE_CURVE('',#4620,#4648,#4650,.T.);
#4648 = VERTEX_POINT('',#4649);
#4649 = CARTESIAN_POINT('',(20.5,157.,89.045610770516));
#4650 = SURFACE_CURVE('',#4651,(#4655,#4662),.PCURVE_S1.);
#4651 = LINE('',#4652,#4653);
#4652 = CARTESIAN_POINT('',(20.5,157.,88.631397208143));
#4653 = VECTOR('',#4654,1.);
#4654 = DIRECTION('',(6.661338147751E-16,-7.495338295473E-15,-1.));
#4655 = PCURVE('',#4544,#4656);
#4656 = DEFINITIONAL_REPRESENTATION('',(#4657),#4661);
#4657 = LINE('',#4658,#4659);
#4658 = CARTESIAN_POINT('',(-41.,24.486261662177));
#4659 = VECTOR('',#4660,1.);
#4660 = DIRECTION('',(1.,0.));
#4661 = ( GEOMETRIC_REPRESENTATION_CONTEXT(2) 
PARAMETRIC_REPRESENTATION_CONTEXT() REPRESENTATION_CONTEXT('2D SPACE',''
  ) );
#4662 = PCURVE('',#4663,#4668);
#4663 = PLANE('',#4664);
#4664 = AXIS2_PLACEMENT_3D('',#4665,#4666,#4667);
#4665 = CARTESIAN_POINT('',(20.5,157.,47.631397208143));
#4666 = DIRECTION('',(-0.707106781187,-0.707106781187,4.828976798411E-15
    ));
#4667 = DIRECTION('',(-6.661338147751E-16,7.495338295473E-15,1.));
#4668 = DEFINITIONAL_REPRESENTATION('',(#4669),#4673);
#4669 = LINE('',#4670,#4671);
#4670 = CARTESIAN_POINT('',(41.,0.));
#4671 = VECTOR('',#4672,1.);
#4672 = DIRECTION('',(-1.,-0.));
#4673 = ( GEOMETRIC_REPRESENTATION_CONTEXT(2) 
PARAMETRIC_REPRESENTATION_CONTEXT() REPRESENTATION_CONTEXT('2D SPACE',''
  ) );
#4674 = ORIENTED_EDGE('',*,*,#4675,.T.);
#4675 = EDGE_CURVE('',#4648,#4676,#4678,.T.);
#4676 = VERTEX_POINT('',#4677);
#4677 = CARTESIAN_POINT('',(36.5,157.,73.045610770516));
#4678 = SURFACE_CURVE('',#4679,(#4683,#4690),.PCURVE_S1.);
#4679 = LINE('',#4680,#4681);
#4680 = CARTESIAN_POINT('',(36.207106781187,157.,73.33850398933));
#4681 = VECTOR('',#4682,1.);
#4682 = DIRECTION('',(0.707106781187,-4.923900502736E-15,-0.707106781187
    ));
#4683 = PCURVE('',#4544,#4684);
#4684 = DEFINITIONAL_REPRESENTATION('',(#4685),#4689);
#4685 = LINE('',#4686,#4687);
#4686 = CARTESIAN_POINT('',(-25.70710678118,40.193368443363));
#4687 = VECTOR('',#4688,1.);
#4688 = DIRECTION('',(0.707106781187,0.707106781187));
#4689 = ( GEOMETRIC_REPRESENTATION_CONTEXT(2) 
PARAMETRIC_REPRESENTATION_CONTEXT() REPRESENTATION_CONTEXT('2D SPACE',''
  ) );
#4690 = PCURVE('',#4691,#4696);
#4691 = PLANE('',#4692);
#4692 = AXIS2_PLACEMENT_3D('',#4693,#4694,#4695);
#4693 = CARTESIAN_POINT('',(35.5,158.,72.631397208143));
#4694 = DIRECTION('',(-0.5,-0.707106781187,-0.5));
#4695 = DIRECTION('',(0.707106781187,-4.923900502736E-15,-0.707106781187
    ));
#4696 = DEFINITIONAL_REPRESENTATION('',(#4697),#4701);
#4697 = LINE('',#4698,#4699);
#4698 = CARTESIAN_POINT('',(-2.164934898019E-15,1.414213562373));
#4699 = VECTOR('',#4700,1.);
#4700 = DIRECTION('',(1.,5.551115123126E-17));
#4701 = ( GEOMETRIC_REPRESENTATION_CONTEXT(2) 
PARAMETRIC_REPRESENTATION_CONTEXT() REPRESENTATION_CONTEXT('2D SPACE',''
  ) );
#4702 = ORIENTED_EDGE('',*,*,#4703,.T.);
#4703 = EDGE_CURVE('',#4676,#4534,#4704,.T.);
#4704 = SURFACE_CURVE('',#4705,(#4709,#4716),.PCURVE_S1.);
#4705 = LINE('',#4706,#4707);
#4706 = CARTESIAN_POINT('',(36.5,157.,47.631397208143));
#4707 = VECTOR('',#4708,1.);
#4708 = DIRECTION('',(6.661338147751E-16,-7.495338295473E-15,-1.));
#4709 = PCURVE('',#4544,#4710);
#4710 = DEFINITIONAL_REPRESENTATION('',(#4711),#4715);
#4711 = LINE('',#4712,#4713);
#4712 = CARTESIAN_POINT('',(0.,40.486261662177));
#4713 = VECTOR('',#4714,1.);
#4714 = DIRECTION('',(1.,0.));
#4715 = ( GEOMETRIC_REPRESENTATION_CONTEXT(2) 
PARAMETRIC_REPRESENTATION_CONTEXT() REPRESENTATION_CONTEXT('2D SPACE',''
  ) );
#4716 = PCURVE('',#4717,#4722);
#4717 = PLANE('',#4718);
#4718 = AXIS2_PLACEMENT_3D('',#4719,#4720,#4721);
#4719 = CARTESIAN_POINT('',(35.5,158.,47.631397208143));
#4720 = DIRECTION('',(0.707106781187,0.707106781187,-4.828976798411E-15)
  );
#4721 = DIRECTION('',(-6.661338147751E-16,7.495338295473E-15,1.));
#4722 = DEFINITIONAL_REPRESENTATION('',(#4723),#4727);
#4723 = LINE('',#4724,#4725);
#4724 = CARTESIAN_POINT('',(0.,1.414213562373));
#4725 = VECTOR('',#4726,1.);
#4726 = DIRECTION('',(-1.,0.));
#4727 = ( GEOMETRIC_REPRESENTATION_CONTEXT(2) 
PARAMETRIC_REPRESENTATION_CONTEXT() REPRESENTATION_CONTEXT('2D SPACE',''
  ) );
#4728 = ADVANCED_FACE('',(#4729),#2383,.T.);
#4729 = FACE_BOUND('',#4730,.T.);
#4730 = EDGE_LOOP('',(#4731,#4761,#4789,#4810,#4811,#4839,#4867));
#4731 = ORIENTED_EDGE('',*,*,#4732,.F.);
#4732 = EDGE_CURVE('',#4733,#4735,#4737,.T.);
#4733 = VERTEX_POINT('',#4734);
#4734 = CARTESIAN_POINT('',(24.085786437627,195.,100.63139720814));
#4735 = VERTEX_POINT('',#4736);
#4736 = CARTESIAN_POINT('',(20.5,195.,100.63139720814));
#4737 = SURFACE_CURVE('',#4738,(#4742,#4749),.PCURVE_S1.);
#4738 = LINE('',#4739,#4740);
#4739 = CARTESIAN_POINT('',(13.5,195.,100.63139720814));
#4740 = VECTOR('',#4741,1.);
#4741 = DIRECTION('',(-1.,-5.318914247286E-16,-1.822616132093E-15));
#4742 = PCURVE('',#2383,#4743);
#4743 = DEFINITIONAL_REPRESENTATION('',(#4744),#4748);
#4744 = LINE('',#4745,#4746);
#4745 = CARTESIAN_POINT('',(53.,17.486261662177));
#4746 = VECTOR('',#4747,1.);
#4747 = DIRECTION('',(-1.156482317318E-15,-1.));
#4748 = ( GEOMETRIC_REPRESENTATION_CONTEXT(2) 
PARAMETRIC_REPRESENTATION_CONTEXT() REPRESENTATION_CONTEXT('2D SPACE',''
  ) );
#4749 = PCURVE('',#4750,#4755);
#4750 = PLANE('',#4751);
#4751 = AXIS2_PLACEMENT_3D('',#4752,#4753,#4754);
#4752 = CARTESIAN_POINT('',(13.5,219.80865204668,100.63139720814));
#4753 = DIRECTION('',(-1.822616132093E-15,7.495338295473E-15,1.));
#4754 = DIRECTION('',(-1.,-5.318914247286E-16,-1.822616132093E-15));
#4755 = DEFINITIONAL_REPRESENTATION('',(#4756),#4760);
#4756 = LINE('',#4757,#4758);
#4757 = CARTESIAN_POINT('',(0.,24.808652046685));
#4758 = VECTOR('',#4759,1.);
#4759 = DIRECTION('',(1.,-0.));
#4760 = ( GEOMETRIC_REPRESENTATION_CONTEXT(2) 
PARAMETRIC_REPRESENTATION_CONTEXT() REPRESENTATION_CONTEXT('2D SPACE',''
  ) );
#4761 = ORIENTED_EDGE('',*,*,#4762,.T.);
#4762 = EDGE_CURVE('',#4733,#4763,#4765,.T.);
#4763 = VERTEX_POINT('',#4764);
#4764 = CARTESIAN_POINT('',(46.5,195.,78.21718364577));
#4765 = SURFACE_CURVE('',#4766,(#4770,#4777),.PCURVE_S1.);
#4766 = LINE('',#4767,#4768);
#4767 = CARTESIAN_POINT('',(36.549762387725,195.,88.167421258045));
#4768 = VECTOR('',#4769,1.);
#4769 = DIRECTION('',(0.707106781187,-4.923900502736E-15,-0.707106781187
    ));
#4770 = PCURVE('',#2383,#4771);
#4771 = DEFINITIONAL_REPRESENTATION('',(#4772),#4776);
#4772 = LINE('',#4773,#4774);
#4773 = CARTESIAN_POINT('',(40.536024049902,40.536024049902));
#4774 = VECTOR('',#4775,1.);
#4775 = DIRECTION('',(-0.707106781187,0.707106781187));
#4776 = ( GEOMETRIC_REPRESENTATION_CONTEXT(2) 
PARAMETRIC_REPRESENTATION_CONTEXT() REPRESENTATION_CONTEXT('2D SPACE',''
  ) );
#4777 = PCURVE('',#4778,#4783);
#4778 = PLANE('',#4779);
#4779 = AXIS2_PLACEMENT_3D('',#4780,#4781,#4782);
#4780 = CARTESIAN_POINT('',(47.5,194.,78.631397208143));
#4781 = DIRECTION('',(-0.5,-0.707106781187,-0.5));
#4782 = DIRECTION('',(-0.707106781187,4.923900502736E-15,0.707106781187)
  );
#4783 = DEFINITIONAL_REPRESENTATION('',(#4784),#4788);
#4784 = LINE('',#4785,#4786);
#4785 = CARTESIAN_POINT('',(14.485974542487,1.414213562373));
#4786 = VECTOR('',#4787,1.);
#4787 = DIRECTION('',(-1.,0.));
#4788 = ( GEOMETRIC_REPRESENTATION_CONTEXT(2) 
PARAMETRIC_REPRESENTATION_CONTEXT() REPRESENTATION_CONTEXT('2D SPACE',''
  ) );
#4789 = ORIENTED_EDGE('',*,*,#4790,.T.);
#4790 = EDGE_CURVE('',#4763,#323,#4791,.T.);
#4791 = SURFACE_CURVE('',#4792,(#4796,#4803),.PCURVE_S1.);
#4792 = LINE('',#4793,#4794);
#4793 = CARTESIAN_POINT('',(46.5,195.,47.631397208143));
#4794 = VECTOR('',#4795,1.);
#4795 = DIRECTION('',(6.661338147751E-16,-7.495338295473E-15,-1.));
#4796 = PCURVE('',#2383,#4797);
#4797 = DEFINITIONAL_REPRESENTATION('',(#4798),#4802);
#4798 = LINE('',#4799,#4800);
#4799 = CARTESIAN_POINT('',(0.,50.486261662177));
#4800 = VECTOR('',#4801,1.);
#4801 = DIRECTION('',(-1.,0.));
#4802 = ( GEOMETRIC_REPRESENTATION_CONTEXT(2) 
PARAMETRIC_REPRESENTATION_CONTEXT() REPRESENTATION_CONTEXT('2D SPACE',''
  ) );
#4803 = PCURVE('',#365,#4804);
#4804 = DEFINITIONAL_REPRESENTATION('',(#4805),#4809);
#4805 = LINE('',#4806,#4807);
#4806 = CARTESIAN_POINT('',(0.,1.414213562373));
#4807 = VECTOR('',#4808,1.);
#4808 = DIRECTION('',(-1.,-0.));
#4809 = ( GEOMETRIC_REPRESENTATION_CONTEXT(2) 
PARAMETRIC_REPRESENTATION_CONTEXT() REPRESENTATION_CONTEXT('2D SPACE',''
  ) );
#4810 = ORIENTED_EDGE('',*,*,#2369,.F.);
#4811 = ORIENTED_EDGE('',*,*,#4812,.T.);
#4812 = EDGE_CURVE('',#2341,#4813,#4815,.T.);
#4813 = VERTEX_POINT('',#4814);
#4814 = CARTESIAN_POINT('',(36.5,195.,73.045610770516));
#4815 = SURFACE_CURVE('',#4816,(#4820,#4827),.PCURVE_S1.);
#4816 = LINE('',#4817,#4818);
#4817 = CARTESIAN_POINT('',(36.5,195.,47.631397208143));
#4818 = VECTOR('',#4819,1.);
#4819 = DIRECTION('',(-6.661338147751E-16,7.495338295473E-15,1.));
#4820 = PCURVE('',#2383,#4821);
#4821 = DEFINITIONAL_REPRESENTATION('',(#4822),#4826);
#4822 = LINE('',#4823,#4824);
#4823 = CARTESIAN_POINT('',(0.,40.486261662177));
#4824 = VECTOR('',#4825,1.);
#4825 = DIRECTION('',(1.,0.));
#4826 = ( GEOMETRIC_REPRESENTATION_CONTEXT(2) 
PARAMETRIC_REPRESENTATION_CONTEXT() REPRESENTATION_CONTEXT('2D SPACE',''
  ) );
#4827 = PCURVE('',#4828,#4833);
#4828 = PLANE('',#4829);
#4829 = AXIS2_PLACEMENT_3D('',#4830,#4831,#4832);
#4830 = CARTESIAN_POINT('',(35.5,194.,47.631397208143));
#4831 = DIRECTION('',(0.707106781187,-0.707106781187,5.771032273621E-15)
  );
#4832 = DIRECTION('',(6.661338147751E-16,-7.495338295473E-15,-1.));
#4833 = DEFINITIONAL_REPRESENTATION('',(#4834),#4838);
#4834 = LINE('',#4835,#4836);
#4835 = CARTESIAN_POINT('',(0.,1.414213562373));
#4836 = VECTOR('',#4837,1.);
#4837 = DIRECTION('',(-1.,0.));
#4838 = ( GEOMETRIC_REPRESENTATION_CONTEXT(2) 
PARAMETRIC_REPRESENTATION_CONTEXT() REPRESENTATION_CONTEXT('2D SPACE',''
  ) );
#4839 = ORIENTED_EDGE('',*,*,#4840,.T.);
#4840 = EDGE_CURVE('',#4813,#4841,#4843,.T.);
#4841 = VERTEX_POINT('',#4842);
#4842 = CARTESIAN_POINT('',(20.5,195.,89.045610770516));
#4843 = SURFACE_CURVE('',#4844,(#4848,#4855),.PCURVE_S1.);
#4844 = LINE('',#4845,#4846);
#4845 = CARTESIAN_POINT('',(20.207106781186,195.,89.33850398933));
#4846 = VECTOR('',#4847,1.);
#4847 = DIRECTION('',(-0.707106781187,4.923900502736E-15,0.707106781187)
  );
#4848 = PCURVE('',#2383,#4849);
#4849 = DEFINITIONAL_REPRESENTATION('',(#4850),#4854);
#4850 = LINE('',#4851,#4852);
#4851 = CARTESIAN_POINT('',(41.707106781187,24.193368443363));
#4852 = VECTOR('',#4853,1.);
#4853 = DIRECTION('',(0.707106781187,-0.707106781187));
#4854 = ( GEOMETRIC_REPRESENTATION_CONTEXT(2) 
PARAMETRIC_REPRESENTATION_CONTEXT() REPRESENTATION_CONTEXT('2D SPACE',''
  ) );
#4855 = PCURVE('',#4856,#4861);
#4856 = PLANE('',#4857);
#4857 = AXIS2_PLACEMENT_3D('',#4858,#4859,#4860);
#4858 = CARTESIAN_POINT('',(35.5,194.,72.631397208143));
#4859 = DIRECTION('',(-0.5,0.707106781187,-0.5));
#4860 = DIRECTION('',(-0.707106781187,4.923900502736E-15,0.707106781187)
  );
#4861 = DEFINITIONAL_REPRESENTATION('',(#4862),#4866);
#4862 = LINE('',#4863,#4864);
#4863 = CARTESIAN_POINT('',(22.62741699797,1.414213562373));
#4864 = VECTOR('',#4865,1.);
#4865 = DIRECTION('',(1.,0.));
#4866 = ( GEOMETRIC_REPRESENTATION_CONTEXT(2) 
PARAMETRIC_REPRESENTATION_CONTEXT() REPRESENTATION_CONTEXT('2D SPACE',''
  ) );
#4867 = ORIENTED_EDGE('',*,*,#4868,.T.);
#4868 = EDGE_CURVE('',#4841,#4735,#4869,.T.);
#4869 = SURFACE_CURVE('',#4870,(#4874,#4881),.PCURVE_S1.);
#4870 = LINE('',#4871,#4872);
#4871 = CARTESIAN_POINT('',(20.5,195.,100.63139720814));
#4872 = VECTOR('',#4873,1.);
#4873 = DIRECTION('',(-6.661338147751E-16,7.495338295473E-15,1.));
#4874 = PCURVE('',#2383,#4875);
#4875 = DEFINITIONAL_REPRESENTATION('',(#4876),#4880);
#4876 = LINE('',#4877,#4878);
#4877 = CARTESIAN_POINT('',(53.,24.486261662177));
#4878 = VECTOR('',#4879,1.);
#4879 = DIRECTION('',(1.,0.));
#4880 = ( GEOMETRIC_REPRESENTATION_CONTEXT(2) 
PARAMETRIC_REPRESENTATION_CONTEXT() REPRESENTATION_CONTEXT('2D SPACE',''
  ) );
#4881 = PCURVE('',#4882,#4887);
#4882 = PLANE('',#4883);
#4883 = AXIS2_PLACEMENT_3D('',#4884,#4885,#4886);
#4884 = CARTESIAN_POINT('',(20.5,195.,47.631397208143));
#4885 = DIRECTION('',(-0.707106781187,0.707106781187,-5.771032273622E-15
    ));
#4886 = DIRECTION('',(6.661338147751E-16,-7.495338295473E-15,-1.));
#4887 = DEFINITIONAL_REPRESENTATION('',(#4888),#4892);
#4888 = LINE('',#4889,#4890);
#4889 = CARTESIAN_POINT('',(-53.,0.));
#4890 = VECTOR('',#4891,1.);
#4891 = DIRECTION('',(-1.,0.));
#4892 = ( GEOMETRIC_REPRESENTATION_CONTEXT(2) 
PARAMETRIC_REPRESENTATION_CONTEXT() REPRESENTATION_CONTEXT('2D SPACE',''
  ) );
#4893 = ADVANCED_FACE('',(#4894),#4908,.F.);
#4894 = FACE_BOUND('',#4895,.T.);
#4895 = EDGE_LOOP('',(#4896,#4931,#4983,#5011,#5039));
#4896 = ORIENTED_EDGE('',*,*,#4897,.F.);
#4897 = EDGE_CURVE('',#4898,#4900,#4902,.T.);
#4898 = VERTEX_POINT('',#4899);
#4899 = CARTESIAN_POINT('',(-19.5,153.,150.63139720814));
#4900 = VERTEX_POINT('',#4901);
#4901 = CARTESIAN_POINT('',(-18.28299852457,153.,149.41439573271));
#4902 = SURFACE_CURVE('',#4903,(#4907,#4919),.PCURVE_S1.);
#4903 = LINE('',#4904,#4905);
#4904 = CARTESIAN_POINT('',(-20.5,153.,151.63139720814));
#4905 = VECTOR('',#4906,1.);
#4906 = DIRECTION('',(0.707106781187,-4.923900502736E-15,-0.707106781187
    ));
#4907 = PCURVE('',#4908,#4913);
#4908 = PLANE('',#4909);
#4909 = AXIS2_PLACEMENT_3D('',#4910,#4911,#4912);
#4910 = CARTESIAN_POINT('',(-20.5,153.,151.63139720814));
#4911 = DIRECTION('',(0.707106781187,5.676108569297E-15,0.707106781187)
  );
#4912 = DIRECTION('',(-0.707106781187,4.923900502736E-15,0.707106781187)
  );
#4913 = DEFINITIONAL_REPRESENTATION('',(#4914),#4918);
#4914 = LINE('',#4915,#4916);
#4915 = CARTESIAN_POINT('',(0.,0.));
#4916 = VECTOR('',#4917,1.);
#4917 = DIRECTION('',(-1.,0.));
#4918 = ( GEOMETRIC_REPRESENTATION_CONTEXT(2) 
PARAMETRIC_REPRESENTATION_CONTEXT() REPRESENTATION_CONTEXT('2D SPACE',''
  ) );
#4919 = PCURVE('',#4920,#4925);
#4920 = PLANE('',#4921);
#4921 = AXIS2_PLACEMENT_3D('',#4922,#4923,#4924);
#4922 = CARTESIAN_POINT('',(41.5,153.,47.631397208143));
#4923 = DIRECTION('',(-5.318914247286E-16,1.,-7.495338295473E-15));
#4924 = DIRECTION('',(-6.661338147751E-16,7.495338295473E-15,1.));
#4925 = DEFINITIONAL_REPRESENTATION('',(#4926),#4930);
#4926 = LINE('',#4927,#4928);
#4927 = CARTESIAN_POINT('',(104.,-62.));
#4928 = VECTOR('',#4929,1.);
#4929 = DIRECTION('',(-0.707106781187,0.707106781187));
#4930 = ( GEOMETRIC_REPRESENTATION_CONTEXT(2) 
PARAMETRIC_REPRESENTATION_CONTEXT() REPRESENTATION_CONTEXT('2D SPACE',''
  ) );
#4931 = ORIENTED_EDGE('',*,*,#4932,.T.);
#4932 = EDGE_CURVE('',#4898,#4933,#4935,.T.);
#4933 = VERTEX_POINT('',#4934);
#4934 = CARTESIAN_POINT('',(-20.5,153.10102051443,151.63139720814));
#4935 = SURFACE_CURVE('',#4936,(#4941,#4949),.PCURVE_S1.);
#4936 = ( BOUNDED_CURVE() B_SPLINE_CURVE(3,(#4937,#4938,#4939,#4940),
.UNSPECIFIED.,.F.,.F.) B_SPLINE_CURVE_WITH_KNOTS((4,4),(1.570796326795,
1.772154247585),.PIECEWISE_BEZIER_KNOTS.) CURVE() 
GEOMETRIC_REPRESENTATION_ITEM() RATIONAL_B_SPLINE_CURVE((1.,
0.996624102003,0.996624102003,1.)) REPRESENTATION_ITEM('') );
#4937 = CARTESIAN_POINT('',(-19.5,153.,150.63139720814));
#4938 = CARTESIAN_POINT('',(-19.83616473119,153.,150.96756193933));
#4939 = CARTESIAN_POINT('',(-20.17062717562,153.03378756819,
    151.30202438376));
#4940 = CARTESIAN_POINT('',(-20.5,153.10102051443,151.63139720814));
#4941 = PCURVE('',#4908,#4942);
#4942 = DEFINITIONAL_REPRESENTATION('',(#4943),#4948);
#4943 = ( BOUNDED_CURVE() B_SPLINE_CURVE(3,(#4944,#4945,#4946,#4947),
.UNSPECIFIED.,.F.,.F.) B_SPLINE_CURVE_WITH_KNOTS((4,4),(1.570796326795,
1.772154247585),.PIECEWISE_BEZIER_KNOTS.) CURVE() 
GEOMETRIC_REPRESENTATION_ITEM() RATIONAL_B_SPLINE_CURVE((1.,
0.996624102003,0.996624102003,1.)) REPRESENTATION_ITEM('') );
#4944 = CARTESIAN_POINT('',(-1.414213562373,0.));
#4945 = CARTESIAN_POINT('',(-0.938804840328,0.));
#4946 = CARTESIAN_POINT('',(-0.465803515312,-3.378756819499E-02));
#4947 = CARTESIAN_POINT('',(0.,-0.101020514434));
#4948 = ( GEOMETRIC_REPRESENTATION_CONTEXT(2) 
PARAMETRIC_REPRESENTATION_CONTEXT() REPRESENTATION_CONTEXT('2D SPACE',''
  ) );
#4949 = PCURVE('',#4950,#4955);
#4950 = CYLINDRICAL_SURFACE('',#4951,5.);
#4951 = AXIS2_PLACEMENT_3D('',#4952,#4953,#4954);
#4952 = CARTESIAN_POINT('',(-19.5,158.,47.631397208143));
#4953 = DIRECTION('',(6.661338147751E-16,-7.495338295473E-15,-1.));
#4954 = DIRECTION('',(-5.318914247286E-16,1.,-7.495338295473E-15));
#4955 = DEFINITIONAL_REPRESENTATION('',(#4956),#4982);
#4956 = B_SPLINE_CURVE_WITH_KNOTS('',3,(#4957,#4958,#4959,#4960,#4961,
    #4962,#4963,#4964,#4965,#4966,#4967,#4968,#4969,#4970,#4971,#4972,
    #4973,#4974,#4975,#4976,#4977,#4978,#4979,#4980,#4981),
  .UNSPECIFIED.,.F.,.F.,(4,1,1,1,1,1,1,1,1,1,1,1,1,1,1,1,1,1,1,1,1,1,4),
  (1.570796326795,1.579948959558,1.589101592321,1.598254225084,
    1.607406857848,1.616559490611,1.625712123374,1.634864756137,
    1.6440173889,1.653170021664,1.662322654427,1.67147528719,
    1.680627919953,1.689780552716,1.69893318548,1.708085818243,
    1.717238451006,1.726391083769,1.735543716532,1.744696349296,
    1.753848982059,1.763001614822,1.772154247585),
  .QUASI_UNIFORM_KNOTS.);
#4957 = CARTESIAN_POINT('',(3.14159265359,-103.));
#4958 = CARTESIAN_POINT('',(3.144638379633,-103.0152286295));
#4959 = CARTESIAN_POINT('',(3.150731234118,-103.0456929032));
#4960 = CARTESIAN_POINT('',(3.159874342978,-103.0914046291));
#4961 = CARTESIAN_POINT('',(3.169020899252,-103.1371259461));
#4962 = CARTESIAN_POINT('',(3.178170522011,-103.1828511142));
#4963 = CARTESIAN_POINT('',(3.187322829649,-103.2285743861));
#4964 = CARTESIAN_POINT('',(3.196477439861,-103.2742900077));
#4965 = CARTESIAN_POINT('',(3.205633969772,-103.3199922213));
#4966 = CARTESIAN_POINT('',(3.214792036022,-103.3656752675));
#4967 = CARTESIAN_POINT('',(3.223951254863,-103.4113333881));
#4968 = CARTESIAN_POINT('',(3.233111242261,-103.4569608281));
#4969 = CARTESIAN_POINT('',(3.242271613985,-103.5025518384));
#4970 = CARTESIAN_POINT('',(3.251431985709,-103.5481006781));
#4971 = CARTESIAN_POINT('',(3.260591973107,-103.5936016168));
#4972 = CARTESIAN_POINT('',(3.269751191948,-103.6390489374));
#4973 = CARTESIAN_POINT('',(3.278909258198,-103.6844369377));
#4974 = CARTESIAN_POINT('',(3.288065788109,-103.7297599339));
#4975 = CARTESIAN_POINT('',(3.297220398321,-103.7750122619));
#4976 = CARTESIAN_POINT('',(3.306372705959,-103.8201882804));
#4977 = CARTESIAN_POINT('',(3.315522328718,-103.8652823727));
#4978 = CARTESIAN_POINT('',(3.324668884992,-103.9102889501));
#4979 = CARTESIAN_POINT('',(3.333811993852,-103.9552024501));
#4980 = CARTESIAN_POINT('',(3.339904848337,-103.985079053));
#4981 = CARTESIAN_POINT('',(3.34295057438,-104.));
#4982 = ( GEOMETRIC_REPRESENTATION_CONTEXT(2) 
PARAMETRIC_REPRESENTATION_CONTEXT() REPRESENTATION_CONTEXT('2D SPACE',''
  ) );
#4983 = ORIENTED_EDGE('',*,*,#4984,.T.);
#4984 = EDGE_CURVE('',#4933,#4985,#4987,.T.);
#4985 = VERTEX_POINT('',#4986);
#4986 = CARTESIAN_POINT('',(-20.5,157.,151.63139720814));
#4987 = SURFACE_CURVE('',#4988,(#4992,#4999),.PCURVE_S1.);
#4988 = LINE('',#4989,#4990);
#4989 = CARTESIAN_POINT('',(-20.5,153.,151.63139720814));
#4990 = VECTOR('',#4991,1.);
#4991 = DIRECTION('',(-5.318914247286E-16,1.,-7.495338295473E-15));
#4992 = PCURVE('',#4908,#4993);
#4993 = DEFINITIONAL_REPRESENTATION('',(#4994),#4998);
#4994 = LINE('',#4995,#4996);
#4995 = CARTESIAN_POINT('',(0.,0.));
#4996 = VECTOR('',#4997,1.);
#4997 = DIRECTION('',(0.,-1.));
#4998 = ( GEOMETRIC_REPRESENTATION_CONTEXT(2) 
PARAMETRIC_REPRESENTATION_CONTEXT() REPRESENTATION_CONTEXT('2D SPACE',''
  ) );
#4999 = PCURVE('',#5000,#5005);
#5000 = PLANE('',#5001);
#5001 = AXIS2_PLACEMENT_3D('',#5002,#5003,#5004);
#5002 = CARTESIAN_POINT('',(-20.5,176.,47.631397208143));
#5003 = DIRECTION('',(-1.,-5.318914247286E-16,-6.661338147751E-16));
#5004 = DIRECTION('',(6.661338147751E-16,-7.495338295473E-15,-1.));
#5005 = DEFINITIONAL_REPRESENTATION('',(#5006),#5010);
#5006 = LINE('',#5007,#5008);
#5007 = CARTESIAN_POINT('',(-104.,23.));
#5008 = VECTOR('',#5009,1.);
#5009 = DIRECTION('',(0.,-1.));
#5010 = ( GEOMETRIC_REPRESENTATION_CONTEXT(2) 
PARAMETRIC_REPRESENTATION_CONTEXT() REPRESENTATION_CONTEXT('2D SPACE',''
  ) );
#5011 = ORIENTED_EDGE('',*,*,#5012,.T.);
#5012 = EDGE_CURVE('',#4985,#5013,#5015,.T.);
#5013 = VERTEX_POINT('',#5014);
#5014 = CARTESIAN_POINT('',(-18.28299852457,157.,149.41439573271));
#5015 = SURFACE_CURVE('',#5016,(#5020,#5027),.PCURVE_S1.);
#5016 = LINE('',#5017,#5018);
#5017 = CARTESIAN_POINT('',(-20.5,157.,151.63139720814));
#5018 = VECTOR('',#5019,1.);
#5019 = DIRECTION('',(0.707106781187,-4.923900502736E-15,-0.707106781187
    ));
#5020 = PCURVE('',#4908,#5021);
#5021 = DEFINITIONAL_REPRESENTATION('',(#5022),#5026);
#5022 = LINE('',#5023,#5024);
#5023 = CARTESIAN_POINT('',(0.,-4.));
#5024 = VECTOR('',#5025,1.);
#5025 = DIRECTION('',(-1.,0.));
#5026 = ( GEOMETRIC_REPRESENTATION_CONTEXT(2) 
PARAMETRIC_REPRESENTATION_CONTEXT() REPRESENTATION_CONTEXT('2D SPACE',''
  ) );
#5027 = PCURVE('',#5028,#5033);
#5028 = PLANE('',#5029);
#5029 = AXIS2_PLACEMENT_3D('',#5030,#5031,#5032);
#5030 = CARTESIAN_POINT('',(41.5,157.,47.631397208143));
#5031 = DIRECTION('',(-5.318914247286E-16,1.,-7.495338295473E-15));
#5032 = DIRECTION('',(-6.661338147751E-16,7.495338295473E-15,1.));
#5033 = DEFINITIONAL_REPRESENTATION('',(#5034),#5038);
#5034 = LINE('',#5035,#5036);
#5035 = CARTESIAN_POINT('',(104.,-62.));
#5036 = VECTOR('',#5037,1.);
#5037 = DIRECTION('',(-0.707106781187,0.707106781187));
#5038 = ( GEOMETRIC_REPRESENTATION_CONTEXT(2) 
PARAMETRIC_REPRESENTATION_CONTEXT() REPRESENTATION_CONTEXT('2D SPACE',''
  ) );
#5039 = ORIENTED_EDGE('',*,*,#5040,.T.);
#5040 = EDGE_CURVE('',#5013,#4900,#5041,.T.);
#5041 = SURFACE_CURVE('',#5042,(#5046,#5053),.PCURVE_S1.);
#5042 = LINE('',#5043,#5044);
#5043 = CARTESIAN_POINT('',(-18.28299852457,153.,149.41439573271));
#5044 = VECTOR('',#5045,1.);
#5045 = DIRECTION('',(5.318914247286E-16,-1.,7.495338295473E-15));
#5046 = PCURVE('',#4908,#5047);
#5047 = DEFINITIONAL_REPRESENTATION('',(#5048),#5052);
#5048 = LINE('',#5049,#5050);
#5049 = CARTESIAN_POINT('',(-3.135313554352,0.));
#5050 = VECTOR('',#5051,1.);
#5051 = DIRECTION('',(0.,1.));
#5052 = ( GEOMETRIC_REPRESENTATION_CONTEXT(2) 
PARAMETRIC_REPRESENTATION_CONTEXT() REPRESENTATION_CONTEXT('2D SPACE',''
  ) );
#5053 = PCURVE('',#5054,#5059);
#5054 = PLANE('',#5055);
#5055 = AXIS2_PLACEMENT_3D('',#5056,#5057,#5058);
#5056 = CARTESIAN_POINT('',(-24.5,187.73102221179,149.41439573271));
#5057 = DIRECTION('',(-6.661338147751E-16,7.495338295473E-15,1.));
#5058 = DIRECTION('',(5.318914247286E-16,-1.,7.495338295473E-15));
#5059 = DEFINITIONAL_REPRESENTATION('',(#5060),#5064);
#5060 = LINE('',#5061,#5062);
#5061 = CARTESIAN_POINT('',(34.731022211797,6.217001475428));
#5062 = VECTOR('',#5063,1.);
#5063 = DIRECTION('',(1.,0.));
#5064 = ( GEOMETRIC_REPRESENTATION_CONTEXT(2) 
PARAMETRIC_REPRESENTATION_CONTEXT() REPRESENTATION_CONTEXT('2D SPACE',''
  ) );
#5065 = ADVANCED_FACE('',(#5066),#5080,.F.);
#5066 = FACE_BOUND('',#5067,.T.);
#5067 = EDGE_LOOP('',(#5068,#5103,#5131,#5159));
#5068 = ORIENTED_EDGE('',*,*,#5069,.T.);
#5069 = EDGE_CURVE('',#5070,#5072,#5074,.T.);
#5070 = VERTEX_POINT('',#5071);
#5071 = CARTESIAN_POINT('',(-2.5,195.,133.63139720814));
#5072 = VERTEX_POINT('',#5073);
#5073 = CARTESIAN_POINT('',(-2.5,198.,133.63139720814));
#5074 = SURFACE_CURVE('',#5075,(#5079,#5091),.PCURVE_S1.);
#5075 = LINE('',#5076,#5077);
#5076 = CARTESIAN_POINT('',(-2.5,199.,133.63139720814));
#5077 = VECTOR('',#5078,1.);
#5078 = DIRECTION('',(-5.318914247286E-16,1.,-7.495338295473E-15));
#5079 = PCURVE('',#5080,#5085);
#5080 = PLANE('',#5081);
#5081 = AXIS2_PLACEMENT_3D('',#5082,#5083,#5084);
#5082 = CARTESIAN_POINT('',(13.5,199.,117.63139720814));
#5083 = DIRECTION('',(0.707106781187,5.676108569297E-15,0.707106781187)
  );
#5084 = DIRECTION('',(-0.707106781187,4.923900502736E-15,0.707106781187)
  );
#5085 = DEFINITIONAL_REPRESENTATION('',(#5086),#5090);
#5086 = LINE('',#5087,#5088);
#5087 = CARTESIAN_POINT('',(22.62741699797,0.));
#5088 = VECTOR('',#5089,1.);
#5089 = DIRECTION('',(0.,-1.));
#5090 = ( GEOMETRIC_REPRESENTATION_CONTEXT(2) 
PARAMETRIC_REPRESENTATION_CONTEXT() REPRESENTATION_CONTEXT('2D SPACE',''
  ) );
#5091 = PCURVE('',#5092,#5097);
#5092 = PLANE('',#5093);
#5093 = AXIS2_PLACEMENT_3D('',#5094,#5095,#5096);
#5094 = CARTESIAN_POINT('',(-24.5,199.,133.63139720814));
#5095 = DIRECTION('',(-6.661338147751E-16,7.495338295473E-15,1.));
#5096 = DIRECTION('',(5.318914247286E-16,-1.,7.495338295473E-15));
#5097 = DEFINITIONAL_REPRESENTATION('',(#5098),#5102);
#5098 = LINE('',#5099,#5100);
#5099 = CARTESIAN_POINT('',(-3.552713678801E-15,22.));
#5100 = VECTOR('',#5101,1.);
#5101 = DIRECTION('',(-1.,0.));
#5102 = ( GEOMETRIC_REPRESENTATION_CONTEXT(2) 
PARAMETRIC_REPRESENTATION_CONTEXT() REPRESENTATION_CONTEXT('2D SPACE',''
  ) );
#5103 = ORIENTED_EDGE('',*,*,#5104,.T.);
#5104 = EDGE_CURVE('',#5072,#5105,#5107,.T.);
#5105 = VERTEX_POINT('',#5106);
#5106 = CARTESIAN_POINT('',(13.5,198.,117.63139720814));
#5107 = SURFACE_CURVE('',#5108,(#5112,#5119),.PCURVE_S1.);
#5108 = LINE('',#5109,#5110);
#5109 = CARTESIAN_POINT('',(13.5,198.,117.63139720814));
#5110 = VECTOR('',#5111,1.);
#5111 = DIRECTION('',(0.707106781187,-4.923900502736E-15,-0.707106781187
    ));
#5112 = PCURVE('',#5080,#5113);
#5113 = DEFINITIONAL_REPRESENTATION('',(#5114),#5118);
#5114 = LINE('',#5115,#5116);
#5115 = CARTESIAN_POINT('',(0.,1.));
#5116 = VECTOR('',#5117,1.);
#5117 = DIRECTION('',(-1.,0.));
#5118 = ( GEOMETRIC_REPRESENTATION_CONTEXT(2) 
PARAMETRIC_REPRESENTATION_CONTEXT() REPRESENTATION_CONTEXT('2D SPACE',''
  ) );
#5119 = PCURVE('',#5120,#5125);
#5120 = PLANE('',#5121);
#5121 = AXIS2_PLACEMENT_3D('',#5122,#5123,#5124);
#5122 = CARTESIAN_POINT('',(63.207106781186,199.,69.33850398933));
#5123 = DIRECTION('',(-0.5,0.707106781187,-0.5));
#5124 = DIRECTION('',(0.707106781187,-4.979411653967E-15,-0.707106781187
    ));
#5125 = DEFINITIONAL_REPRESENTATION('',(#5126),#5130);
#5126 = LINE('',#5127,#5128);
#5127 = CARTESIAN_POINT('',(-69.29646455628,1.414213562373));
#5128 = VECTOR('',#5129,1.);
#5129 = DIRECTION('',(1.,-1.110223024625E-16));
#5130 = ( GEOMETRIC_REPRESENTATION_CONTEXT(2) 
PARAMETRIC_REPRESENTATION_CONTEXT() REPRESENTATION_CONTEXT('2D SPACE',''
  ) );
#5131 = ORIENTED_EDGE('',*,*,#5132,.T.);
#5132 = EDGE_CURVE('',#5105,#5133,#5135,.T.);
#5133 = VERTEX_POINT('',#5134);
#5134 = CARTESIAN_POINT('',(13.5,195.,117.63139720814));
#5135 = SURFACE_CURVE('',#5136,(#5140,#5147),.PCURVE_S1.);
#5136 = LINE('',#5137,#5138);
#5137 = CARTESIAN_POINT('',(13.5,199.,117.63139720814));
#5138 = VECTOR('',#5139,1.);
#5139 = DIRECTION('',(5.318914247286E-16,-1.,7.495338295473E-15));
#5140 = PCURVE('',#5080,#5141);
#5141 = DEFINITIONAL_REPRESENTATION('',(#5142),#5146);
#5142 = LINE('',#5143,#5144);
#5143 = CARTESIAN_POINT('',(0.,0.));
#5144 = VECTOR('',#5145,1.);
#5145 = DIRECTION('',(0.,1.));
#5146 = ( GEOMETRIC_REPRESENTATION_CONTEXT(2) 
PARAMETRIC_REPRESENTATION_CONTEXT() REPRESENTATION_CONTEXT('2D SPACE',''
  ) );
#5147 = PCURVE('',#5148,#5153);
#5148 = PLANE('',#5149);
#5149 = AXIS2_PLACEMENT_3D('',#5150,#5151,#5152);
#5150 = CARTESIAN_POINT('',(13.5,219.80865204668,117.63139720814));
#5151 = DIRECTION('',(1.,5.318914247286E-16,4.620486999543E-16));
#5152 = DIRECTION('',(-4.620486999543E-16,7.495338295473E-15,1.));
#5153 = DEFINITIONAL_REPRESENTATION('',(#5154),#5158);
#5154 = LINE('',#5155,#5156);
#5155 = CARTESIAN_POINT('',(0.,20.808652046685));
#5156 = VECTOR('',#5157,1.);
#5157 = DIRECTION('',(0.,1.));
#5158 = ( GEOMETRIC_REPRESENTATION_CONTEXT(2) 
PARAMETRIC_REPRESENTATION_CONTEXT() REPRESENTATION_CONTEXT('2D SPACE',''
  ) );
#5159 = ORIENTED_EDGE('',*,*,#5160,.T.);
#5160 = EDGE_CURVE('',#5133,#5070,#5161,.T.);
#5161 = SURFACE_CURVE('',#5162,(#5166,#5173),.PCURVE_S1.);
#5162 = LINE('',#5163,#5164);
#5163 = CARTESIAN_POINT('',(13.5,195.,117.63139720814));
#5164 = VECTOR('',#5165,1.);
#5165 = DIRECTION('',(-0.707106781187,4.923900502736E-15,0.707106781187)
  );
#5166 = PCURVE('',#5080,#5167);
#5167 = DEFINITIONAL_REPRESENTATION('',(#5168),#5172);
#5168 = LINE('',#5169,#5170);
#5169 = CARTESIAN_POINT('',(0.,4.));
#5170 = VECTOR('',#5171,1.);
#5171 = DIRECTION('',(1.,0.));
#5172 = ( GEOMETRIC_REPRESENTATION_CONTEXT(2) 
PARAMETRIC_REPRESENTATION_CONTEXT() REPRESENTATION_CONTEXT('2D SPACE',''
  ) );
#5173 = PCURVE('',#5174,#5179);
#5174 = PLANE('',#5175);
#5175 = AXIS2_PLACEMENT_3D('',#5176,#5177,#5178);
#5176 = CARTESIAN_POINT('',(41.5,195.,47.631397208143));
#5177 = DIRECTION('',(-5.318914247286E-16,1.,-7.495338295473E-15));
#5178 = DIRECTION('',(-6.661338147751E-16,7.495338295473E-15,1.));
#5179 = DEFINITIONAL_REPRESENTATION('',(#5180),#5184);
#5180 = LINE('',#5181,#5182);
#5181 = CARTESIAN_POINT('',(70.,-28.));
#5182 = VECTOR('',#5183,1.);
#5183 = DIRECTION('',(0.707106781187,-0.707106781187));
#5184 = ( GEOMETRIC_REPRESENTATION_CONTEXT(2) 
PARAMETRIC_REPRESENTATION_CONTEXT() REPRESENTATION_CONTEXT('2D SPACE',''
  ) );
#5185 = ADVANCED_FACE('',(#5186),#1201,.F.);
#5186 = FACE_BOUND('',#5187,.F.);
#5187 = EDGE_LOOP('',(#5188,#5214,#5215,#5241,#5242,#5270,#5293,#5319,
    #5320,#5348,#5371,#5397));
#5188 = ORIENTED_EDGE('',*,*,#5189,.F.);
#5189 = EDGE_CURVE('',#3006,#3029,#5190,.T.);
#5190 = SURFACE_CURVE('',#5191,(#5196,#5203),.PCURVE_S1.);
#5191 = CIRCLE('',#5192,11.25);
#5192 = AXIS2_PLACEMENT_3D('',#5193,#5194,#5195);
#5193 = CARTESIAN_POINT('',(-9.947598300641E-14,176.,157.63139720814));
#5194 = DIRECTION('',(6.661338147751E-16,-7.495338295473E-15,-1.));
#5195 = DIRECTION('',(-5.318914247286E-16,1.,-7.495338295473E-15));
#5196 = PCURVE('',#1201,#5197);
#5197 = DEFINITIONAL_REPRESENTATION('',(#5198),#5202);
#5198 = LINE('',#5199,#5200);
#5199 = CARTESIAN_POINT('',(0.,6.));
#5200 = VECTOR('',#5201,1.);
#5201 = DIRECTION('',(1.,0.));
#5202 = ( GEOMETRIC_REPRESENTATION_CONTEXT(2) 
PARAMETRIC_REPRESENTATION_CONTEXT() REPRESENTATION_CONTEXT('2D SPACE',''
  ) );
#5203 = PCURVE('',#2499,#5204);
#5204 = DEFINITIONAL_REPRESENTATION('',(#5205),#5213);
#5205 = ( BOUNDED_CURVE() B_SPLINE_CURVE(2,(#5206,#5207,#5208,#5209,
#5210,#5211,#5212),.UNSPECIFIED.,.T.,.F.) B_SPLINE_CURVE_WITH_KNOTS((1,2
    ,2,2,2,1),(-2.094395102393,0.,2.094395102393,4.188790204786,
6.28318530718,8.377580409573),.UNSPECIFIED.) CURVE() 
GEOMETRIC_REPRESENTATION_ITEM() RATIONAL_B_SPLINE_CURVE((1.,0.5,1.,0.5,
1.,0.5,1.)) REPRESENTATION_ITEM('') );
#5206 = CARTESIAN_POINT('',(7.75,20.5));
#5207 = CARTESIAN_POINT('',(7.75,39.98557158515));
#5208 = CARTESIAN_POINT('',(24.625,30.242785792575));
#5209 = CARTESIAN_POINT('',(41.5,20.5));
#5210 = CARTESIAN_POINT('',(24.625,10.757214207425));
#5211 = CARTESIAN_POINT('',(7.75,1.01442841485));
#5212 = CARTESIAN_POINT('',(7.75,20.5));
#5213 = ( GEOMETRIC_REPRESENTATION_CONTEXT(2) 
PARAMETRIC_REPRESENTATION_CONTEXT() REPRESENTATION_CONTEXT('2D SPACE',''
  ) );
#5214 = ORIENTED_EDGE('',*,*,#3005,.F.);
#5215 = ORIENTED_EDGE('',*,*,#5216,.T.);
#5216 = EDGE_CURVE('',#2978,#2004,#5217,.T.);
#5217 = SURFACE_CURVE('',#5218,(#5223,#5230),.PCURVE_S1.);
#5218 = CIRCLE('',#5219,11.25);
#5219 = AXIS2_PLACEMENT_3D('',#5220,#5221,#5222);
#5220 = CARTESIAN_POINT('',(-1.06581410364E-13,176.,161.13139720814));
#5221 = DIRECTION('',(6.661338147751E-16,-7.495338295473E-15,-1.));
#5222 = DIRECTION('',(5.318914247286E-16,-1.,7.495338295473E-15));
#5223 = PCURVE('',#1201,#5224);
#5224 = DEFINITIONAL_REPRESENTATION('',(#5225),#5229);
#5225 = LINE('',#5226,#5227);
#5226 = CARTESIAN_POINT('',(-3.14159265359,2.5));
#5227 = VECTOR('',#5228,1.);
#5228 = DIRECTION('',(1.,0.));
#5229 = ( GEOMETRIC_REPRESENTATION_CONTEXT(2) 
PARAMETRIC_REPRESENTATION_CONTEXT() REPRESENTATION_CONTEXT('2D SPACE',''
  ) );
#5230 = PCURVE('',#2048,#5231);
#5231 = DEFINITIONAL_REPRESENTATION('',(#5232),#5240);
#5232 = ( BOUNDED_CURVE() B_SPLINE_CURVE(2,(#5233,#5234,#5235,#5236,
#5237,#5238,#5239),.UNSPECIFIED.,.T.,.F.) B_SPLINE_CURVE_WITH_KNOTS((1,2
    ,2,2,2,1),(-2.094395102393,0.,2.094395102393,4.188790204786,
6.28318530718,8.377580409573),.UNSPECIFIED.) CURVE() 
GEOMETRIC_REPRESENTATION_ITEM() RATIONAL_B_SPLINE_CURVE((1.,0.5,1.,0.5,
1.,0.5,1.)) REPRESENTATION_ITEM('') );
#5233 = CARTESIAN_POINT('',(11.25,0.));
#5234 = CARTESIAN_POINT('',(11.25,-19.48557158515));
#5235 = CARTESIAN_POINT('',(-5.625,-9.742785792575));
#5236 = CARTESIAN_POINT('',(-22.5,-2.755455298082E-15));
#5237 = CARTESIAN_POINT('',(-5.625,9.742785792575));
#5238 = CARTESIAN_POINT('',(11.25,19.48557158515));
#5239 = CARTESIAN_POINT('',(11.25,0.));
#5240 = ( GEOMETRIC_REPRESENTATION_CONTEXT(2) 
PARAMETRIC_REPRESENTATION_CONTEXT() REPRESENTATION_CONTEXT('2D SPACE',''
  ) );
#5241 = ORIENTED_EDGE('',*,*,#2001,.F.);
#5242 = ORIENTED_EDGE('',*,*,#5243,.T.);
#5243 = EDGE_CURVE('',#2002,#5244,#5246,.T.);
#5244 = VERTEX_POINT('',#5245);
#5245 = CARTESIAN_POINT('',(8.808773020685,182.99771518926,
    159.93139720814));
#5246 = SURFACE_CURVE('',#5247,(#5252,#5259),.PCURVE_S1.);
#5247 = CIRCLE('',#5248,11.25);
#5248 = AXIS2_PLACEMENT_3D('',#5249,#5250,#5251);
#5249 = CARTESIAN_POINT('',(-1.06581410364E-13,176.,159.93139720814));
#5250 = DIRECTION('',(6.661338147751E-16,-7.495338295473E-15,-1.));
#5251 = DIRECTION('',(5.318914247286E-16,-1.,7.495338295473E-15));
#5252 = PCURVE('',#1201,#5253);
#5253 = DEFINITIONAL_REPRESENTATION('',(#5254),#5258);
#5254 = LINE('',#5255,#5256);
#5255 = CARTESIAN_POINT('',(-3.14159265359,3.7));
#5256 = VECTOR('',#5257,1.);
#5257 = DIRECTION('',(1.,0.));
#5258 = ( GEOMETRIC_REPRESENTATION_CONTEXT(2) 
PARAMETRIC_REPRESENTATION_CONTEXT() REPRESENTATION_CONTEXT('2D SPACE',''
  ) );
#5259 = PCURVE('',#2163,#5260);
#5260 = DEFINITIONAL_REPRESENTATION('',(#5261),#5269);
#5261 = ( BOUNDED_CURVE() B_SPLINE_CURVE(2,(#5262,#5263,#5264,#5265,
#5266,#5267,#5268),.UNSPECIFIED.,.T.,.F.) B_SPLINE_CURVE_WITH_KNOTS((1,2
    ,2,2,2,1),(-2.094395102393,0.,2.094395102393,4.188790204786,
6.28318530718,8.377580409573),.UNSPECIFIED.) CURVE() 
GEOMETRIC_REPRESENTATION_ITEM() RATIONAL_B_SPLINE_CURVE((1.,0.5,1.,0.5,
1.,0.5,1.)) REPRESENTATION_ITEM('') );
#5262 = CARTESIAN_POINT('',(21.149494936612,-9.899494936612));
#5263 = CARTESIAN_POINT('',(21.149494936612,-29.38506652176));
#5264 = CARTESIAN_POINT('',(4.274494936612,-19.64228072918));
#5265 = CARTESIAN_POINT('',(-12.60050506338,-9.899494936612));
#5266 = CARTESIAN_POINT('',(4.274494936612,-0.156709144037));
#5267 = CARTESIAN_POINT('',(21.149494936612,9.586076648538));
#5268 = CARTESIAN_POINT('',(21.149494936612,-9.899494936612));
#5269 = ( GEOMETRIC_REPRESENTATION_CONTEXT(2) 
PARAMETRIC_REPRESENTATION_CONTEXT() REPRESENTATION_CONTEXT('2D SPACE',''
  ) );
#5270 = ORIENTED_EDGE('',*,*,#5271,.F.);
#5271 = EDGE_CURVE('',#5272,#5244,#5274,.T.);
#5272 = VERTEX_POINT('',#5273);
#5273 = CARTESIAN_POINT('',(8.808773020685,182.99771518926,
    161.13139720814));
#5274 = SURFACE_CURVE('',#5275,(#5279,#5286),.PCURVE_S1.);
#5275 = LINE('',#5276,#5277);
#5276 = CARTESIAN_POINT('',(8.808773020685,182.99771518926,
    161.78139720814));
#5277 = VECTOR('',#5278,1.);
#5278 = DIRECTION('',(6.661338147751E-16,-7.495338295473E-15,-1.));
#5279 = PCURVE('',#1201,#5280);
#5280 = DEFINITIONAL_REPRESENTATION('',(#5281),#5285);
#5281 = LINE('',#5282,#5283);
#5282 = CARTESIAN_POINT('',(0.899477555908,1.85));
#5283 = VECTOR('',#5284,1.);
#5284 = DIRECTION('',(0.,1.));
#5285 = ( GEOMETRIC_REPRESENTATION_CONTEXT(2) 
PARAMETRIC_REPRESENTATION_CONTEXT() REPRESENTATION_CONTEXT('2D SPACE',''
  ) );
#5286 = PCURVE('',#2273,#5287);
#5287 = DEFINITIONAL_REPRESENTATION('',(#5288),#5292);
#5288 = LINE('',#5289,#5290);
#5289 = CARTESIAN_POINT('',(5.923643068163,1.85));
#5290 = VECTOR('',#5291,1.);
#5291 = DIRECTION('',(0.,-1.));
#5292 = ( GEOMETRIC_REPRESENTATION_CONTEXT(2) 
PARAMETRIC_REPRESENTATION_CONTEXT() REPRESENTATION_CONTEXT('2D SPACE',''
  ) );
#5293 = ORIENTED_EDGE('',*,*,#5294,.T.);
#5294 = EDGE_CURVE('',#5272,#1181,#5295,.T.);
#5295 = SURFACE_CURVE('',#5296,(#5301,#5308),.PCURVE_S1.);
#5296 = CIRCLE('',#5297,11.25);
#5297 = AXIS2_PLACEMENT_3D('',#5298,#5299,#5300);
#5298 = CARTESIAN_POINT('',(-1.06581410364E-13,176.,161.13139720814));
#5299 = DIRECTION('',(6.661338147751E-16,-7.495338295473E-15,-1.));
#5300 = DIRECTION('',(-1.31848028298E-15,-1.,7.495338295473E-15));
#5301 = PCURVE('',#1201,#5302);
#5302 = DEFINITIONAL_REPRESENTATION('',(#5303),#5307);
#5303 = LINE('',#5304,#5305);
#5304 = CARTESIAN_POINT('',(-3.14159265359,2.5));
#5305 = VECTOR('',#5306,1.);
#5306 = DIRECTION('',(1.,0.));
#5307 = ( GEOMETRIC_REPRESENTATION_CONTEXT(2) 
PARAMETRIC_REPRESENTATION_CONTEXT() REPRESENTATION_CONTEXT('2D SPACE',''
  ) );
#5308 = PCURVE('',#1230,#5309);
#5309 = DEFINITIONAL_REPRESENTATION('',(#5310),#5318);
#5310 = ( BOUNDED_CURVE() B_SPLINE_CURVE(2,(#5311,#5312,#5313,#5314,
#5315,#5316,#5317),.UNSPECIFIED.,.T.,.F.) B_SPLINE_CURVE_WITH_KNOTS((1,2
    ,2,2,2,1),(-2.094395102393,0.,2.094395102393,4.188790204786,
6.28318530718,8.377580409573),.UNSPECIFIED.) CURVE() 
GEOMETRIC_REPRESENTATION_ITEM() RATIONAL_B_SPLINE_CURVE((1.,0.5,1.,0.5,
1.,0.5,1.)) REPRESENTATION_ITEM('') );
#5311 = CARTESIAN_POINT('',(11.25,-2.081668171172E-14));
#5312 = CARTESIAN_POINT('',(11.25,-19.48557158515));
#5313 = CARTESIAN_POINT('',(-5.625,-9.742785792575));
#5314 = CARTESIAN_POINT('',(-22.5,3.887790812536E-14));
#5315 = CARTESIAN_POINT('',(-5.625,9.742785792575));
#5316 = CARTESIAN_POINT('',(11.25,19.48557158515));
#5317 = CARTESIAN_POINT('',(11.25,-2.081668171172E-14));
#5318 = ( GEOMETRIC_REPRESENTATION_CONTEXT(2) 
PARAMETRIC_REPRESENTATION_CONTEXT() REPRESENTATION_CONTEXT('2D SPACE',''
  ) );
#5319 = ORIENTED_EDGE('',*,*,#1178,.F.);
#5320 = ORIENTED_EDGE('',*,*,#5321,.T.);
#5321 = EDGE_CURVE('',#1179,#5322,#5324,.T.);
#5322 = VERTEX_POINT('',#5323);
#5323 = CARTESIAN_POINT('',(6.997715189264,167.19122697931,
    159.93139720814));
#5324 = SURFACE_CURVE('',#5325,(#5330,#5337),.PCURVE_S1.);
#5325 = CIRCLE('',#5326,11.25);
#5326 = AXIS2_PLACEMENT_3D('',#5327,#5328,#5329);
#5327 = CARTESIAN_POINT('',(-1.06581410364E-13,176.,159.93139720814));
#5328 = DIRECTION('',(6.661338147751E-16,-7.495338295473E-15,-1.));
#5329 = DIRECTION('',(6.083006547854E-15,-1.,7.495338295473E-15));
#5330 = PCURVE('',#1201,#5331);
#5331 = DEFINITIONAL_REPRESENTATION('',(#5332),#5336);
#5332 = LINE('',#5333,#5334);
#5333 = CARTESIAN_POINT('',(-3.14159265359,3.7));
#5334 = VECTOR('',#5335,1.);
#5335 = DIRECTION('',(1.,0.));
#5336 = ( GEOMETRIC_REPRESENTATION_CONTEXT(2) 
PARAMETRIC_REPRESENTATION_CONTEXT() REPRESENTATION_CONTEXT('2D SPACE',''
  ) );
#5337 = PCURVE('',#1289,#5338);
#5338 = DEFINITIONAL_REPRESENTATION('',(#5339),#5347);
#5339 = ( BOUNDED_CURVE() B_SPLINE_CURVE(2,(#5340,#5341,#5342,#5343,
#5344,#5345,#5346),.UNSPECIFIED.,.T.,.F.) B_SPLINE_CURVE_WITH_KNOTS((1,2
    ,2,2,2,1),(-2.094395102393,0.,2.094395102393,4.188790204786,
6.28318530718,8.377580409573),.UNSPECIFIED.) CURVE() 
GEOMETRIC_REPRESENTATION_ITEM() RATIONAL_B_SPLINE_CURVE((1.,0.5,1.,0.5,
1.,0.5,1.)) REPRESENTATION_ITEM('') );
#5340 = CARTESIAN_POINT('',(1.350505063388,-9.899494936612));
#5341 = CARTESIAN_POINT('',(1.350505063388,-29.38506652176));
#5342 = CARTESIAN_POINT('',(-15.52449493661,-19.64228072918));
#5343 = CARTESIAN_POINT('',(-32.39949493661,-9.899494936612));
#5344 = CARTESIAN_POINT('',(-15.52449493661,-0.156709144037));
#5345 = CARTESIAN_POINT('',(1.350505063388,9.586076648538));
#5346 = CARTESIAN_POINT('',(1.350505063388,-9.899494936612));
#5347 = ( GEOMETRIC_REPRESENTATION_CONTEXT(2) 
PARAMETRIC_REPRESENTATION_CONTEXT() REPRESENTATION_CONTEXT('2D SPACE',''
  ) );
#5348 = ORIENTED_EDGE('',*,*,#5349,.F.);
#5349 = EDGE_CURVE('',#5350,#5322,#5352,.T.);
#5350 = VERTEX_POINT('',#5351);
#5351 = CARTESIAN_POINT('',(6.997715189264,167.19122697931,
    161.13139720814));
#5352 = SURFACE_CURVE('',#5353,(#5357,#5364),.PCURVE_S1.);
#5353 = LINE('',#5354,#5355);
#5354 = CARTESIAN_POINT('',(6.997715189264,167.19122697931,
    161.78139720814));
#5355 = VECTOR('',#5356,1.);
#5356 = DIRECTION('',(6.661338147751E-16,-7.495338295473E-15,-1.));
#5357 = PCURVE('',#1201,#5358);
#5358 = DEFINITIONAL_REPRESENTATION('',(#5359),#5363);
#5359 = LINE('',#5360,#5361);
#5360 = CARTESIAN_POINT('',(2.470273882703,1.85));
#5361 = VECTOR('',#5362,1.);
#5362 = DIRECTION('',(0.,1.));
#5363 = ( GEOMETRIC_REPRESENTATION_CONTEXT(2) 
PARAMETRIC_REPRESENTATION_CONTEXT() REPRESENTATION_CONTEXT('2D SPACE',''
  ) );
#5364 = PCURVE('',#1075,#5365);
#5365 = DEFINITIONAL_REPRESENTATION('',(#5366),#5370);
#5366 = LINE('',#5367,#5368);
#5367 = CARTESIAN_POINT('',(4.352846741368,1.85));
#5368 = VECTOR('',#5369,1.);
#5369 = DIRECTION('',(0.,-1.));
#5370 = ( GEOMETRIC_REPRESENTATION_CONTEXT(2) 
PARAMETRIC_REPRESENTATION_CONTEXT() REPRESENTATION_CONTEXT('2D SPACE',''
  ) );
#5371 = ORIENTED_EDGE('',*,*,#5372,.T.);
#5372 = EDGE_CURVE('',#5350,#3057,#5373,.T.);
#5373 = SURFACE_CURVE('',#5374,(#5379,#5386),.PCURVE_S1.);
#5374 = CIRCLE('',#5375,11.25);
#5375 = AXIS2_PLACEMENT_3D('',#5376,#5377,#5378);
#5376 = CARTESIAN_POINT('',(-1.06581410364E-13,176.,161.13139720814));
#5377 = DIRECTION('',(6.661338147751E-16,-7.495338295473E-15,-1.));
#5378 = DIRECTION('',(5.318914247286E-16,-1.,7.495338295473E-15));
#5379 = PCURVE('',#1201,#5380);
#5380 = DEFINITIONAL_REPRESENTATION('',(#5381),#5385);
#5381 = LINE('',#5382,#5383);
#5382 = CARTESIAN_POINT('',(-3.14159265359,2.5));
#5383 = VECTOR('',#5384,1.);
#5384 = DIRECTION('',(1.,0.));
#5385 = ( GEOMETRIC_REPRESENTATION_CONTEXT(2) 
PARAMETRIC_REPRESENTATION_CONTEXT() REPRESENTATION_CONTEXT('2D SPACE',''
  ) );
#5386 = PCURVE('',#1163,#5387);
#5387 = DEFINITIONAL_REPRESENTATION('',(#5388),#5396);
#5388 = ( BOUNDED_CURVE() B_SPLINE_CURVE(2,(#5389,#5390,#5391,#5392,
#5393,#5394,#5395),.UNSPECIFIED.,.T.,.F.) B_SPLINE_CURVE_WITH_KNOTS((1,2
    ,2,2,2,1),(-2.094395102393,0.,2.094395102393,4.188790204786,
6.28318530718,8.377580409573),.UNSPECIFIED.) CURVE() 
GEOMETRIC_REPRESENTATION_ITEM() RATIONAL_B_SPLINE_CURVE((1.,0.5,1.,0.5,
1.,0.5,1.)) REPRESENTATION_ITEM('') );
#5389 = CARTESIAN_POINT('',(11.25,0.));
#5390 = CARTESIAN_POINT('',(11.25,-19.48557158515));
#5391 = CARTESIAN_POINT('',(-5.625,-9.742785792575));
#5392 = CARTESIAN_POINT('',(-22.5,-2.755455298082E-15));
#5393 = CARTESIAN_POINT('',(-5.625,9.742785792575));
#5394 = CARTESIAN_POINT('',(11.25,19.48557158515));
#5395 = CARTESIAN_POINT('',(11.25,0.));
#5396 = ( GEOMETRIC_REPRESENTATION_CONTEXT(2) 
PARAMETRIC_REPRESENTATION_CONTEXT() REPRESENTATION_CONTEXT('2D SPACE',''
  ) );
#5397 = ORIENTED_EDGE('',*,*,#3056,.T.);
#5398 = ADVANCED_FACE('',(#5399),#2759,.F.);
#5399 = FACE_BOUND('',#5400,.F.);
#5400 = EDGE_LOOP('',(#5401,#5427,#5428,#5450));
#5401 = ORIENTED_EDGE('',*,*,#5402,.T.);
#5402 = EDGE_CURVE('',#2772,#2739,#5403,.T.);
#5403 = SURFACE_CURVE('',#5404,(#5409,#5416),.PCURVE_S1.);
#5404 = CIRCLE('',#5405,1.6);
#5405 = AXIS2_PLACEMENT_3D('',#5406,#5407,#5408);
#5406 = CARTESIAN_POINT('',(9.899494936612,166.10050506339,
    159.93139720814));
#5407 = DIRECTION('',(6.661338147751E-16,-7.495338295473E-15,-1.));
#5408 = DIRECTION('',(5.318914247286E-16,-1.,7.495338295473E-15));
#5409 = PCURVE('',#2759,#5410);
#5410 = DEFINITIONAL_REPRESENTATION('',(#5411),#5415);
#5411 = LINE('',#5412,#5413);
#5412 = CARTESIAN_POINT('',(6.28318530718,131.3));
#5413 = VECTOR('',#5414,1.);
#5414 = DIRECTION('',(-1.,0.));
#5415 = ( GEOMETRIC_REPRESENTATION_CONTEXT(2) 
PARAMETRIC_REPRESENTATION_CONTEXT() REPRESENTATION_CONTEXT('2D SPACE',''
  ) );
#5416 = PCURVE('',#1289,#5417);
#5417 = DEFINITIONAL_REPRESENTATION('',(#5418),#5426);
#5418 = ( BOUNDED_CURVE() B_SPLINE_CURVE(2,(#5419,#5420,#5421,#5422,
#5423,#5424,#5425),.UNSPECIFIED.,.T.,.F.) B_SPLINE_CURVE_WITH_KNOTS((1,2
    ,2,2,2,1),(-2.094395102393,0.,2.094395102393,4.188790204786,
6.28318530718,8.377580409573),.UNSPECIFIED.) CURVE() 
GEOMETRIC_REPRESENTATION_ITEM() RATIONAL_B_SPLINE_CURVE((1.,0.5,1.,0.5,
1.,0.5,1.)) REPRESENTATION_ITEM('') );
#5419 = CARTESIAN_POINT('',(1.6,-1.06581410364E-14));
#5420 = CARTESIAN_POINT('',(1.6,-2.77128129211));
#5421 = CARTESIAN_POINT('',(-0.8,-1.385640646055));
#5422 = CARTESIAN_POINT('',(-3.2,-1.105002801213E-14));
#5423 = CARTESIAN_POINT('',(-0.8,1.385640646055));
#5424 = CARTESIAN_POINT('',(1.6,2.77128129211));
#5425 = CARTESIAN_POINT('',(1.6,-1.06581410364E-14));
#5426 = ( GEOMETRIC_REPRESENTATION_CONTEXT(2) 
PARAMETRIC_REPRESENTATION_CONTEXT() REPRESENTATION_CONTEXT('2D SPACE',''
  ) );
#5427 = ORIENTED_EDGE('',*,*,#2736,.F.);
#5428 = ORIENTED_EDGE('',*,*,#5429,.T.);
#5429 = EDGE_CURVE('',#2737,#2800,#5430,.T.);
#5430 = SURFACE_CURVE('',#5431,(#5436,#5443),.PCURVE_S1.);
#5431 = CIRCLE('',#5432,1.6);
#5432 = AXIS2_PLACEMENT_3D('',#5433,#5434,#5435);
#5433 = CARTESIAN_POINT('',(9.899494936612,166.10050506339,
    157.63139720814));
#5434 = DIRECTION('',(-6.661338147751E-16,7.495338295473E-15,1.));
#5435 = DIRECTION('',(5.318914247286E-16,-1.,7.495338295473E-15));
#5436 = PCURVE('',#2759,#5437);
#5437 = DEFINITIONAL_REPRESENTATION('',(#5438),#5442);
#5438 = LINE('',#5439,#5440);
#5439 = CARTESIAN_POINT('',(0.,129.));
#5440 = VECTOR('',#5441,1.);
#5441 = DIRECTION('',(1.,0.));
#5442 = ( GEOMETRIC_REPRESENTATION_CONTEXT(2) 
PARAMETRIC_REPRESENTATION_CONTEXT() REPRESENTATION_CONTEXT('2D SPACE',''
  ) );
#5443 = PCURVE('',#2499,#5444);
#5444 = DEFINITIONAL_REPRESENTATION('',(#5445),#5449);
#5445 = CIRCLE('',#5446,1.6);
#5446 = AXIS2_PLACEMENT_2D('',#5447,#5448);
#5447 = CARTESIAN_POINT('',(28.899494936612,30.399494936612));
#5448 = DIRECTION('',(1.,0.));
#5449 = ( GEOMETRIC_REPRESENTATION_CONTEXT(2) 
PARAMETRIC_REPRESENTATION_CONTEXT() REPRESENTATION_CONTEXT('2D SPACE',''
  ) );
#5450 = ORIENTED_EDGE('',*,*,#2799,.T.);
#5451 = ADVANCED_FACE('',(#5452),#2648,.F.);
#5452 = FACE_BOUND('',#5453,.F.);
#5453 = EDGE_LOOP('',(#5454,#5480,#5481,#5503));
#5454 = ORIENTED_EDGE('',*,*,#5455,.T.);
#5455 = EDGE_CURVE('',#2661,#2628,#5456,.T.);
#5456 = SURFACE_CURVE('',#5457,(#5462,#5469),.PCURVE_S1.);
#5457 = CIRCLE('',#5458,1.6);
#5458 = AXIS2_PLACEMENT_3D('',#5459,#5460,#5461);
#5459 = CARTESIAN_POINT('',(-9.899494936612,166.10050506339,
    159.93139720814));
#5460 = DIRECTION('',(6.661338147751E-16,-7.495338295473E-15,-1.));
#5461 = DIRECTION('',(5.318914247286E-16,-1.,7.495338295473E-15));
#5462 = PCURVE('',#2648,#5463);
#5463 = DEFINITIONAL_REPRESENTATION('',(#5464),#5468);
#5464 = LINE('',#5465,#5466);
#5465 = CARTESIAN_POINT('',(6.28318530718,131.3));
#5466 = VECTOR('',#5467,1.);
#5467 = DIRECTION('',(-1.,0.));
#5468 = ( GEOMETRIC_REPRESENTATION_CONTEXT(2) 
PARAMETRIC_REPRESENTATION_CONTEXT() REPRESENTATION_CONTEXT('2D SPACE',''
  ) );
#5469 = PCURVE('',#1604,#5470);
#5470 = DEFINITIONAL_REPRESENTATION('',(#5471),#5479);
#5471 = ( BOUNDED_CURVE() B_SPLINE_CURVE(2,(#5472,#5473,#5474,#5475,
#5476,#5477,#5478),.UNSPECIFIED.,.T.,.F.) B_SPLINE_CURVE_WITH_KNOTS((1,2
    ,2,2,2,1),(-2.094395102393,0.,2.094395102393,4.188790204786,
6.28318530718,8.377580409573),.UNSPECIFIED.) CURVE() 
GEOMETRIC_REPRESENTATION_ITEM() RATIONAL_B_SPLINE_CURVE((1.,0.5,1.,0.5,
1.,0.5,1.)) REPRESENTATION_ITEM('') );
#5472 = CARTESIAN_POINT('',(1.6,0.));
#5473 = CARTESIAN_POINT('',(1.6,-2.77128129211));
#5474 = CARTESIAN_POINT('',(-0.8,-1.385640646055));
#5475 = CARTESIAN_POINT('',(-3.2,-3.918869757272E-16));
#5476 = CARTESIAN_POINT('',(-0.8,1.385640646055));
#5477 = CARTESIAN_POINT('',(1.6,2.77128129211));
#5478 = CARTESIAN_POINT('',(1.6,0.));
#5479 = ( GEOMETRIC_REPRESENTATION_CONTEXT(2) 
PARAMETRIC_REPRESENTATION_CONTEXT() REPRESENTATION_CONTEXT('2D SPACE',''
  ) );
#5480 = ORIENTED_EDGE('',*,*,#2625,.F.);
#5481 = ORIENTED_EDGE('',*,*,#5482,.T.);
#5482 = EDGE_CURVE('',#2626,#2689,#5483,.T.);
#5483 = SURFACE_CURVE('',#5484,(#5489,#5496),.PCURVE_S1.);
#5484 = CIRCLE('',#5485,1.6);
#5485 = AXIS2_PLACEMENT_3D('',#5486,#5487,#5488);
#5486 = CARTESIAN_POINT('',(-9.899494936612,166.10050506339,
    157.63139720814));
#5487 = DIRECTION('',(-6.661338147751E-16,7.495338295473E-15,1.));
#5488 = DIRECTION('',(5.318914247286E-16,-1.,7.495338295473E-15));
#5489 = PCURVE('',#2648,#5490);
#5490 = DEFINITIONAL_REPRESENTATION('',(#5491),#5495);
#5491 = LINE('',#5492,#5493);
#5492 = CARTESIAN_POINT('',(0.,129.));
#5493 = VECTOR('',#5494,1.);
#5494 = DIRECTION('',(1.,0.));
#5495 = ( GEOMETRIC_REPRESENTATION_CONTEXT(2) 
PARAMETRIC_REPRESENTATION_CONTEXT() REPRESENTATION_CONTEXT('2D SPACE',''
  ) );
#5496 = PCURVE('',#2499,#5497);
#5497 = DEFINITIONAL_REPRESENTATION('',(#5498),#5502);
#5498 = CIRCLE('',#5499,1.6);
#5499 = AXIS2_PLACEMENT_2D('',#5500,#5501);
#5500 = CARTESIAN_POINT('',(28.899494936612,10.600505063388));
#5501 = DIRECTION('',(1.,0.));
#5502 = ( GEOMETRIC_REPRESENTATION_CONTEXT(2) 
PARAMETRIC_REPRESENTATION_CONTEXT() REPRESENTATION_CONTEXT('2D SPACE',''
  ) );
#5503 = ORIENTED_EDGE('',*,*,#2688,.T.);
#5504 = ADVANCED_FACE('',(#5505),#2537,.F.);
#5505 = FACE_BOUND('',#5506,.F.);
#5506 = EDGE_LOOP('',(#5507,#5533,#5534,#5556));
#5507 = ORIENTED_EDGE('',*,*,#5508,.T.);
#5508 = EDGE_CURVE('',#2550,#2517,#5509,.T.);
#5509 = SURFACE_CURVE('',#5510,(#5515,#5522),.PCURVE_S1.);
#5510 = CIRCLE('',#5511,1.6);
#5511 = AXIS2_PLACEMENT_3D('',#5512,#5513,#5514);
#5512 = CARTESIAN_POINT('',(-9.899494936612,185.89949493661,
    159.93139720814));
#5513 = DIRECTION('',(6.661338147751E-16,-7.495338295473E-15,-1.));
#5514 = DIRECTION('',(5.318914247286E-16,-1.,7.495338295473E-15));
#5515 = PCURVE('',#2537,#5516);
#5516 = DEFINITIONAL_REPRESENTATION('',(#5517),#5521);
#5517 = LINE('',#5518,#5519);
#5518 = CARTESIAN_POINT('',(6.28318530718,131.3));
#5519 = VECTOR('',#5520,1.);
#5520 = DIRECTION('',(-1.,0.));
#5521 = ( GEOMETRIC_REPRESENTATION_CONTEXT(2) 
PARAMETRIC_REPRESENTATION_CONTEXT() REPRESENTATION_CONTEXT('2D SPACE',''
  ) );
#5522 = PCURVE('',#1909,#5523);
#5523 = DEFINITIONAL_REPRESENTATION('',(#5524),#5532);
#5524 = ( BOUNDED_CURVE() B_SPLINE_CURVE(2,(#5525,#5526,#5527,#5528,
#5529,#5530,#5531),.UNSPECIFIED.,.T.,.F.) B_SPLINE_CURVE_WITH_KNOTS((1,2
    ,2,2,2,1),(-2.094395102393,0.,2.094395102393,4.188790204786,
6.28318530718,8.377580409573),.UNSPECIFIED.) CURVE() 
GEOMETRIC_REPRESENTATION_ITEM() RATIONAL_B_SPLINE_CURVE((1.,0.5,1.,0.5,
1.,0.5,1.)) REPRESENTATION_ITEM('') );
#5525 = CARTESIAN_POINT('',(1.6,0.));
#5526 = CARTESIAN_POINT('',(1.6,-2.77128129211));
#5527 = CARTESIAN_POINT('',(-0.8,-1.385640646055));
#5528 = CARTESIAN_POINT('',(-3.2,-3.918869757272E-16));
#5529 = CARTESIAN_POINT('',(-0.8,1.385640646055));
#5530 = CARTESIAN_POINT('',(1.6,2.77128129211));
#5531 = CARTESIAN_POINT('',(1.6,0.));
#5532 = ( GEOMETRIC_REPRESENTATION_CONTEXT(2) 
PARAMETRIC_REPRESENTATION_CONTEXT() REPRESENTATION_CONTEXT('2D SPACE',''
  ) );
#5533 = ORIENTED_EDGE('',*,*,#2514,.F.);
#5534 = ORIENTED_EDGE('',*,*,#5535,.T.);
#5535 = EDGE_CURVE('',#2515,#2578,#5536,.T.);
#5536 = SURFACE_CURVE('',#5537,(#5542,#5549),.PCURVE_S1.);
#5537 = CIRCLE('',#5538,1.6);
#5538 = AXIS2_PLACEMENT_3D('',#5539,#5540,#5541);
#5539 = CARTESIAN_POINT('',(-9.899494936612,185.89949493661,
    157.63139720814));
#5540 = DIRECTION('',(-6.661338147751E-16,7.495338295473E-15,1.));
#5541 = DIRECTION('',(5.318914247286E-16,-1.,7.495338295473E-15));
#5542 = PCURVE('',#2537,#5543);
#5543 = DEFINITIONAL_REPRESENTATION('',(#5544),#5548);
#5544 = LINE('',#5545,#5546);
#5545 = CARTESIAN_POINT('',(0.,129.));
#5546 = VECTOR('',#5547,1.);
#5547 = DIRECTION('',(1.,0.));
#5548 = ( GEOMETRIC_REPRESENTATION_CONTEXT(2) 
PARAMETRIC_REPRESENTATION_CONTEXT() REPRESENTATION_CONTEXT('2D SPACE',''
  ) );
#5549 = PCURVE('',#2499,#5550);
#5550 = DEFINITIONAL_REPRESENTATION('',(#5551),#5555);
#5551 = CIRCLE('',#5552,1.6);
#5552 = AXIS2_PLACEMENT_2D('',#5553,#5554);
#5553 = CARTESIAN_POINT('',(9.100505063388,10.600505063388));
#5554 = DIRECTION('',(1.,0.));
#5555 = ( GEOMETRIC_REPRESENTATION_CONTEXT(2) 
PARAMETRIC_REPRESENTATION_CONTEXT() REPRESENTATION_CONTEXT('2D SPACE',''
  ) );
#5556 = ORIENTED_EDGE('',*,*,#2577,.T.);
#5557 = ADVANCED_FACE('',(#5558),#2421,.F.);
#5558 = FACE_BOUND('',#5559,.F.);
#5559 = EDGE_LOOP('',(#5560,#5586,#5587,#5609));
#5560 = ORIENTED_EDGE('',*,*,#5561,.T.);
#5561 = EDGE_CURVE('',#2434,#2401,#5562,.T.);
#5562 = SURFACE_CURVE('',#5563,(#5568,#5575),.PCURVE_S1.);
#5563 = CIRCLE('',#5564,1.6);
#5564 = AXIS2_PLACEMENT_3D('',#5565,#5566,#5567);
#5565 = CARTESIAN_POINT('',(9.899494936612,185.89949493661,
    159.93139720814));
#5566 = DIRECTION('',(6.661338147751E-16,-7.495338295473E-15,-1.));
#5567 = DIRECTION('',(5.318914247286E-16,-1.,7.495338295473E-15));
#5568 = PCURVE('',#2421,#5569);
#5569 = DEFINITIONAL_REPRESENTATION('',(#5570),#5574);
#5570 = LINE('',#5571,#5572);
#5571 = CARTESIAN_POINT('',(6.28318530718,131.3));
#5572 = VECTOR('',#5573,1.);
#5573 = DIRECTION('',(-1.,0.));
#5574 = ( GEOMETRIC_REPRESENTATION_CONTEXT(2) 
PARAMETRIC_REPRESENTATION_CONTEXT() REPRESENTATION_CONTEXT('2D SPACE',''
  ) );
#5575 = PCURVE('',#2163,#5576);
#5576 = DEFINITIONAL_REPRESENTATION('',(#5577),#5585);
#5577 = ( BOUNDED_CURVE() B_SPLINE_CURVE(2,(#5578,#5579,#5580,#5581,
#5582,#5583,#5584),.UNSPECIFIED.,.T.,.F.) B_SPLINE_CURVE_WITH_KNOTS((1,2
    ,2,2,2,1),(-2.094395102393,0.,2.094395102393,4.188790204786,
6.28318530718,8.377580409573),.UNSPECIFIED.) CURVE() 
GEOMETRIC_REPRESENTATION_ITEM() RATIONAL_B_SPLINE_CURVE((1.,0.5,1.,0.5,
1.,0.5,1.)) REPRESENTATION_ITEM('') );
#5578 = CARTESIAN_POINT('',(1.6,0.));
#5579 = CARTESIAN_POINT('',(1.6,-2.77128129211));
#5580 = CARTESIAN_POINT('',(-0.8,-1.385640646055));
#5581 = CARTESIAN_POINT('',(-3.2,-3.918869757272E-16));
#5582 = CARTESIAN_POINT('',(-0.8,1.385640646055));
#5583 = CARTESIAN_POINT('',(1.6,2.77128129211));
#5584 = CARTESIAN_POINT('',(1.6,0.));
#5585 = ( GEOMETRIC_REPRESENTATION_CONTEXT(2) 
PARAMETRIC_REPRESENTATION_CONTEXT() REPRESENTATION_CONTEXT('2D SPACE',''
  ) );
#5586 = ORIENTED_EDGE('',*,*,#2398,.F.);
#5587 = ORIENTED_EDGE('',*,*,#5588,.T.);
#5588 = EDGE_CURVE('',#2399,#2462,#5589,.T.);
#5589 = SURFACE_CURVE('',#5590,(#5595,#5602),.PCURVE_S1.);
#5590 = CIRCLE('',#5591,1.6);
#5591 = AXIS2_PLACEMENT_3D('',#5592,#5593,#5594);
#5592 = CARTESIAN_POINT('',(9.899494936612,185.89949493661,
    157.63139720814));
#5593 = DIRECTION('',(-6.661338147751E-16,7.495338295473E-15,1.));
#5594 = DIRECTION('',(5.318914247286E-16,-1.,7.495338295473E-15));
#5595 = PCURVE('',#2421,#5596);
#5596 = DEFINITIONAL_REPRESENTATION('',(#5597),#5601);
#5597 = LINE('',#5598,#5599);
#5598 = CARTESIAN_POINT('',(0.,129.));
#5599 = VECTOR('',#5600,1.);
#5600 = DIRECTION('',(1.,0.));
#5601 = ( GEOMETRIC_REPRESENTATION_CONTEXT(2) 
PARAMETRIC_REPRESENTATION_CONTEXT() REPRESENTATION_CONTEXT('2D SPACE',''
  ) );
#5602 = PCURVE('',#2499,#5603);
#5603 = DEFINITIONAL_REPRESENTATION('',(#5604),#5608);
#5604 = CIRCLE('',#5605,1.6);
#5605 = AXIS2_PLACEMENT_2D('',#5606,#5607);
#5606 = CARTESIAN_POINT('',(9.100505063388,30.399494936612));
#5607 = DIRECTION('',(1.,0.));
#5608 = ( GEOMETRIC_REPRESENTATION_CONTEXT(2) 
PARAMETRIC_REPRESENTATION_CONTEXT() REPRESENTATION_CONTEXT('2D SPACE',''
  ) );
#5609 = ORIENTED_EDGE('',*,*,#2461,.T.);
#5610 = ADVANCED_FACE('',(#5611),#5625,.F.);
#5611 = FACE_BOUND('',#5612,.T.);
#5612 = EDGE_LOOP('',(#5613,#5643,#5666,#5689,#5717,#5740,#5763,#5786));
#5613 = ORIENTED_EDGE('',*,*,#5614,.F.);
#5614 = EDGE_CURVE('',#5615,#5617,#5619,.T.);
#5615 = VERTEX_POINT('',#5616);
#5616 = CARTESIAN_POINT('',(19.5,195.,100.63139720814));
#5617 = VERTEX_POINT('',#5618);
#5618 = CARTESIAN_POINT('',(19.5,195.,157.63139720814));
#5619 = SURFACE_CURVE('',#5620,(#5624,#5636),.PCURVE_S1.);
#5620 = LINE('',#5621,#5622);
#5621 = CARTESIAN_POINT('',(19.5,195.,47.631397208143));
#5622 = VECTOR('',#5623,1.);
#5623 = DIRECTION('',(-6.661338147751E-16,7.495338295473E-15,1.));
#5624 = PCURVE('',#5625,#5630);
#5625 = PLANE('',#5626);
#5626 = AXIS2_PLACEMENT_3D('',#5627,#5628,#5629);
#5627 = CARTESIAN_POINT('',(19.5,176.,47.631397208143));
#5628 = DIRECTION('',(1.,5.318914247286E-16,6.661338147751E-16));
#5629 = DIRECTION('',(-6.661338147751E-16,7.495338295473E-15,1.));
#5630 = DEFINITIONAL_REPRESENTATION('',(#5631),#5635);
#5631 = LINE('',#5632,#5633);
#5632 = CARTESIAN_POINT('',(0.,-19.));
#5633 = VECTOR('',#5634,1.);
#5634 = DIRECTION('',(1.,0.));
#5635 = ( GEOMETRIC_REPRESENTATION_CONTEXT(2) 
PARAMETRIC_REPRESENTATION_CONTEXT() REPRESENTATION_CONTEXT('2D SPACE',''
  ) );
#5636 = PCURVE('',#5174,#5637);
#5637 = DEFINITIONAL_REPRESENTATION('',(#5638),#5642);
#5638 = LINE('',#5639,#5640);
#5639 = CARTESIAN_POINT('',(0.,-22.));
#5640 = VECTOR('',#5641,1.);
#5641 = DIRECTION('',(1.,0.));
#5642 = ( GEOMETRIC_REPRESENTATION_CONTEXT(2) 
PARAMETRIC_REPRESENTATION_CONTEXT() REPRESENTATION_CONTEXT('2D SPACE',''
  ) );
#5643 = ORIENTED_EDGE('',*,*,#5644,.T.);
#5644 = EDGE_CURVE('',#5615,#5645,#5647,.T.);
#5645 = VERTEX_POINT('',#5646);
#5646 = CARTESIAN_POINT('',(19.5,194.,100.63139720814));
#5647 = SURFACE_CURVE('',#5648,(#5652,#5659),.PCURVE_S1.);
#5648 = LINE('',#5649,#5650);
#5649 = CARTESIAN_POINT('',(19.5,176.,100.63139720814));
#5650 = VECTOR('',#5651,1.);
#5651 = DIRECTION('',(5.318914247286E-16,-1.,7.495338295473E-15));
#5652 = PCURVE('',#5625,#5653);
#5653 = DEFINITIONAL_REPRESENTATION('',(#5654),#5658);
#5654 = LINE('',#5655,#5656);
#5655 = CARTESIAN_POINT('',(53.,0.));
#5656 = VECTOR('',#5657,1.);
#5657 = DIRECTION('',(0.,1.));
#5658 = ( GEOMETRIC_REPRESENTATION_CONTEXT(2) 
PARAMETRIC_REPRESENTATION_CONTEXT() REPRESENTATION_CONTEXT('2D SPACE',''
  ) );
#5659 = PCURVE('',#4750,#5660);
#5660 = DEFINITIONAL_REPRESENTATION('',(#5661),#5665);
#5661 = LINE('',#5662,#5663);
#5662 = CARTESIAN_POINT('',(-6.,43.808652046685));
#5663 = VECTOR('',#5664,1.);
#5664 = DIRECTION('',(0.,1.));
#5665 = ( GEOMETRIC_REPRESENTATION_CONTEXT(2) 
PARAMETRIC_REPRESENTATION_CONTEXT() REPRESENTATION_CONTEXT('2D SPACE',''
  ) );
#5666 = ORIENTED_EDGE('',*,*,#5667,.T.);
#5667 = EDGE_CURVE('',#5645,#5668,#5670,.T.);
#5668 = VERTEX_POINT('',#5669);
#5669 = CARTESIAN_POINT('',(19.5,194.,88.631397208143));
#5670 = SURFACE_CURVE('',#5671,(#5675,#5682),.PCURVE_S1.);
#5671 = LINE('',#5672,#5673);
#5672 = CARTESIAN_POINT('',(19.5,194.,88.631397208143));
#5673 = VECTOR('',#5674,1.);
#5674 = DIRECTION('',(6.661338147751E-16,-7.495338295473E-15,-1.));
#5675 = PCURVE('',#5625,#5676);
#5676 = DEFINITIONAL_REPRESENTATION('',(#5677),#5681);
#5677 = LINE('',#5678,#5679);
#5678 = CARTESIAN_POINT('',(41.,-18.));
#5679 = VECTOR('',#5680,1.);
#5680 = DIRECTION('',(-1.,0.));
#5681 = ( GEOMETRIC_REPRESENTATION_CONTEXT(2) 
PARAMETRIC_REPRESENTATION_CONTEXT() REPRESENTATION_CONTEXT('2D SPACE',''
  ) );
#5682 = PCURVE('',#4882,#5683);
#5683 = DEFINITIONAL_REPRESENTATION('',(#5684),#5688);
#5684 = LINE('',#5685,#5686);
#5685 = CARTESIAN_POINT('',(-41.,1.414213562373));
#5686 = VECTOR('',#5687,1.);
#5687 = DIRECTION('',(1.,0.));
#5688 = ( GEOMETRIC_REPRESENTATION_CONTEXT(2) 
PARAMETRIC_REPRESENTATION_CONTEXT() REPRESENTATION_CONTEXT('2D SPACE',''
  ) );
#5689 = ORIENTED_EDGE('',*,*,#5690,.F.);
#5690 = EDGE_CURVE('',#5691,#5668,#5693,.T.);
#5691 = VERTEX_POINT('',#5692);
#5692 = CARTESIAN_POINT('',(19.5,158.,88.631397208143));
#5693 = SURFACE_CURVE('',#5694,(#5698,#5705),.PCURVE_S1.);
#5694 = LINE('',#5695,#5696);
#5695 = CARTESIAN_POINT('',(19.5,153.,88.631397208143));
#5696 = VECTOR('',#5697,1.);
#5697 = DIRECTION('',(-5.318914247286E-16,1.,-7.495338295473E-15));
#5698 = PCURVE('',#5625,#5699);
#5699 = DEFINITIONAL_REPRESENTATION('',(#5700),#5704);
#5700 = LINE('',#5701,#5702);
#5701 = CARTESIAN_POINT('',(41.,23.));
#5702 = VECTOR('',#5703,1.);
#5703 = DIRECTION('',(0.,-1.));
#5704 = ( GEOMETRIC_REPRESENTATION_CONTEXT(2) 
PARAMETRIC_REPRESENTATION_CONTEXT() REPRESENTATION_CONTEXT('2D SPACE',''
  ) );
#5705 = PCURVE('',#5706,#5711);
#5706 = PLANE('',#5707);
#5707 = AXIS2_PLACEMENT_3D('',#5708,#5709,#5710);
#5708 = CARTESIAN_POINT('',(35.5,153.,72.631397208143));
#5709 = DIRECTION('',(0.707106781187,5.676108569297E-15,0.707106781187)
  );
#5710 = DIRECTION('',(-0.707106781187,4.923900502736E-15,0.707106781187)
  );
#5711 = DEFINITIONAL_REPRESENTATION('',(#5712),#5716);
#5712 = LINE('',#5713,#5714);
#5713 = CARTESIAN_POINT('',(22.62741699797,0.));
#5714 = VECTOR('',#5715,1.);
#5715 = DIRECTION('',(0.,-1.));
#5716 = ( GEOMETRIC_REPRESENTATION_CONTEXT(2) 
PARAMETRIC_REPRESENTATION_CONTEXT() REPRESENTATION_CONTEXT('2D SPACE',''
  ) );
#5717 = ORIENTED_EDGE('',*,*,#5718,.T.);
#5718 = EDGE_CURVE('',#5691,#5719,#5721,.T.);
#5719 = VERTEX_POINT('',#5720);
#5720 = CARTESIAN_POINT('',(19.5,158.,100.63139720814));
#5721 = SURFACE_CURVE('',#5722,(#5726,#5733),.PCURVE_S1.);
#5722 = LINE('',#5723,#5724);
#5723 = CARTESIAN_POINT('',(19.5,158.,100.63139720814));
#5724 = VECTOR('',#5725,1.);
#5725 = DIRECTION('',(-6.661338147751E-16,7.495338295473E-15,1.));
#5726 = PCURVE('',#5625,#5727);
#5727 = DEFINITIONAL_REPRESENTATION('',(#5728),#5732);
#5728 = LINE('',#5729,#5730);
#5729 = CARTESIAN_POINT('',(53.,18.));
#5730 = VECTOR('',#5731,1.);
#5731 = DIRECTION('',(1.,0.));
#5732 = ( GEOMETRIC_REPRESENTATION_CONTEXT(2) 
PARAMETRIC_REPRESENTATION_CONTEXT() REPRESENTATION_CONTEXT('2D SPACE',''
  ) );
#5733 = PCURVE('',#4663,#5734);
#5734 = DEFINITIONAL_REPRESENTATION('',(#5735),#5739);
#5735 = LINE('',#5736,#5737);
#5736 = CARTESIAN_POINT('',(53.,1.414213562373));
#5737 = VECTOR('',#5738,1.);
#5738 = DIRECTION('',(1.,0.));
#5739 = ( GEOMETRIC_REPRESENTATION_CONTEXT(2) 
PARAMETRIC_REPRESENTATION_CONTEXT() REPRESENTATION_CONTEXT('2D SPACE',''
  ) );
#5740 = ORIENTED_EDGE('',*,*,#5741,.T.);
#5741 = EDGE_CURVE('',#5719,#5742,#5744,.T.);
#5742 = VERTEX_POINT('',#5743);
#5743 = CARTESIAN_POINT('',(19.5,157.,100.63139720814));
#5744 = SURFACE_CURVE('',#5745,(#5749,#5756),.PCURVE_S1.);
#5745 = LINE('',#5746,#5747);
#5746 = CARTESIAN_POINT('',(19.5,176.,100.63139720814));
#5747 = VECTOR('',#5748,1.);
#5748 = DIRECTION('',(5.318914247286E-16,-1.,7.495338295473E-15));
#5749 = PCURVE('',#5625,#5750);
#5750 = DEFINITIONAL_REPRESENTATION('',(#5751),#5755);
#5751 = LINE('',#5752,#5753);
#5752 = CARTESIAN_POINT('',(53.,0.));
#5753 = VECTOR('',#5754,1.);
#5754 = DIRECTION('',(0.,1.));
#5755 = ( GEOMETRIC_REPRESENTATION_CONTEXT(2) 
PARAMETRIC_REPRESENTATION_CONTEXT() REPRESENTATION_CONTEXT('2D SPACE',''
  ) );
#5756 = PCURVE('',#4635,#5757);
#5757 = DEFINITIONAL_REPRESENTATION('',(#5758),#5762);
#5758 = LINE('',#5759,#5760);
#5759 = CARTESIAN_POINT('',(-43.80865204668,6.));
#5760 = VECTOR('',#5761,1.);
#5761 = DIRECTION('',(1.,0.));
#5762 = ( GEOMETRIC_REPRESENTATION_CONTEXT(2) 
PARAMETRIC_REPRESENTATION_CONTEXT() REPRESENTATION_CONTEXT('2D SPACE',''
  ) );
#5763 = ORIENTED_EDGE('',*,*,#5764,.F.);
#5764 = EDGE_CURVE('',#5765,#5742,#5767,.T.);
#5765 = VERTEX_POINT('',#5766);
#5766 = CARTESIAN_POINT('',(19.5,157.,157.63139720814));
#5767 = SURFACE_CURVE('',#5768,(#5772,#5779),.PCURVE_S1.);
#5768 = LINE('',#5769,#5770);
#5769 = CARTESIAN_POINT('',(19.5,157.,72.631397208143));
#5770 = VECTOR('',#5771,1.);
#5771 = DIRECTION('',(6.661338147751E-16,-7.495338295473E-15,-1.));
#5772 = PCURVE('',#5625,#5773);
#5773 = DEFINITIONAL_REPRESENTATION('',(#5774),#5778);
#5774 = LINE('',#5775,#5776);
#5775 = CARTESIAN_POINT('',(25.,19.));
#5776 = VECTOR('',#5777,1.);
#5777 = DIRECTION('',(-1.,0.));
#5778 = ( GEOMETRIC_REPRESENTATION_CONTEXT(2) 
PARAMETRIC_REPRESENTATION_CONTEXT() REPRESENTATION_CONTEXT('2D SPACE',''
  ) );
#5779 = PCURVE('',#5028,#5780);
#5780 = DEFINITIONAL_REPRESENTATION('',(#5781),#5785);
#5781 = LINE('',#5782,#5783);
#5782 = CARTESIAN_POINT('',(25.,-22.));
#5783 = VECTOR('',#5784,1.);
#5784 = DIRECTION('',(-1.,0.));
#5785 = ( GEOMETRIC_REPRESENTATION_CONTEXT(2) 
PARAMETRIC_REPRESENTATION_CONTEXT() REPRESENTATION_CONTEXT('2D SPACE',''
  ) );
#5786 = ORIENTED_EDGE('',*,*,#5787,.F.);
#5787 = EDGE_CURVE('',#5617,#5765,#5788,.T.);
#5788 = SURFACE_CURVE('',#5789,(#5793,#5800),.PCURVE_S1.);
#5789 = LINE('',#5790,#5791);
#5790 = CARTESIAN_POINT('',(19.5,195.,157.63139720814));
#5791 = VECTOR('',#5792,1.);
#5792 = DIRECTION('',(5.318914247286E-16,-1.,7.495338295473E-15));
#5793 = PCURVE('',#5625,#5794);
#5794 = DEFINITIONAL_REPRESENTATION('',(#5795),#5799);
#5795 = LINE('',#5796,#5797);
#5796 = CARTESIAN_POINT('',(110.,-19.));
#5797 = VECTOR('',#5798,1.);
#5798 = DIRECTION('',(0.,1.));
#5799 = ( GEOMETRIC_REPRESENTATION_CONTEXT(2) 
PARAMETRIC_REPRESENTATION_CONTEXT() REPRESENTATION_CONTEXT('2D SPACE',''
  ) );
#5800 = PCURVE('',#2499,#5801);
#5801 = DEFINITIONAL_REPRESENTATION('',(#5802),#5806);
#5802 = LINE('',#5803,#5804);
#5803 = CARTESIAN_POINT('',(0.,40.));
#5804 = VECTOR('',#5805,1.);
#5805 = DIRECTION('',(1.,0.));
#5806 = ( GEOMETRIC_REPRESENTATION_CONTEXT(2) 
PARAMETRIC_REPRESENTATION_CONTEXT() REPRESENTATION_CONTEXT('2D SPACE',''
  ) );
#5807 = ADVANCED_FACE('',(#5808),#2328,.T.);
#5808 = FACE_BOUND('',#5809,.T.);
#5809 = EDGE_LOOP('',(#5810,#5811,#5833,#5834));
#5810 = ORIENTED_EDGE('',*,*,#2312,.F.);
#5811 = ORIENTED_EDGE('',*,*,#5812,.T.);
#5812 = EDGE_CURVE('',#295,#4536,#5813,.T.);
#5813 = SURFACE_CURVE('',#5814,(#5819,#5826),.PCURVE_S1.);
#5814 = CIRCLE('',#5815,19.);
#5815 = AXIS2_PLACEMENT_3D('',#5816,#5817,#5818);
#5816 = CARTESIAN_POINT('',(46.5,176.,47.631397208143));
#5817 = DIRECTION('',(-1.,-5.318914247286E-16,-6.661338147751E-16));
#5818 = DIRECTION('',(-6.661338147751E-16,7.495338295473E-15,1.));
#5819 = PCURVE('',#2328,#5820);
#5820 = DEFINITIONAL_REPRESENTATION('',(#5821),#5825);
#5821 = LINE('',#5822,#5823);
#5822 = CARTESIAN_POINT('',(-3.14159265359,1.));
#5823 = VECTOR('',#5824,1.);
#5824 = DIRECTION('',(1.,0.));
#5825 = ( GEOMETRIC_REPRESENTATION_CONTEXT(2) 
PARAMETRIC_REPRESENTATION_CONTEXT() REPRESENTATION_CONTEXT('2D SPACE',''
  ) );
#5826 = PCURVE('',#310,#5827);
#5827 = DEFINITIONAL_REPRESENTATION('',(#5828),#5832);
#5828 = LINE('',#5829,#5830);
#5829 = CARTESIAN_POINT('',(-3.14159265359,1.));
#5830 = VECTOR('',#5831,1.);
#5831 = DIRECTION('',(1.,0.));
#5832 = ( GEOMETRIC_REPRESENTATION_CONTEXT(2) 
PARAMETRIC_REPRESENTATION_CONTEXT() REPRESENTATION_CONTEXT('2D SPACE',''
  ) );
#5833 = ORIENTED_EDGE('',*,*,#4533,.F.);
#5834 = ORIENTED_EDGE('',*,*,#5835,.T.);
#5835 = EDGE_CURVE('',#4534,#2313,#5836,.T.);
#5836 = SURFACE_CURVE('',#5837,(#5842,#5849),.PCURVE_S1.);
#5837 = CIRCLE('',#5838,19.);
#5838 = AXIS2_PLACEMENT_3D('',#5839,#5840,#5841);
#5839 = CARTESIAN_POINT('',(36.5,176.,47.631397208143));
#5840 = DIRECTION('',(1.,5.318914247286E-16,6.661338147751E-16));
#5841 = DIRECTION('',(6.661338147751E-16,-7.495338295473E-15,-1.));
#5842 = PCURVE('',#2328,#5843);
#5843 = DEFINITIONAL_REPRESENTATION('',(#5844),#5848);
#5844 = LINE('',#5845,#5846);
#5845 = CARTESIAN_POINT('',(6.28318530718,11.));
#5846 = VECTOR('',#5847,1.);
#5847 = DIRECTION('',(-1.,0.));
#5848 = ( GEOMETRIC_REPRESENTATION_CONTEXT(2) 
PARAMETRIC_REPRESENTATION_CONTEXT() REPRESENTATION_CONTEXT('2D SPACE',''
  ) );
#5849 = PCURVE('',#2357,#5850);
#5850 = DEFINITIONAL_REPRESENTATION('',(#5851),#5855);
#5851 = LINE('',#5852,#5853);
#5852 = CARTESIAN_POINT('',(-3.14159265359,1.));
#5853 = VECTOR('',#5854,1.);
#5854 = DIRECTION('',(1.,0.));
#5855 = ( GEOMETRIC_REPRESENTATION_CONTEXT(2) 
PARAMETRIC_REPRESENTATION_CONTEXT() REPRESENTATION_CONTEXT('2D SPACE',''
  ) );
#5856 = ADVANCED_FACE('',(#5857,#5927,#5952,#5977,#6002,#6027,#6052,
    #6077),#282,.T.);
#5857 = FACE_BOUND('',#5858,.T.);
#5858 = EDGE_LOOP('',(#5859,#5860,#5883,#5906));
#5859 = ORIENTED_EDGE('',*,*,#4272,.T.);
#5860 = ORIENTED_EDGE('',*,*,#5861,.T.);
#5861 = EDGE_CURVE('',#4250,#5862,#5864,.T.);
#5862 = VERTEX_POINT('',#5863);
#5863 = CARTESIAN_POINT('',(47.5,181.85,71.631397208143));
#5864 = SURFACE_CURVE('',#5865,(#5869,#5876),.PCURVE_S1.);
#5865 = LINE('',#5866,#5867);
#5866 = CARTESIAN_POINT('',(47.5,161.85,71.631397208143));
#5867 = VECTOR('',#5868,1.);
#5868 = DIRECTION('',(-5.318914247286E-16,1.,-7.668810643071E-15));
#5869 = PCURVE('',#282,#5870);
#5870 = DEFINITIONAL_REPRESENTATION('',(#5871),#5875);
#5871 = LINE('',#5872,#5873);
#5872 = CARTESIAN_POINT('',(24.,14.15));
#5873 = VECTOR('',#5874,1.);
#5874 = DIRECTION('',(-1.734723475977E-16,-1.));
#5875 = ( GEOMETRIC_REPRESENTATION_CONTEXT(2) 
PARAMETRIC_REPRESENTATION_CONTEXT() REPRESENTATION_CONTEXT('2D SPACE',''
  ) );
#5876 = PCURVE('',#73,#5877);
#5877 = DEFINITIONAL_REPRESENTATION('',(#5878),#5882);
#5878 = LINE('',#5879,#5880);
#5879 = CARTESIAN_POINT('',(28.3,40.317662332897));
#5880 = VECTOR('',#5881,1.);
#5881 = DIRECTION('',(-1.,0.));
#5882 = ( GEOMETRIC_REPRESENTATION_CONTEXT(2) 
PARAMETRIC_REPRESENTATION_CONTEXT() REPRESENTATION_CONTEXT('2D SPACE',''
  ) );
#5883 = ORIENTED_EDGE('',*,*,#5884,.T.);
#5884 = EDGE_CURVE('',#5862,#5885,#5887,.T.);
#5885 = VERTEX_POINT('',#5886);
#5886 = CARTESIAN_POINT('',(47.5,181.85,65.231397208143));
#5887 = SURFACE_CURVE('',#5888,(#5892,#5899),.PCURVE_S1.);
#5888 = LINE('',#5889,#5890);
#5889 = CARTESIAN_POINT('',(47.5,181.85,71.631397208143));
#5890 = VECTOR('',#5891,1.);
#5891 = DIRECTION('',(6.661338147751E-16,-7.495338295473E-15,-1.));
#5892 = PCURVE('',#282,#5893);
#5893 = DEFINITIONAL_REPRESENTATION('',(#5894),#5898);
#5894 = LINE('',#5895,#5896);
#5895 = CARTESIAN_POINT('',(24.,-5.85));
#5896 = VECTOR('',#5897,1.);
#5897 = DIRECTION('',(-1.,0.));
#5898 = ( GEOMETRIC_REPRESENTATION_CONTEXT(2) 
PARAMETRIC_REPRESENTATION_CONTEXT() REPRESENTATION_CONTEXT('2D SPACE',''
  ) );
#5899 = PCURVE('',#4051,#5900);
#5900 = DEFINITIONAL_REPRESENTATION('',(#5901),#5905);
#5901 = LINE('',#5902,#5903);
#5902 = CARTESIAN_POINT('',(0.,0.));
#5903 = VECTOR('',#5904,1.);
#5904 = DIRECTION('',(-1.,0.));
#5905 = ( GEOMETRIC_REPRESENTATION_CONTEXT(2) 
PARAMETRIC_REPRESENTATION_CONTEXT() REPRESENTATION_CONTEXT('2D SPACE',''
  ) );
#5906 = ORIENTED_EDGE('',*,*,#5907,.T.);
#5907 = EDGE_CURVE('',#5885,#4273,#5908,.T.);
#5908 = SURFACE_CURVE('',#5909,(#5913,#5920),.PCURVE_S1.);
#5909 = LINE('',#5910,#5911);
#5910 = CARTESIAN_POINT('',(47.5,161.85,65.231397208143));
#5911 = VECTOR('',#5912,1.);
#5912 = DIRECTION('',(5.318914247286E-16,-1.,7.321865947876E-15));
#5913 = PCURVE('',#282,#5914);
#5914 = DEFINITIONAL_REPRESENTATION('',(#5915),#5919);
#5915 = LINE('',#5916,#5917);
#5916 = CARTESIAN_POINT('',(17.6,14.15));
#5917 = VECTOR('',#5918,1.);
#5918 = DIRECTION('',(-1.734723475977E-16,1.));
#5919 = ( GEOMETRIC_REPRESENTATION_CONTEXT(2) 
PARAMETRIC_REPRESENTATION_CONTEXT() REPRESENTATION_CONTEXT('2D SPACE',''
  ) );
#5920 = PCURVE('',#4023,#5921);
#5921 = DEFINITIONAL_REPRESENTATION('',(#5922),#5926);
#5922 = LINE('',#5923,#5924);
#5923 = CARTESIAN_POINT('',(0.,0.));
#5924 = VECTOR('',#5925,1.);
#5925 = DIRECTION('',(-1.,0.));
#5926 = ( GEOMETRIC_REPRESENTATION_CONTEXT(2) 
PARAMETRIC_REPRESENTATION_CONTEXT() REPRESENTATION_CONTEXT('2D SPACE',''
  ) );
#5927 = FACE_BOUND('',#5928,.T.);
#5928 = EDGE_LOOP('',(#5929,#5951));
#5929 = ORIENTED_EDGE('',*,*,#5930,.F.);
#5930 = EDGE_CURVE('',#719,#752,#5931,.T.);
#5931 = SURFACE_CURVE('',#5932,(#5937,#5944),.PCURVE_S1.);
#5932 = CIRCLE('',#5933,3.1);
#5933 = AXIS2_PLACEMENT_3D('',#5934,#5935,#5936);
#5934 = CARTESIAN_POINT('',(47.5,176.,36.131397208143));
#5935 = DIRECTION('',(1.,5.318914247286E-16,6.661338147751E-16));
#5936 = DIRECTION('',(-6.661338147751E-16,7.495338295473E-15,1.));
#5937 = PCURVE('',#282,#5938);
#5938 = DEFINITIONAL_REPRESENTATION('',(#5939),#5943);
#5939 = CIRCLE('',#5940,3.1);
#5940 = AXIS2_PLACEMENT_2D('',#5941,#5942);
#5941 = CARTESIAN_POINT('',(-11.5,-2.23345647532E-14));
#5942 = DIRECTION('',(1.,0.));
#5943 = ( GEOMETRIC_REPRESENTATION_CONTEXT(2) 
PARAMETRIC_REPRESENTATION_CONTEXT() REPRESENTATION_CONTEXT('2D SPACE',''
  ) );
#5944 = PCURVE('',#739,#5945);
#5945 = DEFINITIONAL_REPRESENTATION('',(#5946),#5950);
#5946 = LINE('',#5947,#5948);
#5947 = CARTESIAN_POINT('',(0.,1.2));
#5948 = VECTOR('',#5949,1.);
#5949 = DIRECTION('',(1.,0.));
#5950 = ( GEOMETRIC_REPRESENTATION_CONTEXT(2) 
PARAMETRIC_REPRESENTATION_CONTEXT() REPRESENTATION_CONTEXT('2D SPACE',''
  ) );
#5951 = ORIENTED_EDGE('',*,*,#751,.F.);
#5952 = FACE_BOUND('',#5953,.T.);
#5953 = EDGE_LOOP('',(#5954,#5976));
#5954 = ORIENTED_EDGE('',*,*,#5955,.F.);
#5955 = EDGE_CURVE('',#495,#528,#5956,.T.);
#5956 = SURFACE_CURVE('',#5957,(#5962,#5969),.PCURVE_S1.);
#5957 = CIRCLE('',#5958,3.1);
#5958 = AXIS2_PLACEMENT_3D('',#5959,#5960,#5961);
#5959 = CARTESIAN_POINT('',(47.5,166.90673326026,42.381397208143));
#5960 = DIRECTION('',(1.,5.318914247286E-16,6.661338147751E-16));
#5961 = DIRECTION('',(-6.661338147751E-16,7.495338295473E-15,1.));
#5962 = PCURVE('',#282,#5963);
#5963 = DEFINITIONAL_REPRESENTATION('',(#5964),#5968);
#5964 = CIRCLE('',#5965,3.1);
#5965 = AXIS2_PLACEMENT_2D('',#5966,#5967);
#5966 = CARTESIAN_POINT('',(-5.25,9.093266739737));
#5967 = DIRECTION('',(1.,0.));
#5968 = ( GEOMETRIC_REPRESENTATION_CONTEXT(2) 
PARAMETRIC_REPRESENTATION_CONTEXT() REPRESENTATION_CONTEXT('2D SPACE',''
  ) );
#5969 = PCURVE('',#515,#5970);
#5970 = DEFINITIONAL_REPRESENTATION('',(#5971),#5975);
#5971 = LINE('',#5972,#5973);
#5972 = CARTESIAN_POINT('',(0.,1.2));
#5973 = VECTOR('',#5974,1.);
#5974 = DIRECTION('',(1.,0.));
#5975 = ( GEOMETRIC_REPRESENTATION_CONTEXT(2) 
PARAMETRIC_REPRESENTATION_CONTEXT() REPRESENTATION_CONTEXT('2D SPACE',''
  ) );
#5976 = ORIENTED_EDGE('',*,*,#527,.F.);
#5977 = FACE_BOUND('',#5978,.T.);
#5978 = EDGE_LOOP('',(#5979,#6001));
#5979 = ORIENTED_EDGE('',*,*,#5980,.F.);
#5980 = EDGE_CURVE('',#383,#416,#5981,.T.);
#5981 = SURFACE_CURVE('',#5982,(#5987,#5994),.PCURVE_S1.);
#5982 = CIRCLE('',#5983,3.1);
#5983 = AXIS2_PLACEMENT_3D('',#5984,#5985,#5986);
#5984 = CARTESIAN_POINT('',(47.5,166.04070785648,53.381397208143));
#5985 = DIRECTION('',(1.,5.318914247286E-16,6.661338147751E-16));
#5986 = DIRECTION('',(-6.661338147751E-16,7.495338295473E-15,1.));
#5987 = PCURVE('',#282,#5988);
#5988 = DEFINITIONAL_REPRESENTATION('',(#5989),#5993);
#5989 = CIRCLE('',#5990,3.1);
#5990 = AXIS2_PLACEMENT_2D('',#5991,#5992);
#5991 = CARTESIAN_POINT('',(5.75,9.959292143521));
#5992 = DIRECTION('',(1.,0.));
#5993 = ( GEOMETRIC_REPRESENTATION_CONTEXT(2) 
PARAMETRIC_REPRESENTATION_CONTEXT() REPRESENTATION_CONTEXT('2D SPACE',''
  ) );
#5994 = PCURVE('',#403,#5995);
#5995 = DEFINITIONAL_REPRESENTATION('',(#5996),#6000);
#5996 = LINE('',#5997,#5998);
#5997 = CARTESIAN_POINT('',(0.,1.2));
#5998 = VECTOR('',#5999,1.);
#5999 = DIRECTION('',(1.,0.));
#6000 = ( GEOMETRIC_REPRESENTATION_CONTEXT(2) 
PARAMETRIC_REPRESENTATION_CONTEXT() REPRESENTATION_CONTEXT('2D SPACE',''
  ) );
#6001 = ORIENTED_EDGE('',*,*,#415,.F.);
#6002 = FACE_BOUND('',#6003,.T.);
#6003 = EDGE_LOOP('',(#6004,#6026));
#6004 = ORIENTED_EDGE('',*,*,#6005,.F.);
#6005 = EDGE_CURVE('',#943,#976,#6006,.T.);
#6006 = SURFACE_CURVE('',#6007,(#6012,#6019),.PCURVE_S1.);
#6007 = CIRCLE('',#6008,3.1);
#6008 = AXIS2_PLACEMENT_3D('',#6009,#6010,#6011);
#6009 = CARTESIAN_POINT('',(47.5,176.,58.131397208143));
#6010 = DIRECTION('',(1.,5.318914247286E-16,6.661338147751E-16));
#6011 = DIRECTION('',(-6.661338147751E-16,7.495338295473E-15,1.));
#6012 = PCURVE('',#282,#6013);
#6013 = DEFINITIONAL_REPRESENTATION('',(#6014),#6018);
#6014 = CIRCLE('',#6015,3.1);
#6015 = AXIS2_PLACEMENT_2D('',#6016,#6017);
#6016 = CARTESIAN_POINT('',(10.5,0.));
#6017 = DIRECTION('',(1.,0.));
#6018 = ( GEOMETRIC_REPRESENTATION_CONTEXT(2) 
PARAMETRIC_REPRESENTATION_CONTEXT() REPRESENTATION_CONTEXT('2D SPACE',''
  ) );
#6019 = PCURVE('',#963,#6020);
#6020 = DEFINITIONAL_REPRESENTATION('',(#6021),#6025);
#6021 = LINE('',#6022,#6023);
#6022 = CARTESIAN_POINT('',(0.,1.2));
#6023 = VECTOR('',#6024,1.);
#6024 = DIRECTION('',(1.,0.));
#6025 = ( GEOMETRIC_REPRESENTATION_CONTEXT(2) 
PARAMETRIC_REPRESENTATION_CONTEXT() REPRESENTATION_CONTEXT('2D SPACE',''
  ) );
#6026 = ORIENTED_EDGE('',*,*,#975,.F.);
#6027 = FACE_BOUND('',#6028,.T.);
#6028 = EDGE_LOOP('',(#6029,#6051));
#6029 = ORIENTED_EDGE('',*,*,#6030,.F.);
#6030 = EDGE_CURVE('',#831,#864,#6031,.T.);
#6031 = SURFACE_CURVE('',#6032,(#6037,#6044),.PCURVE_S1.);
#6032 = CIRCLE('',#6033,3.1);
#6033 = AXIS2_PLACEMENT_3D('',#6034,#6035,#6036);
#6034 = CARTESIAN_POINT('',(47.5,185.95929214352,53.381397208143));
#6035 = DIRECTION('',(1.,5.318914247286E-16,6.661338147751E-16));
#6036 = DIRECTION('',(-6.661338147751E-16,7.495338295473E-15,1.));
#6037 = PCURVE('',#282,#6038);
#6038 = DEFINITIONAL_REPRESENTATION('',(#6039),#6043);
#6039 = CIRCLE('',#6040,3.1);
#6040 = AXIS2_PLACEMENT_2D('',#6041,#6042);
#6041 = CARTESIAN_POINT('',(5.75,-9.959292143521));
#6042 = DIRECTION('',(1.,0.));
#6043 = ( GEOMETRIC_REPRESENTATION_CONTEXT(2) 
PARAMETRIC_REPRESENTATION_CONTEXT() REPRESENTATION_CONTEXT('2D SPACE',''
  ) );
#6044 = PCURVE('',#851,#6045);
#6045 = DEFINITIONAL_REPRESENTATION('',(#6046),#6050);
#6046 = LINE('',#6047,#6048);
#6047 = CARTESIAN_POINT('',(0.,1.2));
#6048 = VECTOR('',#6049,1.);
#6049 = DIRECTION('',(1.,0.));
#6050 = ( GEOMETRIC_REPRESENTATION_CONTEXT(2) 
PARAMETRIC_REPRESENTATION_CONTEXT() REPRESENTATION_CONTEXT('2D SPACE',''
  ) );
#6051 = ORIENTED_EDGE('',*,*,#863,.F.);
#6052 = FACE_BOUND('',#6053,.T.);
#6053 = EDGE_LOOP('',(#6054,#6076));
#6054 = ORIENTED_EDGE('',*,*,#6055,.F.);
#6055 = EDGE_CURVE('',#607,#640,#6056,.T.);
#6056 = SURFACE_CURVE('',#6057,(#6062,#6069),.PCURVE_S1.);
#6057 = CIRCLE('',#6058,3.1);
#6058 = AXIS2_PLACEMENT_3D('',#6059,#6060,#6061);
#6059 = CARTESIAN_POINT('',(47.5,185.09326673973,42.381397208143));
#6060 = DIRECTION('',(1.,5.318914247286E-16,6.661338147751E-16));
#6061 = DIRECTION('',(-6.661338147751E-16,7.495338295473E-15,1.));
#6062 = PCURVE('',#282,#6063);
#6063 = DEFINITIONAL_REPRESENTATION('',(#6064),#6068);
#6064 = CIRCLE('',#6065,3.1);
#6065 = AXIS2_PLACEMENT_2D('',#6066,#6067);
#6066 = CARTESIAN_POINT('',(-5.25,-9.093266739737));
#6067 = DIRECTION('',(1.,0.));
#6068 = ( GEOMETRIC_REPRESENTATION_CONTEXT(2) 
PARAMETRIC_REPRESENTATION_CONTEXT() REPRESENTATION_CONTEXT('2D SPACE',''
  ) );
#6069 = PCURVE('',#627,#6070);
#6070 = DEFINITIONAL_REPRESENTATION('',(#6071),#6075);
#6071 = LINE('',#6072,#6073);
#6072 = CARTESIAN_POINT('',(0.,1.2));
#6073 = VECTOR('',#6074,1.);
#6074 = DIRECTION('',(1.,0.));
#6075 = ( GEOMETRIC_REPRESENTATION_CONTEXT(2) 
PARAMETRIC_REPRESENTATION_CONTEXT() REPRESENTATION_CONTEXT('2D SPACE',''
  ) );
#6076 = ORIENTED_EDGE('',*,*,#639,.F.);
#6077 = FACE_BOUND('',#6078,.T.);
#6078 = EDGE_LOOP('',(#6079,#6103,#6104,#6127,#6155));
#6079 = ORIENTED_EDGE('',*,*,#6080,.T.);
#6080 = EDGE_CURVE('',#6081,#259,#6083,.T.);
#6081 = VERTEX_POINT('',#6082);
#6082 = CARTESIAN_POINT('',(47.5,158.,47.631397208143));
#6083 = SURFACE_CURVE('',#6084,(#6089,#6096),.PCURVE_S1.);
#6084 = CIRCLE('',#6085,18.);
#6085 = AXIS2_PLACEMENT_3D('',#6086,#6087,#6088);
#6086 = CARTESIAN_POINT('',(47.5,176.,47.631397208143));
#6087 = DIRECTION('',(1.,5.318914247286E-16,6.661338147751E-16));
#6088 = DIRECTION('',(-6.661338147751E-16,7.495338295473E-15,1.));
#6089 = PCURVE('',#282,#6090);
#6090 = DEFINITIONAL_REPRESENTATION('',(#6091),#6095);
#6091 = CIRCLE('',#6092,18.);
#6092 = AXIS2_PLACEMENT_2D('',#6093,#6094);
#6093 = CARTESIAN_POINT('',(0.,0.));
#6094 = DIRECTION('',(1.,0.));
#6095 = ( GEOMETRIC_REPRESENTATION_CONTEXT(2) 
PARAMETRIC_REPRESENTATION_CONTEXT() REPRESENTATION_CONTEXT('2D SPACE',''
  ) );
#6096 = PCURVE('',#310,#6097);
#6097 = DEFINITIONAL_REPRESENTATION('',(#6098),#6102);
#6098 = LINE('',#6099,#6100);
#6099 = CARTESIAN_POINT('',(3.14159265359,0.));
#6100 = VECTOR('',#6101,1.);
#6101 = DIRECTION('',(-1.,0.));
#6102 = ( GEOMETRIC_REPRESENTATION_CONTEXT(2) 
PARAMETRIC_REPRESENTATION_CONTEXT() REPRESENTATION_CONTEXT('2D SPACE',''
  ) );
#6103 = ORIENTED_EDGE('',*,*,#258,.T.);
#6104 = ORIENTED_EDGE('',*,*,#6105,.T.);
#6105 = EDGE_CURVE('',#261,#6106,#6108,.T.);
#6106 = VERTEX_POINT('',#6107);
#6107 = CARTESIAN_POINT('',(47.5,194.,78.631397208143));
#6108 = SURFACE_CURVE('',#6109,(#6113,#6120),.PCURVE_S1.);
#6109 = LINE('',#6110,#6111);
#6110 = CARTESIAN_POINT('',(47.5,194.,47.631397208143));
#6111 = VECTOR('',#6112,1.);
#6112 = DIRECTION('',(-6.661338147751E-16,7.495338295473E-15,1.));
#6113 = PCURVE('',#282,#6114);
#6114 = DEFINITIONAL_REPRESENTATION('',(#6115),#6119);
#6115 = LINE('',#6116,#6117);
#6116 = CARTESIAN_POINT('',(0.,-18.));
#6117 = VECTOR('',#6118,1.);
#6118 = DIRECTION('',(1.,0.));
#6119 = ( GEOMETRIC_REPRESENTATION_CONTEXT(2) 
PARAMETRIC_REPRESENTATION_CONTEXT() REPRESENTATION_CONTEXT('2D SPACE',''
  ) );
#6120 = PCURVE('',#365,#6121);
#6121 = DEFINITIONAL_REPRESENTATION('',(#6122),#6126);
#6122 = LINE('',#6123,#6124);
#6123 = CARTESIAN_POINT('',(0.,0.));
#6124 = VECTOR('',#6125,1.);
#6125 = DIRECTION('',(1.,0.));
#6126 = ( GEOMETRIC_REPRESENTATION_CONTEXT(2) 
PARAMETRIC_REPRESENTATION_CONTEXT() REPRESENTATION_CONTEXT('2D SPACE',''
  ) );
#6127 = ORIENTED_EDGE('',*,*,#6128,.T.);
#6128 = EDGE_CURVE('',#6106,#6129,#6131,.T.);
#6129 = VERTEX_POINT('',#6130);
#6130 = CARTESIAN_POINT('',(47.5,158.,78.631397208143));
#6131 = SURFACE_CURVE('',#6132,(#6136,#6143),.PCURVE_S1.);
#6132 = LINE('',#6133,#6134);
#6133 = CARTESIAN_POINT('',(47.5,195.,78.631397208143));
#6134 = VECTOR('',#6135,1.);
#6135 = DIRECTION('',(5.318914247286E-16,-1.,7.495338295473E-15));
#6136 = PCURVE('',#282,#6137);
#6137 = DEFINITIONAL_REPRESENTATION('',(#6138),#6142);
#6138 = LINE('',#6139,#6140);
#6139 = CARTESIAN_POINT('',(31.,-19.));
#6140 = VECTOR('',#6141,1.);
#6141 = DIRECTION('',(0.,1.));
#6142 = ( GEOMETRIC_REPRESENTATION_CONTEXT(2) 
PARAMETRIC_REPRESENTATION_CONTEXT() REPRESENTATION_CONTEXT('2D SPACE',''
  ) );
#6143 = PCURVE('',#6144,#6149);
#6144 = PLANE('',#6145);
#6145 = AXIS2_PLACEMENT_3D('',#6146,#6147,#6148);
#6146 = CARTESIAN_POINT('',(47.5,226.1126983722,78.631397208143));
#6147 = DIRECTION('',(0.707106781187,5.676108569297E-15,0.707106781187)
  );
#6148 = DIRECTION('',(-0.707106781187,4.923900502736E-15,0.707106781187)
  );
#6149 = DEFINITIONAL_REPRESENTATION('',(#6150),#6154);
#6150 = LINE('',#6151,#6152);
#6151 = CARTESIAN_POINT('',(0.,31.112698372208));
#6152 = VECTOR('',#6153,1.);
#6153 = DIRECTION('',(0.,1.));
#6154 = ( GEOMETRIC_REPRESENTATION_CONTEXT(2) 
PARAMETRIC_REPRESENTATION_CONTEXT() REPRESENTATION_CONTEXT('2D SPACE',''
  ) );
#6155 = ORIENTED_EDGE('',*,*,#6156,.T.);
#6156 = EDGE_CURVE('',#6129,#6081,#6157,.T.);
#6157 = SURFACE_CURVE('',#6158,(#6162,#6169),.PCURVE_S1.);
#6158 = LINE('',#6159,#6160);
#6159 = CARTESIAN_POINT('',(47.5,158.,47.631397208143));
#6160 = VECTOR('',#6161,1.);
#6161 = DIRECTION('',(6.661338147751E-16,-7.495338295473E-15,-1.));
#6162 = PCURVE('',#282,#6163);
#6163 = DEFINITIONAL_REPRESENTATION('',(#6164),#6168);
#6164 = LINE('',#6165,#6166);
#6165 = CARTESIAN_POINT('',(0.,18.));
#6166 = VECTOR('',#6167,1.);
#6167 = DIRECTION('',(-1.,0.));
#6168 = ( GEOMETRIC_REPRESENTATION_CONTEXT(2) 
PARAMETRIC_REPRESENTATION_CONTEXT() REPRESENTATION_CONTEXT('2D SPACE',''
  ) );
#6169 = PCURVE('',#4579,#6170);
#6170 = DEFINITIONAL_REPRESENTATION('',(#6171),#6175);
#6171 = LINE('',#6172,#6173);
#6172 = CARTESIAN_POINT('',(0.,0.));
#6173 = VECTOR('',#6174,1.);
#6174 = DIRECTION('',(1.,0.));
#6175 = ( GEOMETRIC_REPRESENTATION_CONTEXT(2) 
PARAMETRIC_REPRESENTATION_CONTEXT() REPRESENTATION_CONTEXT('2D SPACE',''
  ) );
#6176 = ADVANCED_FACE('',(#6177),#6192,.F.);
#6177 = FACE_BOUND('',#6178,.T.);
#6178 = EDGE_LOOP('',(#6179,#6238,#6261,#6284,#6307,#6359,#6387,#6415));
#6179 = ORIENTED_EDGE('',*,*,#6180,.T.);
#6180 = EDGE_CURVE('',#6181,#6183,#6185,.T.);
#6181 = VERTEX_POINT('',#6182);
#6182 = CARTESIAN_POINT('',(25.5,158.,101.63139720814));
#6183 = VERTEX_POINT('',#6184);
#6184 = CARTESIAN_POINT('',(25.5,158.74626998794,101.68678234628));
#6185 = SURFACE_CURVE('',#6186,(#6191,#6204),.PCURVE_S1.);
#6186 = B_SPLINE_CURVE_WITH_KNOTS('',3,(#6187,#6188,#6189,#6190),
  .UNSPECIFIED.,.F.,.F.,(4,4),(0.,7.447365876656E-04),
  .PIECEWISE_BEZIER_KNOTS.);
#6187 = CARTESIAN_POINT('',(25.5,158.,101.63139720814));
#6188 = CARTESIAN_POINT('',(25.5,158.25196405324,101.63139720814));
#6189 = CARTESIAN_POINT('',(25.5,158.50060625514,101.65051775596));
#6190 = CARTESIAN_POINT('',(25.5,158.74626998794,101.68678234628));
#6191 = PCURVE('',#6192,#6197);
#6192 = PLANE('',#6193);
#6193 = AXIS2_PLACEMENT_3D('',#6194,#6195,#6196);
#6194 = CARTESIAN_POINT('',(25.5,195.,163.63139720814));
#6195 = DIRECTION('',(-1.,-5.318914247286E-16,-6.661338147751E-16));
#6196 = DIRECTION('',(6.661338147751E-16,-7.495338295473E-15,-1.));
#6197 = DEFINITIONAL_REPRESENTATION('',(#6198),#6203);
#6198 = B_SPLINE_CURVE_WITH_KNOTS('',3,(#6199,#6200,#6201,#6202),
  .UNSPECIFIED.,.F.,.F.,(4,4),(0.,7.447365876656E-04),
  .PIECEWISE_BEZIER_KNOTS.);
#6199 = CARTESIAN_POINT('',(62.,37.));
#6200 = CARTESIAN_POINT('',(62.,36.748035946752));
#6201 = CARTESIAN_POINT('',(61.980879452176,36.499393744858));
#6202 = CARTESIAN_POINT('',(61.944614861863,36.253730012059));
#6203 = ( GEOMETRIC_REPRESENTATION_CONTEXT(2) 
PARAMETRIC_REPRESENTATION_CONTEXT() REPRESENTATION_CONTEXT('2D SPACE',''
  ) );
#6204 = PCURVE('',#6205,#6210);
#6205 = CONICAL_SURFACE('',#6206,4.,0.785398163397);
#6206 = AXIS2_PLACEMENT_3D('',#6207,#6208,#6209);
#6207 = CARTESIAN_POINT('',(20.5,158.,100.63139720814));
#6208 = DIRECTION('',(-6.661338147751E-16,7.495338295473E-15,1.));
#6209 = DIRECTION('',(5.318914247286E-16,-1.,7.495338295473E-15));
#6210 = DEFINITIONAL_REPRESENTATION('',(#6211),#6237);
#6211 = B_SPLINE_CURVE_WITH_KNOTS('',3,(#6212,#6213,#6214,#6215,#6216,
    #6217,#6218,#6219,#6220,#6221,#6222,#6223,#6224,#6225,#6226,#6227,
    #6228,#6229,#6230,#6231,#6232,#6233,#6234,#6235,#6236),
  .UNSPECIFIED.,.F.,.F.,(4,1,1,1,1,1,1,1,1,1,1,1,1,1,1,1,1,1,1,1,1,1,4),
  (0.,3.385166307571E-05,6.770332615142E-05,1.015549892271E-04,
    1.354066523028E-04,1.692583153786E-04,2.031099784543E-04,
    2.3696164153E-04,2.708133046057E-04,3.046649676814E-04,
    3.385166307571E-04,3.723682938328E-04,4.062199569085E-04,
    4.400716199842E-04,4.7392328306E-04,5.077749461357E-04,
    5.416266092114E-04,5.754782722871E-04,6.093299353628E-04,
    6.431815984385E-04,6.770332615142E-04,7.108849245899E-04,
    7.447365876656E-04),.QUASI_UNIFORM_KNOTS.);
#6212 = CARTESIAN_POINT('',(1.570796326795,1.));
#6213 = CARTESIAN_POINT('',(1.573086909517,0.99999999889));
#6214 = CARTESIAN_POINT('',(1.577665328043,1.000078856909));
#6215 = CARTESIAN_POINT('',(1.584524112698,1.000432721938));
#6216 = CARTESIAN_POINT('',(1.591373449791,1.00102116743));
#6217 = CARTESIAN_POINT('',(1.598212742068,1.001843177727));
#6218 = CARTESIAN_POINT('',(1.605041397358,1.002897725564));
#6219 = CARTESIAN_POINT('',(1.611858829505,1.0041837706));
#6220 = CARTESIAN_POINT('',(1.618664458485,1.005700260103));
#6221 = CARTESIAN_POINT('',(1.625457710724,1.007446129064));
#6222 = CARTESIAN_POINT('',(1.63223801936,1.009420300476));
#6223 = CARTESIAN_POINT('',(1.639004824501,1.011621685573));
#6224 = CARTESIAN_POINT('',(1.645757573476,1.014049184091));
#6225 = CARTESIAN_POINT('',(1.65249572108,1.016701684533));
#6226 = CARTESIAN_POINT('',(1.659218729804,1.019578064434));
#6227 = CARTESIAN_POINT('',(1.665926070056,1.022677190638));
#6228 = CARTESIAN_POINT('',(1.672617220379,1.02599791958));
#6229 = CARTESIAN_POINT('',(1.67929166765,1.029539097563));
#6230 = CARTESIAN_POINT('',(1.685948907271,1.033299561056));
#6231 = CARTESIAN_POINT('',(1.692588443373,1.037278136966));
#6232 = CARTESIAN_POINT('',(1.699209788904,1.041473643004));
#6233 = CARTESIAN_POINT('',(1.705812466112,1.045884887715));
#6234 = CARTESIAN_POINT('',(1.712396005498,1.0505106718));
#6235 = CARTESIAN_POINT('',(1.716771968786,1.053736746993));
#6236 = CARTESIAN_POINT('',(1.71895660797,1.055385138137));
#6237 = ( GEOMETRIC_REPRESENTATION_CONTEXT(2) 
PARAMETRIC_REPRESENTATION_CONTEXT() REPRESENTATION_CONTEXT('2D SPACE',''
  ) );
#6238 = ORIENTED_EDGE('',*,*,#6239,.T.);
#6239 = EDGE_CURVE('',#6183,#6240,#6242,.T.);
#6240 = VERTEX_POINT('',#6241);
#6241 = CARTESIAN_POINT('',(25.5,158.,100.63139720814));
#6242 = SURFACE_CURVE('',#6243,(#6247,#6254),.PCURVE_S1.);
#6243 = LINE('',#6244,#6245);
#6244 = CARTESIAN_POINT('',(25.5,151.79109205676,91.850675387287));
#6245 = VECTOR('',#6246,1.);
#6246 = DIRECTION('',(8.509836394509E-16,-0.57735026919,-0.816496580928)
  );
#6247 = PCURVE('',#6192,#6248);
#6248 = DEFINITIONAL_REPRESENTATION('',(#6249),#6253);
#6249 = LINE('',#6250,#6251);
#6250 = CARTESIAN_POINT('',(71.780721820857,43.20890794324));
#6251 = VECTOR('',#6252,1.);
#6252 = DIRECTION('',(0.816496580928,0.57735026919));
#6253 = ( GEOMETRIC_REPRESENTATION_CONTEXT(2) 
PARAMETRIC_REPRESENTATION_CONTEXT() REPRESENTATION_CONTEXT('2D SPACE',''
  ) );
#6254 = PCURVE('',#4607,#6255);
#6255 = DEFINITIONAL_REPRESENTATION('',(#6256),#6260);
#6256 = LINE('',#6257,#6258);
#6257 = CARTESIAN_POINT('',(10.417815886481,-7.366508258483));
#6258 = VECTOR('',#6259,1.);
#6259 = DIRECTION('',(-0.57735026919,-0.816496580928));
#6260 = ( GEOMETRIC_REPRESENTATION_CONTEXT(2) 
PARAMETRIC_REPRESENTATION_CONTEXT() REPRESENTATION_CONTEXT('2D SPACE',''
  ) );
#6261 = ORIENTED_EDGE('',*,*,#6262,.F.);
#6262 = EDGE_CURVE('',#6263,#6240,#6265,.T.);
#6263 = VERTEX_POINT('',#6264);
#6264 = CARTESIAN_POINT('',(25.5,194.,100.63139720814));
#6265 = SURFACE_CURVE('',#6266,(#6270,#6277),.PCURVE_S1.);
#6266 = LINE('',#6267,#6268);
#6267 = CARTESIAN_POINT('',(25.5,226.1126983722,100.63139720814));
#6268 = VECTOR('',#6269,1.);
#6269 = DIRECTION('',(5.318914247286E-16,-1.,7.495338295473E-15));
#6270 = PCURVE('',#6192,#6271);
#6271 = DEFINITIONAL_REPRESENTATION('',(#6272),#6276);
#6272 = LINE('',#6273,#6274);
#6273 = CARTESIAN_POINT('',(63.,-31.1126983722));
#6274 = VECTOR('',#6275,1.);
#6275 = DIRECTION('',(0.,1.));
#6276 = ( GEOMETRIC_REPRESENTATION_CONTEXT(2) 
PARAMETRIC_REPRESENTATION_CONTEXT() REPRESENTATION_CONTEXT('2D SPACE',''
  ) );
#6277 = PCURVE('',#6144,#6278);
#6278 = DEFINITIONAL_REPRESENTATION('',(#6279),#6283);
#6279 = LINE('',#6280,#6281);
#6280 = CARTESIAN_POINT('',(31.112698372208,0.));
#6281 = VECTOR('',#6282,1.);
#6282 = DIRECTION('',(0.,1.));
#6283 = ( GEOMETRIC_REPRESENTATION_CONTEXT(2) 
PARAMETRIC_REPRESENTATION_CONTEXT() REPRESENTATION_CONTEXT('2D SPACE',''
  ) );
#6284 = ORIENTED_EDGE('',*,*,#6285,.T.);
#6285 = EDGE_CURVE('',#6263,#6286,#6288,.T.);
#6286 = VERTEX_POINT('',#6287);
#6287 = CARTESIAN_POINT('',(25.5,193.25373001206,101.68678234628));
#6288 = SURFACE_CURVE('',#6289,(#6293,#6300),.PCURVE_S1.);
#6289 = LINE('',#6290,#6291);
#6290 = CARTESIAN_POINT('',(25.5,204.3708994574,85.964730541476));
#6291 = VECTOR('',#6292,1.);
#6292 = DIRECTION('',(-2.368083249575E-16,-0.57735026919,0.816496580928)
  );
#6293 = PCURVE('',#6192,#6294);
#6294 = DEFINITIONAL_REPRESENTATION('',(#6295),#6299);
#6295 = LINE('',#6296,#6297);
#6296 = CARTESIAN_POINT('',(77.666666666667,-9.370899457403));
#6297 = VECTOR('',#6298,1.);
#6298 = DIRECTION('',(-0.816496580928,0.57735026919));
#6299 = ( GEOMETRIC_REPRESENTATION_CONTEXT(2) 
PARAMETRIC_REPRESENTATION_CONTEXT() REPRESENTATION_CONTEXT('2D SPACE',''
  ) );
#6300 = PCURVE('',#4778,#6301);
#6301 = DEFINITIONAL_REPRESENTATION('',(#6302),#6306);
#6302 = LINE('',#6303,#6304);
#6303 = CARTESIAN_POINT('',(20.741798914805,14.666666666667));
#6304 = VECTOR('',#6305,1.);
#6305 = DIRECTION('',(0.57735026919,-0.816496580928));
#6306 = ( GEOMETRIC_REPRESENTATION_CONTEXT(2) 
PARAMETRIC_REPRESENTATION_CONTEXT() REPRESENTATION_CONTEXT('2D SPACE',''
  ) );
#6307 = ORIENTED_EDGE('',*,*,#6308,.T.);
#6308 = EDGE_CURVE('',#6286,#6309,#6311,.T.);
#6309 = VERTEX_POINT('',#6310);
#6310 = CARTESIAN_POINT('',(25.5,194.,101.63139720814));
#6311 = SURFACE_CURVE('',#6312,(#6317,#6325),.PCURVE_S1.);
#6312 = B_SPLINE_CURVE_WITH_KNOTS('',3,(#6313,#6314,#6315,#6316),
  .UNSPECIFIED.,.F.,.F.,(4,4),(4.735301139365E-02,4.808997956548E-02),
  .PIECEWISE_BEZIER_KNOTS.);
#6313 = CARTESIAN_POINT('',(25.5,193.25373001206,101.68678234628));
#6314 = CARTESIAN_POINT('',(25.5,193.49911894071,101.65055832223));
#6315 = CARTESIAN_POINT('',(25.5,193.74974158548,101.63139720814));
#6316 = CARTESIAN_POINT('',(25.5,194.,101.63139720814));
#6317 = PCURVE('',#6192,#6318);
#6318 = DEFINITIONAL_REPRESENTATION('',(#6319),#6324);
#6319 = B_SPLINE_CURVE_WITH_KNOTS('',3,(#6320,#6321,#6322,#6323),
  .UNSPECIFIED.,.F.,.F.,(4,4),(4.735301139365E-02,4.808997956548E-02),
  .PIECEWISE_BEZIER_KNOTS.);
#6320 = CARTESIAN_POINT('',(61.944614861863,1.746269987941));
#6321 = CARTESIAN_POINT('',(61.980838885913,1.500881059286));
#6322 = CARTESIAN_POINT('',(62.,1.250258414518));
#6323 = CARTESIAN_POINT('',(62.,1.));
#6324 = ( GEOMETRIC_REPRESENTATION_CONTEXT(2) 
PARAMETRIC_REPRESENTATION_CONTEXT() REPRESENTATION_CONTEXT('2D SPACE',''
  ) );
#6325 = PCURVE('',#6326,#6331);
#6326 = CONICAL_SURFACE('',#6327,4.,0.785398163397);
#6327 = AXIS2_PLACEMENT_3D('',#6328,#6329,#6330);
#6328 = CARTESIAN_POINT('',(20.5,194.,100.63139720814));
#6329 = DIRECTION('',(-6.661338147751E-16,7.495338295473E-15,1.));
#6330 = DIRECTION('',(5.318914247286E-16,-1.,7.495338295473E-15));
#6331 = DEFINITIONAL_REPRESENTATION('',(#6332),#6358);
#6332 = B_SPLINE_CURVE_WITH_KNOTS('',3,(#6333,#6334,#6335,#6336,#6337,
    #6338,#6339,#6340,#6341,#6342,#6343,#6344,#6345,#6346,#6347,#6348,
    #6349,#6350,#6351,#6352,#6353,#6354,#6355,#6356,#6357),
  .UNSPECIFIED.,.F.,.F.,(4,1,1,1,1,1,1,1,1,1,1,1,1,1,1,1,1,1,1,1,1,1,4),
  (4.735301139365E-02,4.738650994691E-02,4.742000850018E-02,
    4.745350705344E-02,4.748700560671E-02,4.752050415997E-02,
    4.755400271324E-02,4.75875012665E-02,4.762099981977E-02,
    4.765449837303E-02,4.76879969263E-02,4.772149547957E-02,
    4.775499403283E-02,4.77884925861E-02,4.782199113936E-02,
    4.785548969263E-02,4.788898824589E-02,4.792248679916E-02,
    4.795598535242E-02,4.798948390569E-02,4.802298245895E-02,
    4.805648101222E-02,4.808997956548E-02),.QUASI_UNIFORM_KNOTS.);
#6333 = CARTESIAN_POINT('',(1.42263604562,1.055385138137));
#6334 = CARTESIAN_POINT('',(1.424818240433,1.053738587448));
#6335 = CARTESIAN_POINT('',(1.429191130903,1.050515269914));
#6336 = CARTESIAN_POINT('',(1.435774876089,1.045891337837));
#6337 = CARTESIAN_POINT('',(1.44238194406,1.041480162368));
#6338 = CARTESIAN_POINT('',(1.449011225897,1.037283386937));
#6339 = CARTESIAN_POINT('',(1.455661598894,1.03330260869));
#6340 = CARTESIAN_POINT('',(1.462331925112,1.02953937138));
#6341 = CARTESIAN_POINT('',(1.469021052619,1.025995166271));
#6342 = CARTESIAN_POINT('',(1.475727816044,1.022671430956));
#6343 = CARTESIAN_POINT('',(1.482451037355,1.019569548771));
#6344 = CARTESIAN_POINT('',(1.489189526602,1.016690848103));
#6345 = CARTESIAN_POINT('',(1.495942082707,1.014036601785));
#6346 = CARTESIAN_POINT('',(1.502707494265,1.011608026513));
#6347 = CARTESIAN_POINT('',(1.509484540374,1.00940628232));
#6348 = CARTESIAN_POINT('',(1.516271991481,1.007432472083));
#6349 = CARTESIAN_POINT('',(1.523068610244,1.005687641094));
#6350 = CARTESIAN_POINT('',(1.529873152419,1.004172776652));
#6351 = CARTESIAN_POINT('',(1.536684367749,1.002888807761));
#6352 = CARTESIAN_POINT('',(1.543501000875,1.00183660469));
#6353 = CARTESIAN_POINT('',(1.550321792259,1.001016979269));
#6354 = CARTESIAN_POINT('',(1.557145479092,1.000430682677));
#6355 = CARTESIAN_POINT('',(1.563970796308,1.000078412819));
#6356 = CARTESIAN_POINT('',(1.568521250247,0.999999995056));
#6357 = CARTESIAN_POINT('',(1.570796326795,1.));
#6358 = ( GEOMETRIC_REPRESENTATION_CONTEXT(2) 
PARAMETRIC_REPRESENTATION_CONTEXT() REPRESENTATION_CONTEXT('2D SPACE',''
  ) );
#6359 = ORIENTED_EDGE('',*,*,#6360,.T.);
#6360 = EDGE_CURVE('',#6309,#6361,#6363,.T.);
#6361 = VERTEX_POINT('',#6362);
#6362 = CARTESIAN_POINT('',(25.5,194.,162.63139720814));
#6363 = SURFACE_CURVE('',#6364,(#6368,#6375),.PCURVE_S1.);
#6364 = LINE('',#6365,#6366);
#6365 = CARTESIAN_POINT('',(25.5,194.,163.63139720814));
#6366 = VECTOR('',#6367,1.);
#6367 = DIRECTION('',(-6.661338147751E-16,7.495338295473E-15,1.));
#6368 = PCURVE('',#6192,#6369);
#6369 = DEFINITIONAL_REPRESENTATION('',(#6370),#6374);
#6370 = LINE('',#6371,#6372);
#6371 = CARTESIAN_POINT('',(0.,1.));
#6372 = VECTOR('',#6373,1.);
#6373 = DIRECTION('',(-1.,0.));
#6374 = ( GEOMETRIC_REPRESENTATION_CONTEXT(2) 
PARAMETRIC_REPRESENTATION_CONTEXT() REPRESENTATION_CONTEXT('2D SPACE',''
  ) );
#6375 = PCURVE('',#6376,#6381);
#6376 = CYLINDRICAL_SURFACE('',#6377,5.);
#6377 = AXIS2_PLACEMENT_3D('',#6378,#6379,#6380);
#6378 = CARTESIAN_POINT('',(20.5,194.,47.631397208143));
#6379 = DIRECTION('',(-6.661338147751E-16,7.495338295473E-15,1.));
#6380 = DIRECTION('',(5.318914247286E-16,-1.,7.495338295473E-15));
#6381 = DEFINITIONAL_REPRESENTATION('',(#6382),#6386);
#6382 = LINE('',#6383,#6384);
#6383 = CARTESIAN_POINT('',(1.570796326795,116.));
#6384 = VECTOR('',#6385,1.);
#6385 = DIRECTION('',(0.,1.));
#6386 = ( GEOMETRIC_REPRESENTATION_CONTEXT(2) 
PARAMETRIC_REPRESENTATION_CONTEXT() REPRESENTATION_CONTEXT('2D SPACE',''
  ) );
#6387 = ORIENTED_EDGE('',*,*,#6388,.T.);
#6388 = EDGE_CURVE('',#6361,#6389,#6391,.T.);
#6389 = VERTEX_POINT('',#6390);
#6390 = CARTESIAN_POINT('',(25.5,158.,162.63139720814));
#6391 = SURFACE_CURVE('',#6392,(#6396,#6403),.PCURVE_S1.);
#6392 = LINE('',#6393,#6394);
#6393 = CARTESIAN_POINT('',(25.5,195.,162.63139720814));
#6394 = VECTOR('',#6395,1.);
#6395 = DIRECTION('',(5.318914247286E-16,-1.,7.495338295473E-15));
#6396 = PCURVE('',#6192,#6397);
#6397 = DEFINITIONAL_REPRESENTATION('',(#6398),#6402);
#6398 = LINE('',#6399,#6400);
#6399 = CARTESIAN_POINT('',(1.,0.));
#6400 = VECTOR('',#6401,1.);
#6401 = DIRECTION('',(0.,1.));
#6402 = ( GEOMETRIC_REPRESENTATION_CONTEXT(2) 
PARAMETRIC_REPRESENTATION_CONTEXT() REPRESENTATION_CONTEXT('2D SPACE',''
  ) );
#6403 = PCURVE('',#6404,#6409);
#6404 = PLANE('',#6405);
#6405 = AXIS2_PLACEMENT_3D('',#6406,#6407,#6408);
#6406 = CARTESIAN_POINT('',(24.5,176.,163.63139720814));
#6407 = DIRECTION('',(-0.707106781187,-5.676108569297E-15,
    -0.707106781187));
#6408 = DIRECTION('',(-5.318914247286E-16,1.,-7.495338295473E-15));
#6409 = DEFINITIONAL_REPRESENTATION('',(#6410),#6414);
#6410 = LINE('',#6411,#6412);
#6411 = CARTESIAN_POINT('',(19.,1.414213562373));
#6412 = VECTOR('',#6413,1.);
#6413 = DIRECTION('',(-1.,0.));
#6414 = ( GEOMETRIC_REPRESENTATION_CONTEXT(2) 
PARAMETRIC_REPRESENTATION_CONTEXT() REPRESENTATION_CONTEXT('2D SPACE',''
  ) );
#6415 = ORIENTED_EDGE('',*,*,#6416,.T.);
#6416 = EDGE_CURVE('',#6389,#6181,#6417,.T.);
#6417 = SURFACE_CURVE('',#6418,(#6422,#6429),.PCURVE_S1.);
#6418 = LINE('',#6419,#6420);
#6419 = CARTESIAN_POINT('',(25.5,158.,163.63139720814));
#6420 = VECTOR('',#6421,1.);
#6421 = DIRECTION('',(6.661338147751E-16,-7.495338295473E-15,-1.));
#6422 = PCURVE('',#6192,#6423);
#6423 = DEFINITIONAL_REPRESENTATION('',(#6424),#6428);
#6424 = LINE('',#6425,#6426);
#6425 = CARTESIAN_POINT('',(0.,37.));
#6426 = VECTOR('',#6427,1.);
#6427 = DIRECTION('',(1.,0.));
#6428 = ( GEOMETRIC_REPRESENTATION_CONTEXT(2) 
PARAMETRIC_REPRESENTATION_CONTEXT() REPRESENTATION_CONTEXT('2D SPACE',''
  ) );
#6429 = PCURVE('',#6430,#6435);
#6430 = CYLINDRICAL_SURFACE('',#6431,5.);
#6431 = AXIS2_PLACEMENT_3D('',#6432,#6433,#6434);
#6432 = CARTESIAN_POINT('',(20.5,158.,47.631397208143));
#6433 = DIRECTION('',(-6.661338147751E-16,7.495338295473E-15,1.));
#6434 = DIRECTION('',(5.318914247286E-16,-1.,7.495338295473E-15));
#6435 = DEFINITIONAL_REPRESENTATION('',(#6436),#6440);
#6436 = LINE('',#6437,#6438);
#6437 = CARTESIAN_POINT('',(1.570796326795,116.));
#6438 = VECTOR('',#6439,1.);
#6439 = DIRECTION('',(0.,-1.));
#6440 = ( GEOMETRIC_REPRESENTATION_CONTEXT(2) 
PARAMETRIC_REPRESENTATION_CONTEXT() REPRESENTATION_CONTEXT('2D SPACE',''
  ) );
#6441 = ADVANCED_FACE('',(#6442,#6683),#1104,.F.);
#6442 = FACE_BOUND('',#6443,.T.);
#6443 = EDGE_LOOP('',(#6444,#6479,#6502,#6535,#6563,#6596,#6624,#6657));
#6444 = ORIENTED_EDGE('',*,*,#6445,.T.);
#6445 = EDGE_CURVE('',#6446,#6448,#6450,.T.);
#6446 = VERTEX_POINT('',#6447);
#6447 = CARTESIAN_POINT('',(20.5,154.,163.63139720814));
#6448 = VERTEX_POINT('',#6449);
#6449 = CARTESIAN_POINT('',(24.5,158.,163.63139720814));
#6450 = SURFACE_CURVE('',#6451,(#6456,#6467),.PCURVE_S1.);
#6451 = CIRCLE('',#6452,4.);
#6452 = AXIS2_PLACEMENT_3D('',#6453,#6454,#6455);
#6453 = CARTESIAN_POINT('',(20.5,158.,163.63139720814));
#6454 = DIRECTION('',(-6.661338147751E-16,7.495338295473E-15,1.));
#6455 = DIRECTION('',(-5.318914247286E-16,1.,-7.495338295473E-15));
#6456 = PCURVE('',#1104,#6457);
#6457 = DEFINITIONAL_REPRESENTATION('',(#6458),#6466);
#6458 = ( BOUNDED_CURVE() B_SPLINE_CURVE(2,(#6459,#6460,#6461,#6462,
#6463,#6464,#6465),.UNSPECIFIED.,.T.,.F.) B_SPLINE_CURVE_WITH_KNOTS((1,2
    ,2,2,2,1),(-2.094395102393,0.,2.094395102393,4.188790204786,
6.28318530718,8.377580409573),.UNSPECIFIED.) CURVE() 
GEOMETRIC_REPRESENTATION_ITEM() RATIONAL_B_SPLINE_CURVE((1.,0.5,1.,0.5,
1.,0.5,1.)) REPRESENTATION_ITEM('') );
#6459 = CARTESIAN_POINT('',(-14.,-21.));
#6460 = CARTESIAN_POINT('',(-14.,-27.92820323027));
#6461 = CARTESIAN_POINT('',(-20.,-24.46410161513));
#6462 = CARTESIAN_POINT('',(-26.,-21.));
#6463 = CARTESIAN_POINT('',(-20.,-17.53589838486));
#6464 = CARTESIAN_POINT('',(-14.,-14.07179676972));
#6465 = CARTESIAN_POINT('',(-14.,-21.));
#6466 = ( GEOMETRIC_REPRESENTATION_CONTEXT(2) 
PARAMETRIC_REPRESENTATION_CONTEXT() REPRESENTATION_CONTEXT('2D SPACE',''
  ) );
#6467 = PCURVE('',#6468,#6473);
#6468 = CONICAL_SURFACE('',#6469,4.,0.785398163397);
#6469 = AXIS2_PLACEMENT_3D('',#6470,#6471,#6472);
#6470 = CARTESIAN_POINT('',(20.5,158.,163.63139720814));
#6471 = DIRECTION('',(6.661338147751E-16,-7.495338295473E-15,-1.));
#6472 = DIRECTION('',(-5.318914247286E-16,1.,-7.495338295473E-15));
#6473 = DEFINITIONAL_REPRESENTATION('',(#6474),#6478);
#6474 = LINE('',#6475,#6476);
#6475 = CARTESIAN_POINT('',(6.28318530718,-2.22044604925E-16));
#6476 = VECTOR('',#6477,1.);
#6477 = DIRECTION('',(-1.,0.));
#6478 = ( GEOMETRIC_REPRESENTATION_CONTEXT(2) 
PARAMETRIC_REPRESENTATION_CONTEXT() REPRESENTATION_CONTEXT('2D SPACE',''
  ) );
#6479 = ORIENTED_EDGE('',*,*,#6480,.T.);
#6480 = EDGE_CURVE('',#6448,#6481,#6483,.T.);
#6481 = VERTEX_POINT('',#6482);
#6482 = CARTESIAN_POINT('',(24.5,194.,163.63139720814));
#6483 = SURFACE_CURVE('',#6484,(#6488,#6495),.PCURVE_S1.);
#6484 = LINE('',#6485,#6486);
#6485 = CARTESIAN_POINT('',(24.5,176.,163.63139720814));
#6486 = VECTOR('',#6487,1.);
#6487 = DIRECTION('',(-5.318914247286E-16,1.,-7.495338295473E-15));
#6488 = PCURVE('',#1104,#6489);
#6489 = DEFINITIONAL_REPRESENTATION('',(#6490),#6494);
#6490 = LINE('',#6491,#6492);
#6491 = CARTESIAN_POINT('',(-0.,-17.));
#6492 = VECTOR('',#6493,1.);
#6493 = DIRECTION('',(1.,0.));
#6494 = ( GEOMETRIC_REPRESENTATION_CONTEXT(2) 
PARAMETRIC_REPRESENTATION_CONTEXT() REPRESENTATION_CONTEXT('2D SPACE',''
  ) );
#6495 = PCURVE('',#6404,#6496);
#6496 = DEFINITIONAL_REPRESENTATION('',(#6497),#6501);
#6497 = LINE('',#6498,#6499);
#6498 = CARTESIAN_POINT('',(0.,0.));
#6499 = VECTOR('',#6500,1.);
#6500 = DIRECTION('',(1.,0.));
#6501 = ( GEOMETRIC_REPRESENTATION_CONTEXT(2) 
PARAMETRIC_REPRESENTATION_CONTEXT() REPRESENTATION_CONTEXT('2D SPACE',''
  ) );
#6502 = ORIENTED_EDGE('',*,*,#6503,.T.);
#6503 = EDGE_CURVE('',#6481,#6504,#6506,.T.);
#6504 = VERTEX_POINT('',#6505);
#6505 = CARTESIAN_POINT('',(20.5,198.,163.63139720814));
#6506 = SURFACE_CURVE('',#6507,(#6512,#6523),.PCURVE_S1.);
#6507 = CIRCLE('',#6508,4.);
#6508 = AXIS2_PLACEMENT_3D('',#6509,#6510,#6511);
#6509 = CARTESIAN_POINT('',(20.5,194.,163.63139720814));
#6510 = DIRECTION('',(-6.661338147751E-16,7.495338295473E-15,1.));
#6511 = DIRECTION('',(-5.318914247286E-16,1.,-7.495338295473E-15));
#6512 = PCURVE('',#1104,#6513);
#6513 = DEFINITIONAL_REPRESENTATION('',(#6514),#6522);
#6514 = ( BOUNDED_CURVE() B_SPLINE_CURVE(2,(#6515,#6516,#6517,#6518,
#6519,#6520,#6521),.UNSPECIFIED.,.T.,.F.) B_SPLINE_CURVE_WITH_KNOTS((1,2
    ,2,2,2,1),(-2.094395102393,0.,2.094395102393,4.188790204786,
6.28318530718,8.377580409573),.UNSPECIFIED.) CURVE() 
GEOMETRIC_REPRESENTATION_ITEM() RATIONAL_B_SPLINE_CURVE((1.,0.5,1.,0.5,
1.,0.5,1.)) REPRESENTATION_ITEM('') );
#6515 = CARTESIAN_POINT('',(22.,-21.));
#6516 = CARTESIAN_POINT('',(22.,-27.92820323027));
#6517 = CARTESIAN_POINT('',(16.,-24.46410161513));
#6518 = CARTESIAN_POINT('',(10.,-21.));
#6519 = CARTESIAN_POINT('',(16.,-17.53589838486));
#6520 = CARTESIAN_POINT('',(22.,-14.07179676972));
#6521 = CARTESIAN_POINT('',(22.,-21.));
#6522 = ( GEOMETRIC_REPRESENTATION_CONTEXT(2) 
PARAMETRIC_REPRESENTATION_CONTEXT() REPRESENTATION_CONTEXT('2D SPACE',''
  ) );
#6523 = PCURVE('',#6524,#6529);
#6524 = CONICAL_SURFACE('',#6525,4.,0.785398163397);
#6525 = AXIS2_PLACEMENT_3D('',#6526,#6527,#6528);
#6526 = CARTESIAN_POINT('',(20.5,194.,163.63139720814));
#6527 = DIRECTION('',(6.661338147751E-16,-7.495338295473E-15,-1.));
#6528 = DIRECTION('',(-5.318914247286E-16,1.,-7.495338295473E-15));
#6529 = DEFINITIONAL_REPRESENTATION('',(#6530),#6534);
#6530 = LINE('',#6531,#6532);
#6531 = CARTESIAN_POINT('',(6.28318530718,-2.22044604925E-16));
#6532 = VECTOR('',#6533,1.);
#6533 = DIRECTION('',(-1.,0.));
#6534 = ( GEOMETRIC_REPRESENTATION_CONTEXT(2) 
PARAMETRIC_REPRESENTATION_CONTEXT() REPRESENTATION_CONTEXT('2D SPACE',''
  ) );
#6535 = ORIENTED_EDGE('',*,*,#6536,.T.);
#6536 = EDGE_CURVE('',#6504,#6537,#6539,.T.);
#6537 = VERTEX_POINT('',#6538);
#6538 = CARTESIAN_POINT('',(-19.5,198.,163.63139720814));
#6539 = SURFACE_CURVE('',#6540,(#6544,#6551),.PCURVE_S1.);
#6540 = LINE('',#6541,#6542);
#6541 = CARTESIAN_POINT('',(-19.5,198.,163.63139720814));
#6542 = VECTOR('',#6543,1.);
#6543 = DIRECTION('',(-1.,-5.318914247286E-16,-6.661338147751E-16));
#6544 = PCURVE('',#1104,#6545);
#6545 = DEFINITIONAL_REPRESENTATION('',(#6546),#6550);
#6546 = LINE('',#6547,#6548);
#6547 = CARTESIAN_POINT('',(22.,-61.));
#6548 = VECTOR('',#6549,1.);
#6549 = DIRECTION('',(-0.,-1.));
#6550 = ( GEOMETRIC_REPRESENTATION_CONTEXT(2) 
PARAMETRIC_REPRESENTATION_CONTEXT() REPRESENTATION_CONTEXT('2D SPACE',''
  ) );
#6551 = PCURVE('',#6552,#6557);
#6552 = PLANE('',#6553);
#6553 = AXIS2_PLACEMENT_3D('',#6554,#6555,#6556);
#6554 = CARTESIAN_POINT('',(41.5,199.,162.63139720814));
#6555 = DIRECTION('',(-8.471317708857E-16,0.707106781187,0.707106781187)
  );
#6556 = DIRECTION('',(-1.,-5.318914247286E-16,-6.661338147751E-16));
#6557 = DEFINITIONAL_REPRESENTATION('',(#6558),#6562);
#6558 = LINE('',#6559,#6560);
#6559 = CARTESIAN_POINT('',(61.,1.414213562373));
#6560 = VECTOR('',#6561,1.);
#6561 = DIRECTION('',(1.,0.));
#6562 = ( GEOMETRIC_REPRESENTATION_CONTEXT(2) 
PARAMETRIC_REPRESENTATION_CONTEXT() REPRESENTATION_CONTEXT('2D SPACE',''
  ) );
#6563 = ORIENTED_EDGE('',*,*,#6564,.T.);
#6564 = EDGE_CURVE('',#6537,#6565,#6567,.T.);
#6565 = VERTEX_POINT('',#6566);
#6566 = CARTESIAN_POINT('',(-23.5,194.,163.63139720814));
#6567 = SURFACE_CURVE('',#6568,(#6573,#6584),.PCURVE_S1.);
#6568 = CIRCLE('',#6569,4.);
#6569 = AXIS2_PLACEMENT_3D('',#6570,#6571,#6572);
#6570 = CARTESIAN_POINT('',(-19.5,194.,163.63139720814));
#6571 = DIRECTION('',(-6.661338147751E-16,7.495338295473E-15,1.));
#6572 = DIRECTION('',(-5.318914247286E-16,1.,-7.495338295473E-15));
#6573 = PCURVE('',#1104,#6574);
#6574 = DEFINITIONAL_REPRESENTATION('',(#6575),#6583);
#6575 = ( BOUNDED_CURVE() B_SPLINE_CURVE(2,(#6576,#6577,#6578,#6579,
#6580,#6581,#6582),.UNSPECIFIED.,.T.,.F.) B_SPLINE_CURVE_WITH_KNOTS((1,2
    ,2,2,2,1),(-2.094395102393,0.,2.094395102393,4.188790204786,
6.28318530718,8.377580409573),.UNSPECIFIED.) CURVE() 
GEOMETRIC_REPRESENTATION_ITEM() RATIONAL_B_SPLINE_CURVE((1.,0.5,1.,0.5,
1.,0.5,1.)) REPRESENTATION_ITEM('') );
#6576 = CARTESIAN_POINT('',(22.,-61.));
#6577 = CARTESIAN_POINT('',(22.,-67.92820323027));
#6578 = CARTESIAN_POINT('',(16.,-64.46410161513));
#6579 = CARTESIAN_POINT('',(10.,-61.));
#6580 = CARTESIAN_POINT('',(16.,-57.53589838486));
#6581 = CARTESIAN_POINT('',(22.,-54.07179676972));
#6582 = CARTESIAN_POINT('',(22.,-61.));
#6583 = ( GEOMETRIC_REPRESENTATION_CONTEXT(2) 
PARAMETRIC_REPRESENTATION_CONTEXT() REPRESENTATION_CONTEXT('2D SPACE',''
  ) );
#6584 = PCURVE('',#6585,#6590);
#6585 = CONICAL_SURFACE('',#6586,4.,0.785398163397);
#6586 = AXIS2_PLACEMENT_3D('',#6587,#6588,#6589);
#6587 = CARTESIAN_POINT('',(-19.5,194.,163.63139720814));
#6588 = DIRECTION('',(6.661338147751E-16,-7.495338295473E-15,-1.));
#6589 = DIRECTION('',(-5.318914247286E-16,1.,-7.495338295473E-15));
#6590 = DEFINITIONAL_REPRESENTATION('',(#6591),#6595);
#6591 = LINE('',#6592,#6593);
#6592 = CARTESIAN_POINT('',(6.28318530718,-2.22044604925E-16));
#6593 = VECTOR('',#6594,1.);
#6594 = DIRECTION('',(-1.,-1.130863886743E-15));
#6595 = ( GEOMETRIC_REPRESENTATION_CONTEXT(2) 
PARAMETRIC_REPRESENTATION_CONTEXT() REPRESENTATION_CONTEXT('2D SPACE',''
  ) );
#6596 = ORIENTED_EDGE('',*,*,#6597,.T.);
#6597 = EDGE_CURVE('',#6565,#6598,#6600,.T.);
#6598 = VERTEX_POINT('',#6599);
#6599 = CARTESIAN_POINT('',(-23.5,158.,163.63139720814));
#6600 = SURFACE_CURVE('',#6601,(#6605,#6612),.PCURVE_S1.);
#6601 = LINE('',#6602,#6603);
#6602 = CARTESIAN_POINT('',(-23.5,158.,163.63139720814));
#6603 = VECTOR('',#6604,1.);
#6604 = DIRECTION('',(5.318914247286E-16,-1.,7.495338295473E-15));
#6605 = PCURVE('',#1104,#6606);
#6606 = DEFINITIONAL_REPRESENTATION('',(#6607),#6611);
#6607 = LINE('',#6608,#6609);
#6608 = CARTESIAN_POINT('',(-18.,-65.));
#6609 = VECTOR('',#6610,1.);
#6610 = DIRECTION('',(-1.,0.));
#6611 = ( GEOMETRIC_REPRESENTATION_CONTEXT(2) 
PARAMETRIC_REPRESENTATION_CONTEXT() REPRESENTATION_CONTEXT('2D SPACE',''
  ) );
#6612 = PCURVE('',#6613,#6618);
#6613 = PLANE('',#6614);
#6614 = AXIS2_PLACEMENT_3D('',#6615,#6616,#6617);
#6615 = CARTESIAN_POINT('',(-24.5,176.,162.63139720814));
#6616 = DIRECTION('',(-0.707106781187,4.923900502736E-15,0.707106781187)
  );
#6617 = DIRECTION('',(5.318914247286E-16,-1.,7.495338295473E-15));
#6618 = DEFINITIONAL_REPRESENTATION('',(#6619),#6623);
#6619 = LINE('',#6620,#6621);
#6620 = CARTESIAN_POINT('',(18.,1.414213562373));
#6621 = VECTOR('',#6622,1.);
#6622 = DIRECTION('',(1.,0.));
#6623 = ( GEOMETRIC_REPRESENTATION_CONTEXT(2) 
PARAMETRIC_REPRESENTATION_CONTEXT() REPRESENTATION_CONTEXT('2D SPACE',''
  ) );
#6624 = ORIENTED_EDGE('',*,*,#6625,.T.);
#6625 = EDGE_CURVE('',#6598,#6626,#6628,.T.);
#6626 = VERTEX_POINT('',#6627);
#6627 = CARTESIAN_POINT('',(-19.5,154.,163.63139720814));
#6628 = SURFACE_CURVE('',#6629,(#6634,#6645),.PCURVE_S1.);
#6629 = CIRCLE('',#6630,4.);
#6630 = AXIS2_PLACEMENT_3D('',#6631,#6632,#6633);
#6631 = CARTESIAN_POINT('',(-19.5,158.,163.63139720814));
#6632 = DIRECTION('',(-6.661338147751E-16,7.495338295473E-15,1.));
#6633 = DIRECTION('',(-5.318914247286E-16,1.,-7.495338295473E-15));
#6634 = PCURVE('',#1104,#6635);
#6635 = DEFINITIONAL_REPRESENTATION('',(#6636),#6644);
#6636 = ( BOUNDED_CURVE() B_SPLINE_CURVE(2,(#6637,#6638,#6639,#6640,
#6641,#6642,#6643),.UNSPECIFIED.,.T.,.F.) B_SPLINE_CURVE_WITH_KNOTS((1,2
    ,2,2,2,1),(-2.094395102393,0.,2.094395102393,4.188790204786,
6.28318530718,8.377580409573),.UNSPECIFIED.) CURVE() 
GEOMETRIC_REPRESENTATION_ITEM() RATIONAL_B_SPLINE_CURVE((1.,0.5,1.,0.5,
1.,0.5,1.)) REPRESENTATION_ITEM('') );
#6637 = CARTESIAN_POINT('',(-14.,-61.));
#6638 = CARTESIAN_POINT('',(-14.,-67.92820323027));
#6639 = CARTESIAN_POINT('',(-20.,-64.46410161513));
#6640 = CARTESIAN_POINT('',(-26.,-61.));
#6641 = CARTESIAN_POINT('',(-20.,-57.53589838486));
#6642 = CARTESIAN_POINT('',(-14.,-54.07179676972));
#6643 = CARTESIAN_POINT('',(-14.,-61.));
#6644 = ( GEOMETRIC_REPRESENTATION_CONTEXT(2) 
PARAMETRIC_REPRESENTATION_CONTEXT() REPRESENTATION_CONTEXT('2D SPACE',''
  ) );
#6645 = PCURVE('',#6646,#6651);
#6646 = CONICAL_SURFACE('',#6647,4.,0.785398163397);
#6647 = AXIS2_PLACEMENT_3D('',#6648,#6649,#6650);
#6648 = CARTESIAN_POINT('',(-19.5,158.,163.63139720814));
#6649 = DIRECTION('',(6.661338147751E-16,-7.495338295473E-15,-1.));
#6650 = DIRECTION('',(-5.318914247286E-16,1.,-7.495338295473E-15));
#6651 = DEFINITIONAL_REPRESENTATION('',(#6652),#6656);
#6652 = LINE('',#6653,#6654);
#6653 = CARTESIAN_POINT('',(6.28318530718,6.883382752676E-15));
#6654 = VECTOR('',#6655,1.);
#6655 = DIRECTION('',(-1.,-2.261727773485E-15));
#6656 = ( GEOMETRIC_REPRESENTATION_CONTEXT(2) 
PARAMETRIC_REPRESENTATION_CONTEXT() REPRESENTATION_CONTEXT('2D SPACE',''
  ) );
#6657 = ORIENTED_EDGE('',*,*,#6658,.T.);
#6658 = EDGE_CURVE('',#6626,#6446,#6659,.T.);
#6659 = SURFACE_CURVE('',#6660,(#6664,#6671),.PCURVE_S1.);
#6660 = LINE('',#6661,#6662);
#6661 = CARTESIAN_POINT('',(41.5,154.,163.63139720814));
#6662 = VECTOR('',#6663,1.);
#6663 = DIRECTION('',(1.,5.318914247286E-16,6.661338147751E-16));
#6664 = PCURVE('',#1104,#6665);
#6665 = DEFINITIONAL_REPRESENTATION('',(#6666),#6670);
#6666 = LINE('',#6667,#6668);
#6667 = CARTESIAN_POINT('',(-22.,0.));
#6668 = VECTOR('',#6669,1.);
#6669 = DIRECTION('',(0.,1.));
#6670 = ( GEOMETRIC_REPRESENTATION_CONTEXT(2) 
PARAMETRIC_REPRESENTATION_CONTEXT() REPRESENTATION_CONTEXT('2D SPACE',''
  ) );
#6671 = PCURVE('',#6672,#6677);
#6672 = PLANE('',#6673);
#6673 = AXIS2_PLACEMENT_3D('',#6674,#6675,#6676);
#6674 = CARTESIAN_POINT('',(41.5,153.,162.63139720814));
#6675 = DIRECTION('',(9.492370432456E-17,0.707106781187,-0.707106781187)
  );
#6676 = DIRECTION('',(-1.,-5.318914247286E-16,-6.661338147751E-16));
#6677 = DEFINITIONAL_REPRESENTATION('',(#6678),#6682);
#6678 = LINE('',#6679,#6680);
#6679 = CARTESIAN_POINT('',(0.,1.414213562373));
#6680 = VECTOR('',#6681,1.);
#6681 = DIRECTION('',(-1.,0.));
#6682 = ( GEOMETRIC_REPRESENTATION_CONTEXT(2) 
PARAMETRIC_REPRESENTATION_CONTEXT() REPRESENTATION_CONTEXT('2D SPACE',''
  ) );
#6683 = FACE_BOUND('',#6684,.T.);
#6684 = EDGE_LOOP('',(#6685,#6686,#6712,#6713,#6739,#6740,#6766,#6767,
    #6768,#6794,#6795,#6823,#6849));
#6685 = ORIENTED_EDGE('',*,*,#2178,.F.);
#6686 = ORIENTED_EDGE('',*,*,#6687,.F.);
#6687 = EDGE_CURVE('',#1333,#2179,#6688,.T.);
#6688 = SURFACE_CURVE('',#6689,(#6694,#6705),.PCURVE_S1.);
#6689 = CIRCLE('',#6690,14.15);
#6690 = AXIS2_PLACEMENT_3D('',#6691,#6692,#6693);
#6691 = CARTESIAN_POINT('',(-1.06581410364E-13,176.,163.63139720814));
#6692 = DIRECTION('',(-6.661338147751E-16,7.495338295473E-15,1.));
#6693 = DIRECTION('',(5.318914247286E-16,-1.,7.495338295473E-15));
#6694 = PCURVE('',#1104,#6695);
#6695 = DEFINITIONAL_REPRESENTATION('',(#6696),#6704);
#6696 = ( BOUNDED_CURVE() B_SPLINE_CURVE(2,(#6697,#6698,#6699,#6700,
#6701,#6702,#6703),.UNSPECIFIED.,.T.,.F.) B_SPLINE_CURVE_WITH_KNOTS((1,2
    ,2,2,2,1),(-2.094395102393,0.,2.094395102393,4.188790204786,
6.28318530718,8.377580409573),.UNSPECIFIED.) CURVE() 
GEOMETRIC_REPRESENTATION_ITEM() RATIONAL_B_SPLINE_CURVE((1.,0.5,1.,0.5,
1.,0.5,1.)) REPRESENTATION_ITEM('') );
#6697 = CARTESIAN_POINT('',(-14.15,-41.5));
#6698 = CARTESIAN_POINT('',(-14.15,-16.9914810729));
#6699 = CARTESIAN_POINT('',(7.075,-29.24574053645));
#6700 = CARTESIAN_POINT('',(28.3,-41.5));
#6701 = CARTESIAN_POINT('',(7.075,-53.75425946355));
#6702 = CARTESIAN_POINT('',(-14.15,-66.0085189271));
#6703 = CARTESIAN_POINT('',(-14.15,-41.5));
#6704 = ( GEOMETRIC_REPRESENTATION_CONTEXT(2) 
PARAMETRIC_REPRESENTATION_CONTEXT() REPRESENTATION_CONTEXT('2D SPACE',''
  ) );
#6705 = PCURVE('',#1348,#6706);
#6706 = DEFINITIONAL_REPRESENTATION('',(#6707),#6711);
#6707 = LINE('',#6708,#6709);
#6708 = CARTESIAN_POINT('',(0.,2.5));
#6709 = VECTOR('',#6710,1.);
#6710 = DIRECTION('',(1.,0.));
#6711 = ( GEOMETRIC_REPRESENTATION_CONTEXT(2) 
PARAMETRIC_REPRESENTATION_CONTEXT() REPRESENTATION_CONTEXT('2D SPACE',''
  ) );
#6712 = ORIENTED_EDGE('',*,*,#1360,.F.);
#6713 = ORIENTED_EDGE('',*,*,#6714,.F.);
#6714 = EDGE_CURVE('',#1055,#1361,#6715,.T.);
#6715 = SURFACE_CURVE('',#6716,(#6721,#6732),.PCURVE_S1.);
#6716 = CIRCLE('',#6717,3.1);
#6717 = AXIS2_PLACEMENT_3D('',#6718,#6719,#6720);
#6718 = CARTESIAN_POINT('',(9.899494936612,166.10050506339,
    163.63139720814));
#6719 = DIRECTION('',(-6.661338147751E-16,7.495338295473E-15,1.));
#6720 = DIRECTION('',(5.318914247286E-16,-1.,7.495338295473E-15));
#6721 = PCURVE('',#1104,#6722);
#6722 = DEFINITIONAL_REPRESENTATION('',(#6723),#6731);
#6723 = ( BOUNDED_CURVE() B_SPLINE_CURVE(2,(#6724,#6725,#6726,#6727,
#6728,#6729,#6730),.UNSPECIFIED.,.T.,.F.) B_SPLINE_CURVE_WITH_KNOTS((1,2
    ,2,2,2,1),(-2.094395102393,0.,2.094395102393,4.188790204786,
6.28318530718,8.377580409573),.UNSPECIFIED.) CURVE() 
GEOMETRIC_REPRESENTATION_ITEM() RATIONAL_B_SPLINE_CURVE((1.,0.5,1.,0.5,
1.,0.5,1.)) REPRESENTATION_ITEM('') );
#6724 = CARTESIAN_POINT('',(-12.99949493661,-31.60050506338));
#6725 = CARTESIAN_POINT('',(-12.99949493661,-26.23114755992));
#6726 = CARTESIAN_POINT('',(-8.349494936612,-28.91582631165));
#6727 = CARTESIAN_POINT('',(-3.699494936612,-31.60050506338));
#6728 = CARTESIAN_POINT('',(-8.349494936612,-34.28518381512));
#6729 = CARTESIAN_POINT('',(-12.99949493661,-36.96986256685));
#6730 = CARTESIAN_POINT('',(-12.99949493661,-31.60050506338));
#6731 = ( GEOMETRIC_REPRESENTATION_CONTEXT(2) 
PARAMETRIC_REPRESENTATION_CONTEXT() REPRESENTATION_CONTEXT('2D SPACE',''
  ) );
#6732 = PCURVE('',#1075,#6733);
#6733 = DEFINITIONAL_REPRESENTATION('',(#6734),#6738);
#6734 = LINE('',#6735,#6736);
#6735 = CARTESIAN_POINT('',(-8.881784197001E-16,3.7));
#6736 = VECTOR('',#6737,1.);
#6737 = DIRECTION('',(1.,0.));
#6738 = ( GEOMETRIC_REPRESENTATION_CONTEXT(2) 
PARAMETRIC_REPRESENTATION_CONTEXT() REPRESENTATION_CONTEXT('2D SPACE',''
  ) );
#6739 = ORIENTED_EDGE('',*,*,#1087,.F.);
#6740 = ORIENTED_EDGE('',*,*,#6741,.F.);
#6741 = EDGE_CURVE('',#1678,#1088,#6742,.T.);
#6742 = SURFACE_CURVE('',#6743,(#6748,#6759),.PCURVE_S1.);
#6743 = CIRCLE('',#6744,14.15);
#6744 = AXIS2_PLACEMENT_3D('',#6745,#6746,#6747);
#6745 = CARTESIAN_POINT('',(-1.06581410364E-13,176.,163.63139720814));
#6746 = DIRECTION('',(-6.661338147751E-16,7.495338295473E-15,1.));
#6747 = DIRECTION('',(5.318914247286E-16,-1.,7.495338295473E-15));
#6748 = PCURVE('',#1104,#6749);
#6749 = DEFINITIONAL_REPRESENTATION('',(#6750),#6758);
#6750 = ( BOUNDED_CURVE() B_SPLINE_CURVE(2,(#6751,#6752,#6753,#6754,
#6755,#6756,#6757),.UNSPECIFIED.,.T.,.F.) B_SPLINE_CURVE_WITH_KNOTS((1,2
    ,2,2,2,1),(-2.094395102393,0.,2.094395102393,4.188790204786,
6.28318530718,8.377580409573),.UNSPECIFIED.) CURVE() 
GEOMETRIC_REPRESENTATION_ITEM() RATIONAL_B_SPLINE_CURVE((1.,0.5,1.,0.5,
1.,0.5,1.)) REPRESENTATION_ITEM('') );
#6751 = CARTESIAN_POINT('',(-14.15,-41.5));
#6752 = CARTESIAN_POINT('',(-14.15,-16.9914810729));
#6753 = CARTESIAN_POINT('',(7.075,-29.24574053645));
#6754 = CARTESIAN_POINT('',(28.3,-41.5));
#6755 = CARTESIAN_POINT('',(7.075,-53.75425946355));
#6756 = CARTESIAN_POINT('',(-14.15,-66.0085189271));
#6757 = CARTESIAN_POINT('',(-14.15,-41.5));
#6758 = ( GEOMETRIC_REPRESENTATION_CONTEXT(2) 
PARAMETRIC_REPRESENTATION_CONTEXT() REPRESENTATION_CONTEXT('2D SPACE',''
  ) );
#6759 = PCURVE('',#1136,#6760);
#6760 = DEFINITIONAL_REPRESENTATION('',(#6761),#6765);
#6761 = LINE('',#6762,#6763);
#6762 = CARTESIAN_POINT('',(0.,2.5));
#6763 = VECTOR('',#6764,1.);
#6764 = DIRECTION('',(1.,0.));
#6765 = ( GEOMETRIC_REPRESENTATION_CONTEXT(2) 
PARAMETRIC_REPRESENTATION_CONTEXT() REPRESENTATION_CONTEXT('2D SPACE',''
  ) );
#6766 = ORIENTED_EDGE('',*,*,#1700,.F.);
#6767 = ORIENTED_EDGE('',*,*,#1472,.F.);
#6768 = ORIENTED_EDGE('',*,*,#6769,.F.);
#6769 = EDGE_CURVE('',#1816,#1473,#6770,.T.);
#6770 = SURFACE_CURVE('',#6771,(#6776,#6787),.PCURVE_S1.);
#6771 = CIRCLE('',#6772,14.15);
#6772 = AXIS2_PLACEMENT_3D('',#6773,#6774,#6775);
#6773 = CARTESIAN_POINT('',(-1.06581410364E-13,176.,163.63139720814));
#6774 = DIRECTION('',(-6.661338147751E-16,7.495338295473E-15,1.));
#6775 = DIRECTION('',(5.318914247286E-16,-1.,7.495338295473E-15));
#6776 = PCURVE('',#1104,#6777);
#6777 = DEFINITIONAL_REPRESENTATION('',(#6778),#6786);
#6778 = ( BOUNDED_CURVE() B_SPLINE_CURVE(2,(#6779,#6780,#6781,#6782,
#6783,#6784,#6785),.UNSPECIFIED.,.T.,.F.) B_SPLINE_CURVE_WITH_KNOTS((1,2
    ,2,2,2,1),(-2.094395102393,0.,2.094395102393,4.188790204786,
6.28318530718,8.377580409573),.UNSPECIFIED.) CURVE() 
GEOMETRIC_REPRESENTATION_ITEM() RATIONAL_B_SPLINE_CURVE((1.,0.5,1.,0.5,
1.,0.5,1.)) REPRESENTATION_ITEM('') );
#6779 = CARTESIAN_POINT('',(-14.15,-41.5));
#6780 = CARTESIAN_POINT('',(-14.15,-16.9914810729));
#6781 = CARTESIAN_POINT('',(7.075,-29.24574053645));
#6782 = CARTESIAN_POINT('',(28.3,-41.5));
#6783 = CARTESIAN_POINT('',(7.075,-53.75425946355));
#6784 = CARTESIAN_POINT('',(-14.15,-66.0085189271));
#6785 = CARTESIAN_POINT('',(-14.15,-41.5));
#6786 = ( GEOMETRIC_REPRESENTATION_CONTEXT(2) 
PARAMETRIC_REPRESENTATION_CONTEXT() REPRESENTATION_CONTEXT('2D SPACE',''
  ) );
#6787 = PCURVE('',#1516,#6788);
#6788 = DEFINITIONAL_REPRESENTATION('',(#6789),#6793);
#6789 = LINE('',#6790,#6791);
#6790 = CARTESIAN_POINT('',(0.,2.5));
#6791 = VECTOR('',#6792,1.);
#6792 = DIRECTION('',(1.,0.));
#6793 = ( GEOMETRIC_REPRESENTATION_CONTEXT(2) 
PARAMETRIC_REPRESENTATION_CONTEXT() REPRESENTATION_CONTEXT('2D SPACE',''
  ) );
#6794 = ORIENTED_EDGE('',*,*,#1838,.F.);
#6795 = ORIENTED_EDGE('',*,*,#6796,.F.);
#6796 = EDGE_CURVE('',#6797,#1839,#6799,.T.);
#6797 = VERTEX_POINT('',#6798);
#6798 = CARTESIAN_POINT('',(-7.575635395031,187.9512446365,
    163.63139720814));
#6799 = SURFACE_CURVE('',#6800,(#6805,#6816),.PCURVE_S1.);
#6800 = CIRCLE('',#6801,3.1);
#6801 = AXIS2_PLACEMENT_3D('',#6802,#6803,#6804);
#6802 = CARTESIAN_POINT('',(-9.899494936612,185.89949493661,
    163.63139720814));
#6803 = DIRECTION('',(-6.661338147751E-16,7.495338295473E-15,1.));
#6804 = DIRECTION('',(5.318914247286E-16,-1.,7.495338295473E-15));
#6805 = PCURVE('',#1104,#6806);
#6806 = DEFINITIONAL_REPRESENTATION('',(#6807),#6815);
#6807 = ( BOUNDED_CURVE() B_SPLINE_CURVE(2,(#6808,#6809,#6810,#6811,
#6812,#6813,#6814),.UNSPECIFIED.,.T.,.F.) B_SPLINE_CURVE_WITH_KNOTS((1,2
    ,2,2,2,1),(-2.094395102393,0.,2.094395102393,4.188790204786,
6.28318530718,8.377580409573),.UNSPECIFIED.) CURVE() 
GEOMETRIC_REPRESENTATION_ITEM() RATIONAL_B_SPLINE_CURVE((1.,0.5,1.,0.5,
1.,0.5,1.)) REPRESENTATION_ITEM('') );
#6808 = CARTESIAN_POINT('',(6.799494936612,-51.39949493661));
#6809 = CARTESIAN_POINT('',(6.799494936612,-46.03013743314));
#6810 = CARTESIAN_POINT('',(11.449494936612,-48.71481618488));
#6811 = CARTESIAN_POINT('',(16.099494936612,-51.39949493661));
#6812 = CARTESIAN_POINT('',(11.449494936612,-54.08417368834));
#6813 = CARTESIAN_POINT('',(6.799494936612,-56.76885244007));
#6814 = CARTESIAN_POINT('',(6.799494936612,-51.39949493661));
#6815 = ( GEOMETRIC_REPRESENTATION_CONTEXT(2) 
PARAMETRIC_REPRESENTATION_CONTEXT() REPRESENTATION_CONTEXT('2D SPACE',''
  ) );
#6816 = PCURVE('',#1882,#6817);
#6817 = DEFINITIONAL_REPRESENTATION('',(#6818),#6822);
#6818 = LINE('',#6819,#6820);
#6819 = CARTESIAN_POINT('',(-4.440892098501E-16,3.7));
#6820 = VECTOR('',#6821,1.);
#6821 = DIRECTION('',(1.,0.));
#6822 = ( GEOMETRIC_REPRESENTATION_CONTEXT(2) 
PARAMETRIC_REPRESENTATION_CONTEXT() REPRESENTATION_CONTEXT('2D SPACE',''
  ) );
#6823 = ORIENTED_EDGE('',*,*,#6824,.F.);
#6824 = EDGE_CURVE('',#2065,#6797,#6825,.T.);
#6825 = SURFACE_CURVE('',#6826,(#6831,#6842),.PCURVE_S1.);
#6826 = CIRCLE('',#6827,14.15);
#6827 = AXIS2_PLACEMENT_3D('',#6828,#6829,#6830);
#6828 = CARTESIAN_POINT('',(-1.06581410364E-13,176.,163.63139720814));
#6829 = DIRECTION('',(-6.661338147751E-16,7.495338295473E-15,1.));
#6830 = DIRECTION('',(5.318914247286E-16,-1.,7.495338295473E-15));
#6831 = PCURVE('',#1104,#6832);
#6832 = DEFINITIONAL_REPRESENTATION('',(#6833),#6841);
#6833 = ( BOUNDED_CURVE() B_SPLINE_CURVE(2,(#6834,#6835,#6836,#6837,
#6838,#6839,#6840),.UNSPECIFIED.,.T.,.F.) B_SPLINE_CURVE_WITH_KNOTS((1,2
    ,2,2,2,1),(-2.094395102393,0.,2.094395102393,4.188790204786,
6.28318530718,8.377580409573),.UNSPECIFIED.) CURVE() 
GEOMETRIC_REPRESENTATION_ITEM() RATIONAL_B_SPLINE_CURVE((1.,0.5,1.,0.5,
1.,0.5,1.)) REPRESENTATION_ITEM('') );
#6834 = CARTESIAN_POINT('',(-14.15,-41.5));
#6835 = CARTESIAN_POINT('',(-14.15,-16.9914810729));
#6836 = CARTESIAN_POINT('',(7.075,-29.24574053645));
#6837 = CARTESIAN_POINT('',(28.3,-41.5));
#6838 = CARTESIAN_POINT('',(7.075,-53.75425946355));
#6839 = CARTESIAN_POINT('',(-14.15,-66.0085189271));
#6840 = CARTESIAN_POINT('',(-14.15,-41.5));
#6841 = ( GEOMETRIC_REPRESENTATION_CONTEXT(2) 
PARAMETRIC_REPRESENTATION_CONTEXT() REPRESENTATION_CONTEXT('2D SPACE',''
  ) );
#6842 = PCURVE('',#2080,#6843);
#6843 = DEFINITIONAL_REPRESENTATION('',(#6844),#6848);
#6844 = LINE('',#6845,#6846);
#6845 = CARTESIAN_POINT('',(0.,2.5));
#6846 = VECTOR('',#6847,1.);
#6847 = DIRECTION('',(1.,0.));
#6848 = ( GEOMETRIC_REPRESENTATION_CONTEXT(2) 
PARAMETRIC_REPRESENTATION_CONTEXT() REPRESENTATION_CONTEXT('2D SPACE',''
  ) );
#6849 = ORIENTED_EDGE('',*,*,#2092,.F.);
#6850 = ADVANCED_FACE('',(#6851,#6855,#6859,#6863,#6867,#6871),#2499,.F.
  );
#6851 = FACE_BOUND('',#6852,.T.);
#6852 = EDGE_LOOP('',(#6853,#6854));
#6853 = ORIENTED_EDGE('',*,*,#5588,.T.);
#6854 = ORIENTED_EDGE('',*,*,#2484,.T.);
#6855 = FACE_BOUND('',#6856,.T.);
#6856 = EDGE_LOOP('',(#6857,#6858));
#6857 = ORIENTED_EDGE('',*,*,#5535,.T.);
#6858 = ORIENTED_EDGE('',*,*,#2600,.T.);
#6859 = FACE_BOUND('',#6860,.T.);
#6860 = EDGE_LOOP('',(#6861,#6862));
#6861 = ORIENTED_EDGE('',*,*,#5482,.T.);
#6862 = ORIENTED_EDGE('',*,*,#2711,.T.);
#6863 = FACE_BOUND('',#6864,.T.);
#6864 = EDGE_LOOP('',(#6865,#6866));
#6865 = ORIENTED_EDGE('',*,*,#5429,.T.);
#6866 = ORIENTED_EDGE('',*,*,#2822,.T.);
#6867 = FACE_BOUND('',#6868,.T.);
#6868 = EDGE_LOOP('',(#6869,#6870));
#6869 = ORIENTED_EDGE('',*,*,#5189,.F.);
#6870 = ORIENTED_EDGE('',*,*,#3028,.F.);
#6871 = FACE_BOUND('',#6872,.T.);
#6872 = EDGE_LOOP('',(#6873,#6874,#6897,#6920));
#6873 = ORIENTED_EDGE('',*,*,#5787,.T.);
#6874 = ORIENTED_EDGE('',*,*,#6875,.F.);
#6875 = EDGE_CURVE('',#6876,#5765,#6878,.T.);
#6876 = VERTEX_POINT('',#6877);
#6877 = CARTESIAN_POINT('',(-20.5,157.,157.63139720814));
#6878 = SURFACE_CURVE('',#6879,(#6883,#6890),.PCURVE_S1.);
#6879 = LINE('',#6880,#6881);
#6880 = CARTESIAN_POINT('',(-20.5,157.,157.63139720814));
#6881 = VECTOR('',#6882,1.);
#6882 = DIRECTION('',(1.,5.318914247286E-16,6.661338147751E-16));
#6883 = PCURVE('',#2499,#6884);
#6884 = DEFINITIONAL_REPRESENTATION('',(#6885),#6889);
#6885 = LINE('',#6886,#6887);
#6886 = CARTESIAN_POINT('',(38.,0.));
#6887 = VECTOR('',#6888,1.);
#6888 = DIRECTION('',(0.,1.));
#6889 = ( GEOMETRIC_REPRESENTATION_CONTEXT(2) 
PARAMETRIC_REPRESENTATION_CONTEXT() REPRESENTATION_CONTEXT('2D SPACE',''
  ) );
#6890 = PCURVE('',#5028,#6891);
#6891 = DEFINITIONAL_REPRESENTATION('',(#6892),#6896);
#6892 = LINE('',#6893,#6894);
#6893 = CARTESIAN_POINT('',(110.,-62.));
#6894 = VECTOR('',#6895,1.);
#6895 = DIRECTION('',(0.,1.));
#6896 = ( GEOMETRIC_REPRESENTATION_CONTEXT(2) 
PARAMETRIC_REPRESENTATION_CONTEXT() REPRESENTATION_CONTEXT('2D SPACE',''
  ) );
#6897 = ORIENTED_EDGE('',*,*,#6898,.F.);
#6898 = EDGE_CURVE('',#6899,#6876,#6901,.T.);
#6899 = VERTEX_POINT('',#6900);
#6900 = CARTESIAN_POINT('',(-20.5,195.,157.63139720814));
#6901 = SURFACE_CURVE('',#6902,(#6906,#6913),.PCURVE_S1.);
#6902 = LINE('',#6903,#6904);
#6903 = CARTESIAN_POINT('',(-20.5,195.,157.63139720814));
#6904 = VECTOR('',#6905,1.);
#6905 = DIRECTION('',(5.318914247286E-16,-1.,7.495338295473E-15));
#6906 = PCURVE('',#2499,#6907);
#6907 = DEFINITIONAL_REPRESENTATION('',(#6908),#6912);
#6908 = LINE('',#6909,#6910);
#6909 = CARTESIAN_POINT('',(0.,0.));
#6910 = VECTOR('',#6911,1.);
#6911 = DIRECTION('',(1.,0.));
#6912 = ( GEOMETRIC_REPRESENTATION_CONTEXT(2) 
PARAMETRIC_REPRESENTATION_CONTEXT() REPRESENTATION_CONTEXT('2D SPACE',''
  ) );
#6913 = PCURVE('',#5000,#6914);
#6914 = DEFINITIONAL_REPRESENTATION('',(#6915),#6919);
#6915 = LINE('',#6916,#6917);
#6916 = CARTESIAN_POINT('',(-110.,-19.));
#6917 = VECTOR('',#6918,1.);
#6918 = DIRECTION('',(0.,1.));
#6919 = ( GEOMETRIC_REPRESENTATION_CONTEXT(2) 
PARAMETRIC_REPRESENTATION_CONTEXT() REPRESENTATION_CONTEXT('2D SPACE',''
  ) );
#6920 = ORIENTED_EDGE('',*,*,#6921,.T.);
#6921 = EDGE_CURVE('',#6899,#5617,#6922,.T.);
#6922 = SURFACE_CURVE('',#6923,(#6927,#6934),.PCURVE_S1.);
#6923 = LINE('',#6924,#6925);
#6924 = CARTESIAN_POINT('',(-20.5,195.,157.63139720814));
#6925 = VECTOR('',#6926,1.);
#6926 = DIRECTION('',(1.,5.318914247286E-16,6.661338147751E-16));
#6927 = PCURVE('',#2499,#6928);
#6928 = DEFINITIONAL_REPRESENTATION('',(#6929),#6933);
#6929 = LINE('',#6930,#6931);
#6930 = CARTESIAN_POINT('',(0.,0.));
#6931 = VECTOR('',#6932,1.);
#6932 = DIRECTION('',(0.,1.));
#6933 = ( GEOMETRIC_REPRESENTATION_CONTEXT(2) 
PARAMETRIC_REPRESENTATION_CONTEXT() REPRESENTATION_CONTEXT('2D SPACE',''
  ) );
#6934 = PCURVE('',#5174,#6935);
#6935 = DEFINITIONAL_REPRESENTATION('',(#6936),#6940);
#6936 = LINE('',#6937,#6938);
#6937 = CARTESIAN_POINT('',(110.,-62.));
#6938 = VECTOR('',#6939,1.);
#6939 = DIRECTION('',(0.,1.));
#6940 = ( GEOMETRIC_REPRESENTATION_CONTEXT(2) 
PARAMETRIC_REPRESENTATION_CONTEXT() REPRESENTATION_CONTEXT('2D SPACE',''
  ) );
#6941 = ADVANCED_FACE('',(#6942),#4133,.F.);
#6942 = FACE_BOUND('',#6943,.F.);
#6943 = EDGE_LOOP('',(#6944,#6945,#6967,#6968));
#6944 = ORIENTED_EDGE('',*,*,#4317,.F.);
#6945 = ORIENTED_EDGE('',*,*,#6946,.F.);
#6946 = EDGE_CURVE('',#4172,#4225,#6947,.T.);
#6947 = SURFACE_CURVE('',#6948,(#6953,#6960),.PCURVE_S1.);
#6948 = CIRCLE('',#6949,14.15);
#6949 = AXIS2_PLACEMENT_3D('',#6950,#6951,#6952);
#6950 = CARTESIAN_POINT('',(35.5,176.,47.631397208143));
#6951 = DIRECTION('',(-1.,-5.318914247286E-16,-6.661338147751E-16));
#6952 = DIRECTION('',(6.661338147751E-16,-7.495338295473E-15,-1.));
#6953 = PCURVE('',#4133,#6954);
#6954 = DEFINITIONAL_REPRESENTATION('',(#6955),#6959);
#6955 = LINE('',#6956,#6957);
#6956 = CARTESIAN_POINT('',(9.424777960769,0.));
#6957 = VECTOR('',#6958,1.);
#6958 = DIRECTION('',(-1.,0.));
#6959 = ( GEOMETRIC_REPRESENTATION_CONTEXT(2) 
PARAMETRIC_REPRESENTATION_CONTEXT() REPRESENTATION_CONTEXT('2D SPACE',''
  ) );
#6960 = PCURVE('',#4187,#6961);
#6961 = DEFINITIONAL_REPRESENTATION('',(#6962),#6966);
#6962 = CIRCLE('',#6963,14.15);
#6963 = AXIS2_PLACEMENT_2D('',#6964,#6965);
#6964 = CARTESIAN_POINT('',(0.,0.));
#6965 = DIRECTION('',(1.,0.));
#6966 = ( GEOMETRIC_REPRESENTATION_CONTEXT(2) 
PARAMETRIC_REPRESENTATION_CONTEXT() REPRESENTATION_CONTEXT('2D SPACE',''
  ) );
#6967 = ORIENTED_EDGE('',*,*,#4199,.T.);
#6968 = ORIENTED_EDGE('',*,*,#4114,.T.);
#6969 = ADVANCED_FACE('',(#6970,#6996),#4187,.T.);
#6970 = FACE_BOUND('',#6971,.T.);
#6971 = EDGE_LOOP('',(#6972,#6973,#6994,#6995));
#6972 = ORIENTED_EDGE('',*,*,#4171,.T.);
#6973 = ORIENTED_EDGE('',*,*,#6974,.T.);
#6974 = EDGE_CURVE('',#4149,#4227,#6975,.T.);
#6975 = SURFACE_CURVE('',#6976,(#6980,#6987),.PCURVE_S1.);
#6976 = LINE('',#6977,#6978);
#6977 = CARTESIAN_POINT('',(35.5,190.15,71.631397208143));
#6978 = VECTOR('',#6979,1.);
#6979 = DIRECTION('',(5.318914247286E-16,-1.,7.495338295473E-15));
#6980 = PCURVE('',#4187,#6981);
#6981 = DEFINITIONAL_REPRESENTATION('',(#6982),#6986);
#6982 = LINE('',#6983,#6984);
#6983 = CARTESIAN_POINT('',(-24.,-14.15));
#6984 = VECTOR('',#6985,1.);
#6985 = DIRECTION('',(0.,1.));
#6986 = ( GEOMETRIC_REPRESENTATION_CONTEXT(2) 
PARAMETRIC_REPRESENTATION_CONTEXT() REPRESENTATION_CONTEXT('2D SPACE',''
  ) );
#6987 = PCURVE('',#73,#6988);
#6988 = DEFINITIONAL_REPRESENTATION('',(#6989),#6993);
#6989 = LINE('',#6990,#6991);
#6990 = CARTESIAN_POINT('',(0.,28.317662332897));
#6991 = VECTOR('',#6992,1.);
#6992 = DIRECTION('',(1.,0.));
#6993 = ( GEOMETRIC_REPRESENTATION_CONTEXT(2) 
PARAMETRIC_REPRESENTATION_CONTEXT() REPRESENTATION_CONTEXT('2D SPACE',''
  ) );
#6994 = ORIENTED_EDGE('',*,*,#4224,.F.);
#6995 = ORIENTED_EDGE('',*,*,#6946,.F.);
#6996 = FACE_BOUND('',#6997,.T.);
#6997 = EDGE_LOOP('',(#6998,#7023,#7046,#7070));
#6998 = ORIENTED_EDGE('',*,*,#6999,.T.);
#6999 = EDGE_CURVE('',#7000,#7002,#7004,.T.);
#7000 = VERTEX_POINT('',#7001);
#7001 = CARTESIAN_POINT('',(35.5,158.,72.631397208143));
#7002 = VERTEX_POINT('',#7003);
#7003 = CARTESIAN_POINT('',(35.5,194.,72.631397208143));
#7004 = SURFACE_CURVE('',#7005,(#7009,#7016),.PCURVE_S1.);
#7005 = LINE('',#7006,#7007);
#7006 = CARTESIAN_POINT('',(35.5,176.,72.631397208143));
#7007 = VECTOR('',#7008,1.);
#7008 = DIRECTION('',(-5.318914247286E-16,1.,-7.495338295473E-15));
#7009 = PCURVE('',#4187,#7010);
#7010 = DEFINITIONAL_REPRESENTATION('',(#7011),#7015);
#7011 = LINE('',#7012,#7013);
#7012 = CARTESIAN_POINT('',(-25.,0.));
#7013 = VECTOR('',#7014,1.);
#7014 = DIRECTION('',(-0.,-1.));
#7015 = ( GEOMETRIC_REPRESENTATION_CONTEXT(2) 
PARAMETRIC_REPRESENTATION_CONTEXT() REPRESENTATION_CONTEXT('2D SPACE',''
  ) );
#7016 = PCURVE('',#5706,#7017);
#7017 = DEFINITIONAL_REPRESENTATION('',(#7018),#7022);
#7018 = LINE('',#7019,#7020);
#7019 = CARTESIAN_POINT('',(0.,-23.));
#7020 = VECTOR('',#7021,1.);
#7021 = DIRECTION('',(0.,-1.));
#7022 = ( GEOMETRIC_REPRESENTATION_CONTEXT(2) 
PARAMETRIC_REPRESENTATION_CONTEXT() REPRESENTATION_CONTEXT('2D SPACE',''
  ) );
#7023 = ORIENTED_EDGE('',*,*,#7024,.T.);
#7024 = EDGE_CURVE('',#7002,#7025,#7027,.T.);
#7025 = VERTEX_POINT('',#7026);
#7026 = CARTESIAN_POINT('',(35.5,194.,47.631397208143));
#7027 = SURFACE_CURVE('',#7028,(#7032,#7039),.PCURVE_S1.);
#7028 = LINE('',#7029,#7030);
#7029 = CARTESIAN_POINT('',(35.5,194.,47.631397208143));
#7030 = VECTOR('',#7031,1.);
#7031 = DIRECTION('',(6.661338147751E-16,-7.495338295473E-15,-1.));
#7032 = PCURVE('',#4187,#7033);
#7033 = DEFINITIONAL_REPRESENTATION('',(#7034),#7038);
#7034 = LINE('',#7035,#7036);
#7035 = CARTESIAN_POINT('',(-0.,-18.));
#7036 = VECTOR('',#7037,1.);
#7037 = DIRECTION('',(1.,0.));
#7038 = ( GEOMETRIC_REPRESENTATION_CONTEXT(2) 
PARAMETRIC_REPRESENTATION_CONTEXT() REPRESENTATION_CONTEXT('2D SPACE',''
  ) );
#7039 = PCURVE('',#4828,#7040);
#7040 = DEFINITIONAL_REPRESENTATION('',(#7041),#7045);
#7041 = LINE('',#7042,#7043);
#7042 = CARTESIAN_POINT('',(0.,0.));
#7043 = VECTOR('',#7044,1.);
#7044 = DIRECTION('',(1.,0.));
#7045 = ( GEOMETRIC_REPRESENTATION_CONTEXT(2) 
PARAMETRIC_REPRESENTATION_CONTEXT() REPRESENTATION_CONTEXT('2D SPACE',''
  ) );
#7046 = ORIENTED_EDGE('',*,*,#7047,.T.);
#7047 = EDGE_CURVE('',#7025,#7048,#7050,.T.);
#7048 = VERTEX_POINT('',#7049);
#7049 = CARTESIAN_POINT('',(35.5,158.,47.631397208143));
#7050 = SURFACE_CURVE('',#7051,(#7056,#7063),.PCURVE_S1.);
#7051 = CIRCLE('',#7052,18.);
#7052 = AXIS2_PLACEMENT_3D('',#7053,#7054,#7055);
#7053 = CARTESIAN_POINT('',(35.5,176.,47.631397208143));
#7054 = DIRECTION('',(-1.,-5.318914247286E-16,-6.661338147751E-16));
#7055 = DIRECTION('',(6.661338147751E-16,-7.495338295473E-15,-1.));
#7056 = PCURVE('',#4187,#7057);
#7057 = DEFINITIONAL_REPRESENTATION('',(#7058),#7062);
#7058 = CIRCLE('',#7059,18.);
#7059 = AXIS2_PLACEMENT_2D('',#7060,#7061);
#7060 = CARTESIAN_POINT('',(0.,0.));
#7061 = DIRECTION('',(1.,0.));
#7062 = ( GEOMETRIC_REPRESENTATION_CONTEXT(2) 
PARAMETRIC_REPRESENTATION_CONTEXT() REPRESENTATION_CONTEXT('2D SPACE',''
  ) );
#7063 = PCURVE('',#2357,#7064);
#7064 = DEFINITIONAL_REPRESENTATION('',(#7065),#7069);
#7065 = LINE('',#7066,#7067);
#7066 = CARTESIAN_POINT('',(9.424777960769,0.));
#7067 = VECTOR('',#7068,1.);
#7068 = DIRECTION('',(-1.,0.));
#7069 = ( GEOMETRIC_REPRESENTATION_CONTEXT(2) 
PARAMETRIC_REPRESENTATION_CONTEXT() REPRESENTATION_CONTEXT('2D SPACE',''
  ) );
#7070 = ORIENTED_EDGE('',*,*,#7071,.T.);
#7071 = EDGE_CURVE('',#7048,#7000,#7072,.T.);
#7072 = SURFACE_CURVE('',#7073,(#7077,#7084),.PCURVE_S1.);
#7073 = LINE('',#7074,#7075);
#7074 = CARTESIAN_POINT('',(35.5,158.,47.631397208143));
#7075 = VECTOR('',#7076,1.);
#7076 = DIRECTION('',(-6.661338147751E-16,7.495338295473E-15,1.));
#7077 = PCURVE('',#4187,#7078);
#7078 = DEFINITIONAL_REPRESENTATION('',(#7079),#7083);
#7079 = LINE('',#7080,#7081);
#7080 = CARTESIAN_POINT('',(0.,18.));
#7081 = VECTOR('',#7082,1.);
#7082 = DIRECTION('',(-1.,0.));
#7083 = ( GEOMETRIC_REPRESENTATION_CONTEXT(2) 
PARAMETRIC_REPRESENTATION_CONTEXT() REPRESENTATION_CONTEXT('2D SPACE',''
  ) );
#7084 = PCURVE('',#4717,#7085);
#7085 = DEFINITIONAL_REPRESENTATION('',(#7086),#7090);
#7086 = LINE('',#7087,#7088);
#7087 = CARTESIAN_POINT('',(0.,0.));
#7088 = VECTOR('',#7089,1.);
#7089 = DIRECTION('',(1.,0.));
#7090 = ( GEOMETRIC_REPRESENTATION_CONTEXT(2) 
PARAMETRIC_REPRESENTATION_CONTEXT() REPRESENTATION_CONTEXT('2D SPACE',''
  ) );
#7091 = ADVANCED_FACE('',(#7092),#6144,.T.);
#7092 = FACE_BOUND('',#7093,.T.);
#7093 = EDGE_LOOP('',(#7094,#7095,#7116,#7117));
#7094 = ORIENTED_EDGE('',*,*,#6128,.F.);
#7095 = ORIENTED_EDGE('',*,*,#7096,.T.);
#7096 = EDGE_CURVE('',#6106,#6263,#7097,.T.);
#7097 = SURFACE_CURVE('',#7098,(#7102,#7109),.PCURVE_S1.);
#7098 = LINE('',#7099,#7100);
#7099 = CARTESIAN_POINT('',(47.5,194.,78.631397208143));
#7100 = VECTOR('',#7101,1.);
#7101 = DIRECTION('',(-0.707106781187,4.923900502736E-15,0.707106781187)
  );
#7102 = PCURVE('',#6144,#7103);
#7103 = DEFINITIONAL_REPRESENTATION('',(#7104),#7108);
#7104 = LINE('',#7105,#7106);
#7105 = CARTESIAN_POINT('',(0.,32.112698372208));
#7106 = VECTOR('',#7107,1.);
#7107 = DIRECTION('',(1.,0.));
#7108 = ( GEOMETRIC_REPRESENTATION_CONTEXT(2) 
PARAMETRIC_REPRESENTATION_CONTEXT() REPRESENTATION_CONTEXT('2D SPACE',''
  ) );
#7109 = PCURVE('',#4778,#7110);
#7110 = DEFINITIONAL_REPRESENTATION('',(#7111),#7115);
#7111 = LINE('',#7112,#7113);
#7112 = CARTESIAN_POINT('',(0.,-0.));
#7113 = VECTOR('',#7114,1.);
#7114 = DIRECTION('',(1.,0.));
#7115 = ( GEOMETRIC_REPRESENTATION_CONTEXT(2) 
PARAMETRIC_REPRESENTATION_CONTEXT() REPRESENTATION_CONTEXT('2D SPACE',''
  ) );
#7116 = ORIENTED_EDGE('',*,*,#6262,.T.);
#7117 = ORIENTED_EDGE('',*,*,#7118,.T.);
#7118 = EDGE_CURVE('',#6240,#6129,#7119,.T.);
#7119 = SURFACE_CURVE('',#7120,(#7124,#7131),.PCURVE_S1.);
#7120 = LINE('',#7121,#7122);
#7121 = CARTESIAN_POINT('',(47.5,158.,78.631397208143));
#7122 = VECTOR('',#7123,1.);
#7123 = DIRECTION('',(0.707106781187,-4.923900502736E-15,-0.707106781187
    ));
#7124 = PCURVE('',#6144,#7125);
#7125 = DEFINITIONAL_REPRESENTATION('',(#7126),#7130);
#7126 = LINE('',#7127,#7128);
#7127 = CARTESIAN_POINT('',(0.,68.112698372208));
#7128 = VECTOR('',#7129,1.);
#7129 = DIRECTION('',(-1.,0.));
#7130 = ( GEOMETRIC_REPRESENTATION_CONTEXT(2) 
PARAMETRIC_REPRESENTATION_CONTEXT() REPRESENTATION_CONTEXT('2D SPACE',''
  ) );
#7131 = PCURVE('',#4607,#7132);
#7132 = DEFINITIONAL_REPRESENTATION('',(#7133),#7137);
#7133 = LINE('',#7134,#7135);
#7134 = CARTESIAN_POINT('',(-14.48597454248,1.414213562373));
#7135 = VECTOR('',#7136,1.);
#7136 = DIRECTION('',(-1.,0.));
#7137 = ( GEOMETRIC_REPRESENTATION_CONTEXT(2) 
PARAMETRIC_REPRESENTATION_CONTEXT() REPRESENTATION_CONTEXT('2D SPACE',''
  ) );
#7138 = ADVANCED_FACE('',(#7139),#2273,.F.);
#7139 = FACE_BOUND('',#7140,.F.);
#7140 = EDGE_LOOP('',(#7141,#7167,#7168,#7190));
#7141 = ORIENTED_EDGE('',*,*,#7142,.T.);
#7142 = EDGE_CURVE('',#2230,#5272,#7143,.T.);
#7143 = SURFACE_CURVE('',#7144,(#7149,#7156),.PCURVE_S1.);
#7144 = CIRCLE('',#7145,3.1);
#7145 = AXIS2_PLACEMENT_3D('',#7146,#7147,#7148);
#7146 = CARTESIAN_POINT('',(9.899494936612,185.89949493661,
    161.13139720814));
#7147 = DIRECTION('',(6.661338147751E-16,-7.495338295473E-15,-1.));
#7148 = DIRECTION('',(5.318914247286E-16,-1.,7.495338295473E-15));
#7149 = PCURVE('',#2273,#7150);
#7150 = DEFINITIONAL_REPRESENTATION('',(#7151),#7155);
#7151 = LINE('',#7152,#7153);
#7152 = CARTESIAN_POINT('',(6.28318530718,1.2));
#7153 = VECTOR('',#7154,1.);
#7154 = DIRECTION('',(-1.,0.));
#7155 = ( GEOMETRIC_REPRESENTATION_CONTEXT(2) 
PARAMETRIC_REPRESENTATION_CONTEXT() REPRESENTATION_CONTEXT('2D SPACE',''
  ) );
#7156 = PCURVE('',#1230,#7157);
#7157 = DEFINITIONAL_REPRESENTATION('',(#7158),#7166);
#7158 = ( BOUNDED_CURVE() B_SPLINE_CURVE(2,(#7159,#7160,#7161,#7162,
#7163,#7164,#7165),.UNSPECIFIED.,.T.,.F.) B_SPLINE_CURVE_WITH_KNOTS((1,2
    ,2,2,2,1),(-2.094395102393,0.,2.094395102393,4.188790204786,
6.28318530718,8.377580409573),.UNSPECIFIED.) CURVE() 
GEOMETRIC_REPRESENTATION_ITEM() RATIONAL_B_SPLINE_CURVE((1.,0.5,1.,0.5,
1.,0.5,1.)) REPRESENTATION_ITEM('') );
#7159 = CARTESIAN_POINT('',(-6.799494936612,9.899494936612));
#7160 = CARTESIAN_POINT('',(-6.799494936612,4.530137433148));
#7161 = CARTESIAN_POINT('',(-11.44949493661,7.21481618488));
#7162 = CARTESIAN_POINT('',(-16.09949493661,9.899494936612));
#7163 = CARTESIAN_POINT('',(-11.44949493661,12.584173688343));
#7164 = CARTESIAN_POINT('',(-6.799494936612,15.268852440075));
#7165 = CARTESIAN_POINT('',(-6.799494936612,9.899494936612));
#7166 = ( GEOMETRIC_REPRESENTATION_CONTEXT(2) 
PARAMETRIC_REPRESENTATION_CONTEXT() REPRESENTATION_CONTEXT('2D SPACE',''
  ) );
#7167 = ORIENTED_EDGE('',*,*,#5271,.T.);
#7168 = ORIENTED_EDGE('',*,*,#7169,.T.);
#7169 = EDGE_CURVE('',#5244,#2258,#7170,.T.);
#7170 = SURFACE_CURVE('',#7171,(#7176,#7183),.PCURVE_S1.);
#7171 = CIRCLE('',#7172,3.1);
#7172 = AXIS2_PLACEMENT_3D('',#7173,#7174,#7175);
#7173 = CARTESIAN_POINT('',(9.899494936612,185.89949493661,
    159.93139720814));
#7174 = DIRECTION('',(-6.661338147751E-16,7.495338295473E-15,1.));
#7175 = DIRECTION('',(5.318914247286E-16,-1.,7.495338295473E-15));
#7176 = PCURVE('',#2273,#7177);
#7177 = DEFINITIONAL_REPRESENTATION('',(#7178),#7182);
#7178 = LINE('',#7179,#7180);
#7179 = CARTESIAN_POINT('',(0.,0.));
#7180 = VECTOR('',#7181,1.);
#7181 = DIRECTION('',(1.,0.));
#7182 = ( GEOMETRIC_REPRESENTATION_CONTEXT(2) 
PARAMETRIC_REPRESENTATION_CONTEXT() REPRESENTATION_CONTEXT('2D SPACE',''
  ) );
#7183 = PCURVE('',#2163,#7184);
#7184 = DEFINITIONAL_REPRESENTATION('',(#7185),#7189);
#7185 = CIRCLE('',#7186,3.1);
#7186 = AXIS2_PLACEMENT_2D('',#7187,#7188);
#7187 = CARTESIAN_POINT('',(0.,0.));
#7188 = DIRECTION('',(1.,0.));
#7189 = ( GEOMETRIC_REPRESENTATION_CONTEXT(2) 
PARAMETRIC_REPRESENTATION_CONTEXT() REPRESENTATION_CONTEXT('2D SPACE',''
  ) );
#7190 = ORIENTED_EDGE('',*,*,#2257,.T.);
#7191 = ADVANCED_FACE('',(#7192,#7196),#2163,.T.);
#7192 = FACE_BOUND('',#7193,.T.);
#7193 = EDGE_LOOP('',(#7194,#7195));
#7194 = ORIENTED_EDGE('',*,*,#2433,.T.);
#7195 = ORIENTED_EDGE('',*,*,#5561,.T.);
#7196 = FACE_BOUND('',#7197,.T.);
#7197 = EDGE_LOOP('',(#7198,#7199,#7200,#7201));
#7198 = ORIENTED_EDGE('',*,*,#5243,.T.);
#7199 = ORIENTED_EDGE('',*,*,#7169,.T.);
#7200 = ORIENTED_EDGE('',*,*,#2285,.T.);
#7201 = ORIENTED_EDGE('',*,*,#2148,.T.);
#7202 = ADVANCED_FACE('',(#7203),#1882,.F.);
#7203 = FACE_BOUND('',#7204,.F.);
#7204 = EDGE_LOOP('',(#7205,#7206,#7229,#7255,#7256,#7278));
#7205 = ORIENTED_EDGE('',*,*,#6796,.F.);
#7206 = ORIENTED_EDGE('',*,*,#7207,.F.);
#7207 = EDGE_CURVE('',#7208,#6797,#7210,.T.);
#7208 = VERTEX_POINT('',#7209);
#7209 = CARTESIAN_POINT('',(-7.575635395031,187.9512446365,
    161.13139720814));
#7210 = SURFACE_CURVE('',#7211,(#7215,#7222),.PCURVE_S1.);
#7211 = LINE('',#7212,#7213);
#7212 = CARTESIAN_POINT('',(-7.575635395031,187.9512446365,
    162.38139720814));
#7213 = VECTOR('',#7214,1.);
#7214 = DIRECTION('',(-6.661338147751E-16,7.495338295473E-15,1.));
#7215 = PCURVE('',#1882,#7216);
#7216 = DEFINITIONAL_REPRESENTATION('',(#7217),#7221);
#7217 = LINE('',#7218,#7219);
#7218 = CARTESIAN_POINT('',(2.294086596476,2.45));
#7219 = VECTOR('',#7220,1.);
#7220 = DIRECTION('',(0.,1.));
#7221 = ( GEOMETRIC_REPRESENTATION_CONTEXT(2) 
PARAMETRIC_REPRESENTATION_CONTEXT() REPRESENTATION_CONTEXT('2D SPACE',''
  ) );
#7222 = PCURVE('',#2080,#7223);
#7223 = DEFINITIONAL_REPRESENTATION('',(#7224),#7228);
#7224 = LINE('',#7225,#7226);
#7225 = CARTESIAN_POINT('',(3.706550950141,1.25));
#7226 = VECTOR('',#7227,1.);
#7227 = DIRECTION('',(0.,1.));
#7228 = ( GEOMETRIC_REPRESENTATION_CONTEXT(2) 
PARAMETRIC_REPRESENTATION_CONTEXT() REPRESENTATION_CONTEXT('2D SPACE',''
  ) );
#7229 = ORIENTED_EDGE('',*,*,#7230,.T.);
#7230 = EDGE_CURVE('',#7208,#2955,#7231,.T.);
#7231 = SURFACE_CURVE('',#7232,(#7237,#7244),.PCURVE_S1.);
#7232 = CIRCLE('',#7233,3.1);
#7233 = AXIS2_PLACEMENT_3D('',#7234,#7235,#7236);
#7234 = CARTESIAN_POINT('',(-9.899494936612,185.89949493661,
    161.13139720814));
#7235 = DIRECTION('',(6.661338147751E-16,-7.495338295473E-15,-1.));
#7236 = DIRECTION('',(5.008597169185E-15,-1.,7.495338295473E-15));
#7237 = PCURVE('',#1882,#7238);
#7238 = DEFINITIONAL_REPRESENTATION('',(#7239),#7243);
#7239 = LINE('',#7240,#7241);
#7240 = CARTESIAN_POINT('',(6.28318530718,1.2));
#7241 = VECTOR('',#7242,1.);
#7242 = DIRECTION('',(-1.,0.));
#7243 = ( GEOMETRIC_REPRESENTATION_CONTEXT(2) 
PARAMETRIC_REPRESENTATION_CONTEXT() REPRESENTATION_CONTEXT('2D SPACE',''
  ) );
#7244 = PCURVE('',#2048,#7245);
#7245 = DEFINITIONAL_REPRESENTATION('',(#7246),#7254);
#7246 = ( BOUNDED_CURVE() B_SPLINE_CURVE(2,(#7247,#7248,#7249,#7250,
#7251,#7252,#7253),.UNSPECIFIED.,.T.,.F.) B_SPLINE_CURVE_WITH_KNOTS((1,2
    ,2,2,2,1),(-2.094395102393,0.,2.094395102393,4.188790204786,
6.28318530718,8.377580409573),.UNSPECIFIED.) CURVE() 
GEOMETRIC_REPRESENTATION_ITEM() RATIONAL_B_SPLINE_CURVE((1.,0.5,1.,0.5,
1.,0.5,1.)) REPRESENTATION_ITEM('') );
#7247 = CARTESIAN_POINT('',(-6.799494936612,-9.899494936612));
#7248 = CARTESIAN_POINT('',(-6.799494936612,-15.26885244007));
#7249 = CARTESIAN_POINT('',(-11.44949493661,-12.58417368834));
#7250 = CARTESIAN_POINT('',(-16.09949493661,-9.899494936612));
#7251 = CARTESIAN_POINT('',(-11.44949493661,-7.21481618488));
#7252 = CARTESIAN_POINT('',(-6.799494936612,-4.530137433148));
#7253 = CARTESIAN_POINT('',(-6.799494936612,-9.899494936612));
#7254 = ( GEOMETRIC_REPRESENTATION_CONTEXT(2) 
PARAMETRIC_REPRESENTATION_CONTEXT() REPRESENTATION_CONTEXT('2D SPACE',''
  ) );
#7255 = ORIENTED_EDGE('',*,*,#2954,.T.);
#7256 = ORIENTED_EDGE('',*,*,#7257,.T.);
#7257 = EDGE_CURVE('',#2927,#1867,#7258,.T.);
#7258 = SURFACE_CURVE('',#7259,(#7264,#7271),.PCURVE_S1.);
#7259 = CIRCLE('',#7260,3.1);
#7260 = AXIS2_PLACEMENT_3D('',#7261,#7262,#7263);
#7261 = CARTESIAN_POINT('',(-9.899494936612,185.89949493661,
    159.93139720814));
#7262 = DIRECTION('',(-6.661338147751E-16,7.495338295473E-15,1.));
#7263 = DIRECTION('',(5.318914247286E-16,-1.,7.495338295473E-15));
#7264 = PCURVE('',#1882,#7265);
#7265 = DEFINITIONAL_REPRESENTATION('',(#7266),#7270);
#7266 = LINE('',#7267,#7268);
#7267 = CARTESIAN_POINT('',(2.22044604925E-16,0.));
#7268 = VECTOR('',#7269,1.);
#7269 = DIRECTION('',(1.,0.));
#7270 = ( GEOMETRIC_REPRESENTATION_CONTEXT(2) 
PARAMETRIC_REPRESENTATION_CONTEXT() REPRESENTATION_CONTEXT('2D SPACE',''
  ) );
#7271 = PCURVE('',#1909,#7272);
#7272 = DEFINITIONAL_REPRESENTATION('',(#7273),#7277);
#7273 = CIRCLE('',#7274,3.1);
#7274 = AXIS2_PLACEMENT_2D('',#7275,#7276);
#7275 = CARTESIAN_POINT('',(0.,0.));
#7276 = DIRECTION('',(1.,0.));
#7277 = ( GEOMETRIC_REPRESENTATION_CONTEXT(2) 
PARAMETRIC_REPRESENTATION_CONTEXT() REPRESENTATION_CONTEXT('2D SPACE',''
  ) );
#7278 = ORIENTED_EDGE('',*,*,#1866,.T.);
#7279 = ADVANCED_FACE('',(#7280,#7284),#1909,.T.);
#7280 = FACE_BOUND('',#7281,.T.);
#7281 = EDGE_LOOP('',(#7282,#7283));
#7282 = ORIENTED_EDGE('',*,*,#2549,.T.);
#7283 = ORIENTED_EDGE('',*,*,#5508,.T.);
#7284 = FACE_BOUND('',#7285,.T.);
#7285 = EDGE_LOOP('',(#7286,#7287,#7288,#7289));
#7286 = ORIENTED_EDGE('',*,*,#2926,.T.);
#7287 = ORIENTED_EDGE('',*,*,#7257,.T.);
#7288 = ORIENTED_EDGE('',*,*,#1894,.T.);
#7289 = ORIENTED_EDGE('',*,*,#1976,.T.);
#7290 = ADVANCED_FACE('',(#7291),#1577,.F.);
#7291 = FACE_BOUND('',#7292,.F.);
#7292 = EDGE_LOOP('',(#7293,#7319,#7320,#7342));
#7293 = ORIENTED_EDGE('',*,*,#7294,.T.);
#7294 = EDGE_CURVE('',#1529,#2877,#7295,.T.);
#7295 = SURFACE_CURVE('',#7296,(#7301,#7308),.PCURVE_S1.);
#7296 = CIRCLE('',#7297,3.1);
#7297 = AXIS2_PLACEMENT_3D('',#7298,#7299,#7300);
#7298 = CARTESIAN_POINT('',(-9.899494936612,166.10050506339,
    161.13139720814));
#7299 = DIRECTION('',(6.661338147751E-16,-7.495338295473E-15,-1.));
#7300 = DIRECTION('',(5.318914247286E-16,-1.,7.495338295473E-15));
#7301 = PCURVE('',#1577,#7302);
#7302 = DEFINITIONAL_REPRESENTATION('',(#7303),#7307);
#7303 = LINE('',#7304,#7305);
#7304 = CARTESIAN_POINT('',(6.28318530718,1.2));
#7305 = VECTOR('',#7306,1.);
#7306 = DIRECTION('',(-1.,0.));
#7307 = ( GEOMETRIC_REPRESENTATION_CONTEXT(2) 
PARAMETRIC_REPRESENTATION_CONTEXT() REPRESENTATION_CONTEXT('2D SPACE',''
  ) );
#7308 = PCURVE('',#1545,#7309);
#7309 = DEFINITIONAL_REPRESENTATION('',(#7310),#7318);
#7310 = ( BOUNDED_CURVE() B_SPLINE_CURVE(2,(#7311,#7312,#7313,#7314,
#7315,#7316,#7317),.UNSPECIFIED.,.T.,.F.) B_SPLINE_CURVE_WITH_KNOTS((1,2
    ,2,2,2,1),(-2.094395102393,0.,2.094395102393,4.188790204786,
6.28318530718,8.377580409573),.UNSPECIFIED.) CURVE() 
GEOMETRIC_REPRESENTATION_ITEM() RATIONAL_B_SPLINE_CURVE((1.,0.5,1.,0.5,
1.,0.5,1.)) REPRESENTATION_ITEM('') );
#7311 = CARTESIAN_POINT('',(12.999494936612,-9.899494936612));
#7312 = CARTESIAN_POINT('',(12.999494936612,-15.26885244007));
#7313 = CARTESIAN_POINT('',(8.349494936612,-12.58417368834));
#7314 = CARTESIAN_POINT('',(3.699494936612,-9.899494936612));
#7315 = CARTESIAN_POINT('',(8.349494936612,-7.21481618488));
#7316 = CARTESIAN_POINT('',(12.999494936612,-4.530137433148));
#7317 = CARTESIAN_POINT('',(12.999494936612,-9.899494936612));
#7318 = ( GEOMETRIC_REPRESENTATION_CONTEXT(2) 
PARAMETRIC_REPRESENTATION_CONTEXT() REPRESENTATION_CONTEXT('2D SPACE',''
  ) );
#7319 = ORIENTED_EDGE('',*,*,#2876,.T.);
#7320 = ORIENTED_EDGE('',*,*,#7321,.T.);
#7321 = EDGE_CURVE('',#2849,#1562,#7322,.T.);
#7322 = SURFACE_CURVE('',#7323,(#7328,#7335),.PCURVE_S1.);
#7323 = CIRCLE('',#7324,3.1);
#7324 = AXIS2_PLACEMENT_3D('',#7325,#7326,#7327);
#7325 = CARTESIAN_POINT('',(-9.899494936612,166.10050506339,
    159.93139720814));
#7326 = DIRECTION('',(-6.661338147751E-16,7.495338295473E-15,1.));
#7327 = DIRECTION('',(5.318914247286E-16,-1.,7.495338295473E-15));
#7328 = PCURVE('',#1577,#7329);
#7329 = DEFINITIONAL_REPRESENTATION('',(#7330),#7334);
#7330 = LINE('',#7331,#7332);
#7331 = CARTESIAN_POINT('',(0.,0.));
#7332 = VECTOR('',#7333,1.);
#7333 = DIRECTION('',(1.,0.));
#7334 = ( GEOMETRIC_REPRESENTATION_CONTEXT(2) 
PARAMETRIC_REPRESENTATION_CONTEXT() REPRESENTATION_CONTEXT('2D SPACE',''
  ) );
#7335 = PCURVE('',#1604,#7336);
#7336 = DEFINITIONAL_REPRESENTATION('',(#7337),#7341);
#7337 = CIRCLE('',#7338,3.1);
#7338 = AXIS2_PLACEMENT_2D('',#7339,#7340);
#7339 = CARTESIAN_POINT('',(0.,0.));
#7340 = DIRECTION('',(1.,0.));
#7341 = ( GEOMETRIC_REPRESENTATION_CONTEXT(2) 
PARAMETRIC_REPRESENTATION_CONTEXT() REPRESENTATION_CONTEXT('2D SPACE',''
  ) );
#7342 = ORIENTED_EDGE('',*,*,#1561,.T.);
#7343 = ADVANCED_FACE('',(#7344,#7348),#1604,.T.);
#7344 = FACE_BOUND('',#7345,.T.);
#7345 = EDGE_LOOP('',(#7346,#7347));
#7346 = ORIENTED_EDGE('',*,*,#2660,.T.);
#7347 = ORIENTED_EDGE('',*,*,#5455,.T.);
#7348 = FACE_BOUND('',#7349,.T.);
#7349 = EDGE_LOOP('',(#7350,#7351,#7352,#7353));
#7350 = ORIENTED_EDGE('',*,*,#2848,.T.);
#7351 = ORIENTED_EDGE('',*,*,#7321,.T.);
#7352 = ORIENTED_EDGE('',*,*,#1589,.T.);
#7353 = ORIENTED_EDGE('',*,*,#1727,.T.);
#7354 = ADVANCED_FACE('',(#7355),#1075,.F.);
#7355 = FACE_BOUND('',#7356,.F.);
#7356 = EDGE_LOOP('',(#7357,#7358,#7359,#7385,#7386,#7408));
#7357 = ORIENTED_EDGE('',*,*,#6714,.F.);
#7358 = ORIENTED_EDGE('',*,*,#1052,.F.);
#7359 = ORIENTED_EDGE('',*,*,#7360,.T.);
#7360 = EDGE_CURVE('',#1053,#5350,#7361,.T.);
#7361 = SURFACE_CURVE('',#7362,(#7367,#7374),.PCURVE_S1.);
#7362 = CIRCLE('',#7363,3.1);
#7363 = AXIS2_PLACEMENT_3D('',#7364,#7365,#7366);
#7364 = CARTESIAN_POINT('',(9.899494936612,166.10050506339,
    161.13139720814));
#7365 = DIRECTION('',(6.661338147751E-16,-7.495338295473E-15,-1.));
#7366 = DIRECTION('',(2.770244296957E-15,-1.,7.495338295473E-15));
#7367 = PCURVE('',#1075,#7368);
#7368 = DEFINITIONAL_REPRESENTATION('',(#7369),#7373);
#7369 = LINE('',#7370,#7371);
#7370 = CARTESIAN_POINT('',(6.28318530718,1.2));
#7371 = VECTOR('',#7372,1.);
#7372 = DIRECTION('',(-1.,0.));
#7373 = ( GEOMETRIC_REPRESENTATION_CONTEXT(2) 
PARAMETRIC_REPRESENTATION_CONTEXT() REPRESENTATION_CONTEXT('2D SPACE',''
  ) );
#7374 = PCURVE('',#1163,#7375);
#7375 = DEFINITIONAL_REPRESENTATION('',(#7376),#7384);
#7376 = ( BOUNDED_CURVE() B_SPLINE_CURVE(2,(#7377,#7378,#7379,#7380,
#7381,#7382,#7383),.UNSPECIFIED.,.T.,.F.) B_SPLINE_CURVE_WITH_KNOTS((1,2
    ,2,2,2,1),(-2.094395102393,0.,2.094395102393,4.188790204786,
6.28318530718,8.377580409573),.UNSPECIFIED.) CURVE() 
GEOMETRIC_REPRESENTATION_ITEM() RATIONAL_B_SPLINE_CURVE((1.,0.5,1.,0.5,
1.,0.5,1.)) REPRESENTATION_ITEM('') );
#7377 = CARTESIAN_POINT('',(12.999494936612,9.899494936612));
#7378 = CARTESIAN_POINT('',(12.999494936612,4.530137433148));
#7379 = CARTESIAN_POINT('',(8.349494936612,7.21481618488));
#7380 = CARTESIAN_POINT('',(3.699494936612,9.899494936612));
#7381 = CARTESIAN_POINT('',(8.349494936612,12.584173688343));
#7382 = CARTESIAN_POINT('',(12.999494936612,15.268852440075));
#7383 = CARTESIAN_POINT('',(12.999494936612,9.899494936612));
#7384 = ( GEOMETRIC_REPRESENTATION_CONTEXT(2) 
PARAMETRIC_REPRESENTATION_CONTEXT() REPRESENTATION_CONTEXT('2D SPACE',''
  ) );
#7385 = ORIENTED_EDGE('',*,*,#5349,.T.);
#7386 = ORIENTED_EDGE('',*,*,#7387,.T.);
#7387 = EDGE_CURVE('',#5322,#1389,#7388,.T.);
#7388 = SURFACE_CURVE('',#7389,(#7394,#7401),.PCURVE_S1.);
#7389 = CIRCLE('',#7390,3.1);
#7390 = AXIS2_PLACEMENT_3D('',#7391,#7392,#7393);
#7391 = CARTESIAN_POINT('',(9.899494936612,166.10050506339,
    159.93139720814));
#7392 = DIRECTION('',(-6.661338147751E-16,7.495338295473E-15,1.));
#7393 = DIRECTION('',(5.318914247286E-16,-1.,7.495338295473E-15));
#7394 = PCURVE('',#1075,#7395);
#7395 = DEFINITIONAL_REPRESENTATION('',(#7396),#7400);
#7396 = LINE('',#7397,#7398);
#7397 = CARTESIAN_POINT('',(0.,0.));
#7398 = VECTOR('',#7399,1.);
#7399 = DIRECTION('',(1.,0.));
#7400 = ( GEOMETRIC_REPRESENTATION_CONTEXT(2) 
PARAMETRIC_REPRESENTATION_CONTEXT() REPRESENTATION_CONTEXT('2D SPACE',''
  ) );
#7401 = PCURVE('',#1289,#7402);
#7402 = DEFINITIONAL_REPRESENTATION('',(#7403),#7407);
#7403 = CIRCLE('',#7404,3.1);
#7404 = AXIS2_PLACEMENT_2D('',#7405,#7406);
#7405 = CARTESIAN_POINT('',(0.,0.));
#7406 = DIRECTION('',(1.,0.));
#7407 = ( GEOMETRIC_REPRESENTATION_CONTEXT(2) 
PARAMETRIC_REPRESENTATION_CONTEXT() REPRESENTATION_CONTEXT('2D SPACE',''
  ) );
#7408 = ORIENTED_EDGE('',*,*,#1388,.T.);
#7409 = ADVANCED_FACE('',(#7410,#7414),#1289,.T.);
#7410 = FACE_BOUND('',#7411,.T.);
#7411 = EDGE_LOOP('',(#7412,#7413));
#7412 = ORIENTED_EDGE('',*,*,#2771,.T.);
#7413 = ORIENTED_EDGE('',*,*,#5402,.T.);
#7414 = FACE_BOUND('',#7415,.T.);
#7415 = EDGE_LOOP('',(#7416,#7417,#7418,#7419));
#7416 = ORIENTED_EDGE('',*,*,#5321,.T.);
#7417 = ORIENTED_EDGE('',*,*,#7387,.T.);
#7418 = ORIENTED_EDGE('',*,*,#1411,.T.);
#7419 = ORIENTED_EDGE('',*,*,#1274,.T.);
#7420 = ADVANCED_FACE('',(#7421),#1230,.T.);
#7421 = FACE_BOUND('',#7422,.T.);
#7422 = EDGE_LOOP('',(#7423,#7424,#7425,#7426,#7427,#7428));
#7423 = ORIENTED_EDGE('',*,*,#2229,.T.);
#7424 = ORIENTED_EDGE('',*,*,#7142,.T.);
#7425 = ORIENTED_EDGE('',*,*,#5294,.T.);
#7426 = ORIENTED_EDGE('',*,*,#1213,.T.);
#7427 = ORIENTED_EDGE('',*,*,#1304,.T.);
#7428 = ORIENTED_EDGE('',*,*,#7429,.T.);
#7429 = EDGE_CURVE('',#1305,#2207,#7430,.T.);
#7430 = SURFACE_CURVE('',#7431,(#7436,#7443),.PCURVE_S1.);
#7431 = CIRCLE('',#7432,14.15);
#7432 = AXIS2_PLACEMENT_3D('',#7433,#7434,#7435);
#7433 = CARTESIAN_POINT('',(-1.06581410364E-13,176.,161.13139720814));
#7434 = DIRECTION('',(-6.661338147751E-16,7.495338295473E-15,1.));
#7435 = DIRECTION('',(5.318914247286E-16,-1.,7.495338295473E-15));
#7436 = PCURVE('',#1230,#7437);
#7437 = DEFINITIONAL_REPRESENTATION('',(#7438),#7442);
#7438 = CIRCLE('',#7439,14.15);
#7439 = AXIS2_PLACEMENT_2D('',#7440,#7441);
#7440 = CARTESIAN_POINT('',(0.,0.));
#7441 = DIRECTION('',(1.,0.));
#7442 = ( GEOMETRIC_REPRESENTATION_CONTEXT(2) 
PARAMETRIC_REPRESENTATION_CONTEXT() REPRESENTATION_CONTEXT('2D SPACE',''
  ) );
#7443 = PCURVE('',#1348,#7444);
#7444 = DEFINITIONAL_REPRESENTATION('',(#7445),#7449);
#7445 = LINE('',#7446,#7447);
#7446 = CARTESIAN_POINT('',(0.,0.));
#7447 = VECTOR('',#7448,1.);
#7448 = DIRECTION('',(1.,0.));
#7449 = ( GEOMETRIC_REPRESENTATION_CONTEXT(2) 
PARAMETRIC_REPRESENTATION_CONTEXT() REPRESENTATION_CONTEXT('2D SPACE',''
  ) );
#7450 = ADVANCED_FACE('',(#7451),#1348,.F.);
#7451 = FACE_BOUND('',#7452,.F.);
#7452 = EDGE_LOOP('',(#7453,#7454,#7455,#7456));
#7453 = ORIENTED_EDGE('',*,*,#2206,.T.);
#7454 = ORIENTED_EDGE('',*,*,#6687,.F.);
#7455 = ORIENTED_EDGE('',*,*,#1332,.T.);
#7456 = ORIENTED_EDGE('',*,*,#7429,.T.);
#7457 = ADVANCED_FACE('',(#7458),#1163,.T.);
#7458 = FACE_BOUND('',#7459,.T.);
#7459 = EDGE_LOOP('',(#7460,#7461,#7483,#7484,#7485,#7486));
#7460 = ORIENTED_EDGE('',*,*,#1649,.T.);
#7461 = ORIENTED_EDGE('',*,*,#7462,.T.);
#7462 = EDGE_CURVE('',#1650,#1121,#7463,.T.);
#7463 = SURFACE_CURVE('',#7464,(#7469,#7476),.PCURVE_S1.);
#7464 = CIRCLE('',#7465,14.15);
#7465 = AXIS2_PLACEMENT_3D('',#7466,#7467,#7468);
#7466 = CARTESIAN_POINT('',(-1.06581410364E-13,176.,161.13139720814));
#7467 = DIRECTION('',(-6.661338147751E-16,7.495338295473E-15,1.));
#7468 = DIRECTION('',(5.318914247286E-16,-1.,7.495338295473E-15));
#7469 = PCURVE('',#1163,#7470);
#7470 = DEFINITIONAL_REPRESENTATION('',(#7471),#7475);
#7471 = CIRCLE('',#7472,14.15);
#7472 = AXIS2_PLACEMENT_2D('',#7473,#7474);
#7473 = CARTESIAN_POINT('',(0.,0.));
#7474 = DIRECTION('',(1.,0.));
#7475 = ( GEOMETRIC_REPRESENTATION_CONTEXT(2) 
PARAMETRIC_REPRESENTATION_CONTEXT() REPRESENTATION_CONTEXT('2D SPACE',''
  ) );
#7476 = PCURVE('',#1136,#7477);
#7477 = DEFINITIONAL_REPRESENTATION('',(#7478),#7482);
#7478 = LINE('',#7479,#7480);
#7479 = CARTESIAN_POINT('',(0.,0.));
#7480 = VECTOR('',#7481,1.);
#7481 = DIRECTION('',(1.,0.));
#7482 = ( GEOMETRIC_REPRESENTATION_CONTEXT(2) 
PARAMETRIC_REPRESENTATION_CONTEXT() REPRESENTATION_CONTEXT('2D SPACE',''
  ) );
#7483 = ORIENTED_EDGE('',*,*,#1148,.T.);
#7484 = ORIENTED_EDGE('',*,*,#7360,.T.);
#7485 = ORIENTED_EDGE('',*,*,#5372,.T.);
#7486 = ORIENTED_EDGE('',*,*,#3079,.T.);
#7487 = ADVANCED_FACE('',(#7488),#1136,.F.);
#7488 = FACE_BOUND('',#7489,.F.);
#7489 = EDGE_LOOP('',(#7490,#7491,#7492,#7493));
#7490 = ORIENTED_EDGE('',*,*,#6741,.F.);
#7491 = ORIENTED_EDGE('',*,*,#1677,.T.);
#7492 = ORIENTED_EDGE('',*,*,#7462,.T.);
#7493 = ORIENTED_EDGE('',*,*,#1120,.T.);
#7494 = ADVANCED_FACE('',(#7495),#1545,.T.);
#7495 = FACE_BOUND('',#7496,.T.);
#7496 = EDGE_LOOP('',(#7497,#7498,#7499,#7521,#7522,#7523));
#7497 = ORIENTED_EDGE('',*,*,#1949,.T.);
#7498 = ORIENTED_EDGE('',*,*,#1787,.T.);
#7499 = ORIENTED_EDGE('',*,*,#7500,.T.);
#7500 = EDGE_CURVE('',#1788,#1501,#7501,.T.);
#7501 = SURFACE_CURVE('',#7502,(#7507,#7514),.PCURVE_S1.);
#7502 = CIRCLE('',#7503,14.15);
#7503 = AXIS2_PLACEMENT_3D('',#7504,#7505,#7506);
#7504 = CARTESIAN_POINT('',(-1.06581410364E-13,176.,161.13139720814));
#7505 = DIRECTION('',(-6.661338147751E-16,7.495338295473E-15,1.));
#7506 = DIRECTION('',(5.318914247286E-16,-1.,7.495338295473E-15));
#7507 = PCURVE('',#1545,#7508);
#7508 = DEFINITIONAL_REPRESENTATION('',(#7509),#7513);
#7509 = CIRCLE('',#7510,14.15);
#7510 = AXIS2_PLACEMENT_2D('',#7511,#7512);
#7511 = CARTESIAN_POINT('',(0.,0.));
#7512 = DIRECTION('',(1.,0.));
#7513 = ( GEOMETRIC_REPRESENTATION_CONTEXT(2) 
PARAMETRIC_REPRESENTATION_CONTEXT() REPRESENTATION_CONTEXT('2D SPACE',''
  ) );
#7514 = PCURVE('',#1516,#7515);
#7515 = DEFINITIONAL_REPRESENTATION('',(#7516),#7520);
#7516 = LINE('',#7517,#7518);
#7517 = CARTESIAN_POINT('',(0.,0.));
#7518 = VECTOR('',#7519,1.);
#7519 = DIRECTION('',(1.,0.));
#7520 = ( GEOMETRIC_REPRESENTATION_CONTEXT(2) 
PARAMETRIC_REPRESENTATION_CONTEXT() REPRESENTATION_CONTEXT('2D SPACE',''
  ) );
#7521 = ORIENTED_EDGE('',*,*,#1528,.T.);
#7522 = ORIENTED_EDGE('',*,*,#7294,.T.);
#7523 = ORIENTED_EDGE('',*,*,#2899,.T.);
#7524 = ADVANCED_FACE('',(#7525),#1516,.F.);
#7525 = FACE_BOUND('',#7526,.F.);
#7526 = EDGE_LOOP('',(#7527,#7528,#7529,#7530));
#7527 = ORIENTED_EDGE('',*,*,#1815,.T.);
#7528 = ORIENTED_EDGE('',*,*,#7500,.T.);
#7529 = ORIENTED_EDGE('',*,*,#1500,.T.);
#7530 = ORIENTED_EDGE('',*,*,#6769,.F.);
#7531 = ADVANCED_FACE('',(#7532),#2080,.F.);
#7532 = FACE_BOUND('',#7533,.F.);
#7533 = EDGE_LOOP('',(#7534,#7535,#7557,#7558));
#7534 = ORIENTED_EDGE('',*,*,#2064,.T.);
#7535 = ORIENTED_EDGE('',*,*,#7536,.T.);
#7536 = EDGE_CURVE('',#2032,#7208,#7537,.T.);
#7537 = SURFACE_CURVE('',#7538,(#7543,#7550),.PCURVE_S1.);
#7538 = CIRCLE('',#7539,14.15);
#7539 = AXIS2_PLACEMENT_3D('',#7540,#7541,#7542);
#7540 = CARTESIAN_POINT('',(-1.06581410364E-13,176.,161.13139720814));
#7541 = DIRECTION('',(-6.661338147751E-16,7.495338295473E-15,1.));
#7542 = DIRECTION('',(5.318914247286E-16,-1.,7.495338295473E-15));
#7543 = PCURVE('',#2080,#7544);
#7544 = DEFINITIONAL_REPRESENTATION('',(#7545),#7549);
#7545 = LINE('',#7546,#7547);
#7546 = CARTESIAN_POINT('',(0.,0.));
#7547 = VECTOR('',#7548,1.);
#7548 = DIRECTION('',(1.,0.));
#7549 = ( GEOMETRIC_REPRESENTATION_CONTEXT(2) 
PARAMETRIC_REPRESENTATION_CONTEXT() REPRESENTATION_CONTEXT('2D SPACE',''
  ) );
#7550 = PCURVE('',#2048,#7551);
#7551 = DEFINITIONAL_REPRESENTATION('',(#7552),#7556);
#7552 = CIRCLE('',#7553,14.15);
#7553 = AXIS2_PLACEMENT_2D('',#7554,#7555);
#7554 = CARTESIAN_POINT('',(0.,0.));
#7555 = DIRECTION('',(1.,0.));
#7556 = ( GEOMETRIC_REPRESENTATION_CONTEXT(2) 
PARAMETRIC_REPRESENTATION_CONTEXT() REPRESENTATION_CONTEXT('2D SPACE',''
  ) );
#7557 = ORIENTED_EDGE('',*,*,#7207,.T.);
#7558 = ORIENTED_EDGE('',*,*,#6824,.F.);
#7559 = ADVANCED_FACE('',(#7560),#2048,.T.);
#7560 = FACE_BOUND('',#7561,.T.);
#7561 = EDGE_LOOP('',(#7562,#7563,#7564,#7565,#7566));
#7562 = ORIENTED_EDGE('',*,*,#2031,.T.);
#7563 = ORIENTED_EDGE('',*,*,#7536,.T.);
#7564 = ORIENTED_EDGE('',*,*,#7230,.T.);
#7565 = ORIENTED_EDGE('',*,*,#2977,.T.);
#7566 = ORIENTED_EDGE('',*,*,#5216,.T.);
#7567 = ADVANCED_FACE('',(#7568),#5028,.T.);
#7568 = FACE_BOUND('',#7569,.T.);
#7569 = EDGE_LOOP('',(#7570,#7593,#7621,#7649,#7677,#7700,#7723,#7744,
    #7745,#7766,#7767));
#7570 = ORIENTED_EDGE('',*,*,#7571,.F.);
#7571 = EDGE_CURVE('',#7572,#5742,#7574,.T.);
#7572 = VERTEX_POINT('',#7573);
#7573 = CARTESIAN_POINT('',(18.5,157.,100.63139720814));
#7574 = SURFACE_CURVE('',#7575,(#7579,#7586),.PCURVE_S1.);
#7575 = LINE('',#7576,#7577);
#7576 = CARTESIAN_POINT('',(13.5,157.,100.63139720814));
#7577 = VECTOR('',#7578,1.);
#7578 = DIRECTION('',(1.,5.318914247286E-16,6.661338147751E-16));
#7579 = PCURVE('',#5028,#7580);
#7580 = DEFINITIONAL_REPRESENTATION('',(#7581),#7585);
#7581 = LINE('',#7582,#7583);
#7582 = CARTESIAN_POINT('',(53.,-28.));
#7583 = VECTOR('',#7584,1.);
#7584 = DIRECTION('',(0.,1.));
#7585 = ( GEOMETRIC_REPRESENTATION_CONTEXT(2) 
PARAMETRIC_REPRESENTATION_CONTEXT() REPRESENTATION_CONTEXT('2D SPACE',''
  ) );
#7586 = PCURVE('',#4635,#7587);
#7587 = DEFINITIONAL_REPRESENTATION('',(#7588),#7592);
#7588 = LINE('',#7589,#7590);
#7589 = CARTESIAN_POINT('',(-24.80865204668,0.));
#7590 = VECTOR('',#7591,1.);
#7591 = DIRECTION('',(0.,1.));
#7592 = ( GEOMETRIC_REPRESENTATION_CONTEXT(2) 
PARAMETRIC_REPRESENTATION_CONTEXT() REPRESENTATION_CONTEXT('2D SPACE',''
  ) );
#7593 = ORIENTED_EDGE('',*,*,#7594,.T.);
#7594 = EDGE_CURVE('',#7572,#7595,#7597,.T.);
#7595 = VERTEX_POINT('',#7596);
#7596 = CARTESIAN_POINT('',(13.5,157.,105.63139720814));
#7597 = SURFACE_CURVE('',#7598,(#7602,#7609),.PCURVE_S1.);
#7598 = LINE('',#7599,#7600);
#7599 = CARTESIAN_POINT('',(56.5,157.,62.631397208143));
#7600 = VECTOR('',#7601,1.);
#7601 = DIRECTION('',(-0.707106781187,4.923900502736E-15,0.707106781187)
  );
#7602 = PCURVE('',#5028,#7603);
#7603 = DEFINITIONAL_REPRESENTATION('',(#7604),#7608);
#7604 = LINE('',#7605,#7606);
#7605 = CARTESIAN_POINT('',(15.,15.));
#7606 = VECTOR('',#7607,1.);
#7607 = DIRECTION('',(0.707106781187,-0.707106781187));
#7608 = ( GEOMETRIC_REPRESENTATION_CONTEXT(2) 
PARAMETRIC_REPRESENTATION_CONTEXT() REPRESENTATION_CONTEXT('2D SPACE',''
  ) );
#7609 = PCURVE('',#7610,#7615);
#7610 = PLANE('',#7611);
#7611 = AXIS2_PLACEMENT_3D('',#7612,#7613,#7614);
#7612 = CARTESIAN_POINT('',(18.5,132.19134795331,100.63139720814));
#7613 = DIRECTION('',(0.707106781187,5.676108569297E-15,0.707106781187)
  );
#7614 = DIRECTION('',(-5.318914247286E-16,1.,-7.495338295473E-15));
#7615 = DEFINITIONAL_REPRESENTATION('',(#7616),#7620);
#7616 = LINE('',#7617,#7618);
#7617 = CARTESIAN_POINT('',(24.808652046685,-53.74011537017));
#7618 = VECTOR('',#7619,1.);
#7619 = DIRECTION('',(0.,1.));
#7620 = ( GEOMETRIC_REPRESENTATION_CONTEXT(2) 
PARAMETRIC_REPRESENTATION_CONTEXT() REPRESENTATION_CONTEXT('2D SPACE',''
  ) );
#7621 = ORIENTED_EDGE('',*,*,#7622,.F.);
#7622 = EDGE_CURVE('',#7623,#7595,#7625,.T.);
#7623 = VERTEX_POINT('',#7624);
#7624 = CARTESIAN_POINT('',(13.5,157.,117.63139720814));
#7625 = SURFACE_CURVE('',#7626,(#7630,#7637),.PCURVE_S1.);
#7626 = LINE('',#7627,#7628);
#7627 = CARTESIAN_POINT('',(13.5,157.,117.63139720814));
#7628 = VECTOR('',#7629,1.);
#7629 = DIRECTION('',(6.661338147751E-16,-7.495338295473E-15,-1.));
#7630 = PCURVE('',#5028,#7631);
#7631 = DEFINITIONAL_REPRESENTATION('',(#7632),#7636);
#7632 = LINE('',#7633,#7634);
#7633 = CARTESIAN_POINT('',(70.,-28.));
#7634 = VECTOR('',#7635,1.);
#7635 = DIRECTION('',(-1.,0.));
#7636 = ( GEOMETRIC_REPRESENTATION_CONTEXT(2) 
PARAMETRIC_REPRESENTATION_CONTEXT() REPRESENTATION_CONTEXT('2D SPACE',''
  ) );
#7637 = PCURVE('',#7638,#7643);
#7638 = PLANE('',#7639);
#7639 = AXIS2_PLACEMENT_3D('',#7640,#7641,#7642);
#7640 = CARTESIAN_POINT('',(13.5,132.19134795331,117.63139720814));
#7641 = DIRECTION('',(1.,5.318914247286E-16,6.661338147751E-16));
#7642 = DIRECTION('',(-6.661338147751E-16,7.495338295473E-15,1.));
#7643 = DEFINITIONAL_REPRESENTATION('',(#7644),#7648);
#7644 = LINE('',#7645,#7646);
#7645 = CARTESIAN_POINT('',(0.,-24.80865204668));
#7646 = VECTOR('',#7647,1.);
#7647 = DIRECTION('',(-1.,0.));
#7648 = ( GEOMETRIC_REPRESENTATION_CONTEXT(2) 
PARAMETRIC_REPRESENTATION_CONTEXT() REPRESENTATION_CONTEXT('2D SPACE',''
  ) );
#7649 = ORIENTED_EDGE('',*,*,#7650,.F.);
#7650 = EDGE_CURVE('',#7651,#7623,#7653,.T.);
#7651 = VERTEX_POINT('',#7652);
#7652 = CARTESIAN_POINT('',(-2.5,157.,133.63139720814));
#7653 = SURFACE_CURVE('',#7654,(#7658,#7665),.PCURVE_S1.);
#7654 = LINE('',#7655,#7656);
#7655 = CARTESIAN_POINT('',(-20.5,157.,151.63139720814));
#7656 = VECTOR('',#7657,1.);
#7657 = DIRECTION('',(0.707106781187,-4.923900502736E-15,-0.707106781187
    ));
#7658 = PCURVE('',#5028,#7659);
#7659 = DEFINITIONAL_REPRESENTATION('',(#7660),#7664);
#7660 = LINE('',#7661,#7662);
#7661 = CARTESIAN_POINT('',(104.,-62.));
#7662 = VECTOR('',#7663,1.);
#7663 = DIRECTION('',(-0.707106781187,0.707106781187));
#7664 = ( GEOMETRIC_REPRESENTATION_CONTEXT(2) 
PARAMETRIC_REPRESENTATION_CONTEXT() REPRESENTATION_CONTEXT('2D SPACE',''
  ) );
#7665 = PCURVE('',#7666,#7671);
#7666 = PLANE('',#7667);
#7667 = AXIS2_PLACEMENT_3D('',#7668,#7669,#7670);
#7668 = CARTESIAN_POINT('',(-20.5,153.,151.63139720814));
#7669 = DIRECTION('',(0.707106781187,5.676108569297E-15,0.707106781187)
  );
#7670 = DIRECTION('',(-0.707106781187,4.923900502736E-15,0.707106781187)
  );
#7671 = DEFINITIONAL_REPRESENTATION('',(#7672),#7676);
#7672 = LINE('',#7673,#7674);
#7673 = CARTESIAN_POINT('',(0.,-4.));
#7674 = VECTOR('',#7675,1.);
#7675 = DIRECTION('',(-1.,0.));
#7676 = ( GEOMETRIC_REPRESENTATION_CONTEXT(2) 
PARAMETRIC_REPRESENTATION_CONTEXT() REPRESENTATION_CONTEXT('2D SPACE',''
  ) );
#7677 = ORIENTED_EDGE('',*,*,#7678,.F.);
#7678 = EDGE_CURVE('',#7679,#7651,#7681,.T.);
#7679 = VERTEX_POINT('',#7680);
#7680 = CARTESIAN_POINT('',(-20.5,157.,133.63139720814));
#7681 = SURFACE_CURVE('',#7682,(#7686,#7693),.PCURVE_S1.);
#7682 = LINE('',#7683,#7684);
#7683 = CARTESIAN_POINT('',(-24.5,157.,133.63139720814));
#7684 = VECTOR('',#7685,1.);
#7685 = DIRECTION('',(1.,5.318914247286E-16,6.661338147751E-16));
#7686 = PCURVE('',#5028,#7687);
#7687 = DEFINITIONAL_REPRESENTATION('',(#7688),#7692);
#7688 = LINE('',#7689,#7690);
#7689 = CARTESIAN_POINT('',(86.,-66.));
#7690 = VECTOR('',#7691,1.);
#7691 = DIRECTION('',(0.,1.));
#7692 = ( GEOMETRIC_REPRESENTATION_CONTEXT(2) 
PARAMETRIC_REPRESENTATION_CONTEXT() REPRESENTATION_CONTEXT('2D SPACE',''
  ) );
#7693 = PCURVE('',#5092,#7694);
#7694 = DEFINITIONAL_REPRESENTATION('',(#7695),#7699);
#7695 = LINE('',#7696,#7697);
#7696 = CARTESIAN_POINT('',(42.,0.));
#7697 = VECTOR('',#7698,1.);
#7698 = DIRECTION('',(0.,1.));
#7699 = ( GEOMETRIC_REPRESENTATION_CONTEXT(2) 
PARAMETRIC_REPRESENTATION_CONTEXT() REPRESENTATION_CONTEXT('2D SPACE',''
  ) );
#7700 = ORIENTED_EDGE('',*,*,#7701,.F.);
#7701 = EDGE_CURVE('',#7702,#7679,#7704,.T.);
#7702 = VERTEX_POINT('',#7703);
#7703 = CARTESIAN_POINT('',(-20.5,157.,149.41439573271));
#7704 = SURFACE_CURVE('',#7705,(#7709,#7716),.PCURVE_S1.);
#7705 = LINE('',#7706,#7707);
#7706 = CARTESIAN_POINT('',(-20.5,157.,47.631397208143));
#7707 = VECTOR('',#7708,1.);
#7708 = DIRECTION('',(6.661338147751E-16,-7.495338295473E-15,-1.));
#7709 = PCURVE('',#5028,#7710);
#7710 = DEFINITIONAL_REPRESENTATION('',(#7711),#7715);
#7711 = LINE('',#7712,#7713);
#7712 = CARTESIAN_POINT('',(0.,-62.));
#7713 = VECTOR('',#7714,1.);
#7714 = DIRECTION('',(-1.,0.));
#7715 = ( GEOMETRIC_REPRESENTATION_CONTEXT(2) 
PARAMETRIC_REPRESENTATION_CONTEXT() REPRESENTATION_CONTEXT('2D SPACE',''
  ) );
#7716 = PCURVE('',#5000,#7717);
#7717 = DEFINITIONAL_REPRESENTATION('',(#7718),#7722);
#7718 = LINE('',#7719,#7720);
#7719 = CARTESIAN_POINT('',(0.,19.));
#7720 = VECTOR('',#7721,1.);
#7721 = DIRECTION('',(1.,0.));
#7722 = ( GEOMETRIC_REPRESENTATION_CONTEXT(2) 
PARAMETRIC_REPRESENTATION_CONTEXT() REPRESENTATION_CONTEXT('2D SPACE',''
  ) );
#7723 = ORIENTED_EDGE('',*,*,#7724,.F.);
#7724 = EDGE_CURVE('',#5013,#7702,#7725,.T.);
#7725 = SURFACE_CURVE('',#7726,(#7730,#7737),.PCURVE_S1.);
#7726 = LINE('',#7727,#7728);
#7727 = CARTESIAN_POINT('',(-24.5,157.,149.41439573271));
#7728 = VECTOR('',#7729,1.);
#7729 = DIRECTION('',(-1.,-5.318914247286E-16,-6.661338147751E-16));
#7730 = PCURVE('',#5028,#7731);
#7731 = DEFINITIONAL_REPRESENTATION('',(#7732),#7736);
#7732 = LINE('',#7733,#7734);
#7733 = CARTESIAN_POINT('',(101.78299852457,-66.));
#7734 = VECTOR('',#7735,1.);
#7735 = DIRECTION('',(0.,-1.));
#7736 = ( GEOMETRIC_REPRESENTATION_CONTEXT(2) 
PARAMETRIC_REPRESENTATION_CONTEXT() REPRESENTATION_CONTEXT('2D SPACE',''
  ) );
#7737 = PCURVE('',#5054,#7738);
#7738 = DEFINITIONAL_REPRESENTATION('',(#7739),#7743);
#7739 = LINE('',#7740,#7741);
#7740 = CARTESIAN_POINT('',(30.731022211797,0.));
#7741 = VECTOR('',#7742,1.);
#7742 = DIRECTION('',(0.,-1.));
#7743 = ( GEOMETRIC_REPRESENTATION_CONTEXT(2) 
PARAMETRIC_REPRESENTATION_CONTEXT() REPRESENTATION_CONTEXT('2D SPACE',''
  ) );
#7744 = ORIENTED_EDGE('',*,*,#5012,.F.);
#7745 = ORIENTED_EDGE('',*,*,#7746,.F.);
#7746 = EDGE_CURVE('',#6876,#4985,#7747,.T.);
#7747 = SURFACE_CURVE('',#7748,(#7752,#7759),.PCURVE_S1.);
#7748 = LINE('',#7749,#7750);
#7749 = CARTESIAN_POINT('',(-20.5,157.,157.63139720814));
#7750 = VECTOR('',#7751,1.);
#7751 = DIRECTION('',(6.661338147751E-16,-7.495338295473E-15,-1.));
#7752 = PCURVE('',#5028,#7753);
#7753 = DEFINITIONAL_REPRESENTATION('',(#7754),#7758);
#7754 = LINE('',#7755,#7756);
#7755 = CARTESIAN_POINT('',(110.,-62.));
#7756 = VECTOR('',#7757,1.);
#7757 = DIRECTION('',(-1.,0.));
#7758 = ( GEOMETRIC_REPRESENTATION_CONTEXT(2) 
PARAMETRIC_REPRESENTATION_CONTEXT() REPRESENTATION_CONTEXT('2D SPACE',''
  ) );
#7759 = PCURVE('',#5000,#7760);
#7760 = DEFINITIONAL_REPRESENTATION('',(#7761),#7765);
#7761 = LINE('',#7762,#7763);
#7762 = CARTESIAN_POINT('',(-110.,19.));
#7763 = VECTOR('',#7764,1.);
#7764 = DIRECTION('',(1.,0.));
#7765 = ( GEOMETRIC_REPRESENTATION_CONTEXT(2) 
PARAMETRIC_REPRESENTATION_CONTEXT() REPRESENTATION_CONTEXT('2D SPACE',''
  ) );
#7766 = ORIENTED_EDGE('',*,*,#6875,.T.);
#7767 = ORIENTED_EDGE('',*,*,#5764,.T.);
#7768 = ADVANCED_FACE('',(#7769),#7666,.F.);
#7769 = FACE_BOUND('',#7770,.T.);
#7770 = EDGE_LOOP('',(#7771,#7794,#7822,#7843));
#7771 = ORIENTED_EDGE('',*,*,#7772,.F.);
#7772 = EDGE_CURVE('',#7773,#7623,#7775,.T.);
#7773 = VERTEX_POINT('',#7774);
#7774 = CARTESIAN_POINT('',(13.5,154.,117.63139720814));
#7775 = SURFACE_CURVE('',#7776,(#7780,#7787),.PCURVE_S1.);
#7776 = LINE('',#7777,#7778);
#7777 = CARTESIAN_POINT('',(13.5,153.,117.63139720814));
#7778 = VECTOR('',#7779,1.);
#7779 = DIRECTION('',(-5.318914247286E-16,1.,-7.495338295473E-15));
#7780 = PCURVE('',#7666,#7781);
#7781 = DEFINITIONAL_REPRESENTATION('',(#7782),#7786);
#7782 = LINE('',#7783,#7784);
#7783 = CARTESIAN_POINT('',(-48.08326112068,0.));
#7784 = VECTOR('',#7785,1.);
#7785 = DIRECTION('',(0.,-1.));
#7786 = ( GEOMETRIC_REPRESENTATION_CONTEXT(2) 
PARAMETRIC_REPRESENTATION_CONTEXT() REPRESENTATION_CONTEXT('2D SPACE',''
  ) );
#7787 = PCURVE('',#7638,#7788);
#7788 = DEFINITIONAL_REPRESENTATION('',(#7789),#7793);
#7789 = LINE('',#7790,#7791);
#7790 = CARTESIAN_POINT('',(0.,-20.80865204668));
#7791 = VECTOR('',#7792,1.);
#7792 = DIRECTION('',(-0.,-1.));
#7793 = ( GEOMETRIC_REPRESENTATION_CONTEXT(2) 
PARAMETRIC_REPRESENTATION_CONTEXT() REPRESENTATION_CONTEXT('2D SPACE',''
  ) );
#7794 = ORIENTED_EDGE('',*,*,#7795,.T.);
#7795 = EDGE_CURVE('',#7773,#7796,#7798,.T.);
#7796 = VERTEX_POINT('',#7797);
#7797 = CARTESIAN_POINT('',(-2.5,154.,133.63139720814));
#7798 = SURFACE_CURVE('',#7799,(#7803,#7810),.PCURVE_S1.);
#7799 = LINE('',#7800,#7801);
#7800 = CARTESIAN_POINT('',(-20.5,154.,151.63139720814));
#7801 = VECTOR('',#7802,1.);
#7802 = DIRECTION('',(-0.707106781187,4.923900502736E-15,0.707106781187)
  );
#7803 = PCURVE('',#7666,#7804);
#7804 = DEFINITIONAL_REPRESENTATION('',(#7805),#7809);
#7805 = LINE('',#7806,#7807);
#7806 = CARTESIAN_POINT('',(0.,-1.));
#7807 = VECTOR('',#7808,1.);
#7808 = DIRECTION('',(1.,0.));
#7809 = ( GEOMETRIC_REPRESENTATION_CONTEXT(2) 
PARAMETRIC_REPRESENTATION_CONTEXT() REPRESENTATION_CONTEXT('2D SPACE',''
  ) );
#7810 = PCURVE('',#7811,#7816);
#7811 = PLANE('',#7812);
#7812 = AXIS2_PLACEMENT_3D('',#7813,#7814,#7815);
#7813 = CARTESIAN_POINT('',(63.207106781187,153.,69.33850398933));
#7814 = DIRECTION('',(0.5,0.707106781187,0.5));
#7815 = DIRECTION('',(0.707106781187,-4.979411653967E-15,-0.707106781187
    ));
#7816 = DEFINITIONAL_REPRESENTATION('',(#7817),#7821);
#7817 = LINE('',#7818,#7819);
#7818 = CARTESIAN_POINT('',(-117.3797256769,1.414213562373));
#7819 = VECTOR('',#7820,1.);
#7820 = DIRECTION('',(-1.,0.));
#7821 = ( GEOMETRIC_REPRESENTATION_CONTEXT(2) 
PARAMETRIC_REPRESENTATION_CONTEXT() REPRESENTATION_CONTEXT('2D SPACE',''
  ) );
#7822 = ORIENTED_EDGE('',*,*,#7823,.T.);
#7823 = EDGE_CURVE('',#7796,#7651,#7824,.T.);
#7824 = SURFACE_CURVE('',#7825,(#7829,#7836),.PCURVE_S1.);
#7825 = LINE('',#7826,#7827);
#7826 = CARTESIAN_POINT('',(-2.5,153.,133.63139720814));
#7827 = VECTOR('',#7828,1.);
#7828 = DIRECTION('',(-5.318914247286E-16,1.,-7.495338295473E-15));
#7829 = PCURVE('',#7666,#7830);
#7830 = DEFINITIONAL_REPRESENTATION('',(#7831),#7835);
#7831 = LINE('',#7832,#7833);
#7832 = CARTESIAN_POINT('',(-25.45584412271,0.));
#7833 = VECTOR('',#7834,1.);
#7834 = DIRECTION('',(0.,-1.));
#7835 = ( GEOMETRIC_REPRESENTATION_CONTEXT(2) 
PARAMETRIC_REPRESENTATION_CONTEXT() REPRESENTATION_CONTEXT('2D SPACE',''
  ) );
#7836 = PCURVE('',#5092,#7837);
#7837 = DEFINITIONAL_REPRESENTATION('',(#7838),#7842);
#7838 = LINE('',#7839,#7840);
#7839 = CARTESIAN_POINT('',(46.,22.));
#7840 = VECTOR('',#7841,1.);
#7841 = DIRECTION('',(-1.,0.));
#7842 = ( GEOMETRIC_REPRESENTATION_CONTEXT(2) 
PARAMETRIC_REPRESENTATION_CONTEXT() REPRESENTATION_CONTEXT('2D SPACE',''
  ) );
#7843 = ORIENTED_EDGE('',*,*,#7650,.T.);
#7844 = ADVANCED_FACE('',(#7845),#4920,.F.);
#7845 = FACE_BOUND('',#7846,.T.);
#7846 = EDGE_LOOP('',(#7847,#7877,#7905,#7928,#7951,#7972,#7973,#7996,
    #8019,#8047,#8070));
#7847 = ORIENTED_EDGE('',*,*,#7848,.T.);
#7848 = EDGE_CURVE('',#7849,#7851,#7853,.T.);
#7849 = VERTEX_POINT('',#7850);
#7850 = CARTESIAN_POINT('',(14.5,153.,106.04561077051));
#7851 = VERTEX_POINT('',#7852);
#7852 = CARTESIAN_POINT('',(18.914213562373,153.,101.63139720814));
#7853 = SURFACE_CURVE('',#7854,(#7858,#7865),.PCURVE_S1.);
#7854 = LINE('',#7855,#7856);
#7855 = CARTESIAN_POINT('',(19.207106781186,153.,101.33850398933));
#7856 = VECTOR('',#7857,1.);
#7857 = DIRECTION('',(0.707106781187,-4.923900502736E-15,-0.707106781187
    ));
#7858 = PCURVE('',#4920,#7859);
#7859 = DEFINITIONAL_REPRESENTATION('',(#7860),#7864);
#7860 = LINE('',#7861,#7862);
#7861 = CARTESIAN_POINT('',(53.707106781187,-22.29289321881));
#7862 = VECTOR('',#7863,1.);
#7863 = DIRECTION('',(-0.707106781187,0.707106781187));
#7864 = ( GEOMETRIC_REPRESENTATION_CONTEXT(2) 
PARAMETRIC_REPRESENTATION_CONTEXT() REPRESENTATION_CONTEXT('2D SPACE',''
  ) );
#7865 = PCURVE('',#7866,#7871);
#7866 = PLANE('',#7867);
#7867 = AXIS2_PLACEMENT_3D('',#7868,#7869,#7870);
#7868 = CARTESIAN_POINT('',(57.207106781186,153.,63.33850398933));
#7869 = DIRECTION('',(0.5,0.707106781187,0.5));
#7870 = DIRECTION('',(0.707106781187,-4.923900502736E-15,-0.707106781187
    ));
#7871 = DEFINITIONAL_REPRESENTATION('',(#7872),#7876);
#7872 = LINE('',#7873,#7874);
#7873 = CARTESIAN_POINT('',(-53.74011537017,0.));
#7874 = VECTOR('',#7875,1.);
#7875 = DIRECTION('',(1.,0.));
#7876 = ( GEOMETRIC_REPRESENTATION_CONTEXT(2) 
PARAMETRIC_REPRESENTATION_CONTEXT() REPRESENTATION_CONTEXT('2D SPACE',''
  ) );
#7877 = ORIENTED_EDGE('',*,*,#7878,.T.);
#7878 = EDGE_CURVE('',#7851,#7879,#7881,.T.);
#7879 = VERTEX_POINT('',#7880);
#7880 = CARTESIAN_POINT('',(20.5,153.,101.63139720814));
#7881 = SURFACE_CURVE('',#7882,(#7886,#7893),.PCURVE_S1.);
#7882 = LINE('',#7883,#7884);
#7883 = CARTESIAN_POINT('',(41.5,153.,101.63139720814));
#7884 = VECTOR('',#7885,1.);
#7885 = DIRECTION('',(1.,5.318914247286E-16,6.661338147751E-16));
#7886 = PCURVE('',#4920,#7887);
#7887 = DEFINITIONAL_REPRESENTATION('',(#7888),#7892);
#7888 = LINE('',#7889,#7890);
#7889 = CARTESIAN_POINT('',(54.,0.));
#7890 = VECTOR('',#7891,1.);
#7891 = DIRECTION('',(0.,1.));
#7892 = ( GEOMETRIC_REPRESENTATION_CONTEXT(2) 
PARAMETRIC_REPRESENTATION_CONTEXT() REPRESENTATION_CONTEXT('2D SPACE',''
  ) );
#7893 = PCURVE('',#7894,#7899);
#7894 = PLANE('',#7895);
#7895 = AXIS2_PLACEMENT_3D('',#7896,#7897,#7898);
#7896 = CARTESIAN_POINT('',(13.5,154.,100.63139720814));
#7897 = DIRECTION('',(-8.471317708857E-16,0.707106781187,0.707106781187)
  );
#7898 = DIRECTION('',(-1.,-5.318914247286E-16,-6.661338147751E-16));
#7899 = DEFINITIONAL_REPRESENTATION('',(#7900),#7904);
#7900 = LINE('',#7901,#7902);
#7901 = CARTESIAN_POINT('',(-28.,1.414213562373));
#7902 = VECTOR('',#7903,1.);
#7903 = DIRECTION('',(-1.,0.));
#7904 = ( GEOMETRIC_REPRESENTATION_CONTEXT(2) 
PARAMETRIC_REPRESENTATION_CONTEXT() REPRESENTATION_CONTEXT('2D SPACE',''
  ) );
#7905 = ORIENTED_EDGE('',*,*,#7906,.T.);
#7906 = EDGE_CURVE('',#7879,#7907,#7909,.T.);
#7907 = VERTEX_POINT('',#7908);
#7908 = CARTESIAN_POINT('',(20.5,153.,162.63139720814));
#7909 = SURFACE_CURVE('',#7910,(#7914,#7921),.PCURVE_S1.);
#7910 = LINE('',#7911,#7912);
#7911 = CARTESIAN_POINT('',(20.5,153.,47.631397208143));
#7912 = VECTOR('',#7913,1.);
#7913 = DIRECTION('',(-6.661338147751E-16,7.495338295473E-15,1.));
#7914 = PCURVE('',#4920,#7915);
#7915 = DEFINITIONAL_REPRESENTATION('',(#7916),#7920);
#7916 = LINE('',#7917,#7918);
#7917 = CARTESIAN_POINT('',(0.,-21.));
#7918 = VECTOR('',#7919,1.);
#7919 = DIRECTION('',(1.,0.));
#7920 = ( GEOMETRIC_REPRESENTATION_CONTEXT(2) 
PARAMETRIC_REPRESENTATION_CONTEXT() REPRESENTATION_CONTEXT('2D SPACE',''
  ) );
#7921 = PCURVE('',#6430,#7922);
#7922 = DEFINITIONAL_REPRESENTATION('',(#7923),#7927);
#7923 = LINE('',#7924,#7925);
#7924 = CARTESIAN_POINT('',(0.,0.));
#7925 = VECTOR('',#7926,1.);
#7926 = DIRECTION('',(0.,1.));
#7927 = ( GEOMETRIC_REPRESENTATION_CONTEXT(2) 
PARAMETRIC_REPRESENTATION_CONTEXT() REPRESENTATION_CONTEXT('2D SPACE',''
  ) );
#7928 = ORIENTED_EDGE('',*,*,#7929,.T.);
#7929 = EDGE_CURVE('',#7907,#7930,#7932,.T.);
#7930 = VERTEX_POINT('',#7931);
#7931 = CARTESIAN_POINT('',(-19.5,153.,162.63139720814));
#7932 = SURFACE_CURVE('',#7933,(#7937,#7944),.PCURVE_S1.);
#7933 = LINE('',#7934,#7935);
#7934 = CARTESIAN_POINT('',(41.5,153.,162.63139720814));
#7935 = VECTOR('',#7936,1.);
#7936 = DIRECTION('',(-1.,-5.318914247286E-16,-6.661338147751E-16));
#7937 = PCURVE('',#4920,#7938);
#7938 = DEFINITIONAL_REPRESENTATION('',(#7939),#7943);
#7939 = LINE('',#7940,#7941);
#7940 = CARTESIAN_POINT('',(115.,0.));
#7941 = VECTOR('',#7942,1.);
#7942 = DIRECTION('',(0.,-1.));
#7943 = ( GEOMETRIC_REPRESENTATION_CONTEXT(2) 
PARAMETRIC_REPRESENTATION_CONTEXT() REPRESENTATION_CONTEXT('2D SPACE',''
  ) );
#7944 = PCURVE('',#6672,#7945);
#7945 = DEFINITIONAL_REPRESENTATION('',(#7946),#7950);
#7946 = LINE('',#7947,#7948);
#7947 = CARTESIAN_POINT('',(0.,0.));
#7948 = VECTOR('',#7949,1.);
#7949 = DIRECTION('',(1.,0.));
#7950 = ( GEOMETRIC_REPRESENTATION_CONTEXT(2) 
PARAMETRIC_REPRESENTATION_CONTEXT() REPRESENTATION_CONTEXT('2D SPACE',''
  ) );
#7951 = ORIENTED_EDGE('',*,*,#7952,.T.);
#7952 = EDGE_CURVE('',#7930,#4898,#7953,.T.);
#7953 = SURFACE_CURVE('',#7954,(#7958,#7965),.PCURVE_S1.);
#7954 = LINE('',#7955,#7956);
#7955 = CARTESIAN_POINT('',(-19.5,153.,133.63139720814));
#7956 = VECTOR('',#7957,1.);
#7957 = DIRECTION('',(6.661338147751E-16,-7.495338295473E-15,-1.));
#7958 = PCURVE('',#4920,#7959);
#7959 = DEFINITIONAL_REPRESENTATION('',(#7960),#7964);
#7960 = LINE('',#7961,#7962);
#7961 = CARTESIAN_POINT('',(86.,-61.));
#7962 = VECTOR('',#7963,1.);
#7963 = DIRECTION('',(-1.,0.));
#7964 = ( GEOMETRIC_REPRESENTATION_CONTEXT(2) 
PARAMETRIC_REPRESENTATION_CONTEXT() REPRESENTATION_CONTEXT('2D SPACE',''
  ) );
#7965 = PCURVE('',#4950,#7966);
#7966 = DEFINITIONAL_REPRESENTATION('',(#7967),#7971);
#7967 = LINE('',#7968,#7969);
#7968 = CARTESIAN_POINT('',(3.14159265359,-86.));
#7969 = VECTOR('',#7970,1.);
#7970 = DIRECTION('',(0.,1.));
#7971 = ( GEOMETRIC_REPRESENTATION_CONTEXT(2) 
PARAMETRIC_REPRESENTATION_CONTEXT() REPRESENTATION_CONTEXT('2D SPACE',''
  ) );
#7972 = ORIENTED_EDGE('',*,*,#4897,.T.);
#7973 = ORIENTED_EDGE('',*,*,#7974,.T.);
#7974 = EDGE_CURVE('',#4900,#7975,#7977,.T.);
#7975 = VERTEX_POINT('',#7976);
#7976 = CARTESIAN_POINT('',(-19.5,153.,149.41439573271));
#7977 = SURFACE_CURVE('',#7978,(#7982,#7989),.PCURVE_S1.);
#7978 = LINE('',#7979,#7980);
#7979 = CARTESIAN_POINT('',(-24.5,153.,149.41439573271));
#7980 = VECTOR('',#7981,1.);
#7981 = DIRECTION('',(-1.,-5.318914247286E-16,-6.661338147751E-16));
#7982 = PCURVE('',#4920,#7983);
#7983 = DEFINITIONAL_REPRESENTATION('',(#7984),#7988);
#7984 = LINE('',#7985,#7986);
#7985 = CARTESIAN_POINT('',(101.78299852457,-66.));
#7986 = VECTOR('',#7987,1.);
#7987 = DIRECTION('',(0.,-1.));
#7988 = ( GEOMETRIC_REPRESENTATION_CONTEXT(2) 
PARAMETRIC_REPRESENTATION_CONTEXT() REPRESENTATION_CONTEXT('2D SPACE',''
  ) );
#7989 = PCURVE('',#5054,#7990);
#7990 = DEFINITIONAL_REPRESENTATION('',(#7991),#7995);
#7991 = LINE('',#7992,#7993);
#7992 = CARTESIAN_POINT('',(34.731022211797,0.));
#7993 = VECTOR('',#7994,1.);
#7994 = DIRECTION('',(0.,-1.));
#7995 = ( GEOMETRIC_REPRESENTATION_CONTEXT(2) 
PARAMETRIC_REPRESENTATION_CONTEXT() REPRESENTATION_CONTEXT('2D SPACE',''
  ) );
#7996 = ORIENTED_EDGE('',*,*,#7997,.T.);
#7997 = EDGE_CURVE('',#7975,#7998,#8000,.T.);
#7998 = VERTEX_POINT('',#7999);
#7999 = CARTESIAN_POINT('',(-19.5,153.,134.63139720814));
#8000 = SURFACE_CURVE('',#8001,(#8005,#8012),.PCURVE_S1.);
#8001 = LINE('',#8002,#8003);
#8002 = CARTESIAN_POINT('',(-19.5,153.,133.63139720814));
#8003 = VECTOR('',#8004,1.);
#8004 = DIRECTION('',(6.661338147751E-16,-7.495338295473E-15,-1.));
#8005 = PCURVE('',#4920,#8006);
#8006 = DEFINITIONAL_REPRESENTATION('',(#8007),#8011);
#8007 = LINE('',#8008,#8009);
#8008 = CARTESIAN_POINT('',(86.,-61.));
#8009 = VECTOR('',#8010,1.);
#8010 = DIRECTION('',(-1.,0.));
#8011 = ( GEOMETRIC_REPRESENTATION_CONTEXT(2) 
PARAMETRIC_REPRESENTATION_CONTEXT() REPRESENTATION_CONTEXT('2D SPACE',''
  ) );
#8012 = PCURVE('',#4950,#8013);
#8013 = DEFINITIONAL_REPRESENTATION('',(#8014),#8018);
#8014 = LINE('',#8015,#8016);
#8015 = CARTESIAN_POINT('',(3.14159265359,-86.));
#8016 = VECTOR('',#8017,1.);
#8017 = DIRECTION('',(0.,1.));
#8018 = ( GEOMETRIC_REPRESENTATION_CONTEXT(2) 
PARAMETRIC_REPRESENTATION_CONTEXT() REPRESENTATION_CONTEXT('2D SPACE',''
  ) );
#8019 = ORIENTED_EDGE('',*,*,#8020,.T.);
#8020 = EDGE_CURVE('',#7998,#8021,#8023,.T.);
#8021 = VERTEX_POINT('',#8022);
#8022 = CARTESIAN_POINT('',(-2.085786437627,153.,134.63139720814));
#8023 = SURFACE_CURVE('',#8024,(#8028,#8035),.PCURVE_S1.);
#8024 = LINE('',#8025,#8026);
#8025 = CARTESIAN_POINT('',(41.5,153.,134.63139720814));
#8026 = VECTOR('',#8027,1.);
#8027 = DIRECTION('',(1.,5.318914247286E-16,6.661338147751E-16));
#8028 = PCURVE('',#4920,#8029);
#8029 = DEFINITIONAL_REPRESENTATION('',(#8030),#8034);
#8030 = LINE('',#8031,#8032);
#8031 = CARTESIAN_POINT('',(87.,0.));
#8032 = VECTOR('',#8033,1.);
#8033 = DIRECTION('',(0.,1.));
#8034 = ( GEOMETRIC_REPRESENTATION_CONTEXT(2) 
PARAMETRIC_REPRESENTATION_CONTEXT() REPRESENTATION_CONTEXT('2D SPACE',''
  ) );
#8035 = PCURVE('',#8036,#8041);
#8036 = PLANE('',#8037);
#8037 = AXIS2_PLACEMENT_3D('',#8038,#8039,#8040);
#8038 = CARTESIAN_POINT('',(41.5,153.,134.63139720814));
#8039 = DIRECTION('',(-8.471317708857E-16,0.707106781187,0.707106781187)
  );
#8040 = DIRECTION('',(1.,5.318914247286E-16,6.661338147751E-16));
#8041 = DEFINITIONAL_REPRESENTATION('',(#8042),#8046);
#8042 = LINE('',#8043,#8044);
#8043 = CARTESIAN_POINT('',(0.,0.));
#8044 = VECTOR('',#8045,1.);
#8045 = DIRECTION('',(1.,0.));
#8046 = ( GEOMETRIC_REPRESENTATION_CONTEXT(2) 
PARAMETRIC_REPRESENTATION_CONTEXT() REPRESENTATION_CONTEXT('2D SPACE',''
  ) );
#8047 = ORIENTED_EDGE('',*,*,#8048,.T.);
#8048 = EDGE_CURVE('',#8021,#8049,#8051,.T.);
#8049 = VERTEX_POINT('',#8050);
#8050 = CARTESIAN_POINT('',(14.5,153.,118.04561077051));
#8051 = SURFACE_CURVE('',#8052,(#8056,#8063),.PCURVE_S1.);
#8052 = LINE('',#8053,#8054);
#8053 = CARTESIAN_POINT('',(63.207106781187,153.,69.33850398933));
#8054 = VECTOR('',#8055,1.);
#8055 = DIRECTION('',(0.707106781187,-4.923900502736E-15,-0.707106781187
    ));
#8056 = PCURVE('',#4920,#8057);
#8057 = DEFINITIONAL_REPRESENTATION('',(#8058),#8062);
#8058 = LINE('',#8059,#8060);
#8059 = CARTESIAN_POINT('',(21.707106781187,21.707106781187));
#8060 = VECTOR('',#8061,1.);
#8061 = DIRECTION('',(-0.707106781187,0.707106781187));
#8062 = ( GEOMETRIC_REPRESENTATION_CONTEXT(2) 
PARAMETRIC_REPRESENTATION_CONTEXT() REPRESENTATION_CONTEXT('2D SPACE',''
  ) );
#8063 = PCURVE('',#7811,#8064);
#8064 = DEFINITIONAL_REPRESENTATION('',(#8065),#8069);
#8065 = LINE('',#8066,#8067);
#8066 = CARTESIAN_POINT('',(-1.972152263053E-31,2.512147933894E-15));
#8067 = VECTOR('',#8068,1.);
#8068 = DIRECTION('',(1.,0.));
#8069 = ( GEOMETRIC_REPRESENTATION_CONTEXT(2) 
PARAMETRIC_REPRESENTATION_CONTEXT() REPRESENTATION_CONTEXT('2D SPACE',''
  ) );
#8070 = ORIENTED_EDGE('',*,*,#8071,.T.);
#8071 = EDGE_CURVE('',#8049,#7849,#8072,.T.);
#8072 = SURFACE_CURVE('',#8073,(#8077,#8084),.PCURVE_S1.);
#8073 = LINE('',#8074,#8075);
#8074 = CARTESIAN_POINT('',(14.5,153.,47.631397208143));
#8075 = VECTOR('',#8076,1.);
#8076 = DIRECTION('',(6.661338147751E-16,-7.495338295473E-15,-1.));
#8077 = PCURVE('',#4920,#8078);
#8078 = DEFINITIONAL_REPRESENTATION('',(#8079),#8083);
#8079 = LINE('',#8080,#8081);
#8080 = CARTESIAN_POINT('',(0.,-27.));
#8081 = VECTOR('',#8082,1.);
#8082 = DIRECTION('',(-1.,0.));
#8083 = ( GEOMETRIC_REPRESENTATION_CONTEXT(2) 
PARAMETRIC_REPRESENTATION_CONTEXT() REPRESENTATION_CONTEXT('2D SPACE',''
  ) );
#8084 = PCURVE('',#8085,#8090);
#8085 = PLANE('',#8086);
#8086 = AXIS2_PLACEMENT_3D('',#8087,#8088,#8089);
#8087 = CARTESIAN_POINT('',(13.5,154.,117.63139720814));
#8088 = DIRECTION('',(0.707106781187,0.707106781187,-4.828976798411E-15)
  );
#8089 = DIRECTION('',(-6.661338147751E-16,7.495338295473E-15,1.));
#8090 = DEFINITIONAL_REPRESENTATION('',(#8091),#8095);
#8091 = LINE('',#8092,#8093);
#8092 = CARTESIAN_POINT('',(-70.,1.414213562373));
#8093 = VECTOR('',#8094,1.);
#8094 = DIRECTION('',(-1.,0.));
#8095 = ( GEOMETRIC_REPRESENTATION_CONTEXT(2) 
PARAMETRIC_REPRESENTATION_CONTEXT() REPRESENTATION_CONTEXT('2D SPACE',''
  ) );
#8096 = ADVANCED_FACE('',(#8097),#5174,.F.);
#8097 = FACE_BOUND('',#8098,.T.);
#8098 = EDGE_LOOP('',(#8099,#8122,#8150,#8171,#8172,#8173,#8196,#8224,
    #8252,#8275,#8296));
#8099 = ORIENTED_EDGE('',*,*,#8100,.F.);
#8100 = EDGE_CURVE('',#8101,#5133,#8103,.T.);
#8101 = VERTEX_POINT('',#8102);
#8102 = CARTESIAN_POINT('',(13.5,195.,105.63139720814));
#8103 = SURFACE_CURVE('',#8104,(#8108,#8115),.PCURVE_S1.);
#8104 = LINE('',#8105,#8106);
#8105 = CARTESIAN_POINT('',(13.5,195.,117.63139720814));
#8106 = VECTOR('',#8107,1.);
#8107 = DIRECTION('',(-4.620486999543E-16,7.495338295473E-15,1.));
#8108 = PCURVE('',#5174,#8109);
#8109 = DEFINITIONAL_REPRESENTATION('',(#8110),#8114);
#8110 = LINE('',#8111,#8112);
#8111 = CARTESIAN_POINT('',(70.,-28.));
#8112 = VECTOR('',#8113,1.);
#8113 = DIRECTION('',(1.,2.040851148208E-16));
#8114 = ( GEOMETRIC_REPRESENTATION_CONTEXT(2) 
PARAMETRIC_REPRESENTATION_CONTEXT() REPRESENTATION_CONTEXT('2D SPACE',''
  ) );
#8115 = PCURVE('',#5148,#8116);
#8116 = DEFINITIONAL_REPRESENTATION('',(#8117),#8121);
#8117 = LINE('',#8118,#8119);
#8118 = CARTESIAN_POINT('',(0.,24.808652046685));
#8119 = VECTOR('',#8120,1.);
#8120 = DIRECTION('',(1.,0.));
#8121 = ( GEOMETRIC_REPRESENTATION_CONTEXT(2) 
PARAMETRIC_REPRESENTATION_CONTEXT() REPRESENTATION_CONTEXT('2D SPACE',''
  ) );
#8122 = ORIENTED_EDGE('',*,*,#8123,.T.);
#8123 = EDGE_CURVE('',#8101,#8124,#8126,.T.);
#8124 = VERTEX_POINT('',#8125);
#8125 = CARTESIAN_POINT('',(18.5,195.,100.63139720814));
#8126 = SURFACE_CURVE('',#8127,(#8131,#8138),.PCURVE_S1.);
#8127 = LINE('',#8128,#8129);
#8128 = CARTESIAN_POINT('',(13.5,195.,105.63139720814));
#8129 = VECTOR('',#8130,1.);
#8130 = DIRECTION('',(0.707106781187,-4.923900502736E-15,-0.707106781187
    ));
#8131 = PCURVE('',#5174,#8132);
#8132 = DEFINITIONAL_REPRESENTATION('',(#8133),#8137);
#8133 = LINE('',#8134,#8135);
#8134 = CARTESIAN_POINT('',(58.,-28.));
#8135 = VECTOR('',#8136,1.);
#8136 = DIRECTION('',(-0.707106781187,0.707106781187));
#8137 = ( GEOMETRIC_REPRESENTATION_CONTEXT(2) 
PARAMETRIC_REPRESENTATION_CONTEXT() REPRESENTATION_CONTEXT('2D SPACE',''
  ) );
#8138 = PCURVE('',#8139,#8144);
#8139 = PLANE('',#8140);
#8140 = AXIS2_PLACEMENT_3D('',#8141,#8142,#8143);
#8141 = CARTESIAN_POINT('',(13.5,219.80865204668,105.63139720814));
#8142 = DIRECTION('',(0.707106781187,5.676108569297E-15,0.707106781187)
  );
#8143 = DIRECTION('',(5.318914247286E-16,-1.,7.495338295473E-15));
#8144 = DEFINITIONAL_REPRESENTATION('',(#8145),#8149);
#8145 = LINE('',#8146,#8147);
#8146 = CARTESIAN_POINT('',(24.808652046685,0.));
#8147 = VECTOR('',#8148,1.);
#8148 = DIRECTION('',(0.,1.));
#8149 = ( GEOMETRIC_REPRESENTATION_CONTEXT(2) 
PARAMETRIC_REPRESENTATION_CONTEXT() REPRESENTATION_CONTEXT('2D SPACE',''
  ) );
#8150 = ORIENTED_EDGE('',*,*,#8151,.F.);
#8151 = EDGE_CURVE('',#5615,#8124,#8152,.T.);
#8152 = SURFACE_CURVE('',#8153,(#8157,#8164),.PCURVE_S1.);
#8153 = LINE('',#8154,#8155);
#8154 = CARTESIAN_POINT('',(13.5,195.,100.63139720814));
#8155 = VECTOR('',#8156,1.);
#8156 = DIRECTION('',(-1.,-5.318914247286E-16,-1.822616132093E-15));
#8157 = PCURVE('',#5174,#8158);
#8158 = DEFINITIONAL_REPRESENTATION('',(#8159),#8163);
#8159 = LINE('',#8160,#8161);
#8160 = CARTESIAN_POINT('',(53.,-28.));
#8161 = VECTOR('',#8162,1.);
#8162 = DIRECTION('',(-1.156482317318E-15,-1.));
#8163 = ( GEOMETRIC_REPRESENTATION_CONTEXT(2) 
PARAMETRIC_REPRESENTATION_CONTEXT() REPRESENTATION_CONTEXT('2D SPACE',''
  ) );
#8164 = PCURVE('',#4750,#8165);
#8165 = DEFINITIONAL_REPRESENTATION('',(#8166),#8170);
#8166 = LINE('',#8167,#8168);
#8167 = CARTESIAN_POINT('',(0.,24.808652046685));
#8168 = VECTOR('',#8169,1.);
#8169 = DIRECTION('',(1.,-0.));
#8170 = ( GEOMETRIC_REPRESENTATION_CONTEXT(2) 
PARAMETRIC_REPRESENTATION_CONTEXT() REPRESENTATION_CONTEXT('2D SPACE',''
  ) );
#8171 = ORIENTED_EDGE('',*,*,#5614,.T.);
#8172 = ORIENTED_EDGE('',*,*,#6921,.F.);
#8173 = ORIENTED_EDGE('',*,*,#8174,.F.);
#8174 = EDGE_CURVE('',#8175,#6899,#8177,.T.);
#8175 = VERTEX_POINT('',#8176);
#8176 = CARTESIAN_POINT('',(-20.5,195.,151.63139720814));
#8177 = SURFACE_CURVE('',#8178,(#8182,#8189),.PCURVE_S1.);
#8178 = LINE('',#8179,#8180);
#8179 = CARTESIAN_POINT('',(-20.5,195.,151.63139720814));
#8180 = VECTOR('',#8181,1.);
#8181 = DIRECTION('',(-6.661338147751E-16,7.495338295473E-15,1.));
#8182 = PCURVE('',#5174,#8183);
#8183 = DEFINITIONAL_REPRESENTATION('',(#8184),#8188);
#8184 = LINE('',#8185,#8186);
#8185 = CARTESIAN_POINT('',(104.,-62.));
#8186 = VECTOR('',#8187,1.);
#8187 = DIRECTION('',(1.,0.));
#8188 = ( GEOMETRIC_REPRESENTATION_CONTEXT(2) 
PARAMETRIC_REPRESENTATION_CONTEXT() REPRESENTATION_CONTEXT('2D SPACE',''
  ) );
#8189 = PCURVE('',#5000,#8190);
#8190 = DEFINITIONAL_REPRESENTATION('',(#8191),#8195);
#8191 = LINE('',#8192,#8193);
#8192 = CARTESIAN_POINT('',(-104.,-19.));
#8193 = VECTOR('',#8194,1.);
#8194 = DIRECTION('',(-1.,0.));
#8195 = ( GEOMETRIC_REPRESENTATION_CONTEXT(2) 
PARAMETRIC_REPRESENTATION_CONTEXT() REPRESENTATION_CONTEXT('2D SPACE',''
  ) );
#8196 = ORIENTED_EDGE('',*,*,#8197,.F.);
#8197 = EDGE_CURVE('',#8198,#8175,#8200,.T.);
#8198 = VERTEX_POINT('',#8199);
#8199 = CARTESIAN_POINT('',(-18.81808723943,195.,149.94948444757));
#8200 = SURFACE_CURVE('',#8201,(#8205,#8212),.PCURVE_S1.);
#8201 = LINE('',#8202,#8203);
#8202 = CARTESIAN_POINT('',(13.5,195.,117.63139720814));
#8203 = VECTOR('',#8204,1.);
#8204 = DIRECTION('',(-0.707106781187,4.923900502736E-15,0.707106781187)
  );
#8205 = PCURVE('',#5174,#8206);
#8206 = DEFINITIONAL_REPRESENTATION('',(#8207),#8211);
#8207 = LINE('',#8208,#8209);
#8208 = CARTESIAN_POINT('',(70.,-28.));
#8209 = VECTOR('',#8210,1.);
#8210 = DIRECTION('',(0.707106781187,-0.707106781187));
#8211 = ( GEOMETRIC_REPRESENTATION_CONTEXT(2) 
PARAMETRIC_REPRESENTATION_CONTEXT() REPRESENTATION_CONTEXT('2D SPACE',''
  ) );
#8212 = PCURVE('',#8213,#8218);
#8213 = PLANE('',#8214);
#8214 = AXIS2_PLACEMENT_3D('',#8215,#8216,#8217);
#8215 = CARTESIAN_POINT('',(13.5,199.,117.63139720814));
#8216 = DIRECTION('',(0.707106781187,5.676108569297E-15,0.707106781187)
  );
#8217 = DIRECTION('',(-0.707106781187,4.923900502736E-15,0.707106781187)
  );
#8218 = DEFINITIONAL_REPRESENTATION('',(#8219),#8223);
#8219 = LINE('',#8220,#8221);
#8220 = CARTESIAN_POINT('',(0.,4.));
#8221 = VECTOR('',#8222,1.);
#8222 = DIRECTION('',(1.,0.));
#8223 = ( GEOMETRIC_REPRESENTATION_CONTEXT(2) 
PARAMETRIC_REPRESENTATION_CONTEXT() REPRESENTATION_CONTEXT('2D SPACE',''
  ) );
#8224 = ORIENTED_EDGE('',*,*,#8225,.T.);
#8225 = EDGE_CURVE('',#8198,#8226,#8228,.T.);
#8226 = VERTEX_POINT('',#8227);
#8227 = CARTESIAN_POINT('',(-20.5,195.,149.94948444757));
#8228 = SURFACE_CURVE('',#8229,(#8233,#8240),.PCURVE_S1.);
#8229 = LINE('',#8230,#8231);
#8230 = CARTESIAN_POINT('',(-24.5,195.,149.94948444757));
#8231 = VECTOR('',#8232,1.);
#8232 = DIRECTION('',(-1.,-5.318914247286E-16,-6.661338147751E-16));
#8233 = PCURVE('',#5174,#8234);
#8234 = DEFINITIONAL_REPRESENTATION('',(#8235),#8239);
#8235 = LINE('',#8236,#8237);
#8236 = CARTESIAN_POINT('',(102.31808723943,-66.));
#8237 = VECTOR('',#8238,1.);
#8238 = DIRECTION('',(0.,-1.));
#8239 = ( GEOMETRIC_REPRESENTATION_CONTEXT(2) 
PARAMETRIC_REPRESENTATION_CONTEXT() REPRESENTATION_CONTEXT('2D SPACE',''
  ) );
#8240 = PCURVE('',#8241,#8246);
#8241 = PLANE('',#8242);
#8242 = AXIS2_PLACEMENT_3D('',#8243,#8244,#8245);
#8243 = CARTESIAN_POINT('',(-24.5,161.45245735866,149.94948444757));
#8244 = DIRECTION('',(-6.661338147751E-16,7.495338295473E-15,1.));
#8245 = DIRECTION('',(5.318914247286E-16,-1.,7.495338295473E-15));
#8246 = DEFINITIONAL_REPRESENTATION('',(#8247),#8251);
#8247 = LINE('',#8248,#8249);
#8248 = CARTESIAN_POINT('',(-33.54754264133,0.));
#8249 = VECTOR('',#8250,1.);
#8250 = DIRECTION('',(0.,-1.));
#8251 = ( GEOMETRIC_REPRESENTATION_CONTEXT(2) 
PARAMETRIC_REPRESENTATION_CONTEXT() REPRESENTATION_CONTEXT('2D SPACE',''
  ) );
#8252 = ORIENTED_EDGE('',*,*,#8253,.T.);
#8253 = EDGE_CURVE('',#8226,#8254,#8256,.T.);
#8254 = VERTEX_POINT('',#8255);
#8255 = CARTESIAN_POINT('',(-20.5,195.,133.63139720814));
#8256 = SURFACE_CURVE('',#8257,(#8261,#8268),.PCURVE_S1.);
#8257 = LINE('',#8258,#8259);
#8258 = CARTESIAN_POINT('',(-20.5,195.,47.631397208143));
#8259 = VECTOR('',#8260,1.);
#8260 = DIRECTION('',(6.661338147751E-16,-7.495338295473E-15,-1.));
#8261 = PCURVE('',#5174,#8262);
#8262 = DEFINITIONAL_REPRESENTATION('',(#8263),#8267);
#8263 = LINE('',#8264,#8265);
#8264 = CARTESIAN_POINT('',(0.,-62.));
#8265 = VECTOR('',#8266,1.);
#8266 = DIRECTION('',(-1.,0.));
#8267 = ( GEOMETRIC_REPRESENTATION_CONTEXT(2) 
PARAMETRIC_REPRESENTATION_CONTEXT() REPRESENTATION_CONTEXT('2D SPACE',''
  ) );
#8268 = PCURVE('',#5000,#8269);
#8269 = DEFINITIONAL_REPRESENTATION('',(#8270),#8274);
#8270 = LINE('',#8271,#8272);
#8271 = CARTESIAN_POINT('',(-0.,-19.));
#8272 = VECTOR('',#8273,1.);
#8273 = DIRECTION('',(1.,0.));
#8274 = ( GEOMETRIC_REPRESENTATION_CONTEXT(2) 
PARAMETRIC_REPRESENTATION_CONTEXT() REPRESENTATION_CONTEXT('2D SPACE',''
  ) );
#8275 = ORIENTED_EDGE('',*,*,#8276,.T.);
#8276 = EDGE_CURVE('',#8254,#5070,#8277,.T.);
#8277 = SURFACE_CURVE('',#8278,(#8282,#8289),.PCURVE_S1.);
#8278 = LINE('',#8279,#8280);
#8279 = CARTESIAN_POINT('',(-24.5,195.,133.63139720814));
#8280 = VECTOR('',#8281,1.);
#8281 = DIRECTION('',(1.,5.318914247286E-16,6.661338147751E-16));
#8282 = PCURVE('',#5174,#8283);
#8283 = DEFINITIONAL_REPRESENTATION('',(#8284),#8288);
#8284 = LINE('',#8285,#8286);
#8285 = CARTESIAN_POINT('',(86.,-66.));
#8286 = VECTOR('',#8287,1.);
#8287 = DIRECTION('',(0.,1.));
#8288 = ( GEOMETRIC_REPRESENTATION_CONTEXT(2) 
PARAMETRIC_REPRESENTATION_CONTEXT() REPRESENTATION_CONTEXT('2D SPACE',''
  ) );
#8289 = PCURVE('',#5092,#8290);
#8290 = DEFINITIONAL_REPRESENTATION('',(#8291),#8295);
#8291 = LINE('',#8292,#8293);
#8292 = CARTESIAN_POINT('',(4.,0.));
#8293 = VECTOR('',#8294,1.);
#8294 = DIRECTION('',(0.,1.));
#8295 = ( GEOMETRIC_REPRESENTATION_CONTEXT(2) 
PARAMETRIC_REPRESENTATION_CONTEXT() REPRESENTATION_CONTEXT('2D SPACE',''
  ) );
#8296 = ORIENTED_EDGE('',*,*,#5160,.F.);
#8297 = ADVANCED_FACE('',(#8298),#8213,.F.);
#8298 = FACE_BOUND('',#8299,.T.);
#8299 = EDGE_LOOP('',(#8300,#8323,#8375,#8403,#8424));
#8300 = ORIENTED_EDGE('',*,*,#8301,.F.);
#8301 = EDGE_CURVE('',#8302,#8175,#8304,.T.);
#8302 = VERTEX_POINT('',#8303);
#8303 = CARTESIAN_POINT('',(-20.5,198.89897948556,151.63139720814));
#8304 = SURFACE_CURVE('',#8305,(#8309,#8316),.PCURVE_S1.);
#8305 = LINE('',#8306,#8307);
#8306 = CARTESIAN_POINT('',(-20.5,199.,151.63139720814));
#8307 = VECTOR('',#8308,1.);
#8308 = DIRECTION('',(5.318914247286E-16,-1.,7.495338295473E-15));
#8309 = PCURVE('',#8213,#8310);
#8310 = DEFINITIONAL_REPRESENTATION('',(#8311),#8315);
#8311 = LINE('',#8312,#8313);
#8312 = CARTESIAN_POINT('',(48.083261120685,0.));
#8313 = VECTOR('',#8314,1.);
#8314 = DIRECTION('',(0.,1.));
#8315 = ( GEOMETRIC_REPRESENTATION_CONTEXT(2) 
PARAMETRIC_REPRESENTATION_CONTEXT() REPRESENTATION_CONTEXT('2D SPACE',''
  ) );
#8316 = PCURVE('',#5000,#8317);
#8317 = DEFINITIONAL_REPRESENTATION('',(#8318),#8322);
#8318 = LINE('',#8319,#8320);
#8319 = CARTESIAN_POINT('',(-104.,-23.));
#8320 = VECTOR('',#8321,1.);
#8321 = DIRECTION('',(0.,1.));
#8322 = ( GEOMETRIC_REPRESENTATION_CONTEXT(2) 
PARAMETRIC_REPRESENTATION_CONTEXT() REPRESENTATION_CONTEXT('2D SPACE',''
  ) );
#8323 = ORIENTED_EDGE('',*,*,#8324,.T.);
#8324 = EDGE_CURVE('',#8302,#8325,#8327,.T.);
#8325 = VERTEX_POINT('',#8326);
#8326 = CARTESIAN_POINT('',(-19.5,199.,150.63139720814));
#8327 = SURFACE_CURVE('',#8328,(#8333,#8341),.PCURVE_S1.);
#8328 = ( BOUNDED_CURVE() B_SPLINE_CURVE(3,(#8329,#8330,#8331,#8332),
.UNSPECIFIED.,.F.,.F.) B_SPLINE_CURVE_WITH_KNOTS((4,4),(4.511031059594,
4.712388980385),.PIECEWISE_BEZIER_KNOTS.) CURVE() 
GEOMETRIC_REPRESENTATION_ITEM() RATIONAL_B_SPLINE_CURVE((1.,
0.996624102003,0.996624102003,1.)) REPRESENTATION_ITEM('') );
#8329 = CARTESIAN_POINT('',(-20.5,198.89897948556,151.63139720814));
#8330 = CARTESIAN_POINT('',(-20.17062717562,198.9662124318,
    151.30202438376));
#8331 = CARTESIAN_POINT('',(-19.83616473119,199.,150.96756193933));
#8332 = CARTESIAN_POINT('',(-19.5,199.,150.63139720814));
#8333 = PCURVE('',#8213,#8334);
#8334 = DEFINITIONAL_REPRESENTATION('',(#8335),#8340);
#8335 = ( BOUNDED_CURVE() B_SPLINE_CURVE(3,(#8336,#8337,#8338,#8339),
.UNSPECIFIED.,.F.,.F.) B_SPLINE_CURVE_WITH_KNOTS((4,4),(4.511031059594,
4.712388980385),.PIECEWISE_BEZIER_KNOTS.) CURVE() 
GEOMETRIC_REPRESENTATION_ITEM() RATIONAL_B_SPLINE_CURVE((1.,
0.996624102003,0.996624102003,1.)) REPRESENTATION_ITEM('') );
#8336 = CARTESIAN_POINT('',(48.083261120685,0.101020514434));
#8337 = CARTESIAN_POINT('',(47.617457605374,3.378756819499E-02));
#8338 = CARTESIAN_POINT('',(47.144456280357,0.));
#8339 = CARTESIAN_POINT('',(46.669047558312,0.));
#8340 = ( GEOMETRIC_REPRESENTATION_CONTEXT(2) 
PARAMETRIC_REPRESENTATION_CONTEXT() REPRESENTATION_CONTEXT('2D SPACE',''
  ) );
#8341 = PCURVE('',#8342,#8347);
#8342 = CYLINDRICAL_SURFACE('',#8343,5.);
#8343 = AXIS2_PLACEMENT_3D('',#8344,#8345,#8346);
#8344 = CARTESIAN_POINT('',(-19.5,194.,47.631397208143));
#8345 = DIRECTION('',(6.661338147751E-16,-7.495338295473E-15,-1.));
#8346 = DIRECTION('',(-5.318914247286E-16,1.,-7.495338295473E-15));
#8347 = DEFINITIONAL_REPRESENTATION('',(#8348),#8374);
#8348 = B_SPLINE_CURVE_WITH_KNOTS('',3,(#8349,#8350,#8351,#8352,#8353,
    #8354,#8355,#8356,#8357,#8358,#8359,#8360,#8361,#8362,#8363,#8364,
    #8365,#8366,#8367,#8368,#8369,#8370,#8371,#8372,#8373),
  .UNSPECIFIED.,.F.,.F.,(4,1,1,1,1,1,1,1,1,1,1,1,1,1,1,1,1,1,1,1,1,1,4),
  (4.511031059594,4.520183692358,4.529336325121,4.538488957884,
    4.547641590647,4.55679422341,4.565946856174,4.575099488937,
    4.5842521217,4.593404754463,4.602557387226,4.61171001999,
    4.620862652753,4.630015285516,4.639167918279,4.648320551042,
    4.657473183806,4.666625816569,4.675778449332,4.684931082095,
    4.694083714858,4.703236347621,4.712388980385),
  .QUASI_UNIFORM_KNOTS.);
#8349 = CARTESIAN_POINT('',(6.081827386389,-104.));
#8350 = CARTESIAN_POINT('',(6.084873112432,-103.985079053));
#8351 = CARTESIAN_POINT('',(6.090965966917,-103.9552024501));
#8352 = CARTESIAN_POINT('',(6.100109075777,-103.9102889501));
#8353 = CARTESIAN_POINT('',(6.109255632052,-103.8652823727));
#8354 = CARTESIAN_POINT('',(6.118405254811,-103.8201882804));
#8355 = CARTESIAN_POINT('',(6.127557562448,-103.7750122619));
#8356 = CARTESIAN_POINT('',(6.136712172661,-103.7297599339));
#8357 = CARTESIAN_POINT('',(6.145868702572,-103.6844369377));
#8358 = CARTESIAN_POINT('',(6.155026768821,-103.6390489374));
#8359 = CARTESIAN_POINT('',(6.164185987663,-103.5936016168));
#8360 = CARTESIAN_POINT('',(6.17334597506,-103.5481006781));
#8361 = CARTESIAN_POINT('',(6.182506346784,-103.5025518384));
#8362 = CARTESIAN_POINT('',(6.191666718508,-103.4569608281));
#8363 = CARTESIAN_POINT('',(6.200826705906,-103.4113333881));
#8364 = CARTESIAN_POINT('',(6.209985924748,-103.3656752675));
#8365 = CARTESIAN_POINT('',(6.219143990997,-103.3199922213));
#8366 = CARTESIAN_POINT('',(6.228300520908,-103.2742900077));
#8367 = CARTESIAN_POINT('',(6.23745513112,-103.2285743861));
#8368 = CARTESIAN_POINT('',(6.246607438758,-103.1828511142));
#8369 = CARTESIAN_POINT('',(6.255757061517,-103.1371259461));
#8370 = CARTESIAN_POINT('',(6.264903617792,-103.0914046291));
#8371 = CARTESIAN_POINT('',(6.274046726651,-103.0456929032));
#8372 = CARTESIAN_POINT('',(6.280139581136,-103.0152286295));
#8373 = CARTESIAN_POINT('',(6.28318530718,-103.));
#8374 = ( GEOMETRIC_REPRESENTATION_CONTEXT(2) 
PARAMETRIC_REPRESENTATION_CONTEXT() REPRESENTATION_CONTEXT('2D SPACE',''
  ) );
#8375 = ORIENTED_EDGE('',*,*,#8376,.F.);
#8376 = EDGE_CURVE('',#8377,#8325,#8379,.T.);
#8377 = VERTEX_POINT('',#8378);
#8378 = CARTESIAN_POINT('',(-18.81808723943,199.,149.94948444757));
#8379 = SURFACE_CURVE('',#8380,(#8384,#8391),.PCURVE_S1.);
#8380 = LINE('',#8381,#8382);
#8381 = CARTESIAN_POINT('',(13.5,199.,117.63139720814));
#8382 = VECTOR('',#8383,1.);
#8383 = DIRECTION('',(-0.707106781187,4.923900502736E-15,0.707106781187)
  );
#8384 = PCURVE('',#8213,#8385);
#8385 = DEFINITIONAL_REPRESENTATION('',(#8386),#8390);
#8386 = LINE('',#8387,#8388);
#8387 = CARTESIAN_POINT('',(0.,0.));
#8388 = VECTOR('',#8389,1.);
#8389 = DIRECTION('',(1.,0.));
#8390 = ( GEOMETRIC_REPRESENTATION_CONTEXT(2) 
PARAMETRIC_REPRESENTATION_CONTEXT() REPRESENTATION_CONTEXT('2D SPACE',''
  ) );
#8391 = PCURVE('',#8392,#8397);
#8392 = PLANE('',#8393);
#8393 = AXIS2_PLACEMENT_3D('',#8394,#8395,#8396);
#8394 = CARTESIAN_POINT('',(41.5,199.,47.631397208143));
#8395 = DIRECTION('',(-5.318914247286E-16,1.,-7.495338295473E-15));
#8396 = DIRECTION('',(-6.661338147751E-16,7.495338295473E-15,1.));
#8397 = DEFINITIONAL_REPRESENTATION('',(#8398),#8402);
#8398 = LINE('',#8399,#8400);
#8399 = CARTESIAN_POINT('',(70.,-28.));
#8400 = VECTOR('',#8401,1.);
#8401 = DIRECTION('',(0.707106781187,-0.707106781187));
#8402 = ( GEOMETRIC_REPRESENTATION_CONTEXT(2) 
PARAMETRIC_REPRESENTATION_CONTEXT() REPRESENTATION_CONTEXT('2D SPACE',''
  ) );
#8403 = ORIENTED_EDGE('',*,*,#8404,.T.);
#8404 = EDGE_CURVE('',#8377,#8198,#8405,.T.);
#8405 = SURFACE_CURVE('',#8406,(#8410,#8417),.PCURVE_S1.);
#8406 = LINE('',#8407,#8408);
#8407 = CARTESIAN_POINT('',(-18.81808723943,199.,149.94948444757));
#8408 = VECTOR('',#8409,1.);
#8409 = DIRECTION('',(5.318914247286E-16,-1.,7.495338295473E-15));
#8410 = PCURVE('',#8213,#8411);
#8411 = DEFINITIONAL_REPRESENTATION('',(#8412),#8416);
#8412 = LINE('',#8413,#8414);
#8413 = CARTESIAN_POINT('',(45.704677283967,0.));
#8414 = VECTOR('',#8415,1.);
#8415 = DIRECTION('',(0.,1.));
#8416 = ( GEOMETRIC_REPRESENTATION_CONTEXT(2) 
PARAMETRIC_REPRESENTATION_CONTEXT() REPRESENTATION_CONTEXT('2D SPACE',''
  ) );
#8417 = PCURVE('',#8241,#8418);
#8418 = DEFINITIONAL_REPRESENTATION('',(#8419),#8423);
#8419 = LINE('',#8420,#8421);
#8420 = CARTESIAN_POINT('',(-37.54754264133,5.681912760564));
#8421 = VECTOR('',#8422,1.);
#8422 = DIRECTION('',(1.,0.));
#8423 = ( GEOMETRIC_REPRESENTATION_CONTEXT(2) 
PARAMETRIC_REPRESENTATION_CONTEXT() REPRESENTATION_CONTEXT('2D SPACE',''
  ) );
#8424 = ORIENTED_EDGE('',*,*,#8197,.T.);
#8425 = ADVANCED_FACE('',(#8426),#8392,.T.);
#8426 = FACE_BOUND('',#8427,.T.);
#8427 = EDGE_LOOP('',(#8428,#8453,#8481,#8509,#8537,#8560,#8588,#8611,
    #8632,#8633,#8656));
#8428 = ORIENTED_EDGE('',*,*,#8429,.T.);
#8429 = EDGE_CURVE('',#8430,#8432,#8434,.T.);
#8430 = VERTEX_POINT('',#8431);
#8431 = CARTESIAN_POINT('',(20.5,199.,162.63139720814));
#8432 = VERTEX_POINT('',#8433);
#8433 = CARTESIAN_POINT('',(20.5,199.,101.63139720814));
#8434 = SURFACE_CURVE('',#8435,(#8439,#8446),.PCURVE_S1.);
#8435 = LINE('',#8436,#8437);
#8436 = CARTESIAN_POINT('',(20.5,199.,100.63139720814));
#8437 = VECTOR('',#8438,1.);
#8438 = DIRECTION('',(6.661338147751E-16,-7.495338295473E-15,-1.));
#8439 = PCURVE('',#8392,#8440);
#8440 = DEFINITIONAL_REPRESENTATION('',(#8441),#8445);
#8441 = LINE('',#8442,#8443);
#8442 = CARTESIAN_POINT('',(53.,-21.));
#8443 = VECTOR('',#8444,1.);
#8444 = DIRECTION('',(-1.,0.));
#8445 = ( GEOMETRIC_REPRESENTATION_CONTEXT(2) 
PARAMETRIC_REPRESENTATION_CONTEXT() REPRESENTATION_CONTEXT('2D SPACE',''
  ) );
#8446 = PCURVE('',#6376,#8447);
#8447 = DEFINITIONAL_REPRESENTATION('',(#8448),#8452);
#8448 = LINE('',#8449,#8450);
#8449 = CARTESIAN_POINT('',(3.14159265359,53.));
#8450 = VECTOR('',#8451,1.);
#8451 = DIRECTION('',(0.,-1.));
#8452 = ( GEOMETRIC_REPRESENTATION_CONTEXT(2) 
PARAMETRIC_REPRESENTATION_CONTEXT() REPRESENTATION_CONTEXT('2D SPACE',''
  ) );
#8453 = ORIENTED_EDGE('',*,*,#8454,.T.);
#8454 = EDGE_CURVE('',#8432,#8455,#8457,.T.);
#8455 = VERTEX_POINT('',#8456);
#8456 = CARTESIAN_POINT('',(18.914213562373,199.,101.63139720814));
#8457 = SURFACE_CURVE('',#8458,(#8462,#8469),.PCURVE_S1.);
#8458 = LINE('',#8459,#8460);
#8459 = CARTESIAN_POINT('',(19.914213562373,199.,101.63139720814));
#8460 = VECTOR('',#8461,1.);
#8461 = DIRECTION('',(-1.,-5.318914247286E-16,-1.822616132093E-15));
#8462 = PCURVE('',#8392,#8463);
#8463 = DEFINITIONAL_REPRESENTATION('',(#8464),#8468);
#8464 = LINE('',#8465,#8466);
#8465 = CARTESIAN_POINT('',(54.,-21.58578643762));
#8466 = VECTOR('',#8467,1.);
#8467 = DIRECTION('',(-1.156482317318E-15,-1.));
#8468 = ( GEOMETRIC_REPRESENTATION_CONTEXT(2) 
PARAMETRIC_REPRESENTATION_CONTEXT() REPRESENTATION_CONTEXT('2D SPACE',''
  ) );
#8469 = PCURVE('',#8470,#8475);
#8470 = PLANE('',#8471);
#8471 = AXIS2_PLACEMENT_3D('',#8472,#8473,#8474);
#8472 = CARTESIAN_POINT('',(41.5,199.,101.63139720814));
#8473 = DIRECTION('',(9.126801932224E-16,0.707106781187,-0.707106781187)
  );
#8474 = DIRECTION('',(1.,5.318914247286E-16,1.822616132093E-15));
#8475 = DEFINITIONAL_REPRESENTATION('',(#8476),#8480);
#8476 = LINE('',#8477,#8478);
#8477 = CARTESIAN_POINT('',(-21.58578643762,2.445266543821E-15));
#8478 = VECTOR('',#8479,1.);
#8479 = DIRECTION('',(-1.,-9.860761315263E-32));
#8480 = ( GEOMETRIC_REPRESENTATION_CONTEXT(2) 
PARAMETRIC_REPRESENTATION_CONTEXT() REPRESENTATION_CONTEXT('2D SPACE',''
  ) );
#8481 = ORIENTED_EDGE('',*,*,#8482,.T.);
#8482 = EDGE_CURVE('',#8455,#8483,#8485,.T.);
#8483 = VERTEX_POINT('',#8484);
#8484 = CARTESIAN_POINT('',(14.5,199.,106.04561077051));
#8485 = SURFACE_CURVE('',#8486,(#8490,#8497),.PCURVE_S1.);
#8486 = LINE('',#8487,#8488);
#8487 = CARTESIAN_POINT('',(57.207106781187,199.,63.33850398933));
#8488 = VECTOR('',#8489,1.);
#8489 = DIRECTION('',(-0.707106781187,4.923900502736E-15,0.707106781187)
  );
#8490 = PCURVE('',#8392,#8491);
#8491 = DEFINITIONAL_REPRESENTATION('',(#8492),#8496);
#8492 = LINE('',#8493,#8494);
#8493 = CARTESIAN_POINT('',(15.707106781187,15.707106781187));
#8494 = VECTOR('',#8495,1.);
#8495 = DIRECTION('',(0.707106781187,-0.707106781187));
#8496 = ( GEOMETRIC_REPRESENTATION_CONTEXT(2) 
PARAMETRIC_REPRESENTATION_CONTEXT() REPRESENTATION_CONTEXT('2D SPACE',''
  ) );
#8497 = PCURVE('',#8498,#8503);
#8498 = PLANE('',#8499);
#8499 = AXIS2_PLACEMENT_3D('',#8500,#8501,#8502);
#8500 = CARTESIAN_POINT('',(57.207106781187,199.,63.33850398933));
#8501 = DIRECTION('',(-0.5,0.707106781187,-0.5));
#8502 = DIRECTION('',(0.707106781187,-4.923900502736E-15,-0.707106781187
    ));
#8503 = DEFINITIONAL_REPRESENTATION('',(#8504),#8508);
#8504 = LINE('',#8505,#8506);
#8505 = CARTESIAN_POINT('',(-2.512147933894E-15,4.288504773294E-15));
#8506 = VECTOR('',#8507,1.);
#8507 = DIRECTION('',(-1.,-5.551115123126E-17));
#8508 = ( GEOMETRIC_REPRESENTATION_CONTEXT(2) 
PARAMETRIC_REPRESENTATION_CONTEXT() REPRESENTATION_CONTEXT('2D SPACE',''
  ) );
#8509 = ORIENTED_EDGE('',*,*,#8510,.T.);
#8510 = EDGE_CURVE('',#8483,#8511,#8513,.T.);
#8511 = VERTEX_POINT('',#8512);
#8512 = CARTESIAN_POINT('',(14.5,199.,118.04561077051));
#8513 = SURFACE_CURVE('',#8514,(#8518,#8525),.PCURVE_S1.);
#8514 = LINE('',#8515,#8516);
#8515 = CARTESIAN_POINT('',(14.5,199.,117.63139720814));
#8516 = VECTOR('',#8517,1.);
#8517 = DIRECTION('',(-4.620486999543E-16,7.495338295473E-15,1.));
#8518 = PCURVE('',#8392,#8519);
#8519 = DEFINITIONAL_REPRESENTATION('',(#8520),#8524);
#8520 = LINE('',#8521,#8522);
#8521 = CARTESIAN_POINT('',(70.,-27.));
#8522 = VECTOR('',#8523,1.);
#8523 = DIRECTION('',(1.,2.040851148208E-16));
#8524 = ( GEOMETRIC_REPRESENTATION_CONTEXT(2) 
PARAMETRIC_REPRESENTATION_CONTEXT() REPRESENTATION_CONTEXT('2D SPACE',''
  ) );
#8525 = PCURVE('',#8526,#8531);
#8526 = PLANE('',#8527);
#8527 = AXIS2_PLACEMENT_3D('',#8528,#8529,#8530);
#8528 = CARTESIAN_POINT('',(14.5,199.,47.631397208143));
#8529 = DIRECTION('',(-0.707106781187,0.707106781187,-5.626722304992E-15
    ));
#8530 = DIRECTION('',(4.620486999543E-16,-7.495338295473E-15,-1.));
#8531 = DEFINITIONAL_REPRESENTATION('',(#8532),#8536);
#8532 = LINE('',#8533,#8534);
#8533 = CARTESIAN_POINT('',(-70.,5.310606845547E-17));
#8534 = VECTOR('',#8535,1.);
#8535 = DIRECTION('',(-1.,0.));
#8536 = ( GEOMETRIC_REPRESENTATION_CONTEXT(2) 
PARAMETRIC_REPRESENTATION_CONTEXT() REPRESENTATION_CONTEXT('2D SPACE',''
  ) );
#8537 = ORIENTED_EDGE('',*,*,#8538,.T.);
#8538 = EDGE_CURVE('',#8511,#8539,#8541,.T.);
#8539 = VERTEX_POINT('',#8540);
#8540 = CARTESIAN_POINT('',(-2.085786437627,199.,134.63139720814));
#8541 = SURFACE_CURVE('',#8542,(#8546,#8553),.PCURVE_S1.);
#8542 = LINE('',#8543,#8544);
#8543 = CARTESIAN_POINT('',(-1.792893218814,199.,134.33850398932));
#8544 = VECTOR('',#8545,1.);
#8545 = DIRECTION('',(-0.707106781187,4.923900502736E-15,0.707106781187)
  );
#8546 = PCURVE('',#8392,#8547);
#8547 = DEFINITIONAL_REPRESENTATION('',(#8548),#8552);
#8548 = LINE('',#8549,#8550);
#8549 = CARTESIAN_POINT('',(86.707106781187,-43.29289321881));
#8550 = VECTOR('',#8551,1.);
#8551 = DIRECTION('',(0.707106781187,-0.707106781187));
#8552 = ( GEOMETRIC_REPRESENTATION_CONTEXT(2) 
PARAMETRIC_REPRESENTATION_CONTEXT() REPRESENTATION_CONTEXT('2D SPACE',''
  ) );
#8553 = PCURVE('',#5120,#8554);
#8554 = DEFINITIONAL_REPRESENTATION('',(#8555),#8559);
#8555 = LINE('',#8556,#8557);
#8556 = CARTESIAN_POINT('',(-91.92388155425,1.42108547152E-14));
#8557 = VECTOR('',#8558,1.);
#8558 = DIRECTION('',(-1.,1.110223024625E-16));
#8559 = ( GEOMETRIC_REPRESENTATION_CONTEXT(2) 
PARAMETRIC_REPRESENTATION_CONTEXT() REPRESENTATION_CONTEXT('2D SPACE',''
  ) );
#8560 = ORIENTED_EDGE('',*,*,#8561,.T.);
#8561 = EDGE_CURVE('',#8539,#8562,#8564,.T.);
#8562 = VERTEX_POINT('',#8563);
#8563 = CARTESIAN_POINT('',(-19.5,199.,134.63139720814));
#8564 = SURFACE_CURVE('',#8565,(#8569,#8576),.PCURVE_S1.);
#8565 = LINE('',#8566,#8567);
#8566 = CARTESIAN_POINT('',(-19.5,199.,134.63139720814));
#8567 = VECTOR('',#8568,1.);
#8568 = DIRECTION('',(-1.,-5.318914247286E-16,-6.661338147751E-16));
#8569 = PCURVE('',#8392,#8570);
#8570 = DEFINITIONAL_REPRESENTATION('',(#8571),#8575);
#8571 = LINE('',#8572,#8573);
#8572 = CARTESIAN_POINT('',(87.,-61.));
#8573 = VECTOR('',#8574,1.);
#8574 = DIRECTION('',(0.,-1.));
#8575 = ( GEOMETRIC_REPRESENTATION_CONTEXT(2) 
PARAMETRIC_REPRESENTATION_CONTEXT() REPRESENTATION_CONTEXT('2D SPACE',''
  ) );
#8576 = PCURVE('',#8577,#8582);
#8577 = PLANE('',#8578);
#8578 = AXIS2_PLACEMENT_3D('',#8579,#8580,#8581);
#8579 = CARTESIAN_POINT('',(-24.5,198.,133.63139720814));
#8580 = DIRECTION('',(9.492370432456E-17,0.707106781187,-0.707106781187)
  );
#8581 = DIRECTION('',(-1.,-5.318914247286E-16,-6.661338147751E-16));
#8582 = DEFINITIONAL_REPRESENTATION('',(#8583),#8587);
#8583 = LINE('',#8584,#8585);
#8584 = CARTESIAN_POINT('',(-5.,1.414213562373));
#8585 = VECTOR('',#8586,1.);
#8586 = DIRECTION('',(1.,0.));
#8587 = ( GEOMETRIC_REPRESENTATION_CONTEXT(2) 
PARAMETRIC_REPRESENTATION_CONTEXT() REPRESENTATION_CONTEXT('2D SPACE',''
  ) );
#8588 = ORIENTED_EDGE('',*,*,#8589,.T.);
#8589 = EDGE_CURVE('',#8562,#8590,#8592,.T.);
#8590 = VERTEX_POINT('',#8591);
#8591 = CARTESIAN_POINT('',(-19.5,199.,149.94948444757));
#8592 = SURFACE_CURVE('',#8593,(#8597,#8604),.PCURVE_S1.);
#8593 = LINE('',#8594,#8595);
#8594 = CARTESIAN_POINT('',(-19.5,199.,47.631397208143));
#8595 = VECTOR('',#8596,1.);
#8596 = DIRECTION('',(-6.661338147751E-16,7.495338295473E-15,1.));
#8597 = PCURVE('',#8392,#8598);
#8598 = DEFINITIONAL_REPRESENTATION('',(#8599),#8603);
#8599 = LINE('',#8600,#8601);
#8600 = CARTESIAN_POINT('',(0.,-61.));
#8601 = VECTOR('',#8602,1.);
#8602 = DIRECTION('',(1.,0.));
#8603 = ( GEOMETRIC_REPRESENTATION_CONTEXT(2) 
PARAMETRIC_REPRESENTATION_CONTEXT() REPRESENTATION_CONTEXT('2D SPACE',''
  ) );
#8604 = PCURVE('',#8342,#8605);
#8605 = DEFINITIONAL_REPRESENTATION('',(#8606),#8610);
#8606 = LINE('',#8607,#8608);
#8607 = CARTESIAN_POINT('',(6.28318530718,0.));
#8608 = VECTOR('',#8609,1.);
#8609 = DIRECTION('',(0.,-1.));
#8610 = ( GEOMETRIC_REPRESENTATION_CONTEXT(2) 
PARAMETRIC_REPRESENTATION_CONTEXT() REPRESENTATION_CONTEXT('2D SPACE',''
  ) );
#8611 = ORIENTED_EDGE('',*,*,#8612,.T.);
#8612 = EDGE_CURVE('',#8590,#8377,#8613,.T.);
#8613 = SURFACE_CURVE('',#8614,(#8618,#8625),.PCURVE_S1.);
#8614 = LINE('',#8615,#8616);
#8615 = CARTESIAN_POINT('',(-24.5,199.,149.94948444757));
#8616 = VECTOR('',#8617,1.);
#8617 = DIRECTION('',(1.,5.318914247286E-16,6.661338147751E-16));
#8618 = PCURVE('',#8392,#8619);
#8619 = DEFINITIONAL_REPRESENTATION('',(#8620),#8624);
#8620 = LINE('',#8621,#8622);
#8621 = CARTESIAN_POINT('',(102.31808723943,-66.));
#8622 = VECTOR('',#8623,1.);
#8623 = DIRECTION('',(0.,1.));
#8624 = ( GEOMETRIC_REPRESENTATION_CONTEXT(2) 
PARAMETRIC_REPRESENTATION_CONTEXT() REPRESENTATION_CONTEXT('2D SPACE',''
  ) );
#8625 = PCURVE('',#8241,#8626);
#8626 = DEFINITIONAL_REPRESENTATION('',(#8627),#8631);
#8627 = LINE('',#8628,#8629);
#8628 = CARTESIAN_POINT('',(-37.54754264133,0.));
#8629 = VECTOR('',#8630,1.);
#8630 = DIRECTION('',(0.,1.));
#8631 = ( GEOMETRIC_REPRESENTATION_CONTEXT(2) 
PARAMETRIC_REPRESENTATION_CONTEXT() REPRESENTATION_CONTEXT('2D SPACE',''
  ) );
#8632 = ORIENTED_EDGE('',*,*,#8376,.T.);
#8633 = ORIENTED_EDGE('',*,*,#8634,.T.);
#8634 = EDGE_CURVE('',#8325,#8635,#8637,.T.);
#8635 = VERTEX_POINT('',#8636);
#8636 = CARTESIAN_POINT('',(-19.5,199.,162.63139720814));
#8637 = SURFACE_CURVE('',#8638,(#8642,#8649),.PCURVE_S1.);
#8638 = LINE('',#8639,#8640);
#8639 = CARTESIAN_POINT('',(-19.5,199.,47.631397208143));
#8640 = VECTOR('',#8641,1.);
#8641 = DIRECTION('',(-6.661338147751E-16,7.495338295473E-15,1.));
#8642 = PCURVE('',#8392,#8643);
#8643 = DEFINITIONAL_REPRESENTATION('',(#8644),#8648);
#8644 = LINE('',#8645,#8646);
#8645 = CARTESIAN_POINT('',(0.,-61.));
#8646 = VECTOR('',#8647,1.);
#8647 = DIRECTION('',(1.,0.));
#8648 = ( GEOMETRIC_REPRESENTATION_CONTEXT(2) 
PARAMETRIC_REPRESENTATION_CONTEXT() REPRESENTATION_CONTEXT('2D SPACE',''
  ) );
#8649 = PCURVE('',#8342,#8650);
#8650 = DEFINITIONAL_REPRESENTATION('',(#8651),#8655);
#8651 = LINE('',#8652,#8653);
#8652 = CARTESIAN_POINT('',(6.28318530718,0.));
#8653 = VECTOR('',#8654,1.);
#8654 = DIRECTION('',(0.,-1.));
#8655 = ( GEOMETRIC_REPRESENTATION_CONTEXT(2) 
PARAMETRIC_REPRESENTATION_CONTEXT() REPRESENTATION_CONTEXT('2D SPACE',''
  ) );
#8656 = ORIENTED_EDGE('',*,*,#8657,.T.);
#8657 = EDGE_CURVE('',#8635,#8430,#8658,.T.);
#8658 = SURFACE_CURVE('',#8659,(#8663,#8670),.PCURVE_S1.);
#8659 = LINE('',#8660,#8661);
#8660 = CARTESIAN_POINT('',(20.5,199.,162.63139720814));
#8661 = VECTOR('',#8662,1.);
#8662 = DIRECTION('',(1.,5.318914247286E-16,6.661338147751E-16));
#8663 = PCURVE('',#8392,#8664);
#8664 = DEFINITIONAL_REPRESENTATION('',(#8665),#8669);
#8665 = LINE('',#8666,#8667);
#8666 = CARTESIAN_POINT('',(115.,-21.));
#8667 = VECTOR('',#8668,1.);
#8668 = DIRECTION('',(0.,1.));
#8669 = ( GEOMETRIC_REPRESENTATION_CONTEXT(2) 
PARAMETRIC_REPRESENTATION_CONTEXT() REPRESENTATION_CONTEXT('2D SPACE',''
  ) );
#8670 = PCURVE('',#6552,#8671);
#8671 = DEFINITIONAL_REPRESENTATION('',(#8672),#8676);
#8672 = LINE('',#8673,#8674);
#8673 = CARTESIAN_POINT('',(21.,0.));
#8674 = VECTOR('',#8675,1.);
#8675 = DIRECTION('',(-1.,0.));
#8676 = ( GEOMETRIC_REPRESENTATION_CONTEXT(2) 
PARAMETRIC_REPRESENTATION_CONTEXT() REPRESENTATION_CONTEXT('2D SPACE',''
  ) );
#8677 = ADVANCED_FACE('',(#8678),#5706,.F.);
#8678 = FACE_BOUND('',#8679,.T.);
#8679 = EDGE_LOOP('',(#8680,#8681,#8702,#8703));
#8680 = ORIENTED_EDGE('',*,*,#5690,.T.);
#8681 = ORIENTED_EDGE('',*,*,#8682,.T.);
#8682 = EDGE_CURVE('',#5668,#7002,#8683,.T.);
#8683 = SURFACE_CURVE('',#8684,(#8688,#8695),.PCURVE_S1.);
#8684 = LINE('',#8685,#8686);
#8685 = CARTESIAN_POINT('',(35.5,194.,72.631397208143));
#8686 = VECTOR('',#8687,1.);
#8687 = DIRECTION('',(0.707106781187,-4.923900502736E-15,-0.707106781187
    ));
#8688 = PCURVE('',#5706,#8689);
#8689 = DEFINITIONAL_REPRESENTATION('',(#8690),#8694);
#8690 = LINE('',#8691,#8692);
#8691 = CARTESIAN_POINT('',(0.,-41.));
#8692 = VECTOR('',#8693,1.);
#8693 = DIRECTION('',(-1.,0.));
#8694 = ( GEOMETRIC_REPRESENTATION_CONTEXT(2) 
PARAMETRIC_REPRESENTATION_CONTEXT() REPRESENTATION_CONTEXT('2D SPACE',''
  ) );
#8695 = PCURVE('',#4856,#8696);
#8696 = DEFINITIONAL_REPRESENTATION('',(#8697),#8701);
#8697 = LINE('',#8698,#8699);
#8698 = CARTESIAN_POINT('',(-6.280369834735E-16,4.440892098501E-16));
#8699 = VECTOR('',#8700,1.);
#8700 = DIRECTION('',(-1.,0.));
#8701 = ( GEOMETRIC_REPRESENTATION_CONTEXT(2) 
PARAMETRIC_REPRESENTATION_CONTEXT() REPRESENTATION_CONTEXT('2D SPACE',''
  ) );
#8702 = ORIENTED_EDGE('',*,*,#6999,.F.);
#8703 = ORIENTED_EDGE('',*,*,#8704,.T.);
#8704 = EDGE_CURVE('',#7000,#5691,#8705,.T.);
#8705 = SURFACE_CURVE('',#8706,(#8710,#8717),.PCURVE_S1.);
#8706 = LINE('',#8707,#8708);
#8707 = CARTESIAN_POINT('',(19.5,158.,88.631397208143));
#8708 = VECTOR('',#8709,1.);
#8709 = DIRECTION('',(-0.707106781187,4.923900502736E-15,0.707106781187)
  );
#8710 = PCURVE('',#5706,#8711);
#8711 = DEFINITIONAL_REPRESENTATION('',(#8712),#8716);
#8712 = LINE('',#8713,#8714);
#8713 = CARTESIAN_POINT('',(22.62741699797,-5.));
#8714 = VECTOR('',#8715,1.);
#8715 = DIRECTION('',(1.,0.));
#8716 = ( GEOMETRIC_REPRESENTATION_CONTEXT(2) 
PARAMETRIC_REPRESENTATION_CONTEXT() REPRESENTATION_CONTEXT('2D SPACE',''
  ) );
#8717 = PCURVE('',#4691,#8718);
#8718 = DEFINITIONAL_REPRESENTATION('',(#8719),#8723);
#8719 = LINE('',#8720,#8721);
#8720 = CARTESIAN_POINT('',(-22.62741699797,-4.440892098501E-15));
#8721 = VECTOR('',#8722,1.);
#8722 = DIRECTION('',(-1.,-5.551115123126E-17));
#8723 = ( GEOMETRIC_REPRESENTATION_CONTEXT(2) 
PARAMETRIC_REPRESENTATION_CONTEXT() REPRESENTATION_CONTEXT('2D SPACE',''
  ) );
#8724 = ADVANCED_FACE('',(#8725),#5000,.F.);
#8725 = FACE_BOUND('',#8726,.T.);
#8726 = EDGE_LOOP('',(#8727,#8750,#8771,#8772,#8773,#8774,#8775,#8776,
    #8799,#8820,#8821,#8842));
#8727 = ORIENTED_EDGE('',*,*,#8728,.T.);
#8728 = EDGE_CURVE('',#8226,#8729,#8731,.T.);
#8729 = VERTEX_POINT('',#8730);
#8730 = CARTESIAN_POINT('',(-20.5,198.89897948556,149.94948444757));
#8731 = SURFACE_CURVE('',#8732,(#8736,#8743),.PCURVE_S1.);
#8732 = LINE('',#8733,#8734);
#8733 = CARTESIAN_POINT('',(-20.5,176.,149.94948444757));
#8734 = VECTOR('',#8735,1.);
#8735 = DIRECTION('',(-5.318914247286E-16,1.,-7.495338295473E-15));
#8736 = PCURVE('',#5000,#8737);
#8737 = DEFINITIONAL_REPRESENTATION('',(#8738),#8742);
#8738 = LINE('',#8739,#8740);
#8739 = CARTESIAN_POINT('',(-102.3180872394,0.));
#8740 = VECTOR('',#8741,1.);
#8741 = DIRECTION('',(-0.,-1.));
#8742 = ( GEOMETRIC_REPRESENTATION_CONTEXT(2) 
PARAMETRIC_REPRESENTATION_CONTEXT() REPRESENTATION_CONTEXT('2D SPACE',''
  ) );
#8743 = PCURVE('',#8241,#8744);
#8744 = DEFINITIONAL_REPRESENTATION('',(#8745),#8749);
#8745 = LINE('',#8746,#8747);
#8746 = CARTESIAN_POINT('',(-14.54754264133,4.));
#8747 = VECTOR('',#8748,1.);
#8748 = DIRECTION('',(-1.,0.));
#8749 = ( GEOMETRIC_REPRESENTATION_CONTEXT(2) 
PARAMETRIC_REPRESENTATION_CONTEXT() REPRESENTATION_CONTEXT('2D SPACE',''
  ) );
#8750 = ORIENTED_EDGE('',*,*,#8751,.T.);
#8751 = EDGE_CURVE('',#8729,#8302,#8752,.T.);
#8752 = SURFACE_CURVE('',#8753,(#8757,#8764),.PCURVE_S1.);
#8753 = LINE('',#8754,#8755);
#8754 = CARTESIAN_POINT('',(-20.5,198.89897948556,149.94948444757));
#8755 = VECTOR('',#8756,1.);
#8756 = DIRECTION('',(-6.661338147751E-16,7.495338295473E-15,1.));
#8757 = PCURVE('',#5000,#8758);
#8758 = DEFINITIONAL_REPRESENTATION('',(#8759),#8763);
#8759 = LINE('',#8760,#8761);
#8760 = CARTESIAN_POINT('',(-102.3180872394,-22.89897948556));
#8761 = VECTOR('',#8762,1.);
#8762 = DIRECTION('',(-1.,0.));
#8763 = ( GEOMETRIC_REPRESENTATION_CONTEXT(2) 
PARAMETRIC_REPRESENTATION_CONTEXT() REPRESENTATION_CONTEXT('2D SPACE',''
  ) );
#8764 = PCURVE('',#8342,#8765);
#8765 = DEFINITIONAL_REPRESENTATION('',(#8766),#8770);
#8766 = LINE('',#8767,#8768);
#8767 = CARTESIAN_POINT('',(6.081827386389,-102.3180872394));
#8768 = VECTOR('',#8769,1.);
#8769 = DIRECTION('',(0.,-1.));
#8770 = ( GEOMETRIC_REPRESENTATION_CONTEXT(2) 
PARAMETRIC_REPRESENTATION_CONTEXT() REPRESENTATION_CONTEXT('2D SPACE',''
  ) );
#8771 = ORIENTED_EDGE('',*,*,#8301,.T.);
#8772 = ORIENTED_EDGE('',*,*,#8174,.T.);
#8773 = ORIENTED_EDGE('',*,*,#6898,.T.);
#8774 = ORIENTED_EDGE('',*,*,#7746,.T.);
#8775 = ORIENTED_EDGE('',*,*,#4984,.F.);
#8776 = ORIENTED_EDGE('',*,*,#8777,.T.);
#8777 = EDGE_CURVE('',#4933,#8778,#8780,.T.);
#8778 = VERTEX_POINT('',#8779);
#8779 = CARTESIAN_POINT('',(-20.5,153.10102051443,149.41439573271));
#8780 = SURFACE_CURVE('',#8781,(#8785,#8792),.PCURVE_S1.);
#8781 = LINE('',#8782,#8783);
#8782 = CARTESIAN_POINT('',(-20.5,153.10102051443,151.63139720814));
#8783 = VECTOR('',#8784,1.);
#8784 = DIRECTION('',(6.661338147751E-16,-7.495338295473E-15,-1.));
#8785 = PCURVE('',#5000,#8786);
#8786 = DEFINITIONAL_REPRESENTATION('',(#8787),#8791);
#8787 = LINE('',#8788,#8789);
#8788 = CARTESIAN_POINT('',(-104.,22.898979485566));
#8789 = VECTOR('',#8790,1.);
#8790 = DIRECTION('',(1.,0.));
#8791 = ( GEOMETRIC_REPRESENTATION_CONTEXT(2) 
PARAMETRIC_REPRESENTATION_CONTEXT() REPRESENTATION_CONTEXT('2D SPACE',''
  ) );
#8792 = PCURVE('',#4950,#8793);
#8793 = DEFINITIONAL_REPRESENTATION('',(#8794),#8798);
#8794 = LINE('',#8795,#8796);
#8795 = CARTESIAN_POINT('',(3.34295057438,-104.));
#8796 = VECTOR('',#8797,1.);
#8797 = DIRECTION('',(0.,1.));
#8798 = ( GEOMETRIC_REPRESENTATION_CONTEXT(2) 
PARAMETRIC_REPRESENTATION_CONTEXT() REPRESENTATION_CONTEXT('2D SPACE',''
  ) );
#8799 = ORIENTED_EDGE('',*,*,#8800,.T.);
#8800 = EDGE_CURVE('',#8778,#7702,#8801,.T.);
#8801 = SURFACE_CURVE('',#8802,(#8806,#8813),.PCURVE_S1.);
#8802 = LINE('',#8803,#8804);
#8803 = CARTESIAN_POINT('',(-20.5,176.,149.41439573271));
#8804 = VECTOR('',#8805,1.);
#8805 = DIRECTION('',(-5.318914247286E-16,1.,-7.495338295473E-15));
#8806 = PCURVE('',#5000,#8807);
#8807 = DEFINITIONAL_REPRESENTATION('',(#8808),#8812);
#8808 = LINE('',#8809,#8810);
#8809 = CARTESIAN_POINT('',(-101.7829985245,0.));
#8810 = VECTOR('',#8811,1.);
#8811 = DIRECTION('',(-0.,-1.));
#8812 = ( GEOMETRIC_REPRESENTATION_CONTEXT(2) 
PARAMETRIC_REPRESENTATION_CONTEXT() REPRESENTATION_CONTEXT('2D SPACE',''
  ) );
#8813 = PCURVE('',#5054,#8814);
#8814 = DEFINITIONAL_REPRESENTATION('',(#8815),#8819);
#8815 = LINE('',#8816,#8817);
#8816 = CARTESIAN_POINT('',(11.731022211797,4.));
#8817 = VECTOR('',#8818,1.);
#8818 = DIRECTION('',(-1.,0.));
#8819 = ( GEOMETRIC_REPRESENTATION_CONTEXT(2) 
PARAMETRIC_REPRESENTATION_CONTEXT() REPRESENTATION_CONTEXT('2D SPACE',''
  ) );
#8820 = ORIENTED_EDGE('',*,*,#7701,.T.);
#8821 = ORIENTED_EDGE('',*,*,#8822,.F.);
#8822 = EDGE_CURVE('',#8254,#7679,#8823,.T.);
#8823 = SURFACE_CURVE('',#8824,(#8828,#8835),.PCURVE_S1.);
#8824 = LINE('',#8825,#8826);
#8825 = CARTESIAN_POINT('',(-20.5,199.,133.63139720814));
#8826 = VECTOR('',#8827,1.);
#8827 = DIRECTION('',(5.318914247286E-16,-1.,7.495338295473E-15));
#8828 = PCURVE('',#5000,#8829);
#8829 = DEFINITIONAL_REPRESENTATION('',(#8830),#8834);
#8830 = LINE('',#8831,#8832);
#8831 = CARTESIAN_POINT('',(-86.,-23.));
#8832 = VECTOR('',#8833,1.);
#8833 = DIRECTION('',(0.,1.));
#8834 = ( GEOMETRIC_REPRESENTATION_CONTEXT(2) 
PARAMETRIC_REPRESENTATION_CONTEXT() REPRESENTATION_CONTEXT('2D SPACE',''
  ) );
#8835 = PCURVE('',#5092,#8836);
#8836 = DEFINITIONAL_REPRESENTATION('',(#8837),#8841);
#8837 = LINE('',#8838,#8839);
#8838 = CARTESIAN_POINT('',(0.,4.));
#8839 = VECTOR('',#8840,1.);
#8840 = DIRECTION('',(1.,0.));
#8841 = ( GEOMETRIC_REPRESENTATION_CONTEXT(2) 
PARAMETRIC_REPRESENTATION_CONTEXT() REPRESENTATION_CONTEXT('2D SPACE',''
  ) );
#8842 = ORIENTED_EDGE('',*,*,#8253,.F.);
#8843 = ADVANCED_FACE('',(#8844),#5092,.F.);
#8844 = FACE_BOUND('',#8845,.T.);
#8845 = EDGE_LOOP('',(#8846,#8881,#8902,#8903,#8904,#8905,#8906,#8907,
    #8930,#8963));
#8846 = ORIENTED_EDGE('',*,*,#8847,.T.);
#8847 = EDGE_CURVE('',#8848,#8850,#8852,.T.);
#8848 = VERTEX_POINT('',#8849);
#8849 = CARTESIAN_POINT('',(-23.5,194.,133.63139720814));
#8850 = VERTEX_POINT('',#8851);
#8851 = CARTESIAN_POINT('',(-19.5,198.,133.63139720814));
#8852 = SURFACE_CURVE('',#8853,(#8858,#8869),.PCURVE_S1.);
#8853 = CIRCLE('',#8854,4.);
#8854 = AXIS2_PLACEMENT_3D('',#8855,#8856,#8857);
#8855 = CARTESIAN_POINT('',(-19.5,194.,133.63139720814));
#8856 = DIRECTION('',(6.661338147751E-16,-7.495338295473E-15,-1.));
#8857 = DIRECTION('',(5.318914247286E-16,-1.,7.495338295473E-15));
#8858 = PCURVE('',#5092,#8859);
#8859 = DEFINITIONAL_REPRESENTATION('',(#8860),#8868);
#8860 = ( BOUNDED_CURVE() B_SPLINE_CURVE(2,(#8861,#8862,#8863,#8864,
#8865,#8866,#8867),.UNSPECIFIED.,.T.,.F.) B_SPLINE_CURVE_WITH_KNOTS((1,2
    ,2,2,2,1),(-2.094395102393,0.,2.094395102393,4.188790204786,
6.28318530718,8.377580409573),.UNSPECIFIED.) CURVE() 
GEOMETRIC_REPRESENTATION_ITEM() RATIONAL_B_SPLINE_CURVE((1.,0.5,1.,0.5,
1.,0.5,1.)) REPRESENTATION_ITEM('') );
#8861 = CARTESIAN_POINT('',(9.,5.));
#8862 = CARTESIAN_POINT('',(9.,-1.928203230276));
#8863 = CARTESIAN_POINT('',(3.,1.535898384862));
#8864 = CARTESIAN_POINT('',(-3.,5.));
#8865 = CARTESIAN_POINT('',(3.,8.464101615138));
#8866 = CARTESIAN_POINT('',(9.,11.928203230276));
#8867 = CARTESIAN_POINT('',(9.,5.));
#8868 = ( GEOMETRIC_REPRESENTATION_CONTEXT(2) 
PARAMETRIC_REPRESENTATION_CONTEXT() REPRESENTATION_CONTEXT('2D SPACE',''
  ) );
#8869 = PCURVE('',#8870,#8875);
#8870 = CONICAL_SURFACE('',#8871,4.,0.785398163397);
#8871 = AXIS2_PLACEMENT_3D('',#8872,#8873,#8874);
#8872 = CARTESIAN_POINT('',(-19.5,194.,133.63139720814));
#8873 = DIRECTION('',(-6.661338147751E-16,7.495338295473E-15,1.));
#8874 = DIRECTION('',(5.318914247286E-16,-1.,7.495338295473E-15));
#8875 = DEFINITIONAL_REPRESENTATION('',(#8876),#8880);
#8876 = LINE('',#8877,#8878);
#8877 = CARTESIAN_POINT('',(6.28318530718,-7.105427357601E-15));
#8878 = VECTOR('',#8879,1.);
#8879 = DIRECTION('',(-1.,2.261727773485E-15));
#8880 = ( GEOMETRIC_REPRESENTATION_CONTEXT(2) 
PARAMETRIC_REPRESENTATION_CONTEXT() REPRESENTATION_CONTEXT('2D SPACE',''
  ) );
#8881 = ORIENTED_EDGE('',*,*,#8882,.T.);
#8882 = EDGE_CURVE('',#8850,#5072,#8883,.T.);
#8883 = SURFACE_CURVE('',#8884,(#8888,#8895),.PCURVE_S1.);
#8884 = LINE('',#8885,#8886);
#8885 = CARTESIAN_POINT('',(-2.5,198.,133.63139720814));
#8886 = VECTOR('',#8887,1.);
#8887 = DIRECTION('',(1.,5.318914247286E-16,6.661338147751E-16));
#8888 = PCURVE('',#5092,#8889);
#8889 = DEFINITIONAL_REPRESENTATION('',(#8890),#8894);
#8890 = LINE('',#8891,#8892);
#8891 = CARTESIAN_POINT('',(1.,22.));
#8892 = VECTOR('',#8893,1.);
#8893 = DIRECTION('',(0.,1.));
#8894 = ( GEOMETRIC_REPRESENTATION_CONTEXT(2) 
PARAMETRIC_REPRESENTATION_CONTEXT() REPRESENTATION_CONTEXT('2D SPACE',''
  ) );
#8895 = PCURVE('',#8577,#8896);
#8896 = DEFINITIONAL_REPRESENTATION('',(#8897),#8901);
#8897 = LINE('',#8898,#8899);
#8898 = CARTESIAN_POINT('',(-22.,0.));
#8899 = VECTOR('',#8900,1.);
#8900 = DIRECTION('',(-1.,0.));
#8901 = ( GEOMETRIC_REPRESENTATION_CONTEXT(2) 
PARAMETRIC_REPRESENTATION_CONTEXT() REPRESENTATION_CONTEXT('2D SPACE',''
  ) );
#8902 = ORIENTED_EDGE('',*,*,#5069,.F.);
#8903 = ORIENTED_EDGE('',*,*,#8276,.F.);
#8904 = ORIENTED_EDGE('',*,*,#8822,.T.);
#8905 = ORIENTED_EDGE('',*,*,#7678,.T.);
#8906 = ORIENTED_EDGE('',*,*,#7823,.F.);
#8907 = ORIENTED_EDGE('',*,*,#8908,.T.);
#8908 = EDGE_CURVE('',#7796,#8909,#8911,.T.);
#8909 = VERTEX_POINT('',#8910);
#8910 = CARTESIAN_POINT('',(-19.5,154.,133.63139720814));
#8911 = SURFACE_CURVE('',#8912,(#8916,#8923),.PCURVE_S1.);
#8912 = LINE('',#8913,#8914);
#8913 = CARTESIAN_POINT('',(-24.5,154.,133.63139720814));
#8914 = VECTOR('',#8915,1.);
#8915 = DIRECTION('',(-1.,-5.318914247286E-16,-6.661338147751E-16));
#8916 = PCURVE('',#5092,#8917);
#8917 = DEFINITIONAL_REPRESENTATION('',(#8918),#8922);
#8918 = LINE('',#8919,#8920);
#8919 = CARTESIAN_POINT('',(45.,0.));
#8920 = VECTOR('',#8921,1.);
#8921 = DIRECTION('',(0.,-1.));
#8922 = ( GEOMETRIC_REPRESENTATION_CONTEXT(2) 
PARAMETRIC_REPRESENTATION_CONTEXT() REPRESENTATION_CONTEXT('2D SPACE',''
  ) );
#8923 = PCURVE('',#8036,#8924);
#8924 = DEFINITIONAL_REPRESENTATION('',(#8925),#8929);
#8925 = LINE('',#8926,#8927);
#8926 = CARTESIAN_POINT('',(-66.,1.414213562373));
#8927 = VECTOR('',#8928,1.);
#8928 = DIRECTION('',(-1.,-0.));
#8929 = ( GEOMETRIC_REPRESENTATION_CONTEXT(2) 
PARAMETRIC_REPRESENTATION_CONTEXT() REPRESENTATION_CONTEXT('2D SPACE',''
  ) );
#8930 = ORIENTED_EDGE('',*,*,#8931,.T.);
#8931 = EDGE_CURVE('',#8909,#8932,#8934,.T.);
#8932 = VERTEX_POINT('',#8933);
#8933 = CARTESIAN_POINT('',(-23.5,158.,133.63139720814));
#8934 = SURFACE_CURVE('',#8935,(#8940,#8951),.PCURVE_S1.);
#8935 = CIRCLE('',#8936,4.);
#8936 = AXIS2_PLACEMENT_3D('',#8937,#8938,#8939);
#8937 = CARTESIAN_POINT('',(-19.5,158.,133.63139720814));
#8938 = DIRECTION('',(6.661338147751E-16,-7.495338295473E-15,-1.));
#8939 = DIRECTION('',(5.318914247286E-16,-1.,7.495338295473E-15));
#8940 = PCURVE('',#5092,#8941);
#8941 = DEFINITIONAL_REPRESENTATION('',(#8942),#8950);
#8942 = ( BOUNDED_CURVE() B_SPLINE_CURVE(2,(#8943,#8944,#8945,#8946,
#8947,#8948,#8949),.UNSPECIFIED.,.T.,.F.) B_SPLINE_CURVE_WITH_KNOTS((1,2
    ,2,2,2,1),(-2.094395102393,0.,2.094395102393,4.188790204786,
6.28318530718,8.377580409573),.UNSPECIFIED.) CURVE() 
GEOMETRIC_REPRESENTATION_ITEM() RATIONAL_B_SPLINE_CURVE((1.,0.5,1.,0.5,
1.,0.5,1.)) REPRESENTATION_ITEM('') );
#8943 = CARTESIAN_POINT('',(45.,5.));
#8944 = CARTESIAN_POINT('',(45.,-1.928203230276));
#8945 = CARTESIAN_POINT('',(39.,1.535898384862));
#8946 = CARTESIAN_POINT('',(33.,5.));
#8947 = CARTESIAN_POINT('',(39.,8.464101615138));
#8948 = CARTESIAN_POINT('',(45.,11.928203230275));
#8949 = CARTESIAN_POINT('',(45.,5.));
#8950 = ( GEOMETRIC_REPRESENTATION_CONTEXT(2) 
PARAMETRIC_REPRESENTATION_CONTEXT() REPRESENTATION_CONTEXT('2D SPACE',''
  ) );
#8951 = PCURVE('',#8952,#8957);
#8952 = CONICAL_SURFACE('',#8953,4.,0.785398163397);
#8953 = AXIS2_PLACEMENT_3D('',#8954,#8955,#8956);
#8954 = CARTESIAN_POINT('',(-19.5,158.,133.63139720814));
#8955 = DIRECTION('',(-6.661338147751E-16,7.495338295473E-15,1.));
#8956 = DIRECTION('',(5.318914247286E-16,-1.,7.495338295473E-15));
#8957 = DEFINITIONAL_REPRESENTATION('',(#8958),#8962);
#8958 = LINE('',#8959,#8960);
#8959 = CARTESIAN_POINT('',(6.28318530718,0.));
#8960 = VECTOR('',#8961,1.);
#8961 = DIRECTION('',(-1.,-1.130863886743E-15));
#8962 = ( GEOMETRIC_REPRESENTATION_CONTEXT(2) 
PARAMETRIC_REPRESENTATION_CONTEXT() REPRESENTATION_CONTEXT('2D SPACE',''
  ) );
#8963 = ORIENTED_EDGE('',*,*,#8964,.T.);
#8964 = EDGE_CURVE('',#8932,#8848,#8965,.T.);
#8965 = SURFACE_CURVE('',#8966,(#8970,#8977),.PCURVE_S1.);
#8966 = LINE('',#8967,#8968);
#8967 = CARTESIAN_POINT('',(-23.5,194.,133.63139720814));
#8968 = VECTOR('',#8969,1.);
#8969 = DIRECTION('',(-5.318914247286E-16,1.,-7.495338295473E-15));
#8970 = PCURVE('',#5092,#8971);
#8971 = DEFINITIONAL_REPRESENTATION('',(#8972),#8976);
#8972 = LINE('',#8973,#8974);
#8973 = CARTESIAN_POINT('',(5.,1.));
#8974 = VECTOR('',#8975,1.);
#8975 = DIRECTION('',(-1.,0.));
#8976 = ( GEOMETRIC_REPRESENTATION_CONTEXT(2) 
PARAMETRIC_REPRESENTATION_CONTEXT() REPRESENTATION_CONTEXT('2D SPACE',''
  ) );
#8977 = PCURVE('',#8978,#8983);
#8978 = PLANE('',#8979);
#8979 = AXIS2_PLACEMENT_3D('',#8980,#8981,#8982);
#8980 = CARTESIAN_POINT('',(-24.5,176.,134.63139720814));
#8981 = DIRECTION('',(-0.707106781187,-5.676108569297E-15,
    -0.707106781187));
#8982 = DIRECTION('',(-5.318914247286E-16,1.,-7.495338295473E-15));
#8983 = DEFINITIONAL_REPRESENTATION('',(#8984),#8988);
#8984 = LINE('',#8985,#8986);
#8985 = CARTESIAN_POINT('',(18.,1.414213562373));
#8986 = VECTOR('',#8987,1.);
#8987 = DIRECTION('',(1.,0.));
#8988 = ( GEOMETRIC_REPRESENTATION_CONTEXT(2) 
PARAMETRIC_REPRESENTATION_CONTEXT() REPRESENTATION_CONTEXT('2D SPACE',''
  ) );
#8989 = ADVANCED_FACE('',(#8990),#9004,.T.);
#8990 = FACE_BOUND('',#8991,.T.);
#8991 = EDGE_LOOP('',(#8992,#9022,#9045,#9068));
#8992 = ORIENTED_EDGE('',*,*,#8993,.T.);
#8993 = EDGE_CURVE('',#8994,#8996,#8998,.T.);
#8994 = VERTEX_POINT('',#8995);
#8995 = CARTESIAN_POINT('',(-24.5,194.,162.63139720814));
#8996 = VERTEX_POINT('',#8997);
#8997 = CARTESIAN_POINT('',(-24.5,194.,134.63139720814));
#8998 = SURFACE_CURVE('',#8999,(#9003,#9015),.PCURVE_S1.);
#8999 = LINE('',#9000,#9001);
#9000 = CARTESIAN_POINT('',(-24.5,194.,47.631397208143));
#9001 = VECTOR('',#9002,1.);
#9002 = DIRECTION('',(6.661338147751E-16,-7.495338295473E-15,-1.));
#9003 = PCURVE('',#9004,#9009);
#9004 = PLANE('',#9005);
#9005 = AXIS2_PLACEMENT_3D('',#9006,#9007,#9008);
#9006 = CARTESIAN_POINT('',(-24.5,176.,47.631397208143));
#9007 = DIRECTION('',(-1.,-5.318914247286E-16,-6.661338147751E-16));
#9008 = DIRECTION('',(6.661338147751E-16,-7.495338295473E-15,-1.));
#9009 = DEFINITIONAL_REPRESENTATION('',(#9010),#9014);
#9010 = LINE('',#9011,#9012);
#9011 = CARTESIAN_POINT('',(-0.,-18.));
#9012 = VECTOR('',#9013,1.);
#9013 = DIRECTION('',(1.,0.));
#9014 = ( GEOMETRIC_REPRESENTATION_CONTEXT(2) 
PARAMETRIC_REPRESENTATION_CONTEXT() REPRESENTATION_CONTEXT('2D SPACE',''
  ) );
#9015 = PCURVE('',#8342,#9016);
#9016 = DEFINITIONAL_REPRESENTATION('',(#9017),#9021);
#9017 = LINE('',#9018,#9019);
#9018 = CARTESIAN_POINT('',(4.712388980385,0.));
#9019 = VECTOR('',#9020,1.);
#9020 = DIRECTION('',(0.,1.));
#9021 = ( GEOMETRIC_REPRESENTATION_CONTEXT(2) 
PARAMETRIC_REPRESENTATION_CONTEXT() REPRESENTATION_CONTEXT('2D SPACE',''
  ) );
#9022 = ORIENTED_EDGE('',*,*,#9023,.T.);
#9023 = EDGE_CURVE('',#8996,#9024,#9026,.T.);
#9024 = VERTEX_POINT('',#9025);
#9025 = CARTESIAN_POINT('',(-24.5,158.,134.63139720814));
#9026 = SURFACE_CURVE('',#9027,(#9031,#9038),.PCURVE_S1.);
#9027 = LINE('',#9028,#9029);
#9028 = CARTESIAN_POINT('',(-24.5,158.,134.63139720814));
#9029 = VECTOR('',#9030,1.);
#9030 = DIRECTION('',(5.318914247286E-16,-1.,7.495338295473E-15));
#9031 = PCURVE('',#9004,#9032);
#9032 = DEFINITIONAL_REPRESENTATION('',(#9033),#9037);
#9033 = LINE('',#9034,#9035);
#9034 = CARTESIAN_POINT('',(-87.,18.));
#9035 = VECTOR('',#9036,1.);
#9036 = DIRECTION('',(0.,1.));
#9037 = ( GEOMETRIC_REPRESENTATION_CONTEXT(2) 
PARAMETRIC_REPRESENTATION_CONTEXT() REPRESENTATION_CONTEXT('2D SPACE',''
  ) );
#9038 = PCURVE('',#8978,#9039);
#9039 = DEFINITIONAL_REPRESENTATION('',(#9040),#9044);
#9040 = LINE('',#9041,#9042);
#9041 = CARTESIAN_POINT('',(-18.,0.));
#9042 = VECTOR('',#9043,1.);
#9043 = DIRECTION('',(-1.,0.));
#9044 = ( GEOMETRIC_REPRESENTATION_CONTEXT(2) 
PARAMETRIC_REPRESENTATION_CONTEXT() REPRESENTATION_CONTEXT('2D SPACE',''
  ) );
#9045 = ORIENTED_EDGE('',*,*,#9046,.T.);
#9046 = EDGE_CURVE('',#9024,#9047,#9049,.T.);
#9047 = VERTEX_POINT('',#9048);
#9048 = CARTESIAN_POINT('',(-24.5,158.,162.63139720814));
#9049 = SURFACE_CURVE('',#9050,(#9054,#9061),.PCURVE_S1.);
#9050 = LINE('',#9051,#9052);
#9051 = CARTESIAN_POINT('',(-24.5,158.,163.63139720814));
#9052 = VECTOR('',#9053,1.);
#9053 = DIRECTION('',(-6.661338147751E-16,7.495338295473E-15,1.));
#9054 = PCURVE('',#9004,#9055);
#9055 = DEFINITIONAL_REPRESENTATION('',(#9056),#9060);
#9056 = LINE('',#9057,#9058);
#9057 = CARTESIAN_POINT('',(-116.,18.));
#9058 = VECTOR('',#9059,1.);
#9059 = DIRECTION('',(-1.,0.));
#9060 = ( GEOMETRIC_REPRESENTATION_CONTEXT(2) 
PARAMETRIC_REPRESENTATION_CONTEXT() REPRESENTATION_CONTEXT('2D SPACE',''
  ) );
#9061 = PCURVE('',#4950,#9062);
#9062 = DEFINITIONAL_REPRESENTATION('',(#9063),#9067);
#9063 = LINE('',#9064,#9065);
#9064 = CARTESIAN_POINT('',(4.712388980385,-116.));
#9065 = VECTOR('',#9066,1.);
#9066 = DIRECTION('',(0.,-1.));
#9067 = ( GEOMETRIC_REPRESENTATION_CONTEXT(2) 
PARAMETRIC_REPRESENTATION_CONTEXT() REPRESENTATION_CONTEXT('2D SPACE',''
  ) );
#9068 = ORIENTED_EDGE('',*,*,#9069,.T.);
#9069 = EDGE_CURVE('',#9047,#8994,#9070,.T.);
#9070 = SURFACE_CURVE('',#9071,(#9075,#9082),.PCURVE_S1.);
#9071 = LINE('',#9072,#9073);
#9072 = CARTESIAN_POINT('',(-24.5,194.,162.63139720814));
#9073 = VECTOR('',#9074,1.);
#9074 = DIRECTION('',(-5.318914247286E-16,1.,-7.495338295473E-15));
#9075 = PCURVE('',#9004,#9076);
#9076 = DEFINITIONAL_REPRESENTATION('',(#9077),#9081);
#9077 = LINE('',#9078,#9079);
#9078 = CARTESIAN_POINT('',(-115.,-18.));
#9079 = VECTOR('',#9080,1.);
#9080 = DIRECTION('',(-0.,-1.));
#9081 = ( GEOMETRIC_REPRESENTATION_CONTEXT(2) 
PARAMETRIC_REPRESENTATION_CONTEXT() REPRESENTATION_CONTEXT('2D SPACE',''
  ) );
#9082 = PCURVE('',#6613,#9083);
#9083 = DEFINITIONAL_REPRESENTATION('',(#9084),#9088);
#9084 = LINE('',#9085,#9086);
#9085 = CARTESIAN_POINT('',(-18.,0.));
#9086 = VECTOR('',#9087,1.);
#9087 = DIRECTION('',(-1.,0.));
#9088 = ( GEOMETRIC_REPRESENTATION_CONTEXT(2) 
PARAMETRIC_REPRESENTATION_CONTEXT() REPRESENTATION_CONTEXT('2D SPACE',''
  ) );
#9089 = ADVANCED_FACE('',(#9090),#8241,.T.);
#9090 = FACE_BOUND('',#9091,.T.);
#9091 = EDGE_LOOP('',(#9092,#9093,#9115,#9116,#9117));
#9092 = ORIENTED_EDGE('',*,*,#8612,.F.);
#9093 = ORIENTED_EDGE('',*,*,#9094,.T.);
#9094 = EDGE_CURVE('',#8590,#8729,#9095,.T.);
#9095 = SURFACE_CURVE('',#9096,(#9101,#9108),.PCURVE_S1.);
#9096 = CIRCLE('',#9097,5.);
#9097 = AXIS2_PLACEMENT_3D('',#9098,#9099,#9100);
#9098 = CARTESIAN_POINT('',(-19.5,194.,149.94948444757));
#9099 = DIRECTION('',(-6.661338147751E-16,7.495338295473E-15,1.));
#9100 = DIRECTION('',(5.318914247286E-16,-1.,7.495338295473E-15));
#9101 = PCURVE('',#8241,#9102);
#9102 = DEFINITIONAL_REPRESENTATION('',(#9103),#9107);
#9103 = CIRCLE('',#9104,5.);
#9104 = AXIS2_PLACEMENT_2D('',#9105,#9106);
#9105 = CARTESIAN_POINT('',(-32.54754264133,5.));
#9106 = DIRECTION('',(1.,0.));
#9107 = ( GEOMETRIC_REPRESENTATION_CONTEXT(2) 
PARAMETRIC_REPRESENTATION_CONTEXT() REPRESENTATION_CONTEXT('2D SPACE',''
  ) );
#9108 = PCURVE('',#8342,#9109);
#9109 = DEFINITIONAL_REPRESENTATION('',(#9110),#9114);
#9110 = LINE('',#9111,#9112);
#9111 = CARTESIAN_POINT('',(9.424777960769,-102.3180872394));
#9112 = VECTOR('',#9113,1.);
#9113 = DIRECTION('',(-1.,0.));
#9114 = ( GEOMETRIC_REPRESENTATION_CONTEXT(2) 
PARAMETRIC_REPRESENTATION_CONTEXT() REPRESENTATION_CONTEXT('2D SPACE',''
  ) );
#9115 = ORIENTED_EDGE('',*,*,#8728,.F.);
#9116 = ORIENTED_EDGE('',*,*,#8225,.F.);
#9117 = ORIENTED_EDGE('',*,*,#8404,.F.);
#9118 = ADVANCED_FACE('',(#9119),#5054,.T.);
#9119 = FACE_BOUND('',#9120,.T.);
#9120 = EDGE_LOOP('',(#9121,#9122,#9144,#9145,#9146));
#9121 = ORIENTED_EDGE('',*,*,#8800,.F.);
#9122 = ORIENTED_EDGE('',*,*,#9123,.T.);
#9123 = EDGE_CURVE('',#8778,#7975,#9124,.T.);
#9124 = SURFACE_CURVE('',#9125,(#9130,#9137),.PCURVE_S1.);
#9125 = CIRCLE('',#9126,5.);
#9126 = AXIS2_PLACEMENT_3D('',#9127,#9128,#9129);
#9127 = CARTESIAN_POINT('',(-19.5,158.,149.41439573271));
#9128 = DIRECTION('',(-6.661338147751E-16,7.495338295473E-15,1.));
#9129 = DIRECTION('',(5.318914247286E-16,-1.,7.495338295473E-15));
#9130 = PCURVE('',#5054,#9131);
#9131 = DEFINITIONAL_REPRESENTATION('',(#9132),#9136);
#9132 = CIRCLE('',#9133,5.);
#9133 = AXIS2_PLACEMENT_2D('',#9134,#9135);
#9134 = CARTESIAN_POINT('',(29.731022211797,5.));
#9135 = DIRECTION('',(1.,0.));
#9136 = ( GEOMETRIC_REPRESENTATION_CONTEXT(2) 
PARAMETRIC_REPRESENTATION_CONTEXT() REPRESENTATION_CONTEXT('2D SPACE',''
  ) );
#9137 = PCURVE('',#4950,#9138);
#9138 = DEFINITIONAL_REPRESENTATION('',(#9139),#9143);
#9139 = LINE('',#9140,#9141);
#9140 = CARTESIAN_POINT('',(9.424777960769,-101.7829985245));
#9141 = VECTOR('',#9142,1.);
#9142 = DIRECTION('',(-1.,0.));
#9143 = ( GEOMETRIC_REPRESENTATION_CONTEXT(2) 
PARAMETRIC_REPRESENTATION_CONTEXT() REPRESENTATION_CONTEXT('2D SPACE',''
  ) );
#9144 = ORIENTED_EDGE('',*,*,#7974,.F.);
#9145 = ORIENTED_EDGE('',*,*,#5040,.F.);
#9146 = ORIENTED_EDGE('',*,*,#7724,.T.);
#9147 = ADVANCED_FACE('',(#9148),#4750,.F.);
#9148 = FACE_BOUND('',#9149,.T.);
#9149 = EDGE_LOOP('',(#9150,#9173,#9196,#9224,#9245,#9246,#9267,#9268));
#9150 = ORIENTED_EDGE('',*,*,#9151,.T.);
#9151 = EDGE_CURVE('',#8124,#9152,#9154,.T.);
#9152 = VERTEX_POINT('',#9153);
#9153 = CARTESIAN_POINT('',(18.5,198.,100.63139720814));
#9154 = SURFACE_CURVE('',#9155,(#9159,#9166),.PCURVE_S1.);
#9155 = LINE('',#9156,#9157);
#9156 = CARTESIAN_POINT('',(18.5,219.80865204668,100.63139720814));
#9157 = VECTOR('',#9158,1.);
#9158 = DIRECTION('',(-5.318914247286E-16,1.,-7.495338295473E-15));
#9159 = PCURVE('',#4750,#9160);
#9160 = DEFINITIONAL_REPRESENTATION('',(#9161),#9165);
#9161 = LINE('',#9162,#9163);
#9162 = CARTESIAN_POINT('',(-5.,0.));
#9163 = VECTOR('',#9164,1.);
#9164 = DIRECTION('',(-0.,-1.));
#9165 = ( GEOMETRIC_REPRESENTATION_CONTEXT(2) 
PARAMETRIC_REPRESENTATION_CONTEXT() REPRESENTATION_CONTEXT('2D SPACE',''
  ) );
#9166 = PCURVE('',#8139,#9167);
#9167 = DEFINITIONAL_REPRESENTATION('',(#9168),#9172);
#9168 = LINE('',#9169,#9170);
#9169 = CARTESIAN_POINT('',(0.,7.071067811865));
#9170 = VECTOR('',#9171,1.);
#9171 = DIRECTION('',(-1.,0.));
#9172 = ( GEOMETRIC_REPRESENTATION_CONTEXT(2) 
PARAMETRIC_REPRESENTATION_CONTEXT() REPRESENTATION_CONTEXT('2D SPACE',''
  ) );
#9173 = ORIENTED_EDGE('',*,*,#9174,.T.);
#9174 = EDGE_CURVE('',#9152,#9175,#9177,.T.);
#9175 = VERTEX_POINT('',#9176);
#9176 = CARTESIAN_POINT('',(20.5,198.,100.63139720814));
#9177 = SURFACE_CURVE('',#9178,(#9182,#9189),.PCURVE_S1.);
#9178 = LINE('',#9179,#9180);
#9179 = CARTESIAN_POINT('',(20.5,198.,100.63139720814));
#9180 = VECTOR('',#9181,1.);
#9181 = DIRECTION('',(1.,5.318914247286E-16,1.822616132093E-15));
#9182 = PCURVE('',#4750,#9183);
#9183 = DEFINITIONAL_REPRESENTATION('',(#9184),#9188);
#9184 = LINE('',#9185,#9186);
#9185 = CARTESIAN_POINT('',(-7.,21.808652046685));
#9186 = VECTOR('',#9187,1.);
#9187 = DIRECTION('',(-1.,0.));
#9188 = ( GEOMETRIC_REPRESENTATION_CONTEXT(2) 
PARAMETRIC_REPRESENTATION_CONTEXT() REPRESENTATION_CONTEXT('2D SPACE',''
  ) );
#9189 = PCURVE('',#8470,#9190);
#9190 = DEFINITIONAL_REPRESENTATION('',(#9191),#9195);
#9191 = LINE('',#9192,#9193);
#9192 = CARTESIAN_POINT('',(-21.,1.414213562373));
#9193 = VECTOR('',#9194,1.);
#9194 = DIRECTION('',(1.,9.860761315263E-32));
#9195 = ( GEOMETRIC_REPRESENTATION_CONTEXT(2) 
PARAMETRIC_REPRESENTATION_CONTEXT() REPRESENTATION_CONTEXT('2D SPACE',''
  ) );
#9196 = ORIENTED_EDGE('',*,*,#9197,.T.);
#9197 = EDGE_CURVE('',#9175,#9198,#9200,.T.);
#9198 = VERTEX_POINT('',#9199);
#9199 = CARTESIAN_POINT('',(24.427443327708,194.75841209618,
    100.63139720814));
#9200 = SURFACE_CURVE('',#9201,(#9206,#9217),.PCURVE_S1.);
#9201 = CIRCLE('',#9202,4.);
#9202 = AXIS2_PLACEMENT_3D('',#9203,#9204,#9205);
#9203 = CARTESIAN_POINT('',(20.5,194.,100.63139720814));
#9204 = DIRECTION('',(1.822616132093E-15,-7.495338295473E-15,-1.));
#9205 = DIRECTION('',(-1.,-5.318914247286E-16,-1.822616132093E-15));
#9206 = PCURVE('',#4750,#9207);
#9207 = DEFINITIONAL_REPRESENTATION('',(#9208),#9216);
#9208 = ( BOUNDED_CURVE() B_SPLINE_CURVE(2,(#9209,#9210,#9211,#9212,
#9213,#9214,#9215),.UNSPECIFIED.,.T.,.F.) B_SPLINE_CURVE_WITH_KNOTS((1,2
    ,2,2,2,1),(-2.094395102393,0.,2.094395102393,4.188790204786,
6.28318530718,8.377580409573),.UNSPECIFIED.) CURVE() 
GEOMETRIC_REPRESENTATION_ITEM() RATIONAL_B_SPLINE_CURVE((1.,0.5,1.,0.5,
1.,0.5,1.)) REPRESENTATION_ITEM('') );
#9209 = CARTESIAN_POINT('',(-3.,25.808652046685));
#9210 = CARTESIAN_POINT('',(-3.,18.880448816409));
#9211 = CARTESIAN_POINT('',(-9.,22.344550431547));
#9212 = CARTESIAN_POINT('',(-15.,25.808652046685));
#9213 = CARTESIAN_POINT('',(-9.,29.272753661823));
#9214 = CARTESIAN_POINT('',(-3.,32.73685527696));
#9215 = CARTESIAN_POINT('',(-3.,25.808652046685));
#9216 = ( GEOMETRIC_REPRESENTATION_CONTEXT(2) 
PARAMETRIC_REPRESENTATION_CONTEXT() REPRESENTATION_CONTEXT('2D SPACE',''
  ) );
#9217 = PCURVE('',#6326,#9218);
#9218 = DEFINITIONAL_REPRESENTATION('',(#9219),#9223);
#9219 = LINE('',#9220,#9221);
#9220 = CARTESIAN_POINT('',(4.712388980385,1.439509095694E-17));
#9221 = VECTOR('',#9222,1.);
#9222 = DIRECTION('',(-1.,2.252563573957E-15));
#9223 = ( GEOMETRIC_REPRESENTATION_CONTEXT(2) 
PARAMETRIC_REPRESENTATION_CONTEXT() REPRESENTATION_CONTEXT('2D SPACE',''
  ) );
#9224 = ORIENTED_EDGE('',*,*,#9225,.T.);
#9225 = EDGE_CURVE('',#9198,#4733,#9226,.T.);
#9226 = SURFACE_CURVE('',#9227,(#9231,#9238),.PCURVE_S1.);
#9227 = LINE('',#9228,#9229);
#9228 = CARTESIAN_POINT('',(5.33368474967,208.25973826505,
    100.63139720814));
#9229 = VECTOR('',#9230,1.);
#9230 = DIRECTION('',(-0.816496580928,0.57735026919,-5.803875105003E-15)
  );
#9231 = PCURVE('',#4750,#9232);
#9232 = DEFINITIONAL_REPRESENTATION('',(#9233),#9237);
#9233 = LINE('',#9234,#9235);
#9234 = CARTESIAN_POINT('',(8.16631525033,11.548913781631));
#9235 = VECTOR('',#9236,1.);
#9236 = DIRECTION('',(0.816496580928,-0.57735026919));
#9237 = ( GEOMETRIC_REPRESENTATION_CONTEXT(2) 
PARAMETRIC_REPRESENTATION_CONTEXT() REPRESENTATION_CONTEXT('2D SPACE',''
  ) );
#9238 = PCURVE('',#4778,#9239);
#9239 = DEFINITIONAL_REPRESENTATION('',(#9240),#9244);
#9240 = LINE('',#9241,#9242);
#9241 = CARTESIAN_POINT('',(45.372436637262,20.16631525033));
#9242 = VECTOR('',#9243,1.);
#9243 = DIRECTION('',(0.57735026919,0.816496580928));
#9244 = ( GEOMETRIC_REPRESENTATION_CONTEXT(2) 
PARAMETRIC_REPRESENTATION_CONTEXT() REPRESENTATION_CONTEXT('2D SPACE',''
  ) );
#9245 = ORIENTED_EDGE('',*,*,#4732,.T.);
#9246 = ORIENTED_EDGE('',*,*,#9247,.T.);
#9247 = EDGE_CURVE('',#4735,#5645,#9248,.T.);
#9248 = SURFACE_CURVE('',#9249,(#9253,#9260),.PCURVE_S1.);
#9249 = LINE('',#9250,#9251);
#9250 = CARTESIAN_POINT('',(29.404326023342,203.90432602334,
    100.63139720814));
#9251 = VECTOR('',#9252,1.);
#9252 = DIRECTION('',(-0.707106781187,-0.707106781187,4.011220309513E-15
    ));
#9253 = PCURVE('',#4750,#9254);
#9254 = DEFINITIONAL_REPRESENTATION('',(#9255),#9259);
#9255 = LINE('',#9256,#9257);
#9256 = CARTESIAN_POINT('',(-15.90432602334,15.904326023343));
#9257 = VECTOR('',#9258,1.);
#9258 = DIRECTION('',(0.707106781187,0.707106781187));
#9259 = ( GEOMETRIC_REPRESENTATION_CONTEXT(2) 
PARAMETRIC_REPRESENTATION_CONTEXT() REPRESENTATION_CONTEXT('2D SPACE',''
  ) );
#9260 = PCURVE('',#4882,#9261);
#9261 = DEFINITIONAL_REPRESENTATION('',(#9262),#9266);
#9262 = LINE('',#9263,#9264);
#9263 = CARTESIAN_POINT('',(-53.,-12.592618626));
#9264 = VECTOR('',#9265,1.);
#9265 = DIRECTION('',(8.177564888978E-16,1.));
#9266 = ( GEOMETRIC_REPRESENTATION_CONTEXT(2) 
PARAMETRIC_REPRESENTATION_CONTEXT() REPRESENTATION_CONTEXT('2D SPACE',''
  ) );
#9267 = ORIENTED_EDGE('',*,*,#5644,.F.);
#9268 = ORIENTED_EDGE('',*,*,#8151,.T.);
#9269 = ADVANCED_FACE('',(#9270),#5148,.F.);
#9270 = FACE_BOUND('',#9271,.T.);
#9271 = EDGE_LOOP('',(#9272,#9273,#9296,#9317));
#9272 = ORIENTED_EDGE('',*,*,#5132,.F.);
#9273 = ORIENTED_EDGE('',*,*,#9274,.T.);
#9274 = EDGE_CURVE('',#5105,#9275,#9277,.T.);
#9275 = VERTEX_POINT('',#9276);
#9276 = CARTESIAN_POINT('',(13.5,198.,105.63139720814));
#9277 = SURFACE_CURVE('',#9278,(#9282,#9289),.PCURVE_S1.);
#9278 = LINE('',#9279,#9280);
#9279 = CARTESIAN_POINT('',(13.5,198.,105.63139720814));
#9280 = VECTOR('',#9281,1.);
#9281 = DIRECTION('',(4.620486999543E-16,-7.495338295473E-15,-1.));
#9282 = PCURVE('',#5148,#9283);
#9283 = DEFINITIONAL_REPRESENTATION('',(#9284),#9288);
#9284 = LINE('',#9285,#9286);
#9285 = CARTESIAN_POINT('',(-12.,21.808652046685));
#9286 = VECTOR('',#9287,1.);
#9287 = DIRECTION('',(-1.,0.));
#9288 = ( GEOMETRIC_REPRESENTATION_CONTEXT(2) 
PARAMETRIC_REPRESENTATION_CONTEXT() REPRESENTATION_CONTEXT('2D SPACE',''
  ) );
#9289 = PCURVE('',#8526,#9290);
#9290 = DEFINITIONAL_REPRESENTATION('',(#9291),#9295);
#9291 = LINE('',#9292,#9293);
#9292 = CARTESIAN_POINT('',(-58.,1.414213562373));
#9293 = VECTOR('',#9294,1.);
#9294 = DIRECTION('',(1.,0.));
#9295 = ( GEOMETRIC_REPRESENTATION_CONTEXT(2) 
PARAMETRIC_REPRESENTATION_CONTEXT() REPRESENTATION_CONTEXT('2D SPACE',''
  ) );
#9296 = ORIENTED_EDGE('',*,*,#9297,.T.);
#9297 = EDGE_CURVE('',#9275,#8101,#9298,.T.);
#9298 = SURFACE_CURVE('',#9299,(#9303,#9310),.PCURVE_S1.);
#9299 = LINE('',#9300,#9301);
#9300 = CARTESIAN_POINT('',(13.5,219.80865204668,105.63139720814));
#9301 = VECTOR('',#9302,1.);
#9302 = DIRECTION('',(5.318914247286E-16,-1.,7.495338295473E-15));
#9303 = PCURVE('',#5148,#9304);
#9304 = DEFINITIONAL_REPRESENTATION('',(#9305),#9309);
#9305 = LINE('',#9306,#9307);
#9306 = CARTESIAN_POINT('',(-12.,0.));
#9307 = VECTOR('',#9308,1.);
#9308 = DIRECTION('',(0.,1.));
#9309 = ( GEOMETRIC_REPRESENTATION_CONTEXT(2) 
PARAMETRIC_REPRESENTATION_CONTEXT() REPRESENTATION_CONTEXT('2D SPACE',''
  ) );
#9310 = PCURVE('',#8139,#9311);
#9311 = DEFINITIONAL_REPRESENTATION('',(#9312),#9316);
#9312 = LINE('',#9313,#9314);
#9313 = CARTESIAN_POINT('',(0.,0.));
#9314 = VECTOR('',#9315,1.);
#9315 = DIRECTION('',(1.,0.));
#9316 = ( GEOMETRIC_REPRESENTATION_CONTEXT(2) 
PARAMETRIC_REPRESENTATION_CONTEXT() REPRESENTATION_CONTEXT('2D SPACE',''
  ) );
#9317 = ORIENTED_EDGE('',*,*,#8100,.T.);
#9318 = ADVANCED_FACE('',(#9319),#8139,.F.);
#9319 = FACE_BOUND('',#9320,.T.);
#9320 = EDGE_LOOP('',(#9321,#9322,#9343,#9344));
#9321 = ORIENTED_EDGE('',*,*,#9297,.F.);
#9322 = ORIENTED_EDGE('',*,*,#9323,.T.);
#9323 = EDGE_CURVE('',#9275,#9152,#9324,.T.);
#9324 = SURFACE_CURVE('',#9325,(#9329,#9336),.PCURVE_S1.);
#9325 = LINE('',#9326,#9327);
#9326 = CARTESIAN_POINT('',(13.5,198.,105.63139720814));
#9327 = VECTOR('',#9328,1.);
#9328 = DIRECTION('',(0.707106781187,-4.923900502736E-15,-0.707106781187
    ));
#9329 = PCURVE('',#8139,#9330);
#9330 = DEFINITIONAL_REPRESENTATION('',(#9331),#9335);
#9331 = LINE('',#9332,#9333);
#9332 = CARTESIAN_POINT('',(21.808652046685,0.));
#9333 = VECTOR('',#9334,1.);
#9334 = DIRECTION('',(0.,1.));
#9335 = ( GEOMETRIC_REPRESENTATION_CONTEXT(2) 
PARAMETRIC_REPRESENTATION_CONTEXT() REPRESENTATION_CONTEXT('2D SPACE',''
  ) );
#9336 = PCURVE('',#8498,#9337);
#9337 = DEFINITIONAL_REPRESENTATION('',(#9338),#9342);
#9338 = LINE('',#9339,#9340);
#9339 = CARTESIAN_POINT('',(-60.81118318204,1.414213562373));
#9340 = VECTOR('',#9341,1.);
#9341 = DIRECTION('',(1.,5.551115123126E-17));
#9342 = ( GEOMETRIC_REPRESENTATION_CONTEXT(2) 
PARAMETRIC_REPRESENTATION_CONTEXT() REPRESENTATION_CONTEXT('2D SPACE',''
  ) );
#9343 = ORIENTED_EDGE('',*,*,#9151,.F.);
#9344 = ORIENTED_EDGE('',*,*,#8123,.F.);
#9345 = ADVANCED_FACE('',(#9346),#4635,.F.);
#9346 = FACE_BOUND('',#9347,.T.);
#9347 = EDGE_LOOP('',(#9348,#9378,#9401,#9422,#9423,#9424,#9445,#9446));
#9348 = ORIENTED_EDGE('',*,*,#9349,.T.);
#9349 = EDGE_CURVE('',#9350,#9352,#9354,.T.);
#9350 = VERTEX_POINT('',#9351);
#9351 = CARTESIAN_POINT('',(24.427443327708,157.24158790381,
    100.63139720814));
#9352 = VERTEX_POINT('',#9353);
#9353 = CARTESIAN_POINT('',(20.5,154.,100.63139720814));
#9354 = SURFACE_CURVE('',#9355,(#9360,#9371),.PCURVE_S1.);
#9355 = CIRCLE('',#9356,4.);
#9356 = AXIS2_PLACEMENT_3D('',#9357,#9358,#9359);
#9357 = CARTESIAN_POINT('',(20.5,158.,100.63139720814));
#9358 = DIRECTION('',(6.661338147751E-16,-7.495338295473E-15,-1.));
#9359 = DIRECTION('',(-3.354703132598E-16,-1.,7.495338295473E-15));
#9360 = PCURVE('',#4635,#9361);
#9361 = DEFINITIONAL_REPRESENTATION('',(#9362),#9370);
#9362 = ( BOUNDED_CURVE() B_SPLINE_CURVE(2,(#9363,#9364,#9365,#9366,
#9367,#9368,#9369),.UNSPECIFIED.,.T.,.F.) B_SPLINE_CURVE_WITH_KNOTS((1,2
    ,2,2,2,1),(-2.094395102393,0.,2.094395102393,4.188790204786,
6.28318530718,8.377580409573),.UNSPECIFIED.) CURVE() 
GEOMETRIC_REPRESENTATION_ITEM() RATIONAL_B_SPLINE_CURVE((1.,0.5,1.,0.5,
1.,0.5,1.)) REPRESENTATION_ITEM('') );
#9363 = CARTESIAN_POINT('',(-21.80865204668,7.));
#9364 = CARTESIAN_POINT('',(-21.80865204668,7.179676972454E-02));
#9365 = CARTESIAN_POINT('',(-27.80865204668,3.535898384862));
#9366 = CARTESIAN_POINT('',(-33.80865204668,7.));
#9367 = CARTESIAN_POINT('',(-27.80865204668,10.464101615138));
#9368 = CARTESIAN_POINT('',(-21.80865204668,13.928203230275));
#9369 = CARTESIAN_POINT('',(-21.80865204668,7.));
#9370 = ( GEOMETRIC_REPRESENTATION_CONTEXT(2) 
PARAMETRIC_REPRESENTATION_CONTEXT() REPRESENTATION_CONTEXT('2D SPACE',''
  ) );
#9371 = PCURVE('',#6205,#9372);
#9372 = DEFINITIONAL_REPRESENTATION('',(#9373),#9377);
#9373 = LINE('',#9374,#9375);
#9374 = CARTESIAN_POINT('',(6.28318530718,1.577807126061E-15));
#9375 = VECTOR('',#9376,1.);
#9376 = DIRECTION('',(-1.,-3.217947962796E-16));
#9377 = ( GEOMETRIC_REPRESENTATION_CONTEXT(2) 
PARAMETRIC_REPRESENTATION_CONTEXT() REPRESENTATION_CONTEXT('2D SPACE',''
  ) );
#9378 = ORIENTED_EDGE('',*,*,#9379,.T.);
#9379 = EDGE_CURVE('',#9352,#9380,#9382,.T.);
#9380 = VERTEX_POINT('',#9381);
#9381 = CARTESIAN_POINT('',(18.5,154.,100.63139720814));
#9382 = SURFACE_CURVE('',#9383,(#9387,#9394),.PCURVE_S1.);
#9383 = LINE('',#9384,#9385);
#9384 = CARTESIAN_POINT('',(13.5,154.,100.63139720814));
#9385 = VECTOR('',#9386,1.);
#9386 = DIRECTION('',(-1.,-5.318914247286E-16,-6.661338147751E-16));
#9387 = PCURVE('',#4635,#9388);
#9388 = DEFINITIONAL_REPRESENTATION('',(#9389),#9393);
#9389 = LINE('',#9390,#9391);
#9390 = CARTESIAN_POINT('',(-21.80865204668,0.));
#9391 = VECTOR('',#9392,1.);
#9392 = DIRECTION('',(0.,-1.));
#9393 = ( GEOMETRIC_REPRESENTATION_CONTEXT(2) 
PARAMETRIC_REPRESENTATION_CONTEXT() REPRESENTATION_CONTEXT('2D SPACE',''
  ) );
#9394 = PCURVE('',#7894,#9395);
#9395 = DEFINITIONAL_REPRESENTATION('',(#9396),#9400);
#9396 = LINE('',#9397,#9398);
#9397 = CARTESIAN_POINT('',(0.,0.));
#9398 = VECTOR('',#9399,1.);
#9399 = DIRECTION('',(1.,0.));
#9400 = ( GEOMETRIC_REPRESENTATION_CONTEXT(2) 
PARAMETRIC_REPRESENTATION_CONTEXT() REPRESENTATION_CONTEXT('2D SPACE',''
  ) );
#9401 = ORIENTED_EDGE('',*,*,#9402,.T.);
#9402 = EDGE_CURVE('',#9380,#7572,#9403,.T.);
#9403 = SURFACE_CURVE('',#9404,(#9408,#9415),.PCURVE_S1.);
#9404 = LINE('',#9405,#9406);
#9405 = CARTESIAN_POINT('',(18.5,132.19134795331,100.63139720814));
#9406 = VECTOR('',#9407,1.);
#9407 = DIRECTION('',(-5.318914247286E-16,1.,-7.495338295473E-15));
#9408 = PCURVE('',#4635,#9409);
#9409 = DEFINITIONAL_REPRESENTATION('',(#9410),#9414);
#9410 = LINE('',#9411,#9412);
#9411 = CARTESIAN_POINT('',(0.,5.));
#9412 = VECTOR('',#9413,1.);
#9413 = DIRECTION('',(-1.,0.));
#9414 = ( GEOMETRIC_REPRESENTATION_CONTEXT(2) 
PARAMETRIC_REPRESENTATION_CONTEXT() REPRESENTATION_CONTEXT('2D SPACE',''
  ) );
#9415 = PCURVE('',#7610,#9416);
#9416 = DEFINITIONAL_REPRESENTATION('',(#9417),#9421);
#9417 = LINE('',#9418,#9419);
#9418 = CARTESIAN_POINT('',(0.,0.));
#9419 = VECTOR('',#9420,1.);
#9420 = DIRECTION('',(1.,0.));
#9421 = ( GEOMETRIC_REPRESENTATION_CONTEXT(2) 
PARAMETRIC_REPRESENTATION_CONTEXT() REPRESENTATION_CONTEXT('2D SPACE',''
  ) );
#9422 = ORIENTED_EDGE('',*,*,#7571,.T.);
#9423 = ORIENTED_EDGE('',*,*,#5741,.F.);
#9424 = ORIENTED_EDGE('',*,*,#9425,.T.);
#9425 = EDGE_CURVE('',#5719,#4620,#9426,.T.);
#9426 = SURFACE_CURVE('',#9427,(#9431,#9438),.PCURVE_S1.);
#9427 = LINE('',#9428,#9429);
#9428 = CARTESIAN_POINT('',(29.404326023342,148.09567397665,
    100.63139720814));
#9429 = VECTOR('',#9430,1.);
#9430 = DIRECTION('',(0.707106781187,-0.707106781187,5.771032273621E-15)
  );
#9431 = PCURVE('',#4635,#9432);
#9432 = DEFINITIONAL_REPRESENTATION('',(#9433),#9437);
#9433 = LINE('',#9434,#9435);
#9434 = CARTESIAN_POINT('',(-15.90432602334,15.904326023342));
#9435 = VECTOR('',#9436,1.);
#9436 = DIRECTION('',(0.707106781187,0.707106781187));
#9437 = ( GEOMETRIC_REPRESENTATION_CONTEXT(2) 
PARAMETRIC_REPRESENTATION_CONTEXT() REPRESENTATION_CONTEXT('2D SPACE',''
  ) );
#9438 = PCURVE('',#4663,#9439);
#9439 = DEFINITIONAL_REPRESENTATION('',(#9440),#9444);
#9440 = LINE('',#9441,#9442);
#9441 = CARTESIAN_POINT('',(53.,-12.592618626));
#9442 = VECTOR('',#9443,1.);
#9443 = DIRECTION('',(0.,-1.));
#9444 = ( GEOMETRIC_REPRESENTATION_CONTEXT(2) 
PARAMETRIC_REPRESENTATION_CONTEXT() REPRESENTATION_CONTEXT('2D SPACE',''
  ) );
#9445 = ORIENTED_EDGE('',*,*,#4619,.T.);
#9446 = ORIENTED_EDGE('',*,*,#9447,.T.);
#9447 = EDGE_CURVE('',#4592,#9350,#9448,.T.);
#9448 = SURFACE_CURVE('',#9449,(#9453,#9460),.PCURVE_S1.);
#9449 = LINE('',#9450,#9451);
#9450 = CARTESIAN_POINT('',(5.33368474967,143.74026173494,
    100.63139720814));
#9451 = VECTOR('',#9452,1.);
#9452 = DIRECTION('',(0.816496580928,0.57735026919,-3.783539600355E-15)
  );
#9453 = PCURVE('',#4635,#9454);
#9454 = DEFINITIONAL_REPRESENTATION('',(#9455),#9459);
#9455 = LINE('',#9456,#9457);
#9456 = CARTESIAN_POINT('',(-11.54891378163,-8.16631525033));
#9457 = VECTOR('',#9458,1.);
#9458 = DIRECTION('',(-0.57735026919,0.816496580928));
#9459 = ( GEOMETRIC_REPRESENTATION_CONTEXT(2) 
PARAMETRIC_REPRESENTATION_CONTEXT() REPRESENTATION_CONTEXT('2D SPACE',''
  ) );
#9460 = PCURVE('',#4607,#9461);
#9461 = DEFINITIONAL_REPRESENTATION('',(#9462),#9466);
#9462 = LINE('',#9463,#9464);
#9463 = CARTESIAN_POINT('',(30.886462094775,-18.75210168795));
#9464 = VECTOR('',#9465,1.);
#9465 = DIRECTION('',(-0.57735026919,0.816496580928));
#9466 = ( GEOMETRIC_REPRESENTATION_CONTEXT(2) 
PARAMETRIC_REPRESENTATION_CONTEXT() REPRESENTATION_CONTEXT('2D SPACE',''
  ) );
#9467 = ADVANCED_FACE('',(#9468),#7638,.F.);
#9468 = FACE_BOUND('',#9469,.T.);
#9469 = EDGE_LOOP('',(#9470,#9493,#9514,#9515));
#9470 = ORIENTED_EDGE('',*,*,#9471,.T.);
#9471 = EDGE_CURVE('',#7595,#9472,#9474,.T.);
#9472 = VERTEX_POINT('',#9473);
#9473 = CARTESIAN_POINT('',(13.5,154.,105.63139720814));
#9474 = SURFACE_CURVE('',#9475,(#9479,#9486),.PCURVE_S1.);
#9475 = LINE('',#9476,#9477);
#9476 = CARTESIAN_POINT('',(13.5,132.19134795331,105.63139720814));
#9477 = VECTOR('',#9478,1.);
#9478 = DIRECTION('',(5.318914247286E-16,-1.,7.495338295473E-15));
#9479 = PCURVE('',#7638,#9480);
#9480 = DEFINITIONAL_REPRESENTATION('',(#9481),#9485);
#9481 = LINE('',#9482,#9483);
#9482 = CARTESIAN_POINT('',(-12.,0.));
#9483 = VECTOR('',#9484,1.);
#9484 = DIRECTION('',(0.,1.));
#9485 = ( GEOMETRIC_REPRESENTATION_CONTEXT(2) 
PARAMETRIC_REPRESENTATION_CONTEXT() REPRESENTATION_CONTEXT('2D SPACE',''
  ) );
#9486 = PCURVE('',#7610,#9487);
#9487 = DEFINITIONAL_REPRESENTATION('',(#9488),#9492);
#9488 = LINE('',#9489,#9490);
#9489 = CARTESIAN_POINT('',(0.,7.071067811865));
#9490 = VECTOR('',#9491,1.);
#9491 = DIRECTION('',(-1.,0.));
#9492 = ( GEOMETRIC_REPRESENTATION_CONTEXT(2) 
PARAMETRIC_REPRESENTATION_CONTEXT() REPRESENTATION_CONTEXT('2D SPACE',''
  ) );
#9493 = ORIENTED_EDGE('',*,*,#9494,.T.);
#9494 = EDGE_CURVE('',#9472,#7773,#9495,.T.);
#9495 = SURFACE_CURVE('',#9496,(#9500,#9507),.PCURVE_S1.);
#9496 = LINE('',#9497,#9498);
#9497 = CARTESIAN_POINT('',(13.5,154.,117.63139720814));
#9498 = VECTOR('',#9499,1.);
#9499 = DIRECTION('',(-6.661338147751E-16,7.495338295473E-15,1.));
#9500 = PCURVE('',#7638,#9501);
#9501 = DEFINITIONAL_REPRESENTATION('',(#9502),#9506);
#9502 = LINE('',#9503,#9504);
#9503 = CARTESIAN_POINT('',(0.,-21.80865204668));
#9504 = VECTOR('',#9505,1.);
#9505 = DIRECTION('',(1.,0.));
#9506 = ( GEOMETRIC_REPRESENTATION_CONTEXT(2) 
PARAMETRIC_REPRESENTATION_CONTEXT() REPRESENTATION_CONTEXT('2D SPACE',''
  ) );
#9507 = PCURVE('',#8085,#9508);
#9508 = DEFINITIONAL_REPRESENTATION('',(#9509),#9513);
#9509 = LINE('',#9510,#9511);
#9510 = CARTESIAN_POINT('',(0.,0.));
#9511 = VECTOR('',#9512,1.);
#9512 = DIRECTION('',(1.,0.));
#9513 = ( GEOMETRIC_REPRESENTATION_CONTEXT(2) 
PARAMETRIC_REPRESENTATION_CONTEXT() REPRESENTATION_CONTEXT('2D SPACE',''
  ) );
#9514 = ORIENTED_EDGE('',*,*,#7772,.T.);
#9515 = ORIENTED_EDGE('',*,*,#7622,.T.);
#9516 = ADVANCED_FACE('',(#9517),#7610,.F.);
#9517 = FACE_BOUND('',#9518,.T.);
#9518 = EDGE_LOOP('',(#9519,#9520,#9541,#9542));
#9519 = ORIENTED_EDGE('',*,*,#9402,.F.);
#9520 = ORIENTED_EDGE('',*,*,#9521,.T.);
#9521 = EDGE_CURVE('',#9380,#9472,#9522,.T.);
#9522 = SURFACE_CURVE('',#9523,(#9527,#9534),.PCURVE_S1.);
#9523 = LINE('',#9524,#9525);
#9524 = CARTESIAN_POINT('',(13.5,154.,105.63139720814));
#9525 = VECTOR('',#9526,1.);
#9526 = DIRECTION('',(-0.707106781187,4.923900502736E-15,0.707106781187)
  );
#9527 = PCURVE('',#7610,#9528);
#9528 = DEFINITIONAL_REPRESENTATION('',(#9529),#9533);
#9529 = LINE('',#9530,#9531);
#9530 = CARTESIAN_POINT('',(21.808652046685,7.071067811865));
#9531 = VECTOR('',#9532,1.);
#9532 = DIRECTION('',(0.,1.));
#9533 = ( GEOMETRIC_REPRESENTATION_CONTEXT(2) 
PARAMETRIC_REPRESENTATION_CONTEXT() REPRESENTATION_CONTEXT('2D SPACE',''
  ) );
#9534 = PCURVE('',#7866,#9535);
#9535 = DEFINITIONAL_REPRESENTATION('',(#9536),#9540);
#9536 = LINE('',#9537,#9538);
#9537 = CARTESIAN_POINT('',(-60.81118318204,1.414213562373));
#9538 = VECTOR('',#9539,1.);
#9539 = DIRECTION('',(-1.,0.));
#9540 = ( GEOMETRIC_REPRESENTATION_CONTEXT(2) 
PARAMETRIC_REPRESENTATION_CONTEXT() REPRESENTATION_CONTEXT('2D SPACE',''
  ) );
#9541 = ORIENTED_EDGE('',*,*,#9471,.F.);
#9542 = ORIENTED_EDGE('',*,*,#7594,.F.);
#9543 = ADVANCED_FACE('',(#9544,#9569),#1037,.T.);
#9544 = FACE_BOUND('',#9545,.T.);
#9545 = EDGE_LOOP('',(#9546,#9568));
#9546 = ORIENTED_EDGE('',*,*,#9547,.T.);
#9547 = EDGE_CURVE('',#941,#1000,#9548,.T.);
#9548 = SURFACE_CURVE('',#9549,(#9554,#9561),.PCURVE_S1.);
#9549 = CIRCLE('',#9550,3.1);
#9550 = AXIS2_PLACEMENT_3D('',#9551,#9552,#9553);
#9551 = CARTESIAN_POINT('',(46.3,176.,58.131397208143));
#9552 = DIRECTION('',(1.,5.318914247286E-16,6.661338147751E-16));
#9553 = DIRECTION('',(-6.661338147751E-16,7.495338295473E-15,1.));
#9554 = PCURVE('',#1037,#9555);
#9555 = DEFINITIONAL_REPRESENTATION('',(#9556),#9560);
#9556 = CIRCLE('',#9557,3.1);
#9557 = AXIS2_PLACEMENT_2D('',#9558,#9559);
#9558 = CARTESIAN_POINT('',(0.,0.));
#9559 = DIRECTION('',(1.,0.));
#9560 = ( GEOMETRIC_REPRESENTATION_CONTEXT(2) 
PARAMETRIC_REPRESENTATION_CONTEXT() REPRESENTATION_CONTEXT('2D SPACE',''
  ) );
#9561 = PCURVE('',#963,#9562);
#9562 = DEFINITIONAL_REPRESENTATION('',(#9563),#9567);
#9563 = LINE('',#9564,#9565);
#9564 = CARTESIAN_POINT('',(0.,0.));
#9565 = VECTOR('',#9566,1.);
#9566 = DIRECTION('',(1.,0.));
#9567 = ( GEOMETRIC_REPRESENTATION_CONTEXT(2) 
PARAMETRIC_REPRESENTATION_CONTEXT() REPRESENTATION_CONTEXT('2D SPACE',''
  ) );
#9568 = ORIENTED_EDGE('',*,*,#1022,.T.);
#9569 = FACE_BOUND('',#9570,.T.);
#9570 = EDGE_LOOP('',(#9571,#9572));
#9571 = ORIENTED_EDGE('',*,*,#4503,.T.);
#9572 = ORIENTED_EDGE('',*,*,#3199,.T.);
#9573 = ADVANCED_FACE('',(#9574),#963,.F.);
#9574 = FACE_BOUND('',#9575,.F.);
#9575 = EDGE_LOOP('',(#9576,#9577,#9578,#9579));
#9576 = ORIENTED_EDGE('',*,*,#6005,.F.);
#9577 = ORIENTED_EDGE('',*,*,#940,.F.);
#9578 = ORIENTED_EDGE('',*,*,#9547,.T.);
#9579 = ORIENTED_EDGE('',*,*,#999,.T.);
#9580 = ADVANCED_FACE('',(#9581,#9606),#925,.T.);
#9581 = FACE_BOUND('',#9582,.T.);
#9582 = EDGE_LOOP('',(#9583,#9605));
#9583 = ORIENTED_EDGE('',*,*,#9584,.T.);
#9584 = EDGE_CURVE('',#829,#888,#9585,.T.);
#9585 = SURFACE_CURVE('',#9586,(#9591,#9598),.PCURVE_S1.);
#9586 = CIRCLE('',#9587,3.1);
#9587 = AXIS2_PLACEMENT_3D('',#9588,#9589,#9590);
#9588 = CARTESIAN_POINT('',(46.3,185.95929214352,53.381397208143));
#9589 = DIRECTION('',(1.,5.318914247286E-16,6.661338147751E-16));
#9590 = DIRECTION('',(-6.661338147751E-16,7.495338295473E-15,1.));
#9591 = PCURVE('',#925,#9592);
#9592 = DEFINITIONAL_REPRESENTATION('',(#9593),#9597);
#9593 = CIRCLE('',#9594,3.1);
#9594 = AXIS2_PLACEMENT_2D('',#9595,#9596);
#9595 = CARTESIAN_POINT('',(0.,0.));
#9596 = DIRECTION('',(1.,0.));
#9597 = ( GEOMETRIC_REPRESENTATION_CONTEXT(2) 
PARAMETRIC_REPRESENTATION_CONTEXT() REPRESENTATION_CONTEXT('2D SPACE',''
  ) );
#9598 = PCURVE('',#851,#9599);
#9599 = DEFINITIONAL_REPRESENTATION('',(#9600),#9604);
#9600 = LINE('',#9601,#9602);
#9601 = CARTESIAN_POINT('',(0.,0.));
#9602 = VECTOR('',#9603,1.);
#9603 = DIRECTION('',(1.,0.));
#9604 = ( GEOMETRIC_REPRESENTATION_CONTEXT(2) 
PARAMETRIC_REPRESENTATION_CONTEXT() REPRESENTATION_CONTEXT('2D SPACE',''
  ) );
#9605 = ORIENTED_EDGE('',*,*,#910,.T.);
#9606 = FACE_BOUND('',#9607,.T.);
#9607 = EDGE_LOOP('',(#9608,#9609));
#9608 = ORIENTED_EDGE('',*,*,#4471,.T.);
#9609 = ORIENTED_EDGE('',*,*,#3314,.T.);
#9610 = ADVANCED_FACE('',(#9611),#851,.F.);
#9611 = FACE_BOUND('',#9612,.F.);
#9612 = EDGE_LOOP('',(#9613,#9614,#9615,#9616));
#9613 = ORIENTED_EDGE('',*,*,#6030,.F.);
#9614 = ORIENTED_EDGE('',*,*,#828,.F.);
#9615 = ORIENTED_EDGE('',*,*,#9584,.T.);
#9616 = ORIENTED_EDGE('',*,*,#887,.T.);
#9617 = ADVANCED_FACE('',(#9618,#9643),#813,.T.);
#9618 = FACE_BOUND('',#9619,.T.);
#9619 = EDGE_LOOP('',(#9620,#9642));
#9620 = ORIENTED_EDGE('',*,*,#9621,.T.);
#9621 = EDGE_CURVE('',#717,#776,#9622,.T.);
#9622 = SURFACE_CURVE('',#9623,(#9628,#9635),.PCURVE_S1.);
#9623 = CIRCLE('',#9624,3.1);
#9624 = AXIS2_PLACEMENT_3D('',#9625,#9626,#9627);
#9625 = CARTESIAN_POINT('',(46.3,176.,36.131397208143));
#9626 = DIRECTION('',(1.,5.318914247286E-16,6.661338147751E-16));
#9627 = DIRECTION('',(-6.661338147751E-16,7.495338295473E-15,1.));
#9628 = PCURVE('',#813,#9629);
#9629 = DEFINITIONAL_REPRESENTATION('',(#9630),#9634);
#9630 = CIRCLE('',#9631,3.1);
#9631 = AXIS2_PLACEMENT_2D('',#9632,#9633);
#9632 = CARTESIAN_POINT('',(0.,0.));
#9633 = DIRECTION('',(1.,0.));
#9634 = ( GEOMETRIC_REPRESENTATION_CONTEXT(2) 
PARAMETRIC_REPRESENTATION_CONTEXT() REPRESENTATION_CONTEXT('2D SPACE',''
  ) );
#9635 = PCURVE('',#739,#9636);
#9636 = DEFINITIONAL_REPRESENTATION('',(#9637),#9641);
#9637 = LINE('',#9638,#9639);
#9638 = CARTESIAN_POINT('',(0.,0.));
#9639 = VECTOR('',#9640,1.);
#9640 = DIRECTION('',(1.,0.));
#9641 = ( GEOMETRIC_REPRESENTATION_CONTEXT(2) 
PARAMETRIC_REPRESENTATION_CONTEXT() REPRESENTATION_CONTEXT('2D SPACE',''
  ) );
#9642 = ORIENTED_EDGE('',*,*,#798,.T.);
#9643 = FACE_BOUND('',#9644,.T.);
#9644 = EDGE_LOOP('',(#9645,#9646));
#9645 = ORIENTED_EDGE('',*,*,#4439,.T.);
#9646 = ORIENTED_EDGE('',*,*,#3429,.T.);
#9647 = ADVANCED_FACE('',(#9648),#739,.F.);
#9648 = FACE_BOUND('',#9649,.F.);
#9649 = EDGE_LOOP('',(#9650,#9651,#9652,#9653));
#9650 = ORIENTED_EDGE('',*,*,#5930,.F.);
#9651 = ORIENTED_EDGE('',*,*,#716,.F.);
#9652 = ORIENTED_EDGE('',*,*,#9621,.T.);
#9653 = ORIENTED_EDGE('',*,*,#775,.T.);
#9654 = ADVANCED_FACE('',(#9655,#9680),#701,.T.);
#9655 = FACE_BOUND('',#9656,.T.);
#9656 = EDGE_LOOP('',(#9657,#9679));
#9657 = ORIENTED_EDGE('',*,*,#9658,.T.);
#9658 = EDGE_CURVE('',#605,#664,#9659,.T.);
#9659 = SURFACE_CURVE('',#9660,(#9665,#9672),.PCURVE_S1.);
#9660 = CIRCLE('',#9661,3.1);
#9661 = AXIS2_PLACEMENT_3D('',#9662,#9663,#9664);
#9662 = CARTESIAN_POINT('',(46.3,185.09326673973,42.381397208143));
#9663 = DIRECTION('',(1.,5.318914247286E-16,6.661338147751E-16));
#9664 = DIRECTION('',(-6.661338147751E-16,7.495338295473E-15,1.));
#9665 = PCURVE('',#701,#9666);
#9666 = DEFINITIONAL_REPRESENTATION('',(#9667),#9671);
#9667 = CIRCLE('',#9668,3.1);
#9668 = AXIS2_PLACEMENT_2D('',#9669,#9670);
#9669 = CARTESIAN_POINT('',(0.,0.));
#9670 = DIRECTION('',(1.,0.));
#9671 = ( GEOMETRIC_REPRESENTATION_CONTEXT(2) 
PARAMETRIC_REPRESENTATION_CONTEXT() REPRESENTATION_CONTEXT('2D SPACE',''
  ) );
#9672 = PCURVE('',#627,#9673);
#9673 = DEFINITIONAL_REPRESENTATION('',(#9674),#9678);
#9674 = LINE('',#9675,#9676);
#9675 = CARTESIAN_POINT('',(0.,0.));
#9676 = VECTOR('',#9677,1.);
#9677 = DIRECTION('',(1.,0.));
#9678 = ( GEOMETRIC_REPRESENTATION_CONTEXT(2) 
PARAMETRIC_REPRESENTATION_CONTEXT() REPRESENTATION_CONTEXT('2D SPACE',''
  ) );
#9679 = ORIENTED_EDGE('',*,*,#686,.T.);
#9680 = FACE_BOUND('',#9681,.T.);
#9681 = EDGE_LOOP('',(#9682,#9683));
#9682 = ORIENTED_EDGE('',*,*,#4407,.T.);
#9683 = ORIENTED_EDGE('',*,*,#3544,.T.);
#9684 = ADVANCED_FACE('',(#9685),#627,.F.);
#9685 = FACE_BOUND('',#9686,.F.);
#9686 = EDGE_LOOP('',(#9687,#9688,#9689,#9690));
#9687 = ORIENTED_EDGE('',*,*,#6055,.F.);
#9688 = ORIENTED_EDGE('',*,*,#604,.F.);
#9689 = ORIENTED_EDGE('',*,*,#9658,.T.);
#9690 = ORIENTED_EDGE('',*,*,#663,.T.);
#9691 = ADVANCED_FACE('',(#9692,#9717),#589,.T.);
#9692 = FACE_BOUND('',#9693,.T.);
#9693 = EDGE_LOOP('',(#9694,#9716));
#9694 = ORIENTED_EDGE('',*,*,#9695,.T.);
#9695 = EDGE_CURVE('',#493,#552,#9696,.T.);
#9696 = SURFACE_CURVE('',#9697,(#9702,#9709),.PCURVE_S1.);
#9697 = CIRCLE('',#9698,3.1);
#9698 = AXIS2_PLACEMENT_3D('',#9699,#9700,#9701);
#9699 = CARTESIAN_POINT('',(46.3,166.90673326026,42.381397208143));
#9700 = DIRECTION('',(1.,5.318914247286E-16,6.661338147751E-16));
#9701 = DIRECTION('',(-6.661338147751E-16,7.495338295473E-15,1.));
#9702 = PCURVE('',#589,#9703);
#9703 = DEFINITIONAL_REPRESENTATION('',(#9704),#9708);
#9704 = CIRCLE('',#9705,3.1);
#9705 = AXIS2_PLACEMENT_2D('',#9706,#9707);
#9706 = CARTESIAN_POINT('',(0.,0.));
#9707 = DIRECTION('',(1.,0.));
#9708 = ( GEOMETRIC_REPRESENTATION_CONTEXT(2) 
PARAMETRIC_REPRESENTATION_CONTEXT() REPRESENTATION_CONTEXT('2D SPACE',''
  ) );
#9709 = PCURVE('',#515,#9710);
#9710 = DEFINITIONAL_REPRESENTATION('',(#9711),#9715);
#9711 = LINE('',#9712,#9713);
#9712 = CARTESIAN_POINT('',(0.,0.));
#9713 = VECTOR('',#9714,1.);
#9714 = DIRECTION('',(1.,0.));
#9715 = ( GEOMETRIC_REPRESENTATION_CONTEXT(2) 
PARAMETRIC_REPRESENTATION_CONTEXT() REPRESENTATION_CONTEXT('2D SPACE',''
  ) );
#9716 = ORIENTED_EDGE('',*,*,#574,.T.);
#9717 = FACE_BOUND('',#9718,.T.);
#9718 = EDGE_LOOP('',(#9719,#9720));
#9719 = ORIENTED_EDGE('',*,*,#4375,.T.);
#9720 = ORIENTED_EDGE('',*,*,#3659,.T.);
#9721 = ADVANCED_FACE('',(#9722),#515,.F.);
#9722 = FACE_BOUND('',#9723,.F.);
#9723 = EDGE_LOOP('',(#9724,#9725,#9726,#9727));
#9724 = ORIENTED_EDGE('',*,*,#5955,.F.);
#9725 = ORIENTED_EDGE('',*,*,#492,.F.);
#9726 = ORIENTED_EDGE('',*,*,#9695,.T.);
#9727 = ORIENTED_EDGE('',*,*,#551,.T.);
#9728 = ADVANCED_FACE('',(#9729,#9754),#477,.T.);
#9729 = FACE_BOUND('',#9730,.T.);
#9730 = EDGE_LOOP('',(#9731,#9753));
#9731 = ORIENTED_EDGE('',*,*,#9732,.T.);
#9732 = EDGE_CURVE('',#381,#440,#9733,.T.);
#9733 = SURFACE_CURVE('',#9734,(#9739,#9746),.PCURVE_S1.);
#9734 = CIRCLE('',#9735,3.1);
#9735 = AXIS2_PLACEMENT_3D('',#9736,#9737,#9738);
#9736 = CARTESIAN_POINT('',(46.3,166.04070785648,53.381397208143));
#9737 = DIRECTION('',(1.,5.318914247286E-16,6.661338147751E-16));
#9738 = DIRECTION('',(-6.661338147751E-16,7.495338295473E-15,1.));
#9739 = PCURVE('',#477,#9740);
#9740 = DEFINITIONAL_REPRESENTATION('',(#9741),#9745);
#9741 = CIRCLE('',#9742,3.1);
#9742 = AXIS2_PLACEMENT_2D('',#9743,#9744);
#9743 = CARTESIAN_POINT('',(0.,0.));
#9744 = DIRECTION('',(1.,0.));
#9745 = ( GEOMETRIC_REPRESENTATION_CONTEXT(2) 
PARAMETRIC_REPRESENTATION_CONTEXT() REPRESENTATION_CONTEXT('2D SPACE',''
  ) );
#9746 = PCURVE('',#403,#9747);
#9747 = DEFINITIONAL_REPRESENTATION('',(#9748),#9752);
#9748 = LINE('',#9749,#9750);
#9749 = CARTESIAN_POINT('',(0.,0.));
#9750 = VECTOR('',#9751,1.);
#9751 = DIRECTION('',(1.,0.));
#9752 = ( GEOMETRIC_REPRESENTATION_CONTEXT(2) 
PARAMETRIC_REPRESENTATION_CONTEXT() REPRESENTATION_CONTEXT('2D SPACE',''
  ) );
#9753 = ORIENTED_EDGE('',*,*,#462,.T.);
#9754 = FACE_BOUND('',#9755,.T.);
#9755 = EDGE_LOOP('',(#9756,#9757));
#9756 = ORIENTED_EDGE('',*,*,#4343,.T.);
#9757 = ORIENTED_EDGE('',*,*,#3774,.T.);
#9758 = ADVANCED_FACE('',(#9759),#403,.F.);
#9759 = FACE_BOUND('',#9760,.F.);
#9760 = EDGE_LOOP('',(#9761,#9762,#9763,#9764));
#9761 = ORIENTED_EDGE('',*,*,#5980,.F.);
#9762 = ORIENTED_EDGE('',*,*,#380,.F.);
#9763 = ORIENTED_EDGE('',*,*,#9732,.T.);
#9764 = ORIENTED_EDGE('',*,*,#439,.T.);
#9765 = ADVANCED_FACE('',(#9766),#6430,.T.);
#9766 = FACE_BOUND('',#9767,.T.);
#9767 = EDGE_LOOP('',(#9768,#9769,#9791,#9792));
#9768 = ORIENTED_EDGE('',*,*,#7906,.F.);
#9769 = ORIENTED_EDGE('',*,*,#9770,.T.);
#9770 = EDGE_CURVE('',#7879,#6181,#9771,.T.);
#9771 = SURFACE_CURVE('',#9772,(#9777,#9784),.PCURVE_S1.);
#9772 = CIRCLE('',#9773,5.);
#9773 = AXIS2_PLACEMENT_3D('',#9774,#9775,#9776);
#9774 = CARTESIAN_POINT('',(20.5,158.,101.63139720814));
#9775 = DIRECTION('',(-6.661338147751E-16,7.495338295473E-15,1.));
#9776 = DIRECTION('',(5.318914247286E-16,-1.,7.495338295473E-15));
#9777 = PCURVE('',#6430,#9778);
#9778 = DEFINITIONAL_REPRESENTATION('',(#9779),#9783);
#9779 = LINE('',#9780,#9781);
#9780 = CARTESIAN_POINT('',(0.,54.));
#9781 = VECTOR('',#9782,1.);
#9782 = DIRECTION('',(1.,0.));
#9783 = ( GEOMETRIC_REPRESENTATION_CONTEXT(2) 
PARAMETRIC_REPRESENTATION_CONTEXT() REPRESENTATION_CONTEXT('2D SPACE',''
  ) );
#9784 = PCURVE('',#6205,#9785);
#9785 = DEFINITIONAL_REPRESENTATION('',(#9786),#9790);
#9786 = LINE('',#9787,#9788);
#9787 = CARTESIAN_POINT('',(0.,1.));
#9788 = VECTOR('',#9789,1.);
#9789 = DIRECTION('',(1.,0.));
#9790 = ( GEOMETRIC_REPRESENTATION_CONTEXT(2) 
PARAMETRIC_REPRESENTATION_CONTEXT() REPRESENTATION_CONTEXT('2D SPACE',''
  ) );
#9791 = ORIENTED_EDGE('',*,*,#6416,.F.);
#9792 = ORIENTED_EDGE('',*,*,#9793,.T.);
#9793 = EDGE_CURVE('',#6389,#7907,#9794,.T.);
#9794 = SURFACE_CURVE('',#9795,(#9800,#9807),.PCURVE_S1.);
#9795 = CIRCLE('',#9796,5.);
#9796 = AXIS2_PLACEMENT_3D('',#9797,#9798,#9799);
#9797 = CARTESIAN_POINT('',(20.5,158.,162.63139720814));
#9798 = DIRECTION('',(6.661338147751E-16,-7.495338295473E-15,-1.));
#9799 = DIRECTION('',(-5.318914247286E-16,1.,-7.495338295473E-15));
#9800 = PCURVE('',#6430,#9801);
#9801 = DEFINITIONAL_REPRESENTATION('',(#9802),#9806);
#9802 = LINE('',#9803,#9804);
#9803 = CARTESIAN_POINT('',(3.14159265359,115.));
#9804 = VECTOR('',#9805,1.);
#9805 = DIRECTION('',(-1.,0.));
#9806 = ( GEOMETRIC_REPRESENTATION_CONTEXT(2) 
PARAMETRIC_REPRESENTATION_CONTEXT() REPRESENTATION_CONTEXT('2D SPACE',''
  ) );
#9807 = PCURVE('',#6468,#9808);
#9808 = DEFINITIONAL_REPRESENTATION('',(#9809),#9813);
#9809 = LINE('',#9810,#9811);
#9810 = CARTESIAN_POINT('',(0.,1.));
#9811 = VECTOR('',#9812,1.);
#9812 = DIRECTION('',(1.,0.));
#9813 = ( GEOMETRIC_REPRESENTATION_CONTEXT(2) 
PARAMETRIC_REPRESENTATION_CONTEXT() REPRESENTATION_CONTEXT('2D SPACE',''
  ) );
#9814 = ADVANCED_FACE('',(#9815),#6376,.T.);
#9815 = FACE_BOUND('',#9816,.T.);
#9816 = EDGE_LOOP('',(#9817,#9818,#9840,#9841));
#9817 = ORIENTED_EDGE('',*,*,#6360,.F.);
#9818 = ORIENTED_EDGE('',*,*,#9819,.T.);
#9819 = EDGE_CURVE('',#6309,#8432,#9820,.T.);
#9820 = SURFACE_CURVE('',#9821,(#9826,#9833),.PCURVE_S1.);
#9821 = CIRCLE('',#9822,5.);
#9822 = AXIS2_PLACEMENT_3D('',#9823,#9824,#9825);
#9823 = CARTESIAN_POINT('',(20.5,194.,101.63139720814));
#9824 = DIRECTION('',(-6.661338147751E-16,7.495338295473E-15,1.));
#9825 = DIRECTION('',(5.318914247286E-16,-1.,7.495338295473E-15));
#9826 = PCURVE('',#6376,#9827);
#9827 = DEFINITIONAL_REPRESENTATION('',(#9828),#9832);
#9828 = LINE('',#9829,#9830);
#9829 = CARTESIAN_POINT('',(0.,54.));
#9830 = VECTOR('',#9831,1.);
#9831 = DIRECTION('',(1.,0.));
#9832 = ( GEOMETRIC_REPRESENTATION_CONTEXT(2) 
PARAMETRIC_REPRESENTATION_CONTEXT() REPRESENTATION_CONTEXT('2D SPACE',''
  ) );
#9833 = PCURVE('',#6326,#9834);
#9834 = DEFINITIONAL_REPRESENTATION('',(#9835),#9839);
#9835 = LINE('',#9836,#9837);
#9836 = CARTESIAN_POINT('',(0.,1.));
#9837 = VECTOR('',#9838,1.);
#9838 = DIRECTION('',(1.,0.));
#9839 = ( GEOMETRIC_REPRESENTATION_CONTEXT(2) 
PARAMETRIC_REPRESENTATION_CONTEXT() REPRESENTATION_CONTEXT('2D SPACE',''
  ) );
#9840 = ORIENTED_EDGE('',*,*,#8429,.F.);
#9841 = ORIENTED_EDGE('',*,*,#9842,.T.);
#9842 = EDGE_CURVE('',#8430,#6361,#9843,.T.);
#9843 = SURFACE_CURVE('',#9844,(#9849,#9856),.PCURVE_S1.);
#9844 = CIRCLE('',#9845,5.);
#9845 = AXIS2_PLACEMENT_3D('',#9846,#9847,#9848);
#9846 = CARTESIAN_POINT('',(20.5,194.,162.63139720814));
#9847 = DIRECTION('',(6.661338147751E-16,-7.495338295473E-15,-1.));
#9848 = DIRECTION('',(-5.318914247286E-16,1.,-7.495338295473E-15));
#9849 = PCURVE('',#6376,#9850);
#9850 = DEFINITIONAL_REPRESENTATION('',(#9851),#9855);
#9851 = LINE('',#9852,#9853);
#9852 = CARTESIAN_POINT('',(3.14159265359,115.));
#9853 = VECTOR('',#9854,1.);
#9854 = DIRECTION('',(-1.,0.));
#9855 = ( GEOMETRIC_REPRESENTATION_CONTEXT(2) 
PARAMETRIC_REPRESENTATION_CONTEXT() REPRESENTATION_CONTEXT('2D SPACE',''
  ) );
#9856 = PCURVE('',#6524,#9857);
#9857 = DEFINITIONAL_REPRESENTATION('',(#9858),#9862);
#9858 = LINE('',#9859,#9860);
#9859 = CARTESIAN_POINT('',(0.,1.));
#9860 = VECTOR('',#9861,1.);
#9861 = DIRECTION('',(1.,0.));
#9862 = ( GEOMETRIC_REPRESENTATION_CONTEXT(2) 
PARAMETRIC_REPRESENTATION_CONTEXT() REPRESENTATION_CONTEXT('2D SPACE',''
  ) );
#9863 = ADVANCED_FACE('',(#9864),#8342,.T.);
#9864 = FACE_BOUND('',#9865,.T.);
#9865 = EDGE_LOOP('',(#9866,#9867,#9889,#9890,#9912,#9913,#9914,#9915));
#9866 = ORIENTED_EDGE('',*,*,#8589,.F.);
#9867 = ORIENTED_EDGE('',*,*,#9868,.T.);
#9868 = EDGE_CURVE('',#8562,#8996,#9869,.T.);
#9869 = SURFACE_CURVE('',#9870,(#9875,#9882),.PCURVE_S1.);
#9870 = CIRCLE('',#9871,5.);
#9871 = AXIS2_PLACEMENT_3D('',#9872,#9873,#9874);
#9872 = CARTESIAN_POINT('',(-19.5,194.,134.63139720814));
#9873 = DIRECTION('',(-6.661338147751E-16,7.495338295473E-15,1.));
#9874 = DIRECTION('',(5.318914247286E-16,-1.,7.495338295473E-15));
#9875 = PCURVE('',#8342,#9876);
#9876 = DEFINITIONAL_REPRESENTATION('',(#9877),#9881);
#9877 = LINE('',#9878,#9879);
#9878 = CARTESIAN_POINT('',(9.424777960769,-87.));
#9879 = VECTOR('',#9880,1.);
#9880 = DIRECTION('',(-1.,0.));
#9881 = ( GEOMETRIC_REPRESENTATION_CONTEXT(2) 
PARAMETRIC_REPRESENTATION_CONTEXT() REPRESENTATION_CONTEXT('2D SPACE',''
  ) );
#9882 = PCURVE('',#8870,#9883);
#9883 = DEFINITIONAL_REPRESENTATION('',(#9884),#9888);
#9884 = LINE('',#9885,#9886);
#9885 = CARTESIAN_POINT('',(0.,1.));
#9886 = VECTOR('',#9887,1.);
#9887 = DIRECTION('',(1.,2.199014188015E-15));
#9888 = ( GEOMETRIC_REPRESENTATION_CONTEXT(2) 
PARAMETRIC_REPRESENTATION_CONTEXT() REPRESENTATION_CONTEXT('2D SPACE',''
  ) );
#9889 = ORIENTED_EDGE('',*,*,#8993,.F.);
#9890 = ORIENTED_EDGE('',*,*,#9891,.T.);
#9891 = EDGE_CURVE('',#8994,#8635,#9892,.T.);
#9892 = SURFACE_CURVE('',#9893,(#9898,#9905),.PCURVE_S1.);
#9893 = CIRCLE('',#9894,5.);
#9894 = AXIS2_PLACEMENT_3D('',#9895,#9896,#9897);
#9895 = CARTESIAN_POINT('',(-19.5,194.,162.63139720814));
#9896 = DIRECTION('',(6.661338147751E-16,-7.495338295473E-15,-1.));
#9897 = DIRECTION('',(-5.318914247286E-16,1.,-7.495338295473E-15));
#9898 = PCURVE('',#8342,#9899);
#9899 = DEFINITIONAL_REPRESENTATION('',(#9900),#9904);
#9900 = LINE('',#9901,#9902);
#9901 = CARTESIAN_POINT('',(0.,-115.));
#9902 = VECTOR('',#9903,1.);
#9903 = DIRECTION('',(1.,0.));
#9904 = ( GEOMETRIC_REPRESENTATION_CONTEXT(2) 
PARAMETRIC_REPRESENTATION_CONTEXT() REPRESENTATION_CONTEXT('2D SPACE',''
  ) );
#9905 = PCURVE('',#6585,#9906);
#9906 = DEFINITIONAL_REPRESENTATION('',(#9907),#9911);
#9907 = LINE('',#9908,#9909);
#9908 = CARTESIAN_POINT('',(0.,1.));
#9909 = VECTOR('',#9910,1.);
#9910 = DIRECTION('',(1.,-2.29896937838E-15));
#9911 = ( GEOMETRIC_REPRESENTATION_CONTEXT(2) 
PARAMETRIC_REPRESENTATION_CONTEXT() REPRESENTATION_CONTEXT('2D SPACE',''
  ) );
#9912 = ORIENTED_EDGE('',*,*,#8634,.F.);
#9913 = ORIENTED_EDGE('',*,*,#8324,.F.);
#9914 = ORIENTED_EDGE('',*,*,#8751,.F.);
#9915 = ORIENTED_EDGE('',*,*,#9094,.F.);
#9916 = ADVANCED_FACE('',(#9917),#4950,.T.);
#9917 = FACE_BOUND('',#9918,.T.);
#9918 = EDGE_LOOP('',(#9919,#9920,#9942,#9943,#9944,#9945,#9946,#9947));
#9919 = ORIENTED_EDGE('',*,*,#9046,.F.);
#9920 = ORIENTED_EDGE('',*,*,#9921,.T.);
#9921 = EDGE_CURVE('',#9024,#7998,#9922,.T.);
#9922 = SURFACE_CURVE('',#9923,(#9928,#9935),.PCURVE_S1.);
#9923 = CIRCLE('',#9924,5.);
#9924 = AXIS2_PLACEMENT_3D('',#9925,#9926,#9927);
#9925 = CARTESIAN_POINT('',(-19.5,158.,134.63139720814));
#9926 = DIRECTION('',(-6.661338147751E-16,7.495338295473E-15,1.));
#9927 = DIRECTION('',(5.318914247286E-16,-1.,7.495338295473E-15));
#9928 = PCURVE('',#4950,#9929);
#9929 = DEFINITIONAL_REPRESENTATION('',(#9930),#9934);
#9930 = LINE('',#9931,#9932);
#9931 = CARTESIAN_POINT('',(9.424777960769,-87.));
#9932 = VECTOR('',#9933,1.);
#9933 = DIRECTION('',(-1.,0.));
#9934 = ( GEOMETRIC_REPRESENTATION_CONTEXT(2) 
PARAMETRIC_REPRESENTATION_CONTEXT() REPRESENTATION_CONTEXT('2D SPACE',''
  ) );
#9935 = PCURVE('',#8952,#9936);
#9936 = DEFINITIONAL_REPRESENTATION('',(#9937),#9941);
#9937 = LINE('',#9938,#9939);
#9938 = CARTESIAN_POINT('',(0.,1.));
#9939 = VECTOR('',#9940,1.);
#9940 = DIRECTION('',(1.,-2.199014188015E-15));
#9941 = ( GEOMETRIC_REPRESENTATION_CONTEXT(2) 
PARAMETRIC_REPRESENTATION_CONTEXT() REPRESENTATION_CONTEXT('2D SPACE',''
  ) );
#9942 = ORIENTED_EDGE('',*,*,#7997,.F.);
#9943 = ORIENTED_EDGE('',*,*,#9123,.F.);
#9944 = ORIENTED_EDGE('',*,*,#8777,.F.);
#9945 = ORIENTED_EDGE('',*,*,#4932,.F.);
#9946 = ORIENTED_EDGE('',*,*,#7952,.F.);
#9947 = ORIENTED_EDGE('',*,*,#9948,.T.);
#9948 = EDGE_CURVE('',#7930,#9047,#9949,.T.);
#9949 = SURFACE_CURVE('',#9950,(#9955,#9962),.PCURVE_S1.);
#9950 = CIRCLE('',#9951,5.);
#9951 = AXIS2_PLACEMENT_3D('',#9952,#9953,#9954);
#9952 = CARTESIAN_POINT('',(-19.5,158.,162.63139720814));
#9953 = DIRECTION('',(6.661338147751E-16,-7.495338295473E-15,-1.));
#9954 = DIRECTION('',(-5.318914247286E-16,1.,-7.495338295473E-15));
#9955 = PCURVE('',#4950,#9956);
#9956 = DEFINITIONAL_REPRESENTATION('',(#9957),#9961);
#9957 = LINE('',#9958,#9959);
#9958 = CARTESIAN_POINT('',(0.,-115.));
#9959 = VECTOR('',#9960,1.);
#9960 = DIRECTION('',(1.,0.));
#9961 = ( GEOMETRIC_REPRESENTATION_CONTEXT(2) 
PARAMETRIC_REPRESENTATION_CONTEXT() REPRESENTATION_CONTEXT('2D SPACE',''
  ) );
#9962 = PCURVE('',#6646,#9963);
#9963 = DEFINITIONAL_REPRESENTATION('',(#9964),#9968);
#9964 = LINE('',#9965,#9966);
#9965 = CARTESIAN_POINT('',(0.,1.));
#9966 = VECTOR('',#9967,1.);
#9967 = DIRECTION('',(1.,2.199014188015E-15));
#9968 = ( GEOMETRIC_REPRESENTATION_CONTEXT(2) 
PARAMETRIC_REPRESENTATION_CONTEXT() REPRESENTATION_CONTEXT('2D SPACE',''
  ) );
#9969 = ADVANCED_FACE('',(#9970),#7866,.F.);
#9970 = FACE_BOUND('',#9971,.T.);
#9971 = EDGE_LOOP('',(#9972,#9973,#9994,#9995));
#9972 = ORIENTED_EDGE('',*,*,#9521,.F.);
#9973 = ORIENTED_EDGE('',*,*,#9974,.T.);
#9974 = EDGE_CURVE('',#9380,#7851,#9975,.T.);
#9975 = SURFACE_CURVE('',#9976,(#9980,#9987),.PCURVE_S1.);
#9976 = LINE('',#9977,#9978);
#9977 = CARTESIAN_POINT('',(14.635557281352,163.32959002237,
    91.30180718577));
#9978 = VECTOR('',#9979,1.);
#9979 = DIRECTION('',(0.281084637715,-0.678598344546,0.678598344546));
#9980 = PCURVE('',#7866,#9981);
#9981 = DEFINITIONAL_REPRESENTATION('',(#9982),#9986);
#9982 = LINE('',#9983,#9984);
#9983 = CARTESIAN_POINT('',(-49.87567265153,14.608246303394));
#9984 = VECTOR('',#9985,1.);
#9985 = DIRECTION('',(-0.281084637715,-0.959682982261));
#9986 = ( GEOMETRIC_REPRESENTATION_CONTEXT(2) 
PARAMETRIC_REPRESENTATION_CONTEXT() REPRESENTATION_CONTEXT('2D SPACE',''
  ) );
#9987 = PCURVE('',#7894,#9988);
#9988 = DEFINITIONAL_REPRESENTATION('',(#9989),#9993);
#9989 = LINE('',#9990,#9991);
#9990 = CARTESIAN_POINT('',(-1.135557281353,-13.19403274102));
#9991 = VECTOR('',#9992,1.);
#9992 = DIRECTION('',(-0.281084637715,0.959682982261));
#9993 = ( GEOMETRIC_REPRESENTATION_CONTEXT(2) 
PARAMETRIC_REPRESENTATION_CONTEXT() REPRESENTATION_CONTEXT('2D SPACE',''
  ) );
#9994 = ORIENTED_EDGE('',*,*,#7848,.F.);
#9995 = ORIENTED_EDGE('',*,*,#9996,.F.);
#9996 = EDGE_CURVE('',#9472,#7849,#9997,.T.);
#9997 = SURFACE_CURVE('',#9998,(#10002,#10009),.PCURVE_S1.);
#9998 = LINE('',#9999,#10000);
#9999 = CARTESIAN_POINT('',(15.788922837966,151.71107716203,
    106.57950009085));
#10000 = VECTOR('',#10001,1.);
#10001 = DIRECTION('',(0.678598344546,-0.678598344546,0.281084637715));
#10002 = PCURVE('',#7866,#10003);
#10003 = DEFINITIONAL_REPRESENTATION('',(#10004),#10008);
#10004 = LINE('',#10005,#10006);
#10005 = CARTESIAN_POINT('',(-59.86308029933,-1.822812158305));
#10006 = VECTOR('',#10007,1.);
#10007 = DIRECTION('',(0.281084637715,-0.959682982261));
#10008 = ( GEOMETRIC_REPRESENTATION_CONTEXT(2) 
PARAMETRIC_REPRESENTATION_CONTEXT() REPRESENTATION_CONTEXT('2D SPACE',''
  ) );
#10009 = PCURVE('',#8085,#10010);
#10010 = DEFINITIONAL_REPRESENTATION('',(#10011),#10015);
#10011 = LINE('',#10012,#10013);
#10012 = CARTESIAN_POINT('',(-11.05189711728,3.237025720678));
#10013 = VECTOR('',#10014,1.);
#10014 = DIRECTION('',(0.281084637715,0.959682982261));
#10015 = ( GEOMETRIC_REPRESENTATION_CONTEXT(2) 
PARAMETRIC_REPRESENTATION_CONTEXT() REPRESENTATION_CONTEXT('2D SPACE',''
  ) );
#10016 = ADVANCED_FACE('',(#10017),#8085,.F.);
#10017 = FACE_BOUND('',#10018,.T.);
#10018 = EDGE_LOOP('',(#10019,#10020,#10021,#10042));
#10019 = ORIENTED_EDGE('',*,*,#9996,.T.);
#10020 = ORIENTED_EDGE('',*,*,#8071,.F.);
#10021 = ORIENTED_EDGE('',*,*,#10022,.F.);
#10022 = EDGE_CURVE('',#7773,#8049,#10023,.T.);
#10023 = SURFACE_CURVE('',#10024,(#10028,#10035),.PCURVE_S1.);
#10024 = LINE('',#10025,#10026);
#10025 = CARTESIAN_POINT('',(13.5,154.,117.63139720814));
#10026 = VECTOR('',#10027,1.);
#10027 = DIRECTION('',(0.678598344546,-0.678598344546,0.281084637715));
#10028 = PCURVE('',#8085,#10029);
#10029 = DEFINITIONAL_REPRESENTATION('',(#10030),#10034);
#10030 = LINE('',#10031,#10032);
#10031 = CARTESIAN_POINT('',(0.,0.));
#10032 = VECTOR('',#10033,1.);
#10033 = DIRECTION('',(0.281084637715,0.959682982261));
#10034 = ( GEOMETRIC_REPRESENTATION_CONTEXT(2) 
PARAMETRIC_REPRESENTATION_CONTEXT() REPRESENTATION_CONTEXT('2D SPACE',''
  ) );
#10035 = PCURVE('',#7811,#10036);
#10036 = DEFINITIONAL_REPRESENTATION('',(#10037),#10041);
#10037 = LINE('',#10038,#10039);
#10038 = CARTESIAN_POINT('',(-69.29646455628,1.414213562373));
#10039 = VECTOR('',#10040,1.);
#10040 = DIRECTION('',(0.281084637715,-0.959682982261));
#10041 = ( GEOMETRIC_REPRESENTATION_CONTEXT(2) 
PARAMETRIC_REPRESENTATION_CONTEXT() REPRESENTATION_CONTEXT('2D SPACE',''
  ) );
#10042 = ORIENTED_EDGE('',*,*,#9494,.F.);
#10043 = ADVANCED_FACE('',(#10044),#7811,.F.);
#10044 = FACE_BOUND('',#10045,.T.);
#10045 = EDGE_LOOP('',(#10046,#10047,#10048,#10069));
#10046 = ORIENTED_EDGE('',*,*,#10022,.T.);
#10047 = ORIENTED_EDGE('',*,*,#8048,.F.);
#10048 = ORIENTED_EDGE('',*,*,#10049,.F.);
#10049 = EDGE_CURVE('',#7796,#8021,#10050,.T.);
#10050 = SURFACE_CURVE('',#10051,(#10055,#10062),.PCURVE_S1.);
#10051 = LINE('',#10052,#10053);
#10052 = CARTESIAN_POINT('',(-9.381287617972,170.61289789389,
    117.01849931424));
#10053 = VECTOR('',#10054,1.);
#10054 = DIRECTION('',(0.281084637715,-0.678598344546,0.678598344546));
#10055 = PCURVE('',#7811,#10056);
#10056 = DEFINITIONAL_REPRESENTATION('',(#10057),#10061);
#10057 = LINE('',#10058,#10059);
#10058 = CARTESIAN_POINT('',(-85.04259393627,24.908399074243));
#10059 = VECTOR('',#10060,1.);
#10060 = DIRECTION('',(-0.281084637715,-0.959682982261));
#10061 = ( GEOMETRIC_REPRESENTATION_CONTEXT(2) 
PARAMETRIC_REPRESENTATION_CONTEXT() REPRESENTATION_CONTEXT('2D SPACE',''
  ) );
#10062 = PCURVE('',#8036,#10063);
#10063 = DEFINITIONAL_REPRESENTATION('',(#10064),#10068);
#10064 = LINE('',#10065,#10066);
#10065 = CARTESIAN_POINT('',(-50.88128761797,24.908399074243));
#10066 = VECTOR('',#10067,1.);
#10067 = DIRECTION('',(0.281084637715,-0.959682982261));
#10068 = ( GEOMETRIC_REPRESENTATION_CONTEXT(2) 
PARAMETRIC_REPRESENTATION_CONTEXT() REPRESENTATION_CONTEXT('2D SPACE',''
  ) );
#10069 = ORIENTED_EDGE('',*,*,#7795,.F.);
#10070 = ADVANCED_FACE('',(#10071),#8036,.F.);
#10071 = FACE_BOUND('',#10072,.T.);
#10072 = EDGE_LOOP('',(#10073,#10074,#10075,#10096));
#10073 = ORIENTED_EDGE('',*,*,#10049,.T.);
#10074 = ORIENTED_EDGE('',*,*,#8020,.F.);
#10075 = ORIENTED_EDGE('',*,*,#10076,.F.);
#10076 = EDGE_CURVE('',#8909,#7998,#10077,.T.);
#10077 = SURFACE_CURVE('',#10078,(#10082,#10089),.PCURVE_S1.);
#10078 = LINE('',#10079,#10080);
#10079 = CARTESIAN_POINT('',(-19.5,154.,133.63139720814));
#10080 = VECTOR('',#10081,1.);
#10081 = DIRECTION('',(-9.492370432457E-17,-0.707106781187,
    0.707106781187));
#10082 = PCURVE('',#8036,#10083);
#10083 = DEFINITIONAL_REPRESENTATION('',(#10084),#10088);
#10084 = LINE('',#10085,#10086);
#10085 = CARTESIAN_POINT('',(-61.,1.414213562373));
#10086 = VECTOR('',#10087,1.);
#10087 = DIRECTION('',(0.,-1.));
#10088 = ( GEOMETRIC_REPRESENTATION_CONTEXT(2) 
PARAMETRIC_REPRESENTATION_CONTEXT() REPRESENTATION_CONTEXT('2D SPACE',''
  ) );
#10089 = PCURVE('',#8952,#10090);
#10090 = DEFINITIONAL_REPRESENTATION('',(#10091),#10095);
#10091 = LINE('',#10092,#10093);
#10092 = CARTESIAN_POINT('',(6.28318530718,5.329070518201E-15));
#10093 = VECTOR('',#10094,1.);
#10094 = DIRECTION('',(0.,1.));
#10095 = ( GEOMETRIC_REPRESENTATION_CONTEXT(2) 
PARAMETRIC_REPRESENTATION_CONTEXT() REPRESENTATION_CONTEXT('2D SPACE',''
  ) );
#10096 = ORIENTED_EDGE('',*,*,#8908,.F.);
#10097 = ADVANCED_FACE('',(#10098),#8952,.T.);
#10098 = FACE_BOUND('',#10099,.T.);
#10099 = EDGE_LOOP('',(#10100,#10101,#10102,#10123));
#10100 = ORIENTED_EDGE('',*,*,#10076,.T.);
#10101 = ORIENTED_EDGE('',*,*,#9921,.F.);
#10102 = ORIENTED_EDGE('',*,*,#10103,.F.);
#10103 = EDGE_CURVE('',#8932,#9024,#10104,.T.);
#10104 = SURFACE_CURVE('',#10105,(#10109,#10116),.PCURVE_S1.);
#10105 = LINE('',#10106,#10107);
#10106 = CARTESIAN_POINT('',(-23.5,158.,133.63139720814));
#10107 = VECTOR('',#10108,1.);
#10108 = DIRECTION('',(-0.707106781187,4.923900502736E-15,0.707106781187
    ));
#10109 = PCURVE('',#8952,#10110);
#10110 = DEFINITIONAL_REPRESENTATION('',(#10111),#10115);
#10111 = LINE('',#10112,#10113);
#10112 = CARTESIAN_POINT('',(4.712388980385,-1.7763568394E-15));
#10113 = VECTOR('',#10114,1.);
#10114 = DIRECTION('',(0.,1.));
#10115 = ( GEOMETRIC_REPRESENTATION_CONTEXT(2) 
PARAMETRIC_REPRESENTATION_CONTEXT() REPRESENTATION_CONTEXT('2D SPACE',''
  ) );
#10116 = PCURVE('',#8978,#10117);
#10117 = DEFINITIONAL_REPRESENTATION('',(#10118),#10122);
#10118 = LINE('',#10119,#10120);
#10119 = CARTESIAN_POINT('',(-18.,1.414213562373));
#10120 = VECTOR('',#10121,1.);
#10121 = DIRECTION('',(0.,-1.));
#10122 = ( GEOMETRIC_REPRESENTATION_CONTEXT(2) 
PARAMETRIC_REPRESENTATION_CONTEXT() REPRESENTATION_CONTEXT('2D SPACE',''
  ) );
#10123 = ORIENTED_EDGE('',*,*,#8931,.F.);
#10124 = ADVANCED_FACE('',(#10125),#8978,.T.);
#10125 = FACE_BOUND('',#10126,.T.);
#10126 = EDGE_LOOP('',(#10127,#10128,#10129,#10150));
#10127 = ORIENTED_EDGE('',*,*,#10103,.T.);
#10128 = ORIENTED_EDGE('',*,*,#9023,.F.);
#10129 = ORIENTED_EDGE('',*,*,#10130,.F.);
#10130 = EDGE_CURVE('',#8848,#8996,#10131,.T.);
#10131 = SURFACE_CURVE('',#10132,(#10136,#10143),.PCURVE_S1.);
#10132 = LINE('',#10133,#10134);
#10133 = CARTESIAN_POINT('',(-23.5,194.,133.63139720814));
#10134 = VECTOR('',#10135,1.);
#10135 = DIRECTION('',(-0.707106781187,4.923900502736E-15,0.707106781187
    ));
#10136 = PCURVE('',#8978,#10137);
#10137 = DEFINITIONAL_REPRESENTATION('',(#10138),#10142);
#10138 = LINE('',#10139,#10140);
#10139 = CARTESIAN_POINT('',(18.,1.414213562373));
#10140 = VECTOR('',#10141,1.);
#10141 = DIRECTION('',(0.,-1.));
#10142 = ( GEOMETRIC_REPRESENTATION_CONTEXT(2) 
PARAMETRIC_REPRESENTATION_CONTEXT() REPRESENTATION_CONTEXT('2D SPACE',''
  ) );
#10143 = PCURVE('',#8870,#10144);
#10144 = DEFINITIONAL_REPRESENTATION('',(#10145),#10149);
#10145 = LINE('',#10146,#10147);
#10146 = CARTESIAN_POINT('',(4.712388980385,-3.552713678801E-15));
#10147 = VECTOR('',#10148,1.);
#10148 = DIRECTION('',(0.,1.));
#10149 = ( GEOMETRIC_REPRESENTATION_CONTEXT(2) 
PARAMETRIC_REPRESENTATION_CONTEXT() REPRESENTATION_CONTEXT('2D SPACE',''
  ) );
#10150 = ORIENTED_EDGE('',*,*,#8964,.F.);
#10151 = ADVANCED_FACE('',(#10152),#8870,.T.);
#10152 = FACE_BOUND('',#10153,.T.);
#10153 = EDGE_LOOP('',(#10154,#10155,#10156,#10177));
#10154 = ORIENTED_EDGE('',*,*,#10130,.T.);
#10155 = ORIENTED_EDGE('',*,*,#9868,.F.);
#10156 = ORIENTED_EDGE('',*,*,#10157,.F.);
#10157 = EDGE_CURVE('',#8850,#8562,#10158,.T.);
#10158 = SURFACE_CURVE('',#10159,(#10163,#10170),.PCURVE_S1.);
#10159 = LINE('',#10160,#10161);
#10160 = CARTESIAN_POINT('',(-19.5,198.,133.63139720814));
#10161 = VECTOR('',#10162,1.);
#10162 = DIRECTION('',(-8.471317708857E-16,0.707106781187,0.707106781187
    ));
#10163 = PCURVE('',#8870,#10164);
#10164 = DEFINITIONAL_REPRESENTATION('',(#10165),#10169);
#10165 = LINE('',#10166,#10167);
#10166 = CARTESIAN_POINT('',(3.14159265359,0.));
#10167 = VECTOR('',#10168,1.);
#10168 = DIRECTION('',(0.,1.));
#10169 = ( GEOMETRIC_REPRESENTATION_CONTEXT(2) 
PARAMETRIC_REPRESENTATION_CONTEXT() REPRESENTATION_CONTEXT('2D SPACE',''
  ) );
#10170 = PCURVE('',#8577,#10171);
#10171 = DEFINITIONAL_REPRESENTATION('',(#10172),#10176);
#10172 = LINE('',#10173,#10174);
#10173 = CARTESIAN_POINT('',(-5.,0.));
#10174 = VECTOR('',#10175,1.);
#10175 = DIRECTION('',(0.,1.));
#10176 = ( GEOMETRIC_REPRESENTATION_CONTEXT(2) 
PARAMETRIC_REPRESENTATION_CONTEXT() REPRESENTATION_CONTEXT('2D SPACE',''
  ) );
#10177 = ORIENTED_EDGE('',*,*,#8847,.F.);
#10178 = ADVANCED_FACE('',(#10179),#8577,.T.);
#10179 = FACE_BOUND('',#10180,.T.);
#10180 = EDGE_LOOP('',(#10181,#10182,#10183,#10204));
#10181 = ORIENTED_EDGE('',*,*,#10157,.T.);
#10182 = ORIENTED_EDGE('',*,*,#8561,.F.);
#10183 = ORIENTED_EDGE('',*,*,#10184,.F.);
#10184 = EDGE_CURVE('',#5072,#8539,#10185,.T.);
#10185 = SURFACE_CURVE('',#10186,(#10190,#10197),.PCURVE_S1.);
#10186 = LINE('',#10187,#10188);
#10187 = CARTESIAN_POINT('',(-9.381287617972,181.3871021061,
    117.01849931424));
#10188 = VECTOR('',#10189,1.);
#10189 = DIRECTION('',(0.281084637715,0.678598344546,0.678598344546));
#10190 = PCURVE('',#8577,#10191);
#10191 = DEFINITIONAL_REPRESENTATION('',(#10192),#10196);
#10192 = LINE('',#10193,#10194);
#10193 = CARTESIAN_POINT('',(-15.11871238202,-23.49418551187));
#10194 = VECTOR('',#10195,1.);
#10195 = DIRECTION('',(-0.281084637715,0.959682982261));
#10196 = ( GEOMETRIC_REPRESENTATION_CONTEXT(2) 
PARAMETRIC_REPRESENTATION_CONTEXT() REPRESENTATION_CONTEXT('2D SPACE',''
  ) );
#10197 = PCURVE('',#5120,#10198);
#10198 = DEFINITIONAL_REPRESENTATION('',(#10199),#10203);
#10199 = LINE('',#10200,#10201);
#10200 = CARTESIAN_POINT('',(-85.04259393627,24.908399074243));
#10201 = VECTOR('',#10202,1.);
#10202 = DIRECTION('',(-0.281084637715,-0.959682982261));
#10203 = ( GEOMETRIC_REPRESENTATION_CONTEXT(2) 
PARAMETRIC_REPRESENTATION_CONTEXT() REPRESENTATION_CONTEXT('2D SPACE',''
  ) );
#10204 = ORIENTED_EDGE('',*,*,#8882,.F.);
#10205 = ADVANCED_FACE('',(#10206),#5120,.T.);
#10206 = FACE_BOUND('',#10207,.T.);
#10207 = EDGE_LOOP('',(#10208,#10209,#10210,#10231));
#10208 = ORIENTED_EDGE('',*,*,#10184,.T.);
#10209 = ORIENTED_EDGE('',*,*,#8538,.F.);
#10210 = ORIENTED_EDGE('',*,*,#10211,.F.);
#10211 = EDGE_CURVE('',#5105,#8511,#10212,.T.);
#10212 = SURFACE_CURVE('',#10213,(#10217,#10224),.PCURVE_S1.);
#10213 = LINE('',#10214,#10215);
#10214 = CARTESIAN_POINT('',(1.068941538303,185.5689415383,
    112.48228419865));
#10215 = VECTOR('',#10216,1.);
#10216 = DIRECTION('',(0.678598344546,0.678598344546,0.281084637715));
#10217 = PCURVE('',#5120,#10218);
#10218 = DEFINITIONAL_REPRESENTATION('',(#10219),#10223);
#10219 = LINE('',#10220,#10221);
#10220 = CARTESIAN_POINT('',(-74.44557756577,18.994385033558));
#10221 = VECTOR('',#10222,1.);
#10222 = DIRECTION('',(0.281084637715,-0.959682982261));
#10223 = ( GEOMETRIC_REPRESENTATION_CONTEXT(2) 
PARAMETRIC_REPRESENTATION_CONTEXT() REPRESENTATION_CONTEXT('2D SPACE',''
  ) );
#10224 = PCURVE('',#8526,#10225);
#10225 = DEFINITIONAL_REPRESENTATION('',(#10226),#10230);
#10226 = LINE('',#10227,#10228);
#10227 = CARTESIAN_POINT('',(-64.85088699051,18.994385033558));
#10228 = VECTOR('',#10229,1.);
#10229 = DIRECTION('',(-0.281084637715,-0.959682982261));
#10230 = ( GEOMETRIC_REPRESENTATION_CONTEXT(2) 
PARAMETRIC_REPRESENTATION_CONTEXT() REPRESENTATION_CONTEXT('2D SPACE',''
  ) );
#10231 = ORIENTED_EDGE('',*,*,#5104,.F.);
#10232 = ADVANCED_FACE('',(#10233),#8526,.T.);
#10233 = FACE_BOUND('',#10234,.T.);
#10234 = EDGE_LOOP('',(#10235,#10236,#10237,#10258));
#10235 = ORIENTED_EDGE('',*,*,#10211,.T.);
#10236 = ORIENTED_EDGE('',*,*,#8510,.F.);
#10237 = ORIENTED_EDGE('',*,*,#10238,.F.);
#10238 = EDGE_CURVE('',#9275,#8483,#10239,.T.);
#10239 = SURFACE_CURVE('',#10240,(#10244,#10251),.PCURVE_S1.);
#10240 = LINE('',#10241,#10242);
#10241 = CARTESIAN_POINT('',(3.357864376269,187.85786437627,
    101.43038708136));
#10242 = VECTOR('',#10243,1.);
#10243 = DIRECTION('',(0.678598344546,0.678598344546,0.281084637715));
#10244 = PCURVE('',#8526,#10245);
#10245 = DEFINITIONAL_REPRESENTATION('',(#10246),#10250);
#10246 = LINE('',#10247,#10248);
#10247 = CARTESIAN_POINT('',(-53.79898987322,15.757359312881));
#10248 = VECTOR('',#10249,1.);
#10249 = DIRECTION('',(-0.281084637715,-0.959682982261));
#10250 = ( GEOMETRIC_REPRESENTATION_CONTEXT(2) 
PARAMETRIC_REPRESENTATION_CONTEXT() REPRESENTATION_CONTEXT('2D SPACE',''
  ) );
#10251 = PCURVE('',#8498,#10252);
#10252 = DEFINITIONAL_REPRESENTATION('',(#10253),#10257);
#10253 = LINE('',#10254,#10255);
#10254 = CARTESIAN_POINT('',(-65.01219330882,15.757359312881));
#10255 = VECTOR('',#10256,1.);
#10256 = DIRECTION('',(0.281084637715,-0.959682982261));
#10257 = ( GEOMETRIC_REPRESENTATION_CONTEXT(2) 
PARAMETRIC_REPRESENTATION_CONTEXT() REPRESENTATION_CONTEXT('2D SPACE',''
  ) );
#10258 = ORIENTED_EDGE('',*,*,#9274,.F.);
#10259 = ADVANCED_FACE('',(#10260),#8498,.T.);
#10260 = FACE_BOUND('',#10261,.T.);
#10261 = EDGE_LOOP('',(#10262,#10263,#10284,#10285));
#10262 = ORIENTED_EDGE('',*,*,#8482,.F.);
#10263 = ORIENTED_EDGE('',*,*,#10264,.T.);
#10264 = EDGE_CURVE('',#8455,#9152,#10265,.T.);
#10265 = SURFACE_CURVE('',#10266,(#10270,#10277),.PCURVE_S1.);
#10266 = LINE('',#10267,#10268);
#10267 = CARTESIAN_POINT('',(14.635557281353,188.67040997762,
    91.30180718577));
#10268 = VECTOR('',#10269,1.);
#10269 = DIRECTION('',(-0.281084637715,-0.678598344546,-0.678598344546)
  );
#10270 = PCURVE('',#8498,#10271);
#10271 = DEFINITIONAL_REPRESENTATION('',(#10272),#10276);
#10272 = LINE('',#10273,#10274);
#10273 = CARTESIAN_POINT('',(-49.87567265153,14.608246303393));
#10274 = VECTOR('',#10275,1.);
#10275 = DIRECTION('',(0.281084637715,0.959682982261));
#10276 = ( GEOMETRIC_REPRESENTATION_CONTEXT(2) 
PARAMETRIC_REPRESENTATION_CONTEXT() REPRESENTATION_CONTEXT('2D SPACE',''
  ) );
#10277 = PCURVE('',#8470,#10278);
#10278 = DEFINITIONAL_REPRESENTATION('',(#10279),#10283);
#10279 = LINE('',#10280,#10281);
#10280 = CARTESIAN_POINT('',(-26.86444271864,14.608246303394));
#10281 = VECTOR('',#10282,1.);
#10282 = DIRECTION('',(-0.281084637715,0.959682982261));
#10283 = ( GEOMETRIC_REPRESENTATION_CONTEXT(2) 
PARAMETRIC_REPRESENTATION_CONTEXT() REPRESENTATION_CONTEXT('2D SPACE',''
  ) );
#10284 = ORIENTED_EDGE('',*,*,#9323,.F.);
#10285 = ORIENTED_EDGE('',*,*,#10238,.T.);
#10286 = ADVANCED_FACE('',(#10287),#4663,.T.);
#10287 = FACE_BOUND('',#10288,.T.);
#10288 = EDGE_LOOP('',(#10289,#10290,#10291,#10312));
#10289 = ORIENTED_EDGE('',*,*,#9425,.F.);
#10290 = ORIENTED_EDGE('',*,*,#5718,.F.);
#10291 = ORIENTED_EDGE('',*,*,#10292,.F.);
#10292 = EDGE_CURVE('',#4648,#5691,#10293,.T.);
#10293 = SURFACE_CURVE('',#10294,(#10298,#10305),.PCURVE_S1.);
#10294 = LINE('',#10295,#10296);
#10295 = CARTESIAN_POINT('',(12.600505063388,164.89949493661,
    85.773532831874));
#10296 = VECTOR('',#10297,1.);
#10297 = DIRECTION('',(-0.678598344546,0.678598344546,-0.281084637715));
#10298 = PCURVE('',#4663,#10299);
#10299 = DEFINITIONAL_REPRESENTATION('',(#10300),#10304);
#10300 = LINE('',#10301,#10302);
#10301 = CARTESIAN_POINT('',(38.142135623731,11.171572875254));
#10302 = VECTOR('',#10303,1.);
#10303 = DIRECTION('',(-0.281084637715,0.959682982261));
#10304 = ( GEOMETRIC_REPRESENTATION_CONTEXT(2) 
PARAMETRIC_REPRESENTATION_CONTEXT() REPRESENTATION_CONTEXT('2D SPACE',''
  ) );
#10305 = PCURVE('',#4691,#10306);
#10306 = DEFINITIONAL_REPRESENTATION('',(#10307),#10311);
#10307 = LINE('',#10308,#10309);
#10308 = CARTESIAN_POINT('',(-25.48528137423,-9.757359312881));
#10309 = VECTOR('',#10310,1.);
#10310 = DIRECTION('',(-0.281084637715,-0.959682982261));
#10311 = ( GEOMETRIC_REPRESENTATION_CONTEXT(2) 
PARAMETRIC_REPRESENTATION_CONTEXT() REPRESENTATION_CONTEXT('2D SPACE',''
  ) );
#10312 = ORIENTED_EDGE('',*,*,#4647,.F.);
#10313 = ADVANCED_FACE('',(#10314),#4691,.T.);
#10314 = FACE_BOUND('',#10315,.T.);
#10315 = EDGE_LOOP('',(#10316,#10317,#10318,#10339));
#10316 = ORIENTED_EDGE('',*,*,#10292,.T.);
#10317 = ORIENTED_EDGE('',*,*,#8704,.F.);
#10318 = ORIENTED_EDGE('',*,*,#10319,.F.);
#10319 = EDGE_CURVE('',#4676,#7000,#10320,.T.);
#10320 = SURFACE_CURVE('',#10321,(#10325,#10332),.PCURVE_S1.);
#10321 = LINE('',#10322,#10323);
#10322 = CARTESIAN_POINT('',(30.731410754236,162.76858924576,
    70.656182869161));
#10323 = VECTOR('',#10324,1.);
#10324 = DIRECTION('',(-0.678598344546,0.678598344546,-0.281084637715));
#10325 = PCURVE('',#4691,#10326);
#10326 = DEFINITIONAL_REPRESENTATION('',(#10327),#10331);
#10327 = LINE('',#10328,#10329);
#10328 = CARTESIAN_POINT('',(-1.975214338982,-6.743803584745));
#10329 = VECTOR('',#10330,1.);
#10330 = DIRECTION('',(-0.281084637715,-0.959682982261));
#10331 = ( GEOMETRIC_REPRESENTATION_CONTEXT(2) 
PARAMETRIC_REPRESENTATION_CONTEXT() REPRESENTATION_CONTEXT('2D SPACE',''
  ) );
#10332 = PCURVE('',#4717,#10333);
#10333 = DEFINITIONAL_REPRESENTATION('',(#10334),#10338);
#10334 = LINE('',#10335,#10336);
#10335 = CARTESIAN_POINT('',(23.024785661018,-6.743803584745));
#10336 = VECTOR('',#10337,1.);
#10337 = DIRECTION('',(-0.281084637715,-0.959682982261));
#10338 = ( GEOMETRIC_REPRESENTATION_CONTEXT(2) 
PARAMETRIC_REPRESENTATION_CONTEXT() REPRESENTATION_CONTEXT('2D SPACE',''
  ) );
#10339 = ORIENTED_EDGE('',*,*,#4675,.F.);
#10340 = ADVANCED_FACE('',(#10341),#4717,.F.);
#10341 = FACE_BOUND('',#10342,.T.);
#10342 = EDGE_LOOP('',(#10343,#10344,#10345,#10366));
#10343 = ORIENTED_EDGE('',*,*,#10319,.T.);
#10344 = ORIENTED_EDGE('',*,*,#7071,.F.);
#10345 = ORIENTED_EDGE('',*,*,#10346,.F.);
#10346 = EDGE_CURVE('',#4534,#7048,#10347,.T.);
#10347 = SURFACE_CURVE('',#10348,(#10352,#10359),.PCURVE_S1.);
#10348 = LINE('',#10349,#10350);
#10349 = CARTESIAN_POINT('',(36.5,157.,47.631397208143));
#10350 = VECTOR('',#10351,1.);
#10351 = DIRECTION('',(-0.707106781187,0.707106781187,
    -5.771032273621E-15));
#10352 = PCURVE('',#4717,#10353);
#10353 = DEFINITIONAL_REPRESENTATION('',(#10354),#10358);
#10354 = LINE('',#10355,#10356);
#10355 = CARTESIAN_POINT('',(0.,1.414213562373));
#10356 = VECTOR('',#10357,1.);
#10357 = DIRECTION('',(0.,-1.));
#10358 = ( GEOMETRIC_REPRESENTATION_CONTEXT(2) 
PARAMETRIC_REPRESENTATION_CONTEXT() REPRESENTATION_CONTEXT('2D SPACE',''
  ) );
#10359 = PCURVE('',#2357,#10360);
#10360 = DEFINITIONAL_REPRESENTATION('',(#10361),#10365);
#10361 = LINE('',#10362,#10363);
#10362 = CARTESIAN_POINT('',(1.570796326795,1.));
#10363 = VECTOR('',#10364,1.);
#10364 = DIRECTION('',(0.,-1.));
#10365 = ( GEOMETRIC_REPRESENTATION_CONTEXT(2) 
PARAMETRIC_REPRESENTATION_CONTEXT() REPRESENTATION_CONTEXT('2D SPACE',''
  ) );
#10366 = ORIENTED_EDGE('',*,*,#4703,.F.);
#10367 = ADVANCED_FACE('',(#10368),#2357,.T.);
#10368 = FACE_BOUND('',#10369,.T.);
#10369 = EDGE_LOOP('',(#10370,#10371,#10372,#10393,#10394));
#10370 = ORIENTED_EDGE('',*,*,#10346,.T.);
#10371 = ORIENTED_EDGE('',*,*,#7047,.F.);
#10372 = ORIENTED_EDGE('',*,*,#10373,.F.);
#10373 = EDGE_CURVE('',#2341,#7025,#10374,.T.);
#10374 = SURFACE_CURVE('',#10375,(#10379,#10386),.PCURVE_S1.);
#10375 = LINE('',#10376,#10377);
#10376 = CARTESIAN_POINT('',(36.5,195.,47.631397208143));
#10377 = VECTOR('',#10378,1.);
#10378 = DIRECTION('',(-0.707106781187,-0.707106781187,
    4.828976798411E-15));
#10379 = PCURVE('',#2357,#10380);
#10380 = DEFINITIONAL_REPRESENTATION('',(#10381),#10385);
#10381 = LINE('',#10382,#10383);
#10382 = CARTESIAN_POINT('',(4.712388980385,1.));
#10383 = VECTOR('',#10384,1.);
#10384 = DIRECTION('',(0.,-1.));
#10385 = ( GEOMETRIC_REPRESENTATION_CONTEXT(2) 
PARAMETRIC_REPRESENTATION_CONTEXT() REPRESENTATION_CONTEXT('2D SPACE',''
  ) );
#10386 = PCURVE('',#4828,#10387);
#10387 = DEFINITIONAL_REPRESENTATION('',(#10388),#10392);
#10388 = LINE('',#10389,#10390);
#10389 = CARTESIAN_POINT('',(0.,1.414213562373));
#10390 = VECTOR('',#10391,1.);
#10391 = DIRECTION('',(0.,-1.));
#10392 = ( GEOMETRIC_REPRESENTATION_CONTEXT(2) 
PARAMETRIC_REPRESENTATION_CONTEXT() REPRESENTATION_CONTEXT('2D SPACE',''
  ) );
#10393 = ORIENTED_EDGE('',*,*,#2340,.F.);
#10394 = ORIENTED_EDGE('',*,*,#5835,.F.);
#10395 = ADVANCED_FACE('',(#10396),#4828,.F.);
#10396 = FACE_BOUND('',#10397,.T.);
#10397 = EDGE_LOOP('',(#10398,#10399,#10400,#10421));
#10398 = ORIENTED_EDGE('',*,*,#10373,.T.);
#10399 = ORIENTED_EDGE('',*,*,#7024,.F.);
#10400 = ORIENTED_EDGE('',*,*,#10401,.F.);
#10401 = EDGE_CURVE('',#4813,#7002,#10402,.T.);
#10402 = SURFACE_CURVE('',#10403,(#10407,#10414),.PCURVE_S1.);
#10403 = LINE('',#10404,#10405);
#10404 = CARTESIAN_POINT('',(35.5,194.,72.631397208143));
#10405 = VECTOR('',#10406,1.);
#10406 = DIRECTION('',(-0.678598344546,-0.678598344546,-0.281084637715)
  );
#10407 = PCURVE('',#4828,#10408);
#10408 = DEFINITIONAL_REPRESENTATION('',(#10409),#10413);
#10409 = LINE('',#10410,#10411);
#10410 = CARTESIAN_POINT('',(-25.,-2.009718347115E-14));
#10411 = VECTOR('',#10412,1.);
#10412 = DIRECTION('',(0.281084637715,-0.959682982261));
#10413 = ( GEOMETRIC_REPRESENTATION_CONTEXT(2) 
PARAMETRIC_REPRESENTATION_CONTEXT() REPRESENTATION_CONTEXT('2D SPACE',''
  ) );
#10414 = PCURVE('',#4856,#10415);
#10415 = DEFINITIONAL_REPRESENTATION('',(#10416),#10420);
#10416 = LINE('',#10417,#10418);
#10417 = CARTESIAN_POINT('',(0.,0.));
#10418 = VECTOR('',#10419,1.);
#10419 = DIRECTION('',(0.281084637715,-0.959682982261));
#10420 = ( GEOMETRIC_REPRESENTATION_CONTEXT(2) 
PARAMETRIC_REPRESENTATION_CONTEXT() REPRESENTATION_CONTEXT('2D SPACE',''
  ) );
#10421 = ORIENTED_EDGE('',*,*,#4812,.F.);
#10422 = ADVANCED_FACE('',(#10423),#4856,.T.);
#10423 = FACE_BOUND('',#10424,.T.);
#10424 = EDGE_LOOP('',(#10425,#10426,#10427,#10448));
#10425 = ORIENTED_EDGE('',*,*,#10401,.T.);
#10426 = ORIENTED_EDGE('',*,*,#8682,.F.);
#10427 = ORIENTED_EDGE('',*,*,#10428,.F.);
#10428 = EDGE_CURVE('',#4841,#5668,#10429,.T.);
#10429 = SURFACE_CURVE('',#10430,(#10434,#10441),.PCURVE_S1.);
#10430 = LINE('',#10431,#10432);
#10431 = CARTESIAN_POINT('',(23.816034294237,198.31603429423,
    90.419157148483));
#10432 = VECTOR('',#10433,1.);
#10433 = DIRECTION('',(-0.678598344546,-0.678598344546,-0.281084637715)
  );
#10434 = PCURVE('',#4856,#10435);
#10435 = DEFINITIONAL_REPRESENTATION('',(#10436),#10440);
#10436 = LINE('',#10437,#10438);
#10437 = CARTESIAN_POINT('',(20.839657057629,6.103794234578));
#10438 = VECTOR('',#10439,1.);
#10439 = DIRECTION('',(0.281084637715,-0.959682982261));
#10440 = ( GEOMETRIC_REPRESENTATION_CONTEXT(2) 
PARAMETRIC_REPRESENTATION_CONTEXT() REPRESENTATION_CONTEXT('2D SPACE',''
  ) );
#10441 = PCURVE('',#4882,#10442);
#10442 = DEFINITIONAL_REPRESENTATION('',(#10443),#10447);
#10443 = LINE('',#10444,#10445);
#10444 = CARTESIAN_POINT('',(-42.78775994034,-4.689580672204));
#10445 = VECTOR('',#10446,1.);
#10446 = DIRECTION('',(0.281084637715,0.959682982261));
#10447 = ( GEOMETRIC_REPRESENTATION_CONTEXT(2) 
PARAMETRIC_REPRESENTATION_CONTEXT() REPRESENTATION_CONTEXT('2D SPACE',''
  ) );
#10448 = ORIENTED_EDGE('',*,*,#4840,.F.);
#10449 = ADVANCED_FACE('',(#10450),#4882,.T.);
#10450 = FACE_BOUND('',#10451,.T.);
#10451 = EDGE_LOOP('',(#10452,#10453,#10454,#10455));
#10452 = ORIENTED_EDGE('',*,*,#10428,.T.);
#10453 = ORIENTED_EDGE('',*,*,#5667,.F.);
#10454 = ORIENTED_EDGE('',*,*,#9247,.F.);
#10455 = ORIENTED_EDGE('',*,*,#4868,.F.);
#10456 = ADVANCED_FACE('',(#10457),#4607,.F.);
#10457 = FACE_BOUND('',#10458,.T.);
#10458 = EDGE_LOOP('',(#10459,#10460,#10461,#10482,#10483,#10484));
#10459 = ORIENTED_EDGE('',*,*,#9447,.F.);
#10460 = ORIENTED_EDGE('',*,*,#4591,.F.);
#10461 = ORIENTED_EDGE('',*,*,#10462,.F.);
#10462 = EDGE_CURVE('',#6129,#4564,#10463,.T.);
#10463 = SURFACE_CURVE('',#10464,(#10468,#10475),.PCURVE_S1.);
#10464 = LINE('',#10465,#10466);
#10465 = CARTESIAN_POINT('',(43.815902076851,154.31590207685,
    77.105393883264));
#10466 = VECTOR('',#10467,1.);
#10467 = DIRECTION('',(-0.678598344546,-0.678598344546,-0.281084637715)
  );
#10468 = PCURVE('',#4607,#10469);
#10469 = DEFINITIONAL_REPRESENTATION('',(#10470),#10474);
#10470 = LINE('',#10471,#10472);
#10471 = CARTESIAN_POINT('',(-12.9599712176,-3.795887685655));
#10472 = VECTOR('',#10473,1.);
#10473 = DIRECTION('',(0.281084637715,-0.959682982261));
#10474 = ( GEOMETRIC_REPRESENTATION_CONTEXT(2) 
PARAMETRIC_REPRESENTATION_CONTEXT() REPRESENTATION_CONTEXT('2D SPACE',''
  ) );
#10475 = PCURVE('',#4579,#10476);
#10476 = DEFINITIONAL_REPRESENTATION('',(#10477),#10481);
#10477 = LINE('',#10478,#10479);
#10478 = CARTESIAN_POINT('',(-29.47399667512,5.210101248028));
#10479 = VECTOR('',#10480,1.);
#10480 = DIRECTION('',(0.281084637715,0.959682982261));
#10481 = ( GEOMETRIC_REPRESENTATION_CONTEXT(2) 
PARAMETRIC_REPRESENTATION_CONTEXT() REPRESENTATION_CONTEXT('2D SPACE',''
  ) );
#10482 = ORIENTED_EDGE('',*,*,#7118,.F.);
#10483 = ORIENTED_EDGE('',*,*,#6239,.F.);
#10484 = ORIENTED_EDGE('',*,*,#10485,.T.);
#10485 = EDGE_CURVE('',#6183,#9350,#10486,.T.);
#10486 = SURFACE_CURVE('',#10487,(#10492,#10500),.PCURVE_S1.);
#10487 = B_SPLINE_CURVE_WITH_KNOTS('',3,(#10488,#10489,#10490,#10491),
  .UNSPECIFIED.,.F.,.F.,(4,4),(0.,2.127976451788E-03),
  .PIECEWISE_BEZIER_KNOTS.);
#10488 = CARTESIAN_POINT('',(25.5,158.74626998794,101.68678234628));
#10489 = CARTESIAN_POINT('',(25.180474773104,158.24449162184,
    101.29668580253));
#10490 = CARTESIAN_POINT('',(24.833107019904,157.74287276974,
    100.93465737195));
#10491 = CARTESIAN_POINT('',(24.427443327708,157.24158790381,
    100.63139720814));
#10492 = PCURVE('',#4607,#10493);
#10493 = DEFINITIONAL_REPRESENTATION('',(#10494),#10499);
#10494 = B_SPLINE_CURVE_WITH_KNOTS('',3,(#10495,#10496,#10497,#10498),
  .UNSPECIFIED.,.F.,.F.,(4,4),(0.,2.127976451788E-03),
  .PIECEWISE_BEZIER_KNOTS.);
#10495 = CARTESIAN_POINT('',(17.372993817662,2.469598700511));
#10496 = CARTESIAN_POINT('',(17.323092360959,1.759976929867));
#10497 = CARTESIAN_POINT('',(17.312725696569,1.050580746091));
#10498 = CARTESIAN_POINT('',(17.385135925905,0.341656890082));
#10499 = ( GEOMETRIC_REPRESENTATION_CONTEXT(2) 
PARAMETRIC_REPRESENTATION_CONTEXT() REPRESENTATION_CONTEXT('2D SPACE',''
  ) );
#10500 = PCURVE('',#6205,#10501);
#10501 = DEFINITIONAL_REPRESENTATION('',(#10502),#10528);
#10502 = B_SPLINE_CURVE_WITH_KNOTS('',3,(#10503,#10504,#10505,#10506,
    #10507,#10508,#10509,#10510,#10511,#10512,#10513,#10514,#10515,
    #10516,#10517,#10518,#10519,#10520,#10521,#10522,#10523,#10524,
    #10525,#10526,#10527),.UNSPECIFIED.,.F.,.F.,(4,1,1,1,1,1,1,1,1,1,1,1
    ,1,1,1,1,1,1,1,1,1,1,4),(0.,9.672620235401E-05,1.93452404708E-04,
    2.90178607062E-04,3.86904809416E-04,4.8363101177E-04,
    5.80357214124E-04,6.77083416478E-04,7.73809618832E-04,
    8.70535821186E-04,9.672620235401E-04,1.063988225894E-03,
    1.160714428248E-03,1.257440630602E-03,1.354166832956E-03,
    1.45089303531E-03,1.547619237664E-03,1.644345440018E-03,
    1.741071642372E-03,1.837797844726E-03,1.93452404708E-03,
    2.031250249434E-03,2.127976451788E-03),.QUASI_UNIFORM_KNOTS.);
#10503 = CARTESIAN_POINT('',(1.71895660797,1.055385138137));
#10504 = CARTESIAN_POINT('',(1.714918471507,1.037653510901));
#10505 = CARTESIAN_POINT('',(1.70676078247,1.002314926122));
#10506 = CARTESIAN_POINT('',(1.694273519964,0.94969261424));
#10507 = CARTESIAN_POINT('',(1.681529144823,0.897467258563));
#10508 = CARTESIAN_POINT('',(1.66852093413,0.845650828511));
#10509 = CARTESIAN_POINT('',(1.655241936639,0.794255706976));
#10510 = CARTESIAN_POINT('',(1.641684938116,0.743294770634));
#10511 = CARTESIAN_POINT('',(1.627842466928,0.6927814064));
#10512 = CARTESIAN_POINT('',(1.613706790327,0.6427295469));
#10513 = CARTESIAN_POINT('',(1.599269914988,0.593153702775));
#10514 = CARTESIAN_POINT('',(1.584523588459,0.54406899777));
#10515 = CARTESIAN_POINT('',(1.569459302772,0.495491205011));
#10516 = CARTESIAN_POINT('',(1.554068300247,0.447436784853));
#10517 = CARTESIAN_POINT('',(1.538341581918,0.399922924153));
#10518 = CARTESIAN_POINT('',(1.522269918918,0.352967576937));
#10519 = CARTESIAN_POINT('',(1.505843867238,0.306589506269));
#10520 = CARTESIAN_POINT('',(1.489053786341,0.260808327521));
#10521 = CARTESIAN_POINT('',(1.471889862018,0.215644551657));
#10522 = CARTESIAN_POINT('',(1.454342134303,0.171119632854));
#10523 = CARTESIAN_POINT('',(1.436400529945,0.127256003276));
#10524 = CARTESIAN_POINT('',(1.418054903952,8.407715779771E-02));
#10525 = CARTESIAN_POINT('',(1.399295076131,4.160755282628E-02));
#10526 = CARTESIAN_POINT('',(1.386505637438,1.378464926281E-02));
#10527 = CARTESIAN_POINT('',(1.380038505857,0.));
#10528 = ( GEOMETRIC_REPRESENTATION_CONTEXT(2) 
PARAMETRIC_REPRESENTATION_CONTEXT() REPRESENTATION_CONTEXT('2D SPACE',''
  ) );
#10529 = ADVANCED_FACE('',(#10530),#4579,.F.);
#10530 = FACE_BOUND('',#10531,.T.);
#10531 = EDGE_LOOP('',(#10532,#10533,#10534,#10555));
#10532 = ORIENTED_EDGE('',*,*,#10462,.T.);
#10533 = ORIENTED_EDGE('',*,*,#4563,.F.);
#10534 = ORIENTED_EDGE('',*,*,#10535,.F.);
#10535 = EDGE_CURVE('',#6081,#4536,#10536,.T.);
#10536 = SURFACE_CURVE('',#10537,(#10541,#10548),.PCURVE_S1.);
#10537 = LINE('',#10538,#10539);
#10538 = CARTESIAN_POINT('',(47.5,158.,47.631397208143));
#10539 = VECTOR('',#10540,1.);
#10540 = DIRECTION('',(-0.707106781187,-0.707106781187,
    4.828976798411E-15));
#10541 = PCURVE('',#4579,#10542);
#10542 = DEFINITIONAL_REPRESENTATION('',(#10543),#10547);
#10543 = LINE('',#10544,#10545);
#10544 = CARTESIAN_POINT('',(0.,0.));
#10545 = VECTOR('',#10546,1.);
#10546 = DIRECTION('',(0.,1.));
#10547 = ( GEOMETRIC_REPRESENTATION_CONTEXT(2) 
PARAMETRIC_REPRESENTATION_CONTEXT() REPRESENTATION_CONTEXT('2D SPACE',''
  ) );
#10548 = PCURVE('',#310,#10549);
#10549 = DEFINITIONAL_REPRESENTATION('',(#10550),#10554);
#10550 = LINE('',#10551,#10552);
#10551 = CARTESIAN_POINT('',(1.570796326795,0.));
#10552 = VECTOR('',#10553,1.);
#10553 = DIRECTION('',(0.,1.));
#10554 = ( GEOMETRIC_REPRESENTATION_CONTEXT(2) 
PARAMETRIC_REPRESENTATION_CONTEXT() REPRESENTATION_CONTEXT('2D SPACE',''
  ) );
#10555 = ORIENTED_EDGE('',*,*,#6156,.F.);
#10556 = ADVANCED_FACE('',(#10557),#310,.T.);
#10557 = FACE_BOUND('',#10558,.T.);
#10558 = EDGE_LOOP('',(#10559,#10560,#10561,#10562));
#10559 = ORIENTED_EDGE('',*,*,#294,.F.);
#10560 = ORIENTED_EDGE('',*,*,#6080,.F.);
#10561 = ORIENTED_EDGE('',*,*,#10535,.T.);
#10562 = ORIENTED_EDGE('',*,*,#5812,.F.);
#10563 = ADVANCED_FACE('',(#10564),#365,.F.);
#10564 = FACE_BOUND('',#10565,.T.);
#10565 = EDGE_LOOP('',(#10566,#10567,#10568,#10589));
#10566 = ORIENTED_EDGE('',*,*,#351,.T.);
#10567 = ORIENTED_EDGE('',*,*,#4790,.F.);
#10568 = ORIENTED_EDGE('',*,*,#10569,.F.);
#10569 = EDGE_CURVE('',#6106,#4763,#10570,.T.);
#10570 = SURFACE_CURVE('',#10571,(#10575,#10582),.PCURVE_S1.);
#10571 = LINE('',#10572,#10573);
#10572 = CARTESIAN_POINT('',(41.586949335253,199.91305066474,
    76.182131427805));
#10573 = VECTOR('',#10574,1.);
#10574 = DIRECTION('',(-0.678598344546,0.678598344546,-0.281084637715));
#10575 = PCURVE('',#365,#10576);
#10576 = DEFINITIONAL_REPRESENTATION('',(#10577),#10581);
#10577 = LINE('',#10578,#10579);
#10578 = CARTESIAN_POINT('',(28.550734219662,8.362316445085));
#10579 = VECTOR('',#10580,1.);
#10580 = DIRECTION('',(-0.281084637715,0.959682982261));
#10581 = ( GEOMETRIC_REPRESENTATION_CONTEXT(2) 
PARAMETRIC_REPRESENTATION_CONTEXT() REPRESENTATION_CONTEXT('2D SPACE',''
  ) );
#10582 = PCURVE('',#4778,#10583);
#10583 = DEFINITIONAL_REPRESENTATION('',(#10584),#10588);
#10584 = LINE('',#10585,#10586);
#10585 = CARTESIAN_POINT('',(2.449265780337,8.362316445085));
#10586 = VECTOR('',#10587,1.);
#10587 = DIRECTION('',(0.281084637715,0.959682982261));
#10588 = ( GEOMETRIC_REPRESENTATION_CONTEXT(2) 
PARAMETRIC_REPRESENTATION_CONTEXT() REPRESENTATION_CONTEXT('2D SPACE',''
  ) );
#10589 = ORIENTED_EDGE('',*,*,#6105,.F.);
#10590 = ADVANCED_FACE('',(#10591),#4778,.F.);
#10591 = FACE_BOUND('',#10592,.T.);
#10592 = EDGE_LOOP('',(#10593,#10594,#10595,#10596,#10641,#10642));
#10593 = ORIENTED_EDGE('',*,*,#10569,.T.);
#10594 = ORIENTED_EDGE('',*,*,#4762,.F.);
#10595 = ORIENTED_EDGE('',*,*,#9225,.F.);
#10596 = ORIENTED_EDGE('',*,*,#10597,.T.);
#10597 = EDGE_CURVE('',#9198,#6286,#10598,.T.);
#10598 = SURFACE_CURVE('',#10599,(#10604,#10612),.PCURVE_S1.);
#10599 = B_SPLINE_CURVE_WITH_KNOTS('',3,(#10600,#10601,#10602,#10603),
  .UNSPECIFIED.,.F.,.F.,(4,4),(0.,2.127976451788E-03),
  .PIECEWISE_BEZIER_KNOTS.);
#10600 = CARTESIAN_POINT('',(24.427443327708,194.75841209618,
    100.63139720814));
#10601 = CARTESIAN_POINT('',(24.833107019904,194.25712723025,
    100.93465737195));
#10602 = CARTESIAN_POINT('',(25.180474773104,193.75550837816,
    101.29668580253));
#10603 = CARTESIAN_POINT('',(25.5,193.25373001206,101.68678234628));
#10604 = PCURVE('',#4778,#10605);
#10605 = DEFINITIONAL_REPRESENTATION('',(#10606),#10611);
#10606 = B_SPLINE_CURVE_WITH_KNOTS('',3,(#10607,#10608,#10609,#10610),
  .UNSPECIFIED.,.F.,.F.,(4,4),(0.,2.127976451788E-03),
  .PIECEWISE_BEZIER_KNOTS.);
#10607 = CARTESIAN_POINT('',(31.871110468392,1.072556672292));
#10608 = CARTESIAN_POINT('',(31.798700239056,0.363632816283));
#10609 = CARTESIAN_POINT('',(31.809066903446,-0.345763367494));
#10610 = CARTESIAN_POINT('',(31.858968360148,-1.055385138137));
#10611 = ( GEOMETRIC_REPRESENTATION_CONTEXT(2) 
PARAMETRIC_REPRESENTATION_CONTEXT() REPRESENTATION_CONTEXT('2D SPACE',''
  ) );
#10612 = PCURVE('',#6326,#10613);
#10613 = DEFINITIONAL_REPRESENTATION('',(#10614),#10640);
#10614 = B_SPLINE_CURVE_WITH_KNOTS('',3,(#10615,#10616,#10617,#10618,
    #10619,#10620,#10621,#10622,#10623,#10624,#10625,#10626,#10627,
    #10628,#10629,#10630,#10631,#10632,#10633,#10634,#10635,#10636,
    #10637,#10638,#10639),.UNSPECIFIED.,.F.,.F.,(4,1,1,1,1,1,1,1,1,1,1,1
    ,1,1,1,1,1,1,1,1,1,1,4),(0.,9.6726202354E-05,1.93452404708E-04,
    2.90178607062E-04,3.86904809416E-04,4.8363101177E-04,
    5.80357214124E-04,6.77083416478E-04,7.73809618832E-04,
    8.70535821186E-04,9.6726202354E-04,1.063988225894E-03,
    1.160714428248E-03,1.257440630602E-03,1.354166832956E-03,
    1.45089303531E-03,1.547619237664E-03,1.644345440018E-03,
    1.741071642372E-03,1.837797844726E-03,1.93452404708E-03,
    2.031250249434E-03,2.127976451788E-03),.QUASI_UNIFORM_KNOTS.);
#10615 = CARTESIAN_POINT('',(1.761554147733,6.661338147751E-15));
#10616 = CARTESIAN_POINT('',(1.755087016152,1.378464926281E-02));
#10617 = CARTESIAN_POINT('',(1.742297577459,4.160755282628E-02));
#10618 = CARTESIAN_POINT('',(1.723537749638,8.407715779772E-02));
#10619 = CARTESIAN_POINT('',(1.705192123645,0.127256003276));
#10620 = CARTESIAN_POINT('',(1.687250519287,0.171119632854));
#10621 = CARTESIAN_POINT('',(1.669702791572,0.215644551657));
#10622 = CARTESIAN_POINT('',(1.652538867249,0.260808327521));
#10623 = CARTESIAN_POINT('',(1.635748786352,0.306589506269));
#10624 = CARTESIAN_POINT('',(1.619322734672,0.352967576937));
#10625 = CARTESIAN_POINT('',(1.603251071671,0.399922924153));
#10626 = CARTESIAN_POINT('',(1.587524353343,0.447436784853));
#10627 = CARTESIAN_POINT('',(1.572133350818,0.495491205011));
#10628 = CARTESIAN_POINT('',(1.557069065131,0.54406899777));
#10629 = CARTESIAN_POINT('',(1.542322738602,0.593153702774));
#10630 = CARTESIAN_POINT('',(1.527885863263,0.6427295469));
#10631 = CARTESIAN_POINT('',(1.513750186662,0.6927814064));
#10632 = CARTESIAN_POINT('',(1.499907715474,0.743294770633));
#10633 = CARTESIAN_POINT('',(1.486350716951,0.794255706976));
#10634 = CARTESIAN_POINT('',(1.47307171946,0.845650828511));
#10635 = CARTESIAN_POINT('',(1.460063508767,0.897467258563));
#10636 = CARTESIAN_POINT('',(1.447319133625,0.94969261424));
#10637 = CARTESIAN_POINT('',(1.43483187112,1.002314926122));
#10638 = CARTESIAN_POINT('',(1.426674182082,1.037653510901));
#10639 = CARTESIAN_POINT('',(1.42263604562,1.055385138137));
#10640 = ( GEOMETRIC_REPRESENTATION_CONTEXT(2) 
PARAMETRIC_REPRESENTATION_CONTEXT() REPRESENTATION_CONTEXT('2D SPACE',''
  ) );
#10641 = ORIENTED_EDGE('',*,*,#6285,.F.);
#10642 = ORIENTED_EDGE('',*,*,#7096,.F.);
#10643 = ADVANCED_FACE('',(#10644),#6613,.T.);
#10644 = FACE_BOUND('',#10645,.T.);
#10645 = EDGE_LOOP('',(#10646,#10667,#10668,#10689));
#10646 = ORIENTED_EDGE('',*,*,#10647,.F.);
#10647 = EDGE_CURVE('',#8994,#6565,#10648,.T.);
#10648 = SURFACE_CURVE('',#10649,(#10653,#10660),.PCURVE_S1.);
#10649 = LINE('',#10650,#10651);
#10650 = CARTESIAN_POINT('',(-24.5,194.,162.63139720814));
#10651 = VECTOR('',#10652,1.);
#10652 = DIRECTION('',(0.707106781187,5.676108569297E-15,0.707106781187)
  );
#10653 = PCURVE('',#6613,#10654);
#10654 = DEFINITIONAL_REPRESENTATION('',(#10655),#10659);
#10655 = LINE('',#10656,#10657);
#10656 = CARTESIAN_POINT('',(-18.,0.));
#10657 = VECTOR('',#10658,1.);
#10658 = DIRECTION('',(0.,1.));
#10659 = ( GEOMETRIC_REPRESENTATION_CONTEXT(2) 
PARAMETRIC_REPRESENTATION_CONTEXT() REPRESENTATION_CONTEXT('2D SPACE',''
  ) );
#10660 = PCURVE('',#6585,#10661);
#10661 = DEFINITIONAL_REPRESENTATION('',(#10662),#10666);
#10662 = LINE('',#10663,#10664);
#10663 = CARTESIAN_POINT('',(4.712388980385,1.));
#10664 = VECTOR('',#10665,1.);
#10665 = DIRECTION('',(0.,-1.));
#10666 = ( GEOMETRIC_REPRESENTATION_CONTEXT(2) 
PARAMETRIC_REPRESENTATION_CONTEXT() REPRESENTATION_CONTEXT('2D SPACE',''
  ) );
#10667 = ORIENTED_EDGE('',*,*,#9069,.F.);
#10668 = ORIENTED_EDGE('',*,*,#10669,.F.);
#10669 = EDGE_CURVE('',#6598,#9047,#10670,.T.);
#10670 = SURFACE_CURVE('',#10671,(#10675,#10682),.PCURVE_S1.);
#10671 = LINE('',#10672,#10673);
#10672 = CARTESIAN_POINT('',(-23.5,158.,163.63139720814));
#10673 = VECTOR('',#10674,1.);
#10674 = DIRECTION('',(-0.707106781187,-5.676108569297E-15,
    -0.707106781187));
#10675 = PCURVE('',#6613,#10676);
#10676 = DEFINITIONAL_REPRESENTATION('',(#10677),#10681);
#10677 = LINE('',#10678,#10679);
#10678 = CARTESIAN_POINT('',(18.,1.414213562373));
#10679 = VECTOR('',#10680,1.);
#10680 = DIRECTION('',(0.,-1.));
#10681 = ( GEOMETRIC_REPRESENTATION_CONTEXT(2) 
PARAMETRIC_REPRESENTATION_CONTEXT() REPRESENTATION_CONTEXT('2D SPACE',''
  ) );
#10682 = PCURVE('',#6646,#10683);
#10683 = DEFINITIONAL_REPRESENTATION('',(#10684),#10688);
#10684 = LINE('',#10685,#10686);
#10685 = CARTESIAN_POINT('',(4.712388980385,-3.774758283726E-15));
#10686 = VECTOR('',#10687,1.);
#10687 = DIRECTION('',(0.,1.));
#10688 = ( GEOMETRIC_REPRESENTATION_CONTEXT(2) 
PARAMETRIC_REPRESENTATION_CONTEXT() REPRESENTATION_CONTEXT('2D SPACE',''
  ) );
#10689 = ORIENTED_EDGE('',*,*,#6597,.F.);
#10690 = ADVANCED_FACE('',(#10691),#6646,.T.);
#10691 = FACE_BOUND('',#10692,.T.);
#10692 = EDGE_LOOP('',(#10693,#10694,#10695,#10716));
#10693 = ORIENTED_EDGE('',*,*,#10669,.T.);
#10694 = ORIENTED_EDGE('',*,*,#9948,.F.);
#10695 = ORIENTED_EDGE('',*,*,#10696,.F.);
#10696 = EDGE_CURVE('',#6626,#7930,#10697,.T.);
#10697 = SURFACE_CURVE('',#10698,(#10702,#10709),.PCURVE_S1.);
#10698 = LINE('',#10699,#10700);
#10699 = CARTESIAN_POINT('',(-19.5,154.,163.63139720814));
#10700 = VECTOR('',#10701,1.);
#10701 = DIRECTION('',(8.471317708857E-16,-0.707106781187,
    -0.707106781187));
#10702 = PCURVE('',#6646,#10703);
#10703 = DEFINITIONAL_REPRESENTATION('',(#10704),#10708);
#10704 = LINE('',#10705,#10706);
#10705 = CARTESIAN_POINT('',(3.14159265359,-2.22044604925E-16));
#10706 = VECTOR('',#10707,1.);
#10707 = DIRECTION('',(0.,1.));
#10708 = ( GEOMETRIC_REPRESENTATION_CONTEXT(2) 
PARAMETRIC_REPRESENTATION_CONTEXT() REPRESENTATION_CONTEXT('2D SPACE',''
  ) );
#10709 = PCURVE('',#6672,#10710);
#10710 = DEFINITIONAL_REPRESENTATION('',(#10711),#10715);
#10711 = LINE('',#10712,#10713);
#10712 = CARTESIAN_POINT('',(61.,1.414213562373));
#10713 = VECTOR('',#10714,1.);
#10714 = DIRECTION('',(0.,-1.));
#10715 = ( GEOMETRIC_REPRESENTATION_CONTEXT(2) 
PARAMETRIC_REPRESENTATION_CONTEXT() REPRESENTATION_CONTEXT('2D SPACE',''
  ) );
#10716 = ORIENTED_EDGE('',*,*,#6625,.F.);
#10717 = ADVANCED_FACE('',(#10718),#6585,.T.);
#10718 = FACE_BOUND('',#10719,.T.);
#10719 = EDGE_LOOP('',(#10720,#10721,#10722,#10743));
#10720 = ORIENTED_EDGE('',*,*,#10647,.T.);
#10721 = ORIENTED_EDGE('',*,*,#6564,.F.);
#10722 = ORIENTED_EDGE('',*,*,#10723,.F.);
#10723 = EDGE_CURVE('',#8635,#6537,#10724,.T.);
#10724 = SURFACE_CURVE('',#10725,(#10729,#10736),.PCURVE_S1.);
#10725 = LINE('',#10726,#10727);
#10726 = CARTESIAN_POINT('',(-19.5,199.,162.63139720814));
#10727 = VECTOR('',#10728,1.);
#10728 = DIRECTION('',(-9.492370432456E-17,-0.707106781187,
    0.707106781187));
#10729 = PCURVE('',#6585,#10730);
#10730 = DEFINITIONAL_REPRESENTATION('',(#10731),#10735);
#10731 = LINE('',#10732,#10733);
#10732 = CARTESIAN_POINT('',(6.28318530718,1.));
#10733 = VECTOR('',#10734,1.);
#10734 = DIRECTION('',(0.,-1.));
#10735 = ( GEOMETRIC_REPRESENTATION_CONTEXT(2) 
PARAMETRIC_REPRESENTATION_CONTEXT() REPRESENTATION_CONTEXT('2D SPACE',''
  ) );
#10736 = PCURVE('',#6552,#10737);
#10737 = DEFINITIONAL_REPRESENTATION('',(#10738),#10742);
#10738 = LINE('',#10739,#10740);
#10739 = CARTESIAN_POINT('',(61.,0.));
#10740 = VECTOR('',#10741,1.);
#10741 = DIRECTION('',(0.,1.));
#10742 = ( GEOMETRIC_REPRESENTATION_CONTEXT(2) 
PARAMETRIC_REPRESENTATION_CONTEXT() REPRESENTATION_CONTEXT('2D SPACE',''
  ) );
#10743 = ORIENTED_EDGE('',*,*,#9891,.F.);
#10744 = ADVANCED_FACE('',(#10745),#6672,.F.);
#10745 = FACE_BOUND('',#10746,.T.);
#10746 = EDGE_LOOP('',(#10747,#10748,#10749,#10770));
#10747 = ORIENTED_EDGE('',*,*,#10696,.T.);
#10748 = ORIENTED_EDGE('',*,*,#7929,.F.);
#10749 = ORIENTED_EDGE('',*,*,#10750,.F.);
#10750 = EDGE_CURVE('',#6446,#7907,#10751,.T.);
#10751 = SURFACE_CURVE('',#10752,(#10756,#10763),.PCURVE_S1.);
#10752 = LINE('',#10753,#10754);
#10753 = CARTESIAN_POINT('',(20.5,154.,163.63139720814));
#10754 = VECTOR('',#10755,1.);
#10755 = DIRECTION('',(8.471317708857E-16,-0.707106781187,
    -0.707106781187));
#10756 = PCURVE('',#6672,#10757);
#10757 = DEFINITIONAL_REPRESENTATION('',(#10758),#10762);
#10758 = LINE('',#10759,#10760);
#10759 = CARTESIAN_POINT('',(21.,1.414213562373));
#10760 = VECTOR('',#10761,1.);
#10761 = DIRECTION('',(0.,-1.));
#10762 = ( GEOMETRIC_REPRESENTATION_CONTEXT(2) 
PARAMETRIC_REPRESENTATION_CONTEXT() REPRESENTATION_CONTEXT('2D SPACE',''
  ) );
#10763 = PCURVE('',#6468,#10764);
#10764 = DEFINITIONAL_REPRESENTATION('',(#10765),#10769);
#10765 = LINE('',#10766,#10767);
#10766 = CARTESIAN_POINT('',(3.14159265359,-2.22044604925E-16));
#10767 = VECTOR('',#10768,1.);
#10768 = DIRECTION('',(0.,1.));
#10769 = ( GEOMETRIC_REPRESENTATION_CONTEXT(2) 
PARAMETRIC_REPRESENTATION_CONTEXT() REPRESENTATION_CONTEXT('2D SPACE',''
  ) );
#10770 = ORIENTED_EDGE('',*,*,#6658,.F.);
#10771 = ADVANCED_FACE('',(#10772),#6552,.T.);
#10772 = FACE_BOUND('',#10773,.T.);
#10773 = EDGE_LOOP('',(#10774,#10775,#10776,#10797));
#10774 = ORIENTED_EDGE('',*,*,#10723,.T.);
#10775 = ORIENTED_EDGE('',*,*,#6536,.F.);
#10776 = ORIENTED_EDGE('',*,*,#10777,.F.);
#10777 = EDGE_CURVE('',#8430,#6504,#10778,.T.);
#10778 = SURFACE_CURVE('',#10779,(#10783,#10790),.PCURVE_S1.);
#10779 = LINE('',#10780,#10781);
#10780 = CARTESIAN_POINT('',(20.5,199.,162.63139720814));
#10781 = VECTOR('',#10782,1.);
#10782 = DIRECTION('',(-9.492370432456E-17,-0.707106781187,
    0.707106781187));
#10783 = PCURVE('',#6552,#10784);
#10784 = DEFINITIONAL_REPRESENTATION('',(#10785),#10789);
#10785 = LINE('',#10786,#10787);
#10786 = CARTESIAN_POINT('',(21.,0.));
#10787 = VECTOR('',#10788,1.);
#10788 = DIRECTION('',(0.,1.));
#10789 = ( GEOMETRIC_REPRESENTATION_CONTEXT(2) 
PARAMETRIC_REPRESENTATION_CONTEXT() REPRESENTATION_CONTEXT('2D SPACE',''
  ) );
#10790 = PCURVE('',#6524,#10791);
#10791 = DEFINITIONAL_REPRESENTATION('',(#10792),#10796);
#10792 = LINE('',#10793,#10794);
#10793 = CARTESIAN_POINT('',(0.,1.));
#10794 = VECTOR('',#10795,1.);
#10795 = DIRECTION('',(0.,-1.));
#10796 = ( GEOMETRIC_REPRESENTATION_CONTEXT(2) 
PARAMETRIC_REPRESENTATION_CONTEXT() REPRESENTATION_CONTEXT('2D SPACE',''
  ) );
#10797 = ORIENTED_EDGE('',*,*,#8657,.F.);
#10798 = ADVANCED_FACE('',(#10799),#6468,.T.);
#10799 = FACE_BOUND('',#10800,.T.);
#10800 = EDGE_LOOP('',(#10801,#10802,#10803,#10824));
#10801 = ORIENTED_EDGE('',*,*,#10750,.T.);
#10802 = ORIENTED_EDGE('',*,*,#9793,.F.);
#10803 = ORIENTED_EDGE('',*,*,#10804,.F.);
#10804 = EDGE_CURVE('',#6448,#6389,#10805,.T.);
#10805 = SURFACE_CURVE('',#10806,(#10810,#10817),.PCURVE_S1.);
#10806 = LINE('',#10807,#10808);
#10807 = CARTESIAN_POINT('',(24.5,158.,163.63139720814));
#10808 = VECTOR('',#10809,1.);
#10809 = DIRECTION('',(0.707106781187,-4.923900502736E-15,
    -0.707106781187));
#10810 = PCURVE('',#6468,#10811);
#10811 = DEFINITIONAL_REPRESENTATION('',(#10812),#10816);
#10812 = LINE('',#10813,#10814);
#10813 = CARTESIAN_POINT('',(1.570796326795,-2.22044604925E-16));
#10814 = VECTOR('',#10815,1.);
#10815 = DIRECTION('',(0.,1.));
#10816 = ( GEOMETRIC_REPRESENTATION_CONTEXT(2) 
PARAMETRIC_REPRESENTATION_CONTEXT() REPRESENTATION_CONTEXT('2D SPACE',''
  ) );
#10817 = PCURVE('',#6404,#10818);
#10818 = DEFINITIONAL_REPRESENTATION('',(#10819),#10823);
#10819 = LINE('',#10820,#10821);
#10820 = CARTESIAN_POINT('',(-18.,0.));
#10821 = VECTOR('',#10822,1.);
#10822 = DIRECTION('',(0.,1.));
#10823 = ( GEOMETRIC_REPRESENTATION_CONTEXT(2) 
PARAMETRIC_REPRESENTATION_CONTEXT() REPRESENTATION_CONTEXT('2D SPACE',''
  ) );
#10824 = ORIENTED_EDGE('',*,*,#6445,.F.);
#10825 = ADVANCED_FACE('',(#10826),#6524,.T.);
#10826 = FACE_BOUND('',#10827,.T.);
#10827 = EDGE_LOOP('',(#10828,#10829,#10830,#10851));
#10828 = ORIENTED_EDGE('',*,*,#10777,.T.);
#10829 = ORIENTED_EDGE('',*,*,#6503,.F.);
#10830 = ORIENTED_EDGE('',*,*,#10831,.F.);
#10831 = EDGE_CURVE('',#6361,#6481,#10832,.T.);
#10832 = SURFACE_CURVE('',#10833,(#10837,#10844),.PCURVE_S1.);
#10833 = LINE('',#10834,#10835);
#10834 = CARTESIAN_POINT('',(25.5,194.,162.63139720814));
#10835 = VECTOR('',#10836,1.);
#10836 = DIRECTION('',(-0.707106781187,4.923900502736E-15,0.707106781187
    ));
#10837 = PCURVE('',#6524,#10838);
#10838 = DEFINITIONAL_REPRESENTATION('',(#10839),#10843);
#10839 = LINE('',#10840,#10841);
#10840 = CARTESIAN_POINT('',(1.570796326795,1.));
#10841 = VECTOR('',#10842,1.);
#10842 = DIRECTION('',(0.,-1.));
#10843 = ( GEOMETRIC_REPRESENTATION_CONTEXT(2) 
PARAMETRIC_REPRESENTATION_CONTEXT() REPRESENTATION_CONTEXT('2D SPACE',''
  ) );
#10844 = PCURVE('',#6404,#10845);
#10845 = DEFINITIONAL_REPRESENTATION('',(#10846),#10850);
#10846 = LINE('',#10847,#10848);
#10847 = CARTESIAN_POINT('',(18.,1.414213562373));
#10848 = VECTOR('',#10849,1.);
#10849 = DIRECTION('',(0.,-1.));
#10850 = ( GEOMETRIC_REPRESENTATION_CONTEXT(2) 
PARAMETRIC_REPRESENTATION_CONTEXT() REPRESENTATION_CONTEXT('2D SPACE',''
  ) );
#10851 = ORIENTED_EDGE('',*,*,#9842,.F.);
#10852 = ADVANCED_FACE('',(#10853),#6404,.F.);
#10853 = FACE_BOUND('',#10854,.T.);
#10854 = EDGE_LOOP('',(#10855,#10856,#10857,#10858));
#10855 = ORIENTED_EDGE('',*,*,#10804,.T.);
#10856 = ORIENTED_EDGE('',*,*,#6388,.F.);
#10857 = ORIENTED_EDGE('',*,*,#10831,.T.);
#10858 = ORIENTED_EDGE('',*,*,#6480,.F.);
#10859 = ADVANCED_FACE('',(#10860),#6205,.T.);
#10860 = FACE_BOUND('',#10861,.T.);
#10861 = EDGE_LOOP('',(#10862,#10863,#10864,#10885,#10886));
#10862 = ORIENTED_EDGE('',*,*,#6180,.F.);
#10863 = ORIENTED_EDGE('',*,*,#9770,.F.);
#10864 = ORIENTED_EDGE('',*,*,#10865,.F.);
#10865 = EDGE_CURVE('',#9352,#7879,#10866,.T.);
#10866 = SURFACE_CURVE('',#10867,(#10871,#10878),.PCURVE_S1.);
#10867 = LINE('',#10868,#10869);
#10868 = CARTESIAN_POINT('',(20.5,154.,100.63139720814));
#10869 = VECTOR('',#10870,1.);
#10870 = DIRECTION('',(-9.492370432457E-17,-0.707106781187,
    0.707106781187));
#10871 = PCURVE('',#6205,#10872);
#10872 = DEFINITIONAL_REPRESENTATION('',(#10873),#10877);
#10873 = LINE('',#10874,#10875);
#10874 = CARTESIAN_POINT('',(0.,-4.440892098501E-16));
#10875 = VECTOR('',#10876,1.);
#10876 = DIRECTION('',(0.,1.));
#10877 = ( GEOMETRIC_REPRESENTATION_CONTEXT(2) 
PARAMETRIC_REPRESENTATION_CONTEXT() REPRESENTATION_CONTEXT('2D SPACE',''
  ) );
#10878 = PCURVE('',#7894,#10879);
#10879 = DEFINITIONAL_REPRESENTATION('',(#10880),#10884);
#10880 = LINE('',#10881,#10882);
#10881 = CARTESIAN_POINT('',(-7.,0.));
#10882 = VECTOR('',#10883,1.);
#10883 = DIRECTION('',(0.,1.));
#10884 = ( GEOMETRIC_REPRESENTATION_CONTEXT(2) 
PARAMETRIC_REPRESENTATION_CONTEXT() REPRESENTATION_CONTEXT('2D SPACE',''
  ) );
#10885 = ORIENTED_EDGE('',*,*,#9349,.F.);
#10886 = ORIENTED_EDGE('',*,*,#10485,.F.);
#10887 = ADVANCED_FACE('',(#10888),#7894,.F.);
#10888 = FACE_BOUND('',#10889,.T.);
#10889 = EDGE_LOOP('',(#10890,#10891,#10892,#10893));
#10890 = ORIENTED_EDGE('',*,*,#10865,.T.);
#10891 = ORIENTED_EDGE('',*,*,#7878,.F.);
#10892 = ORIENTED_EDGE('',*,*,#9974,.F.);
#10893 = ORIENTED_EDGE('',*,*,#9379,.F.);
#10894 = ADVANCED_FACE('',(#10895),#6326,.T.);
#10895 = FACE_BOUND('',#10896,.T.);
#10896 = EDGE_LOOP('',(#10897,#10898,#10899,#10920,#10921));
#10897 = ORIENTED_EDGE('',*,*,#10597,.F.);
#10898 = ORIENTED_EDGE('',*,*,#9197,.F.);
#10899 = ORIENTED_EDGE('',*,*,#10900,.F.);
#10900 = EDGE_CURVE('',#8432,#9175,#10901,.T.);
#10901 = SURFACE_CURVE('',#10902,(#10906,#10913),.PCURVE_S1.);
#10902 = LINE('',#10903,#10904);
#10903 = CARTESIAN_POINT('',(20.5,199.,101.63139720814));
#10904 = VECTOR('',#10905,1.);
#10905 = DIRECTION('',(8.471317708857E-16,-0.707106781187,
    -0.707106781187));
#10906 = PCURVE('',#6326,#10907);
#10907 = DEFINITIONAL_REPRESENTATION('',(#10908),#10912);
#10908 = LINE('',#10909,#10910);
#10909 = CARTESIAN_POINT('',(3.14159265359,1.));
#10910 = VECTOR('',#10911,1.);
#10911 = DIRECTION('',(0.,-1.));
#10912 = ( GEOMETRIC_REPRESENTATION_CONTEXT(2) 
PARAMETRIC_REPRESENTATION_CONTEXT() REPRESENTATION_CONTEXT('2D SPACE',''
  ) );
#10913 = PCURVE('',#8470,#10914);
#10914 = DEFINITIONAL_REPRESENTATION('',(#10915),#10919);
#10915 = LINE('',#10916,#10917);
#10916 = CARTESIAN_POINT('',(-21.,5.436445138193E-15));
#10917 = VECTOR('',#10918,1.);
#10918 = DIRECTION('',(-8.177564888978E-16,1.));
#10919 = ( GEOMETRIC_REPRESENTATION_CONTEXT(2) 
PARAMETRIC_REPRESENTATION_CONTEXT() REPRESENTATION_CONTEXT('2D SPACE',''
  ) );
#10920 = ORIENTED_EDGE('',*,*,#9819,.F.);
#10921 = ORIENTED_EDGE('',*,*,#6308,.F.);
#10922 = ADVANCED_FACE('',(#10923),#8470,.T.);
#10923 = FACE_BOUND('',#10924,.T.);
#10924 = EDGE_LOOP('',(#10925,#10926,#10927,#10928));
#10925 = ORIENTED_EDGE('',*,*,#10900,.T.);
#10926 = ORIENTED_EDGE('',*,*,#9174,.F.);
#10927 = ORIENTED_EDGE('',*,*,#10264,.F.);
#10928 = ORIENTED_EDGE('',*,*,#8454,.F.);
#10929 = ADVANCED_FACE('',(#10930,#10959,#10988),#73,.F.);
#10930 = FACE_BOUND('',#10931,.T.);
#10931 = EDGE_LOOP('',(#10932,#10958));
#10932 = ORIENTED_EDGE('',*,*,#10933,.F.);
#10933 = EDGE_CURVE('',#24,#57,#10934,.T.);
#10934 = SURFACE_CURVE('',#10935,(#10940,#10951),.PCURVE_S1.);
#10935 = CIRCLE('',#10936,1.35);
#10936 = AXIS2_PLACEMENT_3D('',#10937,#10938,#10939);
#10937 = CARTESIAN_POINT('',(39.,167.,71.631397208143));
#10938 = DIRECTION('',(6.661338147751E-16,-7.495338295473E-15,-1.));
#10939 = DIRECTION('',(-5.318914247286E-16,1.,-7.495338295473E-15));
#10940 = PCURVE('',#73,#10941);
#10941 = DEFINITIONAL_REPRESENTATION('',(#10942),#10950);
#10942 = ( BOUNDED_CURVE() B_SPLINE_CURVE(2,(#10943,#10944,#10945,#10946
    ,#10947,#10948,#10949),.UNSPECIFIED.,.T.,.F.) 
B_SPLINE_CURVE_WITH_KNOTS((1,2,2,2,2,1),(-2.094395102393,0.,
    2.094395102393,4.188790204786,6.28318530718,8.377580409573),
.UNSPECIFIED.) CURVE() GEOMETRIC_REPRESENTATION_ITEM() 
RATIONAL_B_SPLINE_CURVE((1.,0.5,1.,0.5,1.,0.5,1.)) REPRESENTATION_ITEM(
  '') );
#10943 = CARTESIAN_POINT('',(21.8,31.817662332897));
#10944 = CARTESIAN_POINT('',(21.8,34.155930923115));
#10945 = CARTESIAN_POINT('',(23.825,32.986796628006));
#10946 = CARTESIAN_POINT('',(25.85,31.817662332897));
#10947 = CARTESIAN_POINT('',(23.825,30.648528037788));
#10948 = CARTESIAN_POINT('',(21.8,29.479393742679));
#10949 = CARTESIAN_POINT('',(21.8,31.817662332897));
#10950 = ( GEOMETRIC_REPRESENTATION_CONTEXT(2) 
PARAMETRIC_REPRESENTATION_CONTEXT() REPRESENTATION_CONTEXT('2D SPACE',''
  ) );
#10951 = PCURVE('',#44,#10952);
#10952 = DEFINITIONAL_REPRESENTATION('',(#10953),#10957);
#10953 = LINE('',#10954,#10955);
#10954 = CARTESIAN_POINT('',(0.,2.5));
#10955 = VECTOR('',#10956,1.);
#10956 = DIRECTION('',(1.,0.));
#10957 = ( GEOMETRIC_REPRESENTATION_CONTEXT(2) 
PARAMETRIC_REPRESENTATION_CONTEXT() REPRESENTATION_CONTEXT('2D SPACE',''
  ) );
#10958 = ORIENTED_EDGE('',*,*,#56,.F.);
#10959 = FACE_BOUND('',#10960,.T.);
#10960 = EDGE_LOOP('',(#10961,#10987));
#10961 = ORIENTED_EDGE('',*,*,#10962,.F.);
#10962 = EDGE_CURVE('',#145,#178,#10963,.T.);
#10963 = SURFACE_CURVE('',#10964,(#10969,#10980),.PCURVE_S1.);
#10964 = CIRCLE('',#10965,1.35);
#10965 = AXIS2_PLACEMENT_3D('',#10966,#10967,#10968);
#10966 = CARTESIAN_POINT('',(39.,176.5,71.631397208143));
#10967 = DIRECTION('',(6.661338147751E-16,-7.495338295473E-15,-1.));
#10968 = DIRECTION('',(-5.318914247286E-16,1.,-7.495338295473E-15));
#10969 = PCURVE('',#73,#10970);
#10970 = DEFINITIONAL_REPRESENTATION('',(#10971),#10979);
#10971 = ( BOUNDED_CURVE() B_SPLINE_CURVE(2,(#10972,#10973,#10974,#10975
    ,#10976,#10977,#10978),.UNSPECIFIED.,.T.,.F.) 
B_SPLINE_CURVE_WITH_KNOTS((1,2,2,2,2,1),(-2.094395102393,0.,
    2.094395102393,4.188790204786,6.28318530718,8.377580409573),
.UNSPECIFIED.) CURVE() GEOMETRIC_REPRESENTATION_ITEM() 
RATIONAL_B_SPLINE_CURVE((1.,0.5,1.,0.5,1.,0.5,1.)) REPRESENTATION_ITEM(
  '') );
#10972 = CARTESIAN_POINT('',(12.3,31.817662332897));
#10973 = CARTESIAN_POINT('',(12.3,34.155930923115));
#10974 = CARTESIAN_POINT('',(14.325,32.986796628006));
#10975 = CARTESIAN_POINT('',(16.35,31.817662332897));
#10976 = CARTESIAN_POINT('',(14.325,30.648528037788));
#10977 = CARTESIAN_POINT('',(12.3,29.479393742679));
#10978 = CARTESIAN_POINT('',(12.3,31.817662332897));
#10979 = ( GEOMETRIC_REPRESENTATION_CONTEXT(2) 
PARAMETRIC_REPRESENTATION_CONTEXT() REPRESENTATION_CONTEXT('2D SPACE',''
  ) );
#10980 = PCURVE('',#165,#10981);
#10981 = DEFINITIONAL_REPRESENTATION('',(#10982),#10986);
#10982 = LINE('',#10983,#10984);
#10983 = CARTESIAN_POINT('',(0.,2.5));
#10984 = VECTOR('',#10985,1.);
#10985 = DIRECTION('',(1.,0.));
#10986 = ( GEOMETRIC_REPRESENTATION_CONTEXT(2) 
PARAMETRIC_REPRESENTATION_CONTEXT() REPRESENTATION_CONTEXT('2D SPACE',''
  ) );
#10987 = ORIENTED_EDGE('',*,*,#177,.F.);
#10988 = FACE_BOUND('',#10989,.T.);
#10989 = EDGE_LOOP('',(#10990,#10991,#10992,#10993,#11014,#11015));
#10990 = ORIENTED_EDGE('',*,*,#6974,.F.);
#10991 = ORIENTED_EDGE('',*,*,#4148,.T.);
#10992 = ORIENTED_EDGE('',*,*,#4063,.T.);
#10993 = ORIENTED_EDGE('',*,*,#10994,.F.);
#10994 = EDGE_CURVE('',#5862,#4036,#10995,.T.);
#10995 = SURFACE_CURVE('',#10996,(#11000,#11007),.PCURVE_S1.);
#10996 = LINE('',#10997,#10998);
#10997 = CARTESIAN_POINT('',(47.5,181.85,71.631397208143));
#10998 = VECTOR('',#10999,1.);
#10999 = DIRECTION('',(-1.,-5.318914247286E-16,-6.661338147751E-16));
#11000 = PCURVE('',#73,#11001);
#11001 = DEFINITIONAL_REPRESENTATION('',(#11002),#11006);
#11002 = LINE('',#11003,#11004);
#11003 = CARTESIAN_POINT('',(8.3,40.317662332897));
#11004 = VECTOR('',#11005,1.);
#11005 = DIRECTION('',(0.,-1.));
#11006 = ( GEOMETRIC_REPRESENTATION_CONTEXT(2) 
PARAMETRIC_REPRESENTATION_CONTEXT() REPRESENTATION_CONTEXT('2D SPACE',''
  ) );
#11007 = PCURVE('',#4051,#11008);
#11008 = DEFINITIONAL_REPRESENTATION('',(#11009),#11013);
#11009 = LINE('',#11010,#11011);
#11010 = CARTESIAN_POINT('',(0.,0.));
#11011 = VECTOR('',#11012,1.);
#11012 = DIRECTION('',(0.,-1.));
#11013 = ( GEOMETRIC_REPRESENTATION_CONTEXT(2) 
PARAMETRIC_REPRESENTATION_CONTEXT() REPRESENTATION_CONTEXT('2D SPACE',''
  ) );
#11014 = ORIENTED_EDGE('',*,*,#5861,.F.);
#11015 = ORIENTED_EDGE('',*,*,#4249,.F.);
#11016 = ADVANCED_FACE('',(#11017),#165,.F.);
#11017 = FACE_BOUND('',#11018,.F.);
#11018 = EDGE_LOOP('',(#11019,#11020,#11021,#11043));
#11019 = ORIENTED_EDGE('',*,*,#10962,.F.);
#11020 = ORIENTED_EDGE('',*,*,#142,.F.);
#11021 = ORIENTED_EDGE('',*,*,#11022,.T.);
#11022 = EDGE_CURVE('',#143,#206,#11023,.T.);
#11023 = SURFACE_CURVE('',#11024,(#11029,#11036),.PCURVE_S1.);
#11024 = CIRCLE('',#11025,1.35);
#11025 = AXIS2_PLACEMENT_3D('',#11026,#11027,#11028);
#11026 = CARTESIAN_POINT('',(39.,176.5,74.131397208143));
#11027 = DIRECTION('',(6.661338147751E-16,-7.495338295473E-15,-1.));
#11028 = DIRECTION('',(-5.318914247286E-16,1.,-7.495338295473E-15));
#11029 = PCURVE('',#165,#11030);
#11030 = DEFINITIONAL_REPRESENTATION('',(#11031),#11035);
#11031 = LINE('',#11032,#11033);
#11032 = CARTESIAN_POINT('',(0.,0.));
#11033 = VECTOR('',#11034,1.);
#11034 = DIRECTION('',(1.,0.));
#11035 = ( GEOMETRIC_REPRESENTATION_CONTEXT(2) 
PARAMETRIC_REPRESENTATION_CONTEXT() REPRESENTATION_CONTEXT('2D SPACE',''
  ) );
#11036 = PCURVE('',#243,#11037);
#11037 = DEFINITIONAL_REPRESENTATION('',(#11038),#11042);
#11038 = CIRCLE('',#11039,1.35);
#11039 = AXIS2_PLACEMENT_2D('',#11040,#11041);
#11040 = CARTESIAN_POINT('',(0.,0.));
#11041 = DIRECTION('',(1.,0.));
#11042 = ( GEOMETRIC_REPRESENTATION_CONTEXT(2) 
PARAMETRIC_REPRESENTATION_CONTEXT() REPRESENTATION_CONTEXT('2D SPACE',''
  ) );
#11043 = ORIENTED_EDGE('',*,*,#205,.T.);
#11044 = ADVANCED_FACE('',(#11045),#243,.T.);
#11045 = FACE_BOUND('',#11046,.T.);
#11046 = EDGE_LOOP('',(#11047,#11048));
#11047 = ORIENTED_EDGE('',*,*,#11022,.T.);
#11048 = ORIENTED_EDGE('',*,*,#228,.T.);
#11049 = ADVANCED_FACE('',(#11050),#44,.F.);
#11050 = FACE_BOUND('',#11051,.F.);
#11051 = EDGE_LOOP('',(#11052,#11053,#11054,#11076));
#11052 = ORIENTED_EDGE('',*,*,#10933,.F.);
#11053 = ORIENTED_EDGE('',*,*,#21,.F.);
#11054 = ORIENTED_EDGE('',*,*,#11055,.T.);
#11055 = EDGE_CURVE('',#22,#90,#11056,.T.);
#11056 = SURFACE_CURVE('',#11057,(#11062,#11069),.PCURVE_S1.);
#11057 = CIRCLE('',#11058,1.35);
#11058 = AXIS2_PLACEMENT_3D('',#11059,#11060,#11061);
#11059 = CARTESIAN_POINT('',(39.,167.,74.131397208143));
#11060 = DIRECTION('',(6.661338147751E-16,-7.495338295473E-15,-1.));
#11061 = DIRECTION('',(-5.318914247286E-16,1.,-7.495338295473E-15));
#11062 = PCURVE('',#44,#11063);
#11063 = DEFINITIONAL_REPRESENTATION('',(#11064),#11068);
#11064 = LINE('',#11065,#11066);
#11065 = CARTESIAN_POINT('',(0.,0.));
#11066 = VECTOR('',#11067,1.);
#11067 = DIRECTION('',(1.,0.));
#11068 = ( GEOMETRIC_REPRESENTATION_CONTEXT(2) 
PARAMETRIC_REPRESENTATION_CONTEXT() REPRESENTATION_CONTEXT('2D SPACE',''
  ) );
#11069 = PCURVE('',#127,#11070);
#11070 = DEFINITIONAL_REPRESENTATION('',(#11071),#11075);
#11071 = CIRCLE('',#11072,1.35);
#11072 = AXIS2_PLACEMENT_2D('',#11073,#11074);
#11073 = CARTESIAN_POINT('',(0.,0.));
#11074 = DIRECTION('',(1.,0.));
#11075 = ( GEOMETRIC_REPRESENTATION_CONTEXT(2) 
PARAMETRIC_REPRESENTATION_CONTEXT() REPRESENTATION_CONTEXT('2D SPACE',''
  ) );
#11076 = ORIENTED_EDGE('',*,*,#89,.T.);
#11077 = ADVANCED_FACE('',(#11078),#127,.T.);
#11078 = FACE_BOUND('',#11079,.T.);
#11079 = EDGE_LOOP('',(#11080,#11081));
#11080 = ORIENTED_EDGE('',*,*,#11055,.T.);
#11081 = ORIENTED_EDGE('',*,*,#112,.T.);
#11082 = ADVANCED_FACE('',(#11083),#4023,.F.);
#11083 = FACE_BOUND('',#11084,.T.);
#11084 = EDGE_LOOP('',(#11085,#11086,#11087,#11088));
#11085 = ORIENTED_EDGE('',*,*,#4007,.T.);
#11086 = ORIENTED_EDGE('',*,*,#4295,.F.);
#11087 = ORIENTED_EDGE('',*,*,#5907,.F.);
#11088 = ORIENTED_EDGE('',*,*,#11089,.T.);
#11089 = EDGE_CURVE('',#5885,#4008,#11090,.T.);
#11090 = SURFACE_CURVE('',#11091,(#11095,#11102),.PCURVE_S1.);
#11091 = LINE('',#11092,#11093);
#11092 = CARTESIAN_POINT('',(47.5,181.85,65.231397208143));
#11093 = VECTOR('',#11094,1.);
#11094 = DIRECTION('',(-1.,-5.318914247286E-16,-6.661338147751E-16));
#11095 = PCURVE('',#4023,#11096);
#11096 = DEFINITIONAL_REPRESENTATION('',(#11097),#11101);
#11097 = LINE('',#11098,#11099);
#11098 = CARTESIAN_POINT('',(20.,0.));
#11099 = VECTOR('',#11100,1.);
#11100 = DIRECTION('',(0.,-1.));
#11101 = ( GEOMETRIC_REPRESENTATION_CONTEXT(2) 
PARAMETRIC_REPRESENTATION_CONTEXT() REPRESENTATION_CONTEXT('2D SPACE',''
  ) );
#11102 = PCURVE('',#4051,#11103);
#11103 = DEFINITIONAL_REPRESENTATION('',(#11104),#11108);
#11104 = LINE('',#11105,#11106);
#11105 = CARTESIAN_POINT('',(-6.4,0.));
#11106 = VECTOR('',#11107,1.);
#11107 = DIRECTION('',(0.,-1.));
#11108 = ( GEOMETRIC_REPRESENTATION_CONTEXT(2) 
PARAMETRIC_REPRESENTATION_CONTEXT() REPRESENTATION_CONTEXT('2D SPACE',''
  ) );
#11109 = ADVANCED_FACE('',(#11110),#4051,.F.);
#11110 = FACE_BOUND('',#11111,.T.);
#11111 = EDGE_LOOP('',(#11112,#11113,#11114,#11115));
#11112 = ORIENTED_EDGE('',*,*,#4035,.T.);
#11113 = ORIENTED_EDGE('',*,*,#11089,.F.);
#11114 = ORIENTED_EDGE('',*,*,#5884,.F.);
#11115 = ORIENTED_EDGE('',*,*,#10994,.T.);
#11116 = ( GEOMETRIC_REPRESENTATION_CONTEXT(3) 
GLOBAL_UNCERTAINTY_ASSIGNED_CONTEXT((#11120)) 
GLOBAL_UNIT_ASSIGNED_CONTEXT((#11117,#11118,#11119)) 
REPRESENTATION_CONTEXT('Context #1',
  '3D Context with UNIT and UNCERTAINTY') );
#11117 = ( LENGTH_UNIT() NAMED_UNIT(*) SI_UNIT(.MILLI.,.METRE.) );
#11118 = ( NAMED_UNIT(*) PLANE_ANGLE_UNIT() SI_UNIT($,.RADIAN.) );
#11119 = ( NAMED_UNIT(*) SI_UNIT($,.STERADIAN.) SOLID_ANGLE_UNIT() );
#11120 = UNCERTAINTY_MEASURE_WITH_UNIT(LENGTH_MEASURE(1.E-05),#11117,
  'distance_accuracy_value','confusion accuracy');
#11121 = PRODUCT_RELATED_PRODUCT_CATEGORY('part',$,(#7));
ENDSEC;
END-ISO-10303-21;
