ISO-10303-21;
HEADER;
FILE_DESCRIPTION(('Open CASCADE Model'),'2;1');
FILE_NAME('Open CASCADE Shape Model','2026-09-19T11:07:50',('Author'),(
    'Open CASCADE'),'Open CASCADE STEP processor 7.9','Open CASCADE 7.9'
  ,'Unknown');
FILE_SCHEMA(('AUTOMOTIVE_DESIGN { 1 0 10303 214 1 1 1 1 }'));
ENDSEC;
DATA;
#1 = APPLICATION_PROTOCOL_DEFINITION('international standard',
  'automotive_design',2000,#2);
#2 = APPLICATION_CONTEXT(
  'core data for automotive mechanical design processes');
#3 = SHAPE_DEFINITION_REPRESENTATION(#4,#10);
#4 = PRODUCT_DEFINITION_SHAPE('','',#5);
#5 = PRODUCT_DEFINITION('design','',#6,#9);
#6 = PRODUCT_DEFINITION_FORMATION('','',#7);
#7 = PRODUCT('Open CASCADE STEP translator 7.9 23',
  'Open CASCADE STEP translator 7.9 23','',(#8));
#8 = PRODUCT_CONTEXT('',#2,'mechanical');
#9 = PRODUCT_DEFINITION_CONTEXT('part definition',#2,'design');
#10 = ADVANCED_BREP_SHAPE_REPRESENTATION('',(#11,#15),#11434);
#11 = AXIS2_PLACEMENT_3D('',#12,#13,#14);
#12 = CARTESIAN_POINT('',(0.,0.,0.));
#13 = DIRECTION('',(0.,0.,1.));
#14 = DIRECTION('',(1.,0.,-0.));
#15 = MANIFOLD_SOLID_BREP('',#16);
#16 = CLOSED_SHELL('',(#17,#139,#260,#376,#492,#608,#724,#840,#966,#1048
    ,#1169,#1251,#1367,#1449,#1570,#1647,#1893,#2010,#2097,#2212,#2327,
    #2442,#2557,#2668,#2779,#2890,#3001,#3112,#3223,#3372,#3443,#3649,
    #3770,#3841,#3913,#4017,#4088,#4175,#4269,#4296,#4844,#4897,#4950,
    #5003,#5056,#5109,#5162,#5249,#5369,#5484,#5706,#5763,#5820,#5877,
    #5934,#6129,#6224,#6354,#6427,#6767,#6933,#7009,#7155,#7230,#7280,
    #7652,#7679,#7706,#7798,#7899,#7931,#7938,#7970,#7977,#8009,#8016,
    #8048,#8055,#8165,#8382,#8459,#8570,#8646,#8863,#8910,#9008,#9154,
    #9254,#9303,#9429,#9456,#9505,#9609,#9636,#9666,#9673,#9703,#9710,
    #9740,#9747,#9777,#9784,#9814,#9821,#9851,#9858,#9931,#10004,#10053,
    #10102,#10154,#10181,#10208,#10235,#10262,#10289,#10316,#10343,
    #10370,#10397,#10424,#10451,#10478,#10505,#10532,#10583,#10613,
    #10620,#10667,#10694,#10721,#10748,#10775,#10802,#10829,#10836,
    #10864,#10892,#10899,#10926,#10953,#10960,#10987,#11014,#11041,
    #11068,#11096,#11123,#11130,#11216,#11297,#11344,#11351,#11358,
    #11385,#11392,#11399,#11406,#11413,#11420,#11427));
#17 = ADVANCED_FACE('',(#18),#33,.T.);
#18 = FACE_BOUND('',#19,.T.);
#19 = EDGE_LOOP('',(#20,#56,#84,#113));
#20 = ORIENTED_EDGE('',*,*,#21,.F.);
#21 = EDGE_CURVE('',#22,#24,#26,.T.);
#22 = VERTEX_POINT('',#23);
#23 = CARTESIAN_POINT('',(37.5,379.,-4.046189594223E-12));
#24 = VERTEX_POINT('',#25);
#25 = CARTESIAN_POINT('',(37.5,345.41154273188,-9.000000000004));
#26 = SURFACE_CURVE('',#27,(#32,#44),.PCURVE_S1.);
#27 = CIRCLE('',#28,18.);
#28 = AXIS2_PLACEMENT_3D('',#29,#30,#31);
#29 = CARTESIAN_POINT('',(37.5,361.,-3.924037305939E-12));
#30 = DIRECTION('',(-1.,3.108532283331E-16,-6.64265828938E-16));
#31 = DIRECTION('',(-3.108532283332E-16,-1.,6.786238238021E-15));
#32 = PCURVE('',#33,#38);
#33 = CONICAL_SURFACE('',#34,18.,0.785398163397);
#34 = AXIS2_PLACEMENT_3D('',#35,#36,#37);
#35 = CARTESIAN_POINT('',(37.5,361.,-3.924037305939E-12));
#36 = DIRECTION('',(1.,-3.108532283331E-16,6.64265828938E-16));
#37 = DIRECTION('',(3.108532283332E-16,1.,-6.786238238021E-15));
#38 = DEFINITIONAL_REPRESENTATION('',(#39),#43);
#39 = LINE('',#40,#41);
#40 = CARTESIAN_POINT('',(9.424777960769,0.));
#41 = VECTOR('',#42,1.);
#42 = DIRECTION('',(-1.,0.));
#43 = ( GEOMETRIC_REPRESENTATION_CONTEXT(2) 
PARAMETRIC_REPRESENTATION_CONTEXT() REPRESENTATION_CONTEXT('2D SPACE',''
  ) );
#44 = PCURVE('',#45,#50);
#45 = PLANE('',#46);
#46 = AXIS2_PLACEMENT_3D('',#47,#48,#49);
#47 = CARTESIAN_POINT('',(37.5,361.,-3.924037305939E-12));
#48 = DIRECTION('',(-1.,3.108532283331E-16,-6.64265828938E-16));
#49 = DIRECTION('',(-3.108532283332E-16,-1.,6.786238238021E-15));
#50 = DEFINITIONAL_REPRESENTATION('',(#51),#55);
#51 = CIRCLE('',#52,18.);
#52 = AXIS2_PLACEMENT_2D('',#53,#54);
#53 = CARTESIAN_POINT('',(0.,0.));
#54 = DIRECTION('',(1.,0.));
#55 = ( GEOMETRIC_REPRESENTATION_CONTEXT(2) 
PARAMETRIC_REPRESENTATION_CONTEXT() REPRESENTATION_CONTEXT('2D SPACE',''
  ) );
#56 = ORIENTED_EDGE('',*,*,#57,.T.);
#57 = EDGE_CURVE('',#22,#58,#60,.T.);
#58 = VERTEX_POINT('',#59);
#59 = CARTESIAN_POINT('',(38.5,380.,-4.052311566633E-12));
#60 = SURFACE_CURVE('',#61,(#65,#72),.PCURVE_S1.);
#61 = LINE('',#62,#63);
#62 = CARTESIAN_POINT('',(37.5,379.,-4.046189594223E-12));
#63 = VECTOR('',#64,1.);
#64 = DIRECTION('',(0.707106781187,0.707106781187,-4.3288882047E-15));
#65 = PCURVE('',#33,#66);
#66 = DEFINITIONAL_REPRESENTATION('',(#67),#71);
#67 = LINE('',#68,#69);
#68 = CARTESIAN_POINT('',(6.28318530718,0.));
#69 = VECTOR('',#70,1.);
#70 = DIRECTION('',(0.,1.));
#71 = ( GEOMETRIC_REPRESENTATION_CONTEXT(2) 
PARAMETRIC_REPRESENTATION_CONTEXT() REPRESENTATION_CONTEXT('2D SPACE',''
  ) );
#72 = PCURVE('',#73,#78);
#73 = CONICAL_SURFACE('',#74,18.,0.785398163397);
#74 = AXIS2_PLACEMENT_3D('',#75,#76,#77);
#75 = CARTESIAN_POINT('',(37.5,361.,-3.924037305939E-12));
#76 = DIRECTION('',(1.,-3.108532283331E-16,6.64265828938E-16));
#77 = DIRECTION('',(3.108532283332E-16,1.,-6.786238238021E-15));
#78 = DEFINITIONAL_REPRESENTATION('',(#79),#83);
#79 = LINE('',#80,#81);
#80 = CARTESIAN_POINT('',(0.,0.));
#81 = VECTOR('',#82,1.);
#82 = DIRECTION('',(0.,1.));
#83 = ( GEOMETRIC_REPRESENTATION_CONTEXT(2) 
PARAMETRIC_REPRESENTATION_CONTEXT() REPRESENTATION_CONTEXT('2D SPACE',''
  ) );
#84 = ORIENTED_EDGE('',*,*,#85,.F.);
#85 = EDGE_CURVE('',#86,#58,#88,.T.);
#86 = VERTEX_POINT('',#87);
#87 = CARTESIAN_POINT('',(38.5,344.54551732809,-9.500000000004));
#88 = SURFACE_CURVE('',#89,(#94,#101),.PCURVE_S1.);
#89 = CIRCLE('',#90,19.);
#90 = AXIS2_PLACEMENT_3D('',#91,#92,#93);
#91 = CARTESIAN_POINT('',(38.5,361.,-3.92337304011E-12));
#92 = DIRECTION('',(1.,-3.108532283331E-16,6.64265828938E-16));
#93 = DIRECTION('',(-3.108532283332E-16,-1.,6.786238238021E-15));
#94 = PCURVE('',#33,#95);
#95 = DEFINITIONAL_REPRESENTATION('',(#96),#100);
#96 = LINE('',#97,#98);
#97 = CARTESIAN_POINT('',(3.14159265359,1.));
#98 = VECTOR('',#99,1.);
#99 = DIRECTION('',(1.,0.));
#100 = ( GEOMETRIC_REPRESENTATION_CONTEXT(2) 
PARAMETRIC_REPRESENTATION_CONTEXT() REPRESENTATION_CONTEXT('2D SPACE',''
  ) );
#101 = PCURVE('',#102,#107);
#102 = CYLINDRICAL_SURFACE('',#103,19.);
#103 = AXIS2_PLACEMENT_3D('',#104,#105,#106);
#104 = CARTESIAN_POINT('',(43.5,361.,-3.920051710965E-12));
#105 = DIRECTION('',(1.,-3.108532283331E-16,6.64265828938E-16));
#106 = DIRECTION('',(3.108532283332E-16,1.,-6.786238238021E-15));
#107 = DEFINITIONAL_REPRESENTATION('',(#108),#112);
#108 = LINE('',#109,#110);
#109 = CARTESIAN_POINT('',(3.14159265359,-5.));
#110 = VECTOR('',#111,1.);
#111 = DIRECTION('',(1.,0.));
#112 = ( GEOMETRIC_REPRESENTATION_CONTEXT(2) 
PARAMETRIC_REPRESENTATION_CONTEXT() REPRESENTATION_CONTEXT('2D SPACE',''
  ) );
#113 = ORIENTED_EDGE('',*,*,#114,.T.);
#114 = EDGE_CURVE('',#86,#24,#115,.T.);
#115 = SURFACE_CURVE('',#116,(#120,#127),.PCURVE_S1.);
#116 = LINE('',#117,#118);
#117 = CARTESIAN_POINT('',(38.5,344.54551732809,-9.500000000004));
#118 = VECTOR('',#119,1.);
#119 = DIRECTION('',(-0.707106781187,0.612372435696,0.353553390593));
#120 = PCURVE('',#33,#121);
#121 = DEFINITIONAL_REPRESENTATION('',(#122),#126);
#122 = LINE('',#123,#124);
#123 = CARTESIAN_POINT('',(3.665191429188,1.));
#124 = VECTOR('',#125,1.);
#125 = DIRECTION('',(0.,-1.));
#126 = ( GEOMETRIC_REPRESENTATION_CONTEXT(2) 
PARAMETRIC_REPRESENTATION_CONTEXT() REPRESENTATION_CONTEXT('2D SPACE',''
  ) );
#127 = PCURVE('',#128,#133);
#128 = PLANE('',#129);
#129 = AXIS2_PLACEMENT_3D('',#130,#131,#132);
#130 = CARTESIAN_POINT('',(37.5,345.41154273188,-9.000000000004));
#131 = DIRECTION('',(-0.707106781187,-0.612372435696,-0.353553390593));
#132 = DIRECTION('',(7.029421212772E-16,0.5,-0.866025403784));
#133 = DEFINITIONAL_REPRESENTATION('',(#134),#138);
#134 = LINE('',#135,#136);
#135 = CARTESIAN_POINT('',(-2.581268532253E-15,1.414213562373));
#136 = VECTOR('',#137,1.);
#137 = DIRECTION('',(-7.020188102728E-16,-1.));
#138 = ( GEOMETRIC_REPRESENTATION_CONTEXT(2) 
PARAMETRIC_REPRESENTATION_CONTEXT() REPRESENTATION_CONTEXT('2D SPACE',''
  ) );
#139 = ADVANCED_FACE('',(#140),#154,.F.);
#140 = FACE_BOUND('',#141,.F.);
#141 = EDGE_LOOP('',(#142,#177,#210,#233));
#142 = ORIENTED_EDGE('',*,*,#143,.T.);
#143 = EDGE_CURVE('',#144,#146,#148,.T.);
#144 = VERTEX_POINT('',#145);
#145 = CARTESIAN_POINT('',(48.3,373.19326673973,-5.250000000004));
#146 = VERTEX_POINT('',#147);
#147 = CARTESIAN_POINT('',(49.5,373.19326673973,-5.250000000004));
#148 = SURFACE_CURVE('',#149,(#153,#165),.PCURVE_S1.);
#149 = LINE('',#150,#151);
#150 = CARTESIAN_POINT('',(48.3,373.19326673973,-5.250000000004));
#151 = VECTOR('',#152,1.);
#152 = DIRECTION('',(1.,-3.108532283331E-16,6.64265828938E-16));
#153 = PCURVE('',#154,#159);
#154 = CYLINDRICAL_SURFACE('',#155,3.1);
#155 = AXIS2_PLACEMENT_3D('',#156,#157,#158);
#156 = CARTESIAN_POINT('',(48.3,370.09326673973,-5.250000000004));
#157 = DIRECTION('',(1.,-3.108532283331E-16,6.64265828938E-16));
#158 = DIRECTION('',(3.108532283332E-16,1.,-6.786238238021E-15));
#159 = DEFINITIONAL_REPRESENTATION('',(#160),#164);
#160 = LINE('',#161,#162);
#161 = CARTESIAN_POINT('',(6.28318530718,0.));
#162 = VECTOR('',#163,1.);
#163 = DIRECTION('',(0.,1.));
#164 = ( GEOMETRIC_REPRESENTATION_CONTEXT(2) 
PARAMETRIC_REPRESENTATION_CONTEXT() REPRESENTATION_CONTEXT('2D SPACE',''
  ) );
#165 = PCURVE('',#166,#171);
#166 = CYLINDRICAL_SURFACE('',#167,3.1);
#167 = AXIS2_PLACEMENT_3D('',#168,#169,#170);
#168 = CARTESIAN_POINT('',(48.3,370.09326673973,-5.250000000004));
#169 = DIRECTION('',(1.,-3.108532283331E-16,6.64265828938E-16));
#170 = DIRECTION('',(3.108532283332E-16,1.,-6.786238238021E-15));
#171 = DEFINITIONAL_REPRESENTATION('',(#172),#176);
#172 = LINE('',#173,#174);
#173 = CARTESIAN_POINT('',(0.,0.));
#174 = VECTOR('',#175,1.);
#175 = DIRECTION('',(0.,1.));
#176 = ( GEOMETRIC_REPRESENTATION_CONTEXT(2) 
PARAMETRIC_REPRESENTATION_CONTEXT() REPRESENTATION_CONTEXT('2D SPACE',''
  ) );
#177 = ORIENTED_EDGE('',*,*,#178,.F.);
#178 = EDGE_CURVE('',#179,#146,#181,.T.);
#179 = VERTEX_POINT('',#180);
#180 = CARTESIAN_POINT('',(49.5,366.99326673973,-5.250000000004));
#181 = SURFACE_CURVE('',#182,(#187,#194),.PCURVE_S1.);
#182 = CIRCLE('',#183,3.1);
#183 = AXIS2_PLACEMENT_3D('',#184,#185,#186);
#184 = CARTESIAN_POINT('',(49.5,370.09326673973,-5.250000000004));
#185 = DIRECTION('',(1.,-3.108532283331E-16,6.64265828938E-16));
#186 = DIRECTION('',(3.108532283332E-16,1.,-6.786238238021E-15));
#187 = PCURVE('',#154,#188);
#188 = DEFINITIONAL_REPRESENTATION('',(#189),#193);
#189 = LINE('',#190,#191);
#190 = CARTESIAN_POINT('',(0.,1.2));
#191 = VECTOR('',#192,1.);
#192 = DIRECTION('',(1.,0.));
#193 = ( GEOMETRIC_REPRESENTATION_CONTEXT(2) 
PARAMETRIC_REPRESENTATION_CONTEXT() REPRESENTATION_CONTEXT('2D SPACE',''
  ) );
#194 = PCURVE('',#195,#200);
#195 = PLANE('',#196);
#196 = AXIS2_PLACEMENT_3D('',#197,#198,#199);
#197 = CARTESIAN_POINT('',(49.5,361.,-3.916066115992E-12));
#198 = DIRECTION('',(-1.,3.108532283331E-16,-6.64265828938E-16));
#199 = DIRECTION('',(-3.108532283332E-16,-1.,6.786238238021E-15));
#200 = DEFINITIONAL_REPRESENTATION('',(#201),#209);
#201 = ( BOUNDED_CURVE() B_SPLINE_CURVE(2,(#202,#203,#204,#205,#206,#207
,#208),.UNSPECIFIED.,.T.,.F.) B_SPLINE_CURVE_WITH_KNOTS((1,2,2,2,2,1),(
    -2.094395102393,0.,2.094395102393,4.188790204786,6.28318530718,
8.377580409573),.UNSPECIFIED.) CURVE() GEOMETRIC_REPRESENTATION_ITEM() 
RATIONAL_B_SPLINE_CURVE((1.,0.5,1.,0.5,1.,0.5,1.)) REPRESENTATION_ITEM(
  '') );
#202 = CARTESIAN_POINT('',(-12.19326673973,-5.25));
#203 = CARTESIAN_POINT('',(-12.19326673973,0.119357503464));
#204 = CARTESIAN_POINT('',(-7.543266739737,-2.565321248268));
#205 = CARTESIAN_POINT('',(-2.893266739737,-5.25));
#206 = CARTESIAN_POINT('',(-7.543266739737,-7.934678751732));
#207 = CARTESIAN_POINT('',(-12.19326673973,-10.61935750346));
#208 = CARTESIAN_POINT('',(-12.19326673973,-5.25));
#209 = ( GEOMETRIC_REPRESENTATION_CONTEXT(2) 
PARAMETRIC_REPRESENTATION_CONTEXT() REPRESENTATION_CONTEXT('2D SPACE',''
  ) );
#210 = ORIENTED_EDGE('',*,*,#211,.F.);
#211 = EDGE_CURVE('',#212,#179,#214,.T.);
#212 = VERTEX_POINT('',#213);
#213 = CARTESIAN_POINT('',(48.3,366.99326673973,-5.250000000004));
#214 = SURFACE_CURVE('',#215,(#219,#226),.PCURVE_S1.);
#215 = LINE('',#216,#217);
#216 = CARTESIAN_POINT('',(48.3,366.99326673973,-5.250000000004));
#217 = VECTOR('',#218,1.);
#218 = DIRECTION('',(1.,-3.108532283331E-16,6.64265828938E-16));
#219 = PCURVE('',#154,#220);
#220 = DEFINITIONAL_REPRESENTATION('',(#221),#225);
#221 = LINE('',#222,#223);
#222 = CARTESIAN_POINT('',(3.14159265359,0.));
#223 = VECTOR('',#224,1.);
#224 = DIRECTION('',(0.,1.));
#225 = ( GEOMETRIC_REPRESENTATION_CONTEXT(2) 
PARAMETRIC_REPRESENTATION_CONTEXT() REPRESENTATION_CONTEXT('2D SPACE',''
  ) );
#226 = PCURVE('',#166,#227);
#227 = DEFINITIONAL_REPRESENTATION('',(#228),#232);
#228 = LINE('',#229,#230);
#229 = CARTESIAN_POINT('',(3.14159265359,0.));
#230 = VECTOR('',#231,1.);
#231 = DIRECTION('',(0.,1.));
#232 = ( GEOMETRIC_REPRESENTATION_CONTEXT(2) 
PARAMETRIC_REPRESENTATION_CONTEXT() REPRESENTATION_CONTEXT('2D SPACE',''
  ) );
#233 = ORIENTED_EDGE('',*,*,#234,.T.);
#234 = EDGE_CURVE('',#212,#144,#235,.T.);
#235 = SURFACE_CURVE('',#236,(#241,#248),.PCURVE_S1.);
#236 = CIRCLE('',#237,3.1);
#237 = AXIS2_PLACEMENT_3D('',#238,#239,#240);
#238 = CARTESIAN_POINT('',(48.3,370.09326673973,-5.250000000004));
#239 = DIRECTION('',(1.,-3.108532283331E-16,6.64265828938E-16));
#240 = DIRECTION('',(3.108532283332E-16,1.,-6.786238238021E-15));
#241 = PCURVE('',#154,#242);
#242 = DEFINITIONAL_REPRESENTATION('',(#243),#247);
#243 = LINE('',#244,#245);
#244 = CARTESIAN_POINT('',(0.,0.));
#245 = VECTOR('',#246,1.);
#246 = DIRECTION('',(1.,0.));
#247 = ( GEOMETRIC_REPRESENTATION_CONTEXT(2) 
PARAMETRIC_REPRESENTATION_CONTEXT() REPRESENTATION_CONTEXT('2D SPACE',''
  ) );
#248 = PCURVE('',#249,#254);
#249 = PLANE('',#250);
#250 = AXIS2_PLACEMENT_3D('',#251,#252,#253);
#251 = CARTESIAN_POINT('',(48.3,370.09326673973,-5.250000000004));
#252 = DIRECTION('',(1.,-3.108532283331E-16,6.64265828938E-16));
#253 = DIRECTION('',(3.108532283332E-16,1.,-6.786238238021E-15));
#254 = DEFINITIONAL_REPRESENTATION('',(#255),#259);
#255 = CIRCLE('',#256,3.1);
#256 = AXIS2_PLACEMENT_2D('',#257,#258);
#257 = CARTESIAN_POINT('',(0.,0.));
#258 = DIRECTION('',(1.,0.));
#259 = ( GEOMETRIC_REPRESENTATION_CONTEXT(2) 
PARAMETRIC_REPRESENTATION_CONTEXT() REPRESENTATION_CONTEXT('2D SPACE',''
  ) );
#260 = ADVANCED_FACE('',(#261),#275,.F.);
#261 = FACE_BOUND('',#262,.F.);
#262 = EDGE_LOOP('',(#263,#298,#326,#349));
#263 = ORIENTED_EDGE('',*,*,#264,.T.);
#264 = EDGE_CURVE('',#265,#267,#269,.T.);
#265 = VERTEX_POINT('',#266);
#266 = CARTESIAN_POINT('',(48.3,355.00673326026,-5.250000000004));
#267 = VERTEX_POINT('',#268);
#268 = CARTESIAN_POINT('',(49.5,355.00673326026,-5.250000000004));
#269 = SURFACE_CURVE('',#270,(#274,#286),.PCURVE_S1.);
#270 = LINE('',#271,#272);
#271 = CARTESIAN_POINT('',(48.3,355.00673326026,-5.250000000004));
#272 = VECTOR('',#273,1.);
#273 = DIRECTION('',(1.,-3.108532283331E-16,6.64265828938E-16));
#274 = PCURVE('',#275,#280);
#275 = CYLINDRICAL_SURFACE('',#276,3.1);
#276 = AXIS2_PLACEMENT_3D('',#277,#278,#279);
#277 = CARTESIAN_POINT('',(48.3,351.90673326026,-5.250000000004));
#278 = DIRECTION('',(1.,-3.108532283331E-16,6.64265828938E-16));
#279 = DIRECTION('',(3.108532283332E-16,1.,-6.786238238021E-15));
#280 = DEFINITIONAL_REPRESENTATION('',(#281),#285);
#281 = LINE('',#282,#283);
#282 = CARTESIAN_POINT('',(6.28318530718,0.));
#283 = VECTOR('',#284,1.);
#284 = DIRECTION('',(0.,1.));
#285 = ( GEOMETRIC_REPRESENTATION_CONTEXT(2) 
PARAMETRIC_REPRESENTATION_CONTEXT() REPRESENTATION_CONTEXT('2D SPACE',''
  ) );
#286 = PCURVE('',#287,#292);
#287 = CYLINDRICAL_SURFACE('',#288,3.1);
#288 = AXIS2_PLACEMENT_3D('',#289,#290,#291);
#289 = CARTESIAN_POINT('',(48.3,351.90673326026,-5.250000000004));
#290 = DIRECTION('',(1.,-3.108532283331E-16,6.64265828938E-16));
#291 = DIRECTION('',(3.108532283332E-16,1.,-6.786238238021E-15));
#292 = DEFINITIONAL_REPRESENTATION('',(#293),#297);
#293 = LINE('',#294,#295);
#294 = CARTESIAN_POINT('',(0.,0.));
#295 = VECTOR('',#296,1.);
#296 = DIRECTION('',(0.,1.));
#297 = ( GEOMETRIC_REPRESENTATION_CONTEXT(2) 
PARAMETRIC_REPRESENTATION_CONTEXT() REPRESENTATION_CONTEXT('2D SPACE',''
  ) );
#298 = ORIENTED_EDGE('',*,*,#299,.F.);
#299 = EDGE_CURVE('',#300,#267,#302,.T.);
#300 = VERTEX_POINT('',#301);
#301 = CARTESIAN_POINT('',(49.5,348.80673326026,-5.250000000004));
#302 = SURFACE_CURVE('',#303,(#308,#315),.PCURVE_S1.);
#303 = CIRCLE('',#304,3.1);
#304 = AXIS2_PLACEMENT_3D('',#305,#306,#307);
#305 = CARTESIAN_POINT('',(49.5,351.90673326026,-5.250000000004));
#306 = DIRECTION('',(1.,-3.108532283331E-16,6.64265828938E-16));
#307 = DIRECTION('',(3.108532283332E-16,1.,-6.786238238021E-15));
#308 = PCURVE('',#275,#309);
#309 = DEFINITIONAL_REPRESENTATION('',(#310),#314);
#310 = LINE('',#311,#312);
#311 = CARTESIAN_POINT('',(0.,1.2));
#312 = VECTOR('',#313,1.);
#313 = DIRECTION('',(1.,0.));
#314 = ( GEOMETRIC_REPRESENTATION_CONTEXT(2) 
PARAMETRIC_REPRESENTATION_CONTEXT() REPRESENTATION_CONTEXT('2D SPACE',''
  ) );
#315 = PCURVE('',#195,#316);
#316 = DEFINITIONAL_REPRESENTATION('',(#317),#325);
#317 = ( BOUNDED_CURVE() B_SPLINE_CURVE(2,(#318,#319,#320,#321,#322,#323
,#324),.UNSPECIFIED.,.T.,.F.) B_SPLINE_CURVE_WITH_KNOTS((1,2,2,2,2,1),(
    -2.094395102393,0.,2.094395102393,4.188790204786,6.28318530718,
8.377580409573),.UNSPECIFIED.) CURVE() GEOMETRIC_REPRESENTATION_ITEM() 
RATIONAL_B_SPLINE_CURVE((1.,0.5,1.,0.5,1.,0.5,1.)) REPRESENTATION_ITEM(
  '') );
#318 = CARTESIAN_POINT('',(5.993266739737,-5.25));
#319 = CARTESIAN_POINT('',(5.993266739737,0.119357503464));
#320 = CARTESIAN_POINT('',(10.643266739737,-2.565321248268));
#321 = CARTESIAN_POINT('',(15.293266739737,-5.25));
#322 = CARTESIAN_POINT('',(10.643266739737,-7.934678751732));
#323 = CARTESIAN_POINT('',(5.993266739737,-10.61935750346));
#324 = CARTESIAN_POINT('',(5.993266739737,-5.25));
#325 = ( GEOMETRIC_REPRESENTATION_CONTEXT(2) 
PARAMETRIC_REPRESENTATION_CONTEXT() REPRESENTATION_CONTEXT('2D SPACE',''
  ) );
#326 = ORIENTED_EDGE('',*,*,#327,.F.);
#327 = EDGE_CURVE('',#328,#300,#330,.T.);
#328 = VERTEX_POINT('',#329);
#329 = CARTESIAN_POINT('',(48.3,348.80673326026,-5.250000000004));
#330 = SURFACE_CURVE('',#331,(#335,#342),.PCURVE_S1.);
#331 = LINE('',#332,#333);
#332 = CARTESIAN_POINT('',(48.3,348.80673326026,-5.250000000004));
#333 = VECTOR('',#334,1.);
#334 = DIRECTION('',(1.,-3.108532283331E-16,6.64265828938E-16));
#335 = PCURVE('',#275,#336);
#336 = DEFINITIONAL_REPRESENTATION('',(#337),#341);
#337 = LINE('',#338,#339);
#338 = CARTESIAN_POINT('',(3.14159265359,0.));
#339 = VECTOR('',#340,1.);
#340 = DIRECTION('',(0.,1.));
#341 = ( GEOMETRIC_REPRESENTATION_CONTEXT(2) 
PARAMETRIC_REPRESENTATION_CONTEXT() REPRESENTATION_CONTEXT('2D SPACE',''
  ) );
#342 = PCURVE('',#287,#343);
#343 = DEFINITIONAL_REPRESENTATION('',(#344),#348);
#344 = LINE('',#345,#346);
#345 = CARTESIAN_POINT('',(3.14159265359,0.));
#346 = VECTOR('',#347,1.);
#347 = DIRECTION('',(0.,1.));
#348 = ( GEOMETRIC_REPRESENTATION_CONTEXT(2) 
PARAMETRIC_REPRESENTATION_CONTEXT() REPRESENTATION_CONTEXT('2D SPACE',''
  ) );
#349 = ORIENTED_EDGE('',*,*,#350,.T.);
#350 = EDGE_CURVE('',#328,#265,#351,.T.);
#351 = SURFACE_CURVE('',#352,(#357,#364),.PCURVE_S1.);
#352 = CIRCLE('',#353,3.1);
#353 = AXIS2_PLACEMENT_3D('',#354,#355,#356);
#354 = CARTESIAN_POINT('',(48.3,351.90673326026,-5.250000000004));
#355 = DIRECTION('',(1.,-3.108532283331E-16,6.64265828938E-16));
#356 = DIRECTION('',(3.108532283332E-16,1.,-6.786238238021E-15));
#357 = PCURVE('',#275,#358);
#358 = DEFINITIONAL_REPRESENTATION('',(#359),#363);
#359 = LINE('',#360,#361);
#360 = CARTESIAN_POINT('',(0.,0.));
#361 = VECTOR('',#362,1.);
#362 = DIRECTION('',(1.,0.));
#363 = ( GEOMETRIC_REPRESENTATION_CONTEXT(2) 
PARAMETRIC_REPRESENTATION_CONTEXT() REPRESENTATION_CONTEXT('2D SPACE',''
  ) );
#364 = PCURVE('',#365,#370);
#365 = PLANE('',#366);
#366 = AXIS2_PLACEMENT_3D('',#367,#368,#369);
#367 = CARTESIAN_POINT('',(48.3,351.90673326026,-5.250000000004));
#368 = DIRECTION('',(1.,-3.108532283331E-16,6.64265828938E-16));
#369 = DIRECTION('',(3.108532283332E-16,1.,-6.786238238021E-15));
#370 = DEFINITIONAL_REPRESENTATION('',(#371),#375);
#371 = CIRCLE('',#372,3.1);
#372 = AXIS2_PLACEMENT_2D('',#373,#374);
#373 = CARTESIAN_POINT('',(0.,0.));
#374 = DIRECTION('',(1.,0.));
#375 = ( GEOMETRIC_REPRESENTATION_CONTEXT(2) 
PARAMETRIC_REPRESENTATION_CONTEXT() REPRESENTATION_CONTEXT('2D SPACE',''
  ) );
#376 = ADVANCED_FACE('',(#377),#391,.F.);
#377 = FACE_BOUND('',#378,.F.);
#378 = EDGE_LOOP('',(#379,#414,#442,#465));
#379 = ORIENTED_EDGE('',*,*,#380,.T.);
#380 = EDGE_CURVE('',#381,#383,#385,.T.);
#381 = VERTEX_POINT('',#382);
#382 = CARTESIAN_POINT('',(48.3,364.1,10.499999999996));
#383 = VERTEX_POINT('',#384);
#384 = CARTESIAN_POINT('',(49.5,364.1,10.499999999996));
#385 = SURFACE_CURVE('',#386,(#390,#402),.PCURVE_S1.);
#386 = LINE('',#387,#388);
#387 = CARTESIAN_POINT('',(48.3,364.1,10.499999999996));
#388 = VECTOR('',#389,1.);
#389 = DIRECTION('',(1.,-3.108532283331E-16,6.64265828938E-16));
#390 = PCURVE('',#391,#396);
#391 = CYLINDRICAL_SURFACE('',#392,3.1);
#392 = AXIS2_PLACEMENT_3D('',#393,#394,#395);
#393 = CARTESIAN_POINT('',(48.3,361.,10.499999999996));
#394 = DIRECTION('',(1.,-3.108532283331E-16,6.64265828938E-16));
#395 = DIRECTION('',(3.108532283332E-16,1.,-6.786238238021E-15));
#396 = DEFINITIONAL_REPRESENTATION('',(#397),#401);
#397 = LINE('',#398,#399);
#398 = CARTESIAN_POINT('',(6.28318530718,0.));
#399 = VECTOR('',#400,1.);
#400 = DIRECTION('',(0.,1.));
#401 = ( GEOMETRIC_REPRESENTATION_CONTEXT(2) 
PARAMETRIC_REPRESENTATION_CONTEXT() REPRESENTATION_CONTEXT('2D SPACE',''
  ) );
#402 = PCURVE('',#403,#408);
#403 = CYLINDRICAL_SURFACE('',#404,3.1);
#404 = AXIS2_PLACEMENT_3D('',#405,#406,#407);
#405 = CARTESIAN_POINT('',(48.3,361.,10.499999999996));
#406 = DIRECTION('',(1.,-3.108532283331E-16,6.64265828938E-16));
#407 = DIRECTION('',(3.108532283332E-16,1.,-6.786238238021E-15));
#408 = DEFINITIONAL_REPRESENTATION('',(#409),#413);
#409 = LINE('',#410,#411);
#410 = CARTESIAN_POINT('',(0.,0.));
#411 = VECTOR('',#412,1.);
#412 = DIRECTION('',(0.,1.));
#413 = ( GEOMETRIC_REPRESENTATION_CONTEXT(2) 
PARAMETRIC_REPRESENTATION_CONTEXT() REPRESENTATION_CONTEXT('2D SPACE',''
  ) );
#414 = ORIENTED_EDGE('',*,*,#415,.F.);
#415 = EDGE_CURVE('',#416,#383,#418,.T.);
#416 = VERTEX_POINT('',#417);
#417 = CARTESIAN_POINT('',(49.5,357.9,10.499999999996));
#418 = SURFACE_CURVE('',#419,(#424,#431),.PCURVE_S1.);
#419 = CIRCLE('',#420,3.1);
#420 = AXIS2_PLACEMENT_3D('',#421,#422,#423);
#421 = CARTESIAN_POINT('',(49.5,361.,10.499999999996));
#422 = DIRECTION('',(1.,-3.108532283331E-16,6.64265828938E-16));
#423 = DIRECTION('',(3.108532283332E-16,1.,-6.786238238021E-15));
#424 = PCURVE('',#391,#425);
#425 = DEFINITIONAL_REPRESENTATION('',(#426),#430);
#426 = LINE('',#427,#428);
#427 = CARTESIAN_POINT('',(0.,1.2));
#428 = VECTOR('',#429,1.);
#429 = DIRECTION('',(1.,0.));
#430 = ( GEOMETRIC_REPRESENTATION_CONTEXT(2) 
PARAMETRIC_REPRESENTATION_CONTEXT() REPRESENTATION_CONTEXT('2D SPACE',''
  ) );
#431 = PCURVE('',#195,#432);
#432 = DEFINITIONAL_REPRESENTATION('',(#433),#441);
#433 = ( BOUNDED_CURVE() B_SPLINE_CURVE(2,(#434,#435,#436,#437,#438,#439
,#440),.UNSPECIFIED.,.T.,.F.) B_SPLINE_CURVE_WITH_KNOTS((1,2,2,2,2,1),(
    -2.094395102393,0.,2.094395102393,4.188790204786,6.28318530718,
8.377580409573),.UNSPECIFIED.) CURVE() GEOMETRIC_REPRESENTATION_ITEM() 
RATIONAL_B_SPLINE_CURVE((1.,0.5,1.,0.5,1.,0.5,1.)) REPRESENTATION_ITEM(
  '') );
#434 = CARTESIAN_POINT('',(-3.1,10.5));
#435 = CARTESIAN_POINT('',(-3.1,15.869357503464));
#436 = CARTESIAN_POINT('',(1.55,13.184678751732));
#437 = CARTESIAN_POINT('',(6.2,10.5));
#438 = CARTESIAN_POINT('',(1.55,7.815321248268));
#439 = CARTESIAN_POINT('',(-3.1,5.130642496536));
#440 = CARTESIAN_POINT('',(-3.1,10.5));
#441 = ( GEOMETRIC_REPRESENTATION_CONTEXT(2) 
PARAMETRIC_REPRESENTATION_CONTEXT() REPRESENTATION_CONTEXT('2D SPACE',''
  ) );
#442 = ORIENTED_EDGE('',*,*,#443,.F.);
#443 = EDGE_CURVE('',#444,#416,#446,.T.);
#444 = VERTEX_POINT('',#445);
#445 = CARTESIAN_POINT('',(48.3,357.9,10.499999999996));
#446 = SURFACE_CURVE('',#447,(#451,#458),.PCURVE_S1.);
#447 = LINE('',#448,#449);
#448 = CARTESIAN_POINT('',(48.3,357.9,10.499999999996));
#449 = VECTOR('',#450,1.);
#450 = DIRECTION('',(1.,-3.108532283331E-16,6.64265828938E-16));
#451 = PCURVE('',#391,#452);
#452 = DEFINITIONAL_REPRESENTATION('',(#453),#457);
#453 = LINE('',#454,#455);
#454 = CARTESIAN_POINT('',(3.14159265359,0.));
#455 = VECTOR('',#456,1.);
#456 = DIRECTION('',(0.,1.));
#457 = ( GEOMETRIC_REPRESENTATION_CONTEXT(2) 
PARAMETRIC_REPRESENTATION_CONTEXT() REPRESENTATION_CONTEXT('2D SPACE',''
  ) );
#458 = PCURVE('',#403,#459);
#459 = DEFINITIONAL_REPRESENTATION('',(#460),#464);
#460 = LINE('',#461,#462);
#461 = CARTESIAN_POINT('',(3.14159265359,0.));
#462 = VECTOR('',#463,1.);
#463 = DIRECTION('',(0.,1.));
#464 = ( GEOMETRIC_REPRESENTATION_CONTEXT(2) 
PARAMETRIC_REPRESENTATION_CONTEXT() REPRESENTATION_CONTEXT('2D SPACE',''
  ) );
#465 = ORIENTED_EDGE('',*,*,#466,.T.);
#466 = EDGE_CURVE('',#444,#381,#467,.T.);
#467 = SURFACE_CURVE('',#468,(#473,#480),.PCURVE_S1.);
#468 = CIRCLE('',#469,3.1);
#469 = AXIS2_PLACEMENT_3D('',#470,#471,#472);
#470 = CARTESIAN_POINT('',(48.3,361.,10.499999999996));
#471 = DIRECTION('',(1.,-3.108532283331E-16,6.64265828938E-16));
#472 = DIRECTION('',(3.108532283332E-16,1.,-6.786238238021E-15));
#473 = PCURVE('',#391,#474);
#474 = DEFINITIONAL_REPRESENTATION('',(#475),#479);
#475 = LINE('',#476,#477);
#476 = CARTESIAN_POINT('',(0.,0.));
#477 = VECTOR('',#478,1.);
#478 = DIRECTION('',(1.,0.));
#479 = ( GEOMETRIC_REPRESENTATION_CONTEXT(2) 
PARAMETRIC_REPRESENTATION_CONTEXT() REPRESENTATION_CONTEXT('2D SPACE',''
  ) );
#480 = PCURVE('',#481,#486);
#481 = PLANE('',#482);
#482 = AXIS2_PLACEMENT_3D('',#483,#484,#485);
#483 = CARTESIAN_POINT('',(48.3,361.,10.499999999996));
#484 = DIRECTION('',(1.,-3.108532283331E-16,6.64265828938E-16));
#485 = DIRECTION('',(3.108532283332E-16,1.,-6.786238238021E-15));
#486 = DEFINITIONAL_REPRESENTATION('',(#487),#491);
#487 = CIRCLE('',#488,3.1);
#488 = AXIS2_PLACEMENT_2D('',#489,#490);
#489 = CARTESIAN_POINT('',(0.,0.));
#490 = DIRECTION('',(1.,0.));
#491 = ( GEOMETRIC_REPRESENTATION_CONTEXT(2) 
PARAMETRIC_REPRESENTATION_CONTEXT() REPRESENTATION_CONTEXT('2D SPACE',''
  ) );
#492 = ADVANCED_FACE('',(#493),#507,.F.);
#493 = FACE_BOUND('',#494,.F.);
#494 = EDGE_LOOP('',(#495,#530,#558,#581));
#495 = ORIENTED_EDGE('',*,*,#496,.T.);
#496 = EDGE_CURVE('',#497,#499,#501,.T.);
#497 = VERTEX_POINT('',#498);
#498 = CARTESIAN_POINT('',(48.3,354.14070785647,5.749999999996));
#499 = VERTEX_POINT('',#500);
#500 = CARTESIAN_POINT('',(49.5,354.14070785647,5.749999999996));
#501 = SURFACE_CURVE('',#502,(#506,#518),.PCURVE_S1.);
#502 = LINE('',#503,#504);
#503 = CARTESIAN_POINT('',(48.3,354.14070785647,5.749999999996));
#504 = VECTOR('',#505,1.);
#505 = DIRECTION('',(1.,-3.108532283331E-16,6.64265828938E-16));
#506 = PCURVE('',#507,#512);
#507 = CYLINDRICAL_SURFACE('',#508,3.1);
#508 = AXIS2_PLACEMENT_3D('',#509,#510,#511);
#509 = CARTESIAN_POINT('',(48.3,351.04070785647,5.749999999996));
#510 = DIRECTION('',(1.,-3.108532283331E-16,6.64265828938E-16));
#511 = DIRECTION('',(3.108532283332E-16,1.,-6.786238238021E-15));
#512 = DEFINITIONAL_REPRESENTATION('',(#513),#517);
#513 = LINE('',#514,#515);
#514 = CARTESIAN_POINT('',(6.28318530718,0.));
#515 = VECTOR('',#516,1.);
#516 = DIRECTION('',(0.,1.));
#517 = ( GEOMETRIC_REPRESENTATION_CONTEXT(2) 
PARAMETRIC_REPRESENTATION_CONTEXT() REPRESENTATION_CONTEXT('2D SPACE',''
  ) );
#518 = PCURVE('',#519,#524);
#519 = CYLINDRICAL_SURFACE('',#520,3.1);
#520 = AXIS2_PLACEMENT_3D('',#521,#522,#523);
#521 = CARTESIAN_POINT('',(48.3,351.04070785647,5.749999999996));
#522 = DIRECTION('',(1.,-3.108532283331E-16,6.64265828938E-16));
#523 = DIRECTION('',(3.108532283332E-16,1.,-6.786238238021E-15));
#524 = DEFINITIONAL_REPRESENTATION('',(#525),#529);
#525 = LINE('',#526,#527);
#526 = CARTESIAN_POINT('',(0.,0.));
#527 = VECTOR('',#528,1.);
#528 = DIRECTION('',(0.,1.));
#529 = ( GEOMETRIC_REPRESENTATION_CONTEXT(2) 
PARAMETRIC_REPRESENTATION_CONTEXT() REPRESENTATION_CONTEXT('2D SPACE',''
  ) );
#530 = ORIENTED_EDGE('',*,*,#531,.F.);
#531 = EDGE_CURVE('',#532,#499,#534,.T.);
#532 = VERTEX_POINT('',#533);
#533 = CARTESIAN_POINT('',(49.5,347.94070785647,5.749999999996));
#534 = SURFACE_CURVE('',#535,(#540,#547),.PCURVE_S1.);
#535 = CIRCLE('',#536,3.1);
#536 = AXIS2_PLACEMENT_3D('',#537,#538,#539);
#537 = CARTESIAN_POINT('',(49.5,351.04070785647,5.749999999996));
#538 = DIRECTION('',(1.,-3.108532283331E-16,6.64265828938E-16));
#539 = DIRECTION('',(3.108532283332E-16,1.,-6.786238238021E-15));
#540 = PCURVE('',#507,#541);
#541 = DEFINITIONAL_REPRESENTATION('',(#542),#546);
#542 = LINE('',#543,#544);
#543 = CARTESIAN_POINT('',(0.,1.2));
#544 = VECTOR('',#545,1.);
#545 = DIRECTION('',(1.,0.));
#546 = ( GEOMETRIC_REPRESENTATION_CONTEXT(2) 
PARAMETRIC_REPRESENTATION_CONTEXT() REPRESENTATION_CONTEXT('2D SPACE',''
  ) );
#547 = PCURVE('',#195,#548);
#548 = DEFINITIONAL_REPRESENTATION('',(#549),#557);
#549 = ( BOUNDED_CURVE() B_SPLINE_CURVE(2,(#550,#551,#552,#553,#554,#555
,#556),.UNSPECIFIED.,.T.,.F.) B_SPLINE_CURVE_WITH_KNOTS((1,2,2,2,2,1),(
    -2.094395102393,0.,2.094395102393,4.188790204786,6.28318530718,
8.377580409573),.UNSPECIFIED.) CURVE() GEOMETRIC_REPRESENTATION_ITEM() 
RATIONAL_B_SPLINE_CURVE((1.,0.5,1.,0.5,1.,0.5,1.)) REPRESENTATION_ITEM(
  '') );
#550 = CARTESIAN_POINT('',(6.859292143521,5.75));
#551 = CARTESIAN_POINT('',(6.859292143521,11.119357503464));
#552 = CARTESIAN_POINT('',(11.509292143521,8.434678751732));
#553 = CARTESIAN_POINT('',(16.159292143521,5.75));
#554 = CARTESIAN_POINT('',(11.509292143521,3.065321248268));
#555 = CARTESIAN_POINT('',(6.859292143521,0.380642496537));
#556 = CARTESIAN_POINT('',(6.859292143521,5.75));
#557 = ( GEOMETRIC_REPRESENTATION_CONTEXT(2) 
PARAMETRIC_REPRESENTATION_CONTEXT() REPRESENTATION_CONTEXT('2D SPACE',''
  ) );
#558 = ORIENTED_EDGE('',*,*,#559,.F.);
#559 = EDGE_CURVE('',#560,#532,#562,.T.);
#560 = VERTEX_POINT('',#561);
#561 = CARTESIAN_POINT('',(48.3,347.94070785647,5.749999999996));
#562 = SURFACE_CURVE('',#563,(#567,#574),.PCURVE_S1.);
#563 = LINE('',#564,#565);
#564 = CARTESIAN_POINT('',(48.3,347.94070785647,5.749999999996));
#565 = VECTOR('',#566,1.);
#566 = DIRECTION('',(1.,-3.108532283331E-16,6.64265828938E-16));
#567 = PCURVE('',#507,#568);
#568 = DEFINITIONAL_REPRESENTATION('',(#569),#573);
#569 = LINE('',#570,#571);
#570 = CARTESIAN_POINT('',(3.14159265359,0.));
#571 = VECTOR('',#572,1.);
#572 = DIRECTION('',(0.,1.));
#573 = ( GEOMETRIC_REPRESENTATION_CONTEXT(2) 
PARAMETRIC_REPRESENTATION_CONTEXT() REPRESENTATION_CONTEXT('2D SPACE',''
  ) );
#574 = PCURVE('',#519,#575);
#575 = DEFINITIONAL_REPRESENTATION('',(#576),#580);
#576 = LINE('',#577,#578);
#577 = CARTESIAN_POINT('',(3.14159265359,0.));
#578 = VECTOR('',#579,1.);
#579 = DIRECTION('',(0.,1.));
#580 = ( GEOMETRIC_REPRESENTATION_CONTEXT(2) 
PARAMETRIC_REPRESENTATION_CONTEXT() REPRESENTATION_CONTEXT('2D SPACE',''
  ) );
#581 = ORIENTED_EDGE('',*,*,#582,.T.);
#582 = EDGE_CURVE('',#560,#497,#583,.T.);
#583 = SURFACE_CURVE('',#584,(#589,#596),.PCURVE_S1.);
#584 = CIRCLE('',#585,3.1);
#585 = AXIS2_PLACEMENT_3D('',#586,#587,#588);
#586 = CARTESIAN_POINT('',(48.3,351.04070785647,5.749999999996));
#587 = DIRECTION('',(1.,-3.108532283331E-16,6.64265828938E-16));
#588 = DIRECTION('',(3.108532283332E-16,1.,-6.786238238021E-15));
#589 = PCURVE('',#507,#590);
#590 = DEFINITIONAL_REPRESENTATION('',(#591),#595);
#591 = LINE('',#592,#593);
#592 = CARTESIAN_POINT('',(0.,0.));
#593 = VECTOR('',#594,1.);
#594 = DIRECTION('',(1.,0.));
#595 = ( GEOMETRIC_REPRESENTATION_CONTEXT(2) 
PARAMETRIC_REPRESENTATION_CONTEXT() REPRESENTATION_CONTEXT('2D SPACE',''
  ) );
#596 = PCURVE('',#597,#602);
#597 = PLANE('',#598);
#598 = AXIS2_PLACEMENT_3D('',#599,#600,#601);
#599 = CARTESIAN_POINT('',(48.3,351.04070785647,5.749999999996));
#600 = DIRECTION('',(1.,-3.108532283331E-16,6.64265828938E-16));
#601 = DIRECTION('',(3.108532283332E-16,1.,-6.786238238021E-15));
#602 = DEFINITIONAL_REPRESENTATION('',(#603),#607);
#603 = CIRCLE('',#604,3.1);
#604 = AXIS2_PLACEMENT_2D('',#605,#606);
#605 = CARTESIAN_POINT('',(0.,0.));
#606 = DIRECTION('',(1.,0.));
#607 = ( GEOMETRIC_REPRESENTATION_CONTEXT(2) 
PARAMETRIC_REPRESENTATION_CONTEXT() REPRESENTATION_CONTEXT('2D SPACE',''
  ) );
#608 = ADVANCED_FACE('',(#609),#623,.F.);
#609 = FACE_BOUND('',#610,.F.);
#610 = EDGE_LOOP('',(#611,#646,#674,#697));
#611 = ORIENTED_EDGE('',*,*,#612,.T.);
#612 = EDGE_CURVE('',#613,#615,#617,.T.);
#613 = VERTEX_POINT('',#614);
#614 = CARTESIAN_POINT('',(48.3,364.1,-11.5));
#615 = VERTEX_POINT('',#616);
#616 = CARTESIAN_POINT('',(49.5,364.1,-11.5));
#617 = SURFACE_CURVE('',#618,(#622,#634),.PCURVE_S1.);
#618 = LINE('',#619,#620);
#619 = CARTESIAN_POINT('',(48.3,364.1,-11.5));
#620 = VECTOR('',#621,1.);
#621 = DIRECTION('',(1.,-3.108532283331E-16,6.64265828938E-16));
#622 = PCURVE('',#623,#628);
#623 = CYLINDRICAL_SURFACE('',#624,3.1);
#624 = AXIS2_PLACEMENT_3D('',#625,#626,#627);
#625 = CARTESIAN_POINT('',(48.3,361.,-11.5));
#626 = DIRECTION('',(1.,-3.108532283331E-16,6.64265828938E-16));
#627 = DIRECTION('',(3.108532283332E-16,1.,-6.786238238021E-15));
#628 = DEFINITIONAL_REPRESENTATION('',(#629),#633);
#629 = LINE('',#630,#631);
#630 = CARTESIAN_POINT('',(6.28318530718,0.));
#631 = VECTOR('',#632,1.);
#632 = DIRECTION('',(0.,1.));
#633 = ( GEOMETRIC_REPRESENTATION_CONTEXT(2) 
PARAMETRIC_REPRESENTATION_CONTEXT() REPRESENTATION_CONTEXT('2D SPACE',''
  ) );
#634 = PCURVE('',#635,#640);
#635 = CYLINDRICAL_SURFACE('',#636,3.1);
#636 = AXIS2_PLACEMENT_3D('',#637,#638,#639);
#637 = CARTESIAN_POINT('',(48.3,361.,-11.5));
#638 = DIRECTION('',(1.,-3.108532283331E-16,6.64265828938E-16));
#639 = DIRECTION('',(3.108532283332E-16,1.,-6.786238238021E-15));
#640 = DEFINITIONAL_REPRESENTATION('',(#641),#645);
#641 = LINE('',#642,#643);
#642 = CARTESIAN_POINT('',(0.,0.));
#643 = VECTOR('',#644,1.);
#644 = DIRECTION('',(0.,1.));
#645 = ( GEOMETRIC_REPRESENTATION_CONTEXT(2) 
PARAMETRIC_REPRESENTATION_CONTEXT() REPRESENTATION_CONTEXT('2D SPACE',''
  ) );
#646 = ORIENTED_EDGE('',*,*,#647,.F.);
#647 = EDGE_CURVE('',#648,#615,#650,.T.);
#648 = VERTEX_POINT('',#649);
#649 = CARTESIAN_POINT('',(49.5,357.9,-11.5));
#650 = SURFACE_CURVE('',#651,(#656,#663),.PCURVE_S1.);
#651 = CIRCLE('',#652,3.1);
#652 = AXIS2_PLACEMENT_3D('',#653,#654,#655);
#653 = CARTESIAN_POINT('',(49.5,361.,-11.5));
#654 = DIRECTION('',(1.,-3.108532283331E-16,6.64265828938E-16));
#655 = DIRECTION('',(3.108532283332E-16,1.,-6.786238238021E-15));
#656 = PCURVE('',#623,#657);
#657 = DEFINITIONAL_REPRESENTATION('',(#658),#662);
#658 = LINE('',#659,#660);
#659 = CARTESIAN_POINT('',(0.,1.2));
#660 = VECTOR('',#661,1.);
#661 = DIRECTION('',(1.,0.));
#662 = ( GEOMETRIC_REPRESENTATION_CONTEXT(2) 
PARAMETRIC_REPRESENTATION_CONTEXT() REPRESENTATION_CONTEXT('2D SPACE',''
  ) );
#663 = PCURVE('',#195,#664);
#664 = DEFINITIONAL_REPRESENTATION('',(#665),#673);
#665 = ( BOUNDED_CURVE() B_SPLINE_CURVE(2,(#666,#667,#668,#669,#670,#671
,#672),.UNSPECIFIED.,.T.,.F.) B_SPLINE_CURVE_WITH_KNOTS((1,2,2,2,2,1),(
    -2.094395102393,0.,2.094395102393,4.188790204786,6.28318530718,
8.377580409573),.UNSPECIFIED.) CURVE() GEOMETRIC_REPRESENTATION_ITEM() 
RATIONAL_B_SPLINE_CURVE((1.,0.5,1.,0.5,1.,0.5,1.)) REPRESENTATION_ITEM(
  '') );
#666 = CARTESIAN_POINT('',(-3.1,-11.5));
#667 = CARTESIAN_POINT('',(-3.1,-6.130642496536));
#668 = CARTESIAN_POINT('',(1.55,-8.815321248268));
#669 = CARTESIAN_POINT('',(6.2,-11.5));
#670 = CARTESIAN_POINT('',(1.55,-14.18467875173));
#671 = CARTESIAN_POINT('',(-3.1,-16.86935750346));
#672 = CARTESIAN_POINT('',(-3.1,-11.5));
#673 = ( GEOMETRIC_REPRESENTATION_CONTEXT(2) 
PARAMETRIC_REPRESENTATION_CONTEXT() REPRESENTATION_CONTEXT('2D SPACE',''
  ) );
#674 = ORIENTED_EDGE('',*,*,#675,.F.);
#675 = EDGE_CURVE('',#676,#648,#678,.T.);
#676 = VERTEX_POINT('',#677);
#677 = CARTESIAN_POINT('',(48.3,357.9,-11.5));
#678 = SURFACE_CURVE('',#679,(#683,#690),.PCURVE_S1.);
#679 = LINE('',#680,#681);
#680 = CARTESIAN_POINT('',(48.3,357.9,-11.5));
#681 = VECTOR('',#682,1.);
#682 = DIRECTION('',(1.,-3.108532283331E-16,6.64265828938E-16));
#683 = PCURVE('',#623,#684);
#684 = DEFINITIONAL_REPRESENTATION('',(#685),#689);
#685 = LINE('',#686,#687);
#686 = CARTESIAN_POINT('',(3.14159265359,0.));
#687 = VECTOR('',#688,1.);
#688 = DIRECTION('',(0.,1.));
#689 = ( GEOMETRIC_REPRESENTATION_CONTEXT(2) 
PARAMETRIC_REPRESENTATION_CONTEXT() REPRESENTATION_CONTEXT('2D SPACE',''
  ) );
#690 = PCURVE('',#635,#691);
#691 = DEFINITIONAL_REPRESENTATION('',(#692),#696);
#692 = LINE('',#693,#694);
#693 = CARTESIAN_POINT('',(3.14159265359,0.));
#694 = VECTOR('',#695,1.);
#695 = DIRECTION('',(0.,1.));
#696 = ( GEOMETRIC_REPRESENTATION_CONTEXT(2) 
PARAMETRIC_REPRESENTATION_CONTEXT() REPRESENTATION_CONTEXT('2D SPACE',''
  ) );
#697 = ORIENTED_EDGE('',*,*,#698,.T.);
#698 = EDGE_CURVE('',#676,#613,#699,.T.);
#699 = SURFACE_CURVE('',#700,(#705,#712),.PCURVE_S1.);
#700 = CIRCLE('',#701,3.1);
#701 = AXIS2_PLACEMENT_3D('',#702,#703,#704);
#702 = CARTESIAN_POINT('',(48.3,361.,-11.5));
#703 = DIRECTION('',(1.,-3.108532283331E-16,6.64265828938E-16));
#704 = DIRECTION('',(3.108532283332E-16,1.,-6.786238238021E-15));
#705 = PCURVE('',#623,#706);
#706 = DEFINITIONAL_REPRESENTATION('',(#707),#711);
#707 = LINE('',#708,#709);
#708 = CARTESIAN_POINT('',(0.,0.));
#709 = VECTOR('',#710,1.);
#710 = DIRECTION('',(1.,0.));
#711 = ( GEOMETRIC_REPRESENTATION_CONTEXT(2) 
PARAMETRIC_REPRESENTATION_CONTEXT() REPRESENTATION_CONTEXT('2D SPACE',''
  ) );
#712 = PCURVE('',#713,#718);
#713 = PLANE('',#714);
#714 = AXIS2_PLACEMENT_3D('',#715,#716,#717);
#715 = CARTESIAN_POINT('',(48.3,361.,-11.5));
#716 = DIRECTION('',(1.,-3.108532283331E-16,6.64265828938E-16));
#717 = DIRECTION('',(3.108532283332E-16,1.,-6.786238238021E-15));
#718 = DEFINITIONAL_REPRESENTATION('',(#719),#723);
#719 = CIRCLE('',#720,3.1);
#720 = AXIS2_PLACEMENT_2D('',#721,#722);
#721 = CARTESIAN_POINT('',(0.,0.));
#722 = DIRECTION('',(1.,0.));
#723 = ( GEOMETRIC_REPRESENTATION_CONTEXT(2) 
PARAMETRIC_REPRESENTATION_CONTEXT() REPRESENTATION_CONTEXT('2D SPACE',''
  ) );
#724 = ADVANCED_FACE('',(#725),#739,.F.);
#725 = FACE_BOUND('',#726,.F.);
#726 = EDGE_LOOP('',(#727,#762,#790,#813));
#727 = ORIENTED_EDGE('',*,*,#728,.T.);
#728 = EDGE_CURVE('',#729,#731,#733,.T.);
#729 = VERTEX_POINT('',#730);
#730 = CARTESIAN_POINT('',(48.3,374.05929214352,5.749999999996));
#731 = VERTEX_POINT('',#732);
#732 = CARTESIAN_POINT('',(49.5,374.05929214352,5.749999999996));
#733 = SURFACE_CURVE('',#734,(#738,#750),.PCURVE_S1.);
#734 = LINE('',#735,#736);
#735 = CARTESIAN_POINT('',(48.3,374.05929214352,5.749999999996));
#736 = VECTOR('',#737,1.);
#737 = DIRECTION('',(1.,-3.108532283331E-16,6.64265828938E-16));
#738 = PCURVE('',#739,#744);
#739 = CYLINDRICAL_SURFACE('',#740,3.1);
#740 = AXIS2_PLACEMENT_3D('',#741,#742,#743);
#741 = CARTESIAN_POINT('',(48.3,370.95929214352,5.749999999996));
#742 = DIRECTION('',(1.,-3.108532283331E-16,6.64265828938E-16));
#743 = DIRECTION('',(3.108532283332E-16,1.,-6.786238238021E-15));
#744 = DEFINITIONAL_REPRESENTATION('',(#745),#749);
#745 = LINE('',#746,#747);
#746 = CARTESIAN_POINT('',(6.28318530718,0.));
#747 = VECTOR('',#748,1.);
#748 = DIRECTION('',(0.,1.));
#749 = ( GEOMETRIC_REPRESENTATION_CONTEXT(2) 
PARAMETRIC_REPRESENTATION_CONTEXT() REPRESENTATION_CONTEXT('2D SPACE',''
  ) );
#750 = PCURVE('',#751,#756);
#751 = CYLINDRICAL_SURFACE('',#752,3.1);
#752 = AXIS2_PLACEMENT_3D('',#753,#754,#755);
#753 = CARTESIAN_POINT('',(48.3,370.95929214352,5.749999999996));
#754 = DIRECTION('',(1.,-3.108532283331E-16,6.64265828938E-16));
#755 = DIRECTION('',(3.108532283332E-16,1.,-6.786238238021E-15));
#756 = DEFINITIONAL_REPRESENTATION('',(#757),#761);
#757 = LINE('',#758,#759);
#758 = CARTESIAN_POINT('',(0.,0.));
#759 = VECTOR('',#760,1.);
#760 = DIRECTION('',(0.,1.));
#761 = ( GEOMETRIC_REPRESENTATION_CONTEXT(2) 
PARAMETRIC_REPRESENTATION_CONTEXT() REPRESENTATION_CONTEXT('2D SPACE',''
  ) );
#762 = ORIENTED_EDGE('',*,*,#763,.F.);
#763 = EDGE_CURVE('',#764,#731,#766,.T.);
#764 = VERTEX_POINT('',#765);
#765 = CARTESIAN_POINT('',(49.5,367.85929214352,5.749999999996));
#766 = SURFACE_CURVE('',#767,(#772,#779),.PCURVE_S1.);
#767 = CIRCLE('',#768,3.1);
#768 = AXIS2_PLACEMENT_3D('',#769,#770,#771);
#769 = CARTESIAN_POINT('',(49.5,370.95929214352,5.749999999996));
#770 = DIRECTION('',(1.,-3.108532283331E-16,6.64265828938E-16));
#771 = DIRECTION('',(3.108532283332E-16,1.,-6.786238238021E-15));
#772 = PCURVE('',#739,#773);
#773 = DEFINITIONAL_REPRESENTATION('',(#774),#778);
#774 = LINE('',#775,#776);
#775 = CARTESIAN_POINT('',(0.,1.2));
#776 = VECTOR('',#777,1.);
#777 = DIRECTION('',(1.,0.));
#778 = ( GEOMETRIC_REPRESENTATION_CONTEXT(2) 
PARAMETRIC_REPRESENTATION_CONTEXT() REPRESENTATION_CONTEXT('2D SPACE',''
  ) );
#779 = PCURVE('',#195,#780);
#780 = DEFINITIONAL_REPRESENTATION('',(#781),#789);
#781 = ( BOUNDED_CURVE() B_SPLINE_CURVE(2,(#782,#783,#784,#785,#786,#787
,#788),.UNSPECIFIED.,.T.,.F.) B_SPLINE_CURVE_WITH_KNOTS((1,2,2,2,2,1),(
    -2.094395102393,0.,2.094395102393,4.188790204786,6.28318530718,
8.377580409573),.UNSPECIFIED.) CURVE() GEOMETRIC_REPRESENTATION_ITEM() 
RATIONAL_B_SPLINE_CURVE((1.,0.5,1.,0.5,1.,0.5,1.)) REPRESENTATION_ITEM(
  '') );
#782 = CARTESIAN_POINT('',(-13.05929214352,5.75));
#783 = CARTESIAN_POINT('',(-13.05929214352,11.119357503463));
#784 = CARTESIAN_POINT('',(-8.409292143521,8.434678751732));
#785 = CARTESIAN_POINT('',(-3.759292143521,5.75));
#786 = CARTESIAN_POINT('',(-8.409292143521,3.065321248268));
#787 = CARTESIAN_POINT('',(-13.05929214352,0.380642496536));
#788 = CARTESIAN_POINT('',(-13.05929214352,5.75));
#789 = ( GEOMETRIC_REPRESENTATION_CONTEXT(2) 
PARAMETRIC_REPRESENTATION_CONTEXT() REPRESENTATION_CONTEXT('2D SPACE',''
  ) );
#790 = ORIENTED_EDGE('',*,*,#791,.F.);
#791 = EDGE_CURVE('',#792,#764,#794,.T.);
#792 = VERTEX_POINT('',#793);
#793 = CARTESIAN_POINT('',(48.3,367.85929214352,5.749999999996));
#794 = SURFACE_CURVE('',#795,(#799,#806),.PCURVE_S1.);
#795 = LINE('',#796,#797);
#796 = CARTESIAN_POINT('',(48.3,367.85929214352,5.749999999996));
#797 = VECTOR('',#798,1.);
#798 = DIRECTION('',(1.,-3.108532283331E-16,6.64265828938E-16));
#799 = PCURVE('',#739,#800);
#800 = DEFINITIONAL_REPRESENTATION('',(#801),#805);
#801 = LINE('',#802,#803);
#802 = CARTESIAN_POINT('',(3.14159265359,0.));
#803 = VECTOR('',#804,1.);
#804 = DIRECTION('',(0.,1.));
#805 = ( GEOMETRIC_REPRESENTATION_CONTEXT(2) 
PARAMETRIC_REPRESENTATION_CONTEXT() REPRESENTATION_CONTEXT('2D SPACE',''
  ) );
#806 = PCURVE('',#751,#807);
#807 = DEFINITIONAL_REPRESENTATION('',(#808),#812);
#808 = LINE('',#809,#810);
#809 = CARTESIAN_POINT('',(3.14159265359,0.));
#810 = VECTOR('',#811,1.);
#811 = DIRECTION('',(0.,1.));
#812 = ( GEOMETRIC_REPRESENTATION_CONTEXT(2) 
PARAMETRIC_REPRESENTATION_CONTEXT() REPRESENTATION_CONTEXT('2D SPACE',''
  ) );
#813 = ORIENTED_EDGE('',*,*,#814,.T.);
#814 = EDGE_CURVE('',#792,#729,#815,.T.);
#815 = SURFACE_CURVE('',#816,(#821,#828),.PCURVE_S1.);
#816 = CIRCLE('',#817,3.1);
#817 = AXIS2_PLACEMENT_3D('',#818,#819,#820);
#818 = CARTESIAN_POINT('',(48.3,370.95929214352,5.749999999996));
#819 = DIRECTION('',(1.,-3.108532283331E-16,6.64265828938E-16));
#820 = DIRECTION('',(3.108532283332E-16,1.,-6.786238238021E-15));
#821 = PCURVE('',#739,#822);
#822 = DEFINITIONAL_REPRESENTATION('',(#823),#827);
#823 = LINE('',#824,#825);
#824 = CARTESIAN_POINT('',(0.,0.));
#825 = VECTOR('',#826,1.);
#826 = DIRECTION('',(1.,0.));
#827 = ( GEOMETRIC_REPRESENTATION_CONTEXT(2) 
PARAMETRIC_REPRESENTATION_CONTEXT() REPRESENTATION_CONTEXT('2D SPACE',''
  ) );
#828 = PCURVE('',#829,#834);
#829 = PLANE('',#830);
#830 = AXIS2_PLACEMENT_3D('',#831,#832,#833);
#831 = CARTESIAN_POINT('',(48.3,370.95929214352,5.749999999996));
#832 = DIRECTION('',(1.,-3.108532283331E-16,6.64265828938E-16));
#833 = DIRECTION('',(3.108532283332E-16,1.,-6.786238238021E-15));
#834 = DEFINITIONAL_REPRESENTATION('',(#835),#839);
#835 = CIRCLE('',#836,3.1);
#836 = AXIS2_PLACEMENT_2D('',#837,#838);
#837 = CARTESIAN_POINT('',(0.,0.));
#838 = DIRECTION('',(1.,0.));
#839 = ( GEOMETRIC_REPRESENTATION_CONTEXT(2) 
PARAMETRIC_REPRESENTATION_CONTEXT() REPRESENTATION_CONTEXT('2D SPACE',''
  ) );
#840 = ADVANCED_FACE('',(#841),#855,.F.);
#841 = FACE_BOUND('',#842,.F.);
#842 = EDGE_LOOP('',(#843,#878,#911,#939));
#843 = ORIENTED_EDGE('',*,*,#844,.T.);
#844 = EDGE_CURVE('',#845,#847,#849,.T.);
#845 = VERTEX_POINT('',#846);
#846 = CARTESIAN_POINT('',(9.899494936612,266.2,60.780892144754));
#847 = VERTEX_POINT('',#848);
#848 = CARTESIAN_POINT('',(9.899494936612,265.,60.780892144754));
#849 = SURFACE_CURVE('',#850,(#854,#866),.PCURVE_S1.);
#850 = LINE('',#851,#852);
#851 = CARTESIAN_POINT('',(9.899494936612,266.2,60.780892144754));
#852 = VECTOR('',#853,1.);
#853 = DIRECTION('',(-3.108532283332E-16,-1.,7.151443180332E-15));
#854 = PCURVE('',#855,#860);
#855 = CYLINDRICAL_SURFACE('',#856,3.25);
#856 = AXIS2_PLACEMENT_3D('',#857,#858,#859);
#857 = CARTESIAN_POINT('',(9.899494936612,266.2,57.530892144754));
#858 = DIRECTION('',(-3.108532283332E-16,-1.,7.151443180332E-15));
#859 = DIRECTION('',(-6.64265828938E-16,7.151443180332E-15,1.));
#860 = DEFINITIONAL_REPRESENTATION('',(#861),#865);
#861 = LINE('',#862,#863);
#862 = CARTESIAN_POINT('',(6.28318530718,1.42108547152E-14));
#863 = VECTOR('',#864,1.);
#864 = DIRECTION('',(0.,1.));
#865 = ( GEOMETRIC_REPRESENTATION_CONTEXT(2) 
PARAMETRIC_REPRESENTATION_CONTEXT() REPRESENTATION_CONTEXT('2D SPACE',''
  ) );
#866 = PCURVE('',#867,#872);
#867 = CYLINDRICAL_SURFACE('',#868,3.25);
#868 = AXIS2_PLACEMENT_3D('',#869,#870,#871);
#869 = CARTESIAN_POINT('',(9.899494936612,266.2,57.530892144754));
#870 = DIRECTION('',(-3.108532283332E-16,-1.,7.151443180332E-15));
#871 = DIRECTION('',(-6.64265828938E-16,7.151443180332E-15,1.));
#872 = DEFINITIONAL_REPRESENTATION('',(#873),#877);
#873 = LINE('',#874,#875);
#874 = CARTESIAN_POINT('',(0.,1.42108547152E-14));
#875 = VECTOR('',#876,1.);
#876 = DIRECTION('',(0.,1.));
#877 = ( GEOMETRIC_REPRESENTATION_CONTEXT(2) 
PARAMETRIC_REPRESENTATION_CONTEXT() REPRESENTATION_CONTEXT('2D SPACE',''
  ) );
#878 = ORIENTED_EDGE('',*,*,#879,.F.);
#879 = EDGE_CURVE('',#880,#847,#882,.T.);
#880 = VERTEX_POINT('',#881);
#881 = CARTESIAN_POINT('',(9.899494936612,265.,54.280892144754));
#882 = SURFACE_CURVE('',#883,(#888,#895),.PCURVE_S1.);
#883 = CIRCLE('',#884,3.25);
#884 = AXIS2_PLACEMENT_3D('',#885,#886,#887);
#885 = CARTESIAN_POINT('',(9.899494936612,265.,57.530892144754));
#886 = DIRECTION('',(-3.108532283332E-16,-1.,7.151443180332E-15));
#887 = DIRECTION('',(-6.64265828938E-16,7.151443180332E-15,1.));
#888 = PCURVE('',#855,#889);
#889 = DEFINITIONAL_REPRESENTATION('',(#890),#894);
#890 = LINE('',#891,#892);
#891 = CARTESIAN_POINT('',(0.,1.2));
#892 = VECTOR('',#893,1.);
#893 = DIRECTION('',(1.,4.52345554697E-15));
#894 = ( GEOMETRIC_REPRESENTATION_CONTEXT(2) 
PARAMETRIC_REPRESENTATION_CONTEXT() REPRESENTATION_CONTEXT('2D SPACE',''
  ) );
#895 = PCURVE('',#896,#901);
#896 = PLANE('',#897);
#897 = AXIS2_PLACEMENT_3D('',#898,#899,#900);
#898 = CARTESIAN_POINT('',(-19.,265.,66.631397208143));
#899 = DIRECTION('',(3.108532283332E-16,1.,-7.151443180332E-15));
#900 = DIRECTION('',(6.64265828938E-16,-7.151443180332E-15,-1.));
#901 = DEFINITIONAL_REPRESENTATION('',(#902),#910);
#902 = ( BOUNDED_CURVE() B_SPLINE_CURVE(2,(#903,#904,#905,#906,#907,#908
,#909),.UNSPECIFIED.,.T.,.F.) B_SPLINE_CURVE_WITH_KNOTS((1,2,2,2,2,1),(
    -2.094395102393,0.,2.094395102393,4.188790204786,6.28318530718,
8.377580409573),.UNSPECIFIED.) CURVE() GEOMETRIC_REPRESENTATION_ITEM() 
RATIONAL_B_SPLINE_CURVE((1.,0.5,1.,0.5,1.,0.5,1.)) REPRESENTATION_ITEM(
  '') );
#903 = CARTESIAN_POINT('',(5.850505063388,-28.89949493661));
#904 = CARTESIAN_POINT('',(5.850505063388,-23.27032981201));
#905 = CARTESIAN_POINT('',(10.725505063388,-26.08491237431));
#906 = CARTESIAN_POINT('',(15.600505063388,-28.89949493661));
#907 = CARTESIAN_POINT('',(10.725505063388,-31.71407749891));
#908 = CARTESIAN_POINT('',(5.850505063388,-34.52866006121));
#909 = CARTESIAN_POINT('',(5.850505063388,-28.89949493661));
#910 = ( GEOMETRIC_REPRESENTATION_CONTEXT(2) 
PARAMETRIC_REPRESENTATION_CONTEXT() REPRESENTATION_CONTEXT('2D SPACE',''
  ) );
#911 = ORIENTED_EDGE('',*,*,#912,.F.);
#912 = EDGE_CURVE('',#913,#880,#915,.T.);
#913 = VERTEX_POINT('',#914);
#914 = CARTESIAN_POINT('',(9.899494936612,266.2,54.280892144754));
#915 = SURFACE_CURVE('',#916,(#920,#927),.PCURVE_S1.);
#916 = LINE('',#917,#918);
#917 = CARTESIAN_POINT('',(9.899494936612,266.2,54.280892144754));
#918 = VECTOR('',#919,1.);
#919 = DIRECTION('',(-3.108532283332E-16,-1.,7.151443180332E-15));
#920 = PCURVE('',#855,#921);
#921 = DEFINITIONAL_REPRESENTATION('',(#922),#926);
#922 = LINE('',#923,#924);
#923 = CARTESIAN_POINT('',(3.14159265359,0.));
#924 = VECTOR('',#925,1.);
#925 = DIRECTION('',(0.,1.));
#926 = ( GEOMETRIC_REPRESENTATION_CONTEXT(2) 
PARAMETRIC_REPRESENTATION_CONTEXT() REPRESENTATION_CONTEXT('2D SPACE',''
  ) );
#927 = PCURVE('',#928,#933);
#928 = CYLINDRICAL_SURFACE('',#929,3.25);
#929 = AXIS2_PLACEMENT_3D('',#930,#931,#932);
#930 = CARTESIAN_POINT('',(9.899494936612,266.2,57.530892144754));
#931 = DIRECTION('',(-3.108532283332E-16,-1.,7.151443180332E-15));
#932 = DIRECTION('',(-6.64265828938E-16,7.151443180332E-15,1.));
#933 = DEFINITIONAL_REPRESENTATION('',(#934),#938);
#934 = LINE('',#935,#936);
#935 = CARTESIAN_POINT('',(3.14159265359,0.));
#936 = VECTOR('',#937,1.);
#937 = DIRECTION('',(0.,1.));
#938 = ( GEOMETRIC_REPRESENTATION_CONTEXT(2) 
PARAMETRIC_REPRESENTATION_CONTEXT() REPRESENTATION_CONTEXT('2D SPACE',''
  ) );
#939 = ORIENTED_EDGE('',*,*,#940,.T.);
#940 = EDGE_CURVE('',#913,#845,#941,.T.);
#941 = SURFACE_CURVE('',#942,(#947,#954),.PCURVE_S1.);
#942 = CIRCLE('',#943,3.25);
#943 = AXIS2_PLACEMENT_3D('',#944,#945,#946);
#944 = CARTESIAN_POINT('',(9.899494936612,266.2,57.530892144754));
#945 = DIRECTION('',(-3.108532283332E-16,-1.,7.151443180332E-15));
#946 = DIRECTION('',(-6.64265828938E-16,7.151443180332E-15,1.));
#947 = PCURVE('',#855,#948);
#948 = DEFINITIONAL_REPRESENTATION('',(#949),#953);
#949 = LINE('',#950,#951);
#950 = CARTESIAN_POINT('',(0.,-1.42108547152E-14));
#951 = VECTOR('',#952,1.);
#952 = DIRECTION('',(1.,4.52345554697E-15));
#953 = ( GEOMETRIC_REPRESENTATION_CONTEXT(2) 
PARAMETRIC_REPRESENTATION_CONTEXT() REPRESENTATION_CONTEXT('2D SPACE',''
  ) );
#954 = PCURVE('',#955,#960);
#955 = PLANE('',#956);
#956 = AXIS2_PLACEMENT_3D('',#957,#958,#959);
#957 = CARTESIAN_POINT('',(9.899494936612,266.2,57.530892144754));
#958 = DIRECTION('',(-3.108532283332E-16,-1.,7.151443180332E-15));
#959 = DIRECTION('',(-6.64265828938E-16,7.151443180332E-15,1.));
#960 = DEFINITIONAL_REPRESENTATION('',(#961),#965);
#961 = CIRCLE('',#962,3.25);
#962 = AXIS2_PLACEMENT_2D('',#963,#964);
#963 = CARTESIAN_POINT('',(0.,0.));
#964 = DIRECTION('',(1.,0.));
#965 = ( GEOMETRIC_REPRESENTATION_CONTEXT(2) 
PARAMETRIC_REPRESENTATION_CONTEXT() REPRESENTATION_CONTEXT('2D SPACE',''
  ) );
#966 = ADVANCED_FACE('',(#967),#867,.F.);
#967 = FACE_BOUND('',#968,.F.);
#968 = EDGE_LOOP('',(#969,#999,#1025,#1026));
#969 = ORIENTED_EDGE('',*,*,#970,.F.);
#970 = EDGE_CURVE('',#971,#973,#975,.T.);
#971 = VERTEX_POINT('',#972);
#972 = CARTESIAN_POINT('',(6.783919402851,265.,56.605857500306));
#973 = VERTEX_POINT('',#974);
#974 = CARTESIAN_POINT('',(6.783919402851,266.2,56.605857500306));
#975 = SURFACE_CURVE('',#976,(#980,#987),.PCURVE_S1.);
#976 = LINE('',#977,#978);
#977 = CARTESIAN_POINT('',(6.783919402851,266.55,56.605857500306));
#978 = VECTOR('',#979,1.);
#979 = DIRECTION('',(3.108532283332E-16,1.,-6.786238238021E-15));
#980 = PCURVE('',#867,#981);
#981 = DEFINITIONAL_REPRESENTATION('',(#982),#986);
#982 = LINE('',#983,#984);
#983 = CARTESIAN_POINT('',(1.859412642144,-0.35));
#984 = VECTOR('',#985,1.);
#985 = DIRECTION('',(0.,-1.));
#986 = ( GEOMETRIC_REPRESENTATION_CONTEXT(2) 
PARAMETRIC_REPRESENTATION_CONTEXT() REPRESENTATION_CONTEXT('2D SPACE',''
  ) );
#987 = PCURVE('',#988,#993);
#988 = CYLINDRICAL_SURFACE('',#989,11.25);
#989 = AXIS2_PLACEMENT_3D('',#990,#991,#992);
#990 = CARTESIAN_POINT('',(-2.13162820728E-14,269.5,47.631397208142));
#991 = DIRECTION('',(3.108532283332E-16,1.,-6.786238238021E-15));
#992 = DIRECTION('',(-1.,3.108532283331E-16,-6.64265828938E-16));
#993 = DEFINITIONAL_REPRESENTATION('',(#994),#998);
#994 = LINE('',#995,#996);
#995 = CARTESIAN_POINT('',(2.218071608725,-2.95));
#996 = VECTOR('',#997,1.);
#997 = DIRECTION('',(0.,1.));
#998 = ( GEOMETRIC_REPRESENTATION_CONTEXT(2) 
PARAMETRIC_REPRESENTATION_CONTEXT() REPRESENTATION_CONTEXT('2D SPACE',''
  ) );
#999 = ORIENTED_EDGE('',*,*,#1000,.F.);
#1000 = EDGE_CURVE('',#847,#971,#1001,.T.);
#1001 = SURFACE_CURVE('',#1002,(#1007,#1014),.PCURVE_S1.);
#1002 = CIRCLE('',#1003,3.25);
#1003 = AXIS2_PLACEMENT_3D('',#1004,#1005,#1006);
#1004 = CARTESIAN_POINT('',(9.899494936612,265.,57.530892144754));
#1005 = DIRECTION('',(-3.108532283332E-16,-1.,7.151443180332E-15));
#1006 = DIRECTION('',(-6.64265828938E-16,7.151443180332E-15,1.));
#1007 = PCURVE('',#867,#1008);
#1008 = DEFINITIONAL_REPRESENTATION('',(#1009),#1013);
#1009 = LINE('',#1010,#1011);
#1010 = CARTESIAN_POINT('',(0.,1.2));
#1011 = VECTOR('',#1012,1.);
#1012 = DIRECTION('',(1.,-7.642657898044E-15));
#1013 = ( GEOMETRIC_REPRESENTATION_CONTEXT(2) 
PARAMETRIC_REPRESENTATION_CONTEXT() REPRESENTATION_CONTEXT('2D SPACE',''
  ) );
#1014 = PCURVE('',#896,#1015);
#1015 = DEFINITIONAL_REPRESENTATION('',(#1016),#1024);
#1016 = ( BOUNDED_CURVE() B_SPLINE_CURVE(2,(#1017,#1018,#1019,#1020,
#1021,#1022,#1023),.UNSPECIFIED.,.T.,.F.) B_SPLINE_CURVE_WITH_KNOTS((1,2
    ,2,2,2,1),(-2.094395102393,0.,2.094395102393,4.188790204786,
6.28318530718,8.377580409573),.UNSPECIFIED.) CURVE() 
GEOMETRIC_REPRESENTATION_ITEM() RATIONAL_B_SPLINE_CURVE((1.,0.5,1.,0.5,
1.,0.5,1.)) REPRESENTATION_ITEM('') );
#1017 = CARTESIAN_POINT('',(5.850505063388,-28.89949493661));
#1018 = CARTESIAN_POINT('',(5.850505063388,-23.27032981201));
#1019 = CARTESIAN_POINT('',(10.725505063388,-26.08491237431));
#1020 = CARTESIAN_POINT('',(15.600505063388,-28.89949493661));
#1021 = CARTESIAN_POINT('',(10.725505063388,-31.71407749891));
#1022 = CARTESIAN_POINT('',(5.850505063388,-34.52866006121));
#1023 = CARTESIAN_POINT('',(5.850505063388,-28.89949493661));
#1024 = ( GEOMETRIC_REPRESENTATION_CONTEXT(2) 
PARAMETRIC_REPRESENTATION_CONTEXT() REPRESENTATION_CONTEXT('2D SPACE',''
  ) );
#1025 = ORIENTED_EDGE('',*,*,#844,.F.);
#1026 = ORIENTED_EDGE('',*,*,#1027,.T.);
#1027 = EDGE_CURVE('',#845,#973,#1028,.T.);
#1028 = SURFACE_CURVE('',#1029,(#1034,#1041),.PCURVE_S1.);
#1029 = CIRCLE('',#1030,3.25);
#1030 = AXIS2_PLACEMENT_3D('',#1031,#1032,#1033);
#1031 = CARTESIAN_POINT('',(9.899494936612,266.2,57.530892144754));
#1032 = DIRECTION('',(-3.108532283332E-16,-1.,7.151443180332E-15));
#1033 = DIRECTION('',(-6.64265828938E-16,7.151443180332E-15,1.));
#1034 = PCURVE('',#867,#1035);
#1035 = DEFINITIONAL_REPRESENTATION('',(#1036),#1040);
#1036 = LINE('',#1037,#1038);
#1037 = CARTESIAN_POINT('',(0.,1.42108547152E-14));
#1038 = VECTOR('',#1039,1.);
#1039 = DIRECTION('',(1.,-7.642657898044E-15));
#1040 = ( GEOMETRIC_REPRESENTATION_CONTEXT(2) 
PARAMETRIC_REPRESENTATION_CONTEXT() REPRESENTATION_CONTEXT('2D SPACE',''
  ) );
#1041 = PCURVE('',#955,#1042);
#1042 = DEFINITIONAL_REPRESENTATION('',(#1043),#1047);
#1043 = CIRCLE('',#1044,3.25);
#1044 = AXIS2_PLACEMENT_2D('',#1045,#1046);
#1045 = CARTESIAN_POINT('',(0.,0.));
#1046 = DIRECTION('',(1.,0.));
#1047 = ( GEOMETRIC_REPRESENTATION_CONTEXT(2) 
PARAMETRIC_REPRESENTATION_CONTEXT() REPRESENTATION_CONTEXT('2D SPACE',''
  ) );
#1048 = ADVANCED_FACE('',(#1049),#1063,.F.);
#1049 = FACE_BOUND('',#1050,.F.);
#1050 = EDGE_LOOP('',(#1051,#1086,#1114,#1142));
#1051 = ORIENTED_EDGE('',*,*,#1052,.F.);
#1052 = EDGE_CURVE('',#1053,#1055,#1057,.T.);
#1053 = VERTEX_POINT('',#1054);
#1054 = CARTESIAN_POINT('',(-6.783919402851,265.,38.656936915979));
#1055 = VERTEX_POINT('',#1056);
#1056 = CARTESIAN_POINT('',(-6.783919402851,266.2,38.656936915979));
#1057 = SURFACE_CURVE('',#1058,(#1062,#1074),.PCURVE_S1.);
#1058 = LINE('',#1059,#1060);
#1059 = CARTESIAN_POINT('',(-6.783919402851,266.55,38.656936915979));
#1060 = VECTOR('',#1061,1.);
#1061 = DIRECTION('',(3.108532283332E-16,1.,-6.786238238021E-15));
#1062 = PCURVE('',#1063,#1068);
#1063 = CYLINDRICAL_SURFACE('',#1064,3.25);
#1064 = AXIS2_PLACEMENT_3D('',#1065,#1066,#1067);
#1065 = CARTESIAN_POINT('',(-9.899494936612,266.2,37.731902271531));
#1066 = DIRECTION('',(-3.108532283332E-16,-1.,7.151443180332E-15));
#1067 = DIRECTION('',(-6.64265828938E-16,7.151443180332E-15,1.));
#1068 = DEFINITIONAL_REPRESENTATION('',(#1069),#1073);
#1069 = LINE('',#1070,#1071);
#1070 = CARTESIAN_POINT('',(5.001005295733,-0.35));
#1071 = VECTOR('',#1072,1.);
#1072 = DIRECTION('',(0.,-1.));
#1073 = ( GEOMETRIC_REPRESENTATION_CONTEXT(2) 
PARAMETRIC_REPRESENTATION_CONTEXT() REPRESENTATION_CONTEXT('2D SPACE',''
  ) );
#1074 = PCURVE('',#1075,#1080);
#1075 = CYLINDRICAL_SURFACE('',#1076,11.25);
#1076 = AXIS2_PLACEMENT_3D('',#1077,#1078,#1079);
#1077 = CARTESIAN_POINT('',(-2.13162820728E-14,269.5,47.631397208142));
#1078 = DIRECTION('',(3.108532283332E-16,1.,-6.786238238021E-15));
#1079 = DIRECTION('',(-1.,3.108532283331E-16,-6.64265828938E-16));
#1080 = DEFINITIONAL_REPRESENTATION('',(#1081),#1085);
#1081 = LINE('',#1082,#1083);
#1082 = CARTESIAN_POINT('',(5.359664262314,-2.95));
#1083 = VECTOR('',#1084,1.);
#1084 = DIRECTION('',(0.,1.));
#1085 = ( GEOMETRIC_REPRESENTATION_CONTEXT(2) 
PARAMETRIC_REPRESENTATION_CONTEXT() REPRESENTATION_CONTEXT('2D SPACE',''
  ) );
#1086 = ORIENTED_EDGE('',*,*,#1087,.F.);
#1087 = EDGE_CURVE('',#1088,#1053,#1090,.T.);
#1088 = VERTEX_POINT('',#1089);
#1089 = CARTESIAN_POINT('',(-9.899494936612,265.,34.481902271531));
#1090 = SURFACE_CURVE('',#1091,(#1096,#1103),.PCURVE_S1.);
#1091 = CIRCLE('',#1092,3.25);
#1092 = AXIS2_PLACEMENT_3D('',#1093,#1094,#1095);
#1093 = CARTESIAN_POINT('',(-9.899494936612,265.,37.731902271531));
#1094 = DIRECTION('',(-3.108532283332E-16,-1.,7.151443180332E-15));
#1095 = DIRECTION('',(-6.64265828938E-16,7.151443180332E-15,1.));
#1096 = PCURVE('',#1063,#1097);
#1097 = DEFINITIONAL_REPRESENTATION('',(#1098),#1102);
#1098 = LINE('',#1099,#1100);
#1099 = CARTESIAN_POINT('',(0.,1.2));
#1100 = VECTOR('',#1101,1.);
#1101 = DIRECTION('',(1.,0.));
#1102 = ( GEOMETRIC_REPRESENTATION_CONTEXT(2) 
PARAMETRIC_REPRESENTATION_CONTEXT() REPRESENTATION_CONTEXT('2D SPACE',''
  ) );
#1103 = PCURVE('',#896,#1104);
#1104 = DEFINITIONAL_REPRESENTATION('',(#1105),#1113);
#1105 = ( BOUNDED_CURVE() B_SPLINE_CURVE(2,(#1106,#1107,#1108,#1109,
#1110,#1111,#1112),.UNSPECIFIED.,.T.,.F.) B_SPLINE_CURVE_WITH_KNOTS((1,2
    ,2,2,2,1),(-2.094395102393,0.,2.094395102393,4.188790204786,
6.28318530718,8.377580409573),.UNSPECIFIED.) CURVE() 
GEOMETRIC_REPRESENTATION_ITEM() RATIONAL_B_SPLINE_CURVE((1.,0.5,1.,0.5,
1.,0.5,1.)) REPRESENTATION_ITEM('') );
#1106 = CARTESIAN_POINT('',(25.649494936612,-9.100505063388));
#1107 = CARTESIAN_POINT('',(25.649494936612,-3.471339938789));
#1108 = CARTESIAN_POINT('',(30.524494936612,-6.285922501089));
#1109 = CARTESIAN_POINT('',(35.399494936612,-9.100505063388));
#1110 = CARTESIAN_POINT('',(30.524494936612,-11.91508762568));
#1111 = CARTESIAN_POINT('',(25.649494936612,-14.72967018798));
#1112 = CARTESIAN_POINT('',(25.649494936612,-9.100505063388));
#1113 = ( GEOMETRIC_REPRESENTATION_CONTEXT(2) 
PARAMETRIC_REPRESENTATION_CONTEXT() REPRESENTATION_CONTEXT('2D SPACE',''
  ) );
#1114 = ORIENTED_EDGE('',*,*,#1115,.F.);
#1115 = EDGE_CURVE('',#1116,#1088,#1118,.T.);
#1116 = VERTEX_POINT('',#1117);
#1117 = CARTESIAN_POINT('',(-9.899494936612,266.2,34.481902271531));
#1118 = SURFACE_CURVE('',#1119,(#1123,#1130),.PCURVE_S1.);
#1119 = LINE('',#1120,#1121);
#1120 = CARTESIAN_POINT('',(-9.899494936612,266.2,34.481902271531));
#1121 = VECTOR('',#1122,1.);
#1122 = DIRECTION('',(-3.108532283332E-16,-1.,7.151443180332E-15));
#1123 = PCURVE('',#1063,#1124);
#1124 = DEFINITIONAL_REPRESENTATION('',(#1125),#1129);
#1125 = LINE('',#1126,#1127);
#1126 = CARTESIAN_POINT('',(3.14159265359,0.));
#1127 = VECTOR('',#1128,1.);
#1128 = DIRECTION('',(0.,1.));
#1129 = ( GEOMETRIC_REPRESENTATION_CONTEXT(2) 
PARAMETRIC_REPRESENTATION_CONTEXT() REPRESENTATION_CONTEXT('2D SPACE',''
  ) );
#1130 = PCURVE('',#1131,#1136);
#1131 = CYLINDRICAL_SURFACE('',#1132,3.25);
#1132 = AXIS2_PLACEMENT_3D('',#1133,#1134,#1135);
#1133 = CARTESIAN_POINT('',(-9.899494936612,266.2,37.731902271531));
#1134 = DIRECTION('',(-3.108532283332E-16,-1.,7.151443180332E-15));
#1135 = DIRECTION('',(-6.64265828938E-16,7.151443180332E-15,1.));
#1136 = DEFINITIONAL_REPRESENTATION('',(#1137),#1141);
#1137 = LINE('',#1138,#1139);
#1138 = CARTESIAN_POINT('',(3.14159265359,0.));
#1139 = VECTOR('',#1140,1.);
#1140 = DIRECTION('',(0.,1.));
#1141 = ( GEOMETRIC_REPRESENTATION_CONTEXT(2) 
PARAMETRIC_REPRESENTATION_CONTEXT() REPRESENTATION_CONTEXT('2D SPACE',''
  ) );
#1142 = ORIENTED_EDGE('',*,*,#1143,.T.);
#1143 = EDGE_CURVE('',#1116,#1055,#1144,.T.);
#1144 = SURFACE_CURVE('',#1145,(#1150,#1157),.PCURVE_S1.);
#1145 = CIRCLE('',#1146,3.25);
#1146 = AXIS2_PLACEMENT_3D('',#1147,#1148,#1149);
#1147 = CARTESIAN_POINT('',(-9.899494936612,266.2,37.731902271531));
#1148 = DIRECTION('',(-3.108532283332E-16,-1.,7.151443180332E-15));
#1149 = DIRECTION('',(-6.64265828938E-16,7.151443180332E-15,1.));
#1150 = PCURVE('',#1063,#1151);
#1151 = DEFINITIONAL_REPRESENTATION('',(#1152),#1156);
#1152 = LINE('',#1153,#1154);
#1153 = CARTESIAN_POINT('',(0.,0.));
#1154 = VECTOR('',#1155,1.);
#1155 = DIRECTION('',(1.,0.));
#1156 = ( GEOMETRIC_REPRESENTATION_CONTEXT(2) 
PARAMETRIC_REPRESENTATION_CONTEXT() REPRESENTATION_CONTEXT('2D SPACE',''
  ) );
#1157 = PCURVE('',#1158,#1163);
#1158 = PLANE('',#1159);
#1159 = AXIS2_PLACEMENT_3D('',#1160,#1161,#1162);
#1160 = CARTESIAN_POINT('',(-9.899494936612,266.2,37.731902271531));
#1161 = DIRECTION('',(-3.108532283332E-16,-1.,7.151443180332E-15));
#1162 = DIRECTION('',(-6.64265828938E-16,7.151443180332E-15,1.));
#1163 = DEFINITIONAL_REPRESENTATION('',(#1164),#1168);
#1164 = CIRCLE('',#1165,3.25);
#1165 = AXIS2_PLACEMENT_2D('',#1166,#1167);
#1166 = CARTESIAN_POINT('',(0.,0.));
#1167 = DIRECTION('',(1.,0.));
#1168 = ( GEOMETRIC_REPRESENTATION_CONTEXT(2) 
PARAMETRIC_REPRESENTATION_CONTEXT() REPRESENTATION_CONTEXT('2D SPACE',''
  ) );
#1169 = ADVANCED_FACE('',(#1170),#1131,.F.);
#1170 = FACE_BOUND('',#1171,.F.);
#1171 = EDGE_LOOP('',(#1172,#1200,#1228,#1250));
#1172 = ORIENTED_EDGE('',*,*,#1173,.F.);
#1173 = EDGE_CURVE('',#1174,#1088,#1176,.T.);
#1174 = VERTEX_POINT('',#1175);
#1175 = CARTESIAN_POINT('',(-9.899494936612,265.,40.981902271531));
#1176 = SURFACE_CURVE('',#1177,(#1182,#1189),.PCURVE_S1.);
#1177 = CIRCLE('',#1178,3.25);
#1178 = AXIS2_PLACEMENT_3D('',#1179,#1180,#1181);
#1179 = CARTESIAN_POINT('',(-9.899494936612,265.,37.731902271531));
#1180 = DIRECTION('',(-3.108532283332E-16,-1.,7.151443180332E-15));
#1181 = DIRECTION('',(-6.64265828938E-16,7.151443180332E-15,1.));
#1182 = PCURVE('',#1131,#1183);
#1183 = DEFINITIONAL_REPRESENTATION('',(#1184),#1188);
#1184 = LINE('',#1185,#1186);
#1185 = CARTESIAN_POINT('',(0.,1.2));
#1186 = VECTOR('',#1187,1.);
#1187 = DIRECTION('',(1.,0.));
#1188 = ( GEOMETRIC_REPRESENTATION_CONTEXT(2) 
PARAMETRIC_REPRESENTATION_CONTEXT() REPRESENTATION_CONTEXT('2D SPACE',''
  ) );
#1189 = PCURVE('',#896,#1190);
#1190 = DEFINITIONAL_REPRESENTATION('',(#1191),#1199);
#1191 = ( BOUNDED_CURVE() B_SPLINE_CURVE(2,(#1192,#1193,#1194,#1195,
#1196,#1197,#1198),.UNSPECIFIED.,.T.,.F.) B_SPLINE_CURVE_WITH_KNOTS((1,2
    ,2,2,2,1),(-2.094395102393,0.,2.094395102393,4.188790204786,
6.28318530718,8.377580409573),.UNSPECIFIED.) CURVE() 
GEOMETRIC_REPRESENTATION_ITEM() RATIONAL_B_SPLINE_CURVE((1.,0.5,1.,0.5,
1.,0.5,1.)) REPRESENTATION_ITEM('') );
#1192 = CARTESIAN_POINT('',(25.649494936612,-9.100505063388));
#1193 = CARTESIAN_POINT('',(25.649494936612,-3.471339938789));
#1194 = CARTESIAN_POINT('',(30.524494936612,-6.285922501089));
#1195 = CARTESIAN_POINT('',(35.399494936612,-9.100505063388));
#1196 = CARTESIAN_POINT('',(30.524494936612,-11.91508762568));
#1197 = CARTESIAN_POINT('',(25.649494936612,-14.72967018798));
#1198 = CARTESIAN_POINT('',(25.649494936612,-9.100505063388));
#1199 = ( GEOMETRIC_REPRESENTATION_CONTEXT(2) 
PARAMETRIC_REPRESENTATION_CONTEXT() REPRESENTATION_CONTEXT('2D SPACE',''
  ) );
#1200 = ORIENTED_EDGE('',*,*,#1201,.F.);
#1201 = EDGE_CURVE('',#1202,#1174,#1204,.T.);
#1202 = VERTEX_POINT('',#1203);
#1203 = CARTESIAN_POINT('',(-9.899494936612,266.2,40.981902271531));
#1204 = SURFACE_CURVE('',#1205,(#1209,#1216),.PCURVE_S1.);
#1205 = LINE('',#1206,#1207);
#1206 = CARTESIAN_POINT('',(-9.899494936612,266.2,40.981902271531));
#1207 = VECTOR('',#1208,1.);
#1208 = DIRECTION('',(-3.108532283332E-16,-1.,7.151443180332E-15));
#1209 = PCURVE('',#1131,#1210);
#1210 = DEFINITIONAL_REPRESENTATION('',(#1211),#1215);
#1211 = LINE('',#1212,#1213);
#1212 = CARTESIAN_POINT('',(0.,0.));
#1213 = VECTOR('',#1214,1.);
#1214 = DIRECTION('',(0.,1.));
#1215 = ( GEOMETRIC_REPRESENTATION_CONTEXT(2) 
PARAMETRIC_REPRESENTATION_CONTEXT() REPRESENTATION_CONTEXT('2D SPACE',''
  ) );
#1216 = PCURVE('',#1217,#1222);
#1217 = CYLINDRICAL_SURFACE('',#1218,3.25);
#1218 = AXIS2_PLACEMENT_3D('',#1219,#1220,#1221);
#1219 = CARTESIAN_POINT('',(-9.899494936612,266.2,37.731902271531));
#1220 = DIRECTION('',(-3.108532283332E-16,-1.,7.151443180332E-15));
#1221 = DIRECTION('',(-6.64265828938E-16,7.151443180332E-15,1.));
#1222 = DEFINITIONAL_REPRESENTATION('',(#1223),#1227);
#1223 = LINE('',#1224,#1225);
#1224 = CARTESIAN_POINT('',(6.28318530718,0.));
#1225 = VECTOR('',#1226,1.);
#1226 = DIRECTION('',(0.,1.));
#1227 = ( GEOMETRIC_REPRESENTATION_CONTEXT(2) 
PARAMETRIC_REPRESENTATION_CONTEXT() REPRESENTATION_CONTEXT('2D SPACE',''
  ) );
#1228 = ORIENTED_EDGE('',*,*,#1229,.T.);
#1229 = EDGE_CURVE('',#1202,#1116,#1230,.T.);
#1230 = SURFACE_CURVE('',#1231,(#1236,#1243),.PCURVE_S1.);
#1231 = CIRCLE('',#1232,3.25);
#1232 = AXIS2_PLACEMENT_3D('',#1233,#1234,#1235);
#1233 = CARTESIAN_POINT('',(-9.899494936612,266.2,37.731902271531));
#1234 = DIRECTION('',(-3.108532283332E-16,-1.,7.151443180332E-15));
#1235 = DIRECTION('',(-6.64265828938E-16,7.151443180332E-15,1.));
#1236 = PCURVE('',#1131,#1237);
#1237 = DEFINITIONAL_REPRESENTATION('',(#1238),#1242);
#1238 = LINE('',#1239,#1240);
#1239 = CARTESIAN_POINT('',(0.,0.));
#1240 = VECTOR('',#1241,1.);
#1241 = DIRECTION('',(1.,0.));
#1242 = ( GEOMETRIC_REPRESENTATION_CONTEXT(2) 
PARAMETRIC_REPRESENTATION_CONTEXT() REPRESENTATION_CONTEXT('2D SPACE',''
  ) );
#1243 = PCURVE('',#1158,#1244);
#1244 = DEFINITIONAL_REPRESENTATION('',(#1245),#1249);
#1245 = CIRCLE('',#1246,3.25);
#1246 = AXIS2_PLACEMENT_2D('',#1247,#1248);
#1247 = CARTESIAN_POINT('',(0.,0.));
#1248 = DIRECTION('',(1.,0.));
#1249 = ( GEOMETRIC_REPRESENTATION_CONTEXT(2) 
PARAMETRIC_REPRESENTATION_CONTEXT() REPRESENTATION_CONTEXT('2D SPACE',''
  ) );
#1250 = ORIENTED_EDGE('',*,*,#1115,.T.);
#1251 = ADVANCED_FACE('',(#1252),#1266,.F.);
#1252 = FACE_BOUND('',#1253,.F.);
#1253 = EDGE_LOOP('',(#1254,#1284,#1312,#1340));
#1254 = ORIENTED_EDGE('',*,*,#1255,.F.);
#1255 = EDGE_CURVE('',#1256,#1258,#1260,.T.);
#1256 = VERTEX_POINT('',#1257);
#1257 = CARTESIAN_POINT('',(-8.974460292164,265.,54.415316610993));
#1258 = VERTEX_POINT('',#1259);
#1259 = CARTESIAN_POINT('',(-8.974460292164,266.2,54.415316610993));
#1260 = SURFACE_CURVE('',#1261,(#1265,#1277),.PCURVE_S1.);
#1261 = LINE('',#1262,#1263);
#1262 = CARTESIAN_POINT('',(-8.974460292164,266.55,54.415316610993));
#1263 = VECTOR('',#1264,1.);
#1264 = DIRECTION('',(3.108532283332E-16,1.,-6.786238238021E-15));
#1265 = PCURVE('',#1266,#1271);
#1266 = CYLINDRICAL_SURFACE('',#1267,3.25);
#1267 = AXIS2_PLACEMENT_3D('',#1268,#1269,#1270);
#1268 = CARTESIAN_POINT('',(-9.899494936612,266.2,57.530892144754));
#1269 = DIRECTION('',(-3.108532283332E-16,-1.,7.151443180332E-15));
#1270 = DIRECTION('',(-6.64265828938E-16,7.151443180332E-15,1.));
#1271 = DEFINITIONAL_REPRESENTATION('',(#1272),#1276);
#1272 = LINE('',#1273,#1274);
#1273 = CARTESIAN_POINT('',(3.430208968938,-0.35));
#1274 = VECTOR('',#1275,1.);
#1275 = DIRECTION('',(0.,-1.));
#1276 = ( GEOMETRIC_REPRESENTATION_CONTEXT(2) 
PARAMETRIC_REPRESENTATION_CONTEXT() REPRESENTATION_CONTEXT('2D SPACE',''
  ) );
#1277 = PCURVE('',#988,#1278);
#1278 = DEFINITIONAL_REPRESENTATION('',(#1279),#1283);
#1279 = LINE('',#1280,#1281);
#1280 = CARTESIAN_POINT('',(0.64727528193,-2.95));
#1281 = VECTOR('',#1282,1.);
#1282 = DIRECTION('',(0.,1.));
#1283 = ( GEOMETRIC_REPRESENTATION_CONTEXT(2) 
PARAMETRIC_REPRESENTATION_CONTEXT() REPRESENTATION_CONTEXT('2D SPACE',''
  ) );
#1284 = ORIENTED_EDGE('',*,*,#1285,.F.);
#1285 = EDGE_CURVE('',#1286,#1256,#1288,.T.);
#1286 = VERTEX_POINT('',#1287);
#1287 = CARTESIAN_POINT('',(-9.899494936612,265.,54.280892144754));
#1288 = SURFACE_CURVE('',#1289,(#1294,#1301),.PCURVE_S1.);
#1289 = CIRCLE('',#1290,3.25);
#1290 = AXIS2_PLACEMENT_3D('',#1291,#1292,#1293);
#1291 = CARTESIAN_POINT('',(-9.899494936612,265.,57.530892144754));
#1292 = DIRECTION('',(-3.108532283332E-16,-1.,7.151443180332E-15));
#1293 = DIRECTION('',(-6.64265828938E-16,7.151443180332E-15,1.));
#1294 = PCURVE('',#1266,#1295);
#1295 = DEFINITIONAL_REPRESENTATION('',(#1296),#1300);
#1296 = LINE('',#1297,#1298);
#1297 = CARTESIAN_POINT('',(0.,1.2));
#1298 = VECTOR('',#1299,1.);
#1299 = DIRECTION('',(1.,0.));
#1300 = ( GEOMETRIC_REPRESENTATION_CONTEXT(2) 
PARAMETRIC_REPRESENTATION_CONTEXT() REPRESENTATION_CONTEXT('2D SPACE',''
  ) );
#1301 = PCURVE('',#896,#1302);
#1302 = DEFINITIONAL_REPRESENTATION('',(#1303),#1311);
#1303 = ( BOUNDED_CURVE() B_SPLINE_CURVE(2,(#1304,#1305,#1306,#1307,
#1308,#1309,#1310),.UNSPECIFIED.,.T.,.F.) B_SPLINE_CURVE_WITH_KNOTS((1,2
    ,2,2,2,1),(-2.094395102393,0.,2.094395102393,4.188790204786,
6.28318530718,8.377580409573),.UNSPECIFIED.) CURVE() 
GEOMETRIC_REPRESENTATION_ITEM() RATIONAL_B_SPLINE_CURVE((1.,0.5,1.,0.5,
1.,0.5,1.)) REPRESENTATION_ITEM('') );
#1304 = CARTESIAN_POINT('',(5.850505063388,-9.100505063388));
#1305 = CARTESIAN_POINT('',(5.850505063388,-3.47133993879));
#1306 = CARTESIAN_POINT('',(10.725505063388,-6.285922501089));
#1307 = CARTESIAN_POINT('',(15.600505063388,-9.100505063388));
#1308 = CARTESIAN_POINT('',(10.725505063388,-11.91508762568));
#1309 = CARTESIAN_POINT('',(5.850505063388,-14.72967018798));
#1310 = CARTESIAN_POINT('',(5.850505063388,-9.100505063388));
#1311 = ( GEOMETRIC_REPRESENTATION_CONTEXT(2) 
PARAMETRIC_REPRESENTATION_CONTEXT() REPRESENTATION_CONTEXT('2D SPACE',''
  ) );
#1312 = ORIENTED_EDGE('',*,*,#1313,.F.);
#1313 = EDGE_CURVE('',#1314,#1286,#1316,.T.);
#1314 = VERTEX_POINT('',#1315);
#1315 = CARTESIAN_POINT('',(-9.899494936612,266.2,54.280892144754));
#1316 = SURFACE_CURVE('',#1317,(#1321,#1328),.PCURVE_S1.);
#1317 = LINE('',#1318,#1319);
#1318 = CARTESIAN_POINT('',(-9.899494936612,266.2,54.280892144754));
#1319 = VECTOR('',#1320,1.);
#1320 = DIRECTION('',(-3.108532283332E-16,-1.,7.151443180332E-15));
#1321 = PCURVE('',#1266,#1322);
#1322 = DEFINITIONAL_REPRESENTATION('',(#1323),#1327);
#1323 = LINE('',#1324,#1325);
#1324 = CARTESIAN_POINT('',(3.14159265359,0.));
#1325 = VECTOR('',#1326,1.);
#1326 = DIRECTION('',(0.,1.));
#1327 = ( GEOMETRIC_REPRESENTATION_CONTEXT(2) 
PARAMETRIC_REPRESENTATION_CONTEXT() REPRESENTATION_CONTEXT('2D SPACE',''
  ) );
#1328 = PCURVE('',#1329,#1334);
#1329 = CYLINDRICAL_SURFACE('',#1330,3.25);
#1330 = AXIS2_PLACEMENT_3D('',#1331,#1332,#1333);
#1331 = CARTESIAN_POINT('',(-9.899494936612,266.2,57.530892144754));
#1332 = DIRECTION('',(-3.108532283332E-16,-1.,7.151443180332E-15));
#1333 = DIRECTION('',(-6.64265828938E-16,7.151443180332E-15,1.));
#1334 = DEFINITIONAL_REPRESENTATION('',(#1335),#1339);
#1335 = LINE('',#1336,#1337);
#1336 = CARTESIAN_POINT('',(3.14159265359,0.));
#1337 = VECTOR('',#1338,1.);
#1338 = DIRECTION('',(0.,1.));
#1339 = ( GEOMETRIC_REPRESENTATION_CONTEXT(2) 
PARAMETRIC_REPRESENTATION_CONTEXT() REPRESENTATION_CONTEXT('2D SPACE',''
  ) );
#1340 = ORIENTED_EDGE('',*,*,#1341,.T.);
#1341 = EDGE_CURVE('',#1314,#1258,#1342,.T.);
#1342 = SURFACE_CURVE('',#1343,(#1348,#1355),.PCURVE_S1.);
#1343 = CIRCLE('',#1344,3.25);
#1344 = AXIS2_PLACEMENT_3D('',#1345,#1346,#1347);
#1345 = CARTESIAN_POINT('',(-9.899494936612,266.2,57.530892144754));
#1346 = DIRECTION('',(-3.108532283332E-16,-1.,7.151443180332E-15));
#1347 = DIRECTION('',(-6.64265828938E-16,7.151443180332E-15,1.));
#1348 = PCURVE('',#1266,#1349);
#1349 = DEFINITIONAL_REPRESENTATION('',(#1350),#1354);
#1350 = LINE('',#1351,#1352);
#1351 = CARTESIAN_POINT('',(0.,0.));
#1352 = VECTOR('',#1353,1.);
#1353 = DIRECTION('',(1.,0.));
#1354 = ( GEOMETRIC_REPRESENTATION_CONTEXT(2) 
PARAMETRIC_REPRESENTATION_CONTEXT() REPRESENTATION_CONTEXT('2D SPACE',''
  ) );
#1355 = PCURVE('',#1356,#1361);
#1356 = PLANE('',#1357);
#1357 = AXIS2_PLACEMENT_3D('',#1358,#1359,#1360);
#1358 = CARTESIAN_POINT('',(-9.899494936612,266.2,57.530892144754));
#1359 = DIRECTION('',(-3.108532283332E-16,-1.,7.151443180332E-15));
#1360 = DIRECTION('',(-6.64265828938E-16,7.151443180332E-15,1.));
#1361 = DEFINITIONAL_REPRESENTATION('',(#1362),#1366);
#1362 = CIRCLE('',#1363,3.25);
#1363 = AXIS2_PLACEMENT_2D('',#1364,#1365);
#1364 = CARTESIAN_POINT('',(0.,0.));
#1365 = DIRECTION('',(1.,0.));
#1366 = ( GEOMETRIC_REPRESENTATION_CONTEXT(2) 
PARAMETRIC_REPRESENTATION_CONTEXT() REPRESENTATION_CONTEXT('2D SPACE',''
  ) );
#1367 = ADVANCED_FACE('',(#1368),#1329,.F.);
#1368 = FACE_BOUND('',#1369,.F.);
#1369 = EDGE_LOOP('',(#1370,#1398,#1426,#1448));
#1370 = ORIENTED_EDGE('',*,*,#1371,.F.);
#1371 = EDGE_CURVE('',#1372,#1286,#1374,.T.);
#1372 = VERTEX_POINT('',#1373);
#1373 = CARTESIAN_POINT('',(-9.899494936612,265.,60.780892144754));
#1374 = SURFACE_CURVE('',#1375,(#1380,#1387),.PCURVE_S1.);
#1375 = CIRCLE('',#1376,3.25);
#1376 = AXIS2_PLACEMENT_3D('',#1377,#1378,#1379);
#1377 = CARTESIAN_POINT('',(-9.899494936612,265.,57.530892144754));
#1378 = DIRECTION('',(-3.108532283332E-16,-1.,7.151443180332E-15));
#1379 = DIRECTION('',(-6.64265828938E-16,7.151443180332E-15,1.));
#1380 = PCURVE('',#1329,#1381);
#1381 = DEFINITIONAL_REPRESENTATION('',(#1382),#1386);
#1382 = LINE('',#1383,#1384);
#1383 = CARTESIAN_POINT('',(0.,1.2));
#1384 = VECTOR('',#1385,1.);
#1385 = DIRECTION('',(1.,-4.52345554697E-15));
#1386 = ( GEOMETRIC_REPRESENTATION_CONTEXT(2) 
PARAMETRIC_REPRESENTATION_CONTEXT() REPRESENTATION_CONTEXT('2D SPACE',''
  ) );
#1387 = PCURVE('',#896,#1388);
#1388 = DEFINITIONAL_REPRESENTATION('',(#1389),#1397);
#1389 = ( BOUNDED_CURVE() B_SPLINE_CURVE(2,(#1390,#1391,#1392,#1393,
#1394,#1395,#1396),.UNSPECIFIED.,.T.,.F.) B_SPLINE_CURVE_WITH_KNOTS((1,2
    ,2,2,2,1),(-2.094395102393,0.,2.094395102393,4.188790204786,
6.28318530718,8.377580409573),.UNSPECIFIED.) CURVE() 
GEOMETRIC_REPRESENTATION_ITEM() RATIONAL_B_SPLINE_CURVE((1.,0.5,1.,0.5,
1.,0.5,1.)) REPRESENTATION_ITEM('') );
#1390 = CARTESIAN_POINT('',(5.850505063388,-9.100505063388));
#1391 = CARTESIAN_POINT('',(5.850505063388,-3.47133993879));
#1392 = CARTESIAN_POINT('',(10.725505063388,-6.285922501089));
#1393 = CARTESIAN_POINT('',(15.600505063388,-9.100505063388));
#1394 = CARTESIAN_POINT('',(10.725505063388,-11.91508762568));
#1395 = CARTESIAN_POINT('',(5.850505063388,-14.72967018798));
#1396 = CARTESIAN_POINT('',(5.850505063388,-9.100505063388));
#1397 = ( GEOMETRIC_REPRESENTATION_CONTEXT(2) 
PARAMETRIC_REPRESENTATION_CONTEXT() REPRESENTATION_CONTEXT('2D SPACE',''
  ) );
#1398 = ORIENTED_EDGE('',*,*,#1399,.F.);
#1399 = EDGE_CURVE('',#1400,#1372,#1402,.T.);
#1400 = VERTEX_POINT('',#1401);
#1401 = CARTESIAN_POINT('',(-9.899494936612,266.2,60.780892144754));
#1402 = SURFACE_CURVE('',#1403,(#1407,#1414),.PCURVE_S1.);
#1403 = LINE('',#1404,#1405);
#1404 = CARTESIAN_POINT('',(-9.899494936612,266.2,60.780892144754));
#1405 = VECTOR('',#1406,1.);
#1406 = DIRECTION('',(-3.108532283332E-16,-1.,7.151443180332E-15));
#1407 = PCURVE('',#1329,#1408);
#1408 = DEFINITIONAL_REPRESENTATION('',(#1409),#1413);
#1409 = LINE('',#1410,#1411);
#1410 = CARTESIAN_POINT('',(0.,1.42108547152E-14));
#1411 = VECTOR('',#1412,1.);
#1412 = DIRECTION('',(0.,1.));
#1413 = ( GEOMETRIC_REPRESENTATION_CONTEXT(2) 
PARAMETRIC_REPRESENTATION_CONTEXT() REPRESENTATION_CONTEXT('2D SPACE',''
  ) );
#1414 = PCURVE('',#1415,#1420);
#1415 = CYLINDRICAL_SURFACE('',#1416,3.25);
#1416 = AXIS2_PLACEMENT_3D('',#1417,#1418,#1419);
#1417 = CARTESIAN_POINT('',(-9.899494936612,266.2,57.530892144754));
#1418 = DIRECTION('',(-3.108532283332E-16,-1.,7.151443180332E-15));
#1419 = DIRECTION('',(-6.64265828938E-16,7.151443180332E-15,1.));
#1420 = DEFINITIONAL_REPRESENTATION('',(#1421),#1425);
#1421 = LINE('',#1422,#1423);
#1422 = CARTESIAN_POINT('',(6.28318530718,1.42108547152E-14));
#1423 = VECTOR('',#1424,1.);
#1424 = DIRECTION('',(0.,1.));
#1425 = ( GEOMETRIC_REPRESENTATION_CONTEXT(2) 
PARAMETRIC_REPRESENTATION_CONTEXT() REPRESENTATION_CONTEXT('2D SPACE',''
  ) );
#1426 = ORIENTED_EDGE('',*,*,#1427,.T.);
#1427 = EDGE_CURVE('',#1400,#1314,#1428,.T.);
#1428 = SURFACE_CURVE('',#1429,(#1434,#1441),.PCURVE_S1.);
#1429 = CIRCLE('',#1430,3.25);
#1430 = AXIS2_PLACEMENT_3D('',#1431,#1432,#1433);
#1431 = CARTESIAN_POINT('',(-9.899494936612,266.2,57.530892144754));
#1432 = DIRECTION('',(-3.108532283332E-16,-1.,7.151443180332E-15));
#1433 = DIRECTION('',(-6.64265828938E-16,7.151443180332E-15,1.));
#1434 = PCURVE('',#1329,#1435);
#1435 = DEFINITIONAL_REPRESENTATION('',(#1436),#1440);
#1436 = LINE('',#1437,#1438);
#1437 = CARTESIAN_POINT('',(0.,1.42108547152E-14));
#1438 = VECTOR('',#1439,1.);
#1439 = DIRECTION('',(1.,-4.52345554697E-15));
#1440 = ( GEOMETRIC_REPRESENTATION_CONTEXT(2) 
PARAMETRIC_REPRESENTATION_CONTEXT() REPRESENTATION_CONTEXT('2D SPACE',''
  ) );
#1441 = PCURVE('',#1356,#1442);
#1442 = DEFINITIONAL_REPRESENTATION('',(#1443),#1447);
#1443 = CIRCLE('',#1444,3.25);
#1444 = AXIS2_PLACEMENT_2D('',#1445,#1446);
#1445 = CARTESIAN_POINT('',(0.,0.));
#1446 = DIRECTION('',(1.,0.));
#1447 = ( GEOMETRIC_REPRESENTATION_CONTEXT(2) 
PARAMETRIC_REPRESENTATION_CONTEXT() REPRESENTATION_CONTEXT('2D SPACE',''
  ) );
#1448 = ORIENTED_EDGE('',*,*,#1313,.T.);
#1449 = ADVANCED_FACE('',(#1450),#1464,.F.);
#1450 = FACE_BOUND('',#1451,.F.);
#1451 = EDGE_LOOP('',(#1452,#1487,#1515,#1543));
#1452 = ORIENTED_EDGE('',*,*,#1453,.T.);
#1453 = EDGE_CURVE('',#1454,#1456,#1458,.T.);
#1454 = VERTEX_POINT('',#1455);
#1455 = CARTESIAN_POINT('',(9.899494936612,266.2,40.981902271531));
#1456 = VERTEX_POINT('',#1457);
#1457 = CARTESIAN_POINT('',(9.899494936612,265.,40.981902271531));
#1458 = SURFACE_CURVE('',#1459,(#1463,#1475),.PCURVE_S1.);
#1459 = LINE('',#1460,#1461);
#1460 = CARTESIAN_POINT('',(9.899494936612,266.2,40.981902271531));
#1461 = VECTOR('',#1462,1.);
#1462 = DIRECTION('',(-3.108532283332E-16,-1.,7.151443180332E-15));
#1463 = PCURVE('',#1464,#1469);
#1464 = CYLINDRICAL_SURFACE('',#1465,3.25);
#1465 = AXIS2_PLACEMENT_3D('',#1466,#1467,#1468);
#1466 = CARTESIAN_POINT('',(9.899494936612,266.2,37.731902271531));
#1467 = DIRECTION('',(-3.108532283332E-16,-1.,7.151443180332E-15));
#1468 = DIRECTION('',(-6.64265828938E-16,7.151443180332E-15,1.));
#1469 = DEFINITIONAL_REPRESENTATION('',(#1470),#1474);
#1470 = LINE('',#1471,#1472);
#1471 = CARTESIAN_POINT('',(6.28318530718,0.));
#1472 = VECTOR('',#1473,1.);
#1473 = DIRECTION('',(0.,1.));
#1474 = ( GEOMETRIC_REPRESENTATION_CONTEXT(2) 
PARAMETRIC_REPRESENTATION_CONTEXT() REPRESENTATION_CONTEXT('2D SPACE',''
  ) );
#1475 = PCURVE('',#1476,#1481);
#1476 = CYLINDRICAL_SURFACE('',#1477,3.25);
#1477 = AXIS2_PLACEMENT_3D('',#1478,#1479,#1480);
#1478 = CARTESIAN_POINT('',(9.899494936612,266.2,37.731902271531));
#1479 = DIRECTION('',(-3.108532283332E-16,-1.,7.151443180332E-15));
#1480 = DIRECTION('',(-6.64265828938E-16,7.151443180332E-15,1.));
#1481 = DEFINITIONAL_REPRESENTATION('',(#1482),#1486);
#1482 = LINE('',#1483,#1484);
#1483 = CARTESIAN_POINT('',(0.,0.));
#1484 = VECTOR('',#1485,1.);
#1485 = DIRECTION('',(0.,1.));
#1486 = ( GEOMETRIC_REPRESENTATION_CONTEXT(2) 
PARAMETRIC_REPRESENTATION_CONTEXT() REPRESENTATION_CONTEXT('2D SPACE',''
  ) );
#1487 = ORIENTED_EDGE('',*,*,#1488,.F.);
#1488 = EDGE_CURVE('',#1489,#1456,#1491,.T.);
#1489 = VERTEX_POINT('',#1490);
#1490 = CARTESIAN_POINT('',(9.899494936612,265.,34.481902271531));
#1491 = SURFACE_CURVE('',#1492,(#1497,#1504),.PCURVE_S1.);
#1492 = CIRCLE('',#1493,3.25);
#1493 = AXIS2_PLACEMENT_3D('',#1494,#1495,#1496);
#1494 = CARTESIAN_POINT('',(9.899494936612,265.,37.731902271531));
#1495 = DIRECTION('',(-3.108532283332E-16,-1.,7.151443180332E-15));
#1496 = DIRECTION('',(-6.64265828938E-16,7.151443180332E-15,1.));
#1497 = PCURVE('',#1464,#1498);
#1498 = DEFINITIONAL_REPRESENTATION('',(#1499),#1503);
#1499 = LINE('',#1500,#1501);
#1500 = CARTESIAN_POINT('',(0.,1.2));
#1501 = VECTOR('',#1502,1.);
#1502 = DIRECTION('',(1.,0.));
#1503 = ( GEOMETRIC_REPRESENTATION_CONTEXT(2) 
PARAMETRIC_REPRESENTATION_CONTEXT() REPRESENTATION_CONTEXT('2D SPACE',''
  ) );
#1504 = PCURVE('',#896,#1505);
#1505 = DEFINITIONAL_REPRESENTATION('',(#1506),#1514);
#1506 = ( BOUNDED_CURVE() B_SPLINE_CURVE(2,(#1507,#1508,#1509,#1510,
#1511,#1512,#1513),.UNSPECIFIED.,.T.,.F.) B_SPLINE_CURVE_WITH_KNOTS((1,2
    ,2,2,2,1),(-2.094395102393,0.,2.094395102393,4.188790204786,
6.28318530718,8.377580409573),.UNSPECIFIED.) CURVE() 
GEOMETRIC_REPRESENTATION_ITEM() RATIONAL_B_SPLINE_CURVE((1.,0.5,1.,0.5,
1.,0.5,1.)) REPRESENTATION_ITEM('') );
#1507 = CARTESIAN_POINT('',(25.649494936612,-28.89949493661));
#1508 = CARTESIAN_POINT('',(25.649494936612,-23.27032981201));
#1509 = CARTESIAN_POINT('',(30.524494936612,-26.08491237431));
#1510 = CARTESIAN_POINT('',(35.399494936612,-28.89949493661));
#1511 = CARTESIAN_POINT('',(30.524494936612,-31.71407749891));
#1512 = CARTESIAN_POINT('',(25.649494936612,-34.52866006121));
#1513 = CARTESIAN_POINT('',(25.649494936612,-28.89949493661));
#1514 = ( GEOMETRIC_REPRESENTATION_CONTEXT(2) 
PARAMETRIC_REPRESENTATION_CONTEXT() REPRESENTATION_CONTEXT('2D SPACE',''
  ) );
#1515 = ORIENTED_EDGE('',*,*,#1516,.F.);
#1516 = EDGE_CURVE('',#1517,#1489,#1519,.T.);
#1517 = VERTEX_POINT('',#1518);
#1518 = CARTESIAN_POINT('',(9.899494936612,266.2,34.481902271531));
#1519 = SURFACE_CURVE('',#1520,(#1524,#1531),.PCURVE_S1.);
#1520 = LINE('',#1521,#1522);
#1521 = CARTESIAN_POINT('',(9.899494936612,266.2,34.481902271531));
#1522 = VECTOR('',#1523,1.);
#1523 = DIRECTION('',(-3.108532283332E-16,-1.,7.151443180332E-15));
#1524 = PCURVE('',#1464,#1525);
#1525 = DEFINITIONAL_REPRESENTATION('',(#1526),#1530);
#1526 = LINE('',#1527,#1528);
#1527 = CARTESIAN_POINT('',(3.14159265359,0.));
#1528 = VECTOR('',#1529,1.);
#1529 = DIRECTION('',(0.,1.));
#1530 = ( GEOMETRIC_REPRESENTATION_CONTEXT(2) 
PARAMETRIC_REPRESENTATION_CONTEXT() REPRESENTATION_CONTEXT('2D SPACE',''
  ) );
#1531 = PCURVE('',#1532,#1537);
#1532 = CYLINDRICAL_SURFACE('',#1533,3.25);
#1533 = AXIS2_PLACEMENT_3D('',#1534,#1535,#1536);
#1534 = CARTESIAN_POINT('',(9.899494936612,266.2,37.731902271531));
#1535 = DIRECTION('',(-3.108532283332E-16,-1.,7.151443180332E-15));
#1536 = DIRECTION('',(-6.64265828938E-16,7.151443180332E-15,1.));
#1537 = DEFINITIONAL_REPRESENTATION('',(#1538),#1542);
#1538 = LINE('',#1539,#1540);
#1539 = CARTESIAN_POINT('',(3.14159265359,0.));
#1540 = VECTOR('',#1541,1.);
#1541 = DIRECTION('',(0.,1.));
#1542 = ( GEOMETRIC_REPRESENTATION_CONTEXT(2) 
PARAMETRIC_REPRESENTATION_CONTEXT() REPRESENTATION_CONTEXT('2D SPACE',''
  ) );
#1543 = ORIENTED_EDGE('',*,*,#1544,.T.);
#1544 = EDGE_CURVE('',#1517,#1454,#1545,.T.);
#1545 = SURFACE_CURVE('',#1546,(#1551,#1558),.PCURVE_S1.);
#1546 = CIRCLE('',#1547,3.25);
#1547 = AXIS2_PLACEMENT_3D('',#1548,#1549,#1550);
#1548 = CARTESIAN_POINT('',(9.899494936612,266.2,37.731902271531));
#1549 = DIRECTION('',(-3.108532283332E-16,-1.,7.151443180332E-15));
#1550 = DIRECTION('',(-6.64265828938E-16,7.151443180332E-15,1.));
#1551 = PCURVE('',#1464,#1552);
#1552 = DEFINITIONAL_REPRESENTATION('',(#1553),#1557);
#1553 = LINE('',#1554,#1555);
#1554 = CARTESIAN_POINT('',(0.,0.));
#1555 = VECTOR('',#1556,1.);
#1556 = DIRECTION('',(1.,0.));
#1557 = ( GEOMETRIC_REPRESENTATION_CONTEXT(2) 
PARAMETRIC_REPRESENTATION_CONTEXT() REPRESENTATION_CONTEXT('2D SPACE',''
  ) );
#1558 = PCURVE('',#1559,#1564);
#1559 = PLANE('',#1560);
#1560 = AXIS2_PLACEMENT_3D('',#1561,#1562,#1563);
#1561 = CARTESIAN_POINT('',(9.899494936612,266.2,37.731902271531));
#1562 = DIRECTION('',(-3.108532283332E-16,-1.,7.151443180332E-15));
#1563 = DIRECTION('',(-6.64265828938E-16,7.151443180332E-15,1.));
#1564 = DEFINITIONAL_REPRESENTATION('',(#1565),#1569);
#1565 = CIRCLE('',#1566,3.25);
#1566 = AXIS2_PLACEMENT_2D('',#1567,#1568);
#1567 = CARTESIAN_POINT('',(0.,0.));
#1568 = DIRECTION('',(1.,0.));
#1569 = ( GEOMETRIC_REPRESENTATION_CONTEXT(2) 
PARAMETRIC_REPRESENTATION_CONTEXT() REPRESENTATION_CONTEXT('2D SPACE',''
  ) );
#1570 = ADVANCED_FACE('',(#1571),#1476,.F.);
#1571 = FACE_BOUND('',#1572,.F.);
#1572 = EDGE_LOOP('',(#1573,#1598,#1624,#1625));
#1573 = ORIENTED_EDGE('',*,*,#1574,.F.);
#1574 = EDGE_CURVE('',#1575,#1577,#1579,.T.);
#1575 = VERTEX_POINT('',#1576);
#1576 = CARTESIAN_POINT('',(8.974460292164,265.,40.847477805292));
#1577 = VERTEX_POINT('',#1578);
#1578 = CARTESIAN_POINT('',(8.974460292164,266.2,40.847477805292));
#1579 = SURFACE_CURVE('',#1580,(#1584,#1591),.PCURVE_S1.);
#1580 = LINE('',#1581,#1582);
#1581 = CARTESIAN_POINT('',(8.974460292164,266.55,40.847477805292));
#1582 = VECTOR('',#1583,1.);
#1583 = DIRECTION('',(3.108532283332E-16,1.,-6.786238238021E-15));
#1584 = PCURVE('',#1476,#1585);
#1585 = DEFINITIONAL_REPRESENTATION('',(#1586),#1590);
#1586 = LINE('',#1587,#1588);
#1587 = CARTESIAN_POINT('',(0.288616315349,-0.35));
#1588 = VECTOR('',#1589,1.);
#1589 = DIRECTION('',(0.,-1.));
#1590 = ( GEOMETRIC_REPRESENTATION_CONTEXT(2) 
PARAMETRIC_REPRESENTATION_CONTEXT() REPRESENTATION_CONTEXT('2D SPACE',''
  ) );
#1591 = PCURVE('',#1075,#1592);
#1592 = DEFINITIONAL_REPRESENTATION('',(#1593),#1597);
#1593 = LINE('',#1594,#1595);
#1594 = CARTESIAN_POINT('',(3.788867935519,-2.95));
#1595 = VECTOR('',#1596,1.);
#1596 = DIRECTION('',(0.,1.));
#1597 = ( GEOMETRIC_REPRESENTATION_CONTEXT(2) 
PARAMETRIC_REPRESENTATION_CONTEXT() REPRESENTATION_CONTEXT('2D SPACE',''
  ) );
#1598 = ORIENTED_EDGE('',*,*,#1599,.F.);
#1599 = EDGE_CURVE('',#1456,#1575,#1600,.T.);
#1600 = SURFACE_CURVE('',#1601,(#1606,#1613),.PCURVE_S1.);
#1601 = CIRCLE('',#1602,3.25);
#1602 = AXIS2_PLACEMENT_3D('',#1603,#1604,#1605);
#1603 = CARTESIAN_POINT('',(9.899494936612,265.,37.731902271531));
#1604 = DIRECTION('',(-3.108532283332E-16,-1.,7.151443180332E-15));
#1605 = DIRECTION('',(-6.64265828938E-16,7.151443180332E-15,1.));
#1606 = PCURVE('',#1476,#1607);
#1607 = DEFINITIONAL_REPRESENTATION('',(#1608),#1612);
#1608 = LINE('',#1609,#1610);
#1609 = CARTESIAN_POINT('',(0.,1.2));
#1610 = VECTOR('',#1611,1.);
#1611 = DIRECTION('',(1.,0.));
#1612 = ( GEOMETRIC_REPRESENTATION_CONTEXT(2) 
PARAMETRIC_REPRESENTATION_CONTEXT() REPRESENTATION_CONTEXT('2D SPACE',''
  ) );
#1613 = PCURVE('',#896,#1614);
#1614 = DEFINITIONAL_REPRESENTATION('',(#1615),#1623);
#1615 = ( BOUNDED_CURVE() B_SPLINE_CURVE(2,(#1616,#1617,#1618,#1619,
#1620,#1621,#1622),.UNSPECIFIED.,.T.,.F.) B_SPLINE_CURVE_WITH_KNOTS((1,2
    ,2,2,2,1),(-2.094395102393,0.,2.094395102393,4.188790204786,
6.28318530718,8.377580409573),.UNSPECIFIED.) CURVE() 
GEOMETRIC_REPRESENTATION_ITEM() RATIONAL_B_SPLINE_CURVE((1.,0.5,1.,0.5,
1.,0.5,1.)) REPRESENTATION_ITEM('') );
#1616 = CARTESIAN_POINT('',(25.649494936612,-28.89949493661));
#1617 = CARTESIAN_POINT('',(25.649494936612,-23.27032981201));
#1618 = CARTESIAN_POINT('',(30.524494936612,-26.08491237431));
#1619 = CARTESIAN_POINT('',(35.399494936612,-28.89949493661));
#1620 = CARTESIAN_POINT('',(30.524494936612,-31.71407749891));
#1621 = CARTESIAN_POINT('',(25.649494936612,-34.52866006121));
#1622 = CARTESIAN_POINT('',(25.649494936612,-28.89949493661));
#1623 = ( GEOMETRIC_REPRESENTATION_CONTEXT(2) 
PARAMETRIC_REPRESENTATION_CONTEXT() REPRESENTATION_CONTEXT('2D SPACE',''
  ) );
#1624 = ORIENTED_EDGE('',*,*,#1453,.F.);
#1625 = ORIENTED_EDGE('',*,*,#1626,.T.);
#1626 = EDGE_CURVE('',#1454,#1577,#1627,.T.);
#1627 = SURFACE_CURVE('',#1628,(#1633,#1640),.PCURVE_S1.);
#1628 = CIRCLE('',#1629,3.25);
#1629 = AXIS2_PLACEMENT_3D('',#1630,#1631,#1632);
#1630 = CARTESIAN_POINT('',(9.899494936612,266.2,37.731902271531));
#1631 = DIRECTION('',(-3.108532283332E-16,-1.,7.151443180332E-15));
#1632 = DIRECTION('',(-6.64265828938E-16,7.151443180332E-15,1.));
#1633 = PCURVE('',#1476,#1634);
#1634 = DEFINITIONAL_REPRESENTATION('',(#1635),#1639);
#1635 = LINE('',#1636,#1637);
#1636 = CARTESIAN_POINT('',(0.,0.));
#1637 = VECTOR('',#1638,1.);
#1638 = DIRECTION('',(1.,0.));
#1639 = ( GEOMETRIC_REPRESENTATION_CONTEXT(2) 
PARAMETRIC_REPRESENTATION_CONTEXT() REPRESENTATION_CONTEXT('2D SPACE',''
  ) );
#1640 = PCURVE('',#1559,#1641);
#1641 = DEFINITIONAL_REPRESENTATION('',(#1642),#1646);
#1642 = CIRCLE('',#1643,3.25);
#1643 = AXIS2_PLACEMENT_2D('',#1644,#1645);
#1644 = CARTESIAN_POINT('',(0.,0.));
#1645 = DIRECTION('',(1.,0.));
#1646 = ( GEOMETRIC_REPRESENTATION_CONTEXT(2) 
PARAMETRIC_REPRESENTATION_CONTEXT() REPRESENTATION_CONTEXT('2D SPACE',''
  ) );
#1647 = ADVANCED_FACE('',(#1648),#1075,.F.);
#1648 = FACE_BOUND('',#1649,.F.);
#1649 = EDGE_LOOP('',(#1650,#1651,#1675,#1698,#1720,#1721,#1745,#1768,
    #1792,#1815,#1848,#1871));
#1650 = ORIENTED_EDGE('',*,*,#1574,.T.);
#1651 = ORIENTED_EDGE('',*,*,#1652,.F.);
#1652 = EDGE_CURVE('',#1653,#1577,#1655,.T.);
#1653 = VERTEX_POINT('',#1654);
#1654 = CARTESIAN_POINT('',(6.783919402851,266.2,38.656936915979));
#1655 = SURFACE_CURVE('',#1656,(#1661,#1668),.PCURVE_S1.);
#1656 = CIRCLE('',#1657,11.25);
#1657 = AXIS2_PLACEMENT_3D('',#1658,#1659,#1660);
#1658 = CARTESIAN_POINT('',(-2.84217094304E-14,266.2,47.631397208142));
#1659 = DIRECTION('',(-3.108532283332E-16,-1.,7.151443180332E-15));
#1660 = DIRECTION('',(-6.64265828938E-16,7.151443180332E-15,1.));
#1661 = PCURVE('',#1075,#1662);
#1662 = DEFINITIONAL_REPRESENTATION('',(#1663),#1667);
#1663 = LINE('',#1664,#1665);
#1664 = CARTESIAN_POINT('',(7.853981633974,-3.3));
#1665 = VECTOR('',#1666,1.);
#1666 = DIRECTION('',(-1.,0.));
#1667 = ( GEOMETRIC_REPRESENTATION_CONTEXT(2) 
PARAMETRIC_REPRESENTATION_CONTEXT() REPRESENTATION_CONTEXT('2D SPACE',''
  ) );
#1668 = PCURVE('',#1559,#1669);
#1669 = DEFINITIONAL_REPRESENTATION('',(#1670),#1674);
#1670 = CIRCLE('',#1671,11.25);
#1671 = AXIS2_PLACEMENT_2D('',#1672,#1673);
#1672 = CARTESIAN_POINT('',(9.899494936612,9.899494936612));
#1673 = DIRECTION('',(1.,0.));
#1674 = ( GEOMETRIC_REPRESENTATION_CONTEXT(2) 
PARAMETRIC_REPRESENTATION_CONTEXT() REPRESENTATION_CONTEXT('2D SPACE',''
  ) );
#1675 = ORIENTED_EDGE('',*,*,#1676,.T.);
#1676 = EDGE_CURVE('',#1653,#1677,#1679,.T.);
#1677 = VERTEX_POINT('',#1678);
#1678 = CARTESIAN_POINT('',(6.783919402851,265.,38.656936915979));
#1679 = SURFACE_CURVE('',#1680,(#1684,#1691),.PCURVE_S1.);
#1680 = LINE('',#1681,#1682);
#1681 = CARTESIAN_POINT('',(6.783919402851,266.55,38.656936915979));
#1682 = VECTOR('',#1683,1.);
#1683 = DIRECTION('',(-3.108532283332E-16,-1.,6.786238238021E-15));
#1684 = PCURVE('',#1075,#1685);
#1685 = DEFINITIONAL_REPRESENTATION('',(#1686),#1690);
#1686 = LINE('',#1687,#1688);
#1687 = CARTESIAN_POINT('',(4.065113698455,-2.95));
#1688 = VECTOR('',#1689,1.);
#1689 = DIRECTION('',(0.,-1.));
#1690 = ( GEOMETRIC_REPRESENTATION_CONTEXT(2) 
PARAMETRIC_REPRESENTATION_CONTEXT() REPRESENTATION_CONTEXT('2D SPACE',''
  ) );
#1691 = PCURVE('',#1532,#1692);
#1692 = DEFINITIONAL_REPRESENTATION('',(#1693),#1697);
#1693 = LINE('',#1694,#1695);
#1694 = CARTESIAN_POINT('',(1.282180011446,-0.35));
#1695 = VECTOR('',#1696,1.);
#1696 = DIRECTION('',(0.,1.));
#1697 = ( GEOMETRIC_REPRESENTATION_CONTEXT(2) 
PARAMETRIC_REPRESENTATION_CONTEXT() REPRESENTATION_CONTEXT('2D SPACE',''
  ) );
#1698 = ORIENTED_EDGE('',*,*,#1699,.T.);
#1699 = EDGE_CURVE('',#1677,#1053,#1700,.T.);
#1700 = SURFACE_CURVE('',#1701,(#1706,#1713),.PCURVE_S1.);
#1701 = CIRCLE('',#1702,11.25);
#1702 = AXIS2_PLACEMENT_3D('',#1703,#1704,#1705);
#1703 = CARTESIAN_POINT('',(-2.84217094304E-14,265.,47.631397208142));
#1704 = DIRECTION('',(3.108532283332E-16,1.,-7.151443180332E-15));
#1705 = DIRECTION('',(6.64265828938E-16,-7.151443180332E-15,-1.));
#1706 = PCURVE('',#1075,#1707);
#1707 = DEFINITIONAL_REPRESENTATION('',(#1708),#1712);
#1708 = LINE('',#1709,#1710);
#1709 = CARTESIAN_POINT('',(-1.570796326795,-4.5));
#1710 = VECTOR('',#1711,1.);
#1711 = DIRECTION('',(1.,0.));
#1712 = ( GEOMETRIC_REPRESENTATION_CONTEXT(2) 
PARAMETRIC_REPRESENTATION_CONTEXT() REPRESENTATION_CONTEXT('2D SPACE',''
  ) );
#1713 = PCURVE('',#896,#1714);
#1714 = DEFINITIONAL_REPRESENTATION('',(#1715),#1719);
#1715 = CIRCLE('',#1716,11.25);
#1716 = AXIS2_PLACEMENT_2D('',#1717,#1718);
#1717 = CARTESIAN_POINT('',(19.,-19.));
#1718 = DIRECTION('',(1.,0.));
#1719 = ( GEOMETRIC_REPRESENTATION_CONTEXT(2) 
PARAMETRIC_REPRESENTATION_CONTEXT() REPRESENTATION_CONTEXT('2D SPACE',''
  ) );
#1720 = ORIENTED_EDGE('',*,*,#1052,.T.);
#1721 = ORIENTED_EDGE('',*,*,#1722,.F.);
#1722 = EDGE_CURVE('',#1723,#1055,#1725,.T.);
#1723 = VERTEX_POINT('',#1724);
#1724 = CARTESIAN_POINT('',(-8.974460292164,266.2,40.847477805292));
#1725 = SURFACE_CURVE('',#1726,(#1731,#1738),.PCURVE_S1.);
#1726 = CIRCLE('',#1727,11.25);
#1727 = AXIS2_PLACEMENT_3D('',#1728,#1729,#1730);
#1728 = CARTESIAN_POINT('',(-2.84217094304E-14,266.2,47.631397208142));
#1729 = DIRECTION('',(-3.108532283332E-16,-1.,7.151443180332E-15));
#1730 = DIRECTION('',(-6.64265828938E-16,7.151443180332E-15,1.));
#1731 = PCURVE('',#1075,#1732);
#1732 = DEFINITIONAL_REPRESENTATION('',(#1733),#1737);
#1733 = LINE('',#1734,#1735);
#1734 = CARTESIAN_POINT('',(7.853981633974,-3.3));
#1735 = VECTOR('',#1736,1.);
#1736 = DIRECTION('',(-1.,0.));
#1737 = ( GEOMETRIC_REPRESENTATION_CONTEXT(2) 
PARAMETRIC_REPRESENTATION_CONTEXT() REPRESENTATION_CONTEXT('2D SPACE',''
  ) );
#1738 = PCURVE('',#1158,#1739);
#1739 = DEFINITIONAL_REPRESENTATION('',(#1740),#1744);
#1740 = CIRCLE('',#1741,11.25);
#1741 = AXIS2_PLACEMENT_2D('',#1742,#1743);
#1742 = CARTESIAN_POINT('',(9.899494936612,-9.899494936612));
#1743 = DIRECTION('',(1.,0.));
#1744 = ( GEOMETRIC_REPRESENTATION_CONTEXT(2) 
PARAMETRIC_REPRESENTATION_CONTEXT() REPRESENTATION_CONTEXT('2D SPACE',''
  ) );
#1745 = ORIENTED_EDGE('',*,*,#1746,.T.);
#1746 = EDGE_CURVE('',#1723,#1747,#1749,.T.);
#1747 = VERTEX_POINT('',#1748);
#1748 = CARTESIAN_POINT('',(-8.974460292164,265.,40.847477805292));
#1749 = SURFACE_CURVE('',#1750,(#1754,#1761),.PCURVE_S1.);
#1750 = LINE('',#1751,#1752);
#1751 = CARTESIAN_POINT('',(-8.974460292164,266.55,40.847477805292));
#1752 = VECTOR('',#1753,1.);
#1753 = DIRECTION('',(-3.108532283332E-16,-1.,6.786238238021E-15));
#1754 = PCURVE('',#1075,#1755);
#1755 = DEFINITIONAL_REPRESENTATION('',(#1756),#1760);
#1756 = LINE('',#1757,#1758);
#1757 = CARTESIAN_POINT('',(5.63591002525,-2.95));
#1758 = VECTOR('',#1759,1.);
#1759 = DIRECTION('',(0.,-1.));
#1760 = ( GEOMETRIC_REPRESENTATION_CONTEXT(2) 
PARAMETRIC_REPRESENTATION_CONTEXT() REPRESENTATION_CONTEXT('2D SPACE',''
  ) );
#1761 = PCURVE('',#1217,#1762);
#1762 = DEFINITIONAL_REPRESENTATION('',(#1763),#1767);
#1763 = LINE('',#1764,#1765);
#1764 = CARTESIAN_POINT('',(5.994568991831,-0.35));
#1765 = VECTOR('',#1766,1.);
#1766 = DIRECTION('',(0.,1.));
#1767 = ( GEOMETRIC_REPRESENTATION_CONTEXT(2) 
PARAMETRIC_REPRESENTATION_CONTEXT() REPRESENTATION_CONTEXT('2D SPACE',''
  ) );
#1768 = ORIENTED_EDGE('',*,*,#1769,.T.);
#1769 = EDGE_CURVE('',#1747,#1770,#1772,.T.);
#1770 = VERTEX_POINT('',#1771);
#1771 = CARTESIAN_POINT('',(-11.25,265.,47.631397208142));
#1772 = SURFACE_CURVE('',#1773,(#1778,#1785),.PCURVE_S1.);
#1773 = CIRCLE('',#1774,11.25);
#1774 = AXIS2_PLACEMENT_3D('',#1775,#1776,#1777);
#1775 = CARTESIAN_POINT('',(-2.84217094304E-14,265.,47.631397208142));
#1776 = DIRECTION('',(3.108532283332E-16,1.,-7.151443180332E-15));
#1777 = DIRECTION('',(6.64265828938E-16,-7.151443180332E-15,-1.));
#1778 = PCURVE('',#1075,#1779);
#1779 = DEFINITIONAL_REPRESENTATION('',(#1780),#1784);
#1780 = LINE('',#1781,#1782);
#1781 = CARTESIAN_POINT('',(4.712388980385,-4.5));
#1782 = VECTOR('',#1783,1.);
#1783 = DIRECTION('',(1.,0.));
#1784 = ( GEOMETRIC_REPRESENTATION_CONTEXT(2) 
PARAMETRIC_REPRESENTATION_CONTEXT() REPRESENTATION_CONTEXT('2D SPACE',''
  ) );
#1785 = PCURVE('',#896,#1786);
#1786 = DEFINITIONAL_REPRESENTATION('',(#1787),#1791);
#1787 = CIRCLE('',#1788,11.25);
#1788 = AXIS2_PLACEMENT_2D('',#1789,#1790);
#1789 = CARTESIAN_POINT('',(19.,-19.));
#1790 = DIRECTION('',(1.,0.));
#1791 = ( GEOMETRIC_REPRESENTATION_CONTEXT(2) 
PARAMETRIC_REPRESENTATION_CONTEXT() REPRESENTATION_CONTEXT('2D SPACE',''
  ) );
#1792 = ORIENTED_EDGE('',*,*,#1793,.T.);
#1793 = EDGE_CURVE('',#1770,#1794,#1796,.T.);
#1794 = VERTEX_POINT('',#1795);
#1795 = CARTESIAN_POINT('',(-11.25,271.,47.631397208142));
#1796 = SURFACE_CURVE('',#1797,(#1801,#1808),.PCURVE_S1.);
#1797 = LINE('',#1798,#1799);
#1798 = CARTESIAN_POINT('',(-11.25,269.5,47.631397208142));
#1799 = VECTOR('',#1800,1.);
#1800 = DIRECTION('',(3.108532283332E-16,1.,-6.786238238021E-15));
#1801 = PCURVE('',#1075,#1802);
#1802 = DEFINITIONAL_REPRESENTATION('',(#1803),#1807);
#1803 = LINE('',#1804,#1805);
#1804 = CARTESIAN_POINT('',(6.28318530718,0.));
#1805 = VECTOR('',#1806,1.);
#1806 = DIRECTION('',(0.,1.));
#1807 = ( GEOMETRIC_REPRESENTATION_CONTEXT(2) 
PARAMETRIC_REPRESENTATION_CONTEXT() REPRESENTATION_CONTEXT('2D SPACE',''
  ) );
#1808 = PCURVE('',#988,#1809);
#1809 = DEFINITIONAL_REPRESENTATION('',(#1810),#1814);
#1810 = LINE('',#1811,#1812);
#1811 = CARTESIAN_POINT('',(0.,0.));
#1812 = VECTOR('',#1813,1.);
#1813 = DIRECTION('',(0.,1.));
#1814 = ( GEOMETRIC_REPRESENTATION_CONTEXT(2) 
PARAMETRIC_REPRESENTATION_CONTEXT() REPRESENTATION_CONTEXT('2D SPACE',''
  ) );
#1815 = ORIENTED_EDGE('',*,*,#1816,.F.);
#1816 = EDGE_CURVE('',#1817,#1794,#1819,.T.);
#1817 = VERTEX_POINT('',#1818);
#1818 = CARTESIAN_POINT('',(11.25,271.,47.631397208142));
#1819 = SURFACE_CURVE('',#1820,(#1825,#1832),.PCURVE_S1.);
#1820 = CIRCLE('',#1821,11.25);
#1821 = AXIS2_PLACEMENT_3D('',#1822,#1823,#1824);
#1822 = CARTESIAN_POINT('',(-2.13162820728E-14,271.,47.631397208142));
#1823 = DIRECTION('',(3.108532283332E-16,1.,-6.786238238021E-15));
#1824 = DIRECTION('',(-1.,3.108532283331E-16,-6.64265828938E-16));
#1825 = PCURVE('',#1075,#1826);
#1826 = DEFINITIONAL_REPRESENTATION('',(#1827),#1831);
#1827 = LINE('',#1828,#1829);
#1828 = CARTESIAN_POINT('',(0.,1.5));
#1829 = VECTOR('',#1830,1.);
#1830 = DIRECTION('',(1.,0.));
#1831 = ( GEOMETRIC_REPRESENTATION_CONTEXT(2) 
PARAMETRIC_REPRESENTATION_CONTEXT() REPRESENTATION_CONTEXT('2D SPACE',''
  ) );
#1832 = PCURVE('',#1833,#1838);
#1833 = PLANE('',#1834);
#1834 = AXIS2_PLACEMENT_3D('',#1835,#1836,#1837);
#1835 = CARTESIAN_POINT('',(-19.,271.,66.631397208142));
#1836 = DIRECTION('',(-3.108532283332E-16,-1.,6.786238238021E-15));
#1837 = DIRECTION('',(1.,-3.108532283331E-16,6.64265828938E-16));
#1838 = DEFINITIONAL_REPRESENTATION('',(#1839),#1847);
#1839 = ( BOUNDED_CURVE() B_SPLINE_CURVE(2,(#1840,#1841,#1842,#1843,
#1844,#1845,#1846),.UNSPECIFIED.,.T.,.F.) B_SPLINE_CURVE_WITH_KNOTS((1,2
    ,2,2,2,1),(-2.094395102393,0.,2.094395102393,4.188790204786,
6.28318530718,8.377580409573),.UNSPECIFIED.) CURVE() 
GEOMETRIC_REPRESENTATION_ITEM() RATIONAL_B_SPLINE_CURVE((1.,0.5,1.,0.5,
1.,0.5,1.)) REPRESENTATION_ITEM('') );
#1840 = CARTESIAN_POINT('',(7.75,-19.));
#1841 = CARTESIAN_POINT('',(7.75,0.485571585149));
#1842 = CARTESIAN_POINT('',(24.625,-9.257214207425));
#1843 = CARTESIAN_POINT('',(41.5,-19.));
#1844 = CARTESIAN_POINT('',(24.625,-28.74278579257));
#1845 = CARTESIAN_POINT('',(7.75,-38.48557158515));
#1846 = CARTESIAN_POINT('',(7.75,-19.));
#1847 = ( GEOMETRIC_REPRESENTATION_CONTEXT(2) 
PARAMETRIC_REPRESENTATION_CONTEXT() REPRESENTATION_CONTEXT('2D SPACE',''
  ) );
#1848 = ORIENTED_EDGE('',*,*,#1849,.F.);
#1849 = EDGE_CURVE('',#1850,#1817,#1852,.T.);
#1850 = VERTEX_POINT('',#1851);
#1851 = CARTESIAN_POINT('',(11.25,265.,47.631397208142));
#1852 = SURFACE_CURVE('',#1853,(#1857,#1864),.PCURVE_S1.);
#1853 = LINE('',#1854,#1855);
#1854 = CARTESIAN_POINT('',(11.25,269.5,47.631397208142));
#1855 = VECTOR('',#1856,1.);
#1856 = DIRECTION('',(3.108532283332E-16,1.,-6.786238238021E-15));
#1857 = PCURVE('',#1075,#1858);
#1858 = DEFINITIONAL_REPRESENTATION('',(#1859),#1863);
#1859 = LINE('',#1860,#1861);
#1860 = CARTESIAN_POINT('',(3.14159265359,0.));
#1861 = VECTOR('',#1862,1.);
#1862 = DIRECTION('',(0.,1.));
#1863 = ( GEOMETRIC_REPRESENTATION_CONTEXT(2) 
PARAMETRIC_REPRESENTATION_CONTEXT() REPRESENTATION_CONTEXT('2D SPACE',''
  ) );
#1864 = PCURVE('',#988,#1865);
#1865 = DEFINITIONAL_REPRESENTATION('',(#1866),#1870);
#1866 = LINE('',#1867,#1868);
#1867 = CARTESIAN_POINT('',(3.14159265359,0.));
#1868 = VECTOR('',#1869,1.);
#1869 = DIRECTION('',(0.,1.));
#1870 = ( GEOMETRIC_REPRESENTATION_CONTEXT(2) 
PARAMETRIC_REPRESENTATION_CONTEXT() REPRESENTATION_CONTEXT('2D SPACE',''
  ) );
#1871 = ORIENTED_EDGE('',*,*,#1872,.T.);
#1872 = EDGE_CURVE('',#1850,#1575,#1873,.T.);
#1873 = SURFACE_CURVE('',#1874,(#1879,#1886),.PCURVE_S1.);
#1874 = CIRCLE('',#1875,11.25);
#1875 = AXIS2_PLACEMENT_3D('',#1876,#1877,#1878);
#1876 = CARTESIAN_POINT('',(-2.84217094304E-14,265.,47.631397208142));
#1877 = DIRECTION('',(3.108532283332E-16,1.,-7.151443180332E-15));
#1878 = DIRECTION('',(6.64265828938E-16,-7.151443180332E-15,-1.));
#1879 = PCURVE('',#1075,#1880);
#1880 = DEFINITIONAL_REPRESENTATION('',(#1881),#1885);
#1881 = LINE('',#1882,#1883);
#1882 = CARTESIAN_POINT('',(-1.570796326795,-4.5));
#1883 = VECTOR('',#1884,1.);
#1884 = DIRECTION('',(1.,0.));
#1885 = ( GEOMETRIC_REPRESENTATION_CONTEXT(2) 
PARAMETRIC_REPRESENTATION_CONTEXT() REPRESENTATION_CONTEXT('2D SPACE',''
  ) );
#1886 = PCURVE('',#896,#1887);
#1887 = DEFINITIONAL_REPRESENTATION('',(#1888),#1892);
#1888 = CIRCLE('',#1889,11.25);
#1889 = AXIS2_PLACEMENT_2D('',#1890,#1891);
#1890 = CARTESIAN_POINT('',(19.,-19.));
#1891 = DIRECTION('',(1.,0.));
#1892 = ( GEOMETRIC_REPRESENTATION_CONTEXT(2) 
PARAMETRIC_REPRESENTATION_CONTEXT() REPRESENTATION_CONTEXT('2D SPACE',''
  ) );
#1893 = ADVANCED_FACE('',(#1894),#1908,.F.);
#1894 = FACE_BOUND('',#1895,.F.);
#1895 = EDGE_LOOP('',(#1896,#1931,#1960,#1988));
#1896 = ORIENTED_EDGE('',*,*,#1897,.T.);
#1897 = EDGE_CURVE('',#1898,#1900,#1902,.T.);
#1898 = VERTEX_POINT('',#1899);
#1899 = CARTESIAN_POINT('',(37.5,373.25425946355,7.074999999996));
#1900 = VERTEX_POINT('',#1901);
#1901 = CARTESIAN_POINT('',(43.5,373.25425946355,7.074999999996));
#1902 = SURFACE_CURVE('',#1903,(#1907,#1919),.PCURVE_S1.);
#1903 = LINE('',#1904,#1905);
#1904 = CARTESIAN_POINT('',(37.5,373.25425946355,7.074999999996));
#1905 = VECTOR('',#1906,1.);
#1906 = DIRECTION('',(1.,-3.108532283331E-16,6.64265828938E-16));
#1907 = PCURVE('',#1908,#1913);
#1908 = CYLINDRICAL_SURFACE('',#1909,14.15);
#1909 = AXIS2_PLACEMENT_3D('',#1910,#1911,#1912);
#1910 = CARTESIAN_POINT('',(37.5,361.,-3.924037305939E-12));
#1911 = DIRECTION('',(1.,-3.108532283331E-16,6.64265828938E-16));
#1912 = DIRECTION('',(3.108532283332E-16,1.,-6.786238238021E-15));
#1913 = DEFINITIONAL_REPRESENTATION('',(#1914),#1918);
#1914 = LINE('',#1915,#1916);
#1915 = CARTESIAN_POINT('',(0.523598775598,0.));
#1916 = VECTOR('',#1917,1.);
#1917 = DIRECTION('',(0.,1.));
#1918 = ( GEOMETRIC_REPRESENTATION_CONTEXT(2) 
PARAMETRIC_REPRESENTATION_CONTEXT() REPRESENTATION_CONTEXT('2D SPACE',''
  ) );
#1919 = PCURVE('',#1920,#1925);
#1920 = PLANE('',#1921);
#1921 = AXIS2_PLACEMENT_3D('',#1922,#1923,#1924);
#1922 = CARTESIAN_POINT('',(49.5,373.25425946355,7.074999999996));
#1923 = DIRECTION('',(5.209841081028E-16,0.866025403784,0.5));
#1924 = DIRECTION('',(7.306976968928E-16,0.5,-0.866025403784));
#1925 = DEFINITIONAL_REPRESENTATION('',(#1926),#1930);
#1926 = LINE('',#1927,#1928);
#1927 = CARTESIAN_POINT('',(2.783528604247E-15,12.));
#1928 = VECTOR('',#1929,1.);
#1929 = DIRECTION('',(0.,-1.));
#1930 = ( GEOMETRIC_REPRESENTATION_CONTEXT(2) 
PARAMETRIC_REPRESENTATION_CONTEXT() REPRESENTATION_CONTEXT('2D SPACE',''
  ) );
#1931 = ORIENTED_EDGE('',*,*,#1932,.T.);
#1932 = EDGE_CURVE('',#1900,#1933,#1935,.T.);
#1933 = VERTEX_POINT('',#1934);
#1934 = CARTESIAN_POINT('',(43.5,375.15,-4.016076982033E-12));
#1935 = SURFACE_CURVE('',#1936,(#1941,#1948),.PCURVE_S1.);
#1936 = CIRCLE('',#1937,14.15);
#1937 = AXIS2_PLACEMENT_3D('',#1938,#1939,#1940);
#1938 = CARTESIAN_POINT('',(43.5,361.,-3.920051710965E-12));
#1939 = DIRECTION('',(-1.,3.108532283331E-16,-6.64265828938E-16));
#1940 = DIRECTION('',(-3.108532283332E-16,-1.,6.786238238021E-15));
#1941 = PCURVE('',#1908,#1942);
#1942 = DEFINITIONAL_REPRESENTATION('',(#1943),#1947);
#1943 = LINE('',#1944,#1945);
#1944 = CARTESIAN_POINT('',(3.14159265359,6.));
#1945 = VECTOR('',#1946,1.);
#1946 = DIRECTION('',(-1.,0.));
#1947 = ( GEOMETRIC_REPRESENTATION_CONTEXT(2) 
PARAMETRIC_REPRESENTATION_CONTEXT() REPRESENTATION_CONTEXT('2D SPACE',''
  ) );
#1948 = PCURVE('',#1949,#1954);
#1949 = PLANE('',#1950);
#1950 = AXIS2_PLACEMENT_3D('',#1951,#1952,#1953);
#1951 = CARTESIAN_POINT('',(43.5,361.,-3.920051710965E-12));
#1952 = DIRECTION('',(-1.,3.108532283331E-16,-6.64265828938E-16));
#1953 = DIRECTION('',(-3.108532283332E-16,-1.,6.786238238021E-15));
#1954 = DEFINITIONAL_REPRESENTATION('',(#1955),#1959);
#1955 = CIRCLE('',#1956,14.15);
#1956 = AXIS2_PLACEMENT_2D('',#1957,#1958);
#1957 = CARTESIAN_POINT('',(0.,0.));
#1958 = DIRECTION('',(1.,0.));
#1959 = ( GEOMETRIC_REPRESENTATION_CONTEXT(2) 
PARAMETRIC_REPRESENTATION_CONTEXT() REPRESENTATION_CONTEXT('2D SPACE',''
  ) );
#1960 = ORIENTED_EDGE('',*,*,#1961,.F.);
#1961 = EDGE_CURVE('',#1962,#1933,#1964,.T.);
#1962 = VERTEX_POINT('',#1963);
#1963 = CARTESIAN_POINT('',(37.5,375.15,-4.020062577007E-12));
#1964 = SURFACE_CURVE('',#1965,(#1969,#1976),.PCURVE_S1.);
#1965 = LINE('',#1966,#1967);
#1966 = CARTESIAN_POINT('',(37.5,375.15,-4.020062577007E-12));
#1967 = VECTOR('',#1968,1.);
#1968 = DIRECTION('',(1.,-3.108532283331E-16,6.64265828938E-16));
#1969 = PCURVE('',#1908,#1970);
#1970 = DEFINITIONAL_REPRESENTATION('',(#1971),#1975);
#1971 = LINE('',#1972,#1973);
#1972 = CARTESIAN_POINT('',(0.,0.));
#1973 = VECTOR('',#1974,1.);
#1974 = DIRECTION('',(0.,1.));
#1975 = ( GEOMETRIC_REPRESENTATION_CONTEXT(2) 
PARAMETRIC_REPRESENTATION_CONTEXT() REPRESENTATION_CONTEXT('2D SPACE',''
  ) );
#1976 = PCURVE('',#1977,#1982);
#1977 = CYLINDRICAL_SURFACE('',#1978,14.15);
#1978 = AXIS2_PLACEMENT_3D('',#1979,#1980,#1981);
#1979 = CARTESIAN_POINT('',(37.5,361.,-3.924037305939E-12));
#1980 = DIRECTION('',(1.,-3.108532283331E-16,6.64265828938E-16));
#1981 = DIRECTION('',(3.108532283332E-16,1.,-6.786238238021E-15));
#1982 = DEFINITIONAL_REPRESENTATION('',(#1983),#1987);
#1983 = LINE('',#1984,#1985);
#1984 = CARTESIAN_POINT('',(6.28318530718,0.));
#1985 = VECTOR('',#1986,1.);
#1986 = DIRECTION('',(0.,1.));
#1987 = ( GEOMETRIC_REPRESENTATION_CONTEXT(2) 
PARAMETRIC_REPRESENTATION_CONTEXT() REPRESENTATION_CONTEXT('2D SPACE',''
  ) );
#1988 = ORIENTED_EDGE('',*,*,#1989,.F.);
#1989 = EDGE_CURVE('',#1898,#1962,#1990,.T.);
#1990 = SURFACE_CURVE('',#1991,(#1996,#2003),.PCURVE_S1.);
#1991 = CIRCLE('',#1992,14.15);
#1992 = AXIS2_PLACEMENT_3D('',#1993,#1994,#1995);
#1993 = CARTESIAN_POINT('',(37.5,361.,-3.924037305939E-12));
#1994 = DIRECTION('',(-1.,3.108532283331E-16,-6.64265828938E-16));
#1995 = DIRECTION('',(-3.108532283332E-16,-1.,6.786238238021E-15));
#1996 = PCURVE('',#1908,#1997);
#1997 = DEFINITIONAL_REPRESENTATION('',(#1998),#2002);
#1998 = LINE('',#1999,#2000);
#1999 = CARTESIAN_POINT('',(3.14159265359,0.));
#2000 = VECTOR('',#2001,1.);
#2001 = DIRECTION('',(-1.,0.));
#2002 = ( GEOMETRIC_REPRESENTATION_CONTEXT(2) 
PARAMETRIC_REPRESENTATION_CONTEXT() REPRESENTATION_CONTEXT('2D SPACE',''
  ) );
#2003 = PCURVE('',#45,#2004);
#2004 = DEFINITIONAL_REPRESENTATION('',(#2005),#2009);
#2005 = CIRCLE('',#2006,14.15);
#2006 = AXIS2_PLACEMENT_2D('',#2007,#2008);
#2007 = CARTESIAN_POINT('',(0.,0.));
#2008 = DIRECTION('',(1.,0.));
#2009 = ( GEOMETRIC_REPRESENTATION_CONTEXT(2) 
PARAMETRIC_REPRESENTATION_CONTEXT() REPRESENTATION_CONTEXT('2D SPACE',''
  ) );
#2010 = ADVANCED_FACE('',(#2011),#102,.T.);
#2011 = FACE_BOUND('',#2012,.T.);
#2012 = EDGE_LOOP('',(#2013,#2014,#2042,#2071));
#2013 = ORIENTED_EDGE('',*,*,#85,.T.);
#2014 = ORIENTED_EDGE('',*,*,#2015,.T.);
#2015 = EDGE_CURVE('',#58,#2016,#2018,.T.);
#2016 = VERTEX_POINT('',#2017);
#2017 = CARTESIAN_POINT('',(48.5,380.,-4.045668908343E-12));
#2018 = SURFACE_CURVE('',#2019,(#2023,#2030),.PCURVE_S1.);
#2019 = LINE('',#2020,#2021);
#2020 = CARTESIAN_POINT('',(43.5,380.,-4.048990237488E-12));
#2021 = VECTOR('',#2022,1.);
#2022 = DIRECTION('',(1.,-3.108532283331E-16,6.64265828938E-16));
#2023 = PCURVE('',#102,#2024);
#2024 = DEFINITIONAL_REPRESENTATION('',(#2025),#2029);
#2025 = LINE('',#2026,#2027);
#2026 = CARTESIAN_POINT('',(6.28318530718,0.));
#2027 = VECTOR('',#2028,1.);
#2028 = DIRECTION('',(0.,1.));
#2029 = ( GEOMETRIC_REPRESENTATION_CONTEXT(2) 
PARAMETRIC_REPRESENTATION_CONTEXT() REPRESENTATION_CONTEXT('2D SPACE',''
  ) );
#2030 = PCURVE('',#2031,#2036);
#2031 = CYLINDRICAL_SURFACE('',#2032,19.);
#2032 = AXIS2_PLACEMENT_3D('',#2033,#2034,#2035);
#2033 = CARTESIAN_POINT('',(43.5,361.,-3.920051710965E-12));
#2034 = DIRECTION('',(1.,-3.108532283331E-16,6.64265828938E-16));
#2035 = DIRECTION('',(3.108532283332E-16,1.,-6.786238238021E-15));
#2036 = DEFINITIONAL_REPRESENTATION('',(#2037),#2041);
#2037 = LINE('',#2038,#2039);
#2038 = CARTESIAN_POINT('',(0.,0.));
#2039 = VECTOR('',#2040,1.);
#2040 = DIRECTION('',(0.,1.));
#2041 = ( GEOMETRIC_REPRESENTATION_CONTEXT(2) 
PARAMETRIC_REPRESENTATION_CONTEXT() REPRESENTATION_CONTEXT('2D SPACE',''
  ) );
#2042 = ORIENTED_EDGE('',*,*,#2043,.T.);
#2043 = EDGE_CURVE('',#2016,#2044,#2046,.T.);
#2044 = VERTEX_POINT('',#2045);
#2045 = CARTESIAN_POINT('',(48.5,344.54551732809,-9.500000000004));
#2046 = SURFACE_CURVE('',#2047,(#2052,#2059),.PCURVE_S1.);
#2047 = CIRCLE('',#2048,19.);
#2048 = AXIS2_PLACEMENT_3D('',#2049,#2050,#2051);
#2049 = CARTESIAN_POINT('',(48.5,361.,-3.916730381821E-12));
#2050 = DIRECTION('',(-1.,3.108532283331E-16,-6.64265828938E-16));
#2051 = DIRECTION('',(-3.108532283332E-16,-1.,6.786238238021E-15));
#2052 = PCURVE('',#102,#2053);
#2053 = DEFINITIONAL_REPRESENTATION('',(#2054),#2058);
#2054 = LINE('',#2055,#2056);
#2055 = CARTESIAN_POINT('',(9.424777960769,5.));
#2056 = VECTOR('',#2057,1.);
#2057 = DIRECTION('',(-1.,0.));
#2058 = ( GEOMETRIC_REPRESENTATION_CONTEXT(2) 
PARAMETRIC_REPRESENTATION_CONTEXT() REPRESENTATION_CONTEXT('2D SPACE',''
  ) );
#2059 = PCURVE('',#2060,#2065);
#2060 = CONICAL_SURFACE('',#2061,19.,0.785398163397);
#2061 = AXIS2_PLACEMENT_3D('',#2062,#2063,#2064);
#2062 = CARTESIAN_POINT('',(48.5,361.,-3.916730381821E-12));
#2063 = DIRECTION('',(-1.,3.108532283331E-16,-6.64265828938E-16));
#2064 = DIRECTION('',(-3.108532283332E-16,-1.,6.786238238021E-15));
#2065 = DEFINITIONAL_REPRESENTATION('',(#2066),#2070);
#2066 = LINE('',#2067,#2068);
#2067 = CARTESIAN_POINT('',(0.,0.));
#2068 = VECTOR('',#2069,1.);
#2069 = DIRECTION('',(1.,0.));
#2070 = ( GEOMETRIC_REPRESENTATION_CONTEXT(2) 
PARAMETRIC_REPRESENTATION_CONTEXT() REPRESENTATION_CONTEXT('2D SPACE',''
  ) );
#2071 = ORIENTED_EDGE('',*,*,#2072,.F.);
#2072 = EDGE_CURVE('',#86,#2044,#2073,.T.);
#2073 = SURFACE_CURVE('',#2074,(#2078,#2085),.PCURVE_S1.);
#2074 = LINE('',#2075,#2076);
#2075 = CARTESIAN_POINT('',(43.5,344.54551732809,-9.500000000004));
#2076 = VECTOR('',#2077,1.);
#2077 = DIRECTION('',(1.,-3.108532283331E-16,6.64265828938E-16));
#2078 = PCURVE('',#102,#2079);
#2079 = DEFINITIONAL_REPRESENTATION('',(#2080),#2084);
#2080 = LINE('',#2081,#2082);
#2081 = CARTESIAN_POINT('',(3.665191429188,0.));
#2082 = VECTOR('',#2083,1.);
#2083 = DIRECTION('',(0.,1.));
#2084 = ( GEOMETRIC_REPRESENTATION_CONTEXT(2) 
PARAMETRIC_REPRESENTATION_CONTEXT() REPRESENTATION_CONTEXT('2D SPACE',''
  ) );
#2085 = PCURVE('',#2086,#2091);
#2086 = PLANE('',#2087);
#2087 = AXIS2_PLACEMENT_3D('',#2088,#2089,#2090);
#2088 = CARTESIAN_POINT('',(43.5,344.54551732809,-9.500000000004));
#2089 = DIRECTION('',(-6.29261218841E-17,0.866025403784,0.5));
#2090 = DIRECTION('',(7.306976968928E-16,0.5,-0.866025403784));
#2091 = DEFINITIONAL_REPRESENTATION('',(#2092),#2096);
#2092 = LINE('',#2093,#2094);
#2093 = CARTESIAN_POINT('',(0.,0.));
#2094 = VECTOR('',#2095,1.);
#2095 = DIRECTION('',(-0.,-1.));
#2096 = ( GEOMETRIC_REPRESENTATION_CONTEXT(2) 
PARAMETRIC_REPRESENTATION_CONTEXT() REPRESENTATION_CONTEXT('2D SPACE',''
  ) );
#2097 = ADVANCED_FACE('',(#2098),#2112,.F.);
#2098 = FACE_BOUND('',#2099,.F.);
#2099 = EDGE_LOOP('',(#2100,#2135,#2163,#2186));
#2100 = ORIENTED_EDGE('',*,*,#2101,.T.);
#2101 = EDGE_CURVE('',#2102,#2104,#2106,.T.);
#2102 = VERTEX_POINT('',#2103);
#2103 = CARTESIAN_POINT('',(8.299494936612,266.2,37.731902271531));
#2104 = VERTEX_POINT('',#2105);
#2105 = CARTESIAN_POINT('',(8.299494936612,271.,37.731902271531));
#2106 = SURFACE_CURVE('',#2107,(#2111,#2123),.PCURVE_S1.);
#2107 = LINE('',#2108,#2109);
#2108 = CARTESIAN_POINT('',(8.299494936612,83.500000000001,
    37.731902271532));
#2109 = VECTOR('',#2110,1.);
#2110 = DIRECTION('',(3.108532283332E-16,1.,-6.786238238021E-15));
#2111 = PCURVE('',#2112,#2117);
#2112 = CYLINDRICAL_SURFACE('',#2113,1.6);
#2113 = AXIS2_PLACEMENT_3D('',#2114,#2115,#2116);
#2114 = CARTESIAN_POINT('',(9.899494936612,83.500000000001,
    37.731902271532));
#2115 = DIRECTION('',(3.108532283332E-16,1.,-6.786238238021E-15));
#2116 = DIRECTION('',(-1.,3.108532283331E-16,-6.64265828938E-16));
#2117 = DEFINITIONAL_REPRESENTATION('',(#2118),#2122);
#2118 = LINE('',#2119,#2120);
#2119 = CARTESIAN_POINT('',(6.28318530718,0.));
#2120 = VECTOR('',#2121,1.);
#2121 = DIRECTION('',(0.,1.));
#2122 = ( GEOMETRIC_REPRESENTATION_CONTEXT(2) 
PARAMETRIC_REPRESENTATION_CONTEXT() REPRESENTATION_CONTEXT('2D SPACE',''
  ) );
#2123 = PCURVE('',#2124,#2129);
#2124 = CYLINDRICAL_SURFACE('',#2125,1.6);
#2125 = AXIS2_PLACEMENT_3D('',#2126,#2127,#2128);
#2126 = CARTESIAN_POINT('',(9.899494936612,83.500000000001,
    37.731902271532));
#2127 = DIRECTION('',(3.108532283332E-16,1.,-6.786238238021E-15));
#2128 = DIRECTION('',(-1.,3.108532283331E-16,-6.64265828938E-16));
#2129 = DEFINITIONAL_REPRESENTATION('',(#2130),#2134);
#2130 = LINE('',#2131,#2132);
#2131 = CARTESIAN_POINT('',(0.,0.));
#2132 = VECTOR('',#2133,1.);
#2133 = DIRECTION('',(0.,1.));
#2134 = ( GEOMETRIC_REPRESENTATION_CONTEXT(2) 
PARAMETRIC_REPRESENTATION_CONTEXT() REPRESENTATION_CONTEXT('2D SPACE',''
  ) );
#2135 = ORIENTED_EDGE('',*,*,#2136,.F.);
#2136 = EDGE_CURVE('',#2137,#2104,#2139,.T.);
#2137 = VERTEX_POINT('',#2138);
#2138 = CARTESIAN_POINT('',(11.499494936612,271.,37.731902271531));
#2139 = SURFACE_CURVE('',#2140,(#2145,#2152),.PCURVE_S1.);
#2140 = CIRCLE('',#2141,1.6);
#2141 = AXIS2_PLACEMENT_3D('',#2142,#2143,#2144);
#2142 = CARTESIAN_POINT('',(9.899494936612,271.,37.731902271531));
#2143 = DIRECTION('',(3.108532283332E-16,1.,-6.786238238021E-15));
#2144 = DIRECTION('',(-1.,3.108532283331E-16,-6.64265828938E-16));
#2145 = PCURVE('',#2112,#2146);
#2146 = DEFINITIONAL_REPRESENTATION('',(#2147),#2151);
#2147 = LINE('',#2148,#2149);
#2148 = CARTESIAN_POINT('',(0.,187.5));
#2149 = VECTOR('',#2150,1.);
#2150 = DIRECTION('',(1.,0.));
#2151 = ( GEOMETRIC_REPRESENTATION_CONTEXT(2) 
PARAMETRIC_REPRESENTATION_CONTEXT() REPRESENTATION_CONTEXT('2D SPACE',''
  ) );
#2152 = PCURVE('',#1833,#2153);
#2153 = DEFINITIONAL_REPRESENTATION('',(#2154),#2162);
#2154 = ( BOUNDED_CURVE() B_SPLINE_CURVE(2,(#2155,#2156,#2157,#2158,
#2159,#2160,#2161),.UNSPECIFIED.,.T.,.F.) B_SPLINE_CURVE_WITH_KNOTS((1,2
    ,2,2,2,1),(-2.094395102393,0.,2.094395102393,4.188790204786,
6.28318530718,8.377580409573),.UNSPECIFIED.) CURVE() 
GEOMETRIC_REPRESENTATION_ITEM() RATIONAL_B_SPLINE_CURVE((1.,0.5,1.,0.5,
1.,0.5,1.)) REPRESENTATION_ITEM('') );
#2155 = CARTESIAN_POINT('',(27.299494936612,-28.89949493661));
#2156 = CARTESIAN_POINT('',(27.299494936612,-26.1282136445));
#2157 = CARTESIAN_POINT('',(29.699494936612,-27.51385429055));
#2158 = CARTESIAN_POINT('',(32.099494936612,-28.89949493661));
#2159 = CARTESIAN_POINT('',(29.699494936612,-30.28513558266));
#2160 = CARTESIAN_POINT('',(27.299494936612,-31.67077622872));
#2161 = CARTESIAN_POINT('',(27.299494936612,-28.89949493661));
#2162 = ( GEOMETRIC_REPRESENTATION_CONTEXT(2) 
PARAMETRIC_REPRESENTATION_CONTEXT() REPRESENTATION_CONTEXT('2D SPACE',''
  ) );
#2163 = ORIENTED_EDGE('',*,*,#2164,.F.);
#2164 = EDGE_CURVE('',#2165,#2137,#2167,.T.);
#2165 = VERTEX_POINT('',#2166);
#2166 = CARTESIAN_POINT('',(11.499494936612,266.2,37.731902271531));
#2167 = SURFACE_CURVE('',#2168,(#2172,#2179),.PCURVE_S1.);
#2168 = LINE('',#2169,#2170);
#2169 = CARTESIAN_POINT('',(11.499494936612,83.500000000001,
    37.731902271532));
#2170 = VECTOR('',#2171,1.);
#2171 = DIRECTION('',(3.108532283332E-16,1.,-6.786238238021E-15));
#2172 = PCURVE('',#2112,#2173);
#2173 = DEFINITIONAL_REPRESENTATION('',(#2174),#2178);
#2174 = LINE('',#2175,#2176);
#2175 = CARTESIAN_POINT('',(3.14159265359,0.));
#2176 = VECTOR('',#2177,1.);
#2177 = DIRECTION('',(0.,1.));
#2178 = ( GEOMETRIC_REPRESENTATION_CONTEXT(2) 
PARAMETRIC_REPRESENTATION_CONTEXT() REPRESENTATION_CONTEXT('2D SPACE',''
  ) );
#2179 = PCURVE('',#2124,#2180);
#2180 = DEFINITIONAL_REPRESENTATION('',(#2181),#2185);
#2181 = LINE('',#2182,#2183);
#2182 = CARTESIAN_POINT('',(3.14159265359,0.));
#2183 = VECTOR('',#2184,1.);
#2184 = DIRECTION('',(0.,1.));
#2185 = ( GEOMETRIC_REPRESENTATION_CONTEXT(2) 
PARAMETRIC_REPRESENTATION_CONTEXT() REPRESENTATION_CONTEXT('2D SPACE',''
  ) );
#2186 = ORIENTED_EDGE('',*,*,#2187,.T.);
#2187 = EDGE_CURVE('',#2165,#2102,#2188,.T.);
#2188 = SURFACE_CURVE('',#2189,(#2194,#2201),.PCURVE_S1.);
#2189 = CIRCLE('',#2190,1.6);
#2190 = AXIS2_PLACEMENT_3D('',#2191,#2192,#2193);
#2191 = CARTESIAN_POINT('',(9.899494936612,266.2,37.731902271531));
#2192 = DIRECTION('',(3.108532283332E-16,1.,-7.151443180332E-15));
#2193 = DIRECTION('',(-6.64265828938E-16,7.151443180332E-15,1.));
#2194 = PCURVE('',#2112,#2195);
#2195 = DEFINITIONAL_REPRESENTATION('',(#2196),#2200);
#2196 = LINE('',#2197,#2198);
#2197 = CARTESIAN_POINT('',(1.570796326795,182.7));
#2198 = VECTOR('',#2199,1.);
#2199 = DIRECTION('',(1.,0.));
#2200 = ( GEOMETRIC_REPRESENTATION_CONTEXT(2) 
PARAMETRIC_REPRESENTATION_CONTEXT() REPRESENTATION_CONTEXT('2D SPACE',''
  ) );
#2201 = PCURVE('',#1559,#2202);
#2202 = DEFINITIONAL_REPRESENTATION('',(#2203),#2211);
#2203 = ( BOUNDED_CURVE() B_SPLINE_CURVE(2,(#2204,#2205,#2206,#2207,
#2208,#2209,#2210),.UNSPECIFIED.,.T.,.F.) B_SPLINE_CURVE_WITH_KNOTS((1,2
    ,2,2,2,1),(-2.094395102393,0.,2.094395102393,4.188790204786,
6.28318530718,8.377580409573),.UNSPECIFIED.) CURVE() 
GEOMETRIC_REPRESENTATION_ITEM() RATIONAL_B_SPLINE_CURVE((1.,0.5,1.,0.5,
1.,0.5,1.)) REPRESENTATION_ITEM('') );
#2204 = CARTESIAN_POINT('',(1.6,0.));
#2205 = CARTESIAN_POINT('',(1.6,-2.77128129211));
#2206 = CARTESIAN_POINT('',(-0.8,-1.385640646055));
#2207 = CARTESIAN_POINT('',(-3.2,-3.918869757272E-16));
#2208 = CARTESIAN_POINT('',(-0.8,1.385640646055));
#2209 = CARTESIAN_POINT('',(1.6,2.77128129211));
#2210 = CARTESIAN_POINT('',(1.6,0.));
#2211 = ( GEOMETRIC_REPRESENTATION_CONTEXT(2) 
PARAMETRIC_REPRESENTATION_CONTEXT() REPRESENTATION_CONTEXT('2D SPACE',''
  ) );
#2212 = ADVANCED_FACE('',(#2213),#2227,.F.);
#2213 = FACE_BOUND('',#2214,.F.);
#2214 = EDGE_LOOP('',(#2215,#2250,#2278,#2301));
#2215 = ORIENTED_EDGE('',*,*,#2216,.T.);
#2216 = EDGE_CURVE('',#2217,#2219,#2221,.T.);
#2217 = VERTEX_POINT('',#2218);
#2218 = CARTESIAN_POINT('',(-11.49949493661,266.2,57.530892144754));
#2219 = VERTEX_POINT('',#2220);
#2220 = CARTESIAN_POINT('',(-11.49949493661,271.,57.530892144754));
#2221 = SURFACE_CURVE('',#2222,(#2226,#2238),.PCURVE_S1.);
#2222 = LINE('',#2223,#2224);
#2223 = CARTESIAN_POINT('',(-11.49949493661,83.500000000001,
    57.530892144755));
#2224 = VECTOR('',#2225,1.);
#2225 = DIRECTION('',(3.108532283332E-16,1.,-6.786238238021E-15));
#2226 = PCURVE('',#2227,#2232);
#2227 = CYLINDRICAL_SURFACE('',#2228,1.6);
#2228 = AXIS2_PLACEMENT_3D('',#2229,#2230,#2231);
#2229 = CARTESIAN_POINT('',(-9.899494936612,83.500000000001,
    57.530892144755));
#2230 = DIRECTION('',(3.108532283332E-16,1.,-6.786238238021E-15));
#2231 = DIRECTION('',(-1.,3.108532283331E-16,-6.64265828938E-16));
#2232 = DEFINITIONAL_REPRESENTATION('',(#2233),#2237);
#2233 = LINE('',#2234,#2235);
#2234 = CARTESIAN_POINT('',(6.28318530718,0.));
#2235 = VECTOR('',#2236,1.);
#2236 = DIRECTION('',(0.,1.));
#2237 = ( GEOMETRIC_REPRESENTATION_CONTEXT(2) 
PARAMETRIC_REPRESENTATION_CONTEXT() REPRESENTATION_CONTEXT('2D SPACE',''
  ) );
#2238 = PCURVE('',#2239,#2244);
#2239 = CYLINDRICAL_SURFACE('',#2240,1.6);
#2240 = AXIS2_PLACEMENT_3D('',#2241,#2242,#2243);
#2241 = CARTESIAN_POINT('',(-9.899494936612,83.500000000001,
    57.530892144755));
#2242 = DIRECTION('',(3.108532283332E-16,1.,-6.786238238021E-15));
#2243 = DIRECTION('',(-1.,3.108532283331E-16,-6.64265828938E-16));
#2244 = DEFINITIONAL_REPRESENTATION('',(#2245),#2249);
#2245 = LINE('',#2246,#2247);
#2246 = CARTESIAN_POINT('',(0.,0.));
#2247 = VECTOR('',#2248,1.);
#2248 = DIRECTION('',(0.,1.));
#2249 = ( GEOMETRIC_REPRESENTATION_CONTEXT(2) 
PARAMETRIC_REPRESENTATION_CONTEXT() REPRESENTATION_CONTEXT('2D SPACE',''
  ) );
#2250 = ORIENTED_EDGE('',*,*,#2251,.F.);
#2251 = EDGE_CURVE('',#2252,#2219,#2254,.T.);
#2252 = VERTEX_POINT('',#2253);
#2253 = CARTESIAN_POINT('',(-8.299494936612,271.,57.530892144754));
#2254 = SURFACE_CURVE('',#2255,(#2260,#2267),.PCURVE_S1.);
#2255 = CIRCLE('',#2256,1.6);
#2256 = AXIS2_PLACEMENT_3D('',#2257,#2258,#2259);
#2257 = CARTESIAN_POINT('',(-9.899494936612,271.,57.530892144754));
#2258 = DIRECTION('',(3.108532283332E-16,1.,-6.786238238021E-15));
#2259 = DIRECTION('',(-1.,3.108532283331E-16,-6.64265828938E-16));
#2260 = PCURVE('',#2227,#2261);
#2261 = DEFINITIONAL_REPRESENTATION('',(#2262),#2266);
#2262 = LINE('',#2263,#2264);
#2263 = CARTESIAN_POINT('',(0.,187.5));
#2264 = VECTOR('',#2265,1.);
#2265 = DIRECTION('',(1.,0.));
#2266 = ( GEOMETRIC_REPRESENTATION_CONTEXT(2) 
PARAMETRIC_REPRESENTATION_CONTEXT() REPRESENTATION_CONTEXT('2D SPACE',''
  ) );
#2267 = PCURVE('',#1833,#2268);
#2268 = DEFINITIONAL_REPRESENTATION('',(#2269),#2277);
#2269 = ( BOUNDED_CURVE() B_SPLINE_CURVE(2,(#2270,#2271,#2272,#2273,
#2274,#2275,#2276),.UNSPECIFIED.,.T.,.F.) B_SPLINE_CURVE_WITH_KNOTS((1,2
    ,2,2,2,1),(-2.094395102393,0.,2.094395102393,4.188790204786,
6.28318530718,8.377580409573),.UNSPECIFIED.) CURVE() 
GEOMETRIC_REPRESENTATION_ITEM() RATIONAL_B_SPLINE_CURVE((1.,0.5,1.,0.5,
1.,0.5,1.)) REPRESENTATION_ITEM('') );
#2270 = CARTESIAN_POINT('',(7.500505063388,-9.100505063388));
#2271 = CARTESIAN_POINT('',(7.500505063388,-6.329223771278));
#2272 = CARTESIAN_POINT('',(9.900505063388,-7.714864417333));
#2273 = CARTESIAN_POINT('',(12.300505063388,-9.100505063388));
#2274 = CARTESIAN_POINT('',(9.900505063388,-10.48614570944));
#2275 = CARTESIAN_POINT('',(7.500505063388,-11.87178635549));
#2276 = CARTESIAN_POINT('',(7.500505063388,-9.100505063388));
#2277 = ( GEOMETRIC_REPRESENTATION_CONTEXT(2) 
PARAMETRIC_REPRESENTATION_CONTEXT() REPRESENTATION_CONTEXT('2D SPACE',''
  ) );
#2278 = ORIENTED_EDGE('',*,*,#2279,.F.);
#2279 = EDGE_CURVE('',#2280,#2252,#2282,.T.);
#2280 = VERTEX_POINT('',#2281);
#2281 = CARTESIAN_POINT('',(-8.299494936612,266.2,57.530892144754));
#2282 = SURFACE_CURVE('',#2283,(#2287,#2294),.PCURVE_S1.);
#2283 = LINE('',#2284,#2285);
#2284 = CARTESIAN_POINT('',(-8.299494936612,83.500000000001,
    57.530892144755));
#2285 = VECTOR('',#2286,1.);
#2286 = DIRECTION('',(3.108532283332E-16,1.,-6.786238238021E-15));
#2287 = PCURVE('',#2227,#2288);
#2288 = DEFINITIONAL_REPRESENTATION('',(#2289),#2293);
#2289 = LINE('',#2290,#2291);
#2290 = CARTESIAN_POINT('',(3.14159265359,0.));
#2291 = VECTOR('',#2292,1.);
#2292 = DIRECTION('',(0.,1.));
#2293 = ( GEOMETRIC_REPRESENTATION_CONTEXT(2) 
PARAMETRIC_REPRESENTATION_CONTEXT() REPRESENTATION_CONTEXT('2D SPACE',''
  ) );
#2294 = PCURVE('',#2239,#2295);
#2295 = DEFINITIONAL_REPRESENTATION('',(#2296),#2300);
#2296 = LINE('',#2297,#2298);
#2297 = CARTESIAN_POINT('',(3.14159265359,0.));
#2298 = VECTOR('',#2299,1.);
#2299 = DIRECTION('',(0.,1.));
#2300 = ( GEOMETRIC_REPRESENTATION_CONTEXT(2) 
PARAMETRIC_REPRESENTATION_CONTEXT() REPRESENTATION_CONTEXT('2D SPACE',''
  ) );
#2301 = ORIENTED_EDGE('',*,*,#2302,.T.);
#2302 = EDGE_CURVE('',#2280,#2217,#2303,.T.);
#2303 = SURFACE_CURVE('',#2304,(#2309,#2316),.PCURVE_S1.);
#2304 = CIRCLE('',#2305,1.6);
#2305 = AXIS2_PLACEMENT_3D('',#2306,#2307,#2308);
#2306 = CARTESIAN_POINT('',(-9.899494936612,266.2,57.530892144754));
#2307 = DIRECTION('',(3.108532283332E-16,1.,-7.151443180332E-15));
#2308 = DIRECTION('',(-6.64265828938E-16,7.151443180332E-15,1.));
#2309 = PCURVE('',#2227,#2310);
#2310 = DEFINITIONAL_REPRESENTATION('',(#2311),#2315);
#2311 = LINE('',#2312,#2313);
#2312 = CARTESIAN_POINT('',(1.570796326795,182.7));
#2313 = VECTOR('',#2314,1.);
#2314 = DIRECTION('',(1.,0.));
#2315 = ( GEOMETRIC_REPRESENTATION_CONTEXT(2) 
PARAMETRIC_REPRESENTATION_CONTEXT() REPRESENTATION_CONTEXT('2D SPACE',''
  ) );
#2316 = PCURVE('',#1356,#2317);
#2317 = DEFINITIONAL_REPRESENTATION('',(#2318),#2326);
#2318 = ( BOUNDED_CURVE() B_SPLINE_CURVE(2,(#2319,#2320,#2321,#2322,
#2323,#2324,#2325),.UNSPECIFIED.,.T.,.F.) B_SPLINE_CURVE_WITH_KNOTS((1,2
    ,2,2,2,1),(-2.094395102393,0.,2.094395102393,4.188790204786,
6.28318530718,8.377580409573),.UNSPECIFIED.) CURVE() 
GEOMETRIC_REPRESENTATION_ITEM() RATIONAL_B_SPLINE_CURVE((1.,0.5,1.,0.5,
1.,0.5,1.)) REPRESENTATION_ITEM('') );
#2319 = CARTESIAN_POINT('',(1.6,1.42108547152E-14));
#2320 = CARTESIAN_POINT('',(1.6,-2.77128129211));
#2321 = CARTESIAN_POINT('',(-0.8,-1.385640646055));
#2322 = CARTESIAN_POINT('',(-3.2,1.381896773947E-14));
#2323 = CARTESIAN_POINT('',(-0.8,1.385640646055));
#2324 = CARTESIAN_POINT('',(1.6,2.77128129211));
#2325 = CARTESIAN_POINT('',(1.6,1.42108547152E-14));
#2326 = ( GEOMETRIC_REPRESENTATION_CONTEXT(2) 
PARAMETRIC_REPRESENTATION_CONTEXT() REPRESENTATION_CONTEXT('2D SPACE',''
  ) );
#2327 = ADVANCED_FACE('',(#2328),#2342,.F.);
#2328 = FACE_BOUND('',#2329,.F.);
#2329 = EDGE_LOOP('',(#2330,#2365,#2393,#2416));
#2330 = ORIENTED_EDGE('',*,*,#2331,.T.);
#2331 = EDGE_CURVE('',#2332,#2334,#2336,.T.);
#2332 = VERTEX_POINT('',#2333);
#2333 = CARTESIAN_POINT('',(-11.49949493661,266.2,37.731902271531));
#2334 = VERTEX_POINT('',#2335);
#2335 = CARTESIAN_POINT('',(-11.49949493661,271.,37.731902271531));
#2336 = SURFACE_CURVE('',#2337,(#2341,#2353),.PCURVE_S1.);
#2337 = LINE('',#2338,#2339);
#2338 = CARTESIAN_POINT('',(-11.49949493661,83.500000000001,
    37.731902271532));
#2339 = VECTOR('',#2340,1.);
#2340 = DIRECTION('',(3.108532283332E-16,1.,-6.786238238021E-15));
#2341 = PCURVE('',#2342,#2347);
#2342 = CYLINDRICAL_SURFACE('',#2343,1.6);
#2343 = AXIS2_PLACEMENT_3D('',#2344,#2345,#2346);
#2344 = CARTESIAN_POINT('',(-9.899494936612,83.500000000001,
    37.731902271532));
#2345 = DIRECTION('',(3.108532283332E-16,1.,-6.786238238021E-15));
#2346 = DIRECTION('',(-1.,3.108532283331E-16,-6.64265828938E-16));
#2347 = DEFINITIONAL_REPRESENTATION('',(#2348),#2352);
#2348 = LINE('',#2349,#2350);
#2349 = CARTESIAN_POINT('',(6.28318530718,0.));
#2350 = VECTOR('',#2351,1.);
#2351 = DIRECTION('',(0.,1.));
#2352 = ( GEOMETRIC_REPRESENTATION_CONTEXT(2) 
PARAMETRIC_REPRESENTATION_CONTEXT() REPRESENTATION_CONTEXT('2D SPACE',''
  ) );
#2353 = PCURVE('',#2354,#2359);
#2354 = CYLINDRICAL_SURFACE('',#2355,1.6);
#2355 = AXIS2_PLACEMENT_3D('',#2356,#2357,#2358);
#2356 = CARTESIAN_POINT('',(-9.899494936612,83.500000000001,
    37.731902271532));
#2357 = DIRECTION('',(3.108532283332E-16,1.,-6.786238238021E-15));
#2358 = DIRECTION('',(-1.,3.108532283331E-16,-6.64265828938E-16));
#2359 = DEFINITIONAL_REPRESENTATION('',(#2360),#2364);
#2360 = LINE('',#2361,#2362);
#2361 = CARTESIAN_POINT('',(0.,0.));
#2362 = VECTOR('',#2363,1.);
#2363 = DIRECTION('',(0.,1.));
#2364 = ( GEOMETRIC_REPRESENTATION_CONTEXT(2) 
PARAMETRIC_REPRESENTATION_CONTEXT() REPRESENTATION_CONTEXT('2D SPACE',''
  ) );
#2365 = ORIENTED_EDGE('',*,*,#2366,.F.);
#2366 = EDGE_CURVE('',#2367,#2334,#2369,.T.);
#2367 = VERTEX_POINT('',#2368);
#2368 = CARTESIAN_POINT('',(-8.299494936612,271.,37.731902271531));
#2369 = SURFACE_CURVE('',#2370,(#2375,#2382),.PCURVE_S1.);
#2370 = CIRCLE('',#2371,1.6);
#2371 = AXIS2_PLACEMENT_3D('',#2372,#2373,#2374);
#2372 = CARTESIAN_POINT('',(-9.899494936612,271.,37.731902271531));
#2373 = DIRECTION('',(3.108532283332E-16,1.,-6.786238238021E-15));
#2374 = DIRECTION('',(-1.,3.108532283331E-16,-6.64265828938E-16));
#2375 = PCURVE('',#2342,#2376);
#2376 = DEFINITIONAL_REPRESENTATION('',(#2377),#2381);
#2377 = LINE('',#2378,#2379);
#2378 = CARTESIAN_POINT('',(0.,187.5));
#2379 = VECTOR('',#2380,1.);
#2380 = DIRECTION('',(1.,0.));
#2381 = ( GEOMETRIC_REPRESENTATION_CONTEXT(2) 
PARAMETRIC_REPRESENTATION_CONTEXT() REPRESENTATION_CONTEXT('2D SPACE',''
  ) );
#2382 = PCURVE('',#1833,#2383);
#2383 = DEFINITIONAL_REPRESENTATION('',(#2384),#2392);
#2384 = ( BOUNDED_CURVE() B_SPLINE_CURVE(2,(#2385,#2386,#2387,#2388,
#2389,#2390,#2391),.UNSPECIFIED.,.T.,.F.) B_SPLINE_CURVE_WITH_KNOTS((1,2
    ,2,2,2,1),(-2.094395102393,0.,2.094395102393,4.188790204786,
6.28318530718,8.377580409573),.UNSPECIFIED.) CURVE() 
GEOMETRIC_REPRESENTATION_ITEM() RATIONAL_B_SPLINE_CURVE((1.,0.5,1.,0.5,
1.,0.5,1.)) REPRESENTATION_ITEM('') );
#2385 = CARTESIAN_POINT('',(7.500505063388,-28.89949493661));
#2386 = CARTESIAN_POINT('',(7.500505063388,-26.1282136445));
#2387 = CARTESIAN_POINT('',(9.900505063388,-27.51385429055));
#2388 = CARTESIAN_POINT('',(12.300505063388,-28.89949493661));
#2389 = CARTESIAN_POINT('',(9.900505063388,-30.28513558266));
#2390 = CARTESIAN_POINT('',(7.500505063388,-31.67077622872));
#2391 = CARTESIAN_POINT('',(7.500505063388,-28.89949493661));
#2392 = ( GEOMETRIC_REPRESENTATION_CONTEXT(2) 
PARAMETRIC_REPRESENTATION_CONTEXT() REPRESENTATION_CONTEXT('2D SPACE',''
  ) );
#2393 = ORIENTED_EDGE('',*,*,#2394,.F.);
#2394 = EDGE_CURVE('',#2395,#2367,#2397,.T.);
#2395 = VERTEX_POINT('',#2396);
#2396 = CARTESIAN_POINT('',(-8.299494936612,266.2,37.731902271531));
#2397 = SURFACE_CURVE('',#2398,(#2402,#2409),.PCURVE_S1.);
#2398 = LINE('',#2399,#2400);
#2399 = CARTESIAN_POINT('',(-8.299494936612,83.500000000001,
    37.731902271532));
#2400 = VECTOR('',#2401,1.);
#2401 = DIRECTION('',(3.108532283332E-16,1.,-6.786238238021E-15));
#2402 = PCURVE('',#2342,#2403);
#2403 = DEFINITIONAL_REPRESENTATION('',(#2404),#2408);
#2404 = LINE('',#2405,#2406);
#2405 = CARTESIAN_POINT('',(3.14159265359,0.));
#2406 = VECTOR('',#2407,1.);
#2407 = DIRECTION('',(0.,1.));
#2408 = ( GEOMETRIC_REPRESENTATION_CONTEXT(2) 
PARAMETRIC_REPRESENTATION_CONTEXT() REPRESENTATION_CONTEXT('2D SPACE',''
  ) );
#2409 = PCURVE('',#2354,#2410);
#2410 = DEFINITIONAL_REPRESENTATION('',(#2411),#2415);
#2411 = LINE('',#2412,#2413);
#2412 = CARTESIAN_POINT('',(3.14159265359,0.));
#2413 = VECTOR('',#2414,1.);
#2414 = DIRECTION('',(0.,1.));
#2415 = ( GEOMETRIC_REPRESENTATION_CONTEXT(2) 
PARAMETRIC_REPRESENTATION_CONTEXT() REPRESENTATION_CONTEXT('2D SPACE',''
  ) );
#2416 = ORIENTED_EDGE('',*,*,#2417,.T.);
#2417 = EDGE_CURVE('',#2395,#2332,#2418,.T.);
#2418 = SURFACE_CURVE('',#2419,(#2424,#2431),.PCURVE_S1.);
#2419 = CIRCLE('',#2420,1.6);
#2420 = AXIS2_PLACEMENT_3D('',#2421,#2422,#2423);
#2421 = CARTESIAN_POINT('',(-9.899494936612,266.2,37.731902271531));
#2422 = DIRECTION('',(3.108532283332E-16,1.,-7.151443180332E-15));
#2423 = DIRECTION('',(-6.64265828938E-16,7.151443180332E-15,1.));
#2424 = PCURVE('',#2342,#2425);
#2425 = DEFINITIONAL_REPRESENTATION('',(#2426),#2430);
#2426 = LINE('',#2427,#2428);
#2427 = CARTESIAN_POINT('',(1.570796326795,182.7));
#2428 = VECTOR('',#2429,1.);
#2429 = DIRECTION('',(1.,0.));
#2430 = ( GEOMETRIC_REPRESENTATION_CONTEXT(2) 
PARAMETRIC_REPRESENTATION_CONTEXT() REPRESENTATION_CONTEXT('2D SPACE',''
  ) );
#2431 = PCURVE('',#1158,#2432);
#2432 = DEFINITIONAL_REPRESENTATION('',(#2433),#2441);
#2433 = ( BOUNDED_CURVE() B_SPLINE_CURVE(2,(#2434,#2435,#2436,#2437,
#2438,#2439,#2440),.UNSPECIFIED.,.T.,.F.) B_SPLINE_CURVE_WITH_KNOTS((1,2
    ,2,2,2,1),(-2.094395102393,0.,2.094395102393,4.188790204786,
6.28318530718,8.377580409573),.UNSPECIFIED.) CURVE() 
GEOMETRIC_REPRESENTATION_ITEM() RATIONAL_B_SPLINE_CURVE((1.,0.5,1.,0.5,
1.,0.5,1.)) REPRESENTATION_ITEM('') );
#2434 = CARTESIAN_POINT('',(1.6,-2.84217094304E-14));
#2435 = CARTESIAN_POINT('',(1.6,-2.77128129211));
#2436 = CARTESIAN_POINT('',(-0.8,-1.385640646055));
#2437 = CARTESIAN_POINT('',(-3.2,-2.881359640613E-14));
#2438 = CARTESIAN_POINT('',(-0.8,1.385640646055));
#2439 = CARTESIAN_POINT('',(1.6,2.77128129211));
#2440 = CARTESIAN_POINT('',(1.6,-2.84217094304E-14));
#2441 = ( GEOMETRIC_REPRESENTATION_CONTEXT(2) 
PARAMETRIC_REPRESENTATION_CONTEXT() REPRESENTATION_CONTEXT('2D SPACE',''
  ) );
#2442 = ADVANCED_FACE('',(#2443),#2457,.F.);
#2443 = FACE_BOUND('',#2444,.F.);
#2444 = EDGE_LOOP('',(#2445,#2480,#2508,#2531));
#2445 = ORIENTED_EDGE('',*,*,#2446,.T.);
#2446 = EDGE_CURVE('',#2447,#2449,#2451,.T.);
#2447 = VERTEX_POINT('',#2448);
#2448 = CARTESIAN_POINT('',(8.299494936612,266.2,57.530892144754));
#2449 = VERTEX_POINT('',#2450);
#2450 = CARTESIAN_POINT('',(8.299494936612,271.,57.530892144754));
#2451 = SURFACE_CURVE('',#2452,(#2456,#2468),.PCURVE_S1.);
#2452 = LINE('',#2453,#2454);
#2453 = CARTESIAN_POINT('',(8.299494936612,83.500000000001,
    57.530892144755));
#2454 = VECTOR('',#2455,1.);
#2455 = DIRECTION('',(3.108532283332E-16,1.,-6.786238238021E-15));
#2456 = PCURVE('',#2457,#2462);
#2457 = CYLINDRICAL_SURFACE('',#2458,1.6);
#2458 = AXIS2_PLACEMENT_3D('',#2459,#2460,#2461);
#2459 = CARTESIAN_POINT('',(9.899494936612,83.500000000001,
    57.530892144755));
#2460 = DIRECTION('',(3.108532283332E-16,1.,-6.786238238021E-15));
#2461 = DIRECTION('',(-1.,3.108532283331E-16,-6.64265828938E-16));
#2462 = DEFINITIONAL_REPRESENTATION('',(#2463),#2467);
#2463 = LINE('',#2464,#2465);
#2464 = CARTESIAN_POINT('',(6.28318530718,0.));
#2465 = VECTOR('',#2466,1.);
#2466 = DIRECTION('',(0.,1.));
#2467 = ( GEOMETRIC_REPRESENTATION_CONTEXT(2) 
PARAMETRIC_REPRESENTATION_CONTEXT() REPRESENTATION_CONTEXT('2D SPACE',''
  ) );
#2468 = PCURVE('',#2469,#2474);
#2469 = CYLINDRICAL_SURFACE('',#2470,1.6);
#2470 = AXIS2_PLACEMENT_3D('',#2471,#2472,#2473);
#2471 = CARTESIAN_POINT('',(9.899494936612,83.500000000001,
    57.530892144755));
#2472 = DIRECTION('',(3.108532283332E-16,1.,-6.786238238021E-15));
#2473 = DIRECTION('',(-1.,3.108532283331E-16,-6.64265828938E-16));
#2474 = DEFINITIONAL_REPRESENTATION('',(#2475),#2479);
#2475 = LINE('',#2476,#2477);
#2476 = CARTESIAN_POINT('',(0.,0.));
#2477 = VECTOR('',#2478,1.);
#2478 = DIRECTION('',(0.,1.));
#2479 = ( GEOMETRIC_REPRESENTATION_CONTEXT(2) 
PARAMETRIC_REPRESENTATION_CONTEXT() REPRESENTATION_CONTEXT('2D SPACE',''
  ) );
#2480 = ORIENTED_EDGE('',*,*,#2481,.F.);
#2481 = EDGE_CURVE('',#2482,#2449,#2484,.T.);
#2482 = VERTEX_POINT('',#2483);
#2483 = CARTESIAN_POINT('',(11.499494936612,271.,57.530892144754));
#2484 = SURFACE_CURVE('',#2485,(#2490,#2497),.PCURVE_S1.);
#2485 = CIRCLE('',#2486,1.6);
#2486 = AXIS2_PLACEMENT_3D('',#2487,#2488,#2489);
#2487 = CARTESIAN_POINT('',(9.899494936612,271.,57.530892144754));
#2488 = DIRECTION('',(3.108532283332E-16,1.,-6.786238238021E-15));
#2489 = DIRECTION('',(-1.,3.108532283331E-16,-6.64265828938E-16));
#2490 = PCURVE('',#2457,#2491);
#2491 = DEFINITIONAL_REPRESENTATION('',(#2492),#2496);
#2492 = LINE('',#2493,#2494);
#2493 = CARTESIAN_POINT('',(0.,187.5));
#2494 = VECTOR('',#2495,1.);
#2495 = DIRECTION('',(1.,0.));
#2496 = ( GEOMETRIC_REPRESENTATION_CONTEXT(2) 
PARAMETRIC_REPRESENTATION_CONTEXT() REPRESENTATION_CONTEXT('2D SPACE',''
  ) );
#2497 = PCURVE('',#1833,#2498);
#2498 = DEFINITIONAL_REPRESENTATION('',(#2499),#2507);
#2499 = ( BOUNDED_CURVE() B_SPLINE_CURVE(2,(#2500,#2501,#2502,#2503,
#2504,#2505,#2506),.UNSPECIFIED.,.T.,.F.) B_SPLINE_CURVE_WITH_KNOTS((1,2
    ,2,2,2,1),(-2.094395102393,0.,2.094395102393,4.188790204786,
6.28318530718,8.377580409573),.UNSPECIFIED.) CURVE() 
GEOMETRIC_REPRESENTATION_ITEM() RATIONAL_B_SPLINE_CURVE((1.,0.5,1.,0.5,
1.,0.5,1.)) REPRESENTATION_ITEM('') );
#2500 = CARTESIAN_POINT('',(27.299494936612,-9.100505063388));
#2501 = CARTESIAN_POINT('',(27.299494936612,-6.329223771278));
#2502 = CARTESIAN_POINT('',(29.699494936612,-7.714864417333));
#2503 = CARTESIAN_POINT('',(32.099494936612,-9.100505063388));
#2504 = CARTESIAN_POINT('',(29.699494936612,-10.48614570944));
#2505 = CARTESIAN_POINT('',(27.299494936612,-11.87178635549));
#2506 = CARTESIAN_POINT('',(27.299494936612,-9.100505063388));
#2507 = ( GEOMETRIC_REPRESENTATION_CONTEXT(2) 
PARAMETRIC_REPRESENTATION_CONTEXT() REPRESENTATION_CONTEXT('2D SPACE',''
  ) );
#2508 = ORIENTED_EDGE('',*,*,#2509,.F.);
#2509 = EDGE_CURVE('',#2510,#2482,#2512,.T.);
#2510 = VERTEX_POINT('',#2511);
#2511 = CARTESIAN_POINT('',(11.499494936612,266.2,57.530892144754));
#2512 = SURFACE_CURVE('',#2513,(#2517,#2524),.PCURVE_S1.);
#2513 = LINE('',#2514,#2515);
#2514 = CARTESIAN_POINT('',(11.499494936612,83.500000000001,
    57.530892144755));
#2515 = VECTOR('',#2516,1.);
#2516 = DIRECTION('',(3.108532283332E-16,1.,-6.786238238021E-15));
#2517 = PCURVE('',#2457,#2518);
#2518 = DEFINITIONAL_REPRESENTATION('',(#2519),#2523);
#2519 = LINE('',#2520,#2521);
#2520 = CARTESIAN_POINT('',(3.14159265359,0.));
#2521 = VECTOR('',#2522,1.);
#2522 = DIRECTION('',(0.,1.));
#2523 = ( GEOMETRIC_REPRESENTATION_CONTEXT(2) 
PARAMETRIC_REPRESENTATION_CONTEXT() REPRESENTATION_CONTEXT('2D SPACE',''
  ) );
#2524 = PCURVE('',#2469,#2525);
#2525 = DEFINITIONAL_REPRESENTATION('',(#2526),#2530);
#2526 = LINE('',#2527,#2528);
#2527 = CARTESIAN_POINT('',(3.14159265359,0.));
#2528 = VECTOR('',#2529,1.);
#2529 = DIRECTION('',(0.,1.));
#2530 = ( GEOMETRIC_REPRESENTATION_CONTEXT(2) 
PARAMETRIC_REPRESENTATION_CONTEXT() REPRESENTATION_CONTEXT('2D SPACE',''
  ) );
#2531 = ORIENTED_EDGE('',*,*,#2532,.T.);
#2532 = EDGE_CURVE('',#2510,#2447,#2533,.T.);
#2533 = SURFACE_CURVE('',#2534,(#2539,#2546),.PCURVE_S1.);
#2534 = CIRCLE('',#2535,1.6);
#2535 = AXIS2_PLACEMENT_3D('',#2536,#2537,#2538);
#2536 = CARTESIAN_POINT('',(9.899494936612,266.2,57.530892144754));
#2537 = DIRECTION('',(3.108532283332E-16,1.,-7.151443180332E-15));
#2538 = DIRECTION('',(-6.64265828938E-16,7.151443180332E-15,1.));
#2539 = PCURVE('',#2457,#2540);
#2540 = DEFINITIONAL_REPRESENTATION('',(#2541),#2545);
#2541 = LINE('',#2542,#2543);
#2542 = CARTESIAN_POINT('',(1.570796326795,182.7));
#2543 = VECTOR('',#2544,1.);
#2544 = DIRECTION('',(1.,0.));
#2545 = ( GEOMETRIC_REPRESENTATION_CONTEXT(2) 
PARAMETRIC_REPRESENTATION_CONTEXT() REPRESENTATION_CONTEXT('2D SPACE',''
  ) );
#2546 = PCURVE('',#955,#2547);
#2547 = DEFINITIONAL_REPRESENTATION('',(#2548),#2556);
#2548 = ( BOUNDED_CURVE() B_SPLINE_CURVE(2,(#2549,#2550,#2551,#2552,
#2553,#2554,#2555),.UNSPECIFIED.,.T.,.F.) B_SPLINE_CURVE_WITH_KNOTS((1,2
    ,2,2,2,1),(-2.094395102393,0.,2.094395102393,4.188790204786,
6.28318530718,8.377580409573),.UNSPECIFIED.) CURVE() 
GEOMETRIC_REPRESENTATION_ITEM() RATIONAL_B_SPLINE_CURVE((1.,0.5,1.,0.5,
1.,0.5,1.)) REPRESENTATION_ITEM('') );
#2549 = CARTESIAN_POINT('',(1.6,4.973799150321E-14));
#2550 = CARTESIAN_POINT('',(1.6,-2.77128129211));
#2551 = CARTESIAN_POINT('',(-0.8,-1.385640646055));
#2552 = CARTESIAN_POINT('',(-3.2,4.934610452748E-14));
#2553 = CARTESIAN_POINT('',(-0.8,1.385640646055));
#2554 = CARTESIAN_POINT('',(1.6,2.77128129211));
#2555 = CARTESIAN_POINT('',(1.6,4.973799150321E-14));
#2556 = ( GEOMETRIC_REPRESENTATION_CONTEXT(2) 
PARAMETRIC_REPRESENTATION_CONTEXT() REPRESENTATION_CONTEXT('2D SPACE',''
  ) );
#2557 = ADVANCED_FACE('',(#2558),#2572,.F.);
#2558 = FACE_BOUND('',#2559,.F.);
#2559 = EDGE_LOOP('',(#2560,#2595,#2619,#2642));
#2560 = ORIENTED_EDGE('',*,*,#2561,.T.);
#2561 = EDGE_CURVE('',#2562,#2564,#2566,.T.);
#2562 = VERTEX_POINT('',#2563);
#2563 = CARTESIAN_POINT('',(48.3,369.35929214352,5.749999999996));
#2564 = VERTEX_POINT('',#2565);
#2565 = CARTESIAN_POINT('',(43.5,369.35929214352,5.749999999996));
#2566 = SURFACE_CURVE('',#2567,(#2571,#2583),.PCURVE_S1.);
#2567 = LINE('',#2568,#2569);
#2568 = CARTESIAN_POINT('',(49.5,369.35929214352,5.749999999996));
#2569 = VECTOR('',#2570,1.);
#2570 = DIRECTION('',(-1.,3.108532283331E-16,-6.64265828938E-16));
#2571 = PCURVE('',#2572,#2577);
#2572 = CYLINDRICAL_SURFACE('',#2573,1.6);
#2573 = AXIS2_PLACEMENT_3D('',#2574,#2575,#2576);
#2574 = CARTESIAN_POINT('',(49.5,370.95929214352,5.749999999996));
#2575 = DIRECTION('',(-1.,3.108532283331E-16,-6.64265828938E-16));
#2576 = DIRECTION('',(-3.108532283332E-16,-1.,6.786238238021E-15));
#2577 = DEFINITIONAL_REPRESENTATION('',(#2578),#2582);
#2578 = LINE('',#2579,#2580);
#2579 = CARTESIAN_POINT('',(6.28318530718,0.));
#2580 = VECTOR('',#2581,1.);
#2581 = DIRECTION('',(0.,1.));
#2582 = ( GEOMETRIC_REPRESENTATION_CONTEXT(2) 
PARAMETRIC_REPRESENTATION_CONTEXT() REPRESENTATION_CONTEXT('2D SPACE',''
  ) );
#2583 = PCURVE('',#2584,#2589);
#2584 = CYLINDRICAL_SURFACE('',#2585,1.6);
#2585 = AXIS2_PLACEMENT_3D('',#2586,#2587,#2588);
#2586 = CARTESIAN_POINT('',(49.5,370.95929214352,5.749999999996));
#2587 = DIRECTION('',(-1.,3.108532283331E-16,-6.64265828938E-16));
#2588 = DIRECTION('',(-3.108532283332E-16,-1.,6.786238238021E-15));
#2589 = DEFINITIONAL_REPRESENTATION('',(#2590),#2594);
#2590 = LINE('',#2591,#2592);
#2591 = CARTESIAN_POINT('',(0.,0.));
#2592 = VECTOR('',#2593,1.);
#2593 = DIRECTION('',(0.,1.));
#2594 = ( GEOMETRIC_REPRESENTATION_CONTEXT(2) 
PARAMETRIC_REPRESENTATION_CONTEXT() REPRESENTATION_CONTEXT('2D SPACE',''
  ) );
#2595 = ORIENTED_EDGE('',*,*,#2596,.F.);
#2596 = EDGE_CURVE('',#2597,#2564,#2599,.T.);
#2597 = VERTEX_POINT('',#2598);
#2598 = CARTESIAN_POINT('',(43.5,372.55929214352,5.749999999996));
#2599 = SURFACE_CURVE('',#2600,(#2605,#2612),.PCURVE_S1.);
#2600 = CIRCLE('',#2601,1.6);
#2601 = AXIS2_PLACEMENT_3D('',#2602,#2603,#2604);
#2602 = CARTESIAN_POINT('',(43.5,370.95929214352,5.749999999996));
#2603 = DIRECTION('',(-1.,3.108532283331E-16,-6.64265828938E-16));
#2604 = DIRECTION('',(-3.108532283332E-16,-1.,6.786238238021E-15));
#2605 = PCURVE('',#2572,#2606);
#2606 = DEFINITIONAL_REPRESENTATION('',(#2607),#2611);
#2607 = LINE('',#2608,#2609);
#2608 = CARTESIAN_POINT('',(0.,6.));
#2609 = VECTOR('',#2610,1.);
#2610 = DIRECTION('',(1.,0.));
#2611 = ( GEOMETRIC_REPRESENTATION_CONTEXT(2) 
PARAMETRIC_REPRESENTATION_CONTEXT() REPRESENTATION_CONTEXT('2D SPACE',''
  ) );
#2612 = PCURVE('',#1949,#2613);
#2613 = DEFINITIONAL_REPRESENTATION('',(#2614),#2618);
#2614 = CIRCLE('',#2615,1.6);
#2615 = AXIS2_PLACEMENT_2D('',#2616,#2617);
#2616 = CARTESIAN_POINT('',(-9.959292143521,5.75));
#2617 = DIRECTION('',(1.,0.));
#2618 = ( GEOMETRIC_REPRESENTATION_CONTEXT(2) 
PARAMETRIC_REPRESENTATION_CONTEXT() REPRESENTATION_CONTEXT('2D SPACE',''
  ) );
#2619 = ORIENTED_EDGE('',*,*,#2620,.F.);
#2620 = EDGE_CURVE('',#2621,#2597,#2623,.T.);
#2621 = VERTEX_POINT('',#2622);
#2622 = CARTESIAN_POINT('',(48.3,372.55929214352,5.749999999996));
#2623 = SURFACE_CURVE('',#2624,(#2628,#2635),.PCURVE_S1.);
#2624 = LINE('',#2625,#2626);
#2625 = CARTESIAN_POINT('',(49.5,372.55929214352,5.749999999996));
#2626 = VECTOR('',#2627,1.);
#2627 = DIRECTION('',(-1.,3.108532283331E-16,-6.64265828938E-16));
#2628 = PCURVE('',#2572,#2629);
#2629 = DEFINITIONAL_REPRESENTATION('',(#2630),#2634);
#2630 = LINE('',#2631,#2632);
#2631 = CARTESIAN_POINT('',(3.14159265359,0.));
#2632 = VECTOR('',#2633,1.);
#2633 = DIRECTION('',(0.,1.));
#2634 = ( GEOMETRIC_REPRESENTATION_CONTEXT(2) 
PARAMETRIC_REPRESENTATION_CONTEXT() REPRESENTATION_CONTEXT('2D SPACE',''
  ) );
#2635 = PCURVE('',#2584,#2636);
#2636 = DEFINITIONAL_REPRESENTATION('',(#2637),#2641);
#2637 = LINE('',#2638,#2639);
#2638 = CARTESIAN_POINT('',(3.14159265359,0.));
#2639 = VECTOR('',#2640,1.);
#2640 = DIRECTION('',(0.,1.));
#2641 = ( GEOMETRIC_REPRESENTATION_CONTEXT(2) 
PARAMETRIC_REPRESENTATION_CONTEXT() REPRESENTATION_CONTEXT('2D SPACE',''
  ) );
#2642 = ORIENTED_EDGE('',*,*,#2643,.T.);
#2643 = EDGE_CURVE('',#2621,#2562,#2644,.T.);
#2644 = SURFACE_CURVE('',#2645,(#2650,#2657),.PCURVE_S1.);
#2645 = CIRCLE('',#2646,1.6);
#2646 = AXIS2_PLACEMENT_3D('',#2647,#2648,#2649);
#2647 = CARTESIAN_POINT('',(48.3,370.95929214352,5.749999999996));
#2648 = DIRECTION('',(-1.,3.108532283331E-16,-6.64265828938E-16));
#2649 = DIRECTION('',(3.108532283332E-16,1.,-6.786238238021E-15));
#2650 = PCURVE('',#2572,#2651);
#2651 = DEFINITIONAL_REPRESENTATION('',(#2652),#2656);
#2652 = LINE('',#2653,#2654);
#2653 = CARTESIAN_POINT('',(3.14159265359,1.2));
#2654 = VECTOR('',#2655,1.);
#2655 = DIRECTION('',(1.,0.));
#2656 = ( GEOMETRIC_REPRESENTATION_CONTEXT(2) 
PARAMETRIC_REPRESENTATION_CONTEXT() REPRESENTATION_CONTEXT('2D SPACE',''
  ) );
#2657 = PCURVE('',#829,#2658);
#2658 = DEFINITIONAL_REPRESENTATION('',(#2659),#2667);
#2659 = ( BOUNDED_CURVE() B_SPLINE_CURVE(2,(#2660,#2661,#2662,#2663,
#2664,#2665,#2666),.UNSPECIFIED.,.T.,.F.) B_SPLINE_CURVE_WITH_KNOTS((1,2
    ,2,2,2,1),(-2.094395102393,0.,2.094395102393,4.188790204786,
6.28318530718,8.377580409573),.UNSPECIFIED.) CURVE() 
GEOMETRIC_REPRESENTATION_ITEM() RATIONAL_B_SPLINE_CURVE((1.,0.5,1.,0.5,
1.,0.5,1.)) REPRESENTATION_ITEM('') );
#2660 = CARTESIAN_POINT('',(1.6,0.));
#2661 = CARTESIAN_POINT('',(1.6,-2.77128129211));
#2662 = CARTESIAN_POINT('',(-0.8,-1.385640646055));
#2663 = CARTESIAN_POINT('',(-3.2,-3.918869757272E-16));
#2664 = CARTESIAN_POINT('',(-0.8,1.385640646055));
#2665 = CARTESIAN_POINT('',(1.6,2.77128129211));
#2666 = CARTESIAN_POINT('',(1.6,0.));
#2667 = ( GEOMETRIC_REPRESENTATION_CONTEXT(2) 
PARAMETRIC_REPRESENTATION_CONTEXT() REPRESENTATION_CONTEXT('2D SPACE',''
  ) );
#2668 = ADVANCED_FACE('',(#2669),#2683,.F.);
#2669 = FACE_BOUND('',#2670,.F.);
#2670 = EDGE_LOOP('',(#2671,#2706,#2730,#2753));
#2671 = ORIENTED_EDGE('',*,*,#2672,.T.);
#2672 = EDGE_CURVE('',#2673,#2675,#2677,.T.);
#2673 = VERTEX_POINT('',#2674);
#2674 = CARTESIAN_POINT('',(48.3,359.4,-11.5));
#2675 = VERTEX_POINT('',#2676);
#2676 = CARTESIAN_POINT('',(43.5,359.4,-11.5));
#2677 = SURFACE_CURVE('',#2678,(#2682,#2694),.PCURVE_S1.);
#2678 = LINE('',#2679,#2680);
#2679 = CARTESIAN_POINT('',(49.5,359.4,-11.5));
#2680 = VECTOR('',#2681,1.);
#2681 = DIRECTION('',(-1.,3.108532283331E-16,-6.64265828938E-16));
#2682 = PCURVE('',#2683,#2688);
#2683 = CYLINDRICAL_SURFACE('',#2684,1.6);
#2684 = AXIS2_PLACEMENT_3D('',#2685,#2686,#2687);
#2685 = CARTESIAN_POINT('',(49.5,361.,-11.5));
#2686 = DIRECTION('',(-1.,3.108532283331E-16,-6.64265828938E-16));
#2687 = DIRECTION('',(-3.108532283332E-16,-1.,6.786238238021E-15));
#2688 = DEFINITIONAL_REPRESENTATION('',(#2689),#2693);
#2689 = LINE('',#2690,#2691);
#2690 = CARTESIAN_POINT('',(6.28318530718,0.));
#2691 = VECTOR('',#2692,1.);
#2692 = DIRECTION('',(0.,1.));
#2693 = ( GEOMETRIC_REPRESENTATION_CONTEXT(2) 
PARAMETRIC_REPRESENTATION_CONTEXT() REPRESENTATION_CONTEXT('2D SPACE',''
  ) );
#2694 = PCURVE('',#2695,#2700);
#2695 = CYLINDRICAL_SURFACE('',#2696,1.6);
#2696 = AXIS2_PLACEMENT_3D('',#2697,#2698,#2699);
#2697 = CARTESIAN_POINT('',(49.5,361.,-11.5));
#2698 = DIRECTION('',(-1.,3.108532283331E-16,-6.64265828938E-16));
#2699 = DIRECTION('',(-3.108532283332E-16,-1.,6.786238238021E-15));
#2700 = DEFINITIONAL_REPRESENTATION('',(#2701),#2705);
#2701 = LINE('',#2702,#2703);
#2702 = CARTESIAN_POINT('',(0.,0.));
#2703 = VECTOR('',#2704,1.);
#2704 = DIRECTION('',(0.,1.));
#2705 = ( GEOMETRIC_REPRESENTATION_CONTEXT(2) 
PARAMETRIC_REPRESENTATION_CONTEXT() REPRESENTATION_CONTEXT('2D SPACE',''
  ) );
#2706 = ORIENTED_EDGE('',*,*,#2707,.F.);
#2707 = EDGE_CURVE('',#2708,#2675,#2710,.T.);
#2708 = VERTEX_POINT('',#2709);
#2709 = CARTESIAN_POINT('',(43.5,362.6,-11.5));
#2710 = SURFACE_CURVE('',#2711,(#2716,#2723),.PCURVE_S1.);
#2711 = CIRCLE('',#2712,1.6);
#2712 = AXIS2_PLACEMENT_3D('',#2713,#2714,#2715);
#2713 = CARTESIAN_POINT('',(43.5,361.,-11.5));
#2714 = DIRECTION('',(-1.,3.108532283331E-16,-6.64265828938E-16));
#2715 = DIRECTION('',(-3.108532283332E-16,-1.,6.786238238021E-15));
#2716 = PCURVE('',#2683,#2717);
#2717 = DEFINITIONAL_REPRESENTATION('',(#2718),#2722);
#2718 = LINE('',#2719,#2720);
#2719 = CARTESIAN_POINT('',(0.,6.));
#2720 = VECTOR('',#2721,1.);
#2721 = DIRECTION('',(1.,0.));
#2722 = ( GEOMETRIC_REPRESENTATION_CONTEXT(2) 
PARAMETRIC_REPRESENTATION_CONTEXT() REPRESENTATION_CONTEXT('2D SPACE',''
  ) );
#2723 = PCURVE('',#1949,#2724);
#2724 = DEFINITIONAL_REPRESENTATION('',(#2725),#2729);
#2725 = CIRCLE('',#2726,1.6);
#2726 = AXIS2_PLACEMENT_2D('',#2727,#2728);
#2727 = CARTESIAN_POINT('',(3.382710778155E-14,-11.5));
#2728 = DIRECTION('',(1.,0.));
#2729 = ( GEOMETRIC_REPRESENTATION_CONTEXT(2) 
PARAMETRIC_REPRESENTATION_CONTEXT() REPRESENTATION_CONTEXT('2D SPACE',''
  ) );
#2730 = ORIENTED_EDGE('',*,*,#2731,.F.);
#2731 = EDGE_CURVE('',#2732,#2708,#2734,.T.);
#2732 = VERTEX_POINT('',#2733);
#2733 = CARTESIAN_POINT('',(48.3,362.6,-11.5));
#2734 = SURFACE_CURVE('',#2735,(#2739,#2746),.PCURVE_S1.);
#2735 = LINE('',#2736,#2737);
#2736 = CARTESIAN_POINT('',(49.5,362.6,-11.5));
#2737 = VECTOR('',#2738,1.);
#2738 = DIRECTION('',(-1.,3.108532283331E-16,-6.64265828938E-16));
#2739 = PCURVE('',#2683,#2740);
#2740 = DEFINITIONAL_REPRESENTATION('',(#2741),#2745);
#2741 = LINE('',#2742,#2743);
#2742 = CARTESIAN_POINT('',(3.14159265359,0.));
#2743 = VECTOR('',#2744,1.);
#2744 = DIRECTION('',(0.,1.));
#2745 = ( GEOMETRIC_REPRESENTATION_CONTEXT(2) 
PARAMETRIC_REPRESENTATION_CONTEXT() REPRESENTATION_CONTEXT('2D SPACE',''
  ) );
#2746 = PCURVE('',#2695,#2747);
#2747 = DEFINITIONAL_REPRESENTATION('',(#2748),#2752);
#2748 = LINE('',#2749,#2750);
#2749 = CARTESIAN_POINT('',(3.14159265359,0.));
#2750 = VECTOR('',#2751,1.);
#2751 = DIRECTION('',(0.,1.));
#2752 = ( GEOMETRIC_REPRESENTATION_CONTEXT(2) 
PARAMETRIC_REPRESENTATION_CONTEXT() REPRESENTATION_CONTEXT('2D SPACE',''
  ) );
#2753 = ORIENTED_EDGE('',*,*,#2754,.T.);
#2754 = EDGE_CURVE('',#2732,#2673,#2755,.T.);
#2755 = SURFACE_CURVE('',#2756,(#2761,#2768),.PCURVE_S1.);
#2756 = CIRCLE('',#2757,1.6);
#2757 = AXIS2_PLACEMENT_3D('',#2758,#2759,#2760);
#2758 = CARTESIAN_POINT('',(48.3,361.,-11.5));
#2759 = DIRECTION('',(-1.,3.108532283331E-16,-6.64265828938E-16));
#2760 = DIRECTION('',(3.108532283332E-16,1.,-6.786238238021E-15));
#2761 = PCURVE('',#2683,#2762);
#2762 = DEFINITIONAL_REPRESENTATION('',(#2763),#2767);
#2763 = LINE('',#2764,#2765);
#2764 = CARTESIAN_POINT('',(3.14159265359,1.2));
#2765 = VECTOR('',#2766,1.);
#2766 = DIRECTION('',(1.,0.));
#2767 = ( GEOMETRIC_REPRESENTATION_CONTEXT(2) 
PARAMETRIC_REPRESENTATION_CONTEXT() REPRESENTATION_CONTEXT('2D SPACE',''
  ) );
#2768 = PCURVE('',#713,#2769);
#2769 = DEFINITIONAL_REPRESENTATION('',(#2770),#2778);
#2770 = ( BOUNDED_CURVE() B_SPLINE_CURVE(2,(#2771,#2772,#2773,#2774,
#2775,#2776,#2777),.UNSPECIFIED.,.T.,.F.) B_SPLINE_CURVE_WITH_KNOTS((1,2
    ,2,2,2,1),(-2.094395102393,0.,2.094395102393,4.188790204786,
6.28318530718,8.377580409573),.UNSPECIFIED.) CURVE() 
GEOMETRIC_REPRESENTATION_ITEM() RATIONAL_B_SPLINE_CURVE((1.,0.5,1.,0.5,
1.,0.5,1.)) REPRESENTATION_ITEM('') );
#2771 = CARTESIAN_POINT('',(1.6,0.));
#2772 = CARTESIAN_POINT('',(1.6,-2.77128129211));
#2773 = CARTESIAN_POINT('',(-0.8,-1.385640646055));
#2774 = CARTESIAN_POINT('',(-3.2,-3.918869757272E-16));
#2775 = CARTESIAN_POINT('',(-0.8,1.385640646055));
#2776 = CARTESIAN_POINT('',(1.6,2.77128129211));
#2777 = CARTESIAN_POINT('',(1.6,0.));
#2778 = ( GEOMETRIC_REPRESENTATION_CONTEXT(2) 
PARAMETRIC_REPRESENTATION_CONTEXT() REPRESENTATION_CONTEXT('2D SPACE',''
  ) );
#2779 = ADVANCED_FACE('',(#2780),#2794,.F.);
#2780 = FACE_BOUND('',#2781,.F.);
#2781 = EDGE_LOOP('',(#2782,#2817,#2841,#2864));
#2782 = ORIENTED_EDGE('',*,*,#2783,.T.);
#2783 = EDGE_CURVE('',#2784,#2786,#2788,.T.);
#2784 = VERTEX_POINT('',#2785);
#2785 = CARTESIAN_POINT('',(48.3,349.44070785647,5.749999999996));
#2786 = VERTEX_POINT('',#2787);
#2787 = CARTESIAN_POINT('',(43.5,349.44070785647,5.749999999996));
#2788 = SURFACE_CURVE('',#2789,(#2793,#2805),.PCURVE_S1.);
#2789 = LINE('',#2790,#2791);
#2790 = CARTESIAN_POINT('',(49.5,349.44070785647,5.749999999996));
#2791 = VECTOR('',#2792,1.);
#2792 = DIRECTION('',(-1.,3.108532283331E-16,-6.64265828938E-16));
#2793 = PCURVE('',#2794,#2799);
#2794 = CYLINDRICAL_SURFACE('',#2795,1.6);
#2795 = AXIS2_PLACEMENT_3D('',#2796,#2797,#2798);
#2796 = CARTESIAN_POINT('',(49.5,351.04070785647,5.749999999996));
#2797 = DIRECTION('',(-1.,3.108532283331E-16,-6.64265828938E-16));
#2798 = DIRECTION('',(-3.108532283332E-16,-1.,6.786238238021E-15));
#2799 = DEFINITIONAL_REPRESENTATION('',(#2800),#2804);
#2800 = LINE('',#2801,#2802);
#2801 = CARTESIAN_POINT('',(6.28318530718,0.));
#2802 = VECTOR('',#2803,1.);
#2803 = DIRECTION('',(0.,1.));
#2804 = ( GEOMETRIC_REPRESENTATION_CONTEXT(2) 
PARAMETRIC_REPRESENTATION_CONTEXT() REPRESENTATION_CONTEXT('2D SPACE',''
  ) );
#2805 = PCURVE('',#2806,#2811);
#2806 = CYLINDRICAL_SURFACE('',#2807,1.6);
#2807 = AXIS2_PLACEMENT_3D('',#2808,#2809,#2810);
#2808 = CARTESIAN_POINT('',(49.5,351.04070785647,5.749999999996));
#2809 = DIRECTION('',(-1.,3.108532283331E-16,-6.64265828938E-16));
#2810 = DIRECTION('',(-3.108532283332E-16,-1.,6.786238238021E-15));
#2811 = DEFINITIONAL_REPRESENTATION('',(#2812),#2816);
#2812 = LINE('',#2813,#2814);
#2813 = CARTESIAN_POINT('',(0.,0.));
#2814 = VECTOR('',#2815,1.);
#2815 = DIRECTION('',(0.,1.));
#2816 = ( GEOMETRIC_REPRESENTATION_CONTEXT(2) 
PARAMETRIC_REPRESENTATION_CONTEXT() REPRESENTATION_CONTEXT('2D SPACE',''
  ) );
#2817 = ORIENTED_EDGE('',*,*,#2818,.F.);
#2818 = EDGE_CURVE('',#2819,#2786,#2821,.T.);
#2819 = VERTEX_POINT('',#2820);
#2820 = CARTESIAN_POINT('',(43.5,352.64070785647,5.749999999996));
#2821 = SURFACE_CURVE('',#2822,(#2827,#2834),.PCURVE_S1.);
#2822 = CIRCLE('',#2823,1.6);
#2823 = AXIS2_PLACEMENT_3D('',#2824,#2825,#2826);
#2824 = CARTESIAN_POINT('',(43.5,351.04070785647,5.749999999996));
#2825 = DIRECTION('',(-1.,3.108532283331E-16,-6.64265828938E-16));
#2826 = DIRECTION('',(-3.108532283332E-16,-1.,6.786238238021E-15));
#2827 = PCURVE('',#2794,#2828);
#2828 = DEFINITIONAL_REPRESENTATION('',(#2829),#2833);
#2829 = LINE('',#2830,#2831);
#2830 = CARTESIAN_POINT('',(0.,6.));
#2831 = VECTOR('',#2832,1.);
#2832 = DIRECTION('',(1.,0.));
#2833 = ( GEOMETRIC_REPRESENTATION_CONTEXT(2) 
PARAMETRIC_REPRESENTATION_CONTEXT() REPRESENTATION_CONTEXT('2D SPACE',''
  ) );
#2834 = PCURVE('',#1949,#2835);
#2835 = DEFINITIONAL_REPRESENTATION('',(#2836),#2840);
#2836 = CIRCLE('',#2837,1.6);
#2837 = AXIS2_PLACEMENT_2D('',#2838,#2839);
#2838 = CARTESIAN_POINT('',(9.959292143521,5.75));
#2839 = DIRECTION('',(1.,0.));
#2840 = ( GEOMETRIC_REPRESENTATION_CONTEXT(2) 
PARAMETRIC_REPRESENTATION_CONTEXT() REPRESENTATION_CONTEXT('2D SPACE',''
  ) );
#2841 = ORIENTED_EDGE('',*,*,#2842,.F.);
#2842 = EDGE_CURVE('',#2843,#2819,#2845,.T.);
#2843 = VERTEX_POINT('',#2844);
#2844 = CARTESIAN_POINT('',(48.3,352.64070785647,5.749999999996));
#2845 = SURFACE_CURVE('',#2846,(#2850,#2857),.PCURVE_S1.);
#2846 = LINE('',#2847,#2848);
#2847 = CARTESIAN_POINT('',(49.5,352.64070785647,5.749999999996));
#2848 = VECTOR('',#2849,1.);
#2849 = DIRECTION('',(-1.,3.108532283331E-16,-6.64265828938E-16));
#2850 = PCURVE('',#2794,#2851);
#2851 = DEFINITIONAL_REPRESENTATION('',(#2852),#2856);
#2852 = LINE('',#2853,#2854);
#2853 = CARTESIAN_POINT('',(3.14159265359,0.));
#2854 = VECTOR('',#2855,1.);
#2855 = DIRECTION('',(0.,1.));
#2856 = ( GEOMETRIC_REPRESENTATION_CONTEXT(2) 
PARAMETRIC_REPRESENTATION_CONTEXT() REPRESENTATION_CONTEXT('2D SPACE',''
  ) );
#2857 = PCURVE('',#2806,#2858);
#2858 = DEFINITIONAL_REPRESENTATION('',(#2859),#2863);
#2859 = LINE('',#2860,#2861);
#2860 = CARTESIAN_POINT('',(3.14159265359,0.));
#2861 = VECTOR('',#2862,1.);
#2862 = DIRECTION('',(0.,1.));
#2863 = ( GEOMETRIC_REPRESENTATION_CONTEXT(2) 
PARAMETRIC_REPRESENTATION_CONTEXT() REPRESENTATION_CONTEXT('2D SPACE',''
  ) );
#2864 = ORIENTED_EDGE('',*,*,#2865,.T.);
#2865 = EDGE_CURVE('',#2843,#2784,#2866,.T.);
#2866 = SURFACE_CURVE('',#2867,(#2872,#2879),.PCURVE_S1.);
#2867 = CIRCLE('',#2868,1.6);
#2868 = AXIS2_PLACEMENT_3D('',#2869,#2870,#2871);
#2869 = CARTESIAN_POINT('',(48.3,351.04070785647,5.749999999996));
#2870 = DIRECTION('',(-1.,3.108532283331E-16,-6.64265828938E-16));
#2871 = DIRECTION('',(3.108532283332E-16,1.,-6.786238238021E-15));
#2872 = PCURVE('',#2794,#2873);
#2873 = DEFINITIONAL_REPRESENTATION('',(#2874),#2878);
#2874 = LINE('',#2875,#2876);
#2875 = CARTESIAN_POINT('',(3.14159265359,1.2));
#2876 = VECTOR('',#2877,1.);
#2877 = DIRECTION('',(1.,0.));
#2878 = ( GEOMETRIC_REPRESENTATION_CONTEXT(2) 
PARAMETRIC_REPRESENTATION_CONTEXT() REPRESENTATION_CONTEXT('2D SPACE',''
  ) );
#2879 = PCURVE('',#597,#2880);
#2880 = DEFINITIONAL_REPRESENTATION('',(#2881),#2889);
#2881 = ( BOUNDED_CURVE() B_SPLINE_CURVE(2,(#2882,#2883,#2884,#2885,
#2886,#2887,#2888),.UNSPECIFIED.,.T.,.F.) B_SPLINE_CURVE_WITH_KNOTS((1,2
    ,2,2,2,1),(-2.094395102393,0.,2.094395102393,4.188790204786,
6.28318530718,8.377580409573),.UNSPECIFIED.) CURVE() 
GEOMETRIC_REPRESENTATION_ITEM() RATIONAL_B_SPLINE_CURVE((1.,0.5,1.,0.5,
1.,0.5,1.)) REPRESENTATION_ITEM('') );
#2882 = CARTESIAN_POINT('',(1.6,0.));
#2883 = CARTESIAN_POINT('',(1.6,-2.77128129211));
#2884 = CARTESIAN_POINT('',(-0.8,-1.385640646055));
#2885 = CARTESIAN_POINT('',(-3.2,-3.918869757272E-16));
#2886 = CARTESIAN_POINT('',(-0.8,1.385640646055));
#2887 = CARTESIAN_POINT('',(1.6,2.77128129211));
#2888 = CARTESIAN_POINT('',(1.6,0.));
#2889 = ( GEOMETRIC_REPRESENTATION_CONTEXT(2) 
PARAMETRIC_REPRESENTATION_CONTEXT() REPRESENTATION_CONTEXT('2D SPACE',''
  ) );
#2890 = ADVANCED_FACE('',(#2891),#2905,.F.);
#2891 = FACE_BOUND('',#2892,.F.);
#2892 = EDGE_LOOP('',(#2893,#2928,#2952,#2975));
#2893 = ORIENTED_EDGE('',*,*,#2894,.T.);
#2894 = EDGE_CURVE('',#2895,#2897,#2899,.T.);
#2895 = VERTEX_POINT('',#2896);
#2896 = CARTESIAN_POINT('',(48.3,359.4,10.499999999996));
#2897 = VERTEX_POINT('',#2898);
#2898 = CARTESIAN_POINT('',(43.5,359.4,10.499999999996));
#2899 = SURFACE_CURVE('',#2900,(#2904,#2916),.PCURVE_S1.);
#2900 = LINE('',#2901,#2902);
#2901 = CARTESIAN_POINT('',(49.5,359.4,10.499999999996));
#2902 = VECTOR('',#2903,1.);
#2903 = DIRECTION('',(-1.,3.108532283331E-16,-6.64265828938E-16));
#2904 = PCURVE('',#2905,#2910);
#2905 = CYLINDRICAL_SURFACE('',#2906,1.6);
#2906 = AXIS2_PLACEMENT_3D('',#2907,#2908,#2909);
#2907 = CARTESIAN_POINT('',(49.5,361.,10.499999999996));
#2908 = DIRECTION('',(-1.,3.108532283331E-16,-6.64265828938E-16));
#2909 = DIRECTION('',(-3.108532283332E-16,-1.,6.786238238021E-15));
#2910 = DEFINITIONAL_REPRESENTATION('',(#2911),#2915);
#2911 = LINE('',#2912,#2913);
#2912 = CARTESIAN_POINT('',(6.28318530718,0.));
#2913 = VECTOR('',#2914,1.);
#2914 = DIRECTION('',(0.,1.));
#2915 = ( GEOMETRIC_REPRESENTATION_CONTEXT(2) 
PARAMETRIC_REPRESENTATION_CONTEXT() REPRESENTATION_CONTEXT('2D SPACE',''
  ) );
#2916 = PCURVE('',#2917,#2922);
#2917 = CYLINDRICAL_SURFACE('',#2918,1.6);
#2918 = AXIS2_PLACEMENT_3D('',#2919,#2920,#2921);
#2919 = CARTESIAN_POINT('',(49.5,361.,10.499999999996));
#2920 = DIRECTION('',(-1.,3.108532283331E-16,-6.64265828938E-16));
#2921 = DIRECTION('',(-3.108532283332E-16,-1.,6.786238238021E-15));
#2922 = DEFINITIONAL_REPRESENTATION('',(#2923),#2927);
#2923 = LINE('',#2924,#2925);
#2924 = CARTESIAN_POINT('',(0.,0.));
#2925 = VECTOR('',#2926,1.);
#2926 = DIRECTION('',(0.,1.));
#2927 = ( GEOMETRIC_REPRESENTATION_CONTEXT(2) 
PARAMETRIC_REPRESENTATION_CONTEXT() REPRESENTATION_CONTEXT('2D SPACE',''
  ) );
#2928 = ORIENTED_EDGE('',*,*,#2929,.F.);
#2929 = EDGE_CURVE('',#2930,#2897,#2932,.T.);
#2930 = VERTEX_POINT('',#2931);
#2931 = CARTESIAN_POINT('',(43.5,362.6,10.499999999996));
#2932 = SURFACE_CURVE('',#2933,(#2938,#2945),.PCURVE_S1.);
#2933 = CIRCLE('',#2934,1.6);
#2934 = AXIS2_PLACEMENT_3D('',#2935,#2936,#2937);
#2935 = CARTESIAN_POINT('',(43.5,361.,10.499999999996));
#2936 = DIRECTION('',(-1.,3.108532283331E-16,-6.64265828938E-16));
#2937 = DIRECTION('',(-3.108532283332E-16,-1.,6.786238238021E-15));
#2938 = PCURVE('',#2905,#2939);
#2939 = DEFINITIONAL_REPRESENTATION('',(#2940),#2944);
#2940 = LINE('',#2941,#2942);
#2941 = CARTESIAN_POINT('',(0.,6.));
#2942 = VECTOR('',#2943,1.);
#2943 = DIRECTION('',(1.,0.));
#2944 = ( GEOMETRIC_REPRESENTATION_CONTEXT(2) 
PARAMETRIC_REPRESENTATION_CONTEXT() REPRESENTATION_CONTEXT('2D SPACE',''
  ) );
#2945 = PCURVE('',#1949,#2946);
#2946 = DEFINITIONAL_REPRESENTATION('',(#2947),#2951);
#2947 = CIRCLE('',#2948,1.6);
#2948 = AXIS2_PLACEMENT_2D('',#2949,#2950);
#2949 = CARTESIAN_POINT('',(0.,10.5));
#2950 = DIRECTION('',(1.,0.));
#2951 = ( GEOMETRIC_REPRESENTATION_CONTEXT(2) 
PARAMETRIC_REPRESENTATION_CONTEXT() REPRESENTATION_CONTEXT('2D SPACE',''
  ) );
#2952 = ORIENTED_EDGE('',*,*,#2953,.F.);
#2953 = EDGE_CURVE('',#2954,#2930,#2956,.T.);
#2954 = VERTEX_POINT('',#2955);
#2955 = CARTESIAN_POINT('',(48.3,362.6,10.499999999996));
#2956 = SURFACE_CURVE('',#2957,(#2961,#2968),.PCURVE_S1.);
#2957 = LINE('',#2958,#2959);
#2958 = CARTESIAN_POINT('',(49.5,362.6,10.499999999996));
#2959 = VECTOR('',#2960,1.);
#2960 = DIRECTION('',(-1.,3.108532283331E-16,-6.64265828938E-16));
#2961 = PCURVE('',#2905,#2962);
#2962 = DEFINITIONAL_REPRESENTATION('',(#2963),#2967);
#2963 = LINE('',#2964,#2965);
#2964 = CARTESIAN_POINT('',(3.14159265359,0.));
#2965 = VECTOR('',#2966,1.);
#2966 = DIRECTION('',(0.,1.));
#2967 = ( GEOMETRIC_REPRESENTATION_CONTEXT(2) 
PARAMETRIC_REPRESENTATION_CONTEXT() REPRESENTATION_CONTEXT('2D SPACE',''
  ) );
#2968 = PCURVE('',#2917,#2969);
#2969 = DEFINITIONAL_REPRESENTATION('',(#2970),#2974);
#2970 = LINE('',#2971,#2972);
#2971 = CARTESIAN_POINT('',(3.14159265359,0.));
#2972 = VECTOR('',#2973,1.);
#2973 = DIRECTION('',(0.,1.));
#2974 = ( GEOMETRIC_REPRESENTATION_CONTEXT(2) 
PARAMETRIC_REPRESENTATION_CONTEXT() REPRESENTATION_CONTEXT('2D SPACE',''
  ) );
#2975 = ORIENTED_EDGE('',*,*,#2976,.T.);
#2976 = EDGE_CURVE('',#2954,#2895,#2977,.T.);
#2977 = SURFACE_CURVE('',#2978,(#2983,#2990),.PCURVE_S1.);
#2978 = CIRCLE('',#2979,1.6);
#2979 = AXIS2_PLACEMENT_3D('',#2980,#2981,#2982);
#2980 = CARTESIAN_POINT('',(48.3,361.,10.499999999996));
#2981 = DIRECTION('',(-1.,3.108532283331E-16,-6.64265828938E-16));
#2982 = DIRECTION('',(3.108532283332E-16,1.,-6.786238238021E-15));
#2983 = PCURVE('',#2905,#2984);
#2984 = DEFINITIONAL_REPRESENTATION('',(#2985),#2989);
#2985 = LINE('',#2986,#2987);
#2986 = CARTESIAN_POINT('',(3.14159265359,1.2));
#2987 = VECTOR('',#2988,1.);
#2988 = DIRECTION('',(1.,0.));
#2989 = ( GEOMETRIC_REPRESENTATION_CONTEXT(2) 
PARAMETRIC_REPRESENTATION_CONTEXT() REPRESENTATION_CONTEXT('2D SPACE',''
  ) );
#2990 = PCURVE('',#481,#2991);
#2991 = DEFINITIONAL_REPRESENTATION('',(#2992),#3000);
#2992 = ( BOUNDED_CURVE() B_SPLINE_CURVE(2,(#2993,#2994,#2995,#2996,
#2997,#2998,#2999),.UNSPECIFIED.,.T.,.F.) B_SPLINE_CURVE_WITH_KNOTS((1,2
    ,2,2,2,1),(-2.094395102393,0.,2.094395102393,4.188790204786,
6.28318530718,8.377580409573),.UNSPECIFIED.) CURVE() 
GEOMETRIC_REPRESENTATION_ITEM() RATIONAL_B_SPLINE_CURVE((1.,0.5,1.,0.5,
1.,0.5,1.)) REPRESENTATION_ITEM('') );
#2993 = CARTESIAN_POINT('',(1.6,0.));
#2994 = CARTESIAN_POINT('',(1.6,-2.77128129211));
#2995 = CARTESIAN_POINT('',(-0.8,-1.385640646055));
#2996 = CARTESIAN_POINT('',(-3.2,-3.918869757272E-16));
#2997 = CARTESIAN_POINT('',(-0.8,1.385640646055));
#2998 = CARTESIAN_POINT('',(1.6,2.77128129211));
#2999 = CARTESIAN_POINT('',(1.6,0.));
#3000 = ( GEOMETRIC_REPRESENTATION_CONTEXT(2) 
PARAMETRIC_REPRESENTATION_CONTEXT() REPRESENTATION_CONTEXT('2D SPACE',''
  ) );
#3001 = ADVANCED_FACE('',(#3002),#3016,.F.);
#3002 = FACE_BOUND('',#3003,.F.);
#3003 = EDGE_LOOP('',(#3004,#3039,#3063,#3086));
#3004 = ORIENTED_EDGE('',*,*,#3005,.T.);
#3005 = EDGE_CURVE('',#3006,#3008,#3010,.T.);
#3006 = VERTEX_POINT('',#3007);
#3007 = CARTESIAN_POINT('',(48.3,350.30673326026,-5.250000000004));
#3008 = VERTEX_POINT('',#3009);
#3009 = CARTESIAN_POINT('',(43.5,350.30673326026,-5.250000000004));
#3010 = SURFACE_CURVE('',#3011,(#3015,#3027),.PCURVE_S1.);
#3011 = LINE('',#3012,#3013);
#3012 = CARTESIAN_POINT('',(49.5,350.30673326026,-5.250000000004));
#3013 = VECTOR('',#3014,1.);
#3014 = DIRECTION('',(-1.,3.108532283331E-16,-6.64265828938E-16));
#3015 = PCURVE('',#3016,#3021);
#3016 = CYLINDRICAL_SURFACE('',#3017,1.6);
#3017 = AXIS2_PLACEMENT_3D('',#3018,#3019,#3020);
#3018 = CARTESIAN_POINT('',(49.5,351.90673326026,-5.250000000004));
#3019 = DIRECTION('',(-1.,3.108532283331E-16,-6.64265828938E-16));
#3020 = DIRECTION('',(-3.108532283332E-16,-1.,6.786238238021E-15));
#3021 = DEFINITIONAL_REPRESENTATION('',(#3022),#3026);
#3022 = LINE('',#3023,#3024);
#3023 = CARTESIAN_POINT('',(6.28318530718,0.));
#3024 = VECTOR('',#3025,1.);
#3025 = DIRECTION('',(0.,1.));
#3026 = ( GEOMETRIC_REPRESENTATION_CONTEXT(2) 
PARAMETRIC_REPRESENTATION_CONTEXT() REPRESENTATION_CONTEXT('2D SPACE',''
  ) );
#3027 = PCURVE('',#3028,#3033);
#3028 = CYLINDRICAL_SURFACE('',#3029,1.6);
#3029 = AXIS2_PLACEMENT_3D('',#3030,#3031,#3032);
#3030 = CARTESIAN_POINT('',(49.5,351.90673326026,-5.250000000004));
#3031 = DIRECTION('',(-1.,3.108532283331E-16,-6.64265828938E-16));
#3032 = DIRECTION('',(-3.108532283332E-16,-1.,6.786238238021E-15));
#3033 = DEFINITIONAL_REPRESENTATION('',(#3034),#3038);
#3034 = LINE('',#3035,#3036);
#3035 = CARTESIAN_POINT('',(0.,0.));
#3036 = VECTOR('',#3037,1.);
#3037 = DIRECTION('',(0.,1.));
#3038 = ( GEOMETRIC_REPRESENTATION_CONTEXT(2) 
PARAMETRIC_REPRESENTATION_CONTEXT() REPRESENTATION_CONTEXT('2D SPACE',''
  ) );
#3039 = ORIENTED_EDGE('',*,*,#3040,.F.);
#3040 = EDGE_CURVE('',#3041,#3008,#3043,.T.);
#3041 = VERTEX_POINT('',#3042);
#3042 = CARTESIAN_POINT('',(43.5,353.50673326026,-5.250000000004));
#3043 = SURFACE_CURVE('',#3044,(#3049,#3056),.PCURVE_S1.);
#3044 = CIRCLE('',#3045,1.6);
#3045 = AXIS2_PLACEMENT_3D('',#3046,#3047,#3048);
#3046 = CARTESIAN_POINT('',(43.5,351.90673326026,-5.250000000004));
#3047 = DIRECTION('',(-1.,3.108532283331E-16,-6.64265828938E-16));
#3048 = DIRECTION('',(-3.108532283332E-16,-1.,6.786238238021E-15));
#3049 = PCURVE('',#3016,#3050);
#3050 = DEFINITIONAL_REPRESENTATION('',(#3051),#3055);
#3051 = LINE('',#3052,#3053);
#3052 = CARTESIAN_POINT('',(0.,6.));
#3053 = VECTOR('',#3054,1.);
#3054 = DIRECTION('',(1.,0.));
#3055 = ( GEOMETRIC_REPRESENTATION_CONTEXT(2) 
PARAMETRIC_REPRESENTATION_CONTEXT() REPRESENTATION_CONTEXT('2D SPACE',''
  ) );
#3056 = PCURVE('',#1949,#3057);
#3057 = DEFINITIONAL_REPRESENTATION('',(#3058),#3062);
#3058 = CIRCLE('',#3059,1.6);
#3059 = AXIS2_PLACEMENT_2D('',#3060,#3061);
#3060 = CARTESIAN_POINT('',(9.093266739737,-5.25));
#3061 = DIRECTION('',(1.,0.));
#3062 = ( GEOMETRIC_REPRESENTATION_CONTEXT(2) 
PARAMETRIC_REPRESENTATION_CONTEXT() REPRESENTATION_CONTEXT('2D SPACE',''
  ) );
#3063 = ORIENTED_EDGE('',*,*,#3064,.F.);
#3064 = EDGE_CURVE('',#3065,#3041,#3067,.T.);
#3065 = VERTEX_POINT('',#3066);
#3066 = CARTESIAN_POINT('',(48.3,353.50673326026,-5.250000000004));
#3067 = SURFACE_CURVE('',#3068,(#3072,#3079),.PCURVE_S1.);
#3068 = LINE('',#3069,#3070);
#3069 = CARTESIAN_POINT('',(49.5,353.50673326026,-5.250000000004));
#3070 = VECTOR('',#3071,1.);
#3071 = DIRECTION('',(-1.,3.108532283331E-16,-6.64265828938E-16));
#3072 = PCURVE('',#3016,#3073);
#3073 = DEFINITIONAL_REPRESENTATION('',(#3074),#3078);
#3074 = LINE('',#3075,#3076);
#3075 = CARTESIAN_POINT('',(3.14159265359,0.));
#3076 = VECTOR('',#3077,1.);
#3077 = DIRECTION('',(0.,1.));
#3078 = ( GEOMETRIC_REPRESENTATION_CONTEXT(2) 
PARAMETRIC_REPRESENTATION_CONTEXT() REPRESENTATION_CONTEXT('2D SPACE',''
  ) );
#3079 = PCURVE('',#3028,#3080);
#3080 = DEFINITIONAL_REPRESENTATION('',(#3081),#3085);
#3081 = LINE('',#3082,#3083);
#3082 = CARTESIAN_POINT('',(3.14159265359,0.));
#3083 = VECTOR('',#3084,1.);
#3084 = DIRECTION('',(0.,1.));
#3085 = ( GEOMETRIC_REPRESENTATION_CONTEXT(2) 
PARAMETRIC_REPRESENTATION_CONTEXT() REPRESENTATION_CONTEXT('2D SPACE',''
  ) );
#3086 = ORIENTED_EDGE('',*,*,#3087,.T.);
#3087 = EDGE_CURVE('',#3065,#3006,#3088,.T.);
#3088 = SURFACE_CURVE('',#3089,(#3094,#3101),.PCURVE_S1.);
#3089 = CIRCLE('',#3090,1.6);
#3090 = AXIS2_PLACEMENT_3D('',#3091,#3092,#3093);
#3091 = CARTESIAN_POINT('',(48.3,351.90673326026,-5.250000000004));
#3092 = DIRECTION('',(-1.,3.108532283331E-16,-6.64265828938E-16));
#3093 = DIRECTION('',(3.108532283332E-16,1.,-6.786238238021E-15));
#3094 = PCURVE('',#3016,#3095);
#3095 = DEFINITIONAL_REPRESENTATION('',(#3096),#3100);
#3096 = LINE('',#3097,#3098);
#3097 = CARTESIAN_POINT('',(3.14159265359,1.2));
#3098 = VECTOR('',#3099,1.);
#3099 = DIRECTION('',(1.,0.));
#3100 = ( GEOMETRIC_REPRESENTATION_CONTEXT(2) 
PARAMETRIC_REPRESENTATION_CONTEXT() REPRESENTATION_CONTEXT('2D SPACE',''
  ) );
#3101 = PCURVE('',#365,#3102);
#3102 = DEFINITIONAL_REPRESENTATION('',(#3103),#3111);
#3103 = ( BOUNDED_CURVE() B_SPLINE_CURVE(2,(#3104,#3105,#3106,#3107,
#3108,#3109,#3110),.UNSPECIFIED.,.T.,.F.) B_SPLINE_CURVE_WITH_KNOTS((1,2
    ,2,2,2,1),(-2.094395102393,0.,2.094395102393,4.188790204786,
6.28318530718,8.377580409573),.UNSPECIFIED.) CURVE() 
GEOMETRIC_REPRESENTATION_ITEM() RATIONAL_B_SPLINE_CURVE((1.,0.5,1.,0.5,
1.,0.5,1.)) REPRESENTATION_ITEM('') );
#3104 = CARTESIAN_POINT('',(1.6,0.));
#3105 = CARTESIAN_POINT('',(1.6,-2.77128129211));
#3106 = CARTESIAN_POINT('',(-0.8,-1.385640646055));
#3107 = CARTESIAN_POINT('',(-3.2,-3.918869757272E-16));
#3108 = CARTESIAN_POINT('',(-0.8,1.385640646055));
#3109 = CARTESIAN_POINT('',(1.6,2.77128129211));
#3110 = CARTESIAN_POINT('',(1.6,0.));
#3111 = ( GEOMETRIC_REPRESENTATION_CONTEXT(2) 
PARAMETRIC_REPRESENTATION_CONTEXT() REPRESENTATION_CONTEXT('2D SPACE',''
  ) );
#3112 = ADVANCED_FACE('',(#3113),#3127,.F.);
#3113 = FACE_BOUND('',#3114,.F.);
#3114 = EDGE_LOOP('',(#3115,#3150,#3174,#3197));
#3115 = ORIENTED_EDGE('',*,*,#3116,.T.);
#3116 = EDGE_CURVE('',#3117,#3119,#3121,.T.);
#3117 = VERTEX_POINT('',#3118);
#3118 = CARTESIAN_POINT('',(48.3,368.49326673973,-5.250000000004));
#3119 = VERTEX_POINT('',#3120);
#3120 = CARTESIAN_POINT('',(43.5,368.49326673973,-5.250000000004));
#3121 = SURFACE_CURVE('',#3122,(#3126,#3138),.PCURVE_S1.);
#3122 = LINE('',#3123,#3124);
#3123 = CARTESIAN_POINT('',(49.5,368.49326673973,-5.250000000004));
#3124 = VECTOR('',#3125,1.);
#3125 = DIRECTION('',(-1.,3.108532283331E-16,-6.64265828938E-16));
#3126 = PCURVE('',#3127,#3132);
#3127 = CYLINDRICAL_SURFACE('',#3128,1.6);
#3128 = AXIS2_PLACEMENT_3D('',#3129,#3130,#3131);
#3129 = CARTESIAN_POINT('',(49.5,370.09326673973,-5.250000000004));
#3130 = DIRECTION('',(-1.,3.108532283331E-16,-6.64265828938E-16));
#3131 = DIRECTION('',(-3.108532283332E-16,-1.,6.786238238021E-15));
#3132 = DEFINITIONAL_REPRESENTATION('',(#3133),#3137);
#3133 = LINE('',#3134,#3135);
#3134 = CARTESIAN_POINT('',(6.28318530718,0.));
#3135 = VECTOR('',#3136,1.);
#3136 = DIRECTION('',(0.,1.));
#3137 = ( GEOMETRIC_REPRESENTATION_CONTEXT(2) 
PARAMETRIC_REPRESENTATION_CONTEXT() REPRESENTATION_CONTEXT('2D SPACE',''
  ) );
#3138 = PCURVE('',#3139,#3144);
#3139 = CYLINDRICAL_SURFACE('',#3140,1.6);
#3140 = AXIS2_PLACEMENT_3D('',#3141,#3142,#3143);
#3141 = CARTESIAN_POINT('',(49.5,370.09326673973,-5.250000000004));
#3142 = DIRECTION('',(-1.,3.108532283331E-16,-6.64265828938E-16));
#3143 = DIRECTION('',(-3.108532283332E-16,-1.,6.786238238021E-15));
#3144 = DEFINITIONAL_REPRESENTATION('',(#3145),#3149);
#3145 = LINE('',#3146,#3147);
#3146 = CARTESIAN_POINT('',(0.,0.));
#3147 = VECTOR('',#3148,1.);
#3148 = DIRECTION('',(0.,1.));
#3149 = ( GEOMETRIC_REPRESENTATION_CONTEXT(2) 
PARAMETRIC_REPRESENTATION_CONTEXT() REPRESENTATION_CONTEXT('2D SPACE',''
  ) );
#3150 = ORIENTED_EDGE('',*,*,#3151,.F.);
#3151 = EDGE_CURVE('',#3152,#3119,#3154,.T.);
#3152 = VERTEX_POINT('',#3153);
#3153 = CARTESIAN_POINT('',(43.5,371.69326673973,-5.250000000004));
#3154 = SURFACE_CURVE('',#3155,(#3160,#3167),.PCURVE_S1.);
#3155 = CIRCLE('',#3156,1.6);
#3156 = AXIS2_PLACEMENT_3D('',#3157,#3158,#3159);
#3157 = CARTESIAN_POINT('',(43.5,370.09326673973,-5.250000000004));
#3158 = DIRECTION('',(-1.,3.108532283331E-16,-6.64265828938E-16));
#3159 = DIRECTION('',(-3.108532283332E-16,-1.,6.786238238021E-15));
#3160 = PCURVE('',#3127,#3161);
#3161 = DEFINITIONAL_REPRESENTATION('',(#3162),#3166);
#3162 = LINE('',#3163,#3164);
#3163 = CARTESIAN_POINT('',(0.,6.));
#3164 = VECTOR('',#3165,1.);
#3165 = DIRECTION('',(1.,0.));
#3166 = ( GEOMETRIC_REPRESENTATION_CONTEXT(2) 
PARAMETRIC_REPRESENTATION_CONTEXT() REPRESENTATION_CONTEXT('2D SPACE',''
  ) );
#3167 = PCURVE('',#1949,#3168);
#3168 = DEFINITIONAL_REPRESENTATION('',(#3169),#3173);
#3169 = CIRCLE('',#3170,1.6);
#3170 = AXIS2_PLACEMENT_2D('',#3171,#3172);
#3171 = CARTESIAN_POINT('',(-9.093266739737,-5.25));
#3172 = DIRECTION('',(1.,0.));
#3173 = ( GEOMETRIC_REPRESENTATION_CONTEXT(2) 
PARAMETRIC_REPRESENTATION_CONTEXT() REPRESENTATION_CONTEXT('2D SPACE',''
  ) );
#3174 = ORIENTED_EDGE('',*,*,#3175,.F.);
#3175 = EDGE_CURVE('',#3176,#3152,#3178,.T.);
#3176 = VERTEX_POINT('',#3177);
#3177 = CARTESIAN_POINT('',(48.3,371.69326673973,-5.250000000004));
#3178 = SURFACE_CURVE('',#3179,(#3183,#3190),.PCURVE_S1.);
#3179 = LINE('',#3180,#3181);
#3180 = CARTESIAN_POINT('',(49.5,371.69326673973,-5.250000000004));
#3181 = VECTOR('',#3182,1.);
#3182 = DIRECTION('',(-1.,3.108532283331E-16,-6.64265828938E-16));
#3183 = PCURVE('',#3127,#3184);
#3184 = DEFINITIONAL_REPRESENTATION('',(#3185),#3189);
#3185 = LINE('',#3186,#3187);
#3186 = CARTESIAN_POINT('',(3.14159265359,0.));
#3187 = VECTOR('',#3188,1.);
#3188 = DIRECTION('',(0.,1.));
#3189 = ( GEOMETRIC_REPRESENTATION_CONTEXT(2) 
PARAMETRIC_REPRESENTATION_CONTEXT() REPRESENTATION_CONTEXT('2D SPACE',''
  ) );
#3190 = PCURVE('',#3139,#3191);
#3191 = DEFINITIONAL_REPRESENTATION('',(#3192),#3196);
#3192 = LINE('',#3193,#3194);
#3193 = CARTESIAN_POINT('',(3.14159265359,0.));
#3194 = VECTOR('',#3195,1.);
#3195 = DIRECTION('',(0.,1.));
#3196 = ( GEOMETRIC_REPRESENTATION_CONTEXT(2) 
PARAMETRIC_REPRESENTATION_CONTEXT() REPRESENTATION_CONTEXT('2D SPACE',''
  ) );
#3197 = ORIENTED_EDGE('',*,*,#3198,.T.);
#3198 = EDGE_CURVE('',#3176,#3117,#3199,.T.);
#3199 = SURFACE_CURVE('',#3200,(#3205,#3212),.PCURVE_S1.);
#3200 = CIRCLE('',#3201,1.6);
#3201 = AXIS2_PLACEMENT_3D('',#3202,#3203,#3204);
#3202 = CARTESIAN_POINT('',(48.3,370.09326673973,-5.250000000004));
#3203 = DIRECTION('',(-1.,3.108532283331E-16,-6.64265828938E-16));
#3204 = DIRECTION('',(3.108532283332E-16,1.,-6.786238238021E-15));
#3205 = PCURVE('',#3127,#3206);
#3206 = DEFINITIONAL_REPRESENTATION('',(#3207),#3211);
#3207 = LINE('',#3208,#3209);
#3208 = CARTESIAN_POINT('',(3.14159265359,1.2));
#3209 = VECTOR('',#3210,1.);
#3210 = DIRECTION('',(1.,0.));
#3211 = ( GEOMETRIC_REPRESENTATION_CONTEXT(2) 
PARAMETRIC_REPRESENTATION_CONTEXT() REPRESENTATION_CONTEXT('2D SPACE',''
  ) );
#3212 = PCURVE('',#249,#3213);
#3213 = DEFINITIONAL_REPRESENTATION('',(#3214),#3222);
#3214 = ( BOUNDED_CURVE() B_SPLINE_CURVE(2,(#3215,#3216,#3217,#3218,
#3219,#3220,#3221),.UNSPECIFIED.,.T.,.F.) B_SPLINE_CURVE_WITH_KNOTS((1,2
    ,2,2,2,1),(-2.094395102393,0.,2.094395102393,4.188790204786,
6.28318530718,8.377580409573),.UNSPECIFIED.) CURVE() 
GEOMETRIC_REPRESENTATION_ITEM() RATIONAL_B_SPLINE_CURVE((1.,0.5,1.,0.5,
1.,0.5,1.)) REPRESENTATION_ITEM('') );
#3215 = CARTESIAN_POINT('',(1.6,0.));
#3216 = CARTESIAN_POINT('',(1.6,-2.77128129211));
#3217 = CARTESIAN_POINT('',(-0.8,-1.385640646055));
#3218 = CARTESIAN_POINT('',(-3.2,-3.918869757272E-16));
#3219 = CARTESIAN_POINT('',(-0.8,1.385640646055));
#3220 = CARTESIAN_POINT('',(1.6,2.77128129211));
#3221 = CARTESIAN_POINT('',(1.6,0.));
#3222 = ( GEOMETRIC_REPRESENTATION_CONTEXT(2) 
PARAMETRIC_REPRESENTATION_CONTEXT() REPRESENTATION_CONTEXT('2D SPACE',''
  ) );
#3223 = ADVANCED_FACE('',(#3224),#3238,.T.);
#3224 = FACE_BOUND('',#3225,.T.);
#3225 = EDGE_LOOP('',(#3226,#3261,#3289,#3317,#3346));
#3226 = ORIENTED_EDGE('',*,*,#3227,.F.);
#3227 = EDGE_CURVE('',#3228,#3230,#3232,.T.);
#3228 = VERTEX_POINT('',#3229);
#3229 = CARTESIAN_POINT('',(43.5,338.46261890132,20.735889132452));
#3230 = VERTEX_POINT('',#3231);
#3231 = CARTESIAN_POINT('',(43.5,340.77201997807,16.735889132452));
#3232 = SURFACE_CURVE('',#3233,(#3237,#3249),.PCURVE_S1.);
#3233 = LINE('',#3234,#3235);
#3234 = CARTESIAN_POINT('',(43.5,335.57586755537,25.735889132452));
#3235 = VECTOR('',#3236,1.);
#3236 = DIRECTION('',(7.306976968928E-16,0.5,-0.866025403784));
#3237 = PCURVE('',#3238,#3243);
#3238 = PLANE('',#3239);
#3239 = AXIS2_PLACEMENT_3D('',#3240,#3241,#3242);
#3240 = CARTESIAN_POINT('',(43.5,361.,-3.920051710965E-12));
#3241 = DIRECTION('',(-1.,3.108532283331E-16,-6.64265828938E-16));
#3242 = DIRECTION('',(-3.108532283332E-16,-1.,6.786238238021E-15));
#3243 = DEFINITIONAL_REPRESENTATION('',(#3244),#3248);
#3244 = LINE('',#3245,#3246);
#3245 = CARTESIAN_POINT('',(25.424132444628,25.735889132455));
#3246 = VECTOR('',#3247,1.);
#3247 = DIRECTION('',(-0.5,-0.866025403784));
#3248 = ( GEOMETRIC_REPRESENTATION_CONTEXT(2) 
PARAMETRIC_REPRESENTATION_CONTEXT() REPRESENTATION_CONTEXT('2D SPACE',''
  ) );
#3249 = PCURVE('',#3250,#3255);
#3250 = PLANE('',#3251);
#3251 = AXIS2_PLACEMENT_3D('',#3252,#3253,#3254);
#3252 = CARTESIAN_POINT('',(-1.78470598827,335.57586755537,
    25.735889132452));
#3253 = DIRECTION('',(6.29261218841E-17,-0.866025403784,-0.5));
#3254 = DIRECTION('',(-7.306976968928E-16,-0.5,0.866025403784));
#3255 = DEFINITIONAL_REPRESENTATION('',(#3256),#3260);
#3256 = LINE('',#3257,#3258);
#3257 = CARTESIAN_POINT('',(0.,-45.28470598827));
#3258 = VECTOR('',#3259,1.);
#3259 = DIRECTION('',(-1.,0.));
#3260 = ( GEOMETRIC_REPRESENTATION_CONTEXT(2) 
PARAMETRIC_REPRESENTATION_CONTEXT() REPRESENTATION_CONTEXT('2D SPACE',''
  ) );
#3261 = ORIENTED_EDGE('',*,*,#3262,.F.);
#3262 = EDGE_CURVE('',#3263,#3228,#3265,.T.);
#3263 = VERTEX_POINT('',#3264);
#3264 = CARTESIAN_POINT('',(43.5,365.36714144555,20.735889132452));
#3265 = SURFACE_CURVE('',#3266,(#3270,#3277),.PCURVE_S1.);
#3266 = LINE('',#3267,#3268);
#3267 = CARTESIAN_POINT('',(43.5,366.58733942095,20.735889132452));
#3268 = VECTOR('',#3269,1.);
#3269 = DIRECTION('',(-3.108532283332E-16,-1.,6.786238238021E-15));
#3270 = PCURVE('',#3238,#3271);
#3271 = DEFINITIONAL_REPRESENTATION('',(#3272),#3276);
#3272 = LINE('',#3273,#3274);
#3273 = CARTESIAN_POINT('',(-5.58733942095,20.735889132456));
#3274 = VECTOR('',#3275,1.);
#3275 = DIRECTION('',(1.,0.));
#3276 = ( GEOMETRIC_REPRESENTATION_CONTEXT(2) 
PARAMETRIC_REPRESENTATION_CONTEXT() REPRESENTATION_CONTEXT('2D SPACE',''
  ) );
#3277 = PCURVE('',#3278,#3283);
#3278 = PLANE('',#3279);
#3279 = AXIS2_PLACEMENT_3D('',#3280,#3281,#3282);
#3280 = CARTESIAN_POINT('',(6.660598367848,366.58733942095,
    20.735889132452));
#3281 = DIRECTION('',(-6.64265828938E-16,6.786238238021E-15,1.));
#3282 = DIRECTION('',(-1.,3.108532283331E-16,-6.64265828938E-16));
#3283 = DEFINITIONAL_REPRESENTATION('',(#3284),#3288);
#3284 = LINE('',#3285,#3286);
#3285 = CARTESIAN_POINT('',(-36.83940163215,0.));
#3286 = VECTOR('',#3287,1.);
#3287 = DIRECTION('',(0.,1.));
#3288 = ( GEOMETRIC_REPRESENTATION_CONTEXT(2) 
PARAMETRIC_REPRESENTATION_CONTEXT() REPRESENTATION_CONTEXT('2D SPACE',''
  ) );
#3289 = ORIENTED_EDGE('',*,*,#3290,.T.);
#3290 = EDGE_CURVE('',#3263,#3291,#3293,.T.);
#3291 = VERTEX_POINT('',#3292);
#3292 = CARTESIAN_POINT('',(43.5,368.27762656569,15.694781029697));
#3293 = SURFACE_CURVE('',#3294,(#3298,#3305),.PCURVE_S1.);
#3294 = LINE('',#3295,#3296);
#3295 = CARTESIAN_POINT('',(43.5,355.75425946355,37.385889132451));
#3296 = VECTOR('',#3297,1.);
#3297 = DIRECTION('',(7.802612247779E-16,0.5,-0.866025403784));
#3298 = PCURVE('',#3238,#3299);
#3299 = DEFINITIONAL_REPRESENTATION('',(#3300),#3304);
#3300 = LINE('',#3301,#3302);
#3301 = CARTESIAN_POINT('',(5.24574053645,37.385889132455));
#3302 = VECTOR('',#3303,1.);
#3303 = DIRECTION('',(-0.5,-0.866025403784));
#3304 = ( GEOMETRIC_REPRESENTATION_CONTEXT(2) 
PARAMETRIC_REPRESENTATION_CONTEXT() REPRESENTATION_CONTEXT('2D SPACE',''
  ) );
#3305 = PCURVE('',#3306,#3311);
#3306 = PLANE('',#3307);
#3307 = AXIS2_PLACEMENT_3D('',#3308,#3309,#3310);
#3308 = CARTESIAN_POINT('',(49.5,373.25425946355,7.074999999996));
#3309 = DIRECTION('',(5.209841081028E-16,0.866025403784,0.5));
#3310 = DIRECTION('',(7.306976968928E-16,0.5,-0.866025403784));
#3311 = DEFINITIONAL_REPRESENTATION('',(#3312),#3316);
#3312 = LINE('',#3313,#3314);
#3313 = CARTESIAN_POINT('',(-35.,6.));
#3314 = VECTOR('',#3315,1.);
#3315 = DIRECTION('',(1.,-4.956352788504E-17));
#3316 = ( GEOMETRIC_REPRESENTATION_CONTEXT(2) 
PARAMETRIC_REPRESENTATION_CONTEXT() REPRESENTATION_CONTEXT('2D SPACE',''
  ) );
#3317 = ORIENTED_EDGE('',*,*,#3318,.F.);
#3318 = EDGE_CURVE('',#3319,#3291,#3321,.T.);
#3319 = VERTEX_POINT('',#3320);
#3320 = CARTESIAN_POINT('',(43.5,356.61821783447,16.735889132452));
#3321 = SURFACE_CURVE('',#3322,(#3327,#3334),.PCURVE_S1.);
#3322 = CIRCLE('',#3323,17.3);
#3323 = AXIS2_PLACEMENT_3D('',#3324,#3325,#3326);
#3324 = CARTESIAN_POINT('',(43.5,361.,-3.920166807143E-12));
#3325 = DIRECTION('',(-1.,3.108532283331E-16,-6.64265828938E-16));
#3326 = DIRECTION('',(-3.108532283332E-16,-1.,6.786238238021E-15));
#3327 = PCURVE('',#3238,#3328);
#3328 = DEFINITIONAL_REPRESENTATION('',(#3329),#3333);
#3329 = CIRCLE('',#3330,17.3);
#3330 = AXIS2_PLACEMENT_2D('',#3331,#3332);
#3331 = CARTESIAN_POINT('',(8.855658584196E-15,-1.150961771119E-16));
#3332 = DIRECTION('',(1.,0.));
#3333 = ( GEOMETRIC_REPRESENTATION_CONTEXT(2) 
PARAMETRIC_REPRESENTATION_CONTEXT() REPRESENTATION_CONTEXT('2D SPACE',''
  ) );
#3334 = PCURVE('',#3335,#3340);
#3335 = CYLINDRICAL_SURFACE('',#3336,17.3);
#3336 = AXIS2_PLACEMENT_3D('',#3337,#3338,#3339);
#3337 = CARTESIAN_POINT('',(1.172917526376,361.,-3.948283241668E-12));
#3338 = DIRECTION('',(1.,-3.108532283331E-16,6.64265828938E-16));
#3339 = DIRECTION('',(3.108532283332E-16,1.,-6.786238238021E-15));
#3340 = DEFINITIONAL_REPRESENTATION('',(#3341),#3345);
#3341 = LINE('',#3342,#3343);
#3342 = CARTESIAN_POINT('',(3.14159265359,42.327082473624));
#3343 = VECTOR('',#3344,1.);
#3344 = DIRECTION('',(-1.,0.));
#3345 = ( GEOMETRIC_REPRESENTATION_CONTEXT(2) 
PARAMETRIC_REPRESENTATION_CONTEXT() REPRESENTATION_CONTEXT('2D SPACE',''
  ) );
#3346 = ORIENTED_EDGE('',*,*,#3347,.T.);
#3347 = EDGE_CURVE('',#3319,#3230,#3348,.T.);
#3348 = SURFACE_CURVE('',#3349,(#3353,#3360),.PCURVE_S1.);
#3349 = LINE('',#3350,#3351);
#3350 = CARTESIAN_POINT('',(43.5,361.,16.735889132452));
#3351 = VECTOR('',#3352,1.);
#3352 = DIRECTION('',(-3.108532283332E-16,-1.,6.461926105023E-15));
#3353 = PCURVE('',#3238,#3354);
#3354 = DEFINITIONAL_REPRESENTATION('',(#3355),#3359);
#3355 = LINE('',#3356,#3357);
#3356 = CARTESIAN_POINT('',(5.427651902177E-15,16.735889132456));
#3357 = VECTOR('',#3358,1.);
#3358 = DIRECTION('',(1.,-3.243121329987E-16));
#3359 = ( GEOMETRIC_REPRESENTATION_CONTEXT(2) 
PARAMETRIC_REPRESENTATION_CONTEXT() REPRESENTATION_CONTEXT('2D SPACE',''
  ) );
#3360 = PCURVE('',#3361,#3366);
#3361 = PLANE('',#3362);
#3362 = AXIS2_PLACEMENT_3D('',#3363,#3364,#3365);
#3363 = CARTESIAN_POINT('',(6.660598367848,361.,16.735889132452));
#3364 = DIRECTION('',(-6.64265828938E-16,6.461926105023E-15,1.));
#3365 = DIRECTION('',(3.108532283332E-16,1.,-6.461926105023E-15));
#3366 = DEFINITIONAL_REPRESENTATION('',(#3367),#3371);
#3367 = LINE('',#3368,#3369);
#3368 = CARTESIAN_POINT('',(0.,-36.83940163215));
#3369 = VECTOR('',#3370,1.);
#3370 = DIRECTION('',(-1.,0.));
#3371 = ( GEOMETRIC_REPRESENTATION_CONTEXT(2) 
PARAMETRIC_REPRESENTATION_CONTEXT() REPRESENTATION_CONTEXT('2D SPACE',''
  ) );
#3372 = ADVANCED_FACE('',(#3373),#3306,.F.);
#3373 = FACE_BOUND('',#3374,.T.);
#3374 = EDGE_LOOP('',(#3375,#3398,#3421,#3442));
#3375 = ORIENTED_EDGE('',*,*,#3376,.F.);
#3376 = EDGE_CURVE('',#3377,#3263,#3379,.T.);
#3377 = VERTEX_POINT('',#3378);
#3378 = CARTESIAN_POINT('',(37.5,365.36714144555,20.735889132452));
#3379 = SURFACE_CURVE('',#3380,(#3384,#3391),.PCURVE_S1.);
#3380 = LINE('',#3381,#3382);
#3381 = CARTESIAN_POINT('',(49.5,365.36714144555,20.735889132452));
#3382 = VECTOR('',#3383,1.);
#3383 = DIRECTION('',(1.,-9.850946852642E-16,6.64265828938E-16));
#3384 = PCURVE('',#3306,#3385);
#3385 = DEFINITIONAL_REPRESENTATION('',(#3386),#3390);
#3386 = LINE('',#3387,#3388);
#3387 = CARTESIAN_POINT('',(-15.77423603598,5.317821943439E-15));
#3388 = VECTOR('',#3389,1.);
#3389 = DIRECTION('',(-3.371207284655E-16,-1.));
#3390 = ( GEOMETRIC_REPRESENTATION_CONTEXT(2) 
PARAMETRIC_REPRESENTATION_CONTEXT() REPRESENTATION_CONTEXT('2D SPACE',''
  ) );
#3391 = PCURVE('',#3278,#3392);
#3392 = DEFINITIONAL_REPRESENTATION('',(#3393),#3397);
#3393 = LINE('',#3394,#3395);
#3394 = CARTESIAN_POINT('',(-42.83940163215,1.220197975393));
#3395 = VECTOR('',#3396,1.);
#3396 = DIRECTION('',(-1.,6.74241456931E-16));
#3397 = ( GEOMETRIC_REPRESENTATION_CONTEXT(2) 
PARAMETRIC_REPRESENTATION_CONTEXT() REPRESENTATION_CONTEXT('2D SPACE',''
  ) );
#3398 = ORIENTED_EDGE('',*,*,#3399,.T.);
#3399 = EDGE_CURVE('',#3377,#3400,#3402,.T.);
#3400 = VERTEX_POINT('',#3401);
#3401 = CARTESIAN_POINT('',(37.5,368.27762656569,15.694781029697));
#3402 = SURFACE_CURVE('',#3403,(#3407,#3414),.PCURVE_S1.);
#3403 = LINE('',#3404,#3405);
#3404 = CARTESIAN_POINT('',(37.5,373.25425946355,7.074999999996));
#3405 = VECTOR('',#3406,1.);
#3406 = DIRECTION('',(7.306976968928E-16,0.5,-0.866025403784));
#3407 = PCURVE('',#3306,#3408);
#3408 = DEFINITIONAL_REPRESENTATION('',(#3409),#3413);
#3409 = LINE('',#3410,#3411);
#3410 = CARTESIAN_POINT('',(-4.122050391133E-16,12.));
#3411 = VECTOR('',#3412,1.);
#3412 = DIRECTION('',(1.,0.));
#3413 = ( GEOMETRIC_REPRESENTATION_CONTEXT(2) 
PARAMETRIC_REPRESENTATION_CONTEXT() REPRESENTATION_CONTEXT('2D SPACE',''
  ) );
#3414 = PCURVE('',#45,#3415);
#3415 = DEFINITIONAL_REPRESENTATION('',(#3416),#3420);
#3416 = LINE('',#3417,#3418);
#3417 = CARTESIAN_POINT('',(-12.25425946355,7.075));
#3418 = VECTOR('',#3419,1.);
#3419 = DIRECTION('',(-0.5,-0.866025403784));
#3420 = ( GEOMETRIC_REPRESENTATION_CONTEXT(2) 
PARAMETRIC_REPRESENTATION_CONTEXT() REPRESENTATION_CONTEXT('2D SPACE',''
  ) );
#3421 = ORIENTED_EDGE('',*,*,#3422,.T.);
#3422 = EDGE_CURVE('',#3400,#3291,#3423,.T.);
#3423 = SURFACE_CURVE('',#3424,(#3428,#3435),.PCURVE_S1.);
#3424 = LINE('',#3425,#3426);
#3425 = CARTESIAN_POINT('',(1.172917526376,368.27762656569,
    15.694781029697));
#3426 = VECTOR('',#3427,1.);
#3427 = DIRECTION('',(1.,-3.108532283331E-16,6.64265828938E-16));
#3428 = PCURVE('',#3306,#3429);
#3429 = DEFINITIONAL_REPRESENTATION('',(#3430),#3434);
#3430 = LINE('',#3431,#3432);
#3431 = CARTESIAN_POINT('',(-9.953265795707,48.327082473624));
#3432 = VECTOR('',#3433,1.);
#3433 = DIRECTION('',(0.,-1.));
#3434 = ( GEOMETRIC_REPRESENTATION_CONTEXT(2) 
PARAMETRIC_REPRESENTATION_CONTEXT() REPRESENTATION_CONTEXT('2D SPACE',''
  ) );
#3435 = PCURVE('',#3335,#3436);
#3436 = DEFINITIONAL_REPRESENTATION('',(#3437),#3441);
#3437 = LINE('',#3438,#3439);
#3438 = CARTESIAN_POINT('',(1.136610342007,0.));
#3439 = VECTOR('',#3440,1.);
#3440 = DIRECTION('',(0.,1.));
#3441 = ( GEOMETRIC_REPRESENTATION_CONTEXT(2) 
PARAMETRIC_REPRESENTATION_CONTEXT() REPRESENTATION_CONTEXT('2D SPACE',''
  ) );
#3442 = ORIENTED_EDGE('',*,*,#3290,.F.);
#3443 = ADVANCED_FACE('',(#3444),#3250,.F.);
#3444 = FACE_BOUND('',#3445,.T.);
#3445 = EDGE_LOOP('',(#3446,#3469,#3470,#3493,#3516,#3544,#3572,#3600,
    #3628));
#3446 = ORIENTED_EDGE('',*,*,#3447,.F.);
#3447 = EDGE_CURVE('',#3228,#3448,#3450,.T.);
#3448 = VERTEX_POINT('',#3449);
#3449 = CARTESIAN_POINT('',(37.5,338.46261890132,20.735889132452));
#3450 = SURFACE_CURVE('',#3451,(#3455,#3462),.PCURVE_S1.);
#3451 = LINE('',#3452,#3453);
#3452 = CARTESIAN_POINT('',(-1.78470598827,338.46261890132,
    20.735889132452));
#3453 = VECTOR('',#3454,1.);
#3454 = DIRECTION('',(-1.,3.108532283331E-16,-6.64265828938E-16));
#3455 = PCURVE('',#3250,#3456);
#3456 = DEFINITIONAL_REPRESENTATION('',(#3457),#3461);
#3457 = LINE('',#3458,#3459);
#3458 = CARTESIAN_POINT('',(-5.773502691895,0.));
#3459 = VECTOR('',#3460,1.);
#3460 = DIRECTION('',(0.,1.));
#3461 = ( GEOMETRIC_REPRESENTATION_CONTEXT(2) 
PARAMETRIC_REPRESENTATION_CONTEXT() REPRESENTATION_CONTEXT('2D SPACE',''
  ) );
#3462 = PCURVE('',#3278,#3463);
#3463 = DEFINITIONAL_REPRESENTATION('',(#3464),#3468);
#3464 = LINE('',#3465,#3466);
#3465 = CARTESIAN_POINT('',(8.445304356118,28.12472051963));
#3466 = VECTOR('',#3467,1.);
#3467 = DIRECTION('',(1.,0.));
#3468 = ( GEOMETRIC_REPRESENTATION_CONTEXT(2) 
PARAMETRIC_REPRESENTATION_CONTEXT() REPRESENTATION_CONTEXT('2D SPACE',''
  ) );
#3469 = ORIENTED_EDGE('',*,*,#3227,.T.);
#3470 = ORIENTED_EDGE('',*,*,#3471,.F.);
#3471 = EDGE_CURVE('',#3472,#3230,#3474,.T.);
#3472 = VERTEX_POINT('',#3473);
#3473 = CARTESIAN_POINT('',(37.5,340.77201997807,16.735889132452));
#3474 = SURFACE_CURVE('',#3475,(#3479,#3486),.PCURVE_S1.);
#3475 = LINE('',#3476,#3477);
#3476 = CARTESIAN_POINT('',(6.660598367848,340.77201997807,
    16.735889132452));
#3477 = VECTOR('',#3478,1.);
#3478 = DIRECTION('',(1.,-3.108532283331E-16,6.64265828938E-16));
#3479 = PCURVE('',#3250,#3480);
#3480 = DEFINITIONAL_REPRESENTATION('',(#3481),#3485);
#3481 = LINE('',#3482,#3483);
#3482 = CARTESIAN_POINT('',(-10.39230484541,-8.445304356118));
#3483 = VECTOR('',#3484,1.);
#3484 = DIRECTION('',(0.,-1.));
#3485 = ( GEOMETRIC_REPRESENTATION_CONTEXT(2) 
PARAMETRIC_REPRESENTATION_CONTEXT() REPRESENTATION_CONTEXT('2D SPACE',''
  ) );
#3486 = PCURVE('',#3361,#3487);
#3487 = DEFINITIONAL_REPRESENTATION('',(#3488),#3492);
#3488 = LINE('',#3489,#3490);
#3489 = CARTESIAN_POINT('',(-20.22798002192,0.));
#3490 = VECTOR('',#3491,1.);
#3491 = DIRECTION('',(0.,-1.));
#3492 = ( GEOMETRIC_REPRESENTATION_CONTEXT(2) 
PARAMETRIC_REPRESENTATION_CONTEXT() REPRESENTATION_CONTEXT('2D SPACE',''
  ) );
#3493 = ORIENTED_EDGE('',*,*,#3494,.F.);
#3494 = EDGE_CURVE('',#3495,#3472,#3497,.T.);
#3495 = VERTEX_POINT('',#3496);
#3496 = CARTESIAN_POINT('',(37.5,339.61731943969,18.735889132453));
#3497 = SURFACE_CURVE('',#3498,(#3502,#3509),.PCURVE_S1.);
#3498 = LINE('',#3499,#3500);
#3499 = CARTESIAN_POINT('',(37.5,335.57586755537,25.735889132452));
#3500 = VECTOR('',#3501,1.);
#3501 = DIRECTION('',(7.306976968928E-16,0.5,-0.866025403784));
#3502 = PCURVE('',#3250,#3503);
#3503 = DEFINITIONAL_REPRESENTATION('',(#3504),#3508);
#3504 = LINE('',#3505,#3506);
#3505 = CARTESIAN_POINT('',(0.,-39.28470598827));
#3506 = VECTOR('',#3507,1.);
#3507 = DIRECTION('',(-1.,0.));
#3508 = ( GEOMETRIC_REPRESENTATION_CONTEXT(2) 
PARAMETRIC_REPRESENTATION_CONTEXT() REPRESENTATION_CONTEXT('2D SPACE',''
  ) );
#3509 = PCURVE('',#45,#3510);
#3510 = DEFINITIONAL_REPRESENTATION('',(#3511),#3515);
#3511 = LINE('',#3512,#3513);
#3512 = CARTESIAN_POINT('',(25.424132444628,25.735889132455));
#3513 = VECTOR('',#3514,1.);
#3514 = DIRECTION('',(-0.5,-0.866025403784));
#3515 = ( GEOMETRIC_REPRESENTATION_CONTEXT(2) 
PARAMETRIC_REPRESENTATION_CONTEXT() REPRESENTATION_CONTEXT('2D SPACE',''
  ) );
#3516 = ORIENTED_EDGE('',*,*,#3517,.T.);
#3517 = EDGE_CURVE('',#3495,#3518,#3520,.T.);
#3518 = VERTEX_POINT('',#3519);
#3519 = CARTESIAN_POINT('',(29.417096231347,335.57586755537,
    25.735889132452));
#3520 = SURFACE_CURVE('',#3521,(#3525,#3532),.PCURVE_S1.);
#3521 = LINE('',#3522,#3523);
#3522 = CARTESIAN_POINT('',(13.816195121539,327.77541700046,
    39.246665815475));
#3523 = VECTOR('',#3524,1.);
#3524 = DIRECTION('',(-0.707106781187,-0.353553390593,0.612372435696));
#3525 = PCURVE('',#3250,#3526);
#3526 = DEFINITIONAL_REPRESENTATION('',(#3527),#3531);
#3527 = LINE('',#3528,#3529);
#3528 = CARTESIAN_POINT('',(15.600901109809,-15.6009011098));
#3529 = VECTOR('',#3530,1.);
#3530 = DIRECTION('',(0.707106781187,0.707106781187));
#3531 = ( GEOMETRIC_REPRESENTATION_CONTEXT(2) 
PARAMETRIC_REPRESENTATION_CONTEXT() REPRESENTATION_CONTEXT('2D SPACE',''
  ) );
#3532 = PCURVE('',#3533,#3538);
#3533 = PLANE('',#3534);
#3534 = AXIS2_PLACEMENT_3D('',#3535,#3536,#3537);
#3535 = CARTESIAN_POINT('',(37.5,267.31421054837,-23.00833024919));
#3536 = DIRECTION('',(0.707106781187,-0.353553390593,0.612372435696));
#3537 = DIRECTION('',(-0.654653670708,5.361170701293E-15,0.755928946018)
  );
#3538 = DEFINITIONAL_REPRESENTATION('',(#3539),#3543);
#3539 = LINE('',#3540,#3541);
#3540 = CARTESIAN_POINT('',(62.565043359568,-64.63574849564));
#3541 = VECTOR('',#3542,1.);
#3542 = DIRECTION('',(0.925820099773,0.377964473009));
#3543 = ( GEOMETRIC_REPRESENTATION_CONTEXT(2) 
PARAMETRIC_REPRESENTATION_CONTEXT() REPRESENTATION_CONTEXT('2D SPACE',''
  ) );
#3544 = ORIENTED_EDGE('',*,*,#3545,.T.);
#3545 = EDGE_CURVE('',#3518,#3546,#3548,.T.);
#3546 = VERTEX_POINT('',#3547);
#3547 = CARTESIAN_POINT('',(43.5,335.57586755537,25.735889132452));
#3548 = SURFACE_CURVE('',#3549,(#3553,#3560),.PCURVE_S1.);
#3549 = LINE('',#3550,#3551);
#3550 = CARTESIAN_POINT('',(-1.78470598827,335.57586755537,
    25.735889132452));
#3551 = VECTOR('',#3552,1.);
#3552 = DIRECTION('',(1.,-3.108532283331E-16,6.64265828938E-16));
#3553 = PCURVE('',#3250,#3554);
#3554 = DEFINITIONAL_REPRESENTATION('',(#3555),#3559);
#3555 = LINE('',#3556,#3557);
#3556 = CARTESIAN_POINT('',(0.,0.));
#3557 = VECTOR('',#3558,1.);
#3558 = DIRECTION('',(0.,-1.));
#3559 = ( GEOMETRIC_REPRESENTATION_CONTEXT(2) 
PARAMETRIC_REPRESENTATION_CONTEXT() REPRESENTATION_CONTEXT('2D SPACE',''
  ) );
#3560 = PCURVE('',#3561,#3566);
#3561 = PLANE('',#3562);
#3562 = AXIS2_PLACEMENT_3D('',#3563,#3564,#3565);
#3563 = CARTESIAN_POINT('',(19.,327.04551732809,20.810889132452));
#3564 = DIRECTION('',(-7.306976968928E-16,-0.5,0.866025403784));
#3565 = DIRECTION('',(-6.29261218841E-17,0.866025403784,0.5));
#3566 = DEFINITIONAL_REPRESENTATION('',(#3567),#3571);
#3567 = LINE('',#3568,#3569);
#3568 = CARTESIAN_POINT('',(9.85,20.78470598827));
#3569 = VECTOR('',#3570,1.);
#3570 = DIRECTION('',(0.,-1.));
#3571 = ( GEOMETRIC_REPRESENTATION_CONTEXT(2) 
PARAMETRIC_REPRESENTATION_CONTEXT() REPRESENTATION_CONTEXT('2D SPACE',''
  ) );
#3572 = ORIENTED_EDGE('',*,*,#3573,.T.);
#3573 = EDGE_CURVE('',#3546,#3574,#3576,.T.);
#3574 = VERTEX_POINT('',#3575);
#3575 = CARTESIAN_POINT('',(43.5,336.73056809375,23.735889132452));
#3576 = SURFACE_CURVE('',#3577,(#3581,#3588),.PCURVE_S1.);
#3577 = LINE('',#3578,#3579);
#3578 = CARTESIAN_POINT('',(43.5,335.57586755537,25.735889132452));
#3579 = VECTOR('',#3580,1.);
#3580 = DIRECTION('',(7.306976968928E-16,0.5,-0.866025403784));
#3581 = PCURVE('',#3250,#3582);
#3582 = DEFINITIONAL_REPRESENTATION('',(#3583),#3587);
#3583 = LINE('',#3584,#3585);
#3584 = CARTESIAN_POINT('',(0.,-45.28470598827));
#3585 = VECTOR('',#3586,1.);
#3586 = DIRECTION('',(-1.,0.));
#3587 = ( GEOMETRIC_REPRESENTATION_CONTEXT(2) 
PARAMETRIC_REPRESENTATION_CONTEXT() REPRESENTATION_CONTEXT('2D SPACE',''
  ) );
#3588 = PCURVE('',#3589,#3594);
#3589 = PLANE('',#3590);
#3590 = AXIS2_PLACEMENT_3D('',#3591,#3592,#3593);
#3591 = CARTESIAN_POINT('',(43.5,361.,-3.920051710965E-12));
#3592 = DIRECTION('',(-1.,3.108532283331E-16,-6.64265828938E-16));
#3593 = DIRECTION('',(-3.108532283332E-16,-1.,6.786238238021E-15));
#3594 = DEFINITIONAL_REPRESENTATION('',(#3595),#3599);
#3595 = LINE('',#3596,#3597);
#3596 = CARTESIAN_POINT('',(25.424132444628,25.735889132455));
#3597 = VECTOR('',#3598,1.);
#3598 = DIRECTION('',(-0.5,-0.866025403784));
#3599 = ( GEOMETRIC_REPRESENTATION_CONTEXT(2) 
PARAMETRIC_REPRESENTATION_CONTEXT() REPRESENTATION_CONTEXT('2D SPACE',''
  ) );
#3600 = ORIENTED_EDGE('',*,*,#3601,.T.);
#3601 = EDGE_CURVE('',#3574,#3602,#3604,.T.);
#3602 = VERTEX_POINT('',#3603);
#3603 = CARTESIAN_POINT('',(37.5,336.73056809375,23.735889132452));
#3604 = SURFACE_CURVE('',#3605,(#3609,#3616),.PCURVE_S1.);
#3605 = LINE('',#3606,#3607);
#3606 = CARTESIAN_POINT('',(-1.78470598827,336.73056809375,
    23.735889132452));
#3607 = VECTOR('',#3608,1.);
#3608 = DIRECTION('',(-1.,3.108532283331E-16,-6.64265828938E-16));
#3609 = PCURVE('',#3250,#3610);
#3610 = DEFINITIONAL_REPRESENTATION('',(#3611),#3615);
#3611 = LINE('',#3612,#3613);
#3612 = CARTESIAN_POINT('',(-2.309401076758,0.));
#3613 = VECTOR('',#3614,1.);
#3614 = DIRECTION('',(0.,1.));
#3615 = ( GEOMETRIC_REPRESENTATION_CONTEXT(2) 
PARAMETRIC_REPRESENTATION_CONTEXT() REPRESENTATION_CONTEXT('2D SPACE',''
  ) );
#3616 = PCURVE('',#3617,#3622);
#3617 = PLANE('',#3618);
#3618 = AXIS2_PLACEMENT_3D('',#3619,#3620,#3621);
#3619 = CARTESIAN_POINT('',(6.660598367848,364.50111604177,
    23.735889132452));
#3620 = DIRECTION('',(-6.64265828938E-16,6.786238238021E-15,1.));
#3621 = DIRECTION('',(-1.,3.108532283331E-16,-6.64265828938E-16));
#3622 = DEFINITIONAL_REPRESENTATION('',(#3623),#3627);
#3623 = LINE('',#3624,#3625);
#3624 = CARTESIAN_POINT('',(8.445304356118,27.770547948021));
#3625 = VECTOR('',#3626,1.);
#3626 = DIRECTION('',(1.,0.));
#3627 = ( GEOMETRIC_REPRESENTATION_CONTEXT(2) 
PARAMETRIC_REPRESENTATION_CONTEXT() REPRESENTATION_CONTEXT('2D SPACE',''
  ) );
#3628 = ORIENTED_EDGE('',*,*,#3629,.T.);
#3629 = EDGE_CURVE('',#3602,#3448,#3630,.T.);
#3630 = SURFACE_CURVE('',#3631,(#3635,#3642),.PCURVE_S1.);
#3631 = LINE('',#3632,#3633);
#3632 = CARTESIAN_POINT('',(37.5,335.57586755537,25.735889132452));
#3633 = VECTOR('',#3634,1.);
#3634 = DIRECTION('',(7.306976968928E-16,0.5,-0.866025403784));
#3635 = PCURVE('',#3250,#3636);
#3636 = DEFINITIONAL_REPRESENTATION('',(#3637),#3641);
#3637 = LINE('',#3638,#3639);
#3638 = CARTESIAN_POINT('',(0.,-39.28470598827));
#3639 = VECTOR('',#3640,1.);
#3640 = DIRECTION('',(-1.,0.));
#3641 = ( GEOMETRIC_REPRESENTATION_CONTEXT(2) 
PARAMETRIC_REPRESENTATION_CONTEXT() REPRESENTATION_CONTEXT('2D SPACE',''
  ) );
#3642 = PCURVE('',#45,#3643);
#3643 = DEFINITIONAL_REPRESENTATION('',(#3644),#3648);
#3644 = LINE('',#3645,#3646);
#3645 = CARTESIAN_POINT('',(25.424132444628,25.735889132455));
#3646 = VECTOR('',#3647,1.);
#3647 = DIRECTION('',(-0.5,-0.866025403784));
#3648 = ( GEOMETRIC_REPRESENTATION_CONTEXT(2) 
PARAMETRIC_REPRESENTATION_CONTEXT() REPRESENTATION_CONTEXT('2D SPACE',''
  ) );
#3649 = ADVANCED_FACE('',(#3650),#3664,.T.);
#3650 = FACE_BOUND('',#3651,.T.);
#3651 = EDGE_LOOP('',(#3652,#3687,#3715,#3744));
#3652 = ORIENTED_EDGE('',*,*,#3653,.F.);
#3653 = EDGE_CURVE('',#3654,#3656,#3658,.T.);
#3654 = VERTEX_POINT('',#3655);
#3655 = CARTESIAN_POINT('',(43.5,339.53071689932,13.735889132452));
#3656 = VERTEX_POINT('',#3657);
#3657 = CARTESIAN_POINT('',(43.5,338.13064249653,11.310889132453));
#3658 = SURFACE_CURVE('',#3659,(#3663,#3675),.PCURVE_S1.);
#3659 = LINE('',#3660,#3661);
#3660 = CARTESIAN_POINT('',(43.5,341.01739384248,16.310889132453));
#3661 = VECTOR('',#3662,1.);
#3662 = DIRECTION('',(4.198444685597E-16,-0.5,-0.866025403784));
#3663 = PCURVE('',#3664,#3669);
#3664 = PLANE('',#3665);
#3665 = AXIS2_PLACEMENT_3D('',#3666,#3667,#3668);
#3666 = CARTESIAN_POINT('',(43.5,361.,-3.920051710965E-12));
#3667 = DIRECTION('',(-1.,3.108532283331E-16,-6.64265828938E-16));
#3668 = DIRECTION('',(-3.108532283332E-16,-1.,6.786238238021E-15));
#3669 = DEFINITIONAL_REPRESENTATION('',(#3670),#3674);
#3670 = LINE('',#3671,#3672);
#3671 = CARTESIAN_POINT('',(19.982606157516,16.310889132457));
#3672 = VECTOR('',#3673,1.);
#3673 = DIRECTION('',(0.5,-0.866025403784));
#3674 = ( GEOMETRIC_REPRESENTATION_CONTEXT(2) 
PARAMETRIC_REPRESENTATION_CONTEXT() REPRESENTATION_CONTEXT('2D SPACE',''
  ) );
#3675 = PCURVE('',#3676,#3681);
#3676 = PLANE('',#3677);
#3677 = AXIS2_PLACEMENT_3D('',#3678,#3679,#3680);
#3678 = CARTESIAN_POINT('',(-1.78470598827,341.01739384248,
    16.310889132453));
#3679 = DIRECTION('',(-6.013397070539E-16,-0.866025403784,0.5));
#3680 = DIRECTION('',(-4.198444685597E-16,0.5,0.866025403784));
#3681 = DEFINITIONAL_REPRESENTATION('',(#3682),#3686);
#3682 = LINE('',#3683,#3684);
#3683 = CARTESIAN_POINT('',(0.,-45.28470598827));
#3684 = VECTOR('',#3685,1.);
#3685 = DIRECTION('',(-1.,0.));
#3686 = ( GEOMETRIC_REPRESENTATION_CONTEXT(2) 
PARAMETRIC_REPRESENTATION_CONTEXT() REPRESENTATION_CONTEXT('2D SPACE',''
  ) );
#3687 = ORIENTED_EDGE('',*,*,#3688,.F.);
#3688 = EDGE_CURVE('',#3689,#3654,#3691,.T.);
#3689 = VERTEX_POINT('',#3690);
#3690 = CARTESIAN_POINT('',(43.5,350.48261678263,13.735889132452));
#3691 = SURFACE_CURVE('',#3692,(#3696,#3703),.PCURVE_S1.);
#3692 = LINE('',#3693,#3694);
#3693 = CARTESIAN_POINT('',(43.5,361.,13.735889132452));
#3694 = VECTOR('',#3695,1.);
#3695 = DIRECTION('',(-3.108532283332E-16,-1.,6.786238238021E-15));
#3696 = PCURVE('',#3664,#3697);
#3697 = DEFINITIONAL_REPRESENTATION('',(#3698),#3702);
#3698 = LINE('',#3699,#3700);
#3699 = CARTESIAN_POINT('',(0.,13.735889132456));
#3700 = VECTOR('',#3701,1.);
#3701 = DIRECTION('',(1.,0.));
#3702 = ( GEOMETRIC_REPRESENTATION_CONTEXT(2) 
PARAMETRIC_REPRESENTATION_CONTEXT() REPRESENTATION_CONTEXT('2D SPACE',''
  ) );
#3703 = PCURVE('',#3704,#3709);
#3704 = PLANE('',#3705);
#3705 = AXIS2_PLACEMENT_3D('',#3706,#3707,#3708);
#3706 = CARTESIAN_POINT('',(6.660598367848,361.,13.735889132452));
#3707 = DIRECTION('',(-6.64265828938E-16,6.786238238021E-15,1.));
#3708 = DIRECTION('',(-1.,3.108532283331E-16,-6.64265828938E-16));
#3709 = DEFINITIONAL_REPRESENTATION('',(#3710),#3714);
#3710 = LINE('',#3711,#3712);
#3711 = CARTESIAN_POINT('',(-36.83940163215,0.));
#3712 = VECTOR('',#3713,1.);
#3713 = DIRECTION('',(0.,1.));
#3714 = ( GEOMETRIC_REPRESENTATION_CONTEXT(2) 
PARAMETRIC_REPRESENTATION_CONTEXT() REPRESENTATION_CONTEXT('2D SPACE',''
  ) );
#3715 = ORIENTED_EDGE('',*,*,#3716,.F.);
#3716 = EDGE_CURVE('',#3717,#3689,#3719,.T.);
#3717 = VERTEX_POINT('',#3718);
#3718 = CARTESIAN_POINT('',(43.5,343.76910763859,1.544781029698));
#3719 = SURFACE_CURVE('',#3720,(#3725,#3732),.PCURVE_S1.);
#3720 = CIRCLE('',#3721,17.3);
#3721 = AXIS2_PLACEMENT_3D('',#3722,#3723,#3724);
#3722 = CARTESIAN_POINT('',(43.5,361.,-3.920166807143E-12));
#3723 = DIRECTION('',(-1.,3.108532283331E-16,-6.64265828938E-16));
#3724 = DIRECTION('',(-3.108532283332E-16,-1.,6.786238238021E-15));
#3725 = PCURVE('',#3664,#3726);
#3726 = DEFINITIONAL_REPRESENTATION('',(#3727),#3731);
#3727 = CIRCLE('',#3728,17.3);
#3728 = AXIS2_PLACEMENT_2D('',#3729,#3730);
#3729 = CARTESIAN_POINT('',(8.855658584196E-15,-1.150961771119E-16));
#3730 = DIRECTION('',(1.,0.));
#3731 = ( GEOMETRIC_REPRESENTATION_CONTEXT(2) 
PARAMETRIC_REPRESENTATION_CONTEXT() REPRESENTATION_CONTEXT('2D SPACE',''
  ) );
#3732 = PCURVE('',#3733,#3738);
#3733 = CYLINDRICAL_SURFACE('',#3734,17.3);
#3734 = AXIS2_PLACEMENT_3D('',#3735,#3736,#3737);
#3735 = CARTESIAN_POINT('',(1.172917526376,361.,-3.948283241668E-12));
#3736 = DIRECTION('',(1.,-3.108532283331E-16,6.64265828938E-16));
#3737 = DIRECTION('',(3.108532283332E-16,1.,-6.786238238021E-15));
#3738 = DEFINITIONAL_REPRESENTATION('',(#3739),#3743);
#3739 = LINE('',#3740,#3741);
#3740 = CARTESIAN_POINT('',(3.14159265359,42.327082473624));
#3741 = VECTOR('',#3742,1.);
#3742 = DIRECTION('',(-1.,0.));
#3743 = ( GEOMETRIC_REPRESENTATION_CONTEXT(2) 
PARAMETRIC_REPRESENTATION_CONTEXT() REPRESENTATION_CONTEXT('2D SPACE',''
  ) );
#3744 = ORIENTED_EDGE('',*,*,#3745,.F.);
#3745 = EDGE_CURVE('',#3656,#3717,#3746,.T.);
#3746 = SURFACE_CURVE('',#3747,(#3751,#3758),.PCURVE_S1.);
#3747 = LINE('',#3748,#3749);
#3748 = CARTESIAN_POINT('',(43.5,348.74574053645,-7.075000000004));
#3749 = VECTOR('',#3750,1.);
#3750 = DIRECTION('',(7.306976968928E-16,0.5,-0.866025403784));
#3751 = PCURVE('',#3664,#3752);
#3752 = DEFINITIONAL_REPRESENTATION('',(#3753),#3757);
#3753 = LINE('',#3754,#3755);
#3754 = CARTESIAN_POINT('',(12.25425946355,-7.075));
#3755 = VECTOR('',#3756,1.);
#3756 = DIRECTION('',(-0.5,-0.866025403784));
#3757 = ( GEOMETRIC_REPRESENTATION_CONTEXT(2) 
PARAMETRIC_REPRESENTATION_CONTEXT() REPRESENTATION_CONTEXT('2D SPACE',''
  ) );
#3758 = PCURVE('',#3759,#3764);
#3759 = PLANE('',#3760);
#3760 = AXIS2_PLACEMENT_3D('',#3761,#3762,#3763);
#3761 = CARTESIAN_POINT('',(-1.78470598827,348.74574053645,
    -7.075000000004));
#3762 = DIRECTION('',(6.29261218841E-17,-0.866025403784,-0.5));
#3763 = DIRECTION('',(-7.306976968928E-16,-0.5,0.866025403784));
#3764 = DEFINITIONAL_REPRESENTATION('',(#3765),#3769);
#3765 = LINE('',#3766,#3767);
#3766 = CARTESIAN_POINT('',(0.,-45.28470598827));
#3767 = VECTOR('',#3768,1.);
#3768 = DIRECTION('',(-1.,0.));
#3769 = ( GEOMETRIC_REPRESENTATION_CONTEXT(2) 
PARAMETRIC_REPRESENTATION_CONTEXT() REPRESENTATION_CONTEXT('2D SPACE',''
  ) );
#3770 = ADVANCED_FACE('',(#3771),#3676,.F.);
#3771 = FACE_BOUND('',#3772,.T.);
#3772 = EDGE_LOOP('',(#3773,#3796,#3797,#3820));
#3773 = ORIENTED_EDGE('',*,*,#3774,.T.);
#3774 = EDGE_CURVE('',#3775,#3654,#3777,.T.);
#3775 = VERTEX_POINT('',#3776);
#3776 = CARTESIAN_POINT('',(37.5,339.53071689932,13.735889132452));
#3777 = SURFACE_CURVE('',#3778,(#3782,#3789),.PCURVE_S1.);
#3778 = LINE('',#3779,#3780);
#3779 = CARTESIAN_POINT('',(6.660598367848,339.53071689932,
    13.735889132452));
#3780 = VECTOR('',#3781,1.);
#3781 = DIRECTION('',(1.,-3.108532283331E-16,6.64265828938E-16));
#3782 = PCURVE('',#3676,#3783);
#3783 = DEFINITIONAL_REPRESENTATION('',(#3784),#3788);
#3784 = LINE('',#3785,#3786);
#3785 = CARTESIAN_POINT('',(-2.973353886327,-8.445304356118));
#3786 = VECTOR('',#3787,1.);
#3787 = DIRECTION('',(0.,-1.));
#3788 = ( GEOMETRIC_REPRESENTATION_CONTEXT(2) 
PARAMETRIC_REPRESENTATION_CONTEXT() REPRESENTATION_CONTEXT('2D SPACE',''
  ) );
#3789 = PCURVE('',#3704,#3790);
#3790 = DEFINITIONAL_REPRESENTATION('',(#3791),#3795);
#3791 = LINE('',#3792,#3793);
#3792 = CARTESIAN_POINT('',(0.,21.46928310068));
#3793 = VECTOR('',#3794,1.);
#3794 = DIRECTION('',(-1.,0.));
#3795 = ( GEOMETRIC_REPRESENTATION_CONTEXT(2) 
PARAMETRIC_REPRESENTATION_CONTEXT() REPRESENTATION_CONTEXT('2D SPACE',''
  ) );
#3796 = ORIENTED_EDGE('',*,*,#3653,.T.);
#3797 = ORIENTED_EDGE('',*,*,#3798,.F.);
#3798 = EDGE_CURVE('',#3799,#3656,#3801,.T.);
#3799 = VERTEX_POINT('',#3800);
#3800 = CARTESIAN_POINT('',(37.5,338.13064249653,11.310889132453));
#3801 = SURFACE_CURVE('',#3802,(#3806,#3813),.PCURVE_S1.);
#3802 = LINE('',#3803,#3804);
#3803 = CARTESIAN_POINT('',(-1.78470598827,338.13064249653,
    11.310889132453));
#3804 = VECTOR('',#3805,1.);
#3805 = DIRECTION('',(1.,-3.108532283331E-16,6.64265828938E-16));
#3806 = PCURVE('',#3676,#3807);
#3807 = DEFINITIONAL_REPRESENTATION('',(#3808),#3812);
#3808 = LINE('',#3809,#3810);
#3809 = CARTESIAN_POINT('',(-5.773502691896,0.));
#3810 = VECTOR('',#3811,1.);
#3811 = DIRECTION('',(0.,-1.));
#3812 = ( GEOMETRIC_REPRESENTATION_CONTEXT(2) 
PARAMETRIC_REPRESENTATION_CONTEXT() REPRESENTATION_CONTEXT('2D SPACE',''
  ) );
#3813 = PCURVE('',#3759,#3814);
#3814 = DEFINITIONAL_REPRESENTATION('',(#3815),#3819);
#3815 = LINE('',#3816,#3817);
#3816 = CARTESIAN_POINT('',(21.230196079829,0.));
#3817 = VECTOR('',#3818,1.);
#3818 = DIRECTION('',(0.,-1.));
#3819 = ( GEOMETRIC_REPRESENTATION_CONTEXT(2) 
PARAMETRIC_REPRESENTATION_CONTEXT() REPRESENTATION_CONTEXT('2D SPACE',''
  ) );
#3820 = ORIENTED_EDGE('',*,*,#3821,.F.);
#3821 = EDGE_CURVE('',#3775,#3799,#3822,.T.);
#3822 = SURFACE_CURVE('',#3823,(#3827,#3834),.PCURVE_S1.);
#3823 = LINE('',#3824,#3825);
#3824 = CARTESIAN_POINT('',(37.5,341.01739384248,16.310889132453));
#3825 = VECTOR('',#3826,1.);
#3826 = DIRECTION('',(4.198444685597E-16,-0.5,-0.866025403784));
#3827 = PCURVE('',#3676,#3828);
#3828 = DEFINITIONAL_REPRESENTATION('',(#3829),#3833);
#3829 = LINE('',#3830,#3831);
#3830 = CARTESIAN_POINT('',(0.,-39.28470598827));
#3831 = VECTOR('',#3832,1.);
#3832 = DIRECTION('',(-1.,0.));
#3833 = ( GEOMETRIC_REPRESENTATION_CONTEXT(2) 
PARAMETRIC_REPRESENTATION_CONTEXT() REPRESENTATION_CONTEXT('2D SPACE',''
  ) );
#3834 = PCURVE('',#45,#3835);
#3835 = DEFINITIONAL_REPRESENTATION('',(#3836),#3840);
#3836 = LINE('',#3837,#3838);
#3837 = CARTESIAN_POINT('',(19.982606157516,16.310889132457));
#3838 = VECTOR('',#3839,1.);
#3839 = DIRECTION('',(0.5,-0.866025403784));
#3840 = ( GEOMETRIC_REPRESENTATION_CONTEXT(2) 
PARAMETRIC_REPRESENTATION_CONTEXT() REPRESENTATION_CONTEXT('2D SPACE',''
  ) );
#3841 = ADVANCED_FACE('',(#3842),#3733,.T.);
#3842 = FACE_BOUND('',#3843,.T.);
#3843 = EDGE_LOOP('',(#3844,#3867,#3891,#3912));
#3844 = ORIENTED_EDGE('',*,*,#3845,.F.);
#3845 = EDGE_CURVE('',#3846,#3689,#3848,.T.);
#3846 = VERTEX_POINT('',#3847);
#3847 = CARTESIAN_POINT('',(37.5,350.48261678263,13.735889132452));
#3848 = SURFACE_CURVE('',#3849,(#3853,#3860),.PCURVE_S1.);
#3849 = LINE('',#3850,#3851);
#3850 = CARTESIAN_POINT('',(6.660598367848,350.48261678263,
    13.735889132452));
#3851 = VECTOR('',#3852,1.);
#3852 = DIRECTION('',(1.,-3.108532283331E-16,6.64265828938E-16));
#3853 = PCURVE('',#3733,#3854);
#3854 = DEFINITIONAL_REPRESENTATION('',(#3855),#3859);
#3855 = LINE('',#3856,#3857);
#3856 = CARTESIAN_POINT('',(2.22426136314,5.487680841473));
#3857 = VECTOR('',#3858,1.);
#3858 = DIRECTION('',(0.,1.));
#3859 = ( GEOMETRIC_REPRESENTATION_CONTEXT(2) 
PARAMETRIC_REPRESENTATION_CONTEXT() REPRESENTATION_CONTEXT('2D SPACE',''
  ) );
#3860 = PCURVE('',#3704,#3861);
#3861 = DEFINITIONAL_REPRESENTATION('',(#3862),#3866);
#3862 = LINE('',#3863,#3864);
#3863 = CARTESIAN_POINT('',(0.,10.517383217363));
#3864 = VECTOR('',#3865,1.);
#3865 = DIRECTION('',(-1.,0.));
#3866 = ( GEOMETRIC_REPRESENTATION_CONTEXT(2) 
PARAMETRIC_REPRESENTATION_CONTEXT() REPRESENTATION_CONTEXT('2D SPACE',''
  ) );
#3867 = ORIENTED_EDGE('',*,*,#3868,.F.);
#3868 = EDGE_CURVE('',#3869,#3846,#3871,.T.);
#3869 = VERTEX_POINT('',#3870);
#3870 = CARTESIAN_POINT('',(37.5,343.76910763859,1.544781029698));
#3871 = SURFACE_CURVE('',#3872,(#3877,#3884),.PCURVE_S1.);
#3872 = CIRCLE('',#3873,17.3);
#3873 = AXIS2_PLACEMENT_3D('',#3874,#3875,#3876);
#3874 = CARTESIAN_POINT('',(37.5,361.,-3.924152402116E-12));
#3875 = DIRECTION('',(-1.,3.108532283331E-16,-6.64265828938E-16));
#3876 = DIRECTION('',(-3.108532283332E-16,-1.,6.786238238021E-15));
#3877 = PCURVE('',#3733,#3878);
#3878 = DEFINITIONAL_REPRESENTATION('',(#3879),#3883);
#3879 = LINE('',#3880,#3881);
#3880 = CARTESIAN_POINT('',(3.14159265359,36.327082473624));
#3881 = VECTOR('',#3882,1.);
#3882 = DIRECTION('',(-1.,0.));
#3883 = ( GEOMETRIC_REPRESENTATION_CONTEXT(2) 
PARAMETRIC_REPRESENTATION_CONTEXT() REPRESENTATION_CONTEXT('2D SPACE',''
  ) );
#3884 = PCURVE('',#45,#3885);
#3885 = DEFINITIONAL_REPRESENTATION('',(#3886),#3890);
#3886 = CIRCLE('',#3887,17.3);
#3887 = AXIS2_PLACEMENT_2D('',#3888,#3889);
#3888 = CARTESIAN_POINT('',(8.855658584196E-15,-1.150961771119E-16));
#3889 = DIRECTION('',(1.,0.));
#3890 = ( GEOMETRIC_REPRESENTATION_CONTEXT(2) 
PARAMETRIC_REPRESENTATION_CONTEXT() REPRESENTATION_CONTEXT('2D SPACE',''
  ) );
#3891 = ORIENTED_EDGE('',*,*,#3892,.T.);
#3892 = EDGE_CURVE('',#3869,#3717,#3893,.T.);
#3893 = SURFACE_CURVE('',#3894,(#3898,#3905),.PCURVE_S1.);
#3894 = LINE('',#3895,#3896);
#3895 = CARTESIAN_POINT('',(1.172917526376,343.76910763859,
    1.544781029698));
#3896 = VECTOR('',#3897,1.);
#3897 = DIRECTION('',(1.,-3.108532283331E-16,6.64265828938E-16));
#3898 = PCURVE('',#3733,#3899);
#3899 = DEFINITIONAL_REPRESENTATION('',(#3900),#3904);
#3900 = LINE('',#3901,#3902);
#3901 = CARTESIAN_POINT('',(3.052179862779,0.));
#3902 = VECTOR('',#3903,1.);
#3903 = DIRECTION('',(0.,1.));
#3904 = ( GEOMETRIC_REPRESENTATION_CONTEXT(2) 
PARAMETRIC_REPRESENTATION_CONTEXT() REPRESENTATION_CONTEXT('2D SPACE',''
  ) );
#3905 = PCURVE('',#3759,#3906);
#3906 = DEFINITIONAL_REPRESENTATION('',(#3907),#3911);
#3907 = LINE('',#3908,#3909);
#3908 = CARTESIAN_POINT('',(9.953265795707,-2.957623514646));
#3909 = VECTOR('',#3910,1.);
#3910 = DIRECTION('',(0.,-1.));
#3911 = ( GEOMETRIC_REPRESENTATION_CONTEXT(2) 
PARAMETRIC_REPRESENTATION_CONTEXT() REPRESENTATION_CONTEXT('2D SPACE',''
  ) );
#3912 = ORIENTED_EDGE('',*,*,#3716,.T.);
#3913 = ADVANCED_FACE('',(#3914),#3589,.T.);
#3914 = FACE_BOUND('',#3915,.T.);
#3915 = EDGE_LOOP('',(#3916,#3939,#3940,#3963,#3991));
#3916 = ORIENTED_EDGE('',*,*,#3917,.T.);
#3917 = EDGE_CURVE('',#3918,#3574,#3920,.T.);
#3918 = VERTEX_POINT('',#3919);
#3919 = CARTESIAN_POINT('',(43.5,363.63509063798,23.735889132452));
#3920 = SURFACE_CURVE('',#3921,(#3925,#3932),.PCURVE_S1.);
#3921 = LINE('',#3922,#3923);
#3922 = CARTESIAN_POINT('',(43.5,364.50111604177,23.735889132452));
#3923 = VECTOR('',#3924,1.);
#3924 = DIRECTION('',(-3.108532283332E-16,-1.,6.786238238021E-15));
#3925 = PCURVE('',#3589,#3926);
#3926 = DEFINITIONAL_REPRESENTATION('',(#3927),#3931);
#3927 = LINE('',#3928,#3929);
#3928 = CARTESIAN_POINT('',(-3.501116041772,23.735889132456));
#3929 = VECTOR('',#3930,1.);
#3930 = DIRECTION('',(1.,0.));
#3931 = ( GEOMETRIC_REPRESENTATION_CONTEXT(2) 
PARAMETRIC_REPRESENTATION_CONTEXT() REPRESENTATION_CONTEXT('2D SPACE',''
  ) );
#3932 = PCURVE('',#3617,#3933);
#3933 = DEFINITIONAL_REPRESENTATION('',(#3934),#3938);
#3934 = LINE('',#3935,#3936);
#3935 = CARTESIAN_POINT('',(-36.83940163215,0.));
#3936 = VECTOR('',#3937,1.);
#3937 = DIRECTION('',(0.,1.));
#3938 = ( GEOMETRIC_REPRESENTATION_CONTEXT(2) 
PARAMETRIC_REPRESENTATION_CONTEXT() REPRESENTATION_CONTEXT('2D SPACE',''
  ) );
#3939 = ORIENTED_EDGE('',*,*,#3573,.F.);
#3940 = ORIENTED_EDGE('',*,*,#3941,.F.);
#3941 = EDGE_CURVE('',#3942,#3546,#3944,.T.);
#3942 = VERTEX_POINT('',#3943);
#3943 = CARTESIAN_POINT('',(43.5,339.03996917051,27.735889132452));
#3944 = SURFACE_CURVE('',#3945,(#3949,#3956),.PCURVE_S1.);
#3945 = LINE('',#3946,#3947);
#3946 = CARTESIAN_POINT('',(43.5,327.04551732809,20.810889132452));
#3947 = VECTOR('',#3948,1.);
#3948 = DIRECTION('',(6.29261218841E-17,-0.866025403784,-0.5));
#3949 = PCURVE('',#3589,#3950);
#3950 = DEFINITIONAL_REPRESENTATION('',(#3951),#3955);
#3951 = LINE('',#3952,#3953);
#3952 = CARTESIAN_POINT('',(33.954482671904,20.810889132455));
#3953 = VECTOR('',#3954,1.);
#3954 = DIRECTION('',(0.866025403784,-0.5));
#3955 = ( GEOMETRIC_REPRESENTATION_CONTEXT(2) 
PARAMETRIC_REPRESENTATION_CONTEXT() REPRESENTATION_CONTEXT('2D SPACE',''
  ) );
#3956 = PCURVE('',#3561,#3957);
#3957 = DEFINITIONAL_REPRESENTATION('',(#3958),#3962);
#3958 = LINE('',#3959,#3960);
#3959 = CARTESIAN_POINT('',(0.,-24.5));
#3960 = VECTOR('',#3961,1.);
#3961 = DIRECTION('',(-1.,0.));
#3962 = ( GEOMETRIC_REPRESENTATION_CONTEXT(2) 
PARAMETRIC_REPRESENTATION_CONTEXT() REPRESENTATION_CONTEXT('2D SPACE',''
  ) );
#3963 = ORIENTED_EDGE('',*,*,#3964,.F.);
#3964 = EDGE_CURVE('',#3965,#3942,#3967,.T.);
#3965 = VERTEX_POINT('',#3966);
#3966 = CARTESIAN_POINT('',(43.5,361.32568956123,27.735889132452));
#3967 = SURFACE_CURVE('',#3968,(#3972,#3979),.PCURVE_S1.);
#3968 = LINE('',#3969,#3970);
#3969 = CARTESIAN_POINT('',(43.5,361.,27.735889132452));
#3970 = VECTOR('',#3971,1.);
#3971 = DIRECTION('',(-3.108532283332E-16,-1.,6.786238238021E-15));
#3972 = PCURVE('',#3589,#3973);
#3973 = DEFINITIONAL_REPRESENTATION('',(#3974),#3978);
#3974 = LINE('',#3975,#3976);
#3975 = CARTESIAN_POINT('',(0.,27.735889132456));
#3976 = VECTOR('',#3977,1.);
#3977 = DIRECTION('',(1.,0.));
#3978 = ( GEOMETRIC_REPRESENTATION_CONTEXT(2) 
PARAMETRIC_REPRESENTATION_CONTEXT() REPRESENTATION_CONTEXT('2D SPACE',''
  ) );
#3979 = PCURVE('',#3980,#3985);
#3980 = PLANE('',#3981);
#3981 = AXIS2_PLACEMENT_3D('',#3982,#3983,#3984);
#3982 = CARTESIAN_POINT('',(6.660598367848,361.,27.735889132452));
#3983 = DIRECTION('',(-6.64265828938E-16,6.786238238021E-15,1.));
#3984 = DIRECTION('',(-1.,3.108532283331E-16,-6.64265828938E-16));
#3985 = DEFINITIONAL_REPRESENTATION('',(#3986),#3990);
#3986 = LINE('',#3987,#3988);
#3987 = CARTESIAN_POINT('',(-36.83940163215,0.));
#3988 = VECTOR('',#3989,1.);
#3989 = DIRECTION('',(0.,1.));
#3990 = ( GEOMETRIC_REPRESENTATION_CONTEXT(2) 
PARAMETRIC_REPRESENTATION_CONTEXT() REPRESENTATION_CONTEXT('2D SPACE',''
  ) );
#3991 = ORIENTED_EDGE('',*,*,#3992,.T.);
#3992 = EDGE_CURVE('',#3965,#3918,#3993,.T.);
#3993 = SURFACE_CURVE('',#3994,(#3998,#4005),.PCURVE_S1.);
#3994 = LINE('',#3995,#3996);
#3995 = CARTESIAN_POINT('',(43.5,355.75425946355,37.385889132451));
#3996 = VECTOR('',#3997,1.);
#3997 = DIRECTION('',(7.802612247779E-16,0.5,-0.866025403784));
#3998 = PCURVE('',#3589,#3999);
#3999 = DEFINITIONAL_REPRESENTATION('',(#4000),#4004);
#4000 = LINE('',#4001,#4002);
#4001 = CARTESIAN_POINT('',(5.24574053645,37.385889132455));
#4002 = VECTOR('',#4003,1.);
#4003 = DIRECTION('',(-0.5,-0.866025403784));
#4004 = ( GEOMETRIC_REPRESENTATION_CONTEXT(2) 
PARAMETRIC_REPRESENTATION_CONTEXT() REPRESENTATION_CONTEXT('2D SPACE',''
  ) );
#4005 = PCURVE('',#4006,#4011);
#4006 = PLANE('',#4007);
#4007 = AXIS2_PLACEMENT_3D('',#4008,#4009,#4010);
#4008 = CARTESIAN_POINT('',(49.5,373.25425946355,7.074999999996));
#4009 = DIRECTION('',(5.209841081028E-16,0.866025403784,0.5));
#4010 = DIRECTION('',(7.306976968928E-16,0.5,-0.866025403784));
#4011 = DEFINITIONAL_REPRESENTATION('',(#4012),#4016);
#4012 = LINE('',#4013,#4014);
#4013 = CARTESIAN_POINT('',(-35.,6.));
#4014 = VECTOR('',#4015,1.);
#4015 = DIRECTION('',(1.,-4.956352788504E-17));
#4016 = ( GEOMETRIC_REPRESENTATION_CONTEXT(2) 
PARAMETRIC_REPRESENTATION_CONTEXT() REPRESENTATION_CONTEXT('2D SPACE',''
  ) );
#4017 = ADVANCED_FACE('',(#4018),#4006,.F.);
#4018 = FACE_BOUND('',#4019,.T.);
#4019 = EDGE_LOOP('',(#4020,#4045,#4066,#4067));
#4020 = ORIENTED_EDGE('',*,*,#4021,.T.);
#4021 = EDGE_CURVE('',#4022,#4024,#4026,.T.);
#4022 = VERTEX_POINT('',#4023);
#4023 = CARTESIAN_POINT('',(37.5,361.32568956123,27.735889132452));
#4024 = VERTEX_POINT('',#4025);
#4025 = CARTESIAN_POINT('',(37.5,363.63509063798,23.735889132452));
#4026 = SURFACE_CURVE('',#4027,(#4031,#4038),.PCURVE_S1.);
#4027 = LINE('',#4028,#4029);
#4028 = CARTESIAN_POINT('',(37.5,373.25425946355,7.074999999996));
#4029 = VECTOR('',#4030,1.);
#4030 = DIRECTION('',(7.306976968928E-16,0.5,-0.866025403784));
#4031 = PCURVE('',#4006,#4032);
#4032 = DEFINITIONAL_REPRESENTATION('',(#4033),#4037);
#4033 = LINE('',#4034,#4035);
#4034 = CARTESIAN_POINT('',(-4.122050391133E-16,12.));
#4035 = VECTOR('',#4036,1.);
#4036 = DIRECTION('',(1.,0.));
#4037 = ( GEOMETRIC_REPRESENTATION_CONTEXT(2) 
PARAMETRIC_REPRESENTATION_CONTEXT() REPRESENTATION_CONTEXT('2D SPACE',''
  ) );
#4038 = PCURVE('',#45,#4039);
#4039 = DEFINITIONAL_REPRESENTATION('',(#4040),#4044);
#4040 = LINE('',#4041,#4042);
#4041 = CARTESIAN_POINT('',(-12.25425946355,7.075));
#4042 = VECTOR('',#4043,1.);
#4043 = DIRECTION('',(-0.5,-0.866025403784));
#4044 = ( GEOMETRIC_REPRESENTATION_CONTEXT(2) 
PARAMETRIC_REPRESENTATION_CONTEXT() REPRESENTATION_CONTEXT('2D SPACE',''
  ) );
#4045 = ORIENTED_EDGE('',*,*,#4046,.T.);
#4046 = EDGE_CURVE('',#4024,#3918,#4047,.T.);
#4047 = SURFACE_CURVE('',#4048,(#4052,#4059),.PCURVE_S1.);
#4048 = LINE('',#4049,#4050);
#4049 = CARTESIAN_POINT('',(49.5,363.63509063798,23.735889132452));
#4050 = VECTOR('',#4051,1.);
#4051 = DIRECTION('',(1.,-9.850946852642E-16,6.64265828938E-16));
#4052 = PCURVE('',#4006,#4053);
#4053 = DEFINITIONAL_REPRESENTATION('',(#4054),#4058);
#4054 = LINE('',#4055,#4056);
#4055 = CARTESIAN_POINT('',(-19.23833765112,6.485642403413E-15));
#4056 = VECTOR('',#4057,1.);
#4057 = DIRECTION('',(-3.371207284655E-16,-1.));
#4058 = ( GEOMETRIC_REPRESENTATION_CONTEXT(2) 
PARAMETRIC_REPRESENTATION_CONTEXT() REPRESENTATION_CONTEXT('2D SPACE',''
  ) );
#4059 = PCURVE('',#3617,#4060);
#4060 = DEFINITIONAL_REPRESENTATION('',(#4061),#4065);
#4061 = LINE('',#4062,#4063);
#4062 = CARTESIAN_POINT('',(-42.83940163215,0.866025403784));
#4063 = VECTOR('',#4064,1.);
#4064 = DIRECTION('',(-1.,6.74241456931E-16));
#4065 = ( GEOMETRIC_REPRESENTATION_CONTEXT(2) 
PARAMETRIC_REPRESENTATION_CONTEXT() REPRESENTATION_CONTEXT('2D SPACE',''
  ) );
#4066 = ORIENTED_EDGE('',*,*,#3992,.F.);
#4067 = ORIENTED_EDGE('',*,*,#4068,.F.);
#4068 = EDGE_CURVE('',#4022,#3965,#4069,.T.);
#4069 = SURFACE_CURVE('',#4070,(#4074,#4081),.PCURVE_S1.);
#4070 = LINE('',#4071,#4072);
#4071 = CARTESIAN_POINT('',(6.660598367848,361.32568956123,
    27.735889132452));
#4072 = VECTOR('',#4073,1.);
#4073 = DIRECTION('',(1.,-3.108532283331E-16,6.64265828938E-16));
#4074 = PCURVE('',#4006,#4075);
#4075 = DEFINITIONAL_REPRESENTATION('',(#4076),#4080);
#4076 = LINE('',#4077,#4078);
#4077 = CARTESIAN_POINT('',(-23.85713980464,42.839401632152));
#4078 = VECTOR('',#4079,1.);
#4079 = DIRECTION('',(0.,-1.));
#4080 = ( GEOMETRIC_REPRESENTATION_CONTEXT(2) 
PARAMETRIC_REPRESENTATION_CONTEXT() REPRESENTATION_CONTEXT('2D SPACE',''
  ) );
#4081 = PCURVE('',#3980,#4082);
#4082 = DEFINITIONAL_REPRESENTATION('',(#4083),#4087);
#4083 = LINE('',#4084,#4085);
#4084 = CARTESIAN_POINT('',(0.,-0.325689561229));
#4085 = VECTOR('',#4086,1.);
#4086 = DIRECTION('',(-1.,0.));
#4087 = ( GEOMETRIC_REPRESENTATION_CONTEXT(2) 
PARAMETRIC_REPRESENTATION_CONTEXT() REPRESENTATION_CONTEXT('2D SPACE',''
  ) );
#4088 = ADVANCED_FACE('',(#4089),#4103,.T.);
#4089 = FACE_BOUND('',#4090,.T.);
#4090 = EDGE_LOOP('',(#4091,#4126,#4149));
#4091 = ORIENTED_EDGE('',*,*,#4092,.T.);
#4092 = EDGE_CURVE('',#4093,#4095,#4097,.T.);
#4093 = VERTEX_POINT('',#4094);
#4094 = CARTESIAN_POINT('',(43.5,359.59363875366,30.735889132452));
#4095 = VERTEX_POINT('',#4096);
#4096 = CARTESIAN_POINT('',(43.5,344.23612159321,30.735889132452));
#4097 = SURFACE_CURVE('',#4098,(#4102,#4114),.PCURVE_S1.);
#4098 = LINE('',#4099,#4100);
#4099 = CARTESIAN_POINT('',(43.5,361.,30.735889132452));
#4100 = VECTOR('',#4101,1.);
#4101 = DIRECTION('',(-3.108532283332E-16,-1.,6.786238238021E-15));
#4102 = PCURVE('',#4103,#4108);
#4103 = PLANE('',#4104);
#4104 = AXIS2_PLACEMENT_3D('',#4105,#4106,#4107);
#4105 = CARTESIAN_POINT('',(43.5,361.,-3.920051710965E-12));
#4106 = DIRECTION('',(-1.,3.108532283331E-16,-6.64265828938E-16));
#4107 = DIRECTION('',(-3.108532283332E-16,-1.,6.786238238021E-15));
#4108 = DEFINITIONAL_REPRESENTATION('',(#4109),#4113);
#4109 = LINE('',#4110,#4111);
#4110 = CARTESIAN_POINT('',(0.,30.735889132456));
#4111 = VECTOR('',#4112,1.);
#4112 = DIRECTION('',(1.,0.));
#4113 = ( GEOMETRIC_REPRESENTATION_CONTEXT(2) 
PARAMETRIC_REPRESENTATION_CONTEXT() REPRESENTATION_CONTEXT('2D SPACE',''
  ) );
#4114 = PCURVE('',#4115,#4120);
#4115 = PLANE('',#4116);
#4116 = AXIS2_PLACEMENT_3D('',#4117,#4118,#4119);
#4117 = CARTESIAN_POINT('',(6.660598367848,361.,30.735889132452));
#4118 = DIRECTION('',(-6.64265828938E-16,6.786238238021E-15,1.));
#4119 = DIRECTION('',(-1.,3.108532283331E-16,-6.64265828938E-16));
#4120 = DEFINITIONAL_REPRESENTATION('',(#4121),#4125);
#4121 = LINE('',#4122,#4123);
#4122 = CARTESIAN_POINT('',(-36.83940163215,0.));
#4123 = VECTOR('',#4124,1.);
#4124 = DIRECTION('',(0.,1.));
#4125 = ( GEOMETRIC_REPRESENTATION_CONTEXT(2) 
PARAMETRIC_REPRESENTATION_CONTEXT() REPRESENTATION_CONTEXT('2D SPACE',''
  ) );
#4126 = ORIENTED_EDGE('',*,*,#4127,.F.);
#4127 = EDGE_CURVE('',#4128,#4095,#4130,.T.);
#4128 = VERTEX_POINT('',#4129);
#4129 = CARTESIAN_POINT('',(43.5,355.75425946355,37.385889132451));
#4130 = SURFACE_CURVE('',#4131,(#4135,#4142),.PCURVE_S1.);
#4131 = LINE('',#4132,#4133);
#4132 = CARTESIAN_POINT('',(43.5,327.04551732809,20.810889132452));
#4133 = VECTOR('',#4134,1.);
#4134 = DIRECTION('',(6.29261218841E-17,-0.866025403784,-0.5));
#4135 = PCURVE('',#4103,#4136);
#4136 = DEFINITIONAL_REPRESENTATION('',(#4137),#4141);
#4137 = LINE('',#4138,#4139);
#4138 = CARTESIAN_POINT('',(33.954482671904,20.810889132455));
#4139 = VECTOR('',#4140,1.);
#4140 = DIRECTION('',(0.866025403784,-0.5));
#4141 = ( GEOMETRIC_REPRESENTATION_CONTEXT(2) 
PARAMETRIC_REPRESENTATION_CONTEXT() REPRESENTATION_CONTEXT('2D SPACE',''
  ) );
#4142 = PCURVE('',#3561,#4143);
#4143 = DEFINITIONAL_REPRESENTATION('',(#4144),#4148);
#4144 = LINE('',#4145,#4146);
#4145 = CARTESIAN_POINT('',(0.,-24.5));
#4146 = VECTOR('',#4147,1.);
#4147 = DIRECTION('',(-1.,0.));
#4148 = ( GEOMETRIC_REPRESENTATION_CONTEXT(2) 
PARAMETRIC_REPRESENTATION_CONTEXT() REPRESENTATION_CONTEXT('2D SPACE',''
  ) );
#4149 = ORIENTED_EDGE('',*,*,#4150,.T.);
#4150 = EDGE_CURVE('',#4128,#4093,#4151,.T.);
#4151 = SURFACE_CURVE('',#4152,(#4156,#4163),.PCURVE_S1.);
#4152 = LINE('',#4153,#4154);
#4153 = CARTESIAN_POINT('',(43.5,355.75425946355,37.385889132451));
#4154 = VECTOR('',#4155,1.);
#4155 = DIRECTION('',(7.802612247779E-16,0.5,-0.866025403784));
#4156 = PCURVE('',#4103,#4157);
#4157 = DEFINITIONAL_REPRESENTATION('',(#4158),#4162);
#4158 = LINE('',#4159,#4160);
#4159 = CARTESIAN_POINT('',(5.24574053645,37.385889132455));
#4160 = VECTOR('',#4161,1.);
#4161 = DIRECTION('',(-0.5,-0.866025403784));
#4162 = ( GEOMETRIC_REPRESENTATION_CONTEXT(2) 
PARAMETRIC_REPRESENTATION_CONTEXT() REPRESENTATION_CONTEXT('2D SPACE',''
  ) );
#4163 = PCURVE('',#4164,#4169);
#4164 = PLANE('',#4165);
#4165 = AXIS2_PLACEMENT_3D('',#4166,#4167,#4168);
#4166 = CARTESIAN_POINT('',(49.5,373.25425946355,7.074999999996));
#4167 = DIRECTION('',(5.209841081028E-16,0.866025403784,0.5));
#4168 = DIRECTION('',(7.306976968928E-16,0.5,-0.866025403784));
#4169 = DEFINITIONAL_REPRESENTATION('',(#4170),#4174);
#4170 = LINE('',#4171,#4172);
#4171 = CARTESIAN_POINT('',(-35.,6.));
#4172 = VECTOR('',#4173,1.);
#4173 = DIRECTION('',(1.,-4.956352788504E-17));
#4174 = ( GEOMETRIC_REPRESENTATION_CONTEXT(2) 
PARAMETRIC_REPRESENTATION_CONTEXT() REPRESENTATION_CONTEXT('2D SPACE',''
  ) );
#4175 = ADVANCED_FACE('',(#4176),#4164,.F.);
#4176 = FACE_BOUND('',#4177,.T.);
#4177 = EDGE_LOOP('',(#4178,#4203,#4226,#4247,#4248));
#4178 = ORIENTED_EDGE('',*,*,#4179,.T.);
#4179 = EDGE_CURVE('',#4180,#4182,#4184,.T.);
#4180 = VERTEX_POINT('',#4181);
#4181 = CARTESIAN_POINT('',(29.417096231347,355.75425946355,
    37.385889132451));
#4182 = VERTEX_POINT('',#4183);
#4183 = CARTESIAN_POINT('',(37.5,359.79571134787,30.385889132453));
#4184 = SURFACE_CURVE('',#4185,(#4189,#4196),.PCURVE_S1.);
#4185 = LINE('',#4186,#4187);
#4186 = CARTESIAN_POINT('',(56.958548115674,369.52498540571,
    13.534292143518));
#4187 = VECTOR('',#4188,1.);
#4188 = DIRECTION('',(0.707106781187,0.353553390593,-0.612372435696));
#4189 = PCURVE('',#4164,#4190);
#4190 = DEFINITIONAL_REPRESENTATION('',(#4191),#4195);
#4191 = LINE('',#4192,#4193);
#4192 = CARTESIAN_POINT('',(-7.458548115674,-7.458548115674));
#4193 = VECTOR('',#4194,1.);
#4194 = DIRECTION('',(0.707106781187,-0.707106781187));
#4195 = ( GEOMETRIC_REPRESENTATION_CONTEXT(2) 
PARAMETRIC_REPRESENTATION_CONTEXT() REPRESENTATION_CONTEXT('2D SPACE',''
  ) );
#4196 = PCURVE('',#3533,#4197);
#4197 = DEFINITIONAL_REPRESENTATION('',(#4198),#4202);
#4198 = LINE('',#4199,#4200);
#4199 = CARTESIAN_POINT('',(14.885016079504,-109.2679145008));
#4200 = VECTOR('',#4201,1.);
#4201 = DIRECTION('',(-0.925820099773,-0.377964473009));
#4202 = ( GEOMETRIC_REPRESENTATION_CONTEXT(2) 
PARAMETRIC_REPRESENTATION_CONTEXT() REPRESENTATION_CONTEXT('2D SPACE',''
  ) );
#4203 = ORIENTED_EDGE('',*,*,#4204,.F.);
#4204 = EDGE_CURVE('',#4205,#4182,#4207,.T.);
#4205 = VERTEX_POINT('',#4206);
#4206 = CARTESIAN_POINT('',(37.5,359.59363875366,30.735889132452));
#4207 = SURFACE_CURVE('',#4208,(#4212,#4219),.PCURVE_S1.);
#4208 = LINE('',#4209,#4210);
#4209 = CARTESIAN_POINT('',(37.5,373.25425946355,7.074999999996));
#4210 = VECTOR('',#4211,1.);
#4211 = DIRECTION('',(7.306976968928E-16,0.5,-0.866025403784));
#4212 = PCURVE('',#4164,#4213);
#4213 = DEFINITIONAL_REPRESENTATION('',(#4214),#4218);
#4214 = LINE('',#4215,#4216);
#4215 = CARTESIAN_POINT('',(-4.122050391133E-16,12.));
#4216 = VECTOR('',#4217,1.);
#4217 = DIRECTION('',(1.,-3.241352908228E-32));
#4218 = ( GEOMETRIC_REPRESENTATION_CONTEXT(2) 
PARAMETRIC_REPRESENTATION_CONTEXT() REPRESENTATION_CONTEXT('2D SPACE',''
  ) );
#4219 = PCURVE('',#45,#4220);
#4220 = DEFINITIONAL_REPRESENTATION('',(#4221),#4225);
#4221 = LINE('',#4222,#4223);
#4222 = CARTESIAN_POINT('',(-12.25425946355,7.075));
#4223 = VECTOR('',#4224,1.);
#4224 = DIRECTION('',(-0.5,-0.866025403784));
#4225 = ( GEOMETRIC_REPRESENTATION_CONTEXT(2) 
PARAMETRIC_REPRESENTATION_CONTEXT() REPRESENTATION_CONTEXT('2D SPACE',''
  ) );
#4226 = ORIENTED_EDGE('',*,*,#4227,.T.);
#4227 = EDGE_CURVE('',#4205,#4093,#4228,.T.);
#4228 = SURFACE_CURVE('',#4229,(#4233,#4240),.PCURVE_S1.);
#4229 = LINE('',#4230,#4231);
#4230 = CARTESIAN_POINT('',(6.660598367848,359.59363875366,
    30.735889132452));
#4231 = VECTOR('',#4232,1.);
#4232 = DIRECTION('',(1.,-3.108532283331E-16,6.64265828938E-16));
#4233 = PCURVE('',#4164,#4234);
#4234 = DEFINITIONAL_REPRESENTATION('',(#4235),#4239);
#4235 = LINE('',#4236,#4237);
#4236 = CARTESIAN_POINT('',(-27.32124141977,42.839401632152));
#4237 = VECTOR('',#4238,1.);
#4238 = DIRECTION('',(0.,-1.));
#4239 = ( GEOMETRIC_REPRESENTATION_CONTEXT(2) 
PARAMETRIC_REPRESENTATION_CONTEXT() REPRESENTATION_CONTEXT('2D SPACE',''
  ) );
#4240 = PCURVE('',#4115,#4241);
#4241 = DEFINITIONAL_REPRESENTATION('',(#4242),#4246);
#4242 = LINE('',#4243,#4244);
#4243 = CARTESIAN_POINT('',(0.,1.40636124634));
#4244 = VECTOR('',#4245,1.);
#4245 = DIRECTION('',(-1.,0.));
#4246 = ( GEOMETRIC_REPRESENTATION_CONTEXT(2) 
PARAMETRIC_REPRESENTATION_CONTEXT() REPRESENTATION_CONTEXT('2D SPACE',''
  ) );
#4247 = ORIENTED_EDGE('',*,*,#4150,.F.);
#4248 = ORIENTED_EDGE('',*,*,#4249,.F.);
#4249 = EDGE_CURVE('',#4180,#4128,#4250,.T.);
#4250 = SURFACE_CURVE('',#4251,(#4255,#4262),.PCURVE_S1.);
#4251 = LINE('',#4252,#4253);
#4252 = CARTESIAN_POINT('',(19.,355.75425946355,37.385889132451));
#4253 = VECTOR('',#4254,1.);
#4254 = DIRECTION('',(1.,-5.940733876763E-16,9.474859882812E-16));
#4255 = PCURVE('',#4164,#4256);
#4256 = DEFINITIONAL_REPRESENTATION('',(#4257),#4261);
#4257 = LINE('',#4258,#4259);
#4258 = CARTESIAN_POINT('',(-35.,30.5));
#4259 = VECTOR('',#4260,1.);
#4260 = DIRECTION('',(-3.868859325266E-16,-1.));
#4261 = ( GEOMETRIC_REPRESENTATION_CONTEXT(2) 
PARAMETRIC_REPRESENTATION_CONTEXT() REPRESENTATION_CONTEXT('2D SPACE',''
  ) );
#4262 = PCURVE('',#3561,#4263);
#4263 = DEFINITIONAL_REPRESENTATION('',(#4264),#4268);
#4264 = LINE('',#4265,#4266);
#4265 = CARTESIAN_POINT('',(33.15,0.));
#4266 = VECTOR('',#4267,1.);
#4267 = DIRECTION('',(-1.036657731835E-16,-1.));
#4268 = ( GEOMETRIC_REPRESENTATION_CONTEXT(2) 
PARAMETRIC_REPRESENTATION_CONTEXT() REPRESENTATION_CONTEXT('2D SPACE',''
  ) );
#4269 = ADVANCED_FACE('',(#4270),#3759,.F.);
#4270 = FACE_BOUND('',#4271,.T.);
#4271 = EDGE_LOOP('',(#4272,#4273,#4294,#4295));
#4272 = ORIENTED_EDGE('',*,*,#3892,.F.);
#4273 = ORIENTED_EDGE('',*,*,#4274,.F.);
#4274 = EDGE_CURVE('',#3799,#3869,#4275,.T.);
#4275 = SURFACE_CURVE('',#4276,(#4280,#4287),.PCURVE_S1.);
#4276 = LINE('',#4277,#4278);
#4277 = CARTESIAN_POINT('',(37.5,348.74574053645,-7.075000000004));
#4278 = VECTOR('',#4279,1.);
#4279 = DIRECTION('',(7.306976968928E-16,0.5,-0.866025403784));
#4280 = PCURVE('',#3759,#4281);
#4281 = DEFINITIONAL_REPRESENTATION('',(#4282),#4286);
#4282 = LINE('',#4283,#4284);
#4283 = CARTESIAN_POINT('',(0.,-39.28470598827));
#4284 = VECTOR('',#4285,1.);
#4285 = DIRECTION('',(-1.,0.));
#4286 = ( GEOMETRIC_REPRESENTATION_CONTEXT(2) 
PARAMETRIC_REPRESENTATION_CONTEXT() REPRESENTATION_CONTEXT('2D SPACE',''
  ) );
#4287 = PCURVE('',#45,#4288);
#4288 = DEFINITIONAL_REPRESENTATION('',(#4289),#4293);
#4289 = LINE('',#4290,#4291);
#4290 = CARTESIAN_POINT('',(12.25425946355,-7.075));
#4291 = VECTOR('',#4292,1.);
#4292 = DIRECTION('',(-0.5,-0.866025403784));
#4293 = ( GEOMETRIC_REPRESENTATION_CONTEXT(2) 
PARAMETRIC_REPRESENTATION_CONTEXT() REPRESENTATION_CONTEXT('2D SPACE',''
  ) );
#4294 = ORIENTED_EDGE('',*,*,#3798,.T.);
#4295 = ORIENTED_EDGE('',*,*,#3745,.T.);
#4296 = ADVANCED_FACE('',(#4297,#4484,#4730),#896,.F.);
#4297 = FACE_BOUND('',#4298,.T.);
#4298 = EDGE_LOOP('',(#4299,#4325,#4326,#4348,#4349,#4350,#4378,#4400,
    #4401,#4402,#4430,#4452,#4453,#4454,#4455,#4481,#4482,#4483));
#4299 = ORIENTED_EDGE('',*,*,#4300,.F.);
#4300 = EDGE_CURVE('',#1747,#1174,#4301,.T.);
#4301 = SURFACE_CURVE('',#4302,(#4307,#4318),.PCURVE_S1.);
#4302 = CIRCLE('',#4303,3.25);
#4303 = AXIS2_PLACEMENT_3D('',#4304,#4305,#4306);
#4304 = CARTESIAN_POINT('',(-9.899494936612,265.,37.731902271531));
#4305 = DIRECTION('',(-3.108532283332E-16,-1.,7.151443180332E-15));
#4306 = DIRECTION('',(-6.64265828938E-16,7.151443180332E-15,1.));
#4307 = PCURVE('',#896,#4308);
#4308 = DEFINITIONAL_REPRESENTATION('',(#4309),#4317);
#4309 = ( BOUNDED_CURVE() B_SPLINE_CURVE(2,(#4310,#4311,#4312,#4313,
#4314,#4315,#4316),.UNSPECIFIED.,.T.,.F.) B_SPLINE_CURVE_WITH_KNOTS((1,2
    ,2,2,2,1),(-2.094395102393,0.,2.094395102393,4.188790204786,
6.28318530718,8.377580409573),.UNSPECIFIED.) CURVE() 
GEOMETRIC_REPRESENTATION_ITEM() RATIONAL_B_SPLINE_CURVE((1.,0.5,1.,0.5,
1.,0.5,1.)) REPRESENTATION_ITEM('') );
#4310 = CARTESIAN_POINT('',(25.649494936612,-9.100505063388));
#4311 = CARTESIAN_POINT('',(25.649494936612,-3.471339938789));
#4312 = CARTESIAN_POINT('',(30.524494936612,-6.285922501089));
#4313 = CARTESIAN_POINT('',(35.399494936612,-9.100505063388));
#4314 = CARTESIAN_POINT('',(30.524494936612,-11.91508762568));
#4315 = CARTESIAN_POINT('',(25.649494936612,-14.72967018798));
#4316 = CARTESIAN_POINT('',(25.649494936612,-9.100505063388));
#4317 = ( GEOMETRIC_REPRESENTATION_CONTEXT(2) 
PARAMETRIC_REPRESENTATION_CONTEXT() REPRESENTATION_CONTEXT('2D SPACE',''
  ) );
#4318 = PCURVE('',#1217,#4319);
#4319 = DEFINITIONAL_REPRESENTATION('',(#4320),#4324);
#4320 = LINE('',#4321,#4322);
#4321 = CARTESIAN_POINT('',(0.,1.2));
#4322 = VECTOR('',#4323,1.);
#4323 = DIRECTION('',(1.,0.));
#4324 = ( GEOMETRIC_REPRESENTATION_CONTEXT(2) 
PARAMETRIC_REPRESENTATION_CONTEXT() REPRESENTATION_CONTEXT('2D SPACE',''
  ) );
#4325 = ORIENTED_EDGE('',*,*,#1769,.T.);
#4326 = ORIENTED_EDGE('',*,*,#4327,.T.);
#4327 = EDGE_CURVE('',#1770,#1256,#4328,.T.);
#4328 = SURFACE_CURVE('',#4329,(#4334,#4341),.PCURVE_S1.);
#4329 = CIRCLE('',#4330,11.25);
#4330 = AXIS2_PLACEMENT_3D('',#4331,#4332,#4333);
#4331 = CARTESIAN_POINT('',(-2.84217094304E-14,265.,47.631397208142));
#4332 = DIRECTION('',(3.108532283332E-16,1.,-7.151443180332E-15));
#4333 = DIRECTION('',(6.64265828938E-16,-7.151443180332E-15,-1.));
#4334 = PCURVE('',#896,#4335);
#4335 = DEFINITIONAL_REPRESENTATION('',(#4336),#4340);
#4336 = CIRCLE('',#4337,11.25);
#4337 = AXIS2_PLACEMENT_2D('',#4338,#4339);
#4338 = CARTESIAN_POINT('',(19.,-19.));
#4339 = DIRECTION('',(1.,0.));
#4340 = ( GEOMETRIC_REPRESENTATION_CONTEXT(2) 
PARAMETRIC_REPRESENTATION_CONTEXT() REPRESENTATION_CONTEXT('2D SPACE',''
  ) );
#4341 = PCURVE('',#988,#4342);
#4342 = DEFINITIONAL_REPRESENTATION('',(#4343),#4347);
#4343 = LINE('',#4344,#4345);
#4344 = CARTESIAN_POINT('',(-1.570796326795,-4.5));
#4345 = VECTOR('',#4346,1.);
#4346 = DIRECTION('',(1.,0.));
#4347 = ( GEOMETRIC_REPRESENTATION_CONTEXT(2) 
PARAMETRIC_REPRESENTATION_CONTEXT() REPRESENTATION_CONTEXT('2D SPACE',''
  ) );
#4348 = ORIENTED_EDGE('',*,*,#1285,.F.);
#4349 = ORIENTED_EDGE('',*,*,#1371,.F.);
#4350 = ORIENTED_EDGE('',*,*,#4351,.F.);
#4351 = EDGE_CURVE('',#4352,#1372,#4354,.T.);
#4352 = VERTEX_POINT('',#4353);
#4353 = CARTESIAN_POINT('',(-6.783919402851,265.,56.605857500306));
#4354 = SURFACE_CURVE('',#4355,(#4360,#4371),.PCURVE_S1.);
#4355 = CIRCLE('',#4356,3.25);
#4356 = AXIS2_PLACEMENT_3D('',#4357,#4358,#4359);
#4357 = CARTESIAN_POINT('',(-9.899494936612,265.,57.530892144754));
#4358 = DIRECTION('',(-3.108532283332E-16,-1.,7.151443180332E-15));
#4359 = DIRECTION('',(-6.64265828938E-16,7.151443180332E-15,1.));
#4360 = PCURVE('',#896,#4361);
#4361 = DEFINITIONAL_REPRESENTATION('',(#4362),#4370);
#4362 = ( BOUNDED_CURVE() B_SPLINE_CURVE(2,(#4363,#4364,#4365,#4366,
#4367,#4368,#4369),.UNSPECIFIED.,.T.,.F.) B_SPLINE_CURVE_WITH_KNOTS((1,2
    ,2,2,2,1),(-2.094395102393,0.,2.094395102393,4.188790204786,
6.28318530718,8.377580409573),.UNSPECIFIED.) CURVE() 
GEOMETRIC_REPRESENTATION_ITEM() RATIONAL_B_SPLINE_CURVE((1.,0.5,1.,0.5,
1.,0.5,1.)) REPRESENTATION_ITEM('') );
#4363 = CARTESIAN_POINT('',(5.850505063388,-9.100505063388));
#4364 = CARTESIAN_POINT('',(5.850505063388,-3.47133993879));
#4365 = CARTESIAN_POINT('',(10.725505063388,-6.285922501089));
#4366 = CARTESIAN_POINT('',(15.600505063388,-9.100505063388));
#4367 = CARTESIAN_POINT('',(10.725505063388,-11.91508762568));
#4368 = CARTESIAN_POINT('',(5.850505063388,-14.72967018798));
#4369 = CARTESIAN_POINT('',(5.850505063388,-9.100505063388));
#4370 = ( GEOMETRIC_REPRESENTATION_CONTEXT(2) 
PARAMETRIC_REPRESENTATION_CONTEXT() REPRESENTATION_CONTEXT('2D SPACE',''
  ) );
#4371 = PCURVE('',#1415,#4372);
#4372 = DEFINITIONAL_REPRESENTATION('',(#4373),#4377);
#4373 = LINE('',#4374,#4375);
#4374 = CARTESIAN_POINT('',(0.,1.2));
#4375 = VECTOR('',#4376,1.);
#4376 = DIRECTION('',(1.,7.642657898044E-15));
#4377 = ( GEOMETRIC_REPRESENTATION_CONTEXT(2) 
PARAMETRIC_REPRESENTATION_CONTEXT() REPRESENTATION_CONTEXT('2D SPACE',''
  ) );
#4378 = ORIENTED_EDGE('',*,*,#4379,.T.);
#4379 = EDGE_CURVE('',#4352,#971,#4380,.T.);
#4380 = SURFACE_CURVE('',#4381,(#4386,#4393),.PCURVE_S1.);
#4381 = CIRCLE('',#4382,11.25);
#4382 = AXIS2_PLACEMENT_3D('',#4383,#4384,#4385);
#4383 = CARTESIAN_POINT('',(-2.84217094304E-14,265.,47.631397208142));
#4384 = DIRECTION('',(3.108532283332E-16,1.,-7.151443180332E-15));
#4385 = DIRECTION('',(6.64265828938E-16,-7.151443180332E-15,-1.));
#4386 = PCURVE('',#896,#4387);
#4387 = DEFINITIONAL_REPRESENTATION('',(#4388),#4392);
#4388 = CIRCLE('',#4389,11.25);
#4389 = AXIS2_PLACEMENT_2D('',#4390,#4391);
#4390 = CARTESIAN_POINT('',(19.,-19.));
#4391 = DIRECTION('',(1.,0.));
#4392 = ( GEOMETRIC_REPRESENTATION_CONTEXT(2) 
PARAMETRIC_REPRESENTATION_CONTEXT() REPRESENTATION_CONTEXT('2D SPACE',''
  ) );
#4393 = PCURVE('',#988,#4394);
#4394 = DEFINITIONAL_REPRESENTATION('',(#4395),#4399);
#4395 = LINE('',#4396,#4397);
#4396 = CARTESIAN_POINT('',(-1.570796326795,-4.5));
#4397 = VECTOR('',#4398,1.);
#4398 = DIRECTION('',(1.,0.));
#4399 = ( GEOMETRIC_REPRESENTATION_CONTEXT(2) 
PARAMETRIC_REPRESENTATION_CONTEXT() REPRESENTATION_CONTEXT('2D SPACE',''
  ) );
#4400 = ORIENTED_EDGE('',*,*,#1000,.F.);
#4401 = ORIENTED_EDGE('',*,*,#879,.F.);
#4402 = ORIENTED_EDGE('',*,*,#4403,.F.);
#4403 = EDGE_CURVE('',#4404,#880,#4406,.T.);
#4404 = VERTEX_POINT('',#4405);
#4405 = CARTESIAN_POINT('',(8.974460292164,265.,54.415316610993));
#4406 = SURFACE_CURVE('',#4407,(#4412,#4423),.PCURVE_S1.);
#4407 = CIRCLE('',#4408,3.25);
#4408 = AXIS2_PLACEMENT_3D('',#4409,#4410,#4411);
#4409 = CARTESIAN_POINT('',(9.899494936612,265.,57.530892144754));
#4410 = DIRECTION('',(-3.108532283332E-16,-1.,7.151443180332E-15));
#4411 = DIRECTION('',(-6.64265828938E-16,7.151443180332E-15,1.));
#4412 = PCURVE('',#896,#4413);
#4413 = DEFINITIONAL_REPRESENTATION('',(#4414),#4422);
#4414 = ( BOUNDED_CURVE() B_SPLINE_CURVE(2,(#4415,#4416,#4417,#4418,
#4419,#4420,#4421),.UNSPECIFIED.,.T.,.F.) B_SPLINE_CURVE_WITH_KNOTS((1,2
    ,2,2,2,1),(-2.094395102393,0.,2.094395102393,4.188790204786,
6.28318530718,8.377580409573),.UNSPECIFIED.) CURVE() 
GEOMETRIC_REPRESENTATION_ITEM() RATIONAL_B_SPLINE_CURVE((1.,0.5,1.,0.5,
1.,0.5,1.)) REPRESENTATION_ITEM('') );
#4415 = CARTESIAN_POINT('',(5.850505063388,-28.89949493661));
#4416 = CARTESIAN_POINT('',(5.850505063388,-23.27032981201));
#4417 = CARTESIAN_POINT('',(10.725505063388,-26.08491237431));
#4418 = CARTESIAN_POINT('',(15.600505063388,-28.89949493661));
#4419 = CARTESIAN_POINT('',(10.725505063388,-31.71407749891));
#4420 = CARTESIAN_POINT('',(5.850505063388,-34.52866006121));
#4421 = CARTESIAN_POINT('',(5.850505063388,-28.89949493661));
#4422 = ( GEOMETRIC_REPRESENTATION_CONTEXT(2) 
PARAMETRIC_REPRESENTATION_CONTEXT() REPRESENTATION_CONTEXT('2D SPACE',''
  ) );
#4423 = PCURVE('',#928,#4424);
#4424 = DEFINITIONAL_REPRESENTATION('',(#4425),#4429);
#4425 = LINE('',#4426,#4427);
#4426 = CARTESIAN_POINT('',(0.,1.2));
#4427 = VECTOR('',#4428,1.);
#4428 = DIRECTION('',(1.,0.));
#4429 = ( GEOMETRIC_REPRESENTATION_CONTEXT(2) 
PARAMETRIC_REPRESENTATION_CONTEXT() REPRESENTATION_CONTEXT('2D SPACE',''
  ) );
#4430 = ORIENTED_EDGE('',*,*,#4431,.T.);
#4431 = EDGE_CURVE('',#4404,#1850,#4432,.T.);
#4432 = SURFACE_CURVE('',#4433,(#4438,#4445),.PCURVE_S1.);
#4433 = CIRCLE('',#4434,11.25);
#4434 = AXIS2_PLACEMENT_3D('',#4435,#4436,#4437);
#4435 = CARTESIAN_POINT('',(-2.84217094304E-14,265.,47.631397208142));
#4436 = DIRECTION('',(3.108532283332E-16,1.,-7.151443180332E-15));
#4437 = DIRECTION('',(6.64265828938E-16,-7.151443180332E-15,-1.));
#4438 = PCURVE('',#896,#4439);
#4439 = DEFINITIONAL_REPRESENTATION('',(#4440),#4444);
#4440 = CIRCLE('',#4441,11.25);
#4441 = AXIS2_PLACEMENT_2D('',#4442,#4443);
#4442 = CARTESIAN_POINT('',(19.,-19.));
#4443 = DIRECTION('',(1.,0.));
#4444 = ( GEOMETRIC_REPRESENTATION_CONTEXT(2) 
PARAMETRIC_REPRESENTATION_CONTEXT() REPRESENTATION_CONTEXT('2D SPACE',''
  ) );
#4445 = PCURVE('',#988,#4446);
#4446 = DEFINITIONAL_REPRESENTATION('',(#4447),#4451);
#4447 = LINE('',#4448,#4449);
#4448 = CARTESIAN_POINT('',(-1.570796326795,-4.5));
#4449 = VECTOR('',#4450,1.);
#4450 = DIRECTION('',(1.,0.));
#4451 = ( GEOMETRIC_REPRESENTATION_CONTEXT(2) 
PARAMETRIC_REPRESENTATION_CONTEXT() REPRESENTATION_CONTEXT('2D SPACE',''
  ) );
#4452 = ORIENTED_EDGE('',*,*,#1872,.T.);
#4453 = ORIENTED_EDGE('',*,*,#1599,.F.);
#4454 = ORIENTED_EDGE('',*,*,#1488,.F.);
#4455 = ORIENTED_EDGE('',*,*,#4456,.F.);
#4456 = EDGE_CURVE('',#1677,#1489,#4457,.T.);
#4457 = SURFACE_CURVE('',#4458,(#4463,#4474),.PCURVE_S1.);
#4458 = CIRCLE('',#4459,3.25);
#4459 = AXIS2_PLACEMENT_3D('',#4460,#4461,#4462);
#4460 = CARTESIAN_POINT('',(9.899494936612,265.,37.731902271531));
#4461 = DIRECTION('',(-3.108532283332E-16,-1.,7.151443180332E-15));
#4462 = DIRECTION('',(-6.64265828938E-16,7.151443180332E-15,1.));
#4463 = PCURVE('',#896,#4464);
#4464 = DEFINITIONAL_REPRESENTATION('',(#4465),#4473);
#4465 = ( BOUNDED_CURVE() B_SPLINE_CURVE(2,(#4466,#4467,#4468,#4469,
#4470,#4471,#4472),.UNSPECIFIED.,.T.,.F.) B_SPLINE_CURVE_WITH_KNOTS((1,2
    ,2,2,2,1),(-2.094395102393,0.,2.094395102393,4.188790204786,
6.28318530718,8.377580409573),.UNSPECIFIED.) CURVE() 
GEOMETRIC_REPRESENTATION_ITEM() RATIONAL_B_SPLINE_CURVE((1.,0.5,1.,0.5,
1.,0.5,1.)) REPRESENTATION_ITEM('') );
#4466 = CARTESIAN_POINT('',(25.649494936612,-28.89949493661));
#4467 = CARTESIAN_POINT('',(25.649494936612,-23.27032981201));
#4468 = CARTESIAN_POINT('',(30.524494936612,-26.08491237431));
#4469 = CARTESIAN_POINT('',(35.399494936612,-28.89949493661));
#4470 = CARTESIAN_POINT('',(30.524494936612,-31.71407749891));
#4471 = CARTESIAN_POINT('',(25.649494936612,-34.52866006121));
#4472 = CARTESIAN_POINT('',(25.649494936612,-28.89949493661));
#4473 = ( GEOMETRIC_REPRESENTATION_CONTEXT(2) 
PARAMETRIC_REPRESENTATION_CONTEXT() REPRESENTATION_CONTEXT('2D SPACE',''
  ) );
#4474 = PCURVE('',#1532,#4475);
#4475 = DEFINITIONAL_REPRESENTATION('',(#4476),#4480);
#4476 = LINE('',#4477,#4478);
#4477 = CARTESIAN_POINT('',(4.440892098501E-16,1.2));
#4478 = VECTOR('',#4479,1.);
#4479 = DIRECTION('',(1.,0.));
#4480 = ( GEOMETRIC_REPRESENTATION_CONTEXT(2) 
PARAMETRIC_REPRESENTATION_CONTEXT() REPRESENTATION_CONTEXT('2D SPACE',''
  ) );
#4481 = ORIENTED_EDGE('',*,*,#1699,.T.);
#4482 = ORIENTED_EDGE('',*,*,#1087,.F.);
#4483 = ORIENTED_EDGE('',*,*,#1173,.F.);
#4484 = FACE_BOUND('',#4485,.T.);
#4485 = EDGE_LOOP('',(#4486,#4521,#4549,#4582,#4610,#4643,#4671,#4704));
#4486 = ORIENTED_EDGE('',*,*,#4487,.T.);
#4487 = EDGE_CURVE('',#4488,#4490,#4492,.T.);
#4488 = VERTEX_POINT('',#4489);
#4489 = CARTESIAN_POINT('',(-22.,265.,29.631397208142));
#4490 = VERTEX_POINT('',#4491);
#4491 = CARTESIAN_POINT('',(-18.,265.,25.631397208142));
#4492 = SURFACE_CURVE('',#4493,(#4498,#4509),.PCURVE_S1.);
#4493 = CIRCLE('',#4494,4.);
#4494 = AXIS2_PLACEMENT_3D('',#4495,#4496,#4497);
#4495 = CARTESIAN_POINT('',(-18.,265.,29.631397208142));
#4496 = DIRECTION('',(-3.108532283332E-16,-1.,7.151443180332E-15));
#4497 = DIRECTION('',(6.64265828938E-16,-7.151443180332E-15,-1.));
#4498 = PCURVE('',#896,#4499);
#4499 = DEFINITIONAL_REPRESENTATION('',(#4500),#4508);
#4500 = ( BOUNDED_CURVE() B_SPLINE_CURVE(2,(#4501,#4502,#4503,#4504,
#4505,#4506,#4507),.UNSPECIFIED.,.T.,.F.) B_SPLINE_CURVE_WITH_KNOTS((1,2
    ,2,2,2,1),(-2.094395102393,0.,2.094395102393,4.188790204786,
6.28318530718,8.377580409573),.UNSPECIFIED.) CURVE() 
GEOMETRIC_REPRESENTATION_ITEM() RATIONAL_B_SPLINE_CURVE((1.,0.5,1.,0.5,
1.,0.5,1.)) REPRESENTATION_ITEM('') );
#4501 = CARTESIAN_POINT('',(41.,-1.));
#4502 = CARTESIAN_POINT('',(41.,-7.928203230276));
#4503 = CARTESIAN_POINT('',(35.,-4.464101615138));
#4504 = CARTESIAN_POINT('',(29.,-1.));
#4505 = CARTESIAN_POINT('',(35.,2.464101615138));
#4506 = CARTESIAN_POINT('',(41.,5.928203230276));
#4507 = CARTESIAN_POINT('',(41.,-1.));
#4508 = ( GEOMETRIC_REPRESENTATION_CONTEXT(2) 
PARAMETRIC_REPRESENTATION_CONTEXT() REPRESENTATION_CONTEXT('2D SPACE',''
  ) );
#4509 = PCURVE('',#4510,#4515);
#4510 = CONICAL_SURFACE('',#4511,4.,0.785398163397);
#4511 = AXIS2_PLACEMENT_3D('',#4512,#4513,#4514);
#4512 = CARTESIAN_POINT('',(-18.,265.,29.631397208142));
#4513 = DIRECTION('',(3.108532283332E-16,1.,-6.786238238021E-15));
#4514 = DIRECTION('',(-1.,3.108532283331E-16,-6.64265828938E-16));
#4515 = DEFINITIONAL_REPRESENTATION('',(#4516),#4520);
#4516 = LINE('',#4517,#4518);
#4517 = CARTESIAN_POINT('',(10.995574287564,-1.7763568394E-15));
#4518 = VECTOR('',#4519,1.);
#4519 = DIRECTION('',(-1.,0.));
#4520 = ( GEOMETRIC_REPRESENTATION_CONTEXT(2) 
PARAMETRIC_REPRESENTATION_CONTEXT() REPRESENTATION_CONTEXT('2D SPACE',''
  ) );
#4521 = ORIENTED_EDGE('',*,*,#4522,.T.);
#4522 = EDGE_CURVE('',#4490,#4523,#4525,.T.);
#4523 = VERTEX_POINT('',#4524);
#4524 = CARTESIAN_POINT('',(20.,265.,25.631397208143));
#4525 = SURFACE_CURVE('',#4526,(#4530,#4537),.PCURVE_S1.);
#4526 = LINE('',#4527,#4528);
#4527 = CARTESIAN_POINT('',(20.,265.,25.631397208143));
#4528 = VECTOR('',#4529,1.);
#4529 = DIRECTION('',(1.,-3.108532283331E-16,6.64265828938E-16));
#4530 = PCURVE('',#896,#4531);
#4531 = DEFINITIONAL_REPRESENTATION('',(#4532),#4536);
#4532 = LINE('',#4533,#4534);
#4533 = CARTESIAN_POINT('',(41.,-39.));
#4534 = VECTOR('',#4535,1.);
#4535 = DIRECTION('',(0.,-1.));
#4536 = ( GEOMETRIC_REPRESENTATION_CONTEXT(2) 
PARAMETRIC_REPRESENTATION_CONTEXT() REPRESENTATION_CONTEXT('2D SPACE',''
  ) );
#4537 = PCURVE('',#4538,#4543);
#4538 = PLANE('',#4539);
#4539 = AXIS2_PLACEMENT_3D('',#4540,#4541,#4542);
#4540 = CARTESIAN_POINT('',(49.5,266.,24.631397208143));
#4541 = DIRECTION('',(2.499004464445E-16,-0.707106781187,-0.707106781187
    ));
#4542 = DIRECTION('',(1.,-3.108532283331E-16,6.64265828938E-16));
#4543 = DEFINITIONAL_REPRESENTATION('',(#4544),#4548);
#4544 = LINE('',#4545,#4546);
#4545 = CARTESIAN_POINT('',(-29.5,1.414213562373));
#4546 = VECTOR('',#4547,1.);
#4547 = DIRECTION('',(1.,0.));
#4548 = ( GEOMETRIC_REPRESENTATION_CONTEXT(2) 
PARAMETRIC_REPRESENTATION_CONTEXT() REPRESENTATION_CONTEXT('2D SPACE',''
  ) );
#4549 = ORIENTED_EDGE('',*,*,#4550,.T.);
#4550 = EDGE_CURVE('',#4523,#4551,#4553,.T.);
#4551 = VERTEX_POINT('',#4552);
#4552 = CARTESIAN_POINT('',(24.,265.,29.631397208143));
#4553 = SURFACE_CURVE('',#4554,(#4559,#4570),.PCURVE_S1.);
#4554 = CIRCLE('',#4555,4.);
#4555 = AXIS2_PLACEMENT_3D('',#4556,#4557,#4558);
#4556 = CARTESIAN_POINT('',(20.,265.,29.631397208143));
#4557 = DIRECTION('',(-3.108532283332E-16,-1.,7.151443180332E-15));
#4558 = DIRECTION('',(6.64265828938E-16,-7.151443180332E-15,-1.));
#4559 = PCURVE('',#896,#4560);
#4560 = DEFINITIONAL_REPRESENTATION('',(#4561),#4569);
#4561 = ( BOUNDED_CURVE() B_SPLINE_CURVE(2,(#4562,#4563,#4564,#4565,
#4566,#4567,#4568),.UNSPECIFIED.,.T.,.F.) B_SPLINE_CURVE_WITH_KNOTS((1,2
    ,2,2,2,1),(-2.094395102393,0.,2.094395102393,4.188790204786,
6.28318530718,8.377580409573),.UNSPECIFIED.) CURVE() 
GEOMETRIC_REPRESENTATION_ITEM() RATIONAL_B_SPLINE_CURVE((1.,0.5,1.,0.5,
1.,0.5,1.)) REPRESENTATION_ITEM('') );
#4562 = CARTESIAN_POINT('',(41.,-39.));
#4563 = CARTESIAN_POINT('',(41.,-45.92820323027));
#4564 = CARTESIAN_POINT('',(35.,-42.46410161513));
#4565 = CARTESIAN_POINT('',(29.,-39.));
#4566 = CARTESIAN_POINT('',(35.,-35.53589838486));
#4567 = CARTESIAN_POINT('',(41.,-32.07179676972));
#4568 = CARTESIAN_POINT('',(41.,-39.));
#4569 = ( GEOMETRIC_REPRESENTATION_CONTEXT(2) 
PARAMETRIC_REPRESENTATION_CONTEXT() REPRESENTATION_CONTEXT('2D SPACE',''
  ) );
#4570 = PCURVE('',#4571,#4576);
#4571 = CONICAL_SURFACE('',#4572,4.,0.785398163397);
#4572 = AXIS2_PLACEMENT_3D('',#4573,#4574,#4575);
#4573 = CARTESIAN_POINT('',(20.,265.,29.631397208143));
#4574 = DIRECTION('',(3.108532283332E-16,1.,-6.786238238021E-15));
#4575 = DIRECTION('',(-1.,3.108532283331E-16,-6.64265828938E-16));
#4576 = DEFINITIONAL_REPRESENTATION('',(#4577),#4581);
#4577 = LINE('',#4578,#4579);
#4578 = CARTESIAN_POINT('',(4.712388980385,0.));
#4579 = VECTOR('',#4580,1.);
#4580 = DIRECTION('',(-1.,0.));
#4581 = ( GEOMETRIC_REPRESENTATION_CONTEXT(2) 
PARAMETRIC_REPRESENTATION_CONTEXT() REPRESENTATION_CONTEXT('2D SPACE',''
  ) );
#4582 = ORIENTED_EDGE('',*,*,#4583,.T.);
#4583 = EDGE_CURVE('',#4551,#4584,#4586,.T.);
#4584 = VERTEX_POINT('',#4585);
#4585 = CARTESIAN_POINT('',(24.,265.,65.631397208143));
#4586 = SURFACE_CURVE('',#4587,(#4591,#4598),.PCURVE_S1.);
#4587 = LINE('',#4588,#4589);
#4588 = CARTESIAN_POINT('',(24.,265.,66.631397208143));
#4589 = VECTOR('',#4590,1.);
#4590 = DIRECTION('',(-6.64265828938E-16,7.151443180332E-15,1.));
#4591 = PCURVE('',#896,#4592);
#4592 = DEFINITIONAL_REPRESENTATION('',(#4593),#4597);
#4593 = LINE('',#4594,#4595);
#4594 = CARTESIAN_POINT('',(0.,-43.));
#4595 = VECTOR('',#4596,1.);
#4596 = DIRECTION('',(-1.,0.));
#4597 = ( GEOMETRIC_REPRESENTATION_CONTEXT(2) 
PARAMETRIC_REPRESENTATION_CONTEXT() REPRESENTATION_CONTEXT('2D SPACE',''
  ) );
#4598 = PCURVE('',#4599,#4604);
#4599 = PLANE('',#4600);
#4600 = AXIS2_PLACEMENT_3D('',#4601,#4602,#4603);
#4601 = CARTESIAN_POINT('',(25.,266.,-3.252953526669E-12));
#4602 = DIRECTION('',(-0.707106781187,0.707106781187,-5.526540840236E-15
    ));
#4603 = DIRECTION('',(6.64265828938E-16,-7.151443180332E-15,-1.));
#4604 = DEFINITIONAL_REPRESENTATION('',(#4605),#4609);
#4605 = LINE('',#4606,#4607);
#4606 = CARTESIAN_POINT('',(-66.63139720814,1.414213562373));
#4607 = VECTOR('',#4608,1.);
#4608 = DIRECTION('',(-1.,0.));
#4609 = ( GEOMETRIC_REPRESENTATION_CONTEXT(2) 
PARAMETRIC_REPRESENTATION_CONTEXT() REPRESENTATION_CONTEXT('2D SPACE',''
  ) );
#4610 = ORIENTED_EDGE('',*,*,#4611,.T.);
#4611 = EDGE_CURVE('',#4584,#4612,#4614,.T.);
#4612 = VERTEX_POINT('',#4613);
#4613 = CARTESIAN_POINT('',(20.,265.,69.631397208143));
#4614 = SURFACE_CURVE('',#4615,(#4620,#4631),.PCURVE_S1.);
#4615 = CIRCLE('',#4616,4.);
#4616 = AXIS2_PLACEMENT_3D('',#4617,#4618,#4619);
#4617 = CARTESIAN_POINT('',(20.,265.,65.631397208143));
#4618 = DIRECTION('',(-3.108532283332E-16,-1.,7.151443180332E-15));
#4619 = DIRECTION('',(6.64265828938E-16,-7.151443180332E-15,-1.));
#4620 = PCURVE('',#896,#4621);
#4621 = DEFINITIONAL_REPRESENTATION('',(#4622),#4630);
#4622 = ( BOUNDED_CURVE() B_SPLINE_CURVE(2,(#4623,#4624,#4625,#4626,
#4627,#4628,#4629),.UNSPECIFIED.,.T.,.F.) B_SPLINE_CURVE_WITH_KNOTS((1,2
    ,2,2,2,1),(-2.094395102393,0.,2.094395102393,4.188790204786,
6.28318530718,8.377580409573),.UNSPECIFIED.) CURVE() 
GEOMETRIC_REPRESENTATION_ITEM() RATIONAL_B_SPLINE_CURVE((1.,0.5,1.,0.5,
1.,0.5,1.)) REPRESENTATION_ITEM('') );
#4623 = CARTESIAN_POINT('',(5.,-39.));
#4624 = CARTESIAN_POINT('',(5.,-45.92820323027));
#4625 = CARTESIAN_POINT('',(-1.,-42.46410161513));
#4626 = CARTESIAN_POINT('',(-7.,-39.));
#4627 = CARTESIAN_POINT('',(-1.,-35.53589838486));
#4628 = CARTESIAN_POINT('',(5.,-32.07179676972));
#4629 = CARTESIAN_POINT('',(5.,-39.));
#4630 = ( GEOMETRIC_REPRESENTATION_CONTEXT(2) 
PARAMETRIC_REPRESENTATION_CONTEXT() REPRESENTATION_CONTEXT('2D SPACE',''
  ) );
#4631 = PCURVE('',#4632,#4637);
#4632 = CONICAL_SURFACE('',#4633,4.,0.785398163397);
#4633 = AXIS2_PLACEMENT_3D('',#4634,#4635,#4636);
#4634 = CARTESIAN_POINT('',(20.,265.,65.631397208143));
#4635 = DIRECTION('',(3.108532283332E-16,1.,-6.786238238021E-15));
#4636 = DIRECTION('',(-1.,3.108532283331E-16,-6.64265828938E-16));
#4637 = DEFINITIONAL_REPRESENTATION('',(#4638),#4642);
#4638 = LINE('',#4639,#4640);
#4639 = CARTESIAN_POINT('',(4.712388980385,3.552713678801E-15));
#4640 = VECTOR('',#4641,1.);
#4641 = DIRECTION('',(-1.,-1.130863886743E-15));
#4642 = ( GEOMETRIC_REPRESENTATION_CONTEXT(2) 
PARAMETRIC_REPRESENTATION_CONTEXT() REPRESENTATION_CONTEXT('2D SPACE',''
  ) );
#4643 = ORIENTED_EDGE('',*,*,#4644,.T.);
#4644 = EDGE_CURVE('',#4612,#4645,#4647,.T.);
#4645 = VERTEX_POINT('',#4646);
#4646 = CARTESIAN_POINT('',(-18.,265.,69.631397208142));
#4647 = SURFACE_CURVE('',#4648,(#4652,#4659),.PCURVE_S1.);
#4648 = LINE('',#4649,#4650);
#4649 = CARTESIAN_POINT('',(-19.,265.,69.631397208142));
#4650 = VECTOR('',#4651,1.);
#4651 = DIRECTION('',(-1.,3.108532283331E-16,-6.64265828938E-16));
#4652 = PCURVE('',#896,#4653);
#4653 = DEFINITIONAL_REPRESENTATION('',(#4654),#4658);
#4654 = LINE('',#4655,#4656);
#4655 = CARTESIAN_POINT('',(-3.,0.));
#4656 = VECTOR('',#4657,1.);
#4657 = DIRECTION('',(0.,1.));
#4658 = ( GEOMETRIC_REPRESENTATION_CONTEXT(2) 
PARAMETRIC_REPRESENTATION_CONTEXT() REPRESENTATION_CONTEXT('2D SPACE',''
  ) );
#4659 = PCURVE('',#4660,#4665);
#4660 = PLANE('',#4661);
#4661 = AXIS2_PLACEMENT_3D('',#4662,#4663,#4664);
#4662 = CARTESIAN_POINT('',(49.5,266.,70.631397208143));
#4663 = DIRECTION('',(6.895132978607E-16,0.707106781187,-0.707106781187)
  );
#4664 = DIRECTION('',(1.,-3.108532283331E-16,6.64265828938E-16));
#4665 = DEFINITIONAL_REPRESENTATION('',(#4666),#4670);
#4666 = LINE('',#4667,#4668);
#4667 = CARTESIAN_POINT('',(-68.5,1.414213562373));
#4668 = VECTOR('',#4669,1.);
#4669 = DIRECTION('',(-1.,0.));
#4670 = ( GEOMETRIC_REPRESENTATION_CONTEXT(2) 
PARAMETRIC_REPRESENTATION_CONTEXT() REPRESENTATION_CONTEXT('2D SPACE',''
  ) );
#4671 = ORIENTED_EDGE('',*,*,#4672,.T.);
#4672 = EDGE_CURVE('',#4645,#4673,#4675,.T.);
#4673 = VERTEX_POINT('',#4674);
#4674 = CARTESIAN_POINT('',(-22.,265.,65.631397208142));
#4675 = SURFACE_CURVE('',#4676,(#4681,#4692),.PCURVE_S1.);
#4676 = CIRCLE('',#4677,4.);
#4677 = AXIS2_PLACEMENT_3D('',#4678,#4679,#4680);
#4678 = CARTESIAN_POINT('',(-18.,265.,65.631397208142));
#4679 = DIRECTION('',(-3.108532283332E-16,-1.,7.151443180332E-15));
#4680 = DIRECTION('',(6.64265828938E-16,-7.151443180332E-15,-1.));
#4681 = PCURVE('',#896,#4682);
#4682 = DEFINITIONAL_REPRESENTATION('',(#4683),#4691);
#4683 = ( BOUNDED_CURVE() B_SPLINE_CURVE(2,(#4684,#4685,#4686,#4687,
#4688,#4689,#4690),.UNSPECIFIED.,.T.,.F.) B_SPLINE_CURVE_WITH_KNOTS((1,2
    ,2,2,2,1),(-2.094395102393,0.,2.094395102393,4.188790204786,
6.28318530718,8.377580409573),.UNSPECIFIED.) CURVE() 
GEOMETRIC_REPRESENTATION_ITEM() RATIONAL_B_SPLINE_CURVE((1.,0.5,1.,0.5,
1.,0.5,1.)) REPRESENTATION_ITEM('') );
#4684 = CARTESIAN_POINT('',(5.,-1.));
#4685 = CARTESIAN_POINT('',(5.,-7.928203230276));
#4686 = CARTESIAN_POINT('',(-1.,-4.464101615138));
#4687 = CARTESIAN_POINT('',(-7.,-1.));
#4688 = CARTESIAN_POINT('',(-1.,2.464101615138));
#4689 = CARTESIAN_POINT('',(5.,5.928203230276));
#4690 = CARTESIAN_POINT('',(5.,-1.));
#4691 = ( GEOMETRIC_REPRESENTATION_CONTEXT(2) 
PARAMETRIC_REPRESENTATION_CONTEXT() REPRESENTATION_CONTEXT('2D SPACE',''
  ) );
#4692 = PCURVE('',#4693,#4698);
#4693 = CONICAL_SURFACE('',#4694,4.,0.785398163397);
#4694 = AXIS2_PLACEMENT_3D('',#4695,#4696,#4697);
#4695 = CARTESIAN_POINT('',(-18.,265.,65.631397208142));
#4696 = DIRECTION('',(3.108532283332E-16,1.,-6.786238238021E-15));
#4697 = DIRECTION('',(-1.,3.108532283331E-16,-6.64265828938E-16));
#4698 = DEFINITIONAL_REPRESENTATION('',(#4699),#4703);
#4699 = LINE('',#4700,#4701);
#4700 = CARTESIAN_POINT('',(4.712388980385,-1.7763568394E-15));
#4701 = VECTOR('',#4702,1.);
#4702 = DIRECTION('',(-1.,0.));
#4703 = ( GEOMETRIC_REPRESENTATION_CONTEXT(2) 
PARAMETRIC_REPRESENTATION_CONTEXT() REPRESENTATION_CONTEXT('2D SPACE',''
  ) );
#4704 = ORIENTED_EDGE('',*,*,#4705,.T.);
#4705 = EDGE_CURVE('',#4673,#4488,#4706,.T.);
#4706 = SURFACE_CURVE('',#4707,(#4711,#4718),.PCURVE_S1.);
#4707 = LINE('',#4708,#4709);
#4708 = CARTESIAN_POINT('',(-22.,265.,29.631397208142));
#4709 = VECTOR('',#4710,1.);
#4710 = DIRECTION('',(6.64265828938E-16,-7.151443180332E-15,-1.));
#4711 = PCURVE('',#896,#4712);
#4712 = DEFINITIONAL_REPRESENTATION('',(#4713),#4717);
#4713 = LINE('',#4714,#4715);
#4714 = CARTESIAN_POINT('',(37.,3.));
#4715 = VECTOR('',#4716,1.);
#4716 = DIRECTION('',(1.,0.));
#4717 = ( GEOMETRIC_REPRESENTATION_CONTEXT(2) 
PARAMETRIC_REPRESENTATION_CONTEXT() REPRESENTATION_CONTEXT('2D SPACE',''
  ) );
#4718 = PCURVE('',#4719,#4724);
#4719 = PLANE('',#4720);
#4720 = AXIS2_PLACEMENT_3D('',#4721,#4722,#4723);
#4721 = CARTESIAN_POINT('',(-23.,266.,-3.284838286458E-12));
#4722 = DIRECTION('',(-0.707106781187,-0.707106781187,4.587127095931E-15
    ));
#4723 = DIRECTION('',(6.64265828938E-16,-7.151443180332E-15,-1.));
#4724 = DEFINITIONAL_REPRESENTATION('',(#4725),#4729);
#4725 = LINE('',#4726,#4727);
#4726 = CARTESIAN_POINT('',(-29.63139720814,1.414213562373));
#4727 = VECTOR('',#4728,1.);
#4728 = DIRECTION('',(1.,0.));
#4729 = ( GEOMETRIC_REPRESENTATION_CONTEXT(2) 
PARAMETRIC_REPRESENTATION_CONTEXT() REPRESENTATION_CONTEXT('2D SPACE',''
  ) );
#4730 = FACE_BOUND('',#4731,.T.);
#4731 = EDGE_LOOP('',(#4732,#4762,#4790,#4818));
#4732 = ORIENTED_EDGE('',*,*,#4733,.F.);
#4733 = EDGE_CURVE('',#4734,#4736,#4738,.T.);
#4734 = VERTEX_POINT('',#4735);
#4735 = CARTESIAN_POINT('',(1.34,265.,29.431397208142));
#4736 = VERTEX_POINT('',#4737);
#4737 = CARTESIAN_POINT('',(1.34,265.,26.431397208142));
#4738 = SURFACE_CURVE('',#4739,(#4743,#4750),.PCURVE_S1.);
#4739 = LINE('',#4740,#4741);
#4740 = CARTESIAN_POINT('',(1.34,265.,26.431397208142));
#4741 = VECTOR('',#4742,1.);
#4742 = DIRECTION('',(6.64265828938E-16,-6.786238238021E-15,-1.));
#4743 = PCURVE('',#896,#4744);
#4744 = DEFINITIONAL_REPRESENTATION('',(#4745),#4749);
#4745 = LINE('',#4746,#4747);
#4746 = CARTESIAN_POINT('',(40.2,-20.34));
#4747 = VECTOR('',#4748,1.);
#4748 = DIRECTION('',(1.,0.));
#4749 = ( GEOMETRIC_REPRESENTATION_CONTEXT(2) 
PARAMETRIC_REPRESENTATION_CONTEXT() REPRESENTATION_CONTEXT('2D SPACE',''
  ) );
#4750 = PCURVE('',#4751,#4756);
#4751 = CYLINDRICAL_SURFACE('',#4752,1.5);
#4752 = AXIS2_PLACEMENT_3D('',#4753,#4754,#4755);
#4753 = CARTESIAN_POINT('',(2.83666295471,265.1,26.431397208142));
#4754 = DIRECTION('',(-6.64265828938E-16,7.151443180332E-15,1.));
#4755 = DIRECTION('',(3.108532283332E-16,1.,-7.151443180332E-15));
#4756 = DEFINITIONAL_REPRESENTATION('',(#4757),#4761);
#4757 = LINE('',#4758,#4759);
#4758 = CARTESIAN_POINT('',(1.637512475205,0.));
#4759 = VECTOR('',#4760,1.);
#4760 = DIRECTION('',(0.,-1.));
#4761 = ( GEOMETRIC_REPRESENTATION_CONTEXT(2) 
PARAMETRIC_REPRESENTATION_CONTEXT() REPRESENTATION_CONTEXT('2D SPACE',''
  ) );
#4762 = ORIENTED_EDGE('',*,*,#4763,.F.);
#4763 = EDGE_CURVE('',#4764,#4734,#4766,.T.);
#4764 = VERTEX_POINT('',#4765);
#4765 = CARTESIAN_POINT('',(4.34,265.,29.431397208142));
#4766 = SURFACE_CURVE('',#4767,(#4771,#4778),.PCURVE_S1.);
#4767 = LINE('',#4768,#4769);
#4768 = CARTESIAN_POINT('',(4.34,265.,29.431397208142));
#4769 = VECTOR('',#4770,1.);
#4770 = DIRECTION('',(-1.,3.108532283331E-16,-6.64265828938E-16));
#4771 = PCURVE('',#896,#4772);
#4772 = DEFINITIONAL_REPRESENTATION('',(#4773),#4777);
#4773 = LINE('',#4774,#4775);
#4774 = CARTESIAN_POINT('',(37.2,-23.34));
#4775 = VECTOR('',#4776,1.);
#4776 = DIRECTION('',(0.,1.));
#4777 = ( GEOMETRIC_REPRESENTATION_CONTEXT(2) 
PARAMETRIC_REPRESENTATION_CONTEXT() REPRESENTATION_CONTEXT('2D SPACE',''
  ) );
#4778 = PCURVE('',#4779,#4784);
#4779 = PLANE('',#4780);
#4780 = AXIS2_PLACEMENT_3D('',#4781,#4782,#4783);
#4781 = CARTESIAN_POINT('',(4.34,263.6,29.431397208143));
#4782 = DIRECTION('',(6.64265828938E-16,-7.151443180332E-15,-1.));
#4783 = DIRECTION('',(-3.108532283332E-16,-1.,7.151443180332E-15));
#4784 = DEFINITIONAL_REPRESENTATION('',(#4785),#4789);
#4785 = LINE('',#4786,#4787);
#4786 = CARTESIAN_POINT('',(-1.4,0.));
#4787 = VECTOR('',#4788,1.);
#4788 = DIRECTION('',(0.,1.));
#4789 = ( GEOMETRIC_REPRESENTATION_CONTEXT(2) 
PARAMETRIC_REPRESENTATION_CONTEXT() REPRESENTATION_CONTEXT('2D SPACE',''
  ) );
#4790 = ORIENTED_EDGE('',*,*,#4791,.F.);
#4791 = EDGE_CURVE('',#4792,#4764,#4794,.T.);
#4792 = VERTEX_POINT('',#4793);
#4793 = CARTESIAN_POINT('',(4.34,265.,26.431397208143));
#4794 = SURFACE_CURVE('',#4795,(#4799,#4806),.PCURVE_S1.);
#4795 = LINE('',#4796,#4797);
#4796 = CARTESIAN_POINT('',(4.34,265.,26.431397208143));
#4797 = VECTOR('',#4798,1.);
#4798 = DIRECTION('',(-6.64265828938E-16,6.786238238021E-15,1.));
#4799 = PCURVE('',#896,#4800);
#4800 = DEFINITIONAL_REPRESENTATION('',(#4801),#4805);
#4801 = LINE('',#4802,#4803);
#4802 = CARTESIAN_POINT('',(40.2,-23.34));
#4803 = VECTOR('',#4804,1.);
#4804 = DIRECTION('',(-1.,0.));
#4805 = ( GEOMETRIC_REPRESENTATION_CONTEXT(2) 
PARAMETRIC_REPRESENTATION_CONTEXT() REPRESENTATION_CONTEXT('2D SPACE',''
  ) );
#4806 = PCURVE('',#4807,#4812);
#4807 = CYLINDRICAL_SURFACE('',#4808,1.5);
#4808 = AXIS2_PLACEMENT_3D('',#4809,#4810,#4811);
#4809 = CARTESIAN_POINT('',(2.84333704529,265.1,26.431397208142));
#4810 = DIRECTION('',(6.64265828938E-16,-7.151443180332E-15,-1.));
#4811 = DIRECTION('',(-3.108532283332E-16,-1.,7.151443180332E-15));
#4812 = DEFINITIONAL_REPRESENTATION('',(#4813),#4817);
#4813 = LINE('',#4814,#4815);
#4814 = CARTESIAN_POINT('',(4.779105128795,0.));
#4815 = VECTOR('',#4816,1.);
#4816 = DIRECTION('',(0.,-1.));
#4817 = ( GEOMETRIC_REPRESENTATION_CONTEXT(2) 
PARAMETRIC_REPRESENTATION_CONTEXT() REPRESENTATION_CONTEXT('2D SPACE',''
  ) );
#4818 = ORIENTED_EDGE('',*,*,#4819,.F.);
#4819 = EDGE_CURVE('',#4736,#4792,#4820,.T.);
#4820 = SURFACE_CURVE('',#4821,(#4825,#4832),.PCURVE_S1.);
#4821 = LINE('',#4822,#4823);
#4822 = CARTESIAN_POINT('',(4.34,265.,26.431397208143));
#4823 = VECTOR('',#4824,1.);
#4824 = DIRECTION('',(1.,-3.108532283331E-16,6.64265828938E-16));
#4825 = PCURVE('',#896,#4826);
#4826 = DEFINITIONAL_REPRESENTATION('',(#4827),#4831);
#4827 = LINE('',#4828,#4829);
#4828 = CARTESIAN_POINT('',(40.2,-23.34));
#4829 = VECTOR('',#4830,1.);
#4830 = DIRECTION('',(0.,-1.));
#4831 = ( GEOMETRIC_REPRESENTATION_CONTEXT(2) 
PARAMETRIC_REPRESENTATION_CONTEXT() REPRESENTATION_CONTEXT('2D SPACE',''
  ) );
#4832 = PCURVE('',#4833,#4838);
#4833 = PLANE('',#4834);
#4834 = AXIS2_PLACEMENT_3D('',#4835,#4836,#4837);
#4835 = CARTESIAN_POINT('',(4.34,263.6,26.431397208143));
#4836 = DIRECTION('',(-6.64265828938E-16,7.151443180332E-15,1.));
#4837 = DIRECTION('',(3.108532283332E-16,1.,-7.151443180332E-15));
#4838 = DEFINITIONAL_REPRESENTATION('',(#4839),#4843);
#4839 = LINE('',#4840,#4841);
#4840 = CARTESIAN_POINT('',(1.4,0.));
#4841 = VECTOR('',#4842,1.);
#4842 = DIRECTION('',(0.,-1.));
#4843 = ( GEOMETRIC_REPRESENTATION_CONTEXT(2) 
PARAMETRIC_REPRESENTATION_CONTEXT() REPRESENTATION_CONTEXT('2D SPACE',''
  ) );
#4844 = ADVANCED_FACE('',(#4845),#3139,.F.);
#4845 = FACE_BOUND('',#4846,.F.);
#4846 = EDGE_LOOP('',(#4847,#4869,#4870,#4896));
#4847 = ORIENTED_EDGE('',*,*,#4848,.F.);
#4848 = EDGE_CURVE('',#3119,#3152,#4849,.T.);
#4849 = SURFACE_CURVE('',#4850,(#4855,#4862),.PCURVE_S1.);
#4850 = CIRCLE('',#4851,1.6);
#4851 = AXIS2_PLACEMENT_3D('',#4852,#4853,#4854);
#4852 = CARTESIAN_POINT('',(43.5,370.09326673973,-5.250000000004));
#4853 = DIRECTION('',(-1.,3.108532283331E-16,-6.64265828938E-16));
#4854 = DIRECTION('',(-3.108532283332E-16,-1.,6.786238238021E-15));
#4855 = PCURVE('',#3139,#4856);
#4856 = DEFINITIONAL_REPRESENTATION('',(#4857),#4861);
#4857 = LINE('',#4858,#4859);
#4858 = CARTESIAN_POINT('',(0.,6.));
#4859 = VECTOR('',#4860,1.);
#4860 = DIRECTION('',(1.,0.));
#4861 = ( GEOMETRIC_REPRESENTATION_CONTEXT(2) 
PARAMETRIC_REPRESENTATION_CONTEXT() REPRESENTATION_CONTEXT('2D SPACE',''
  ) );
#4862 = PCURVE('',#1949,#4863);
#4863 = DEFINITIONAL_REPRESENTATION('',(#4864),#4868);
#4864 = CIRCLE('',#4865,1.6);
#4865 = AXIS2_PLACEMENT_2D('',#4866,#4867);
#4866 = CARTESIAN_POINT('',(-9.093266739737,-5.25));
#4867 = DIRECTION('',(1.,0.));
#4868 = ( GEOMETRIC_REPRESENTATION_CONTEXT(2) 
PARAMETRIC_REPRESENTATION_CONTEXT() REPRESENTATION_CONTEXT('2D SPACE',''
  ) );
#4869 = ORIENTED_EDGE('',*,*,#3116,.F.);
#4870 = ORIENTED_EDGE('',*,*,#4871,.T.);
#4871 = EDGE_CURVE('',#3117,#3176,#4872,.T.);
#4872 = SURFACE_CURVE('',#4873,(#4878,#4885),.PCURVE_S1.);
#4873 = CIRCLE('',#4874,1.6);
#4874 = AXIS2_PLACEMENT_3D('',#4875,#4876,#4877);
#4875 = CARTESIAN_POINT('',(48.3,370.09326673973,-5.250000000004));
#4876 = DIRECTION('',(-1.,3.108532283331E-16,-6.64265828938E-16));
#4877 = DIRECTION('',(3.108532283332E-16,1.,-6.786238238021E-15));
#4878 = PCURVE('',#3139,#4879);
#4879 = DEFINITIONAL_REPRESENTATION('',(#4880),#4884);
#4880 = LINE('',#4881,#4882);
#4881 = CARTESIAN_POINT('',(-3.14159265359,1.2));
#4882 = VECTOR('',#4883,1.);
#4883 = DIRECTION('',(1.,0.));
#4884 = ( GEOMETRIC_REPRESENTATION_CONTEXT(2) 
PARAMETRIC_REPRESENTATION_CONTEXT() REPRESENTATION_CONTEXT('2D SPACE',''
  ) );
#4885 = PCURVE('',#249,#4886);
#4886 = DEFINITIONAL_REPRESENTATION('',(#4887),#4895);
#4887 = ( BOUNDED_CURVE() B_SPLINE_CURVE(2,(#4888,#4889,#4890,#4891,
#4892,#4893,#4894),.UNSPECIFIED.,.T.,.F.) B_SPLINE_CURVE_WITH_KNOTS((1,2
    ,2,2,2,1),(-2.094395102393,0.,2.094395102393,4.188790204786,
6.28318530718,8.377580409573),.UNSPECIFIED.) CURVE() 
GEOMETRIC_REPRESENTATION_ITEM() RATIONAL_B_SPLINE_CURVE((1.,0.5,1.,0.5,
1.,0.5,1.)) REPRESENTATION_ITEM('') );
#4888 = CARTESIAN_POINT('',(1.6,0.));
#4889 = CARTESIAN_POINT('',(1.6,-2.77128129211));
#4890 = CARTESIAN_POINT('',(-0.8,-1.385640646055));
#4891 = CARTESIAN_POINT('',(-3.2,-3.918869757272E-16));
#4892 = CARTESIAN_POINT('',(-0.8,1.385640646055));
#4893 = CARTESIAN_POINT('',(1.6,2.77128129211));
#4894 = CARTESIAN_POINT('',(1.6,0.));
#4895 = ( GEOMETRIC_REPRESENTATION_CONTEXT(2) 
PARAMETRIC_REPRESENTATION_CONTEXT() REPRESENTATION_CONTEXT('2D SPACE',''
  ) );
#4896 = ORIENTED_EDGE('',*,*,#3175,.T.);
#4897 = ADVANCED_FACE('',(#4898),#3028,.F.);
#4898 = FACE_BOUND('',#4899,.F.);
#4899 = EDGE_LOOP('',(#4900,#4922,#4923,#4949));
#4900 = ORIENTED_EDGE('',*,*,#4901,.F.);
#4901 = EDGE_CURVE('',#3008,#3041,#4902,.T.);
#4902 = SURFACE_CURVE('',#4903,(#4908,#4915),.PCURVE_S1.);
#4903 = CIRCLE('',#4904,1.6);
#4904 = AXIS2_PLACEMENT_3D('',#4905,#4906,#4907);
#4905 = CARTESIAN_POINT('',(43.5,351.90673326026,-5.250000000004));
#4906 = DIRECTION('',(-1.,3.108532283331E-16,-6.64265828938E-16));
#4907 = DIRECTION('',(-3.108532283332E-16,-1.,6.786238238021E-15));
#4908 = PCURVE('',#3028,#4909);
#4909 = DEFINITIONAL_REPRESENTATION('',(#4910),#4914);
#4910 = LINE('',#4911,#4912);
#4911 = CARTESIAN_POINT('',(0.,6.));
#4912 = VECTOR('',#4913,1.);
#4913 = DIRECTION('',(1.,0.));
#4914 = ( GEOMETRIC_REPRESENTATION_CONTEXT(2) 
PARAMETRIC_REPRESENTATION_CONTEXT() REPRESENTATION_CONTEXT('2D SPACE',''
  ) );
#4915 = PCURVE('',#1949,#4916);
#4916 = DEFINITIONAL_REPRESENTATION('',(#4917),#4921);
#4917 = CIRCLE('',#4918,1.6);
#4918 = AXIS2_PLACEMENT_2D('',#4919,#4920);
#4919 = CARTESIAN_POINT('',(9.093266739737,-5.25));
#4920 = DIRECTION('',(1.,0.));
#4921 = ( GEOMETRIC_REPRESENTATION_CONTEXT(2) 
PARAMETRIC_REPRESENTATION_CONTEXT() REPRESENTATION_CONTEXT('2D SPACE',''
  ) );
#4922 = ORIENTED_EDGE('',*,*,#3005,.F.);
#4923 = ORIENTED_EDGE('',*,*,#4924,.T.);
#4924 = EDGE_CURVE('',#3006,#3065,#4925,.T.);
#4925 = SURFACE_CURVE('',#4926,(#4931,#4938),.PCURVE_S1.);
#4926 = CIRCLE('',#4927,1.6);
#4927 = AXIS2_PLACEMENT_3D('',#4928,#4929,#4930);
#4928 = CARTESIAN_POINT('',(48.3,351.90673326026,-5.250000000004));
#4929 = DIRECTION('',(-1.,3.108532283331E-16,-6.64265828938E-16));
#4930 = DIRECTION('',(3.108532283332E-16,1.,-6.786238238021E-15));
#4931 = PCURVE('',#3028,#4932);
#4932 = DEFINITIONAL_REPRESENTATION('',(#4933),#4937);
#4933 = LINE('',#4934,#4935);
#4934 = CARTESIAN_POINT('',(-3.14159265359,1.2));
#4935 = VECTOR('',#4936,1.);
#4936 = DIRECTION('',(1.,0.));
#4937 = ( GEOMETRIC_REPRESENTATION_CONTEXT(2) 
PARAMETRIC_REPRESENTATION_CONTEXT() REPRESENTATION_CONTEXT('2D SPACE',''
  ) );
#4938 = PCURVE('',#365,#4939);
#4939 = DEFINITIONAL_REPRESENTATION('',(#4940),#4948);
#4940 = ( BOUNDED_CURVE() B_SPLINE_CURVE(2,(#4941,#4942,#4943,#4944,
#4945,#4946,#4947),.UNSPECIFIED.,.T.,.F.) B_SPLINE_CURVE_WITH_KNOTS((1,2
    ,2,2,2,1),(-2.094395102393,0.,2.094395102393,4.188790204786,
6.28318530718,8.377580409573),.UNSPECIFIED.) CURVE() 
GEOMETRIC_REPRESENTATION_ITEM() RATIONAL_B_SPLINE_CURVE((1.,0.5,1.,0.5,
1.,0.5,1.)) REPRESENTATION_ITEM('') );
#4941 = CARTESIAN_POINT('',(1.6,0.));
#4942 = CARTESIAN_POINT('',(1.6,-2.77128129211));
#4943 = CARTESIAN_POINT('',(-0.8,-1.385640646055));
#4944 = CARTESIAN_POINT('',(-3.2,-3.918869757272E-16));
#4945 = CARTESIAN_POINT('',(-0.8,1.385640646055));
#4946 = CARTESIAN_POINT('',(1.6,2.77128129211));
#4947 = CARTESIAN_POINT('',(1.6,0.));
#4948 = ( GEOMETRIC_REPRESENTATION_CONTEXT(2) 
PARAMETRIC_REPRESENTATION_CONTEXT() REPRESENTATION_CONTEXT('2D SPACE',''
  ) );
#4949 = ORIENTED_EDGE('',*,*,#3064,.T.);
#4950 = ADVANCED_FACE('',(#4951),#2917,.F.);
#4951 = FACE_BOUND('',#4952,.F.);
#4952 = EDGE_LOOP('',(#4953,#4975,#4976,#5002));
#4953 = ORIENTED_EDGE('',*,*,#4954,.F.);
#4954 = EDGE_CURVE('',#2897,#2930,#4955,.T.);
#4955 = SURFACE_CURVE('',#4956,(#4961,#4968),.PCURVE_S1.);
#4956 = CIRCLE('',#4957,1.6);
#4957 = AXIS2_PLACEMENT_3D('',#4958,#4959,#4960);
#4958 = CARTESIAN_POINT('',(43.5,361.,10.499999999996));
#4959 = DIRECTION('',(-1.,3.108532283331E-16,-6.64265828938E-16));
#4960 = DIRECTION('',(-3.108532283332E-16,-1.,6.786238238021E-15));
#4961 = PCURVE('',#2917,#4962);
#4962 = DEFINITIONAL_REPRESENTATION('',(#4963),#4967);
#4963 = LINE('',#4964,#4965);
#4964 = CARTESIAN_POINT('',(0.,6.));
#4965 = VECTOR('',#4966,1.);
#4966 = DIRECTION('',(1.,0.));
#4967 = ( GEOMETRIC_REPRESENTATION_CONTEXT(2) 
PARAMETRIC_REPRESENTATION_CONTEXT() REPRESENTATION_CONTEXT('2D SPACE',''
  ) );
#4968 = PCURVE('',#1949,#4969);
#4969 = DEFINITIONAL_REPRESENTATION('',(#4970),#4974);
#4970 = CIRCLE('',#4971,1.6);
#4971 = AXIS2_PLACEMENT_2D('',#4972,#4973);
#4972 = CARTESIAN_POINT('',(0.,10.5));
#4973 = DIRECTION('',(1.,0.));
#4974 = ( GEOMETRIC_REPRESENTATION_CONTEXT(2) 
PARAMETRIC_REPRESENTATION_CONTEXT() REPRESENTATION_CONTEXT('2D SPACE',''
  ) );
#4975 = ORIENTED_EDGE('',*,*,#2894,.F.);
#4976 = ORIENTED_EDGE('',*,*,#4977,.T.);
#4977 = EDGE_CURVE('',#2895,#2954,#4978,.T.);
#4978 = SURFACE_CURVE('',#4979,(#4984,#4991),.PCURVE_S1.);
#4979 = CIRCLE('',#4980,1.6);
#4980 = AXIS2_PLACEMENT_3D('',#4981,#4982,#4983);
#4981 = CARTESIAN_POINT('',(48.3,361.,10.499999999996));
#4982 = DIRECTION('',(-1.,3.108532283331E-16,-6.64265828938E-16));
#4983 = DIRECTION('',(3.108532283332E-16,1.,-6.786238238021E-15));
#4984 = PCURVE('',#2917,#4985);
#4985 = DEFINITIONAL_REPRESENTATION('',(#4986),#4990);
#4986 = LINE('',#4987,#4988);
#4987 = CARTESIAN_POINT('',(-3.14159265359,1.2));
#4988 = VECTOR('',#4989,1.);
#4989 = DIRECTION('',(1.,0.));
#4990 = ( GEOMETRIC_REPRESENTATION_CONTEXT(2) 
PARAMETRIC_REPRESENTATION_CONTEXT() REPRESENTATION_CONTEXT('2D SPACE',''
  ) );
#4991 = PCURVE('',#481,#4992);
#4992 = DEFINITIONAL_REPRESENTATION('',(#4993),#5001);
#4993 = ( BOUNDED_CURVE() B_SPLINE_CURVE(2,(#4994,#4995,#4996,#4997,
#4998,#4999,#5000),.UNSPECIFIED.,.T.,.F.) B_SPLINE_CURVE_WITH_KNOTS((1,2
    ,2,2,2,1),(-2.094395102393,0.,2.094395102393,4.188790204786,
6.28318530718,8.377580409573),.UNSPECIFIED.) CURVE() 
GEOMETRIC_REPRESENTATION_ITEM() RATIONAL_B_SPLINE_CURVE((1.,0.5,1.,0.5,
1.,0.5,1.)) REPRESENTATION_ITEM('') );
#4994 = CARTESIAN_POINT('',(1.6,0.));
#4995 = CARTESIAN_POINT('',(1.6,-2.77128129211));
#4996 = CARTESIAN_POINT('',(-0.8,-1.385640646055));
#4997 = CARTESIAN_POINT('',(-3.2,-3.918869757272E-16));
#4998 = CARTESIAN_POINT('',(-0.8,1.385640646055));
#4999 = CARTESIAN_POINT('',(1.6,2.77128129211));
#5000 = CARTESIAN_POINT('',(1.6,0.));
#5001 = ( GEOMETRIC_REPRESENTATION_CONTEXT(2) 
PARAMETRIC_REPRESENTATION_CONTEXT() REPRESENTATION_CONTEXT('2D SPACE',''
  ) );
#5002 = ORIENTED_EDGE('',*,*,#2953,.T.);
#5003 = ADVANCED_FACE('',(#5004),#2806,.F.);
#5004 = FACE_BOUND('',#5005,.F.);
#5005 = EDGE_LOOP('',(#5006,#5028,#5029,#5055));
#5006 = ORIENTED_EDGE('',*,*,#5007,.F.);
#5007 = EDGE_CURVE('',#2786,#2819,#5008,.T.);
#5008 = SURFACE_CURVE('',#5009,(#5014,#5021),.PCURVE_S1.);
#5009 = CIRCLE('',#5010,1.6);
#5010 = AXIS2_PLACEMENT_3D('',#5011,#5012,#5013);
#5011 = CARTESIAN_POINT('',(43.5,351.04070785647,5.749999999996));
#5012 = DIRECTION('',(-1.,3.108532283331E-16,-6.64265828938E-16));
#5013 = DIRECTION('',(-3.108532283332E-16,-1.,6.786238238021E-15));
#5014 = PCURVE('',#2806,#5015);
#5015 = DEFINITIONAL_REPRESENTATION('',(#5016),#5020);
#5016 = LINE('',#5017,#5018);
#5017 = CARTESIAN_POINT('',(0.,6.));
#5018 = VECTOR('',#5019,1.);
#5019 = DIRECTION('',(1.,0.));
#5020 = ( GEOMETRIC_REPRESENTATION_CONTEXT(2) 
PARAMETRIC_REPRESENTATION_CONTEXT() REPRESENTATION_CONTEXT('2D SPACE',''
  ) );
#5021 = PCURVE('',#1949,#5022);
#5022 = DEFINITIONAL_REPRESENTATION('',(#5023),#5027);
#5023 = CIRCLE('',#5024,1.6);
#5024 = AXIS2_PLACEMENT_2D('',#5025,#5026);
#5025 = CARTESIAN_POINT('',(9.959292143521,5.75));
#5026 = DIRECTION('',(1.,0.));
#5027 = ( GEOMETRIC_REPRESENTATION_CONTEXT(2) 
PARAMETRIC_REPRESENTATION_CONTEXT() REPRESENTATION_CONTEXT('2D SPACE',''
  ) );
#5028 = ORIENTED_EDGE('',*,*,#2783,.F.);
#5029 = ORIENTED_EDGE('',*,*,#5030,.T.);
#5030 = EDGE_CURVE('',#2784,#2843,#5031,.T.);
#5031 = SURFACE_CURVE('',#5032,(#5037,#5044),.PCURVE_S1.);
#5032 = CIRCLE('',#5033,1.6);
#5033 = AXIS2_PLACEMENT_3D('',#5034,#5035,#5036);
#5034 = CARTESIAN_POINT('',(48.3,351.04070785647,5.749999999996));
#5035 = DIRECTION('',(-1.,3.108532283331E-16,-6.64265828938E-16));
#5036 = DIRECTION('',(3.108532283332E-16,1.,-6.786238238021E-15));
#5037 = PCURVE('',#2806,#5038);
#5038 = DEFINITIONAL_REPRESENTATION('',(#5039),#5043);
#5039 = LINE('',#5040,#5041);
#5040 = CARTESIAN_POINT('',(-3.14159265359,1.2));
#5041 = VECTOR('',#5042,1.);
#5042 = DIRECTION('',(1.,0.));
#5043 = ( GEOMETRIC_REPRESENTATION_CONTEXT(2) 
PARAMETRIC_REPRESENTATION_CONTEXT() REPRESENTATION_CONTEXT('2D SPACE',''
  ) );
#5044 = PCURVE('',#597,#5045);
#5045 = DEFINITIONAL_REPRESENTATION('',(#5046),#5054);
#5046 = ( BOUNDED_CURVE() B_SPLINE_CURVE(2,(#5047,#5048,#5049,#5050,
#5051,#5052,#5053),.UNSPECIFIED.,.T.,.F.) B_SPLINE_CURVE_WITH_KNOTS((1,2
    ,2,2,2,1),(-2.094395102393,0.,2.094395102393,4.188790204786,
6.28318530718,8.377580409573),.UNSPECIFIED.) CURVE() 
GEOMETRIC_REPRESENTATION_ITEM() RATIONAL_B_SPLINE_CURVE((1.,0.5,1.,0.5,
1.,0.5,1.)) REPRESENTATION_ITEM('') );
#5047 = CARTESIAN_POINT('',(1.6,0.));
#5048 = CARTESIAN_POINT('',(1.6,-2.77128129211));
#5049 = CARTESIAN_POINT('',(-0.8,-1.385640646055));
#5050 = CARTESIAN_POINT('',(-3.2,-3.918869757272E-16));
#5051 = CARTESIAN_POINT('',(-0.8,1.385640646055));
#5052 = CARTESIAN_POINT('',(1.6,2.77128129211));
#5053 = CARTESIAN_POINT('',(1.6,0.));
#5054 = ( GEOMETRIC_REPRESENTATION_CONTEXT(2) 
PARAMETRIC_REPRESENTATION_CONTEXT() REPRESENTATION_CONTEXT('2D SPACE',''
  ) );
#5055 = ORIENTED_EDGE('',*,*,#2842,.T.);
#5056 = ADVANCED_FACE('',(#5057),#2695,.F.);
#5057 = FACE_BOUND('',#5058,.F.);
#5058 = EDGE_LOOP('',(#5059,#5081,#5082,#5108));
#5059 = ORIENTED_EDGE('',*,*,#5060,.F.);
#5060 = EDGE_CURVE('',#2675,#2708,#5061,.T.);
#5061 = SURFACE_CURVE('',#5062,(#5067,#5074),.PCURVE_S1.);
#5062 = CIRCLE('',#5063,1.6);
#5063 = AXIS2_PLACEMENT_3D('',#5064,#5065,#5066);
#5064 = CARTESIAN_POINT('',(43.5,361.,-11.5));
#5065 = DIRECTION('',(-1.,3.108532283331E-16,-6.64265828938E-16));
#5066 = DIRECTION('',(-3.108532283332E-16,-1.,6.786238238021E-15));
#5067 = PCURVE('',#2695,#5068);
#5068 = DEFINITIONAL_REPRESENTATION('',(#5069),#5073);
#5069 = LINE('',#5070,#5071);
#5070 = CARTESIAN_POINT('',(0.,6.));
#5071 = VECTOR('',#5072,1.);
#5072 = DIRECTION('',(1.,0.));
#5073 = ( GEOMETRIC_REPRESENTATION_CONTEXT(2) 
PARAMETRIC_REPRESENTATION_CONTEXT() REPRESENTATION_CONTEXT('2D SPACE',''
  ) );
#5074 = PCURVE('',#1949,#5075);
#5075 = DEFINITIONAL_REPRESENTATION('',(#5076),#5080);
#5076 = CIRCLE('',#5077,1.6);
#5077 = AXIS2_PLACEMENT_2D('',#5078,#5079);
#5078 = CARTESIAN_POINT('',(3.382710778155E-14,-11.5));
#5079 = DIRECTION('',(1.,0.));
#5080 = ( GEOMETRIC_REPRESENTATION_CONTEXT(2) 
PARAMETRIC_REPRESENTATION_CONTEXT() REPRESENTATION_CONTEXT('2D SPACE',''
  ) );
#5081 = ORIENTED_EDGE('',*,*,#2672,.F.);
#5082 = ORIENTED_EDGE('',*,*,#5083,.T.);
#5083 = EDGE_CURVE('',#2673,#2732,#5084,.T.);
#5084 = SURFACE_CURVE('',#5085,(#5090,#5097),.PCURVE_S1.);
#5085 = CIRCLE('',#5086,1.6);
#5086 = AXIS2_PLACEMENT_3D('',#5087,#5088,#5089);
#5087 = CARTESIAN_POINT('',(48.3,361.,-11.5));
#5088 = DIRECTION('',(-1.,3.108532283331E-16,-6.64265828938E-16));
#5089 = DIRECTION('',(3.108532283332E-16,1.,-6.786238238021E-15));
#5090 = PCURVE('',#2695,#5091);
#5091 = DEFINITIONAL_REPRESENTATION('',(#5092),#5096);
#5092 = LINE('',#5093,#5094);
#5093 = CARTESIAN_POINT('',(-3.14159265359,1.2));
#5094 = VECTOR('',#5095,1.);
#5095 = DIRECTION('',(1.,0.));
#5096 = ( GEOMETRIC_REPRESENTATION_CONTEXT(2) 
PARAMETRIC_REPRESENTATION_CONTEXT() REPRESENTATION_CONTEXT('2D SPACE',''
  ) );
#5097 = PCURVE('',#713,#5098);
#5098 = DEFINITIONAL_REPRESENTATION('',(#5099),#5107);
#5099 = ( BOUNDED_CURVE() B_SPLINE_CURVE(2,(#5100,#5101,#5102,#5103,
#5104,#5105,#5106),.UNSPECIFIED.,.T.,.F.) B_SPLINE_CURVE_WITH_KNOTS((1,2
    ,2,2,2,1),(-2.094395102393,0.,2.094395102393,4.188790204786,
6.28318530718,8.377580409573),.UNSPECIFIED.) CURVE() 
GEOMETRIC_REPRESENTATION_ITEM() RATIONAL_B_SPLINE_CURVE((1.,0.5,1.,0.5,
1.,0.5,1.)) REPRESENTATION_ITEM('') );
#5100 = CARTESIAN_POINT('',(1.6,0.));
#5101 = CARTESIAN_POINT('',(1.6,-2.77128129211));
#5102 = CARTESIAN_POINT('',(-0.8,-1.385640646055));
#5103 = CARTESIAN_POINT('',(-3.2,-3.918869757272E-16));
#5104 = CARTESIAN_POINT('',(-0.8,1.385640646055));
#5105 = CARTESIAN_POINT('',(1.6,2.77128129211));
#5106 = CARTESIAN_POINT('',(1.6,0.));
#5107 = ( GEOMETRIC_REPRESENTATION_CONTEXT(2) 
PARAMETRIC_REPRESENTATION_CONTEXT() REPRESENTATION_CONTEXT('2D SPACE',''
  ) );
#5108 = ORIENTED_EDGE('',*,*,#2731,.T.);
#5109 = ADVANCED_FACE('',(#5110),#2584,.F.);
#5110 = FACE_BOUND('',#5111,.F.);
#5111 = EDGE_LOOP('',(#5112,#5134,#5135,#5161));
#5112 = ORIENTED_EDGE('',*,*,#5113,.F.);
#5113 = EDGE_CURVE('',#2564,#2597,#5114,.T.);
#5114 = SURFACE_CURVE('',#5115,(#5120,#5127),.PCURVE_S1.);
#5115 = CIRCLE('',#5116,1.6);
#5116 = AXIS2_PLACEMENT_3D('',#5117,#5118,#5119);
#5117 = CARTESIAN_POINT('',(43.5,370.95929214352,5.749999999996));
#5118 = DIRECTION('',(-1.,3.108532283331E-16,-6.64265828938E-16));
#5119 = DIRECTION('',(-3.108532283332E-16,-1.,6.786238238021E-15));
#5120 = PCURVE('',#2584,#5121);
#5121 = DEFINITIONAL_REPRESENTATION('',(#5122),#5126);
#5122 = LINE('',#5123,#5124);
#5123 = CARTESIAN_POINT('',(0.,6.));
#5124 = VECTOR('',#5125,1.);
#5125 = DIRECTION('',(1.,0.));
#5126 = ( GEOMETRIC_REPRESENTATION_CONTEXT(2) 
PARAMETRIC_REPRESENTATION_CONTEXT() REPRESENTATION_CONTEXT('2D SPACE',''
  ) );
#5127 = PCURVE('',#1949,#5128);
#5128 = DEFINITIONAL_REPRESENTATION('',(#5129),#5133);
#5129 = CIRCLE('',#5130,1.6);
#5130 = AXIS2_PLACEMENT_2D('',#5131,#5132);
#5131 = CARTESIAN_POINT('',(-9.959292143521,5.75));
#5132 = DIRECTION('',(1.,0.));
#5133 = ( GEOMETRIC_REPRESENTATION_CONTEXT(2) 
PARAMETRIC_REPRESENTATION_CONTEXT() REPRESENTATION_CONTEXT('2D SPACE',''
  ) );
#5134 = ORIENTED_EDGE('',*,*,#2561,.F.);
#5135 = ORIENTED_EDGE('',*,*,#5136,.T.);
#5136 = EDGE_CURVE('',#2562,#2621,#5137,.T.);
#5137 = SURFACE_CURVE('',#5138,(#5143,#5150),.PCURVE_S1.);
#5138 = CIRCLE('',#5139,1.6);
#5139 = AXIS2_PLACEMENT_3D('',#5140,#5141,#5142);
#5140 = CARTESIAN_POINT('',(48.3,370.95929214352,5.749999999996));
#5141 = DIRECTION('',(-1.,3.108532283331E-16,-6.64265828938E-16));
#5142 = DIRECTION('',(3.108532283332E-16,1.,-6.786238238021E-15));
#5143 = PCURVE('',#2584,#5144);
#5144 = DEFINITIONAL_REPRESENTATION('',(#5145),#5149);
#5145 = LINE('',#5146,#5147);
#5146 = CARTESIAN_POINT('',(-3.14159265359,1.2));
#5147 = VECTOR('',#5148,1.);
#5148 = DIRECTION('',(1.,0.));
#5149 = ( GEOMETRIC_REPRESENTATION_CONTEXT(2) 
PARAMETRIC_REPRESENTATION_CONTEXT() REPRESENTATION_CONTEXT('2D SPACE',''
  ) );
#5150 = PCURVE('',#829,#5151);
#5151 = DEFINITIONAL_REPRESENTATION('',(#5152),#5160);
#5152 = ( BOUNDED_CURVE() B_SPLINE_CURVE(2,(#5153,#5154,#5155,#5156,
#5157,#5158,#5159),.UNSPECIFIED.,.T.,.F.) B_SPLINE_CURVE_WITH_KNOTS((1,2
    ,2,2,2,1),(-2.094395102393,0.,2.094395102393,4.188790204786,
6.28318530718,8.377580409573),.UNSPECIFIED.) CURVE() 
GEOMETRIC_REPRESENTATION_ITEM() RATIONAL_B_SPLINE_CURVE((1.,0.5,1.,0.5,
1.,0.5,1.)) REPRESENTATION_ITEM('') );
#5153 = CARTESIAN_POINT('',(1.6,0.));
#5154 = CARTESIAN_POINT('',(1.6,-2.77128129211));
#5155 = CARTESIAN_POINT('',(-0.8,-1.385640646055));
#5156 = CARTESIAN_POINT('',(-3.2,-3.918869757272E-16));
#5157 = CARTESIAN_POINT('',(-0.8,1.385640646055));
#5158 = CARTESIAN_POINT('',(1.6,2.77128129211));
#5159 = CARTESIAN_POINT('',(1.6,0.));
#5160 = ( GEOMETRIC_REPRESENTATION_CONTEXT(2) 
PARAMETRIC_REPRESENTATION_CONTEXT() REPRESENTATION_CONTEXT('2D SPACE',''
  ) );
#5161 = ORIENTED_EDGE('',*,*,#2620,.T.);
#5162 = ADVANCED_FACE('',(#5163),#5177,.T.);
#5163 = FACE_BOUND('',#5164,.T.);
#5164 = EDGE_LOOP('',(#5165,#5195,#5223));
#5165 = ORIENTED_EDGE('',*,*,#5166,.F.);
#5166 = EDGE_CURVE('',#5167,#5169,#5171,.T.);
#5167 = VERTEX_POINT('',#5168);
#5168 = CARTESIAN_POINT('',(23.616592640878,328.99002747525,
    28.631397208142));
#5169 = VERTEX_POINT('',#5170);
#5170 = CARTESIAN_POINT('',(19.,319.7568421935,28.631397208142));
#5171 = SURFACE_CURVE('',#5172,(#5176,#5188),.PCURVE_S1.);
#5172 = LINE('',#5173,#5174);
#5173 = CARTESIAN_POINT('',(36.6972631226,355.1513684387,28.631397208142
    ));
#5174 = VECTOR('',#5175,1.);
#5175 = DIRECTION('',(-0.4472135955,-0.894427191,5.603957174961E-15));
#5176 = PCURVE('',#5177,#5182);
#5177 = PLANE('',#5178);
#5178 = AXIS2_PLACEMENT_3D('',#5179,#5180,#5181);
#5179 = CARTESIAN_POINT('',(25.,361.,28.631397208142));
#5180 = DIRECTION('',(6.64265828938E-16,-6.597547507574E-15,-1.));
#5181 = DIRECTION('',(-3.108532283332E-16,-1.,6.597547507574E-15));
#5182 = DEFINITIONAL_REPRESENTATION('',(#5183),#5187);
#5183 = LINE('',#5184,#5185);
#5184 = CARTESIAN_POINT('',(5.8486315613,-11.6972631226));
#5185 = VECTOR('',#5186,1.);
#5186 = DIRECTION('',(0.894427191,0.4472135955));
#5187 = ( GEOMETRIC_REPRESENTATION_CONTEXT(2) 
PARAMETRIC_REPRESENTATION_CONTEXT() REPRESENTATION_CONTEXT('2D SPACE',''
  ) );
#5188 = PCURVE('',#3533,#5189);
#5189 = DEFINITIONAL_REPRESENTATION('',(#5190),#5194);
#5190 = LINE('',#5191,#5192);
#5191 = CARTESIAN_POINT('',(39.561479392911,-93.9018716153));
#5192 = VECTOR('',#5193,1.);
#5193 = DIRECTION('',(0.292770021885,0.956182887468));
#5194 = ( GEOMETRIC_REPRESENTATION_CONTEXT(2) 
PARAMETRIC_REPRESENTATION_CONTEXT() REPRESENTATION_CONTEXT('2D SPACE',''
  ) );
#5195 = ORIENTED_EDGE('',*,*,#5196,.T.);
#5196 = EDGE_CURVE('',#5167,#5197,#5199,.T.);
#5197 = VERTEX_POINT('',#5198);
#5198 = CARTESIAN_POINT('',(23.616592640878,319.7568421935,
    28.631397208142));
#5199 = SURFACE_CURVE('',#5200,(#5204,#5211),.PCURVE_S1.);
#5200 = LINE('',#5201,#5202);
#5201 = CARTESIAN_POINT('',(23.616592640878,361.,28.631397208142));
#5202 = VECTOR('',#5203,1.);
#5203 = DIRECTION('',(-3.14103554008E-16,-1.,6.597547507574E-15));
#5204 = PCURVE('',#5177,#5205);
#5205 = DEFINITIONAL_REPRESENTATION('',(#5206),#5210);
#5206 = LINE('',#5207,#5208);
#5207 = CARTESIAN_POINT('',(-4.496524458057E-18,1.383407359122));
#5208 = VECTOR('',#5209,1.);
#5209 = DIRECTION('',(1.,3.250325674797E-18));
#5210 = ( GEOMETRIC_REPRESENTATION_CONTEXT(2) 
PARAMETRIC_REPRESENTATION_CONTEXT() REPRESENTATION_CONTEXT('2D SPACE',''
  ) );
#5211 = PCURVE('',#5212,#5217);
#5212 = PLANE('',#5213);
#5213 = AXIS2_PLACEMENT_3D('',#5214,#5215,#5216);
#5214 = CARTESIAN_POINT('',(23.616592640878,361.,28.631397208142));
#5215 = DIRECTION('',(0.55139896679,-5.832766932505E-15,-0.834241679265)
  );
#5216 = DIRECTION('',(3.108532283332E-16,1.,-6.786238238021E-15));
#5217 = DEFINITIONAL_REPRESENTATION('',(#5218),#5222);
#5218 = LINE('',#5219,#5220);
#5219 = CARTESIAN_POINT('',(-6.341436380696E-15,-7.886606302492E-15));
#5220 = VECTOR('',#5221,1.);
#5221 = DIRECTION('',(-1.,-1.067554309604E-16));
#5222 = ( GEOMETRIC_REPRESENTATION_CONTEXT(2) 
PARAMETRIC_REPRESENTATION_CONTEXT() REPRESENTATION_CONTEXT('2D SPACE',''
  ) );
#5223 = ORIENTED_EDGE('',*,*,#5224,.F.);
#5224 = EDGE_CURVE('',#5169,#5197,#5225,.T.);
#5225 = SURFACE_CURVE('',#5226,(#5230,#5237),.PCURVE_S1.);
#5226 = LINE('',#5227,#5228);
#5227 = CARTESIAN_POINT('',(25.,319.7568421935,28.631397208142));
#5228 = VECTOR('',#5229,1.);
#5229 = DIRECTION('',(1.,-3.108532283331E-16,6.64265828938E-16));
#5230 = PCURVE('',#5177,#5231);
#5231 = DEFINITIONAL_REPRESENTATION('',(#5232),#5236);
#5232 = LINE('',#5233,#5234);
#5233 = CARTESIAN_POINT('',(41.2431578065,0.));
#5234 = VECTOR('',#5235,1.);
#5235 = DIRECTION('',(0.,-1.));
#5236 = ( GEOMETRIC_REPRESENTATION_CONTEXT(2) 
PARAMETRIC_REPRESENTATION_CONTEXT() REPRESENTATION_CONTEXT('2D SPACE',''
  ) );
#5237 = PCURVE('',#5238,#5243);
#5238 = PLANE('',#5239);
#5239 = AXIS2_PLACEMENT_3D('',#5240,#5241,#5242);
#5240 = CARTESIAN_POINT('',(25.,319.7568421935,9.246025780196));
#5241 = DIRECTION('',(-3.108532283332E-16,-1.,6.597547507574E-15));
#5242 = DIRECTION('',(-6.64265828938E-16,6.597547507574E-15,1.));
#5243 = DEFINITIONAL_REPRESENTATION('',(#5244),#5248);
#5244 = LINE('',#5245,#5246);
#5245 = CARTESIAN_POINT('',(19.385371427946,0.));
#5246 = VECTOR('',#5247,1.);
#5247 = DIRECTION('',(0.,-1.));
#5248 = ( GEOMETRIC_REPRESENTATION_CONTEXT(2) 
PARAMETRIC_REPRESENTATION_CONTEXT() REPRESENTATION_CONTEXT('2D SPACE',''
  ) );
#5249 = ADVANCED_FACE('',(#5250),#5264,.F.);
#5250 = FACE_BOUND('',#5251,.T.);
#5251 = EDGE_LOOP('',(#5252,#5287,#5315,#5343));
#5252 = ORIENTED_EDGE('',*,*,#5253,.F.);
#5253 = EDGE_CURVE('',#5254,#5256,#5258,.T.);
#5254 = VERTEX_POINT('',#5255);
#5255 = CARTESIAN_POINT('',(23.616592640878,333.,66.631397208142));
#5256 = VERTEX_POINT('',#5257);
#5257 = CARTESIAN_POINT('',(20.,333.,66.631397208142));
#5258 = SURFACE_CURVE('',#5259,(#5263,#5275),.PCURVE_S1.);
#5259 = LINE('',#5260,#5261);
#5260 = CARTESIAN_POINT('',(25.,333.,66.631397208142));
#5261 = VECTOR('',#5262,1.);
#5262 = DIRECTION('',(-1.,3.108532283331E-16,-6.64265828938E-16));
#5263 = PCURVE('',#5264,#5269);
#5264 = PLANE('',#5265);
#5265 = AXIS2_PLACEMENT_3D('',#5266,#5267,#5268);
#5266 = CARTESIAN_POINT('',(25.,361.,66.631397208142));
#5267 = DIRECTION('',(6.64265828938E-16,-6.573527104204E-15,-1.));
#5268 = DIRECTION('',(-3.108532283332E-16,-1.,6.573527104204E-15));
#5269 = DEFINITIONAL_REPRESENTATION('',(#5270),#5274);
#5270 = LINE('',#5271,#5272);
#5271 = CARTESIAN_POINT('',(28.,3.552713678801E-15));
#5272 = VECTOR('',#5273,1.);
#5273 = DIRECTION('',(0.,1.));
#5274 = ( GEOMETRIC_REPRESENTATION_CONTEXT(2) 
PARAMETRIC_REPRESENTATION_CONTEXT() REPRESENTATION_CONTEXT('2D SPACE',''
  ) );
#5275 = PCURVE('',#5276,#5281);
#5276 = PLANE('',#5277);
#5277 = AXIS2_PLACEMENT_3D('',#5278,#5279,#5280);
#5278 = CARTESIAN_POINT('',(25.,333.,97.03215477303));
#5279 = DIRECTION('',(-3.108532283332E-16,-1.,6.573527104204E-15));
#5280 = DIRECTION('',(-6.64265828938E-16,6.573527104204E-15,1.));
#5281 = DEFINITIONAL_REPRESENTATION('',(#5282),#5286);
#5282 = LINE('',#5283,#5284);
#5283 = CARTESIAN_POINT('',(-30.40075756488,0.));
#5284 = VECTOR('',#5285,1.);
#5285 = DIRECTION('',(0.,1.));
#5286 = ( GEOMETRIC_REPRESENTATION_CONTEXT(2) 
PARAMETRIC_REPRESENTATION_CONTEXT() REPRESENTATION_CONTEXT('2D SPACE',''
  ) );
#5287 = ORIENTED_EDGE('',*,*,#5288,.T.);
#5288 = EDGE_CURVE('',#5254,#5289,#5291,.T.);
#5289 = VERTEX_POINT('',#5290);
#5290 = CARTESIAN_POINT('',(23.616592640878,344.4696551146,
    66.631397208142));
#5291 = SURFACE_CURVE('',#5292,(#5296,#5303),.PCURVE_S1.);
#5292 = LINE('',#5293,#5294);
#5293 = CARTESIAN_POINT('',(23.616592640878,344.4696551146,
    66.631397208142));
#5294 = VECTOR('',#5295,1.);
#5295 = DIRECTION('',(3.071891349359E-16,1.,-6.573527104204E-15));
#5296 = PCURVE('',#5264,#5297);
#5297 = DEFINITIONAL_REPRESENTATION('',(#5298),#5302);
#5298 = LINE('',#5299,#5300);
#5299 = CARTESIAN_POINT('',(16.530344885398,1.383407359122));
#5300 = VECTOR('',#5301,1.);
#5301 = DIRECTION('',(-1.,3.664093397293E-18));
#5302 = ( GEOMETRIC_REPRESENTATION_CONTEXT(2) 
PARAMETRIC_REPRESENTATION_CONTEXT() REPRESENTATION_CONTEXT('2D SPACE',''
  ) );
#5303 = PCURVE('',#5304,#5309);
#5304 = PLANE('',#5305);
#5305 = AXIS2_PLACEMENT_3D('',#5306,#5307,#5308);
#5306 = CARTESIAN_POINT('',(23.616592640878,361.,66.631397208142));
#5307 = DIRECTION('',(-0.55139896679,-5.489958634652E-15,-0.834241679265
    ));
#5308 = DIRECTION('',(3.108532283332E-16,1.,-6.786238238021E-15));
#5309 = DEFINITIONAL_REPRESENTATION('',(#5310),#5314);
#5310 = LINE('',#5311,#5312);
#5311 = CARTESIAN_POINT('',(-16.53034488539,2.96382182535E-15));
#5312 = VECTOR('',#5313,1.);
#5313 = DIRECTION('',(1.,-1.203454388402E-16));
#5314 = ( GEOMETRIC_REPRESENTATION_CONTEXT(2) 
PARAMETRIC_REPRESENTATION_CONTEXT() REPRESENTATION_CONTEXT('2D SPACE',''
  ) );
#5315 = ORIENTED_EDGE('',*,*,#5316,.T.);
#5316 = EDGE_CURVE('',#5289,#5317,#5319,.T.);
#5317 = VERTEX_POINT('',#5318);
#5318 = CARTESIAN_POINT('',(20.,344.4696551146,66.631397208142));
#5319 = SURFACE_CURVE('',#5320,(#5324,#5331),.PCURVE_S1.);
#5320 = LINE('',#5321,#5322);
#5321 = CARTESIAN_POINT('',(25.,344.4696551146,66.631397208142));
#5322 = VECTOR('',#5323,1.);
#5323 = DIRECTION('',(-1.,3.108532283331E-16,-6.64265828938E-16));
#5324 = PCURVE('',#5264,#5325);
#5325 = DEFINITIONAL_REPRESENTATION('',(#5326),#5330);
#5326 = LINE('',#5327,#5328);
#5327 = CARTESIAN_POINT('',(16.530344885398,0.));
#5328 = VECTOR('',#5329,1.);
#5329 = DIRECTION('',(0.,1.));
#5330 = ( GEOMETRIC_REPRESENTATION_CONTEXT(2) 
PARAMETRIC_REPRESENTATION_CONTEXT() REPRESENTATION_CONTEXT('2D SPACE',''
  ) );
#5331 = PCURVE('',#5332,#5337);
#5332 = PLANE('',#5333);
#5333 = AXIS2_PLACEMENT_3D('',#5334,#5335,#5336);
#5334 = CARTESIAN_POINT('',(43.5,377.4544826719,9.499999999996));
#5335 = DIRECTION('',(-6.29261218841E-17,0.866025403784,0.5));
#5336 = DIRECTION('',(7.306976968928E-16,0.5,-0.866025403784));
#5337 = DEFINITIONAL_REPRESENTATION('',(#5338),#5342);
#5338 = LINE('',#5339,#5340);
#5339 = CARTESIAN_POINT('',(-65.9696551146,18.5));
#5340 = VECTOR('',#5341,1.);
#5341 = DIRECTION('',(0.,1.));
#5342 = ( GEOMETRIC_REPRESENTATION_CONTEXT(2) 
PARAMETRIC_REPRESENTATION_CONTEXT() REPRESENTATION_CONTEXT('2D SPACE',''
  ) );
#5343 = ORIENTED_EDGE('',*,*,#5344,.T.);
#5344 = EDGE_CURVE('',#5317,#5256,#5345,.T.);
#5345 = SURFACE_CURVE('',#5346,(#5350,#5357),.PCURVE_S1.);
#5346 = LINE('',#5347,#5348);
#5347 = CARTESIAN_POINT('',(20.,361.,66.631397208142));
#5348 = VECTOR('',#5349,1.);
#5349 = DIRECTION('',(-3.108532283332E-16,-1.,6.573527104204E-15));
#5350 = PCURVE('',#5264,#5351);
#5351 = DEFINITIONAL_REPRESENTATION('',(#5352),#5356);
#5352 = LINE('',#5353,#5354);
#5353 = CARTESIAN_POINT('',(0.,5.));
#5354 = VECTOR('',#5355,1.);
#5355 = DIRECTION('',(1.,0.));
#5356 = ( GEOMETRIC_REPRESENTATION_CONTEXT(2) 
PARAMETRIC_REPRESENTATION_CONTEXT() REPRESENTATION_CONTEXT('2D SPACE',''
  ) );
#5357 = PCURVE('',#5358,#5363);
#5358 = PLANE('',#5359);
#5359 = AXIS2_PLACEMENT_3D('',#5360,#5361,#5362);
#5360 = CARTESIAN_POINT('',(20.,361.,66.631397208142));
#5361 = DIRECTION('',(0.707106781187,-4.867992017405E-15,-0.707106781187
    ));
#5362 = DIRECTION('',(-3.108532283332E-16,-1.,6.573527104204E-15));
#5363 = DEFINITIONAL_REPRESENTATION('',(#5364),#5368);
#5364 = LINE('',#5365,#5366);
#5365 = CARTESIAN_POINT('',(0.,0.));
#5366 = VECTOR('',#5367,1.);
#5367 = DIRECTION('',(1.,0.));
#5368 = ( GEOMETRIC_REPRESENTATION_CONTEXT(2) 
PARAMETRIC_REPRESENTATION_CONTEXT() REPRESENTATION_CONTEXT('2D SPACE',''
  ) );
#5369 = ADVANCED_FACE('',(#5370),#5384,.F.);
#5370 = FACE_BOUND('',#5371,.T.);
#5371 = EDGE_LOOP('',(#5372,#5407,#5435,#5463));
#5372 = ORIENTED_EDGE('',*,*,#5373,.T.);
#5373 = EDGE_CURVE('',#5374,#5376,#5378,.T.);
#5374 = VERTEX_POINT('',#5375);
#5375 = CARTESIAN_POINT('',(-19.,271.,28.631397208142));
#5376 = VERTEX_POINT('',#5377);
#5377 = CARTESIAN_POINT('',(-19.,295.,28.631397208142));
#5378 = SURFACE_CURVE('',#5379,(#5383,#5395),.PCURVE_S1.);
#5379 = LINE('',#5380,#5381);
#5380 = CARTESIAN_POINT('',(-19.,265.,28.631397208142));
#5381 = VECTOR('',#5382,1.);
#5382 = DIRECTION('',(3.108532283332E-16,1.,-6.786238238021E-15));
#5383 = PCURVE('',#5384,#5389);
#5384 = PLANE('',#5385);
#5385 = AXIS2_PLACEMENT_3D('',#5386,#5387,#5388);
#5386 = CARTESIAN_POINT('',(-19.,361.,-3.961568325274E-12));
#5387 = DIRECTION('',(-1.,3.108532283331E-16,-6.64265828938E-16));
#5388 = DIRECTION('',(-3.108532283332E-16,-1.,6.786238238021E-15));
#5389 = DEFINITIONAL_REPRESENTATION('',(#5390),#5394);
#5390 = LINE('',#5391,#5392);
#5391 = CARTESIAN_POINT('',(96.,28.631397208146));
#5392 = VECTOR('',#5393,1.);
#5393 = DIRECTION('',(-1.,0.));
#5394 = ( GEOMETRIC_REPRESENTATION_CONTEXT(2) 
PARAMETRIC_REPRESENTATION_CONTEXT() REPRESENTATION_CONTEXT('2D SPACE',''
  ) );
#5395 = PCURVE('',#5396,#5401);
#5396 = PLANE('',#5397);
#5397 = AXIS2_PLACEMENT_3D('',#5398,#5399,#5400);
#5398 = CARTESIAN_POINT('',(49.5,361.,28.631397208142));
#5399 = DIRECTION('',(6.64265828938E-16,-6.786238238021E-15,-1.));
#5400 = DIRECTION('',(1.,-3.108532283331E-16,6.64265828938E-16));
#5401 = DEFINITIONAL_REPRESENTATION('',(#5402),#5406);
#5402 = LINE('',#5403,#5404);
#5403 = CARTESIAN_POINT('',(-68.5,96.));
#5404 = VECTOR('',#5405,1.);
#5405 = DIRECTION('',(-0.,-1.));
#5406 = ( GEOMETRIC_REPRESENTATION_CONTEXT(2) 
PARAMETRIC_REPRESENTATION_CONTEXT() REPRESENTATION_CONTEXT('2D SPACE',''
  ) );
#5407 = ORIENTED_EDGE('',*,*,#5408,.F.);
#5408 = EDGE_CURVE('',#5409,#5376,#5411,.T.);
#5409 = VERTEX_POINT('',#5410);
#5410 = CARTESIAN_POINT('',(-19.,295.,66.631397208142));
#5411 = SURFACE_CURVE('',#5412,(#5416,#5423),.PCURVE_S1.);
#5412 = LINE('',#5413,#5414);
#5413 = CARTESIAN_POINT('',(-19.,295.,24.631397208142));
#5414 = VECTOR('',#5415,1.);
#5415 = DIRECTION('',(6.64265828938E-16,-6.786238238021E-15,-1.));
#5416 = PCURVE('',#5384,#5417);
#5417 = DEFINITIONAL_REPRESENTATION('',(#5418),#5422);
#5418 = LINE('',#5419,#5420);
#5419 = CARTESIAN_POINT('',(66.,24.631397208146));
#5420 = VECTOR('',#5421,1.);
#5421 = DIRECTION('',(-0.,-1.));
#5422 = ( GEOMETRIC_REPRESENTATION_CONTEXT(2) 
PARAMETRIC_REPRESENTATION_CONTEXT() REPRESENTATION_CONTEXT('2D SPACE',''
  ) );
#5423 = PCURVE('',#5424,#5429);
#5424 = PLANE('',#5425);
#5425 = AXIS2_PLACEMENT_3D('',#5426,#5427,#5428);
#5426 = CARTESIAN_POINT('',(-23.,295.,24.631397208142));
#5427 = DIRECTION('',(-3.108532283332E-16,-1.,6.786238238021E-15));
#5428 = DIRECTION('',(1.,-3.108532283331E-16,6.64265828938E-16));
#5429 = DEFINITIONAL_REPRESENTATION('',(#5430),#5434);
#5430 = LINE('',#5431,#5432);
#5431 = CARTESIAN_POINT('',(4.,0.));
#5432 = VECTOR('',#5433,1.);
#5433 = DIRECTION('',(0.,-1.));
#5434 = ( GEOMETRIC_REPRESENTATION_CONTEXT(2) 
PARAMETRIC_REPRESENTATION_CONTEXT() REPRESENTATION_CONTEXT('2D SPACE',''
  ) );
#5435 = ORIENTED_EDGE('',*,*,#5436,.T.);
#5436 = EDGE_CURVE('',#5409,#5437,#5439,.T.);
#5437 = VERTEX_POINT('',#5438);
#5438 = CARTESIAN_POINT('',(-19.,271.,66.631397208142));
#5439 = SURFACE_CURVE('',#5440,(#5444,#5451),.PCURVE_S1.);
#5440 = LINE('',#5441,#5442);
#5441 = CARTESIAN_POINT('',(-19.,265.,66.631397208142));
#5442 = VECTOR('',#5443,1.);
#5443 = DIRECTION('',(-3.108532283332E-16,-1.,6.786238238021E-15));
#5444 = PCURVE('',#5384,#5445);
#5445 = DEFINITIONAL_REPRESENTATION('',(#5446),#5450);
#5446 = LINE('',#5447,#5448);
#5447 = CARTESIAN_POINT('',(96.,66.631397208146));
#5448 = VECTOR('',#5449,1.);
#5449 = DIRECTION('',(1.,0.));
#5450 = ( GEOMETRIC_REPRESENTATION_CONTEXT(2) 
PARAMETRIC_REPRESENTATION_CONTEXT() REPRESENTATION_CONTEXT('2D SPACE',''
  ) );
#5451 = PCURVE('',#5452,#5457);
#5452 = PLANE('',#5453);
#5453 = AXIS2_PLACEMENT_3D('',#5454,#5455,#5456);
#5454 = CARTESIAN_POINT('',(49.5,361.,66.631397208142));
#5455 = DIRECTION('',(6.64265828938E-16,-6.786238238021E-15,-1.));
#5456 = DIRECTION('',(1.,-3.108532283331E-16,6.64265828938E-16));
#5457 = DEFINITIONAL_REPRESENTATION('',(#5458),#5462);
#5458 = LINE('',#5459,#5460);
#5459 = CARTESIAN_POINT('',(-68.5,96.));
#5460 = VECTOR('',#5461,1.);
#5461 = DIRECTION('',(0.,1.));
#5462 = ( GEOMETRIC_REPRESENTATION_CONTEXT(2) 
PARAMETRIC_REPRESENTATION_CONTEXT() REPRESENTATION_CONTEXT('2D SPACE',''
  ) );
#5463 = ORIENTED_EDGE('',*,*,#5464,.T.);
#5464 = EDGE_CURVE('',#5437,#5374,#5465,.T.);
#5465 = SURFACE_CURVE('',#5466,(#5470,#5477),.PCURVE_S1.);
#5466 = LINE('',#5467,#5468);
#5467 = CARTESIAN_POINT('',(-19.,271.,66.631397208142));
#5468 = VECTOR('',#5469,1.);
#5469 = DIRECTION('',(6.64265828938E-16,-6.786238238021E-15,-1.));
#5470 = PCURVE('',#5384,#5471);
#5471 = DEFINITIONAL_REPRESENTATION('',(#5472),#5476);
#5472 = LINE('',#5473,#5474);
#5473 = CARTESIAN_POINT('',(90.,66.631397208146));
#5474 = VECTOR('',#5475,1.);
#5475 = DIRECTION('',(0.,-1.));
#5476 = ( GEOMETRIC_REPRESENTATION_CONTEXT(2) 
PARAMETRIC_REPRESENTATION_CONTEXT() REPRESENTATION_CONTEXT('2D SPACE',''
  ) );
#5477 = PCURVE('',#1833,#5478);
#5478 = DEFINITIONAL_REPRESENTATION('',(#5479),#5483);
#5479 = LINE('',#5480,#5481);
#5480 = CARTESIAN_POINT('',(0.,0.));
#5481 = VECTOR('',#5482,1.);
#5482 = DIRECTION('',(-0.,-1.));
#5483 = ( GEOMETRIC_REPRESENTATION_CONTEXT(2) 
PARAMETRIC_REPRESENTATION_CONTEXT() REPRESENTATION_CONTEXT('2D SPACE',''
  ) );
#5484 = ADVANCED_FACE('',(#5485),#5499,.F.);
#5485 = FACE_BOUND('',#5486,.T.);
#5486 = EDGE_LOOP('',(#5487,#5522,#5545,#5573,#5601,#5629,#5657,#5685));
#5487 = ORIENTED_EDGE('',*,*,#5488,.T.);
#5488 = EDGE_CURVE('',#5489,#5491,#5493,.T.);
#5489 = VERTEX_POINT('',#5490);
#5490 = CARTESIAN_POINT('',(25.,345.04700538379,65.631397208142));
#5491 = VERTEX_POINT('',#5492);
#5492 = CARTESIAN_POINT('',(25.,266.,65.631397208142));
#5493 = SURFACE_CURVE('',#5494,(#5498,#5510),.PCURVE_S1.);
#5494 = LINE('',#5495,#5496);
#5495 = CARTESIAN_POINT('',(25.,361.,65.631397208142));
#5496 = VECTOR('',#5497,1.);
#5497 = DIRECTION('',(-3.108532283332E-16,-1.,6.786238238021E-15));
#5498 = PCURVE('',#5499,#5504);
#5499 = PLANE('',#5500);
#5500 = AXIS2_PLACEMENT_3D('',#5501,#5502,#5503);
#5501 = CARTESIAN_POINT('',(25.,361.,-3.932340628801E-12));
#5502 = DIRECTION('',(-1.,3.108532283331E-16,-6.64265828938E-16));
#5503 = DIRECTION('',(-3.108532283332E-16,-1.,6.786238238021E-15));
#5504 = DEFINITIONAL_REPRESENTATION('',(#5505),#5509);
#5505 = LINE('',#5506,#5507);
#5506 = CARTESIAN_POINT('',(0.,65.631397208146));
#5507 = VECTOR('',#5508,1.);
#5508 = DIRECTION('',(1.,0.));
#5509 = ( GEOMETRIC_REPRESENTATION_CONTEXT(2) 
PARAMETRIC_REPRESENTATION_CONTEXT() REPRESENTATION_CONTEXT('2D SPACE',''
  ) );
#5510 = PCURVE('',#5511,#5516);
#5511 = CYLINDRICAL_SURFACE('',#5512,5.);
#5512 = AXIS2_PLACEMENT_3D('',#5513,#5514,#5515);
#5513 = CARTESIAN_POINT('',(20.,361.,65.631397208142));
#5514 = DIRECTION('',(3.108532283332E-16,1.,-6.786238238021E-15));
#5515 = DIRECTION('',(-1.,3.108532283331E-16,-6.64265828938E-16));
#5516 = DEFINITIONAL_REPRESENTATION('',(#5517),#5521);
#5517 = LINE('',#5518,#5519);
#5518 = CARTESIAN_POINT('',(3.14159265359,0.));
#5519 = VECTOR('',#5520,1.);
#5520 = DIRECTION('',(0.,-1.));
#5521 = ( GEOMETRIC_REPRESENTATION_CONTEXT(2) 
PARAMETRIC_REPRESENTATION_CONTEXT() REPRESENTATION_CONTEXT('2D SPACE',''
  ) );
#5522 = ORIENTED_EDGE('',*,*,#5523,.T.);
#5523 = EDGE_CURVE('',#5491,#5524,#5526,.T.);
#5524 = VERTEX_POINT('',#5525);
#5525 = CARTESIAN_POINT('',(25.,266.,29.631397208143));
#5526 = SURFACE_CURVE('',#5527,(#5531,#5538),.PCURVE_S1.);
#5527 = LINE('',#5528,#5529);
#5528 = CARTESIAN_POINT('',(25.,266.,-3.252953526669E-12));
#5529 = VECTOR('',#5530,1.);
#5530 = DIRECTION('',(6.64265828938E-16,-7.151443180332E-15,-1.));
#5531 = PCURVE('',#5499,#5532);
#5532 = DEFINITIONAL_REPRESENTATION('',(#5533),#5537);
#5533 = LINE('',#5534,#5535);
#5534 = CARTESIAN_POINT('',(95.,3.469446951954E-14));
#5535 = VECTOR('',#5536,1.);
#5536 = DIRECTION('',(3.652049423109E-16,-1.));
#5537 = ( GEOMETRIC_REPRESENTATION_CONTEXT(2) 
PARAMETRIC_REPRESENTATION_CONTEXT() REPRESENTATION_CONTEXT('2D SPACE',''
  ) );
#5538 = PCURVE('',#4599,#5539);
#5539 = DEFINITIONAL_REPRESENTATION('',(#5540),#5544);
#5540 = LINE('',#5541,#5542);
#5541 = CARTESIAN_POINT('',(0.,0.));
#5542 = VECTOR('',#5543,1.);
#5543 = DIRECTION('',(1.,0.));
#5544 = ( GEOMETRIC_REPRESENTATION_CONTEXT(2) 
PARAMETRIC_REPRESENTATION_CONTEXT() REPRESENTATION_CONTEXT('2D SPACE',''
  ) );
#5545 = ORIENTED_EDGE('',*,*,#5546,.T.);
#5546 = EDGE_CURVE('',#5524,#5547,#5549,.T.);
#5547 = VERTEX_POINT('',#5548);
#5548 = CARTESIAN_POINT('',(25.,327.7264973081,29.631397208142));
#5549 = SURFACE_CURVE('',#5550,(#5554,#5561),.PCURVE_S1.);
#5550 = LINE('',#5551,#5552);
#5551 = CARTESIAN_POINT('',(25.,319.7568421935,29.631397208142));
#5552 = VECTOR('',#5553,1.);
#5553 = DIRECTION('',(3.108532283332E-16,1.,-6.786238238021E-15));
#5554 = PCURVE('',#5499,#5555);
#5555 = DEFINITIONAL_REPRESENTATION('',(#5556),#5560);
#5556 = LINE('',#5557,#5558);
#5557 = CARTESIAN_POINT('',(41.2431578065,29.631397208146));
#5558 = VECTOR('',#5559,1.);
#5559 = DIRECTION('',(-1.,0.));
#5560 = ( GEOMETRIC_REPRESENTATION_CONTEXT(2) 
PARAMETRIC_REPRESENTATION_CONTEXT() REPRESENTATION_CONTEXT('2D SPACE',''
  ) );
#5561 = PCURVE('',#5562,#5567);
#5562 = CYLINDRICAL_SURFACE('',#5563,5.);
#5563 = AXIS2_PLACEMENT_3D('',#5564,#5565,#5566);
#5564 = CARTESIAN_POINT('',(20.,361.,29.631397208142));
#5565 = DIRECTION('',(3.108532283332E-16,1.,-6.786238238021E-15));
#5566 = DIRECTION('',(-1.,3.108532283331E-16,-6.64265828938E-16));
#5567 = DEFINITIONAL_REPRESENTATION('',(#5568),#5572);
#5568 = LINE('',#5569,#5570);
#5569 = CARTESIAN_POINT('',(3.14159265359,-41.2431578065));
#5570 = VECTOR('',#5571,1.);
#5571 = DIRECTION('',(0.,1.));
#5572 = ( GEOMETRIC_REPRESENTATION_CONTEXT(2) 
PARAMETRIC_REPRESENTATION_CONTEXT() REPRESENTATION_CONTEXT('2D SPACE',''
  ) );
#5573 = ORIENTED_EDGE('',*,*,#5574,.T.);
#5574 = EDGE_CURVE('',#5547,#5575,#5577,.T.);
#5575 = VERTEX_POINT('',#5576);
#5576 = CARTESIAN_POINT('',(25.,317.3327511282,47.633893672701));
#5577 = SURFACE_CURVE('',#5578,(#5582,#5589),.PCURVE_S1.);
#5578 = LINE('',#5579,#5580);
#5579 = CARTESIAN_POINT('',(25.,348.87564434701,-7.000000000004));
#5580 = VECTOR('',#5581,1.);
#5581 = DIRECTION('',(-7.306976968928E-16,-0.5,0.866025403784));
#5582 = PCURVE('',#5499,#5583);
#5583 = DEFINITIONAL_REPRESENTATION('',(#5584),#5588);
#5584 = LINE('',#5585,#5586);
#5585 = CARTESIAN_POINT('',(12.124355652982,-7.));
#5586 = VECTOR('',#5587,1.);
#5587 = DIRECTION('',(0.5,0.866025403784));
#5588 = ( GEOMETRIC_REPRESENTATION_CONTEXT(2) 
PARAMETRIC_REPRESENTATION_CONTEXT() REPRESENTATION_CONTEXT('2D SPACE',''
  ) );
#5589 = PCURVE('',#5590,#5595);
#5590 = PLANE('',#5591);
#5591 = AXIS2_PLACEMENT_3D('',#5592,#5593,#5594);
#5592 = CARTESIAN_POINT('',(-7.5,335.41709623134,16.310889132453));
#5593 = DIRECTION('',(-6.29261218841E-17,0.866025403784,0.5));
#5594 = DIRECTION('',(7.306976968928E-16,0.5,-0.866025403784));
#5595 = DEFINITIONAL_REPRESENTATION('',(#5596),#5600);
#5596 = LINE('',#5597,#5598);
#5597 = CARTESIAN_POINT('',(26.917096231347,-32.5));
#5598 = VECTOR('',#5599,1.);
#5599 = DIRECTION('',(-1.,0.));
#5600 = ( GEOMETRIC_REPRESENTATION_CONTEXT(2) 
PARAMETRIC_REPRESENTATION_CONTEXT() REPRESENTATION_CONTEXT('2D SPACE',''
  ) );
#5601 = ORIENTED_EDGE('',*,*,#5602,.T.);
#5602 = EDGE_CURVE('',#5575,#5603,#5605,.T.);
#5603 = VERTEX_POINT('',#5604);
#5604 = CARTESIAN_POINT('',(25.,317.4916697508,49.358638544092));
#5605 = SURFACE_CURVE('',#5606,(#5610,#5617),.PCURVE_S1.);
#5606 = LINE('',#5607,#5608);
#5607 = CARTESIAN_POINT('',(25.,313.34830238047,4.390644828548));
#5608 = VECTOR('',#5609,1.);
#5609 = DIRECTION('',(-6.329425846136E-16,9.175170953614E-02,
    0.995781915781));
#5610 = PCURVE('',#5499,#5611);
#5611 = DEFINITIONAL_REPRESENTATION('',(#5612),#5616);
#5612 = LINE('',#5613,#5614);
#5613 = CARTESIAN_POINT('',(47.651697619526,4.390644828552));
#5614 = VECTOR('',#5615,1.);
#5615 = DIRECTION('',(-9.175170953614E-02,0.995781915781));
#5616 = ( GEOMETRIC_REPRESENTATION_CONTEXT(2) 
PARAMETRIC_REPRESENTATION_CONTEXT() REPRESENTATION_CONTEXT('2D SPACE',''
  ) );
#5617 = PCURVE('',#5618,#5623);
#5618 = PLANE('',#5619);
#5619 = AXIS2_PLACEMENT_3D('',#5620,#5621,#5622);
#5620 = CARTESIAN_POINT('',(69.5,339.7416697508,10.820508075685));
#5621 = DIRECTION('',(-0.5,0.862372435696,-7.945931129895E-02));
#5622 = DIRECTION('',(0.707106781187,0.353553390593,-0.612372435696));
#5623 = DEFINITIONAL_REPRESENTATION('',(#5624),#5628);
#5624 = LINE('',#5625,#5626);
#5625 = CARTESIAN_POINT('',(-36.86024526791,36.871741229717));
#5626 = VECTOR('',#5627,1.);
#5627 = DIRECTION('',(-0.57735026919,-0.816496580928));
#5628 = ( GEOMETRIC_REPRESENTATION_CONTEXT(2) 
PARAMETRIC_REPRESENTATION_CONTEXT() REPRESENTATION_CONTEXT('2D SPACE',''
  ) );
#5629 = ORIENTED_EDGE('',*,*,#5630,.T.);
#5630 = EDGE_CURVE('',#5603,#5631,#5633,.T.);
#5631 = VERTEX_POINT('',#5632);
#5632 = CARTESIAN_POINT('',(25.,344.33845726812,64.858638544092));
#5633 = SURFACE_CURVE('',#5634,(#5638,#5645),.PCURVE_S1.);
#5634 = LINE('',#5635,#5636);
#5635 = CARTESIAN_POINT('',(25.,286.61939499792,31.534522405022));
#5636 = VECTOR('',#5637,1.);
#5637 = DIRECTION('',(-6.29261218841E-17,0.866025403784,0.5));
#5638 = PCURVE('',#5499,#5639);
#5639 = DEFINITIONAL_REPRESENTATION('',(#5640),#5644);
#5640 = LINE('',#5641,#5642);
#5641 = CARTESIAN_POINT('',(74.380605002076,31.534522405026));
#5642 = VECTOR('',#5643,1.);
#5643 = DIRECTION('',(-0.866025403784,0.5));
#5644 = ( GEOMETRIC_REPRESENTATION_CONTEXT(2) 
PARAMETRIC_REPRESENTATION_CONTEXT() REPRESENTATION_CONTEXT('2D SPACE',''
  ) );
#5645 = PCURVE('',#5646,#5651);
#5646 = PLANE('',#5647);
#5647 = AXIS2_PLACEMENT_3D('',#5648,#5649,#5650);
#5648 = CARTESIAN_POINT('',(69.5,308.86939499792,-7.003608063385));
#5649 = DIRECTION('',(-0.707106781187,0.353553390593,-0.612372435696));
#5650 = DIRECTION('',(0.654653670708,-5.361170701293E-15,-0.755928946018
    ));
#5651 = DEFINITIONAL_REPRESENTATION('',(#5652),#5656);
#5652 = LINE('',#5653,#5654);
#5653 = CARTESIAN_POINT('',(-58.26417669301,23.786250530205));
#5654 = VECTOR('',#5655,1.);
#5655 = DIRECTION('',(-0.377964473009,-0.925820099773));
#5656 = ( GEOMETRIC_REPRESENTATION_CONTEXT(2) 
PARAMETRIC_REPRESENTATION_CONTEXT() REPRESENTATION_CONTEXT('2D SPACE',''
  ) );
#5657 = ORIENTED_EDGE('',*,*,#5658,.T.);
#5658 = EDGE_CURVE('',#5631,#5659,#5661,.T.);
#5659 = VERTEX_POINT('',#5660);
#5660 = CARTESIAN_POINT('',(25.,345.91158945309,64.133893672701));
#5661 = SURFACE_CURVE('',#5662,(#5666,#5673),.PCURVE_S1.);
#5662 = LINE('',#5663,#5664);
#5663 = CARTESIAN_POINT('',(25.,382.73167889321,47.170811205221));
#5664 = VECTOR('',#5665,1.);
#5665 = DIRECTION('',(5.602817577959E-16,0.908248290464,-0.418431646592)
  );
#5666 = PCURVE('',#5499,#5667);
#5667 = DEFINITIONAL_REPRESENTATION('',(#5668),#5672);
#5668 = LINE('',#5669,#5670);
#5669 = CARTESIAN_POINT('',(-21.73167889321,47.170811205225));
#5670 = VECTOR('',#5671,1.);
#5671 = DIRECTION('',(-0.908248290464,-0.418431646592));
#5672 = ( GEOMETRIC_REPRESENTATION_CONTEXT(2) 
PARAMETRIC_REPRESENTATION_CONTEXT() REPRESENTATION_CONTEXT('2D SPACE',''
  ) );
#5673 = PCURVE('',#5674,#5679);
#5674 = PLANE('',#5675);
#5675 = AXIS2_PLACEMENT_3D('',#5676,#5677,#5678);
#5676 = CARTESIAN_POINT('',(69.5,366.58845726812,26.320508075685));
#5677 = DIRECTION('',(0.5,0.362372435696,0.786566092485));
#5678 = DIRECTION('',(0.707106781187,0.353553390593,-0.612372435696));
#5679 = DEFINITIONAL_REPRESENTATION('',(#5680),#5684);
#5680 = LINE('',#5681,#5682);
#5681 = CARTESIAN_POINT('',(-38.52691193458,34.514718625761));
#5682 = VECTOR('',#5683,1.);
#5683 = DIRECTION('',(0.57735026919,0.816496580928));
#5684 = ( GEOMETRIC_REPRESENTATION_CONTEXT(2) 
PARAMETRIC_REPRESENTATION_CONTEXT() REPRESENTATION_CONTEXT('2D SPACE',''
  ) );
#5685 = ORIENTED_EDGE('',*,*,#5686,.T.);
#5686 = EDGE_CURVE('',#5659,#5489,#5687,.T.);
#5687 = SURFACE_CURVE('',#5688,(#5692,#5699),.PCURVE_S1.);
#5688 = LINE('',#5689,#5690);
#5689 = CARTESIAN_POINT('',(25.,377.4544826719,9.499999999996));
#5690 = VECTOR('',#5691,1.);
#5691 = DIRECTION('',(-7.306976968928E-16,-0.5,0.866025403784));
#5692 = PCURVE('',#5499,#5693);
#5693 = DEFINITIONAL_REPRESENTATION('',(#5694),#5698);
#5694 = LINE('',#5695,#5696);
#5695 = CARTESIAN_POINT('',(-16.4544826719,9.5));
#5696 = VECTOR('',#5697,1.);
#5697 = DIRECTION('',(0.5,0.866025403784));
#5698 = ( GEOMETRIC_REPRESENTATION_CONTEXT(2) 
PARAMETRIC_REPRESENTATION_CONTEXT() REPRESENTATION_CONTEXT('2D SPACE',''
  ) );
#5699 = PCURVE('',#5332,#5700);
#5700 = DEFINITIONAL_REPRESENTATION('',(#5701),#5705);
#5701 = LINE('',#5702,#5703);
#5702 = CARTESIAN_POINT('',(0.,18.5));
#5703 = VECTOR('',#5704,1.);
#5704 = DIRECTION('',(-1.,0.));
#5705 = ( GEOMETRIC_REPRESENTATION_CONTEXT(2) 
PARAMETRIC_REPRESENTATION_CONTEXT() REPRESENTATION_CONTEXT('2D SPACE',''
  ) );
#5706 = ADVANCED_FACE('',(#5707),#2469,.F.);
#5707 = FACE_BOUND('',#5708,.F.);
#5708 = EDGE_LOOP('',(#5709,#5735,#5736,#5762));
#5709 = ORIENTED_EDGE('',*,*,#5710,.F.);
#5710 = EDGE_CURVE('',#2449,#2482,#5711,.T.);
#5711 = SURFACE_CURVE('',#5712,(#5717,#5724),.PCURVE_S1.);
#5712 = CIRCLE('',#5713,1.6);
#5713 = AXIS2_PLACEMENT_3D('',#5714,#5715,#5716);
#5714 = CARTESIAN_POINT('',(9.899494936612,271.,57.530892144754));
#5715 = DIRECTION('',(3.108532283332E-16,1.,-6.786238238021E-15));
#5716 = DIRECTION('',(-1.,3.108532283331E-16,-6.64265828938E-16));
#5717 = PCURVE('',#2469,#5718);
#5718 = DEFINITIONAL_REPRESENTATION('',(#5719),#5723);
#5719 = LINE('',#5720,#5721);
#5720 = CARTESIAN_POINT('',(0.,187.5));
#5721 = VECTOR('',#5722,1.);
#5722 = DIRECTION('',(1.,0.));
#5723 = ( GEOMETRIC_REPRESENTATION_CONTEXT(2) 
PARAMETRIC_REPRESENTATION_CONTEXT() REPRESENTATION_CONTEXT('2D SPACE',''
  ) );
#5724 = PCURVE('',#1833,#5725);
#5725 = DEFINITIONAL_REPRESENTATION('',(#5726),#5734);
#5726 = ( BOUNDED_CURVE() B_SPLINE_CURVE(2,(#5727,#5728,#5729,#5730,
#5731,#5732,#5733),.UNSPECIFIED.,.T.,.F.) B_SPLINE_CURVE_WITH_KNOTS((1,2
    ,2,2,2,1),(-2.094395102393,0.,2.094395102393,4.188790204786,
6.28318530718,8.377580409573),.UNSPECIFIED.) CURVE() 
GEOMETRIC_REPRESENTATION_ITEM() RATIONAL_B_SPLINE_CURVE((1.,0.5,1.,0.5,
1.,0.5,1.)) REPRESENTATION_ITEM('') );
#5727 = CARTESIAN_POINT('',(27.299494936612,-9.100505063388));
#5728 = CARTESIAN_POINT('',(27.299494936612,-6.329223771278));
#5729 = CARTESIAN_POINT('',(29.699494936612,-7.714864417333));
#5730 = CARTESIAN_POINT('',(32.099494936612,-9.100505063388));
#5731 = CARTESIAN_POINT('',(29.699494936612,-10.48614570944));
#5732 = CARTESIAN_POINT('',(27.299494936612,-11.87178635549));
#5733 = CARTESIAN_POINT('',(27.299494936612,-9.100505063388));
#5734 = ( GEOMETRIC_REPRESENTATION_CONTEXT(2) 
PARAMETRIC_REPRESENTATION_CONTEXT() REPRESENTATION_CONTEXT('2D SPACE',''
  ) );
#5735 = ORIENTED_EDGE('',*,*,#2446,.F.);
#5736 = ORIENTED_EDGE('',*,*,#5737,.T.);
#5737 = EDGE_CURVE('',#2447,#2510,#5738,.T.);
#5738 = SURFACE_CURVE('',#5739,(#5744,#5751),.PCURVE_S1.);
#5739 = CIRCLE('',#5740,1.6);
#5740 = AXIS2_PLACEMENT_3D('',#5741,#5742,#5743);
#5741 = CARTESIAN_POINT('',(9.899494936612,266.2,57.530892144754));
#5742 = DIRECTION('',(3.108532283332E-16,1.,-7.151443180332E-15));
#5743 = DIRECTION('',(-6.64265828938E-16,7.151443180332E-15,1.));
#5744 = PCURVE('',#2469,#5745);
#5745 = DEFINITIONAL_REPRESENTATION('',(#5746),#5750);
#5746 = LINE('',#5747,#5748);
#5747 = CARTESIAN_POINT('',(-4.712388980385,182.7));
#5748 = VECTOR('',#5749,1.);
#5749 = DIRECTION('',(1.,0.));
#5750 = ( GEOMETRIC_REPRESENTATION_CONTEXT(2) 
PARAMETRIC_REPRESENTATION_CONTEXT() REPRESENTATION_CONTEXT('2D SPACE',''
  ) );
#5751 = PCURVE('',#955,#5752);
#5752 = DEFINITIONAL_REPRESENTATION('',(#5753),#5761);
#5753 = ( BOUNDED_CURVE() B_SPLINE_CURVE(2,(#5754,#5755,#5756,#5757,
#5758,#5759,#5760),.UNSPECIFIED.,.T.,.F.) B_SPLINE_CURVE_WITH_KNOTS((1,2
    ,2,2,2,1),(-2.094395102393,0.,2.094395102393,4.188790204786,
6.28318530718,8.377580409573),.UNSPECIFIED.) CURVE() 
GEOMETRIC_REPRESENTATION_ITEM() RATIONAL_B_SPLINE_CURVE((1.,0.5,1.,0.5,
1.,0.5,1.)) REPRESENTATION_ITEM('') );
#5754 = CARTESIAN_POINT('',(1.6,4.973799150321E-14));
#5755 = CARTESIAN_POINT('',(1.6,-2.77128129211));
#5756 = CARTESIAN_POINT('',(-0.8,-1.385640646055));
#5757 = CARTESIAN_POINT('',(-3.2,4.934610452748E-14));
#5758 = CARTESIAN_POINT('',(-0.8,1.385640646055));
#5759 = CARTESIAN_POINT('',(1.6,2.77128129211));
#5760 = CARTESIAN_POINT('',(1.6,4.973799150321E-14));
#5761 = ( GEOMETRIC_REPRESENTATION_CONTEXT(2) 
PARAMETRIC_REPRESENTATION_CONTEXT() REPRESENTATION_CONTEXT('2D SPACE',''
  ) );
#5762 = ORIENTED_EDGE('',*,*,#2509,.T.);
#5763 = ADVANCED_FACE('',(#5764),#2354,.F.);
#5764 = FACE_BOUND('',#5765,.F.);
#5765 = EDGE_LOOP('',(#5766,#5792,#5793,#5819));
#5766 = ORIENTED_EDGE('',*,*,#5767,.F.);
#5767 = EDGE_CURVE('',#2334,#2367,#5768,.T.);
#5768 = SURFACE_CURVE('',#5769,(#5774,#5781),.PCURVE_S1.);
#5769 = CIRCLE('',#5770,1.6);
#5770 = AXIS2_PLACEMENT_3D('',#5771,#5772,#5773);
#5771 = CARTESIAN_POINT('',(-9.899494936612,271.,37.731902271531));
#5772 = DIRECTION('',(3.108532283332E-16,1.,-6.786238238021E-15));
#5773 = DIRECTION('',(-1.,3.108532283331E-16,-6.64265828938E-16));
#5774 = PCURVE('',#2354,#5775);
#5775 = DEFINITIONAL_REPRESENTATION('',(#5776),#5780);
#5776 = LINE('',#5777,#5778);
#5777 = CARTESIAN_POINT('',(0.,187.5));
#5778 = VECTOR('',#5779,1.);
#5779 = DIRECTION('',(1.,0.));
#5780 = ( GEOMETRIC_REPRESENTATION_CONTEXT(2) 
PARAMETRIC_REPRESENTATION_CONTEXT() REPRESENTATION_CONTEXT('2D SPACE',''
  ) );
#5781 = PCURVE('',#1833,#5782);
#5782 = DEFINITIONAL_REPRESENTATION('',(#5783),#5791);
#5783 = ( BOUNDED_CURVE() B_SPLINE_CURVE(2,(#5784,#5785,#5786,#5787,
#5788,#5789,#5790),.UNSPECIFIED.,.T.,.F.) B_SPLINE_CURVE_WITH_KNOTS((1,2
    ,2,2,2,1),(-2.094395102393,0.,2.094395102393,4.188790204786,
6.28318530718,8.377580409573),.UNSPECIFIED.) CURVE() 
GEOMETRIC_REPRESENTATION_ITEM() RATIONAL_B_SPLINE_CURVE((1.,0.5,1.,0.5,
1.,0.5,1.)) REPRESENTATION_ITEM('') );
#5784 = CARTESIAN_POINT('',(7.500505063388,-28.89949493661));
#5785 = CARTESIAN_POINT('',(7.500505063388,-26.1282136445));
#5786 = CARTESIAN_POINT('',(9.900505063388,-27.51385429055));
#5787 = CARTESIAN_POINT('',(12.300505063388,-28.89949493661));
#5788 = CARTESIAN_POINT('',(9.900505063388,-30.28513558266));
#5789 = CARTESIAN_POINT('',(7.500505063388,-31.67077622872));
#5790 = CARTESIAN_POINT('',(7.500505063388,-28.89949493661));
#5791 = ( GEOMETRIC_REPRESENTATION_CONTEXT(2) 
PARAMETRIC_REPRESENTATION_CONTEXT() REPRESENTATION_CONTEXT('2D SPACE',''
  ) );
#5792 = ORIENTED_EDGE('',*,*,#2331,.F.);
#5793 = ORIENTED_EDGE('',*,*,#5794,.T.);
#5794 = EDGE_CURVE('',#2332,#2395,#5795,.T.);
#5795 = SURFACE_CURVE('',#5796,(#5801,#5808),.PCURVE_S1.);
#5796 = CIRCLE('',#5797,1.6);
#5797 = AXIS2_PLACEMENT_3D('',#5798,#5799,#5800);
#5798 = CARTESIAN_POINT('',(-9.899494936612,266.2,37.731902271531));
#5799 = DIRECTION('',(3.108532283332E-16,1.,-7.151443180332E-15));
#5800 = DIRECTION('',(-6.64265828938E-16,7.151443180332E-15,1.));
#5801 = PCURVE('',#2354,#5802);
#5802 = DEFINITIONAL_REPRESENTATION('',(#5803),#5807);
#5803 = LINE('',#5804,#5805);
#5804 = CARTESIAN_POINT('',(-4.712388980385,182.7));
#5805 = VECTOR('',#5806,1.);
#5806 = DIRECTION('',(1.,0.));
#5807 = ( GEOMETRIC_REPRESENTATION_CONTEXT(2) 
PARAMETRIC_REPRESENTATION_CONTEXT() REPRESENTATION_CONTEXT('2D SPACE',''
  ) );
#5808 = PCURVE('',#1158,#5809);
#5809 = DEFINITIONAL_REPRESENTATION('',(#5810),#5818);
#5810 = ( BOUNDED_CURVE() B_SPLINE_CURVE(2,(#5811,#5812,#5813,#5814,
#5815,#5816,#5817),.UNSPECIFIED.,.T.,.F.) B_SPLINE_CURVE_WITH_KNOTS((1,2
    ,2,2,2,1),(-2.094395102393,0.,2.094395102393,4.188790204786,
6.28318530718,8.377580409573),.UNSPECIFIED.) CURVE() 
GEOMETRIC_REPRESENTATION_ITEM() RATIONAL_B_SPLINE_CURVE((1.,0.5,1.,0.5,
1.,0.5,1.)) REPRESENTATION_ITEM('') );
#5811 = CARTESIAN_POINT('',(1.6,-2.84217094304E-14));
#5812 = CARTESIAN_POINT('',(1.6,-2.77128129211));
#5813 = CARTESIAN_POINT('',(-0.8,-1.385640646055));
#5814 = CARTESIAN_POINT('',(-3.2,-2.881359640613E-14));
#5815 = CARTESIAN_POINT('',(-0.8,1.385640646055));
#5816 = CARTESIAN_POINT('',(1.6,2.77128129211));
#5817 = CARTESIAN_POINT('',(1.6,-2.84217094304E-14));
#5818 = ( GEOMETRIC_REPRESENTATION_CONTEXT(2) 
PARAMETRIC_REPRESENTATION_CONTEXT() REPRESENTATION_CONTEXT('2D SPACE',''
  ) );
#5819 = ORIENTED_EDGE('',*,*,#2394,.T.);
#5820 = ADVANCED_FACE('',(#5821),#2239,.F.);
#5821 = FACE_BOUND('',#5822,.F.);
#5822 = EDGE_LOOP('',(#5823,#5849,#5850,#5876));
#5823 = ORIENTED_EDGE('',*,*,#5824,.F.);
#5824 = EDGE_CURVE('',#2219,#2252,#5825,.T.);
#5825 = SURFACE_CURVE('',#5826,(#5831,#5838),.PCURVE_S1.);
#5826 = CIRCLE('',#5827,1.6);
#5827 = AXIS2_PLACEMENT_3D('',#5828,#5829,#5830);
#5828 = CARTESIAN_POINT('',(-9.899494936612,271.,57.530892144754));
#5829 = DIRECTION('',(3.108532283332E-16,1.,-6.786238238021E-15));
#5830 = DIRECTION('',(-1.,3.108532283331E-16,-6.64265828938E-16));
#5831 = PCURVE('',#2239,#5832);
#5832 = DEFINITIONAL_REPRESENTATION('',(#5833),#5837);
#5833 = LINE('',#5834,#5835);
#5834 = CARTESIAN_POINT('',(0.,187.5));
#5835 = VECTOR('',#5836,1.);
#5836 = DIRECTION('',(1.,0.));
#5837 = ( GEOMETRIC_REPRESENTATION_CONTEXT(2) 
PARAMETRIC_REPRESENTATION_CONTEXT() REPRESENTATION_CONTEXT('2D SPACE',''
  ) );
#5838 = PCURVE('',#1833,#5839);
#5839 = DEFINITIONAL_REPRESENTATION('',(#5840),#5848);
#5840 = ( BOUNDED_CURVE() B_SPLINE_CURVE(2,(#5841,#5842,#5843,#5844,
#5845,#5846,#5847),.UNSPECIFIED.,.T.,.F.) B_SPLINE_CURVE_WITH_KNOTS((1,2
    ,2,2,2,1),(-2.094395102393,0.,2.094395102393,4.188790204786,
6.28318530718,8.377580409573),.UNSPECIFIED.) CURVE() 
GEOMETRIC_REPRESENTATION_ITEM() RATIONAL_B_SPLINE_CURVE((1.,0.5,1.,0.5,
1.,0.5,1.)) REPRESENTATION_ITEM('') );
#5841 = CARTESIAN_POINT('',(7.500505063388,-9.100505063388));
#5842 = CARTESIAN_POINT('',(7.500505063388,-6.329223771278));
#5843 = CARTESIAN_POINT('',(9.900505063388,-7.714864417333));
#5844 = CARTESIAN_POINT('',(12.300505063388,-9.100505063388));
#5845 = CARTESIAN_POINT('',(9.900505063388,-10.48614570944));
#5846 = CARTESIAN_POINT('',(7.500505063388,-11.87178635549));
#5847 = CARTESIAN_POINT('',(7.500505063388,-9.100505063388));
#5848 = ( GEOMETRIC_REPRESENTATION_CONTEXT(2) 
PARAMETRIC_REPRESENTATION_CONTEXT() REPRESENTATION_CONTEXT('2D SPACE',''
  ) );
#5849 = ORIENTED_EDGE('',*,*,#2216,.F.);
#5850 = ORIENTED_EDGE('',*,*,#5851,.T.);
#5851 = EDGE_CURVE('',#2217,#2280,#5852,.T.);
#5852 = SURFACE_CURVE('',#5853,(#5858,#5865),.PCURVE_S1.);
#5853 = CIRCLE('',#5854,1.6);
#5854 = AXIS2_PLACEMENT_3D('',#5855,#5856,#5857);
#5855 = CARTESIAN_POINT('',(-9.899494936612,266.2,57.530892144754));
#5856 = DIRECTION('',(3.108532283332E-16,1.,-7.151443180332E-15));
#5857 = DIRECTION('',(-6.64265828938E-16,7.151443180332E-15,1.));
#5858 = PCURVE('',#2239,#5859);
#5859 = DEFINITIONAL_REPRESENTATION('',(#5860),#5864);
#5860 = LINE('',#5861,#5862);
#5861 = CARTESIAN_POINT('',(-4.712388980385,182.7));
#5862 = VECTOR('',#5863,1.);
#5863 = DIRECTION('',(1.,0.));
#5864 = ( GEOMETRIC_REPRESENTATION_CONTEXT(2) 
PARAMETRIC_REPRESENTATION_CONTEXT() REPRESENTATION_CONTEXT('2D SPACE',''
  ) );
#5865 = PCURVE('',#1356,#5866);
#5866 = DEFINITIONAL_REPRESENTATION('',(#5867),#5875);
#5867 = ( BOUNDED_CURVE() B_SPLINE_CURVE(2,(#5868,#5869,#5870,#5871,
#5872,#5873,#5874),.UNSPECIFIED.,.T.,.F.) B_SPLINE_CURVE_WITH_KNOTS((1,2
    ,2,2,2,1),(-2.094395102393,0.,2.094395102393,4.188790204786,
6.28318530718,8.377580409573),.UNSPECIFIED.) CURVE() 
GEOMETRIC_REPRESENTATION_ITEM() RATIONAL_B_SPLINE_CURVE((1.,0.5,1.,0.5,
1.,0.5,1.)) REPRESENTATION_ITEM('') );
#5868 = CARTESIAN_POINT('',(1.6,1.42108547152E-14));
#5869 = CARTESIAN_POINT('',(1.6,-2.77128129211));
#5870 = CARTESIAN_POINT('',(-0.8,-1.385640646055));
#5871 = CARTESIAN_POINT('',(-3.2,1.381896773947E-14));
#5872 = CARTESIAN_POINT('',(-0.8,1.385640646055));
#5873 = CARTESIAN_POINT('',(1.6,2.77128129211));
#5874 = CARTESIAN_POINT('',(1.6,1.42108547152E-14));
#5875 = ( GEOMETRIC_REPRESENTATION_CONTEXT(2) 
PARAMETRIC_REPRESENTATION_CONTEXT() REPRESENTATION_CONTEXT('2D SPACE',''
  ) );
#5876 = ORIENTED_EDGE('',*,*,#2279,.T.);
#5877 = ADVANCED_FACE('',(#5878),#2124,.F.);
#5878 = FACE_BOUND('',#5879,.F.);
#5879 = EDGE_LOOP('',(#5880,#5906,#5907,#5933));
#5880 = ORIENTED_EDGE('',*,*,#5881,.F.);
#5881 = EDGE_CURVE('',#2104,#2137,#5882,.T.);
#5882 = SURFACE_CURVE('',#5883,(#5888,#5895),.PCURVE_S1.);
#5883 = CIRCLE('',#5884,1.6);
#5884 = AXIS2_PLACEMENT_3D('',#5885,#5886,#5887);
#5885 = CARTESIAN_POINT('',(9.899494936612,271.,37.731902271531));
#5886 = DIRECTION('',(3.108532283332E-16,1.,-6.786238238021E-15));
#5887 = DIRECTION('',(-1.,3.108532283331E-16,-6.64265828938E-16));
#5888 = PCURVE('',#2124,#5889);
#5889 = DEFINITIONAL_REPRESENTATION('',(#5890),#5894);
#5890 = LINE('',#5891,#5892);
#5891 = CARTESIAN_POINT('',(0.,187.5));
#5892 = VECTOR('',#5893,1.);
#5893 = DIRECTION('',(1.,0.));
#5894 = ( GEOMETRIC_REPRESENTATION_CONTEXT(2) 
PARAMETRIC_REPRESENTATION_CONTEXT() REPRESENTATION_CONTEXT('2D SPACE',''
  ) );
#5895 = PCURVE('',#1833,#5896);
#5896 = DEFINITIONAL_REPRESENTATION('',(#5897),#5905);
#5897 = ( BOUNDED_CURVE() B_SPLINE_CURVE(2,(#5898,#5899,#5900,#5901,
#5902,#5903,#5904),.UNSPECIFIED.,.T.,.F.) B_SPLINE_CURVE_WITH_KNOTS((1,2
    ,2,2,2,1),(-2.094395102393,0.,2.094395102393,4.188790204786,
6.28318530718,8.377580409573),.UNSPECIFIED.) CURVE() 
GEOMETRIC_REPRESENTATION_ITEM() RATIONAL_B_SPLINE_CURVE((1.,0.5,1.,0.5,
1.,0.5,1.)) REPRESENTATION_ITEM('') );
#5898 = CARTESIAN_POINT('',(27.299494936612,-28.89949493661));
#5899 = CARTESIAN_POINT('',(27.299494936612,-26.1282136445));
#5900 = CARTESIAN_POINT('',(29.699494936612,-27.51385429055));
#5901 = CARTESIAN_POINT('',(32.099494936612,-28.89949493661));
#5902 = CARTESIAN_POINT('',(29.699494936612,-30.28513558266));
#5903 = CARTESIAN_POINT('',(27.299494936612,-31.67077622872));
#5904 = CARTESIAN_POINT('',(27.299494936612,-28.89949493661));
#5905 = ( GEOMETRIC_REPRESENTATION_CONTEXT(2) 
PARAMETRIC_REPRESENTATION_CONTEXT() REPRESENTATION_CONTEXT('2D SPACE',''
  ) );
#5906 = ORIENTED_EDGE('',*,*,#2101,.F.);
#5907 = ORIENTED_EDGE('',*,*,#5908,.T.);
#5908 = EDGE_CURVE('',#2102,#2165,#5909,.T.);
#5909 = SURFACE_CURVE('',#5910,(#5915,#5922),.PCURVE_S1.);
#5910 = CIRCLE('',#5911,1.6);
#5911 = AXIS2_PLACEMENT_3D('',#5912,#5913,#5914);
#5912 = CARTESIAN_POINT('',(9.899494936612,266.2,37.731902271531));
#5913 = DIRECTION('',(3.108532283332E-16,1.,-7.151443180332E-15));
#5914 = DIRECTION('',(-6.64265828938E-16,7.151443180332E-15,1.));
#5915 = PCURVE('',#2124,#5916);
#5916 = DEFINITIONAL_REPRESENTATION('',(#5917),#5921);
#5917 = LINE('',#5918,#5919);
#5918 = CARTESIAN_POINT('',(-4.712388980385,182.7));
#5919 = VECTOR('',#5920,1.);
#5920 = DIRECTION('',(1.,0.));
#5921 = ( GEOMETRIC_REPRESENTATION_CONTEXT(2) 
PARAMETRIC_REPRESENTATION_CONTEXT() REPRESENTATION_CONTEXT('2D SPACE',''
  ) );
#5922 = PCURVE('',#1559,#5923);
#5923 = DEFINITIONAL_REPRESENTATION('',(#5924),#5932);
#5924 = ( BOUNDED_CURVE() B_SPLINE_CURVE(2,(#5925,#5926,#5927,#5928,
#5929,#5930,#5931),.UNSPECIFIED.,.T.,.F.) B_SPLINE_CURVE_WITH_KNOTS((1,2
    ,2,2,2,1),(-2.094395102393,0.,2.094395102393,4.188790204786,
6.28318530718,8.377580409573),.UNSPECIFIED.) CURVE() 
GEOMETRIC_REPRESENTATION_ITEM() RATIONAL_B_SPLINE_CURVE((1.,0.5,1.,0.5,
1.,0.5,1.)) REPRESENTATION_ITEM('') );
#5925 = CARTESIAN_POINT('',(1.6,0.));
#5926 = CARTESIAN_POINT('',(1.6,-2.77128129211));
#5927 = CARTESIAN_POINT('',(-0.8,-1.385640646055));
#5928 = CARTESIAN_POINT('',(-3.2,-3.918869757272E-16));
#5929 = CARTESIAN_POINT('',(-0.8,1.385640646055));
#5930 = CARTESIAN_POINT('',(1.6,2.77128129211));
#5931 = CARTESIAN_POINT('',(1.6,0.));
#5932 = ( GEOMETRIC_REPRESENTATION_CONTEXT(2) 
PARAMETRIC_REPRESENTATION_CONTEXT() REPRESENTATION_CONTEXT('2D SPACE',''
  ) );
#5933 = ORIENTED_EDGE('',*,*,#2164,.T.);
#5934 = ADVANCED_FACE('',(#5935),#5949,.F.);
#5935 = FACE_BOUND('',#5936,.T.);
#5936 = EDGE_LOOP('',(#5937,#5967,#5995,#6016,#6039,#6062,#6085,#6108));
#5937 = ORIENTED_EDGE('',*,*,#5938,.T.);
#5938 = EDGE_CURVE('',#5939,#5941,#5943,.T.);
#5939 = VERTEX_POINT('',#5940);
#5940 = CARTESIAN_POINT('',(19.,345.04700538379,65.631397208142));
#5941 = VERTEX_POINT('',#5942);
#5942 = CARTESIAN_POINT('',(19.,354.03882777504,50.057103973857));
#5943 = SURFACE_CURVE('',#5944,(#5948,#5960),.PCURVE_S1.);
#5944 = LINE('',#5945,#5946);
#5945 = CARTESIAN_POINT('',(19.,359.9544826719,39.810889132451));
#5946 = VECTOR('',#5947,1.);
#5947 = DIRECTION('',(7.306976968928E-16,0.5,-0.866025403784));
#5948 = PCURVE('',#5949,#5954);
#5949 = PLANE('',#5950);
#5950 = AXIS2_PLACEMENT_3D('',#5951,#5952,#5953);
#5951 = CARTESIAN_POINT('',(19.,361.,-3.936326223774E-12));
#5952 = DIRECTION('',(1.,-3.108532283331E-16,6.64265828938E-16));
#5953 = DIRECTION('',(3.108532283332E-16,1.,-6.786238238021E-15));
#5954 = DEFINITIONAL_REPRESENTATION('',(#5955),#5959);
#5955 = LINE('',#5956,#5957);
#5956 = CARTESIAN_POINT('',(-1.045517328096,39.810889132455));
#5957 = VECTOR('',#5958,1.);
#5958 = DIRECTION('',(0.5,-0.866025403784));
#5959 = ( GEOMETRIC_REPRESENTATION_CONTEXT(2) 
PARAMETRIC_REPRESENTATION_CONTEXT() REPRESENTATION_CONTEXT('2D SPACE',''
  ) );
#5960 = PCURVE('',#5332,#5961);
#5961 = DEFINITIONAL_REPRESENTATION('',(#5962),#5966);
#5962 = LINE('',#5963,#5964);
#5963 = CARTESIAN_POINT('',(-35.,24.5));
#5964 = VECTOR('',#5965,1.);
#5965 = DIRECTION('',(1.,0.));
#5966 = ( GEOMETRIC_REPRESENTATION_CONTEXT(2) 
PARAMETRIC_REPRESENTATION_CONTEXT() REPRESENTATION_CONTEXT('2D SPACE',''
  ) );
#5967 = ORIENTED_EDGE('',*,*,#5968,.T.);
#5968 = EDGE_CURVE('',#5941,#5969,#5971,.T.);
#5969 = VERTEX_POINT('',#5970);
#5970 = CARTESIAN_POINT('',(19.,353.87990915244,48.332359102465));
#5971 = SURFACE_CURVE('',#5972,(#5976,#5983),.PCURVE_S1.);
#5972 = LINE('',#5973,#5974);
#5973 = CARTESIAN_POINT('',(19.,352.49398244553,33.29088730514));
#5974 = VECTOR('',#5975,1.);
#5975 = DIRECTION('',(6.329425846136E-16,-9.175170953614E-02,
    -0.995781915781));
#5976 = PCURVE('',#5949,#5977);
#5977 = DEFINITIONAL_REPRESENTATION('',(#5978),#5982);
#5978 = LINE('',#5979,#5980);
#5979 = CARTESIAN_POINT('',(-8.506017554468,33.290887305144));
#5980 = VECTOR('',#5981,1.);
#5981 = DIRECTION('',(-9.175170953613E-02,-0.995781915781));
#5982 = ( GEOMETRIC_REPRESENTATION_CONTEXT(2) 
PARAMETRIC_REPRESENTATION_CONTEXT() REPRESENTATION_CONTEXT('2D SPACE',''
  ) );
#5983 = PCURVE('',#5984,#5989);
#5984 = PLANE('',#5985);
#5985 = AXIS2_PLACEMENT_3D('',#5986,#5987,#5988);
#5986 = CARTESIAN_POINT('',(37.5,363.12990915244,32.310889132453));
#5987 = DIRECTION('',(-0.5,0.862372435696,-7.945931129895E-02));
#5988 = DIRECTION('',(-0.707106781187,-0.353553390593,0.612372435696));
#5989 = DEFINITIONAL_REPRESENTATION('',(#5990),#5994);
#5990 = LINE('',#5991,#5992);
#5991 = CARTESIAN_POINT('',(17.441967269268,-12.33333333333));
#5992 = VECTOR('',#5993,1.);
#5993 = DIRECTION('',(-0.57735026919,-0.816496580928));
#5994 = ( GEOMETRIC_REPRESENTATION_CONTEXT(2) 
PARAMETRIC_REPRESENTATION_CONTEXT() REPRESENTATION_CONTEXT('2D SPACE',''
  ) );
#5995 = ORIENTED_EDGE('',*,*,#5996,.F.);
#5996 = EDGE_CURVE('',#5169,#5969,#5997,.T.);
#5997 = SURFACE_CURVE('',#5998,(#6002,#6009),.PCURVE_S1.);
#5998 = LINE('',#5999,#6000);
#5999 = CARTESIAN_POINT('',(19.,258.06421054837,-6.986860279187));
#6000 = VECTOR('',#6001,1.);
#6001 = DIRECTION('',(-6.29261218841E-17,0.866025403784,0.5));
#6002 = PCURVE('',#5949,#6003);
#6003 = DEFINITIONAL_REPRESENTATION('',(#6004),#6008);
#6004 = LINE('',#6005,#6006);
#6005 = CARTESIAN_POINT('',(-102.9357894516,-6.986860279184));
#6006 = VECTOR('',#6007,1.);
#6007 = DIRECTION('',(0.866025403784,0.5));
#6008 = ( GEOMETRIC_REPRESENTATION_CONTEXT(2) 
PARAMETRIC_REPRESENTATION_CONTEXT() REPRESENTATION_CONTEXT('2D SPACE',''
  ) );
#6009 = PCURVE('',#3533,#6010);
#6010 = DEFINITIONAL_REPRESENTATION('',(#6011),#6015);
#6011 = LINE('',#6012,#6013);
#6012 = CARTESIAN_POINT('',(24.222185816195,9.88866595076));
#6013 = VECTOR('',#6014,1.);
#6014 = DIRECTION('',(0.377964473009,-0.925820099773));
#6015 = ( GEOMETRIC_REPRESENTATION_CONTEXT(2) 
PARAMETRIC_REPRESENTATION_CONTEXT() REPRESENTATION_CONTEXT('2D SPACE',''
  ) );
#6016 = ORIENTED_EDGE('',*,*,#6017,.F.);
#6017 = EDGE_CURVE('',#6018,#5169,#6020,.T.);
#6018 = VERTEX_POINT('',#6019);
#6019 = CARTESIAN_POINT('',(19.,271.,28.631397208142));
#6020 = SURFACE_CURVE('',#6021,(#6025,#6032),.PCURVE_S1.);
#6021 = LINE('',#6022,#6023);
#6022 = CARTESIAN_POINT('',(19.,361.,28.631397208142));
#6023 = VECTOR('',#6024,1.);
#6024 = DIRECTION('',(3.108532283332E-16,1.,-6.786238238021E-15));
#6025 = PCURVE('',#5949,#6026);
#6026 = DEFINITIONAL_REPRESENTATION('',(#6027),#6031);
#6027 = LINE('',#6028,#6029);
#6028 = CARTESIAN_POINT('',(0.,28.631397208146));
#6029 = VECTOR('',#6030,1.);
#6030 = DIRECTION('',(1.,0.));
#6031 = ( GEOMETRIC_REPRESENTATION_CONTEXT(2) 
PARAMETRIC_REPRESENTATION_CONTEXT() REPRESENTATION_CONTEXT('2D SPACE',''
  ) );
#6032 = PCURVE('',#5396,#6033);
#6033 = DEFINITIONAL_REPRESENTATION('',(#6034),#6038);
#6034 = LINE('',#6035,#6036);
#6035 = CARTESIAN_POINT('',(-30.5,0.));
#6036 = VECTOR('',#6037,1.);
#6037 = DIRECTION('',(-0.,-1.));
#6038 = ( GEOMETRIC_REPRESENTATION_CONTEXT(2) 
PARAMETRIC_REPRESENTATION_CONTEXT() REPRESENTATION_CONTEXT('2D SPACE',''
  ) );
#6039 = ORIENTED_EDGE('',*,*,#6040,.F.);
#6040 = EDGE_CURVE('',#6041,#6018,#6043,.T.);
#6041 = VERTEX_POINT('',#6042);
#6042 = CARTESIAN_POINT('',(19.,271.,66.631397208142));
#6043 = SURFACE_CURVE('',#6044,(#6048,#6055),.PCURVE_S1.);
#6044 = LINE('',#6045,#6046);
#6045 = CARTESIAN_POINT('',(19.,271.,66.631397208142));
#6046 = VECTOR('',#6047,1.);
#6047 = DIRECTION('',(6.64265828938E-16,-6.786238238021E-15,-1.));
#6048 = PCURVE('',#5949,#6049);
#6049 = DEFINITIONAL_REPRESENTATION('',(#6050),#6054);
#6050 = LINE('',#6051,#6052);
#6051 = CARTESIAN_POINT('',(-90.,66.631397208146));
#6052 = VECTOR('',#6053,1.);
#6053 = DIRECTION('',(-0.,-1.));
#6054 = ( GEOMETRIC_REPRESENTATION_CONTEXT(2) 
PARAMETRIC_REPRESENTATION_CONTEXT() REPRESENTATION_CONTEXT('2D SPACE',''
  ) );
#6055 = PCURVE('',#1833,#6056);
#6056 = DEFINITIONAL_REPRESENTATION('',(#6057),#6061);
#6057 = LINE('',#6058,#6059);
#6058 = CARTESIAN_POINT('',(38.,0.));
#6059 = VECTOR('',#6060,1.);
#6060 = DIRECTION('',(-0.,-1.));
#6061 = ( GEOMETRIC_REPRESENTATION_CONTEXT(2) 
PARAMETRIC_REPRESENTATION_CONTEXT() REPRESENTATION_CONTEXT('2D SPACE',''
  ) );
#6062 = ORIENTED_EDGE('',*,*,#6063,.F.);
#6063 = EDGE_CURVE('',#6064,#6041,#6066,.T.);
#6064 = VERTEX_POINT('',#6065);
#6065 = CARTESIAN_POINT('',(19.,333.,66.631397208142));
#6066 = SURFACE_CURVE('',#6067,(#6071,#6078),.PCURVE_S1.);
#6067 = LINE('',#6068,#6069);
#6068 = CARTESIAN_POINT('',(19.,361.,66.631397208142));
#6069 = VECTOR('',#6070,1.);
#6070 = DIRECTION('',(-3.108532283332E-16,-1.,6.573527104204E-15));
#6071 = PCURVE('',#5949,#6072);
#6072 = DEFINITIONAL_REPRESENTATION('',(#6073),#6077);
#6073 = LINE('',#6074,#6075);
#6074 = CARTESIAN_POINT('',(-1.417324004796E-14,66.631397208146));
#6075 = VECTOR('',#6076,1.);
#6076 = DIRECTION('',(-1.,-2.12711133817E-16));
#6077 = ( GEOMETRIC_REPRESENTATION_CONTEXT(2) 
PARAMETRIC_REPRESENTATION_CONTEXT() REPRESENTATION_CONTEXT('2D SPACE',''
  ) );
#6078 = PCURVE('',#5452,#6079);
#6079 = DEFINITIONAL_REPRESENTATION('',(#6080),#6084);
#6080 = LINE('',#6081,#6082);
#6081 = CARTESIAN_POINT('',(-30.5,1.417324004796E-14));
#6082 = VECTOR('',#6083,1.);
#6083 = DIRECTION('',(0.,1.));
#6084 = ( GEOMETRIC_REPRESENTATION_CONTEXT(2) 
PARAMETRIC_REPRESENTATION_CONTEXT() REPRESENTATION_CONTEXT('2D SPACE',''
  ) );
#6085 = ORIENTED_EDGE('',*,*,#6086,.T.);
#6086 = EDGE_CURVE('',#6064,#6087,#6089,.T.);
#6087 = VERTEX_POINT('',#6088);
#6088 = CARTESIAN_POINT('',(19.,333.,65.631397208142));
#6089 = SURFACE_CURVE('',#6090,(#6094,#6101),.PCURVE_S1.);
#6090 = LINE('',#6091,#6092);
#6091 = CARTESIAN_POINT('',(19.,333.,-3.752267464857E-12));
#6092 = VECTOR('',#6093,1.);
#6093 = DIRECTION('',(6.64265828938E-16,-6.573527104204E-15,-1.));
#6094 = PCURVE('',#5949,#6095);
#6095 = DEFINITIONAL_REPRESENTATION('',(#6096),#6100);
#6096 = LINE('',#6097,#6098);
#6097 = CARTESIAN_POINT('',(-28.,-5.955911746876E-15));
#6098 = VECTOR('',#6099,1.);
#6099 = DIRECTION('',(2.12711133817E-16,-1.));
#6100 = ( GEOMETRIC_REPRESENTATION_CONTEXT(2) 
PARAMETRIC_REPRESENTATION_CONTEXT() REPRESENTATION_CONTEXT('2D SPACE',''
  ) );
#6101 = PCURVE('',#5276,#6102);
#6102 = DEFINITIONAL_REPRESENTATION('',(#6103),#6107);
#6103 = LINE('',#6104,#6105);
#6104 = CARTESIAN_POINT('',(-97.03215477303,6.));
#6105 = VECTOR('',#6106,1.);
#6106 = DIRECTION('',(-1.,0.));
#6107 = ( GEOMETRIC_REPRESENTATION_CONTEXT(2) 
PARAMETRIC_REPRESENTATION_CONTEXT() REPRESENTATION_CONTEXT('2D SPACE',''
  ) );
#6108 = ORIENTED_EDGE('',*,*,#6109,.T.);
#6109 = EDGE_CURVE('',#6087,#5939,#6110,.T.);
#6110 = SURFACE_CURVE('',#6111,(#6115,#6122),.PCURVE_S1.);
#6111 = LINE('',#6112,#6113);
#6112 = CARTESIAN_POINT('',(19.,361.,65.631397208142));
#6113 = VECTOR('',#6114,1.);
#6114 = DIRECTION('',(3.108532283332E-16,1.,-6.573527104204E-15));
#6115 = PCURVE('',#5949,#6116);
#6116 = DEFINITIONAL_REPRESENTATION('',(#6117),#6121);
#6117 = LINE('',#6118,#6119);
#6118 = CARTESIAN_POINT('',(-1.396052891414E-14,65.631397208146));
#6119 = VECTOR('',#6120,1.);
#6120 = DIRECTION('',(1.,2.12711133817E-16));
#6121 = ( GEOMETRIC_REPRESENTATION_CONTEXT(2) 
PARAMETRIC_REPRESENTATION_CONTEXT() REPRESENTATION_CONTEXT('2D SPACE',''
  ) );
#6122 = PCURVE('',#5358,#6123);
#6123 = DEFINITIONAL_REPRESENTATION('',(#6124),#6128);
#6124 = LINE('',#6125,#6126);
#6125 = CARTESIAN_POINT('',(-1.503766100578E-30,1.414213562373));
#6126 = VECTOR('',#6127,1.);
#6127 = DIRECTION('',(-1.,0.));
#6128 = ( GEOMETRIC_REPRESENTATION_CONTEXT(2) 
PARAMETRIC_REPRESENTATION_CONTEXT() REPRESENTATION_CONTEXT('2D SPACE',''
  ) );
#6129 = ADVANCED_FACE('',(#6130),#3561,.F.);
#6130 = FACE_BOUND('',#6131,.T.);
#6131 = EDGE_LOOP('',(#6132,#6133,#6156,#6179,#6200,#6201,#6202,#6223));
#6132 = ORIENTED_EDGE('',*,*,#4127,.T.);
#6133 = ORIENTED_EDGE('',*,*,#6134,.F.);
#6134 = EDGE_CURVE('',#6135,#4095,#6137,.T.);
#6135 = VERTEX_POINT('',#6136);
#6136 = CARTESIAN_POINT('',(37.5,344.23612159321,30.735889132452));
#6137 = SURFACE_CURVE('',#6138,(#6142,#6149),.PCURVE_S1.);
#6138 = LINE('',#6139,#6140);
#6139 = CARTESIAN_POINT('',(6.660598367848,344.23612159321,
    30.735889132452));
#6140 = VECTOR('',#6141,1.);
#6141 = DIRECTION('',(1.,-3.108532283331E-16,6.64265828938E-16));
#6142 = PCURVE('',#3561,#6143);
#6143 = DEFINITIONAL_REPRESENTATION('',(#6144),#6148);
#6144 = LINE('',#6145,#6146);
#6145 = CARTESIAN_POINT('',(19.850000000002,12.339401632152));
#6146 = VECTOR('',#6147,1.);
#6147 = DIRECTION('',(0.,-1.));
#6148 = ( GEOMETRIC_REPRESENTATION_CONTEXT(2) 
PARAMETRIC_REPRESENTATION_CONTEXT() REPRESENTATION_CONTEXT('2D SPACE',''
  ) );
#6149 = PCURVE('',#4115,#6150);
#6150 = DEFINITIONAL_REPRESENTATION('',(#6151),#6155);
#6151 = LINE('',#6152,#6153);
#6152 = CARTESIAN_POINT('',(0.,16.763878406782));
#6153 = VECTOR('',#6154,1.);
#6154 = DIRECTION('',(-1.,0.));
#6155 = ( GEOMETRIC_REPRESENTATION_CONTEXT(2) 
PARAMETRIC_REPRESENTATION_CONTEXT() REPRESENTATION_CONTEXT('2D SPACE',''
  ) );
#6156 = ORIENTED_EDGE('',*,*,#6157,.F.);
#6157 = EDGE_CURVE('',#6158,#6135,#6160,.T.);
#6158 = VERTEX_POINT('',#6159);
#6159 = CARTESIAN_POINT('',(37.5,339.03996917051,27.735889132452));
#6160 = SURFACE_CURVE('',#6161,(#6165,#6172),.PCURVE_S1.);
#6161 = LINE('',#6162,#6163);
#6162 = CARTESIAN_POINT('',(37.5,343.5,30.310889132452));
#6163 = VECTOR('',#6164,1.);
#6164 = DIRECTION('',(-6.29261218841E-17,0.866025403784,0.5));
#6165 = PCURVE('',#3561,#6166);
#6166 = DEFINITIONAL_REPRESENTATION('',(#6167),#6171);
#6167 = LINE('',#6168,#6169);
#6168 = CARTESIAN_POINT('',(19.,-18.5));
#6169 = VECTOR('',#6170,1.);
#6170 = DIRECTION('',(1.,0.));
#6171 = ( GEOMETRIC_REPRESENTATION_CONTEXT(2) 
PARAMETRIC_REPRESENTATION_CONTEXT() REPRESENTATION_CONTEXT('2D SPACE',''
  ) );
#6172 = PCURVE('',#45,#6173);
#6173 = DEFINITIONAL_REPRESENTATION('',(#6174),#6178);
#6174 = LINE('',#6175,#6176);
#6175 = CARTESIAN_POINT('',(17.5,30.310889132455));
#6176 = VECTOR('',#6177,1.);
#6177 = DIRECTION('',(-0.866025403784,0.5));
#6178 = ( GEOMETRIC_REPRESENTATION_CONTEXT(2) 
PARAMETRIC_REPRESENTATION_CONTEXT() REPRESENTATION_CONTEXT('2D SPACE',''
  ) );
#6179 = ORIENTED_EDGE('',*,*,#6180,.T.);
#6180 = EDGE_CURVE('',#6158,#3942,#6181,.T.);
#6181 = SURFACE_CURVE('',#6182,(#6186,#6193),.PCURVE_S1.);
#6182 = LINE('',#6183,#6184);
#6183 = CARTESIAN_POINT('',(6.660598367848,339.03996917051,
    27.735889132452));
#6184 = VECTOR('',#6185,1.);
#6185 = DIRECTION('',(1.,-3.108532283331E-16,6.64265828938E-16));
#6186 = PCURVE('',#3561,#6187);
#6187 = DEFINITIONAL_REPRESENTATION('',(#6188),#6192);
#6188 = LINE('',#6189,#6190);
#6189 = CARTESIAN_POINT('',(13.850000000002,12.339401632152));
#6190 = VECTOR('',#6191,1.);
#6191 = DIRECTION('',(0.,-1.));
#6192 = ( GEOMETRIC_REPRESENTATION_CONTEXT(2) 
PARAMETRIC_REPRESENTATION_CONTEXT() REPRESENTATION_CONTEXT('2D SPACE',''
  ) );
#6193 = PCURVE('',#3980,#6194);
#6194 = DEFINITIONAL_REPRESENTATION('',(#6195),#6199);
#6195 = LINE('',#6196,#6197);
#6196 = CARTESIAN_POINT('',(0.,21.960030829488));
#6197 = VECTOR('',#6198,1.);
#6198 = DIRECTION('',(-1.,0.));
#6199 = ( GEOMETRIC_REPRESENTATION_CONTEXT(2) 
PARAMETRIC_REPRESENTATION_CONTEXT() REPRESENTATION_CONTEXT('2D SPACE',''
  ) );
#6200 = ORIENTED_EDGE('',*,*,#3941,.T.);
#6201 = ORIENTED_EDGE('',*,*,#3545,.F.);
#6202 = ORIENTED_EDGE('',*,*,#6203,.T.);
#6203 = EDGE_CURVE('',#3518,#4180,#6204,.T.);
#6204 = SURFACE_CURVE('',#6205,(#6209,#6216),.PCURVE_S1.);
#6205 = LINE('',#6206,#6207);
#6206 = CARTESIAN_POINT('',(29.417096231347,327.04551732809,
    20.810889132452));
#6207 = VECTOR('',#6208,1.);
#6208 = DIRECTION('',(-2.244458291972E-15,0.866025403784,0.5));
#6209 = PCURVE('',#3561,#6210);
#6210 = DEFINITIONAL_REPRESENTATION('',(#6211),#6215);
#6211 = LINE('',#6212,#6213);
#6212 = CARTESIAN_POINT('',(2.378951230748E-14,-10.41709623134));
#6213 = VECTOR('',#6214,1.);
#6214 = DIRECTION('',(1.,2.181532170088E-15));
#6215 = ( GEOMETRIC_REPRESENTATION_CONTEXT(2) 
PARAMETRIC_REPRESENTATION_CONTEXT() REPRESENTATION_CONTEXT('2D SPACE',''
  ) );
#6216 = PCURVE('',#3533,#6217);
#6217 = DEFINITIONAL_REPRESENTATION('',(#6218),#6222);
#6218 = LINE('',#6219,#6220);
#6219 = CARTESIAN_POINT('',(38.415718944651,-63.855452924));
#6220 = VECTOR('',#6221,1.);
#6221 = DIRECTION('',(0.377964473009,-0.925820099773));
#6222 = ( GEOMETRIC_REPRESENTATION_CONTEXT(2) 
PARAMETRIC_REPRESENTATION_CONTEXT() REPRESENTATION_CONTEXT('2D SPACE',''
  ) );
#6223 = ORIENTED_EDGE('',*,*,#4249,.T.);
#6224 = ADVANCED_FACE('',(#6225,#6330,#6334,#6338,#6342,#6346,#6350),
  #1949,.T.);
#6225 = FACE_BOUND('',#6226,.T.);
#6226 = EDGE_LOOP('',(#6227,#6258,#6279,#6280,#6304));
#6227 = ORIENTED_EDGE('',*,*,#6228,.T.);
#6228 = EDGE_CURVE('',#6229,#6231,#6233,.T.);
#6229 = VERTEX_POINT('',#6230);
#6230 = CARTESIAN_POINT('',(43.5,347.71284412344,-5.285970933722));
#6231 = VERTEX_POINT('',#6232);
#6232 = CARTESIAN_POINT('',(43.5,372.22136305054,8.864029066277));
#6233 = SURFACE_CURVE('',#6234,(#6239,#6246),.PCURVE_S1.);
#6234 = CIRCLE('',#6235,14.3);
#6235 = AXIS2_PLACEMENT_3D('',#6236,#6237,#6238);
#6236 = CARTESIAN_POINT('',(43.5,361.,-3.914837736624E-12));
#6237 = DIRECTION('',(-1.,3.108532283331E-16,-6.64265828938E-16));
#6238 = DIRECTION('',(-3.108532283332E-16,-1.,6.786238238021E-15));
#6239 = PCURVE('',#1949,#6240);
#6240 = DEFINITIONAL_REPRESENTATION('',(#6241),#6245);
#6241 = CIRCLE('',#6242,14.3);
#6242 = AXIS2_PLACEMENT_2D('',#6243,#6244);
#6243 = CARTESIAN_POINT('',(-2.61256128049E-17,5.213974341089E-15));
#6244 = DIRECTION('',(1.,0.));
#6245 = ( GEOMETRIC_REPRESENTATION_CONTEXT(2) 
PARAMETRIC_REPRESENTATION_CONTEXT() REPRESENTATION_CONTEXT('2D SPACE',''
  ) );
#6246 = PCURVE('',#6247,#6252);
#6247 = CYLINDRICAL_SURFACE('',#6248,14.3);
#6248 = AXIS2_PLACEMENT_3D('',#6249,#6250,#6251);
#6249 = CARTESIAN_POINT('',(1.172917526376,361.,-3.94295417115E-12));
#6250 = DIRECTION('',(1.,-3.108532283331E-16,6.64265828938E-16));
#6251 = DIRECTION('',(3.108532283332E-16,1.,-6.786238238021E-15));
#6252 = DEFINITIONAL_REPRESENTATION('',(#6253),#6257);
#6253 = LINE('',#6254,#6255);
#6254 = CARTESIAN_POINT('',(9.424777960769,42.327082473624));
#6255 = VECTOR('',#6256,1.);
#6256 = DIRECTION('',(-1.,0.));
#6257 = ( GEOMETRIC_REPRESENTATION_CONTEXT(2) 
PARAMETRIC_REPRESENTATION_CONTEXT() REPRESENTATION_CONTEXT('2D SPACE',''
  ) );
#6258 = ORIENTED_EDGE('',*,*,#6259,.T.);
#6259 = EDGE_CURVE('',#6231,#1900,#6260,.T.);
#6260 = SURFACE_CURVE('',#6261,(#6265,#6272),.PCURVE_S1.);
#6261 = LINE('',#6262,#6263);
#6262 = CARTESIAN_POINT('',(43.5,355.75425946355,37.385889132451));
#6263 = VECTOR('',#6264,1.);
#6264 = DIRECTION('',(7.802612247779E-16,0.5,-0.866025403784));
#6265 = PCURVE('',#1949,#6266);
#6266 = DEFINITIONAL_REPRESENTATION('',(#6267),#6271);
#6267 = LINE('',#6268,#6269);
#6268 = CARTESIAN_POINT('',(5.24574053645,37.385889132455));
#6269 = VECTOR('',#6270,1.);
#6270 = DIRECTION('',(-0.5,-0.866025403784));
#6271 = ( GEOMETRIC_REPRESENTATION_CONTEXT(2) 
PARAMETRIC_REPRESENTATION_CONTEXT() REPRESENTATION_CONTEXT('2D SPACE',''
  ) );
#6272 = PCURVE('',#1920,#6273);
#6273 = DEFINITIONAL_REPRESENTATION('',(#6274),#6278);
#6274 = LINE('',#6275,#6276);
#6275 = CARTESIAN_POINT('',(-35.,6.));
#6276 = VECTOR('',#6277,1.);
#6277 = DIRECTION('',(1.,-4.956352788504E-17));
#6278 = ( GEOMETRIC_REPRESENTATION_CONTEXT(2) 
PARAMETRIC_REPRESENTATION_CONTEXT() REPRESENTATION_CONTEXT('2D SPACE',''
  ) );
#6279 = ORIENTED_EDGE('',*,*,#1932,.T.);
#6280 = ORIENTED_EDGE('',*,*,#6281,.T.);
#6281 = EDGE_CURVE('',#1933,#6282,#6284,.T.);
#6282 = VERTEX_POINT('',#6283);
#6283 = CARTESIAN_POINT('',(43.5,348.74574053645,-7.075000000004));
#6284 = SURFACE_CURVE('',#6285,(#6290,#6297),.PCURVE_S1.);
#6285 = CIRCLE('',#6286,14.15);
#6286 = AXIS2_PLACEMENT_3D('',#6287,#6288,#6289);
#6287 = CARTESIAN_POINT('',(43.5,361.,-3.920051710965E-12));
#6288 = DIRECTION('',(-1.,3.108532283331E-16,-6.64265828938E-16));
#6289 = DIRECTION('',(-3.108532283332E-16,-1.,6.786238238021E-15));
#6290 = PCURVE('',#1949,#6291);
#6291 = DEFINITIONAL_REPRESENTATION('',(#6292),#6296);
#6292 = CIRCLE('',#6293,14.15);
#6293 = AXIS2_PLACEMENT_2D('',#6294,#6295);
#6294 = CARTESIAN_POINT('',(0.,0.));
#6295 = DIRECTION('',(1.,0.));
#6296 = ( GEOMETRIC_REPRESENTATION_CONTEXT(2) 
PARAMETRIC_REPRESENTATION_CONTEXT() REPRESENTATION_CONTEXT('2D SPACE',''
  ) );
#6297 = PCURVE('',#1977,#6298);
#6298 = DEFINITIONAL_REPRESENTATION('',(#6299),#6303);
#6299 = LINE('',#6300,#6301);
#6300 = CARTESIAN_POINT('',(9.424777960769,6.));
#6301 = VECTOR('',#6302,1.);
#6302 = DIRECTION('',(-1.,0.));
#6303 = ( GEOMETRIC_REPRESENTATION_CONTEXT(2) 
PARAMETRIC_REPRESENTATION_CONTEXT() REPRESENTATION_CONTEXT('2D SPACE',''
  ) );
#6304 = ORIENTED_EDGE('',*,*,#6305,.F.);
#6305 = EDGE_CURVE('',#6229,#6282,#6306,.T.);
#6306 = SURFACE_CURVE('',#6307,(#6311,#6318),.PCURVE_S1.);
#6307 = LINE('',#6308,#6309);
#6308 = CARTESIAN_POINT('',(43.5,348.74574053645,-7.075000000004));
#6309 = VECTOR('',#6310,1.);
#6310 = DIRECTION('',(7.306976968928E-16,0.5,-0.866025403784));
#6311 = PCURVE('',#1949,#6312);
#6312 = DEFINITIONAL_REPRESENTATION('',(#6313),#6317);
#6313 = LINE('',#6314,#6315);
#6314 = CARTESIAN_POINT('',(12.25425946355,-7.075));
#6315 = VECTOR('',#6316,1.);
#6316 = DIRECTION('',(-0.5,-0.866025403784));
#6317 = ( GEOMETRIC_REPRESENTATION_CONTEXT(2) 
PARAMETRIC_REPRESENTATION_CONTEXT() REPRESENTATION_CONTEXT('2D SPACE',''
  ) );
#6318 = PCURVE('',#6319,#6324);
#6319 = PLANE('',#6320);
#6320 = AXIS2_PLACEMENT_3D('',#6321,#6322,#6323);
#6321 = CARTESIAN_POINT('',(-1.78470598827,348.74574053645,
    -7.075000000004));
#6322 = DIRECTION('',(6.29261218841E-17,-0.866025403784,-0.5));
#6323 = DIRECTION('',(-7.306976968928E-16,-0.5,0.866025403784));
#6324 = DEFINITIONAL_REPRESENTATION('',(#6325),#6329);
#6325 = LINE('',#6326,#6327);
#6326 = CARTESIAN_POINT('',(0.,-45.28470598827));
#6327 = VECTOR('',#6328,1.);
#6328 = DIRECTION('',(-1.,0.));
#6329 = ( GEOMETRIC_REPRESENTATION_CONTEXT(2) 
PARAMETRIC_REPRESENTATION_CONTEXT() REPRESENTATION_CONTEXT('2D SPACE',''
  ) );
#6330 = FACE_BOUND('',#6331,.T.);
#6331 = EDGE_LOOP('',(#6332,#6333));
#6332 = ORIENTED_EDGE('',*,*,#5113,.F.);
#6333 = ORIENTED_EDGE('',*,*,#2596,.F.);
#6334 = FACE_BOUND('',#6335,.T.);
#6335 = EDGE_LOOP('',(#6336,#6337));
#6336 = ORIENTED_EDGE('',*,*,#5060,.F.);
#6337 = ORIENTED_EDGE('',*,*,#2707,.F.);
#6338 = FACE_BOUND('',#6339,.T.);
#6339 = EDGE_LOOP('',(#6340,#6341));
#6340 = ORIENTED_EDGE('',*,*,#5007,.F.);
#6341 = ORIENTED_EDGE('',*,*,#2818,.F.);
#6342 = FACE_BOUND('',#6343,.T.);
#6343 = EDGE_LOOP('',(#6344,#6345));
#6344 = ORIENTED_EDGE('',*,*,#4954,.F.);
#6345 = ORIENTED_EDGE('',*,*,#2929,.F.);
#6346 = FACE_BOUND('',#6347,.T.);
#6347 = EDGE_LOOP('',(#6348,#6349));
#6348 = ORIENTED_EDGE('',*,*,#4901,.F.);
#6349 = ORIENTED_EDGE('',*,*,#3040,.F.);
#6350 = FACE_BOUND('',#6351,.T.);
#6351 = EDGE_LOOP('',(#6352,#6353));
#6352 = ORIENTED_EDGE('',*,*,#4848,.F.);
#6353 = ORIENTED_EDGE('',*,*,#3151,.F.);
#6354 = ADVANCED_FACE('',(#6355),#2031,.T.);
#6355 = FACE_BOUND('',#6356,.T.);
#6356 = EDGE_LOOP('',(#6357,#6358,#6382,#6405));
#6357 = ORIENTED_EDGE('',*,*,#2015,.F.);
#6358 = ORIENTED_EDGE('',*,*,#6359,.T.);
#6359 = EDGE_CURVE('',#58,#6360,#6362,.T.);
#6360 = VERTEX_POINT('',#6361);
#6361 = CARTESIAN_POINT('',(38.5,377.4544826719,9.499999999996));
#6362 = SURFACE_CURVE('',#6363,(#6368,#6375),.PCURVE_S1.);
#6363 = CIRCLE('',#6364,19.);
#6364 = AXIS2_PLACEMENT_3D('',#6365,#6366,#6367);
#6365 = CARTESIAN_POINT('',(38.5,361.,-3.92337304011E-12));
#6366 = DIRECTION('',(1.,-3.108532283331E-16,6.64265828938E-16));
#6367 = DIRECTION('',(-3.108532283332E-16,-1.,6.786238238021E-15));
#6368 = PCURVE('',#2031,#6369);
#6369 = DEFINITIONAL_REPRESENTATION('',(#6370),#6374);
#6370 = LINE('',#6371,#6372);
#6371 = CARTESIAN_POINT('',(-3.14159265359,-5.));
#6372 = VECTOR('',#6373,1.);
#6373 = DIRECTION('',(1.,0.));
#6374 = ( GEOMETRIC_REPRESENTATION_CONTEXT(2) 
PARAMETRIC_REPRESENTATION_CONTEXT() REPRESENTATION_CONTEXT('2D SPACE',''
  ) );
#6375 = PCURVE('',#73,#6376);
#6376 = DEFINITIONAL_REPRESENTATION('',(#6377),#6381);
#6377 = LINE('',#6378,#6379);
#6378 = CARTESIAN_POINT('',(-3.14159265359,1.));
#6379 = VECTOR('',#6380,1.);
#6380 = DIRECTION('',(1.,0.));
#6381 = ( GEOMETRIC_REPRESENTATION_CONTEXT(2) 
PARAMETRIC_REPRESENTATION_CONTEXT() REPRESENTATION_CONTEXT('2D SPACE',''
  ) );
#6382 = ORIENTED_EDGE('',*,*,#6383,.T.);
#6383 = EDGE_CURVE('',#6360,#6384,#6386,.T.);
#6384 = VERTEX_POINT('',#6385);
#6385 = CARTESIAN_POINT('',(48.5,377.4544826719,9.499999999996));
#6386 = SURFACE_CURVE('',#6387,(#6391,#6398),.PCURVE_S1.);
#6387 = LINE('',#6388,#6389);
#6388 = CARTESIAN_POINT('',(43.5,377.4544826719,9.499999999996));
#6389 = VECTOR('',#6390,1.);
#6390 = DIRECTION('',(1.,-3.108532283331E-16,6.64265828938E-16));
#6391 = PCURVE('',#2031,#6392);
#6392 = DEFINITIONAL_REPRESENTATION('',(#6393),#6397);
#6393 = LINE('',#6394,#6395);
#6394 = CARTESIAN_POINT('',(0.523598775598,0.));
#6395 = VECTOR('',#6396,1.);
#6396 = DIRECTION('',(0.,1.));
#6397 = ( GEOMETRIC_REPRESENTATION_CONTEXT(2) 
PARAMETRIC_REPRESENTATION_CONTEXT() REPRESENTATION_CONTEXT('2D SPACE',''
  ) );
#6398 = PCURVE('',#5332,#6399);
#6399 = DEFINITIONAL_REPRESENTATION('',(#6400),#6404);
#6400 = LINE('',#6401,#6402);
#6401 = CARTESIAN_POINT('',(-1.538370149107E-15,0.));
#6402 = VECTOR('',#6403,1.);
#6403 = DIRECTION('',(-0.,-1.));
#6404 = ( GEOMETRIC_REPRESENTATION_CONTEXT(2) 
PARAMETRIC_REPRESENTATION_CONTEXT() REPRESENTATION_CONTEXT('2D SPACE',''
  ) );
#6405 = ORIENTED_EDGE('',*,*,#6406,.T.);
#6406 = EDGE_CURVE('',#6384,#2016,#6407,.T.);
#6407 = SURFACE_CURVE('',#6408,(#6413,#6420),.PCURVE_S1.);
#6408 = CIRCLE('',#6409,19.);
#6409 = AXIS2_PLACEMENT_3D('',#6410,#6411,#6412);
#6410 = CARTESIAN_POINT('',(48.5,361.,-3.916730381821E-12));
#6411 = DIRECTION('',(-1.,3.108532283331E-16,-6.64265828938E-16));
#6412 = DIRECTION('',(-3.108532283332E-16,-1.,6.786238238021E-15));
#6413 = PCURVE('',#2031,#6414);
#6414 = DEFINITIONAL_REPRESENTATION('',(#6415),#6419);
#6415 = LINE('',#6416,#6417);
#6416 = CARTESIAN_POINT('',(3.14159265359,5.));
#6417 = VECTOR('',#6418,1.);
#6418 = DIRECTION('',(-1.,0.));
#6419 = ( GEOMETRIC_REPRESENTATION_CONTEXT(2) 
PARAMETRIC_REPRESENTATION_CONTEXT() REPRESENTATION_CONTEXT('2D SPACE',''
  ) );
#6420 = PCURVE('',#2060,#6421);
#6421 = DEFINITIONAL_REPRESENTATION('',(#6422),#6426);
#6422 = LINE('',#6423,#6424);
#6423 = CARTESIAN_POINT('',(0.,0.));
#6424 = VECTOR('',#6425,1.);
#6425 = DIRECTION('',(1.,0.));
#6426 = ( GEOMETRIC_REPRESENTATION_CONTEXT(2) 
PARAMETRIC_REPRESENTATION_CONTEXT() REPRESENTATION_CONTEXT('2D SPACE',''
  ) );
#6427 = ADVANCED_FACE('',(#6428,#6457,#6486,#6515,#6544,#6573,#6602),
  #195,.F.);
#6428 = FACE_BOUND('',#6429,.T.);
#6429 = EDGE_LOOP('',(#6430,#6456));
#6430 = ORIENTED_EDGE('',*,*,#6431,.F.);
#6431 = EDGE_CURVE('',#499,#532,#6432,.T.);
#6432 = SURFACE_CURVE('',#6433,(#6438,#6449),.PCURVE_S1.);
#6433 = CIRCLE('',#6434,3.1);
#6434 = AXIS2_PLACEMENT_3D('',#6435,#6436,#6437);
#6435 = CARTESIAN_POINT('',(49.5,351.04070785647,5.749999999996));
#6436 = DIRECTION('',(1.,-3.108532283331E-16,6.64265828938E-16));
#6437 = DIRECTION('',(3.108532283332E-16,1.,-6.786238238021E-15));
#6438 = PCURVE('',#195,#6439);
#6439 = DEFINITIONAL_REPRESENTATION('',(#6440),#6448);
#6440 = ( BOUNDED_CURVE() B_SPLINE_CURVE(2,(#6441,#6442,#6443,#6444,
#6445,#6446,#6447),.UNSPECIFIED.,.T.,.F.) B_SPLINE_CURVE_WITH_KNOTS((1,2
    ,2,2,2,1),(-2.094395102393,0.,2.094395102393,4.188790204786,
6.28318530718,8.377580409573),.UNSPECIFIED.) CURVE() 
GEOMETRIC_REPRESENTATION_ITEM() RATIONAL_B_SPLINE_CURVE((1.,0.5,1.,0.5,
1.,0.5,1.)) REPRESENTATION_ITEM('') );
#6441 = CARTESIAN_POINT('',(6.859292143521,5.75));
#6442 = CARTESIAN_POINT('',(6.859292143521,11.119357503464));
#6443 = CARTESIAN_POINT('',(11.509292143521,8.434678751732));
#6444 = CARTESIAN_POINT('',(16.159292143521,5.75));
#6445 = CARTESIAN_POINT('',(11.509292143521,3.065321248268));
#6446 = CARTESIAN_POINT('',(6.859292143521,0.380642496537));
#6447 = CARTESIAN_POINT('',(6.859292143521,5.75));
#6448 = ( GEOMETRIC_REPRESENTATION_CONTEXT(2) 
PARAMETRIC_REPRESENTATION_CONTEXT() REPRESENTATION_CONTEXT('2D SPACE',''
  ) );
#6449 = PCURVE('',#519,#6450);
#6450 = DEFINITIONAL_REPRESENTATION('',(#6451),#6455);
#6451 = LINE('',#6452,#6453);
#6452 = CARTESIAN_POINT('',(0.,1.2));
#6453 = VECTOR('',#6454,1.);
#6454 = DIRECTION('',(1.,0.));
#6455 = ( GEOMETRIC_REPRESENTATION_CONTEXT(2) 
PARAMETRIC_REPRESENTATION_CONTEXT() REPRESENTATION_CONTEXT('2D SPACE',''
  ) );
#6456 = ORIENTED_EDGE('',*,*,#531,.F.);
#6457 = FACE_BOUND('',#6458,.T.);
#6458 = EDGE_LOOP('',(#6459,#6485));
#6459 = ORIENTED_EDGE('',*,*,#6460,.F.);
#6460 = EDGE_CURVE('',#267,#300,#6461,.T.);
#6461 = SURFACE_CURVE('',#6462,(#6467,#6478),.PCURVE_S1.);
#6462 = CIRCLE('',#6463,3.1);
#6463 = AXIS2_PLACEMENT_3D('',#6464,#6465,#6466);
#6464 = CARTESIAN_POINT('',(49.5,351.90673326026,-5.250000000004));
#6465 = DIRECTION('',(1.,-3.108532283331E-16,6.64265828938E-16));
#6466 = DIRECTION('',(3.108532283332E-16,1.,-6.786238238021E-15));
#6467 = PCURVE('',#195,#6468);
#6468 = DEFINITIONAL_REPRESENTATION('',(#6469),#6477);
#6469 = ( BOUNDED_CURVE() B_SPLINE_CURVE(2,(#6470,#6471,#6472,#6473,
#6474,#6475,#6476),.UNSPECIFIED.,.T.,.F.) B_SPLINE_CURVE_WITH_KNOTS((1,2
    ,2,2,2,1),(-2.094395102393,0.,2.094395102393,4.188790204786,
6.28318530718,8.377580409573),.UNSPECIFIED.) CURVE() 
GEOMETRIC_REPRESENTATION_ITEM() RATIONAL_B_SPLINE_CURVE((1.,0.5,1.,0.5,
1.,0.5,1.)) REPRESENTATION_ITEM('') );
#6470 = CARTESIAN_POINT('',(5.993266739737,-5.25));
#6471 = CARTESIAN_POINT('',(5.993266739737,0.119357503464));
#6472 = CARTESIAN_POINT('',(10.643266739737,-2.565321248268));
#6473 = CARTESIAN_POINT('',(15.293266739737,-5.25));
#6474 = CARTESIAN_POINT('',(10.643266739737,-7.934678751732));
#6475 = CARTESIAN_POINT('',(5.993266739737,-10.61935750346));
#6476 = CARTESIAN_POINT('',(5.993266739737,-5.25));
#6477 = ( GEOMETRIC_REPRESENTATION_CONTEXT(2) 
PARAMETRIC_REPRESENTATION_CONTEXT() REPRESENTATION_CONTEXT('2D SPACE',''
  ) );
#6478 = PCURVE('',#287,#6479);
#6479 = DEFINITIONAL_REPRESENTATION('',(#6480),#6484);
#6480 = LINE('',#6481,#6482);
#6481 = CARTESIAN_POINT('',(0.,1.2));
#6482 = VECTOR('',#6483,1.);
#6483 = DIRECTION('',(1.,0.));
#6484 = ( GEOMETRIC_REPRESENTATION_CONTEXT(2) 
PARAMETRIC_REPRESENTATION_CONTEXT() REPRESENTATION_CONTEXT('2D SPACE',''
  ) );
#6485 = ORIENTED_EDGE('',*,*,#299,.F.);
#6486 = FACE_BOUND('',#6487,.T.);
#6487 = EDGE_LOOP('',(#6488,#6514));
#6488 = ORIENTED_EDGE('',*,*,#6489,.F.);
#6489 = EDGE_CURVE('',#615,#648,#6490,.T.);
#6490 = SURFACE_CURVE('',#6491,(#6496,#6507),.PCURVE_S1.);
#6491 = CIRCLE('',#6492,3.1);
#6492 = AXIS2_PLACEMENT_3D('',#6493,#6494,#6495);
#6493 = CARTESIAN_POINT('',(49.5,361.,-11.5));
#6494 = DIRECTION('',(1.,-3.108532283331E-16,6.64265828938E-16));
#6495 = DIRECTION('',(3.108532283332E-16,1.,-6.786238238021E-15));
#6496 = PCURVE('',#195,#6497);
#6497 = DEFINITIONAL_REPRESENTATION('',(#6498),#6506);
#6498 = ( BOUNDED_CURVE() B_SPLINE_CURVE(2,(#6499,#6500,#6501,#6502,
#6503,#6504,#6505),.UNSPECIFIED.,.T.,.F.) B_SPLINE_CURVE_WITH_KNOTS((1,2
    ,2,2,2,1),(-2.094395102393,0.,2.094395102393,4.188790204786,
6.28318530718,8.377580409573),.UNSPECIFIED.) CURVE() 
GEOMETRIC_REPRESENTATION_ITEM() RATIONAL_B_SPLINE_CURVE((1.,0.5,1.,0.5,
1.,0.5,1.)) REPRESENTATION_ITEM('') );
#6499 = CARTESIAN_POINT('',(-3.1,-11.5));
#6500 = CARTESIAN_POINT('',(-3.1,-6.130642496536));
#6501 = CARTESIAN_POINT('',(1.55,-8.815321248268));
#6502 = CARTESIAN_POINT('',(6.2,-11.5));
#6503 = CARTESIAN_POINT('',(1.55,-14.18467875173));
#6504 = CARTESIAN_POINT('',(-3.1,-16.86935750346));
#6505 = CARTESIAN_POINT('',(-3.1,-11.5));
#6506 = ( GEOMETRIC_REPRESENTATION_CONTEXT(2) 
PARAMETRIC_REPRESENTATION_CONTEXT() REPRESENTATION_CONTEXT('2D SPACE',''
  ) );
#6507 = PCURVE('',#635,#6508);
#6508 = DEFINITIONAL_REPRESENTATION('',(#6509),#6513);
#6509 = LINE('',#6510,#6511);
#6510 = CARTESIAN_POINT('',(0.,1.2));
#6511 = VECTOR('',#6512,1.);
#6512 = DIRECTION('',(1.,0.));
#6513 = ( GEOMETRIC_REPRESENTATION_CONTEXT(2) 
PARAMETRIC_REPRESENTATION_CONTEXT() REPRESENTATION_CONTEXT('2D SPACE',''
  ) );
#6514 = ORIENTED_EDGE('',*,*,#647,.F.);
#6515 = FACE_BOUND('',#6516,.T.);
#6516 = EDGE_LOOP('',(#6517,#6543));
#6517 = ORIENTED_EDGE('',*,*,#6518,.F.);
#6518 = EDGE_CURVE('',#146,#179,#6519,.T.);
#6519 = SURFACE_CURVE('',#6520,(#6525,#6536),.PCURVE_S1.);
#6520 = CIRCLE('',#6521,3.1);
#6521 = AXIS2_PLACEMENT_3D('',#6522,#6523,#6524);
#6522 = CARTESIAN_POINT('',(49.5,370.09326673973,-5.250000000004));
#6523 = DIRECTION('',(1.,-3.108532283331E-16,6.64265828938E-16));
#6524 = DIRECTION('',(3.108532283332E-16,1.,-6.786238238021E-15));
#6525 = PCURVE('',#195,#6526);
#6526 = DEFINITIONAL_REPRESENTATION('',(#6527),#6535);
#6527 = ( BOUNDED_CURVE() B_SPLINE_CURVE(2,(#6528,#6529,#6530,#6531,
#6532,#6533,#6534),.UNSPECIFIED.,.T.,.F.) B_SPLINE_CURVE_WITH_KNOTS((1,2
    ,2,2,2,1),(-2.094395102393,0.,2.094395102393,4.188790204786,
6.28318530718,8.377580409573),.UNSPECIFIED.) CURVE() 
GEOMETRIC_REPRESENTATION_ITEM() RATIONAL_B_SPLINE_CURVE((1.,0.5,1.,0.5,
1.,0.5,1.)) REPRESENTATION_ITEM('') );
#6528 = CARTESIAN_POINT('',(-12.19326673973,-5.25));
#6529 = CARTESIAN_POINT('',(-12.19326673973,0.119357503464));
#6530 = CARTESIAN_POINT('',(-7.543266739737,-2.565321248268));
#6531 = CARTESIAN_POINT('',(-2.893266739737,-5.25));
#6532 = CARTESIAN_POINT('',(-7.543266739737,-7.934678751732));
#6533 = CARTESIAN_POINT('',(-12.19326673973,-10.61935750346));
#6534 = CARTESIAN_POINT('',(-12.19326673973,-5.25));
#6535 = ( GEOMETRIC_REPRESENTATION_CONTEXT(2) 
PARAMETRIC_REPRESENTATION_CONTEXT() REPRESENTATION_CONTEXT('2D SPACE',''
  ) );
#6536 = PCURVE('',#166,#6537);
#6537 = DEFINITIONAL_REPRESENTATION('',(#6538),#6542);
#6538 = LINE('',#6539,#6540);
#6539 = CARTESIAN_POINT('',(0.,1.2));
#6540 = VECTOR('',#6541,1.);
#6541 = DIRECTION('',(1.,0.));
#6542 = ( GEOMETRIC_REPRESENTATION_CONTEXT(2) 
PARAMETRIC_REPRESENTATION_CONTEXT() REPRESENTATION_CONTEXT('2D SPACE',''
  ) );
#6543 = ORIENTED_EDGE('',*,*,#178,.F.);
#6544 = FACE_BOUND('',#6545,.T.);
#6545 = EDGE_LOOP('',(#6546,#6572));
#6546 = ORIENTED_EDGE('',*,*,#6547,.F.);
#6547 = EDGE_CURVE('',#731,#764,#6548,.T.);
#6548 = SURFACE_CURVE('',#6549,(#6554,#6565),.PCURVE_S1.);
#6549 = CIRCLE('',#6550,3.1);
#6550 = AXIS2_PLACEMENT_3D('',#6551,#6552,#6553);
#6551 = CARTESIAN_POINT('',(49.5,370.95929214352,5.749999999996));
#6552 = DIRECTION('',(1.,-3.108532283331E-16,6.64265828938E-16));
#6553 = DIRECTION('',(3.108532283332E-16,1.,-6.786238238021E-15));
#6554 = PCURVE('',#195,#6555);
#6555 = DEFINITIONAL_REPRESENTATION('',(#6556),#6564);
#6556 = ( BOUNDED_CURVE() B_SPLINE_CURVE(2,(#6557,#6558,#6559,#6560,
#6561,#6562,#6563),.UNSPECIFIED.,.T.,.F.) B_SPLINE_CURVE_WITH_KNOTS((1,2
    ,2,2,2,1),(-2.094395102393,0.,2.094395102393,4.188790204786,
6.28318530718,8.377580409573),.UNSPECIFIED.) CURVE() 
GEOMETRIC_REPRESENTATION_ITEM() RATIONAL_B_SPLINE_CURVE((1.,0.5,1.,0.5,
1.,0.5,1.)) REPRESENTATION_ITEM('') );
#6557 = CARTESIAN_POINT('',(-13.05929214352,5.75));
#6558 = CARTESIAN_POINT('',(-13.05929214352,11.119357503463));
#6559 = CARTESIAN_POINT('',(-8.409292143521,8.434678751732));
#6560 = CARTESIAN_POINT('',(-3.759292143521,5.75));
#6561 = CARTESIAN_POINT('',(-8.409292143521,3.065321248268));
#6562 = CARTESIAN_POINT('',(-13.05929214352,0.380642496536));
#6563 = CARTESIAN_POINT('',(-13.05929214352,5.75));
#6564 = ( GEOMETRIC_REPRESENTATION_CONTEXT(2) 
PARAMETRIC_REPRESENTATION_CONTEXT() REPRESENTATION_CONTEXT('2D SPACE',''
  ) );
#6565 = PCURVE('',#751,#6566);
#6566 = DEFINITIONAL_REPRESENTATION('',(#6567),#6571);
#6567 = LINE('',#6568,#6569);
#6568 = CARTESIAN_POINT('',(0.,1.2));
#6569 = VECTOR('',#6570,1.);
#6570 = DIRECTION('',(1.,0.));
#6571 = ( GEOMETRIC_REPRESENTATION_CONTEXT(2) 
PARAMETRIC_REPRESENTATION_CONTEXT() REPRESENTATION_CONTEXT('2D SPACE',''
  ) );
#6572 = ORIENTED_EDGE('',*,*,#763,.F.);
#6573 = FACE_BOUND('',#6574,.T.);
#6574 = EDGE_LOOP('',(#6575,#6601));
#6575 = ORIENTED_EDGE('',*,*,#6576,.F.);
#6576 = EDGE_CURVE('',#383,#416,#6577,.T.);
#6577 = SURFACE_CURVE('',#6578,(#6583,#6594),.PCURVE_S1.);
#6578 = CIRCLE('',#6579,3.1);
#6579 = AXIS2_PLACEMENT_3D('',#6580,#6581,#6582);
#6580 = CARTESIAN_POINT('',(49.5,361.,10.499999999996));
#6581 = DIRECTION('',(1.,-3.108532283331E-16,6.64265828938E-16));
#6582 = DIRECTION('',(3.108532283332E-16,1.,-6.786238238021E-15));
#6583 = PCURVE('',#195,#6584);
#6584 = DEFINITIONAL_REPRESENTATION('',(#6585),#6593);
#6585 = ( BOUNDED_CURVE() B_SPLINE_CURVE(2,(#6586,#6587,#6588,#6589,
#6590,#6591,#6592),.UNSPECIFIED.,.T.,.F.) B_SPLINE_CURVE_WITH_KNOTS((1,2
    ,2,2,2,1),(-2.094395102393,0.,2.094395102393,4.188790204786,
6.28318530718,8.377580409573),.UNSPECIFIED.) CURVE() 
GEOMETRIC_REPRESENTATION_ITEM() RATIONAL_B_SPLINE_CURVE((1.,0.5,1.,0.5,
1.,0.5,1.)) REPRESENTATION_ITEM('') );
#6586 = CARTESIAN_POINT('',(-3.1,10.5));
#6587 = CARTESIAN_POINT('',(-3.1,15.869357503464));
#6588 = CARTESIAN_POINT('',(1.55,13.184678751732));
#6589 = CARTESIAN_POINT('',(6.2,10.5));
#6590 = CARTESIAN_POINT('',(1.55,7.815321248268));
#6591 = CARTESIAN_POINT('',(-3.1,5.130642496536));
#6592 = CARTESIAN_POINT('',(-3.1,10.5));
#6593 = ( GEOMETRIC_REPRESENTATION_CONTEXT(2) 
PARAMETRIC_REPRESENTATION_CONTEXT() REPRESENTATION_CONTEXT('2D SPACE',''
  ) );
#6594 = PCURVE('',#403,#6595);
#6595 = DEFINITIONAL_REPRESENTATION('',(#6596),#6600);
#6596 = LINE('',#6597,#6598);
#6597 = CARTESIAN_POINT('',(0.,1.2));
#6598 = VECTOR('',#6599,1.);
#6599 = DIRECTION('',(1.,0.));
#6600 = ( GEOMETRIC_REPRESENTATION_CONTEXT(2) 
PARAMETRIC_REPRESENTATION_CONTEXT() REPRESENTATION_CONTEXT('2D SPACE',''
  ) );
#6601 = ORIENTED_EDGE('',*,*,#415,.F.);
#6602 = FACE_BOUND('',#6603,.T.);
#6603 = EDGE_LOOP('',(#6604,#6634,#6662,#6685,#6713,#6741));
#6604 = ORIENTED_EDGE('',*,*,#6605,.T.);
#6605 = EDGE_CURVE('',#6606,#6608,#6610,.T.);
#6606 = VERTEX_POINT('',#6607);
#6607 = CARTESIAN_POINT('',(49.5,345.41154273188,-9.000000000004));
#6608 = VERTEX_POINT('',#6609);
#6609 = CARTESIAN_POINT('',(49.5,376.58845726812,8.999999999996));
#6610 = SURFACE_CURVE('',#6611,(#6616,#6627),.PCURVE_S1.);
#6611 = CIRCLE('',#6612,18.);
#6612 = AXIS2_PLACEMENT_3D('',#6613,#6614,#6615);
#6613 = CARTESIAN_POINT('',(49.5,361.,-3.916066115992E-12));
#6614 = DIRECTION('',(1.,-3.108532283331E-16,6.64265828938E-16));
#6615 = DIRECTION('',(-3.108532283332E-16,-1.,6.786238238021E-15));
#6616 = PCURVE('',#195,#6617);
#6617 = DEFINITIONAL_REPRESENTATION('',(#6618),#6626);
#6618 = ( BOUNDED_CURVE() B_SPLINE_CURVE(2,(#6619,#6620,#6621,#6622,
#6623,#6624,#6625),.UNSPECIFIED.,.T.,.F.) B_SPLINE_CURVE_WITH_KNOTS((1,2
    ,2,2,2,1),(-2.094395102393,0.,2.094395102393,4.188790204786,
6.28318530718,8.377580409573),.UNSPECIFIED.) CURVE() 
GEOMETRIC_REPRESENTATION_ITEM() RATIONAL_B_SPLINE_CURVE((1.,0.5,1.,0.5,
1.,0.5,1.)) REPRESENTATION_ITEM('') );
#6619 = CARTESIAN_POINT('',(18.,0.));
#6620 = CARTESIAN_POINT('',(18.,-31.17691453624));
#6621 = CARTESIAN_POINT('',(-9.,-15.58845726812));
#6622 = CARTESIAN_POINT('',(-36.,-4.40872847693E-15));
#6623 = CARTESIAN_POINT('',(-9.,15.58845726812));
#6624 = CARTESIAN_POINT('',(18.,31.17691453624));
#6625 = CARTESIAN_POINT('',(18.,0.));
#6626 = ( GEOMETRIC_REPRESENTATION_CONTEXT(2) 
PARAMETRIC_REPRESENTATION_CONTEXT() REPRESENTATION_CONTEXT('2D SPACE',''
  ) );
#6627 = PCURVE('',#2060,#6628);
#6628 = DEFINITIONAL_REPRESENTATION('',(#6629),#6633);
#6629 = LINE('',#6630,#6631);
#6630 = CARTESIAN_POINT('',(6.28318530718,-1.));
#6631 = VECTOR('',#6632,1.);
#6632 = DIRECTION('',(-1.,0.));
#6633 = ( GEOMETRIC_REPRESENTATION_CONTEXT(2) 
PARAMETRIC_REPRESENTATION_CONTEXT() REPRESENTATION_CONTEXT('2D SPACE',''
  ) );
#6634 = ORIENTED_EDGE('',*,*,#6635,.T.);
#6635 = EDGE_CURVE('',#6608,#6636,#6638,.T.);
#6636 = VERTEX_POINT('',#6637);
#6637 = CARTESIAN_POINT('',(49.5,356.58845726812,43.641016151374));
#6638 = SURFACE_CURVE('',#6639,(#6643,#6650),.PCURVE_S1.);
#6639 = LINE('',#6640,#6641);
#6640 = CARTESIAN_POINT('',(49.5,356.58845726812,43.641016151374));
#6641 = VECTOR('',#6642,1.);
#6642 = DIRECTION('',(-7.306976968928E-16,-0.5,0.866025403784));
#6643 = PCURVE('',#195,#6644);
#6644 = DEFINITIONAL_REPRESENTATION('',(#6645),#6649);
#6645 = LINE('',#6646,#6647);
#6646 = CARTESIAN_POINT('',(4.41154273188,43.641016151378));
#6647 = VECTOR('',#6648,1.);
#6648 = DIRECTION('',(0.5,0.866025403784));
#6649 = ( GEOMETRIC_REPRESENTATION_CONTEXT(2) 
PARAMETRIC_REPRESENTATION_CONTEXT() REPRESENTATION_CONTEXT('2D SPACE',''
  ) );
#6650 = PCURVE('',#6651,#6656);
#6651 = PLANE('',#6652);
#6652 = AXIS2_PLACEMENT_3D('',#6653,#6654,#6655);
#6653 = CARTESIAN_POINT('',(49.5,376.58845726812,8.999999999996));
#6654 = DIRECTION('',(0.707106781187,0.612372435696,0.353553390593));
#6655 = DIRECTION('',(7.584532725085E-16,0.5,-0.866025403784));
#6656 = DEFINITIONAL_REPRESENTATION('',(#6657),#6661);
#6657 = LINE('',#6658,#6659);
#6658 = CARTESIAN_POINT('',(-40.,-1.7763568394E-15));
#6659 = VECTOR('',#6660,1.);
#6660 = DIRECTION('',(-1.,-5.551115123126E-17));
#6661 = ( GEOMETRIC_REPRESENTATION_CONTEXT(2) 
PARAMETRIC_REPRESENTATION_CONTEXT() REPRESENTATION_CONTEXT('2D SPACE',''
  ) );
#6662 = ORIENTED_EDGE('',*,*,#6663,.F.);
#6663 = EDGE_CURVE('',#6664,#6636,#6666,.T.);
#6664 = VERTEX_POINT('',#6665);
#6665 = CARTESIAN_POINT('',(49.5,329.7416697508,28.141016151374));
#6666 = SURFACE_CURVE('',#6667,(#6671,#6678),.PCURVE_S1.);
#6667 = LINE('',#6668,#6669);
#6668 = CARTESIAN_POINT('',(49.5,341.,34.641016151374));
#6669 = VECTOR('',#6670,1.);
#6670 = DIRECTION('',(-6.29261218841E-17,0.866025403784,0.5));
#6671 = PCURVE('',#195,#6672);
#6672 = DEFINITIONAL_REPRESENTATION('',(#6673),#6677);
#6673 = LINE('',#6674,#6675);
#6674 = CARTESIAN_POINT('',(20.,34.641016151378));
#6675 = VECTOR('',#6676,1.);
#6676 = DIRECTION('',(-0.866025403784,0.5));
#6677 = ( GEOMETRIC_REPRESENTATION_CONTEXT(2) 
PARAMETRIC_REPRESENTATION_CONTEXT() REPRESENTATION_CONTEXT('2D SPACE',''
  ) );
#6678 = PCURVE('',#5646,#6679);
#6679 = DEFINITIONAL_REPRESENTATION('',(#6680),#6684);
#6680 = LINE('',#6681,#6682);
#6681 = CARTESIAN_POINT('',(-44.57345030415,-34.34906158501));
#6682 = VECTOR('',#6683,1.);
#6683 = DIRECTION('',(-0.377964473009,-0.925820099773));
#6684 = ( GEOMETRIC_REPRESENTATION_CONTEXT(2) 
PARAMETRIC_REPRESENTATION_CONTEXT() REPRESENTATION_CONTEXT('2D SPACE',''
  ) );
#6685 = ORIENTED_EDGE('',*,*,#6686,.T.);
#6686 = EDGE_CURVE('',#6664,#6687,#6689,.T.);
#6687 = VERTEX_POINT('',#6688);
#6688 = CARTESIAN_POINT('',(49.5,336.57179676972,16.310889132453));
#6689 = SURFACE_CURVE('',#6690,(#6694,#6701),.PCURVE_S1.);
#6690 = LINE('',#6691,#6692);
#6691 = CARTESIAN_POINT('',(49.5,349.7416697508,-6.500000000004));
#6692 = VECTOR('',#6693,1.);
#6693 = DIRECTION('',(7.306976968928E-16,0.5,-0.866025403784));
#6694 = PCURVE('',#195,#6695);
#6695 = DEFINITIONAL_REPRESENTATION('',(#6696),#6700);
#6696 = LINE('',#6697,#6698);
#6697 = CARTESIAN_POINT('',(11.258330249198,-6.5));
#6698 = VECTOR('',#6699,1.);
#6699 = DIRECTION('',(-0.5,-0.866025403784));
#6700 = ( GEOMETRIC_REPRESENTATION_CONTEXT(2) 
PARAMETRIC_REPRESENTATION_CONTEXT() REPRESENTATION_CONTEXT('2D SPACE',''
  ) );
#6701 = PCURVE('',#6702,#6707);
#6702 = PLANE('',#6703);
#6703 = AXIS2_PLACEMENT_3D('',#6704,#6705,#6706);
#6704 = CARTESIAN_POINT('',(48.5,335.41709623134,16.310889132453));
#6705 = DIRECTION('',(-0.707106781187,0.612372435696,0.353553390593));
#6706 = DIRECTION('',(-7.306976968928E-16,-0.5,0.866025403784));
#6707 = DEFINITIONAL_REPRESENTATION('',(#6708),#6712);
#6708 = LINE('',#6709,#6710);
#6709 = CARTESIAN_POINT('',(-26.91709623134,1.414213562373));
#6710 = VECTOR('',#6711,1.);
#6711 = DIRECTION('',(-1.,0.));
#6712 = ( GEOMETRIC_REPRESENTATION_CONTEXT(2) 
PARAMETRIC_REPRESENTATION_CONTEXT() REPRESENTATION_CONTEXT('2D SPACE',''
  ) );
#6713 = ORIENTED_EDGE('',*,*,#6714,.T.);
#6714 = EDGE_CURVE('',#6687,#6715,#6717,.T.);
#6715 = VERTEX_POINT('',#6716);
#6716 = CARTESIAN_POINT('',(49.5,333.68504542377,11.310889132453));
#6717 = SURFACE_CURVE('',#6718,(#6722,#6729),.PCURVE_S1.);
#6718 = LINE('',#6719,#6720);
#6719 = CARTESIAN_POINT('',(49.5,335.61602540378,14.655444566225));
#6720 = VECTOR('',#6721,1.);
#6721 = DIRECTION('',(4.198444685597E-16,-0.5,-0.866025403784));
#6722 = PCURVE('',#195,#6723);
#6723 = DEFINITIONAL_REPRESENTATION('',(#6724),#6728);
#6724 = LINE('',#6725,#6726);
#6725 = CARTESIAN_POINT('',(25.383974596217,14.655444566229));
#6726 = VECTOR('',#6727,1.);
#6727 = DIRECTION('',(0.5,-0.866025403784));
#6728 = ( GEOMETRIC_REPRESENTATION_CONTEXT(2) 
PARAMETRIC_REPRESENTATION_CONTEXT() REPRESENTATION_CONTEXT('2D SPACE',''
  ) );
#6729 = PCURVE('',#6730,#6735);
#6730 = PLANE('',#6731);
#6731 = AXIS2_PLACEMENT_3D('',#6732,#6733,#6734);
#6732 = CARTESIAN_POINT('',(48.5,332.53034488539,11.310889132453));
#6733 = DIRECTION('',(-0.707106781187,0.612372435696,-0.353553390593));
#6734 = DIRECTION('',(-3.643333173284E-16,0.5,0.866025403784));
#6735 = DEFINITIONAL_REPRESENTATION('',(#6736),#6740);
#6736 = LINE('',#6737,#6738);
#6737 = CARTESIAN_POINT('',(4.439310229205,1.414213562373));
#6738 = VECTOR('',#6739,1.);
#6739 = DIRECTION('',(-1.,-2.775557561563E-17));
#6740 = ( GEOMETRIC_REPRESENTATION_CONTEXT(2) 
PARAMETRIC_REPRESENTATION_CONTEXT() REPRESENTATION_CONTEXT('2D SPACE',''
  ) );
#6741 = ORIENTED_EDGE('',*,*,#6742,.T.);
#6742 = EDGE_CURVE('',#6715,#6606,#6743,.T.);
#6743 = SURFACE_CURVE('',#6744,(#6748,#6755),.PCURVE_S1.);
#6744 = LINE('',#6745,#6746);
#6745 = CARTESIAN_POINT('',(49.5,345.41154273188,-9.000000000004));
#6746 = VECTOR('',#6747,1.);
#6747 = DIRECTION('',(7.306976968928E-16,0.5,-0.866025403784));
#6748 = PCURVE('',#195,#6749);
#6749 = DEFINITIONAL_REPRESENTATION('',(#6750),#6754);
#6750 = LINE('',#6751,#6752);
#6751 = CARTESIAN_POINT('',(15.58845726812,-9.));
#6752 = VECTOR('',#6753,1.);
#6753 = DIRECTION('',(-0.5,-0.866025403784));
#6754 = ( GEOMETRIC_REPRESENTATION_CONTEXT(2) 
PARAMETRIC_REPRESENTATION_CONTEXT() REPRESENTATION_CONTEXT('2D SPACE',''
  ) );
#6755 = PCURVE('',#6756,#6761);
#6756 = PLANE('',#6757);
#6757 = AXIS2_PLACEMENT_3D('',#6758,#6759,#6760);
#6758 = CARTESIAN_POINT('',(48.5,344.54551732809,-9.500000000004));
#6759 = DIRECTION('',(-0.707106781187,0.612372435696,0.353553390593));
#6760 = DIRECTION('',(-7.584532725085E-16,-0.5,0.866025403784));
#6761 = DEFINITIONAL_REPRESENTATION('',(#6762),#6766);
#6762 = LINE('',#6763,#6764);
#6763 = CARTESIAN_POINT('',(-3.191891195797E-15,1.414213562373));
#6764 = VECTOR('',#6765,1.);
#6765 = DIRECTION('',(-1.,0.));
#6766 = ( GEOMETRIC_REPRESENTATION_CONTEXT(2) 
PARAMETRIC_REPRESENTATION_CONTEXT() REPRESENTATION_CONTEXT('2D SPACE',''
  ) );
#6767 = ADVANCED_FACE('',(#6768),#5332,.T.);
#6768 = FACE_BOUND('',#6769,.T.);
#6769 = EDGE_LOOP('',(#6770,#6798,#6819,#6820,#6841,#6842,#6865,#6887,
    #6888,#6911,#6932));
#6770 = ORIENTED_EDGE('',*,*,#6771,.T.);
#6771 = EDGE_CURVE('',#6360,#6772,#6774,.T.);
#6772 = VERTEX_POINT('',#6773);
#6773 = CARTESIAN_POINT('',(38.5,363.78882777504,33.16960860006));
#6774 = SURFACE_CURVE('',#6775,(#6779,#6786),.PCURVE_S1.);
#6775 = LINE('',#6776,#6777);
#6776 = CARTESIAN_POINT('',(38.5,377.4544826719,9.499999999996));
#6777 = VECTOR('',#6778,1.);
#6778 = DIRECTION('',(-7.306976968928E-16,-0.5,0.866025403784));
#6779 = PCURVE('',#5332,#6780);
#6780 = DEFINITIONAL_REPRESENTATION('',(#6781),#6785);
#6781 = LINE('',#6782,#6783);
#6782 = CARTESIAN_POINT('',(0.,5.));
#6783 = VECTOR('',#6784,1.);
#6784 = DIRECTION('',(-1.,0.));
#6785 = ( GEOMETRIC_REPRESENTATION_CONTEXT(2) 
PARAMETRIC_REPRESENTATION_CONTEXT() REPRESENTATION_CONTEXT('2D SPACE',''
  ) );
#6786 = PCURVE('',#6787,#6792);
#6787 = PLANE('',#6788);
#6788 = AXIS2_PLACEMENT_3D('',#6789,#6790,#6791);
#6789 = CARTESIAN_POINT('',(37.5,376.58845726812,8.999999999996));
#6790 = DIRECTION('',(0.707106781187,-0.612372435696,-0.353553390593));
#6791 = DIRECTION('',(7.029421212772E-16,0.5,-0.866025403784));
#6792 = DEFINITIONAL_REPRESENTATION('',(#6793),#6797);
#6793 = LINE('',#6794,#6795);
#6794 = CARTESIAN_POINT('',(8.604228440845E-16,1.414213562373));
#6795 = VECTOR('',#6796,1.);
#6796 = DIRECTION('',(-1.,0.));
#6797 = ( GEOMETRIC_REPRESENTATION_CONTEXT(2) 
PARAMETRIC_REPRESENTATION_CONTEXT() REPRESENTATION_CONTEXT('2D SPACE',''
  ) );
#6798 = ORIENTED_EDGE('',*,*,#6799,.T.);
#6799 = EDGE_CURVE('',#6772,#5941,#6800,.T.);
#6800 = SURFACE_CURVE('',#6801,(#6805,#6812),.PCURVE_S1.);
#6801 = LINE('',#6802,#6803);
#6802 = CARTESIAN_POINT('',(19.707106781187,354.39238116563,
    49.444731538161));
#6803 = VECTOR('',#6804,1.);
#6804 = DIRECTION('',(-0.707106781187,-0.353553390593,0.612372435696));
#6805 = PCURVE('',#5332,#6806);
#6806 = DEFINITIONAL_REPRESENTATION('',(#6807),#6811);
#6807 = LINE('',#6808,#6809);
#6808 = CARTESIAN_POINT('',(-46.12420301253,23.792893218813));
#6809 = VECTOR('',#6810,1.);
#6810 = DIRECTION('',(-0.707106781187,0.707106781187));
#6811 = ( GEOMETRIC_REPRESENTATION_CONTEXT(2) 
PARAMETRIC_REPRESENTATION_CONTEXT() REPRESENTATION_CONTEXT('2D SPACE',''
  ) );
#6812 = PCURVE('',#5984,#6813);
#6813 = DEFINITIONAL_REPRESENTATION('',(#6814),#6818);
#6814 = LINE('',#6815,#6816);
#6815 = CARTESIAN_POINT('',(26.162950903902,1.414213562373));
#6816 = VECTOR('',#6817,1.);
#6817 = DIRECTION('',(1.,-5.551115123126E-17));
#6818 = ( GEOMETRIC_REPRESENTATION_CONTEXT(2) 
PARAMETRIC_REPRESENTATION_CONTEXT() REPRESENTATION_CONTEXT('2D SPACE',''
  ) );
#6819 = ORIENTED_EDGE('',*,*,#5938,.F.);
#6820 = ORIENTED_EDGE('',*,*,#6821,.T.);
#6821 = EDGE_CURVE('',#5939,#5317,#6822,.T.);
#6822 = SURFACE_CURVE('',#6823,(#6827,#6834),.PCURVE_S1.);
#6823 = LINE('',#6824,#6825);
#6824 = CARTESIAN_POINT('',(-2.57508411894,357.50338600765,
    44.056313089201));
#6825 = VECTOR('',#6826,1.);
#6826 = DIRECTION('',(0.654653670708,-0.377964473009,0.654653670708));
#6827 = PCURVE('',#5332,#6828);
#6828 = DEFINITIONAL_REPRESENTATION('',(#6829),#6833);
#6829 = LINE('',#6830,#6831);
#6830 = CARTESIAN_POINT('',(-39.9021933285,46.07508411894));
#6831 = VECTOR('',#6832,1.);
#6832 = DIRECTION('',(-0.755928946018,-0.654653670708));
#6833 = ( GEOMETRIC_REPRESENTATION_CONTEXT(2) 
PARAMETRIC_REPRESENTATION_CONTEXT() REPRESENTATION_CONTEXT('2D SPACE',''
  ) );
#6834 = PCURVE('',#5358,#6835);
#6835 = DEFINITIONAL_REPRESENTATION('',(#6836),#6840);
#6836 = LINE('',#6837,#6838);
#6837 = CARTESIAN_POINT('',(3.496613992349,31.925990132719));
#6838 = VECTOR('',#6839,1.);
#6839 = DIRECTION('',(0.377964473009,-0.925820099773));
#6840 = ( GEOMETRIC_REPRESENTATION_CONTEXT(2) 
PARAMETRIC_REPRESENTATION_CONTEXT() REPRESENTATION_CONTEXT('2D SPACE',''
  ) );
#6841 = ORIENTED_EDGE('',*,*,#5316,.F.);
#6842 = ORIENTED_EDGE('',*,*,#6843,.T.);
#6843 = EDGE_CURVE('',#5289,#6844,#6846,.T.);
#6844 = VERTEX_POINT('',#6845);
#6845 = CARTESIAN_POINT('',(24.999258355128,344.99728651185,
    65.717512820436));
#6846 = SURFACE_CURVE('',#6847,(#6851,#6858),.PCURVE_S1.);
#6847 = LINE('',#6848,#6849);
#6848 = CARTESIAN_POINT('',(67.997367103195,361.40555639519,
    37.297555718183));
#6849 = VECTOR('',#6850,1.);
#6850 = DIRECTION('',(0.794931687084,0.303349473739,-0.525416700965));
#6851 = PCURVE('',#5332,#6852);
#6852 = DEFINITIONAL_REPRESENTATION('',(#6853),#6857);
#6853 = LINE('',#6854,#6855);
#6854 = CARTESIAN_POINT('',(-32.09785255341,-24.49736710319));
#6855 = VECTOR('',#6856,1.);
#6856 = DIRECTION('',(0.606698947478,-0.794931687084));
#6857 = ( GEOMETRIC_REPRESENTATION_CONTEXT(2) 
PARAMETRIC_REPRESENTATION_CONTEXT() REPRESENTATION_CONTEXT('2D SPACE',''
  ) );
#6858 = PCURVE('',#5304,#6859);
#6859 = DEFINITIONAL_REPRESENTATION('',(#6860),#6864);
#6860 = LINE('',#6861,#6862);
#6861 = CARTESIAN_POINT('',(0.405556395195,53.19894170407));
#6862 = VECTOR('',#6863,1.);
#6863 = DIRECTION('',(0.303349473739,0.95287937158));
#6864 = ( GEOMETRIC_REPRESENTATION_CONTEXT(2) 
PARAMETRIC_REPRESENTATION_CONTEXT() REPRESENTATION_CONTEXT('2D SPACE',''
  ) );
#6865 = ORIENTED_EDGE('',*,*,#6866,.T.);
#6866 = EDGE_CURVE('',#6844,#5489,#6867,.T.);
#6867 = SURFACE_CURVE('',#6868,(#6873,#6881),.PCURVE_S1.);
#6868 = ( BOUNDED_CURVE() B_SPLINE_CURVE(3,(#6869,#6870,#6871,#6872),
.UNSPECIFIED.,.F.,.F.) B_SPLINE_CURVE_WITH_KNOTS((4,4),(4.695165006313,
4.712388980385),.PIECEWISE_BEZIER_KNOTS.) CURVE() 
GEOMETRIC_REPRESENTATION_ITEM() RATIONAL_B_SPLINE_CURVE((1.,
0.999975278046,0.999975278046,1.)) REPRESENTATION_ITEM('') );
#6869 = CARTESIAN_POINT('',(24.999258355128,344.99728651185,
    65.717512820436));
#6870 = CARTESIAN_POINT('',(24.999752778931,345.0138580351,
    65.688810100209));
#6871 = CARTESIAN_POINT('',(25.,345.03043140214,65.660104186445));
#6872 = CARTESIAN_POINT('',(25.,345.04700538379,65.631397208142));
#6873 = PCURVE('',#5332,#6874);
#6874 = DEFINITIONAL_REPRESENTATION('',(#6875),#6880);
#6875 = ( BOUNDED_CURVE() B_SPLINE_CURVE(3,(#6876,#6877,#6878,#6879),
.UNSPECIFIED.,.F.,.F.) B_SPLINE_CURVE_WITH_KNOTS((4,4),(4.695165006313,
4.712388980385),.PIECEWISE_BEZIER_KNOTS.) CURVE() 
GEOMETRIC_REPRESENTATION_ITEM() RATIONAL_B_SPLINE_CURVE((1.,
0.999975278046,0.999975278046,1.)) REPRESENTATION_ITEM('') );
#6876 = CARTESIAN_POINT('',(-64.9143923201,18.500741644872));
#6877 = CARTESIAN_POINT('',(-64.8812492736,18.500247221069));
#6878 = CARTESIAN_POINT('',(-64.84810253952,18.5));
#6879 = CARTESIAN_POINT('',(-64.81495457622,18.5));
#6880 = ( GEOMETRIC_REPRESENTATION_CONTEXT(2) 
PARAMETRIC_REPRESENTATION_CONTEXT() REPRESENTATION_CONTEXT('2D SPACE',''
  ) );
#6881 = PCURVE('',#5511,#6882);
#6882 = DEFINITIONAL_REPRESENTATION('',(#6883),#6886);
#6883 = B_SPLINE_CURVE_WITH_KNOTS('',1,(#6884,#6885),.UNSPECIFIED.,.F.,
  .F.,(2,2),(4.695165006313,4.712388980385),.PIECEWISE_BEZIER_KNOTS.);
#6884 = CARTESIAN_POINT('',(3.124368679518,-16.00271348814));
#6885 = CARTESIAN_POINT('',(3.14159265359,-15.9529946162));
#6886 = ( GEOMETRIC_REPRESENTATION_CONTEXT(2) 
PARAMETRIC_REPRESENTATION_CONTEXT() REPRESENTATION_CONTEXT('2D SPACE',''
  ) );
#6887 = ORIENTED_EDGE('',*,*,#5686,.F.);
#6888 = ORIENTED_EDGE('',*,*,#6889,.T.);
#6889 = EDGE_CURVE('',#5659,#6890,#6892,.T.);
#6890 = VERTEX_POINT('',#6891);
#6891 = CARTESIAN_POINT('',(48.5,357.66158945309,43.782296683767));
#6892 = SURFACE_CURVE('',#6893,(#6897,#6904),.PCURVE_S1.);
#6893 = LINE('',#6894,#6895);
#6894 = CARTESIAN_POINT('',(48.792893218813,357.80803606249,
    43.528643715678));
#6895 = VECTOR('',#6896,1.);
#6896 = DIRECTION('',(0.707106781187,0.353553390593,-0.612372435696));
#6897 = PCURVE('',#5332,#6898);
#6898 = DEFINITIONAL_REPRESENTATION('',(#6899),#6903);
#6899 = LINE('',#6900,#6901);
#6900 = CARTESIAN_POINT('',(-39.29289321881,-5.292893218813));
#6901 = VECTOR('',#6902,1.);
#6902 = DIRECTION('',(0.707106781187,-0.707106781187));
#6903 = ( GEOMETRIC_REPRESENTATION_CONTEXT(2) 
PARAMETRIC_REPRESENTATION_CONTEXT() REPRESENTATION_CONTEXT('2D SPACE',''
  ) );
#6904 = PCURVE('',#5674,#6905);
#6905 = DEFINITIONAL_REPRESENTATION('',(#6906),#6910);
#6906 = LINE('',#6907,#6908);
#6907 = CARTESIAN_POINT('',(-28.28427124746,1.414213562373));
#6908 = VECTOR('',#6909,1.);
#6909 = DIRECTION('',(1.,-1.110223024625E-16));
#6910 = ( GEOMETRIC_REPRESENTATION_CONTEXT(2) 
PARAMETRIC_REPRESENTATION_CONTEXT() REPRESENTATION_CONTEXT('2D SPACE',''
  ) );
#6911 = ORIENTED_EDGE('',*,*,#6912,.T.);
#6912 = EDGE_CURVE('',#6890,#6384,#6913,.T.);
#6913 = SURFACE_CURVE('',#6914,(#6918,#6925),.PCURVE_S1.);
#6914 = LINE('',#6915,#6916);
#6915 = CARTESIAN_POINT('',(48.5,377.4544826719,9.499999999996));
#6916 = VECTOR('',#6917,1.);
#6917 = DIRECTION('',(7.306976968928E-16,0.5,-0.866025403784));
#6918 = PCURVE('',#5332,#6919);
#6919 = DEFINITIONAL_REPRESENTATION('',(#6920),#6924);
#6920 = LINE('',#6921,#6922);
#6921 = CARTESIAN_POINT('',(-1.538370149107E-15,-5.));
#6922 = VECTOR('',#6923,1.);
#6923 = DIRECTION('',(1.,0.));
#6924 = ( GEOMETRIC_REPRESENTATION_CONTEXT(2) 
PARAMETRIC_REPRESENTATION_CONTEXT() REPRESENTATION_CONTEXT('2D SPACE',''
  ) );
#6925 = PCURVE('',#6651,#6926);
#6926 = DEFINITIONAL_REPRESENTATION('',(#6927),#6931);
#6927 = LINE('',#6928,#6929);
#6928 = CARTESIAN_POINT('',(-9.159339953158E-16,1.414213562373));
#6929 = VECTOR('',#6930,1.);
#6930 = DIRECTION('',(1.,5.551115123126E-17));
#6931 = ( GEOMETRIC_REPRESENTATION_CONTEXT(2) 
PARAMETRIC_REPRESENTATION_CONTEXT() REPRESENTATION_CONTEXT('2D SPACE',''
  ) );
#6932 = ORIENTED_EDGE('',*,*,#6383,.F.);
#6933 = ADVANCED_FACE('',(#6934),#2086,.F.);
#6934 = FACE_BOUND('',#6935,.T.);
#6935 = EDGE_LOOP('',(#6936,#6966,#6987,#6988));
#6936 = ORIENTED_EDGE('',*,*,#6937,.F.);
#6937 = EDGE_CURVE('',#6938,#6940,#6942,.T.);
#6938 = VERTEX_POINT('',#6939);
#6939 = CARTESIAN_POINT('',(38.5,332.53034488539,11.310889132453));
#6940 = VERTEX_POINT('',#6941);
#6941 = CARTESIAN_POINT('',(48.5,332.53034488539,11.310889132453));
#6942 = SURFACE_CURVE('',#6943,(#6947,#6954),.PCURVE_S1.);
#6943 = LINE('',#6944,#6945);
#6944 = CARTESIAN_POINT('',(-7.5,332.53034488539,11.310889132453));
#6945 = VECTOR('',#6946,1.);
#6946 = DIRECTION('',(1.,-3.108532283331E-16,6.64265828938E-16));
#6947 = PCURVE('',#2086,#6948);
#6948 = DEFINITIONAL_REPRESENTATION('',(#6949),#6953);
#6949 = LINE('',#6950,#6951);
#6950 = CARTESIAN_POINT('',(-24.03034488539,51.));
#6951 = VECTOR('',#6952,1.);
#6952 = DIRECTION('',(0.,-1.));
#6953 = ( GEOMETRIC_REPRESENTATION_CONTEXT(2) 
PARAMETRIC_REPRESENTATION_CONTEXT() REPRESENTATION_CONTEXT('2D SPACE',''
  ) );
#6954 = PCURVE('',#6955,#6960);
#6955 = PLANE('',#6956);
#6956 = AXIS2_PLACEMENT_3D('',#6957,#6958,#6959);
#6957 = CARTESIAN_POINT('',(-7.5,332.53034488539,11.310889132453));
#6958 = DIRECTION('',(6.013397070539E-16,0.866025403784,-0.5));
#6959 = DIRECTION('',(4.198444685597E-16,-0.5,-0.866025403784));
#6960 = DEFINITIONAL_REPRESENTATION('',(#6961),#6965);
#6961 = LINE('',#6962,#6963);
#6962 = CARTESIAN_POINT('',(0.,0.));
#6963 = VECTOR('',#6964,1.);
#6964 = DIRECTION('',(0.,-1.));
#6965 = ( GEOMETRIC_REPRESENTATION_CONTEXT(2) 
PARAMETRIC_REPRESENTATION_CONTEXT() REPRESENTATION_CONTEXT('2D SPACE',''
  ) );
#6966 = ORIENTED_EDGE('',*,*,#6967,.T.);
#6967 = EDGE_CURVE('',#6938,#86,#6968,.T.);
#6968 = SURFACE_CURVE('',#6969,(#6973,#6980),.PCURVE_S1.);
#6969 = LINE('',#6970,#6971);
#6970 = CARTESIAN_POINT('',(38.5,344.54551732809,-9.500000000004));
#6971 = VECTOR('',#6972,1.);
#6972 = DIRECTION('',(7.306976968928E-16,0.5,-0.866025403784));
#6973 = PCURVE('',#2086,#6974);
#6974 = DEFINITIONAL_REPRESENTATION('',(#6975),#6979);
#6975 = LINE('',#6976,#6977);
#6976 = CARTESIAN_POINT('',(0.,5.));
#6977 = VECTOR('',#6978,1.);
#6978 = DIRECTION('',(1.,0.));
#6979 = ( GEOMETRIC_REPRESENTATION_CONTEXT(2) 
PARAMETRIC_REPRESENTATION_CONTEXT() REPRESENTATION_CONTEXT('2D SPACE',''
  ) );
#6980 = PCURVE('',#128,#6981);
#6981 = DEFINITIONAL_REPRESENTATION('',(#6982),#6986);
#6982 = LINE('',#6983,#6984);
#6983 = CARTESIAN_POINT('',(-2.581268532253E-15,1.414213562373));
#6984 = VECTOR('',#6985,1.);
#6985 = DIRECTION('',(1.,5.551115123126E-17));
#6986 = ( GEOMETRIC_REPRESENTATION_CONTEXT(2) 
PARAMETRIC_REPRESENTATION_CONTEXT() REPRESENTATION_CONTEXT('2D SPACE',''
  ) );
#6987 = ORIENTED_EDGE('',*,*,#2072,.T.);
#6988 = ORIENTED_EDGE('',*,*,#6989,.T.);
#6989 = EDGE_CURVE('',#2044,#6940,#6990,.T.);
#6990 = SURFACE_CURVE('',#6991,(#6995,#7002),.PCURVE_S1.);
#6991 = LINE('',#6992,#6993);
#6992 = CARTESIAN_POINT('',(48.5,344.54551732809,-9.500000000004));
#6993 = VECTOR('',#6994,1.);
#6994 = DIRECTION('',(-7.306976968928E-16,-0.5,0.866025403784));
#6995 = PCURVE('',#2086,#6996);
#6996 = DEFINITIONAL_REPRESENTATION('',(#6997),#7001);
#6997 = LINE('',#6998,#6999);
#6998 = CARTESIAN_POINT('',(-0.,-5.));
#6999 = VECTOR('',#7000,1.);
#7000 = DIRECTION('',(-1.,0.));
#7001 = ( GEOMETRIC_REPRESENTATION_CONTEXT(2) 
PARAMETRIC_REPRESENTATION_CONTEXT() REPRESENTATION_CONTEXT('2D SPACE',''
  ) );
#7002 = PCURVE('',#6756,#7003);
#7003 = DEFINITIONAL_REPRESENTATION('',(#7004),#7008);
#7004 = LINE('',#7005,#7006);
#7005 = CARTESIAN_POINT('',(2.465190328816E-32,-6.280369834735E-16));
#7006 = VECTOR('',#7007,1.);
#7007 = DIRECTION('',(1.,0.));
#7008 = ( GEOMETRIC_REPRESENTATION_CONTEXT(2) 
PARAMETRIC_REPRESENTATION_CONTEXT() REPRESENTATION_CONTEXT('2D SPACE',''
  ) );
#7009 = ADVANCED_FACE('',(#7010),#5590,.F.);
#7010 = FACE_BOUND('',#7011,.T.);
#7011 = EDGE_LOOP('',(#7012,#7037,#7065,#7088,#7111,#7132,#7133));
#7012 = ORIENTED_EDGE('',*,*,#7013,.T.);
#7013 = EDGE_CURVE('',#7014,#7016,#7018,.T.);
#7014 = VERTEX_POINT('',#7015);
#7015 = CARTESIAN_POINT('',(24.999258355128,327.77621618004,
    29.545281595848));
#7016 = VERTEX_POINT('',#7017);
#7017 = CARTESIAN_POINT('',(24.22407800833,328.07202845432,
    29.032919707292));
#7018 = SURFACE_CURVE('',#7019,(#7023,#7030),.PCURVE_S1.);
#7019 = LINE('',#7020,#7021);
#7020 = CARTESIAN_POINT('',(-2.9077072878,338.42563861341,
    11.099940869979));
#7021 = VECTOR('',#7022,1.);
#7022 = DIRECTION('',(-0.794931687084,0.303349473739,-0.525416700965));
#7023 = PCURVE('',#5590,#7024);
#7024 = DEFINITIONAL_REPRESENTATION('',(#7025),#7029);
#7025 = LINE('',#7026,#7027);
#7026 = CARTESIAN_POINT('',(6.017084764146,-4.5922927122));
#7027 = VECTOR('',#7028,1.);
#7028 = DIRECTION('',(0.606698947478,0.794931687084));
#7029 = ( GEOMETRIC_REPRESENTATION_CONTEXT(2) 
PARAMETRIC_REPRESENTATION_CONTEXT() REPRESENTATION_CONTEXT('2D SPACE',''
  ) );
#7030 = PCURVE('',#5212,#7031);
#7031 = DEFINITIONAL_REPRESENTATION('',(#7032),#7036);
#7032 = LINE('',#7033,#7034);
#7033 = CARTESIAN_POINT('',(-22.57436138658,-31.79450342501));
#7034 = VECTOR('',#7035,1.);
#7035 = DIRECTION('',(0.303349473739,-0.95287937158));
#7036 = ( GEOMETRIC_REPRESENTATION_CONTEXT(2) 
PARAMETRIC_REPRESENTATION_CONTEXT() REPRESENTATION_CONTEXT('2D SPACE',''
  ) );
#7037 = ORIENTED_EDGE('',*,*,#7038,.T.);
#7038 = EDGE_CURVE('',#7016,#7039,#7041,.T.);
#7039 = VERTEX_POINT('',#7040);
#7040 = CARTESIAN_POINT('',(38.914213562373,335.41709623134,
    16.310889132453));
#7041 = SURFACE_CURVE('',#7042,(#7046,#7053),.PCURVE_S1.);
#7042 = LINE('',#7043,#7044);
#7043 = CARTESIAN_POINT('',(15.707106781187,323.81354284075,
    36.408833153299));
#7044 = VECTOR('',#7045,1.);
#7045 = DIRECTION('',(0.707106781187,0.353553390593,-0.612372435696));
#7046 = PCURVE('',#5590,#7047);
#7047 = DEFINITIONAL_REPRESENTATION('',(#7048),#7052);
#7048 = LINE('',#7049,#7050);
#7049 = CARTESIAN_POINT('',(-23.20710678118,-23.20710678118));
#7050 = VECTOR('',#7051,1.);
#7051 = DIRECTION('',(0.707106781187,-0.707106781187));
#7052 = ( GEOMETRIC_REPRESENTATION_CONTEXT(2) 
PARAMETRIC_REPRESENTATION_CONTEXT() REPRESENTATION_CONTEXT('2D SPACE',''
  ) );
#7053 = PCURVE('',#7054,#7059);
#7054 = PLANE('',#7055);
#7055 = AXIS2_PLACEMENT_3D('',#7056,#7057,#7058);
#7056 = CARTESIAN_POINT('',(15.707106781187,323.81354284075,
    36.408833153299));
#7057 = DIRECTION('',(0.5,0.362372435696,0.786566092485));
#7058 = DIRECTION('',(0.707106781187,0.353553390593,-0.612372435696));
#7059 = DEFINITIONAL_REPRESENTATION('',(#7060),#7064);
#7060 = LINE('',#7061,#7062);
#7061 = CARTESIAN_POINT('',(-0.,0.));
#7062 = VECTOR('',#7063,1.);
#7063 = DIRECTION('',(1.,-5.551115123126E-17));
#7064 = ( GEOMETRIC_REPRESENTATION_CONTEXT(2) 
PARAMETRIC_REPRESENTATION_CONTEXT() REPRESENTATION_CONTEXT('2D SPACE',''
  ) );
#7065 = ORIENTED_EDGE('',*,*,#7066,.T.);
#7066 = EDGE_CURVE('',#7039,#7067,#7069,.T.);
#7067 = VERTEX_POINT('',#7068);
#7068 = CARTESIAN_POINT('',(48.5,335.41709623134,16.310889132453));
#7069 = SURFACE_CURVE('',#7070,(#7074,#7081),.PCURVE_S1.);
#7070 = LINE('',#7071,#7072);
#7071 = CARTESIAN_POINT('',(-7.5,335.41709623134,16.310889132453));
#7072 = VECTOR('',#7073,1.);
#7073 = DIRECTION('',(1.,-3.108532283331E-16,6.64265828938E-16));
#7074 = PCURVE('',#5590,#7075);
#7075 = DEFINITIONAL_REPRESENTATION('',(#7076),#7080);
#7076 = LINE('',#7077,#7078);
#7077 = CARTESIAN_POINT('',(0.,0.));
#7078 = VECTOR('',#7079,1.);
#7079 = DIRECTION('',(0.,-1.));
#7080 = ( GEOMETRIC_REPRESENTATION_CONTEXT(2) 
PARAMETRIC_REPRESENTATION_CONTEXT() REPRESENTATION_CONTEXT('2D SPACE',''
  ) );
#7081 = PCURVE('',#6955,#7082);
#7082 = DEFINITIONAL_REPRESENTATION('',(#7083),#7087);
#7083 = LINE('',#7084,#7085);
#7084 = CARTESIAN_POINT('',(-5.773502691896,0.));
#7085 = VECTOR('',#7086,1.);
#7086 = DIRECTION('',(0.,-1.));
#7087 = ( GEOMETRIC_REPRESENTATION_CONTEXT(2) 
PARAMETRIC_REPRESENTATION_CONTEXT() REPRESENTATION_CONTEXT('2D SPACE',''
  ) );
#7088 = ORIENTED_EDGE('',*,*,#7089,.T.);
#7089 = EDGE_CURVE('',#7067,#7090,#7092,.T.);
#7090 = VERTEX_POINT('',#7091);
#7091 = CARTESIAN_POINT('',(48.5,329.0827511282,27.282296683767));
#7092 = SURFACE_CURVE('',#7093,(#7097,#7104),.PCURVE_S1.);
#7093 = LINE('',#7094,#7095);
#7094 = CARTESIAN_POINT('',(48.5,335.41709623134,16.310889132453));
#7095 = VECTOR('',#7096,1.);
#7096 = DIRECTION('',(-7.306976968928E-16,-0.5,0.866025403784));
#7097 = PCURVE('',#5590,#7098);
#7098 = DEFINITIONAL_REPRESENTATION('',(#7099),#7103);
#7099 = LINE('',#7100,#7101);
#7100 = CARTESIAN_POINT('',(-0.,-56.));
#7101 = VECTOR('',#7102,1.);
#7102 = DIRECTION('',(-1.,0.));
#7103 = ( GEOMETRIC_REPRESENTATION_CONTEXT(2) 
PARAMETRIC_REPRESENTATION_CONTEXT() REPRESENTATION_CONTEXT('2D SPACE',''
  ) );
#7104 = PCURVE('',#6702,#7105);
#7105 = DEFINITIONAL_REPRESENTATION('',(#7106),#7110);
#7106 = LINE('',#7107,#7108);
#7107 = CARTESIAN_POINT('',(0.,0.));
#7108 = VECTOR('',#7109,1.);
#7109 = DIRECTION('',(1.,0.));
#7110 = ( GEOMETRIC_REPRESENTATION_CONTEXT(2) 
PARAMETRIC_REPRESENTATION_CONTEXT() REPRESENTATION_CONTEXT('2D SPACE',''
  ) );
#7111 = ORIENTED_EDGE('',*,*,#7112,.T.);
#7112 = EDGE_CURVE('',#7090,#5575,#7113,.T.);
#7113 = SURFACE_CURVE('',#7114,(#7118,#7125),.PCURVE_S1.);
#7114 = LINE('',#7115,#7116);
#7115 = CARTESIAN_POINT('',(26.83434510314,318.24992367977,
    46.045304214074));
#7116 = VECTOR('',#7117,1.);
#7117 = DIRECTION('',(-0.707106781187,-0.353553390593,0.612372435696));
#7118 = PCURVE('',#5590,#7119);
#7119 = DEFINITIONAL_REPRESENTATION('',(#7120),#7124);
#7120 = LINE('',#7121,#7122);
#7121 = CARTESIAN_POINT('',(-34.33434510314,-34.33434510314));
#7122 = VECTOR('',#7123,1.);
#7123 = DIRECTION('',(-0.707106781187,0.707106781187));
#7124 = ( GEOMETRIC_REPRESENTATION_CONTEXT(2) 
PARAMETRIC_REPRESENTATION_CONTEXT() REPRESENTATION_CONTEXT('2D SPACE',''
  ) );
#7125 = PCURVE('',#5618,#7126);
#7126 = DEFINITIONAL_REPRESENTATION('',(#7127),#7131);
#7127 = LINE('',#7128,#7129);
#7128 = CARTESIAN_POINT('',(-59.33834780267,1.414213562373));
#7129 = VECTOR('',#7130,1.);
#7130 = DIRECTION('',(-1.,0.));
#7131 = ( GEOMETRIC_REPRESENTATION_CONTEXT(2) 
PARAMETRIC_REPRESENTATION_CONTEXT() REPRESENTATION_CONTEXT('2D SPACE',''
  ) );
#7132 = ORIENTED_EDGE('',*,*,#5574,.F.);
#7133 = ORIENTED_EDGE('',*,*,#7134,.T.);
#7134 = EDGE_CURVE('',#5547,#7014,#7135,.T.);
#7135 = SURFACE_CURVE('',#7136,(#7141,#7149),.PCURVE_S1.);
#7136 = ( BOUNDED_CURVE() B_SPLINE_CURVE(3,(#7137,#7138,#7139,#7140),
.UNSPECIFIED.,.F.,.F.) B_SPLINE_CURVE_WITH_KNOTS((4,4),(4.712388980385,
4.729612954457),.PIECEWISE_BEZIER_KNOTS.) CURVE() 
GEOMETRIC_REPRESENTATION_ITEM() RATIONAL_B_SPLINE_CURVE((1.,
0.999975278046,0.999975278046,1.)) REPRESENTATION_ITEM('') );
#7137 = CARTESIAN_POINT('',(25.,327.7264973081,29.631397208142));
#7138 = CARTESIAN_POINT('',(25.,327.74307128975,29.602690229839));
#7139 = CARTESIAN_POINT('',(24.999752778931,327.75964465679,
    29.573984316075));
#7140 = CARTESIAN_POINT('',(24.999258355128,327.77621618004,
    29.545281595848));
#7141 = PCURVE('',#5590,#7142);
#7142 = DEFINITIONAL_REPRESENTATION('',(#7143),#7148);
#7143 = ( BOUNDED_CURVE() B_SPLINE_CURVE(3,(#7144,#7145,#7146,#7147),
.UNSPECIFIED.,.F.,.F.) B_SPLINE_CURVE_WITH_KNOTS((4,4),(4.712388980385,
4.729612954457),.PIECEWISE_BEZIER_KNOTS.) CURVE() 
GEOMETRIC_REPRESENTATION_ITEM() RATIONAL_B_SPLINE_CURVE((1.,
0.999975278046,0.999975278046,1.)) REPRESENTATION_ITEM('') );
#7144 = CARTESIAN_POINT('',(-15.38119784648,-32.5));
#7145 = CARTESIAN_POINT('',(-15.34804988318,-32.5));
#7146 = CARTESIAN_POINT('',(-15.3149031491,-32.49975277893));
#7147 = CARTESIAN_POINT('',(-15.2817601026,-32.49925835512));
#7148 = ( GEOMETRIC_REPRESENTATION_CONTEXT(2) 
PARAMETRIC_REPRESENTATION_CONTEXT() REPRESENTATION_CONTEXT('2D SPACE',''
  ) );
#7149 = PCURVE('',#5562,#7150);
#7150 = DEFINITIONAL_REPRESENTATION('',(#7151),#7154);
#7151 = B_SPLINE_CURVE_WITH_KNOTS('',1,(#7152,#7153),.UNSPECIFIED.,.F.,
  .F.,(2,2),(4.712388980385,4.729612954457),.PIECEWISE_BEZIER_KNOTS.);
#7152 = CARTESIAN_POINT('',(3.14159265359,-33.27350269189));
#7153 = CARTESIAN_POINT('',(3.158816627662,-33.22378381995));
#7154 = ( GEOMETRIC_REPRESENTATION_CONTEXT(2) 
PARAMETRIC_REPRESENTATION_CONTEXT() REPRESENTATION_CONTEXT('2D SPACE',''
  ) );
#7155 = ADVANCED_FACE('',(#7156),#6955,.F.);
#7156 = FACE_BOUND('',#7157,.T.);
#7157 = EDGE_LOOP('',(#7158,#7159,#7182,#7208,#7209));
#7158 = ORIENTED_EDGE('',*,*,#7066,.F.);
#7159 = ORIENTED_EDGE('',*,*,#7160,.T.);
#7160 = EDGE_CURVE('',#7039,#7161,#7163,.T.);
#7161 = VERTEX_POINT('',#7162);
#7162 = CARTESIAN_POINT('',(38.5,335.53717589334,16.518873207987));
#7163 = SURFACE_CURVE('',#7164,(#7168,#7175),.PCURVE_S1.);
#7164 = LINE('',#7165,#7166);
#7165 = CARTESIAN_POINT('',(6.682553734688,344.76098829396,
    32.494984925353));
#7166 = VECTOR('',#7167,1.);
#7167 = DIRECTION('',(-0.865107811303,0.250792979777,0.434386183156));
#7168 = PCURVE('',#6955,#7169);
#7169 = DEFINITIONAL_REPRESENTATION('',(#7170),#7174);
#7170 = LINE('',#7171,#7172);
#7171 = CARTESIAN_POINT('',(-24.46128681713,-14.18255373468));
#7172 = VECTOR('',#7173,1.);
#7173 = DIRECTION('',(-0.501585959554,0.865107811303));
#7174 = ( GEOMETRIC_REPRESENTATION_CONTEXT(2) 
PARAMETRIC_REPRESENTATION_CONTEXT() REPRESENTATION_CONTEXT('2D SPACE',''
  ) );
#7175 = PCURVE('',#7054,#7176);
#7176 = DEFINITIONAL_REPRESENTATION('',(#7177),#7181);
#7177 = LINE('',#7178,#7179);
#7178 = CARTESIAN_POINT('',(3.421450480186,22.887767765064));
#7179 = VECTOR('',#7180,1.);
#7180 = DIRECTION('',(-0.789061016504,0.614314831526));
#7181 = ( GEOMETRIC_REPRESENTATION_CONTEXT(2) 
PARAMETRIC_REPRESENTATION_CONTEXT() REPRESENTATION_CONTEXT('2D SPACE',''
  ) );
#7182 = ORIENTED_EDGE('',*,*,#7183,.T.);
#7183 = EDGE_CURVE('',#7161,#6938,#7184,.T.);
#7184 = SURFACE_CURVE('',#7185,(#7189,#7196),.PCURVE_S1.);
#7185 = LINE('',#7186,#7187);
#7186 = CARTESIAN_POINT('',(38.5,332.53034488539,11.310889132453));
#7187 = VECTOR('',#7188,1.);
#7188 = DIRECTION('',(4.198444685597E-16,-0.5,-0.866025403784));
#7189 = PCURVE('',#6955,#7190);
#7190 = DEFINITIONAL_REPRESENTATION('',(#7191),#7195);
#7191 = LINE('',#7192,#7193);
#7192 = CARTESIAN_POINT('',(0.,-46.));
#7193 = VECTOR('',#7194,1.);
#7194 = DIRECTION('',(1.,0.));
#7195 = ( GEOMETRIC_REPRESENTATION_CONTEXT(2) 
PARAMETRIC_REPRESENTATION_CONTEXT() REPRESENTATION_CONTEXT('2D SPACE',''
  ) );
#7196 = PCURVE('',#7197,#7202);
#7197 = PLANE('',#7198);
#7198 = AXIS2_PLACEMENT_3D('',#7199,#7200,#7201);
#7199 = CARTESIAN_POINT('',(37.5,335.61602540378,14.655444566225));
#7200 = DIRECTION('',(-0.707106781187,-0.612372435696,0.353553390593));
#7201 = DIRECTION('',(4.476000441753E-16,-0.5,-0.866025403784));
#7202 = DEFINITIONAL_REPRESENTATION('',(#7203),#7207);
#7203 = LINE('',#7204,#7205);
#7204 = CARTESIAN_POINT('',(4.439310229205,1.414213562373));
#7205 = VECTOR('',#7206,1.);
#7206 = DIRECTION('',(1.,-1.387778780781E-16));
#7207 = ( GEOMETRIC_REPRESENTATION_CONTEXT(2) 
PARAMETRIC_REPRESENTATION_CONTEXT() REPRESENTATION_CONTEXT('2D SPACE',''
  ) );
#7208 = ORIENTED_EDGE('',*,*,#6937,.T.);
#7209 = ORIENTED_EDGE('',*,*,#7210,.T.);
#7210 = EDGE_CURVE('',#6940,#7067,#7211,.T.);
#7211 = SURFACE_CURVE('',#7212,(#7216,#7223),.PCURVE_S1.);
#7212 = LINE('',#7213,#7214);
#7213 = CARTESIAN_POINT('',(48.5,332.53034488539,11.310889132453));
#7214 = VECTOR('',#7215,1.);
#7215 = DIRECTION('',(-4.198444685597E-16,0.5,0.866025403784));
#7216 = PCURVE('',#6955,#7217);
#7217 = DEFINITIONAL_REPRESENTATION('',(#7218),#7222);
#7218 = LINE('',#7219,#7220);
#7219 = CARTESIAN_POINT('',(0.,-56.));
#7220 = VECTOR('',#7221,1.);
#7221 = DIRECTION('',(-1.,0.));
#7222 = ( GEOMETRIC_REPRESENTATION_CONTEXT(2) 
PARAMETRIC_REPRESENTATION_CONTEXT() REPRESENTATION_CONTEXT('2D SPACE',''
  ) );
#7223 = PCURVE('',#6730,#7224);
#7224 = DEFINITIONAL_REPRESENTATION('',(#7225),#7229);
#7225 = LINE('',#7226,#7227);
#7226 = CARTESIAN_POINT('',(0.,-0.));
#7227 = VECTOR('',#7228,1.);
#7228 = DIRECTION('',(1.,-1.387778780781E-16));
#7229 = ( GEOMETRIC_REPRESENTATION_CONTEXT(2) 
PARAMETRIC_REPRESENTATION_CONTEXT() REPRESENTATION_CONTEXT('2D SPACE',''
  ) );
#7230 = ADVANCED_FACE('',(#7231),#1977,.F.);
#7231 = FACE_BOUND('',#7232,.F.);
#7232 = EDGE_LOOP('',(#7233,#7234,#7257,#7279));
#7233 = ORIENTED_EDGE('',*,*,#6281,.T.);
#7234 = ORIENTED_EDGE('',*,*,#7235,.F.);
#7235 = EDGE_CURVE('',#7236,#6282,#7238,.T.);
#7236 = VERTEX_POINT('',#7237);
#7237 = CARTESIAN_POINT('',(37.5,348.74574053645,-7.075000000004));
#7238 = SURFACE_CURVE('',#7239,(#7243,#7250),.PCURVE_S1.);
#7239 = LINE('',#7240,#7241);
#7240 = CARTESIAN_POINT('',(37.5,348.74574053645,-7.075000000004));
#7241 = VECTOR('',#7242,1.);
#7242 = DIRECTION('',(1.,-3.108532283331E-16,6.64265828938E-16));
#7243 = PCURVE('',#1977,#7244);
#7244 = DEFINITIONAL_REPRESENTATION('',(#7245),#7249);
#7245 = LINE('',#7246,#7247);
#7246 = CARTESIAN_POINT('',(3.665191429188,0.));
#7247 = VECTOR('',#7248,1.);
#7248 = DIRECTION('',(0.,1.));
#7249 = ( GEOMETRIC_REPRESENTATION_CONTEXT(2) 
PARAMETRIC_REPRESENTATION_CONTEXT() REPRESENTATION_CONTEXT('2D SPACE',''
  ) );
#7250 = PCURVE('',#6319,#7251);
#7251 = DEFINITIONAL_REPRESENTATION('',(#7252),#7256);
#7252 = LINE('',#7253,#7254);
#7253 = CARTESIAN_POINT('',(-1.751703836591E-14,-39.28470598827));
#7254 = VECTOR('',#7255,1.);
#7255 = DIRECTION('',(0.,-1.));
#7256 = ( GEOMETRIC_REPRESENTATION_CONTEXT(2) 
PARAMETRIC_REPRESENTATION_CONTEXT() REPRESENTATION_CONTEXT('2D SPACE',''
  ) );
#7257 = ORIENTED_EDGE('',*,*,#7258,.F.);
#7258 = EDGE_CURVE('',#1962,#7236,#7259,.T.);
#7259 = SURFACE_CURVE('',#7260,(#7265,#7272),.PCURVE_S1.);
#7260 = CIRCLE('',#7261,14.15);
#7261 = AXIS2_PLACEMENT_3D('',#7262,#7263,#7264);
#7262 = CARTESIAN_POINT('',(37.5,361.,-3.924037305939E-12));
#7263 = DIRECTION('',(-1.,3.108532283331E-16,-6.64265828938E-16));
#7264 = DIRECTION('',(-3.108532283332E-16,-1.,6.786238238021E-15));
#7265 = PCURVE('',#1977,#7266);
#7266 = DEFINITIONAL_REPRESENTATION('',(#7267),#7271);
#7267 = LINE('',#7268,#7269);
#7268 = CARTESIAN_POINT('',(9.424777960769,0.));
#7269 = VECTOR('',#7270,1.);
#7270 = DIRECTION('',(-1.,0.));
#7271 = ( GEOMETRIC_REPRESENTATION_CONTEXT(2) 
PARAMETRIC_REPRESENTATION_CONTEXT() REPRESENTATION_CONTEXT('2D SPACE',''
  ) );
#7272 = PCURVE('',#45,#7273);
#7273 = DEFINITIONAL_REPRESENTATION('',(#7274),#7278);
#7274 = CIRCLE('',#7275,14.15);
#7275 = AXIS2_PLACEMENT_2D('',#7276,#7277);
#7276 = CARTESIAN_POINT('',(0.,0.));
#7277 = DIRECTION('',(1.,0.));
#7278 = ( GEOMETRIC_REPRESENTATION_CONTEXT(2) 
PARAMETRIC_REPRESENTATION_CONTEXT() REPRESENTATION_CONTEXT('2D SPACE',''
  ) );
#7279 = ORIENTED_EDGE('',*,*,#1961,.T.);
#7280 = ADVANCED_FACE('',(#7281,#7554,#7580),#45,.T.);
#7281 = FACE_BOUND('',#7282,.T.);
#7282 = EDGE_LOOP('',(#7283,#7284,#7305,#7306,#7327,#7328,#7349,#7350,
    #7371,#7372,#7395,#7418,#7440,#7441,#7464,#7487,#7508,#7509,#7532));
#7283 = ORIENTED_EDGE('',*,*,#3399,.F.);
#7284 = ORIENTED_EDGE('',*,*,#7285,.T.);
#7285 = EDGE_CURVE('',#3377,#3448,#7286,.T.);
#7286 = SURFACE_CURVE('',#7287,(#7291,#7298),.PCURVE_S1.);
#7287 = LINE('',#7288,#7289);
#7288 = CARTESIAN_POINT('',(37.5,366.58733942095,20.735889132452));
#7289 = VECTOR('',#7290,1.);
#7290 = DIRECTION('',(-3.108532283332E-16,-1.,6.786238238021E-15));
#7291 = PCURVE('',#45,#7292);
#7292 = DEFINITIONAL_REPRESENTATION('',(#7293),#7297);
#7293 = LINE('',#7294,#7295);
#7294 = CARTESIAN_POINT('',(-5.58733942095,20.735889132456));
#7295 = VECTOR('',#7296,1.);
#7296 = DIRECTION('',(1.,0.));
#7297 = ( GEOMETRIC_REPRESENTATION_CONTEXT(2) 
PARAMETRIC_REPRESENTATION_CONTEXT() REPRESENTATION_CONTEXT('2D SPACE',''
  ) );
#7298 = PCURVE('',#3278,#7299);
#7299 = DEFINITIONAL_REPRESENTATION('',(#7300),#7304);
#7300 = LINE('',#7301,#7302);
#7301 = CARTESIAN_POINT('',(-30.83940163215,0.));
#7302 = VECTOR('',#7303,1.);
#7303 = DIRECTION('',(0.,1.));
#7304 = ( GEOMETRIC_REPRESENTATION_CONTEXT(2) 
PARAMETRIC_REPRESENTATION_CONTEXT() REPRESENTATION_CONTEXT('2D SPACE',''
  ) );
#7305 = ORIENTED_EDGE('',*,*,#3629,.F.);
#7306 = ORIENTED_EDGE('',*,*,#7307,.F.);
#7307 = EDGE_CURVE('',#4024,#3602,#7308,.T.);
#7308 = SURFACE_CURVE('',#7309,(#7313,#7320),.PCURVE_S1.);
#7309 = LINE('',#7310,#7311);
#7310 = CARTESIAN_POINT('',(37.5,364.50111604177,23.735889132452));
#7311 = VECTOR('',#7312,1.);
#7312 = DIRECTION('',(-3.108532283332E-16,-1.,6.786238238021E-15));
#7313 = PCURVE('',#45,#7314);
#7314 = DEFINITIONAL_REPRESENTATION('',(#7315),#7319);
#7315 = LINE('',#7316,#7317);
#7316 = CARTESIAN_POINT('',(-3.501116041772,23.735889132456));
#7317 = VECTOR('',#7318,1.);
#7318 = DIRECTION('',(1.,0.));
#7319 = ( GEOMETRIC_REPRESENTATION_CONTEXT(2) 
PARAMETRIC_REPRESENTATION_CONTEXT() REPRESENTATION_CONTEXT('2D SPACE',''
  ) );
#7320 = PCURVE('',#3617,#7321);
#7321 = DEFINITIONAL_REPRESENTATION('',(#7322),#7326);
#7322 = LINE('',#7323,#7324);
#7323 = CARTESIAN_POINT('',(-30.83940163215,0.));
#7324 = VECTOR('',#7325,1.);
#7325 = DIRECTION('',(0.,1.));
#7326 = ( GEOMETRIC_REPRESENTATION_CONTEXT(2) 
PARAMETRIC_REPRESENTATION_CONTEXT() REPRESENTATION_CONTEXT('2D SPACE',''
  ) );
#7327 = ORIENTED_EDGE('',*,*,#4021,.F.);
#7328 = ORIENTED_EDGE('',*,*,#7329,.T.);
#7329 = EDGE_CURVE('',#4022,#6158,#7330,.T.);
#7330 = SURFACE_CURVE('',#7331,(#7335,#7342),.PCURVE_S1.);
#7331 = LINE('',#7332,#7333);
#7332 = CARTESIAN_POINT('',(37.5,361.,27.735889132452));
#7333 = VECTOR('',#7334,1.);
#7334 = DIRECTION('',(-3.108532283332E-16,-1.,6.786238238021E-15));
#7335 = PCURVE('',#45,#7336);
#7336 = DEFINITIONAL_REPRESENTATION('',(#7337),#7341);
#7337 = LINE('',#7338,#7339);
#7338 = CARTESIAN_POINT('',(0.,27.735889132456));
#7339 = VECTOR('',#7340,1.);
#7340 = DIRECTION('',(1.,0.));
#7341 = ( GEOMETRIC_REPRESENTATION_CONTEXT(2) 
PARAMETRIC_REPRESENTATION_CONTEXT() REPRESENTATION_CONTEXT('2D SPACE',''
  ) );
#7342 = PCURVE('',#3980,#7343);
#7343 = DEFINITIONAL_REPRESENTATION('',(#7344),#7348);
#7344 = LINE('',#7345,#7346);
#7345 = CARTESIAN_POINT('',(-30.83940163215,0.));
#7346 = VECTOR('',#7347,1.);
#7347 = DIRECTION('',(0.,1.));
#7348 = ( GEOMETRIC_REPRESENTATION_CONTEXT(2) 
PARAMETRIC_REPRESENTATION_CONTEXT() REPRESENTATION_CONTEXT('2D SPACE',''
  ) );
#7349 = ORIENTED_EDGE('',*,*,#6157,.T.);
#7350 = ORIENTED_EDGE('',*,*,#7351,.F.);
#7351 = EDGE_CURVE('',#4205,#6135,#7352,.T.);
#7352 = SURFACE_CURVE('',#7353,(#7357,#7364),.PCURVE_S1.);
#7353 = LINE('',#7354,#7355);
#7354 = CARTESIAN_POINT('',(37.5,361.,30.735889132452));
#7355 = VECTOR('',#7356,1.);
#7356 = DIRECTION('',(-3.108532283332E-16,-1.,6.786238238021E-15));
#7357 = PCURVE('',#45,#7358);
#7358 = DEFINITIONAL_REPRESENTATION('',(#7359),#7363);
#7359 = LINE('',#7360,#7361);
#7360 = CARTESIAN_POINT('',(0.,30.735889132456));
#7361 = VECTOR('',#7362,1.);
#7362 = DIRECTION('',(1.,0.));
#7363 = ( GEOMETRIC_REPRESENTATION_CONTEXT(2) 
PARAMETRIC_REPRESENTATION_CONTEXT() REPRESENTATION_CONTEXT('2D SPACE',''
  ) );
#7364 = PCURVE('',#4115,#7365);
#7365 = DEFINITIONAL_REPRESENTATION('',(#7366),#7370);
#7366 = LINE('',#7367,#7368);
#7367 = CARTESIAN_POINT('',(-30.83940163215,0.));
#7368 = VECTOR('',#7369,1.);
#7369 = DIRECTION('',(0.,1.));
#7370 = ( GEOMETRIC_REPRESENTATION_CONTEXT(2) 
PARAMETRIC_REPRESENTATION_CONTEXT() REPRESENTATION_CONTEXT('2D SPACE',''
  ) );
#7371 = ORIENTED_EDGE('',*,*,#4204,.T.);
#7372 = ORIENTED_EDGE('',*,*,#7373,.F.);
#7373 = EDGE_CURVE('',#7374,#4182,#7376,.T.);
#7374 = VERTEX_POINT('',#7375);
#7375 = CARTESIAN_POINT('',(37.5,363.12990915244,32.310889132453));
#7376 = SURFACE_CURVE('',#7377,(#7381,#7388),.PCURVE_S1.);
#7377 = LINE('',#7378,#7379);
#7378 = CARTESIAN_POINT('',(37.5,392.37574402784,49.195979770441));
#7379 = VECTOR('',#7380,1.);
#7380 = DIRECTION('',(6.29261218841E-17,-0.866025403784,-0.5));
#7381 = PCURVE('',#45,#7382);
#7382 = DEFINITIONAL_REPRESENTATION('',(#7383),#7387);
#7383 = LINE('',#7384,#7385);
#7384 = CARTESIAN_POINT('',(-31.37574402784,49.195979770446));
#7385 = VECTOR('',#7386,1.);
#7386 = DIRECTION('',(0.866025403784,-0.5));
#7387 = ( GEOMETRIC_REPRESENTATION_CONTEXT(2) 
PARAMETRIC_REPRESENTATION_CONTEXT() REPRESENTATION_CONTEXT('2D SPACE',''
  ) );
#7388 = PCURVE('',#3533,#7389);
#7389 = DEFINITIONAL_REPRESENTATION('',(#7390),#7394);
#7390 = LINE('',#7391,#7392);
#7391 = CARTESIAN_POINT('',(54.581327971137,-133.6964030127));
#7392 = VECTOR('',#7393,1.);
#7393 = DIRECTION('',(-0.377964473009,0.925820099773));
#7394 = ( GEOMETRIC_REPRESENTATION_CONTEXT(2) 
PARAMETRIC_REPRESENTATION_CONTEXT() REPRESENTATION_CONTEXT('2D SPACE',''
  ) );
#7395 = ORIENTED_EDGE('',*,*,#7396,.T.);
#7396 = EDGE_CURVE('',#7374,#7397,#7399,.T.);
#7397 = VERTEX_POINT('',#7398);
#7398 = CARTESIAN_POINT('',(37.5,376.58845726812,8.999999999996));
#7399 = SURFACE_CURVE('',#7400,(#7404,#7411),.PCURVE_S1.);
#7400 = LINE('',#7401,#7402);
#7401 = CARTESIAN_POINT('',(37.5,376.58845726812,8.999999999996));
#7402 = VECTOR('',#7403,1.);
#7403 = DIRECTION('',(7.306976968928E-16,0.5,-0.866025403784));
#7404 = PCURVE('',#45,#7405);
#7405 = DEFINITIONAL_REPRESENTATION('',(#7406),#7410);
#7406 = LINE('',#7407,#7408);
#7407 = CARTESIAN_POINT('',(-15.58845726812,9.));
#7408 = VECTOR('',#7409,1.);
#7409 = DIRECTION('',(-0.5,-0.866025403784));
#7410 = ( GEOMETRIC_REPRESENTATION_CONTEXT(2) 
PARAMETRIC_REPRESENTATION_CONTEXT() REPRESENTATION_CONTEXT('2D SPACE',''
  ) );
#7411 = PCURVE('',#6787,#7412);
#7412 = DEFINITIONAL_REPRESENTATION('',(#7413),#7417);
#7413 = LINE('',#7414,#7415);
#7414 = CARTESIAN_POINT('',(0.,0.));
#7415 = VECTOR('',#7416,1.);
#7416 = DIRECTION('',(1.,0.));
#7417 = ( GEOMETRIC_REPRESENTATION_CONTEXT(2) 
PARAMETRIC_REPRESENTATION_CONTEXT() REPRESENTATION_CONTEXT('2D SPACE',''
  ) );
#7418 = ORIENTED_EDGE('',*,*,#7419,.T.);
#7419 = EDGE_CURVE('',#7397,#22,#7420,.T.);
#7420 = SURFACE_CURVE('',#7421,(#7426,#7433),.PCURVE_S1.);
#7421 = CIRCLE('',#7422,18.);
#7422 = AXIS2_PLACEMENT_3D('',#7423,#7424,#7425);
#7423 = CARTESIAN_POINT('',(37.5,361.,-3.924037305939E-12));
#7424 = DIRECTION('',(-1.,3.108532283331E-16,-6.64265828938E-16));
#7425 = DIRECTION('',(-3.108532283332E-16,-1.,6.786238238021E-15));
#7426 = PCURVE('',#45,#7427);
#7427 = DEFINITIONAL_REPRESENTATION('',(#7428),#7432);
#7428 = CIRCLE('',#7429,18.);
#7429 = AXIS2_PLACEMENT_2D('',#7430,#7431);
#7430 = CARTESIAN_POINT('',(0.,0.));
#7431 = DIRECTION('',(1.,0.));
#7432 = ( GEOMETRIC_REPRESENTATION_CONTEXT(2) 
PARAMETRIC_REPRESENTATION_CONTEXT() REPRESENTATION_CONTEXT('2D SPACE',''
  ) );
#7433 = PCURVE('',#73,#7434);
#7434 = DEFINITIONAL_REPRESENTATION('',(#7435),#7439);
#7435 = LINE('',#7436,#7437);
#7436 = CARTESIAN_POINT('',(3.14159265359,0.));
#7437 = VECTOR('',#7438,1.);
#7438 = DIRECTION('',(-1.,0.));
#7439 = ( GEOMETRIC_REPRESENTATION_CONTEXT(2) 
PARAMETRIC_REPRESENTATION_CONTEXT() REPRESENTATION_CONTEXT('2D SPACE',''
  ) );
#7440 = ORIENTED_EDGE('',*,*,#21,.T.);
#7441 = ORIENTED_EDGE('',*,*,#7442,.T.);
#7442 = EDGE_CURVE('',#24,#7443,#7445,.T.);
#7443 = VERTEX_POINT('',#7444);
#7444 = CARTESIAN_POINT('',(37.5,333.68504542377,11.310889132453));
#7445 = SURFACE_CURVE('',#7446,(#7450,#7457),.PCURVE_S1.);
#7446 = LINE('',#7447,#7448);
#7447 = CARTESIAN_POINT('',(37.5,333.39637028918,11.810889132453));
#7448 = VECTOR('',#7449,1.);
#7449 = DIRECTION('',(-7.306976968928E-16,-0.5,0.866025403784));
#7450 = PCURVE('',#45,#7451);
#7451 = DEFINITIONAL_REPRESENTATION('',(#7452),#7456);
#7452 = LINE('',#7453,#7454);
#7453 = CARTESIAN_POINT('',(27.603629710819,11.810889132457));
#7454 = VECTOR('',#7455,1.);
#7455 = DIRECTION('',(0.5,0.866025403784));
#7456 = ( GEOMETRIC_REPRESENTATION_CONTEXT(2) 
PARAMETRIC_REPRESENTATION_CONTEXT() REPRESENTATION_CONTEXT('2D SPACE',''
  ) );
#7457 = PCURVE('',#128,#7458);
#7458 = DEFINITIONAL_REPRESENTATION('',(#7459),#7463);
#7459 = LINE('',#7460,#7461);
#7460 = CARTESIAN_POINT('',(-24.03034488539,-1.7763568394E-15));
#7461 = VECTOR('',#7462,1.);
#7462 = DIRECTION('',(-1.,-5.551115123126E-17));
#7463 = ( GEOMETRIC_REPRESENTATION_CONTEXT(2) 
PARAMETRIC_REPRESENTATION_CONTEXT() REPRESENTATION_CONTEXT('2D SPACE',''
  ) );
#7464 = ORIENTED_EDGE('',*,*,#7465,.T.);
#7465 = EDGE_CURVE('',#7443,#7466,#7468,.T.);
#7466 = VERTEX_POINT('',#7467);
#7467 = CARTESIAN_POINT('',(37.5,337.14914703891,17.310889132453));
#7468 = SURFACE_CURVE('',#7469,(#7473,#7480),.PCURVE_S1.);
#7469 = LINE('',#7470,#7471);
#7470 = CARTESIAN_POINT('',(37.5,336.28312163512,15.810889132453));
#7471 = VECTOR('',#7472,1.);
#7472 = DIRECTION('',(-4.198444685597E-16,0.5,0.866025403784));
#7473 = PCURVE('',#45,#7474);
#7474 = DEFINITIONAL_REPRESENTATION('',(#7475),#7479);
#7475 = LINE('',#7476,#7477);
#7476 = CARTESIAN_POINT('',(24.716878364871,15.810889132457));
#7477 = VECTOR('',#7478,1.);
#7478 = DIRECTION('',(-0.5,0.866025403784));
#7479 = ( GEOMETRIC_REPRESENTATION_CONTEXT(2) 
PARAMETRIC_REPRESENTATION_CONTEXT() REPRESENTATION_CONTEXT('2D SPACE',''
  ) );
#7480 = PCURVE('',#7197,#7481);
#7481 = DEFINITIONAL_REPRESENTATION('',(#7482),#7486);
#7482 = LINE('',#7483,#7484);
#7483 = CARTESIAN_POINT('',(-1.334192462691,6.661338147751E-16));
#7484 = VECTOR('',#7485,1.);
#7485 = DIRECTION('',(-1.,-2.775557561563E-17));
#7486 = ( GEOMETRIC_REPRESENTATION_CONTEXT(2) 
PARAMETRIC_REPRESENTATION_CONTEXT() REPRESENTATION_CONTEXT('2D SPACE',''
  ) );
#7487 = ORIENTED_EDGE('',*,*,#7488,.F.);
#7488 = EDGE_CURVE('',#3495,#7466,#7489,.T.);
#7489 = SURFACE_CURVE('',#7490,(#7494,#7501),.PCURVE_S1.);
#7490 = LINE('',#7491,#7492);
#7491 = CARTESIAN_POINT('',(37.5,357.1012406246,28.830235735048));
#7492 = VECTOR('',#7493,1.);
#7493 = DIRECTION('',(6.29261218841E-17,-0.866025403784,-0.5));
#7494 = PCURVE('',#45,#7495);
#7495 = DEFINITIONAL_REPRESENTATION('',(#7496),#7500);
#7496 = LINE('',#7497,#7498);
#7497 = CARTESIAN_POINT('',(3.898759375396,28.830235735052));
#7498 = VECTOR('',#7499,1.);
#7499 = DIRECTION('',(0.866025403784,-0.5));
#7500 = ( GEOMETRIC_REPRESENTATION_CONTEXT(2) 
PARAMETRIC_REPRESENTATION_CONTEXT() REPRESENTATION_CONTEXT('2D SPACE',''
  ) );
#7501 = PCURVE('',#3533,#7502);
#7502 = DEFINITIONAL_REPRESENTATION('',(#7503),#7507);
#7503 = LINE('',#7504,#7505);
#7504 = CARTESIAN_POINT('',(39.186272547581,-95.9863726632));
#7505 = VECTOR('',#7506,1.);
#7506 = DIRECTION('',(-0.377964473009,0.925820099773));
#7507 = ( GEOMETRIC_REPRESENTATION_CONTEXT(2) 
PARAMETRIC_REPRESENTATION_CONTEXT() REPRESENTATION_CONTEXT('2D SPACE',''
  ) );
#7508 = ORIENTED_EDGE('',*,*,#3494,.T.);
#7509 = ORIENTED_EDGE('',*,*,#7510,.F.);
#7510 = EDGE_CURVE('',#7511,#3472,#7513,.T.);
#7511 = VERTEX_POINT('',#7512);
#7512 = CARTESIAN_POINT('',(37.5,356.61821783447,16.735889132452));
#7513 = SURFACE_CURVE('',#7514,(#7518,#7525),.PCURVE_S1.);
#7514 = LINE('',#7515,#7516);
#7515 = CARTESIAN_POINT('',(37.5,361.,16.735889132452));
#7516 = VECTOR('',#7517,1.);
#7517 = DIRECTION('',(-3.108532283332E-16,-1.,6.461926105023E-15));
#7518 = PCURVE('',#45,#7519);
#7519 = DEFINITIONAL_REPRESENTATION('',(#7520),#7524);
#7520 = LINE('',#7521,#7522);
#7521 = CARTESIAN_POINT('',(5.427651902177E-15,16.735889132456));
#7522 = VECTOR('',#7523,1.);
#7523 = DIRECTION('',(1.,-3.243121329987E-16));
#7524 = ( GEOMETRIC_REPRESENTATION_CONTEXT(2) 
PARAMETRIC_REPRESENTATION_CONTEXT() REPRESENTATION_CONTEXT('2D SPACE',''
  ) );
#7525 = PCURVE('',#3361,#7526);
#7526 = DEFINITIONAL_REPRESENTATION('',(#7527),#7531);
#7527 = LINE('',#7528,#7529);
#7528 = CARTESIAN_POINT('',(0.,-30.83940163215));
#7529 = VECTOR('',#7530,1.);
#7530 = DIRECTION('',(-1.,0.));
#7531 = ( GEOMETRIC_REPRESENTATION_CONTEXT(2) 
PARAMETRIC_REPRESENTATION_CONTEXT() REPRESENTATION_CONTEXT('2D SPACE',''
  ) );
#7532 = ORIENTED_EDGE('',*,*,#7533,.T.);
#7533 = EDGE_CURVE('',#7511,#3400,#7534,.T.);
#7534 = SURFACE_CURVE('',#7535,(#7540,#7547),.PCURVE_S1.);
#7535 = CIRCLE('',#7536,17.3);
#7536 = AXIS2_PLACEMENT_3D('',#7537,#7538,#7539);
#7537 = CARTESIAN_POINT('',(37.5,361.,-3.924152402116E-12));
#7538 = DIRECTION('',(-1.,3.108532283331E-16,-6.64265828938E-16));
#7539 = DIRECTION('',(-3.108532283332E-16,-1.,6.786238238021E-15));
#7540 = PCURVE('',#45,#7541);
#7541 = DEFINITIONAL_REPRESENTATION('',(#7542),#7546);
#7542 = CIRCLE('',#7543,17.3);
#7543 = AXIS2_PLACEMENT_2D('',#7544,#7545);
#7544 = CARTESIAN_POINT('',(8.855658584196E-15,-1.150961771119E-16));
#7545 = DIRECTION('',(1.,0.));
#7546 = ( GEOMETRIC_REPRESENTATION_CONTEXT(2) 
PARAMETRIC_REPRESENTATION_CONTEXT() REPRESENTATION_CONTEXT('2D SPACE',''
  ) );
#7547 = PCURVE('',#3335,#7548);
#7548 = DEFINITIONAL_REPRESENTATION('',(#7549),#7553);
#7549 = LINE('',#7550,#7551);
#7550 = CARTESIAN_POINT('',(3.14159265359,36.327082473624));
#7551 = VECTOR('',#7552,1.);
#7552 = DIRECTION('',(-1.,0.));
#7553 = ( GEOMETRIC_REPRESENTATION_CONTEXT(2) 
PARAMETRIC_REPRESENTATION_CONTEXT() REPRESENTATION_CONTEXT('2D SPACE',''
  ) );
#7554 = FACE_BOUND('',#7555,.T.);
#7555 = EDGE_LOOP('',(#7556,#7577,#7578,#7579));
#7556 = ORIENTED_EDGE('',*,*,#7557,.T.);
#7557 = EDGE_CURVE('',#3846,#3775,#7558,.T.);
#7558 = SURFACE_CURVE('',#7559,(#7563,#7570),.PCURVE_S1.);
#7559 = LINE('',#7560,#7561);
#7560 = CARTESIAN_POINT('',(37.5,361.,13.735889132452));
#7561 = VECTOR('',#7562,1.);
#7562 = DIRECTION('',(-3.108532283332E-16,-1.,6.786238238021E-15));
#7563 = PCURVE('',#45,#7564);
#7564 = DEFINITIONAL_REPRESENTATION('',(#7565),#7569);
#7565 = LINE('',#7566,#7567);
#7566 = CARTESIAN_POINT('',(0.,13.735889132456));
#7567 = VECTOR('',#7568,1.);
#7568 = DIRECTION('',(1.,0.));
#7569 = ( GEOMETRIC_REPRESENTATION_CONTEXT(2) 
PARAMETRIC_REPRESENTATION_CONTEXT() REPRESENTATION_CONTEXT('2D SPACE',''
  ) );
#7570 = PCURVE('',#3704,#7571);
#7571 = DEFINITIONAL_REPRESENTATION('',(#7572),#7576);
#7572 = LINE('',#7573,#7574);
#7573 = CARTESIAN_POINT('',(-30.83940163215,0.));
#7574 = VECTOR('',#7575,1.);
#7575 = DIRECTION('',(0.,1.));
#7576 = ( GEOMETRIC_REPRESENTATION_CONTEXT(2) 
PARAMETRIC_REPRESENTATION_CONTEXT() REPRESENTATION_CONTEXT('2D SPACE',''
  ) );
#7577 = ORIENTED_EDGE('',*,*,#3821,.T.);
#7578 = ORIENTED_EDGE('',*,*,#4274,.T.);
#7579 = ORIENTED_EDGE('',*,*,#3868,.T.);
#7580 = FACE_BOUND('',#7581,.T.);
#7581 = EDGE_LOOP('',(#7582,#7605,#7629,#7650,#7651));
#7582 = ORIENTED_EDGE('',*,*,#7583,.F.);
#7583 = EDGE_CURVE('',#7584,#1898,#7586,.T.);
#7584 = VERTEX_POINT('',#7585);
#7585 = CARTESIAN_POINT('',(37.5,372.22136305054,8.864029066277));
#7586 = SURFACE_CURVE('',#7587,(#7591,#7598),.PCURVE_S1.);
#7587 = LINE('',#7588,#7589);
#7588 = CARTESIAN_POINT('',(37.5,373.25425946355,7.074999999996));
#7589 = VECTOR('',#7590,1.);
#7590 = DIRECTION('',(7.306976968928E-16,0.5,-0.866025403784));
#7591 = PCURVE('',#45,#7592);
#7592 = DEFINITIONAL_REPRESENTATION('',(#7593),#7597);
#7593 = LINE('',#7594,#7595);
#7594 = CARTESIAN_POINT('',(-12.25425946355,7.075));
#7595 = VECTOR('',#7596,1.);
#7596 = DIRECTION('',(-0.5,-0.866025403784));
#7597 = ( GEOMETRIC_REPRESENTATION_CONTEXT(2) 
PARAMETRIC_REPRESENTATION_CONTEXT() REPRESENTATION_CONTEXT('2D SPACE',''
  ) );
#7598 = PCURVE('',#1920,#7599);
#7599 = DEFINITIONAL_REPRESENTATION('',(#7600),#7604);
#7600 = LINE('',#7601,#7602);
#7601 = CARTESIAN_POINT('',(-4.122050391133E-16,12.));
#7602 = VECTOR('',#7603,1.);
#7603 = DIRECTION('',(1.,0.));
#7604 = ( GEOMETRIC_REPRESENTATION_CONTEXT(2) 
PARAMETRIC_REPRESENTATION_CONTEXT() REPRESENTATION_CONTEXT('2D SPACE',''
  ) );
#7605 = ORIENTED_EDGE('',*,*,#7606,.F.);
#7606 = EDGE_CURVE('',#7607,#7584,#7609,.T.);
#7607 = VERTEX_POINT('',#7608);
#7608 = CARTESIAN_POINT('',(37.5,347.71284412344,-5.285970933722));
#7609 = SURFACE_CURVE('',#7610,(#7615,#7622),.PCURVE_S1.);
#7610 = CIRCLE('',#7611,14.3);
#7611 = AXIS2_PLACEMENT_3D('',#7612,#7613,#7614);
#7612 = CARTESIAN_POINT('',(37.5,361.,-3.918823331598E-12));
#7613 = DIRECTION('',(-1.,3.108532283331E-16,-6.64265828938E-16));
#7614 = DIRECTION('',(-3.108532283332E-16,-1.,6.786238238021E-15));
#7615 = PCURVE('',#45,#7616);
#7616 = DEFINITIONAL_REPRESENTATION('',(#7617),#7621);
#7617 = CIRCLE('',#7618,14.3);
#7618 = AXIS2_PLACEMENT_2D('',#7619,#7620);
#7619 = CARTESIAN_POINT('',(-2.61256128049E-17,5.213974341089E-15));
#7620 = DIRECTION('',(1.,0.));
#7621 = ( GEOMETRIC_REPRESENTATION_CONTEXT(2) 
PARAMETRIC_REPRESENTATION_CONTEXT() REPRESENTATION_CONTEXT('2D SPACE',''
  ) );
#7622 = PCURVE('',#6247,#7623);
#7623 = DEFINITIONAL_REPRESENTATION('',(#7624),#7628);
#7624 = LINE('',#7625,#7626);
#7625 = CARTESIAN_POINT('',(9.424777960769,36.327082473624));
#7626 = VECTOR('',#7627,1.);
#7627 = DIRECTION('',(-1.,0.));
#7628 = ( GEOMETRIC_REPRESENTATION_CONTEXT(2) 
PARAMETRIC_REPRESENTATION_CONTEXT() REPRESENTATION_CONTEXT('2D SPACE',''
  ) );
#7629 = ORIENTED_EDGE('',*,*,#7630,.T.);
#7630 = EDGE_CURVE('',#7607,#7236,#7631,.T.);
#7631 = SURFACE_CURVE('',#7632,(#7636,#7643),.PCURVE_S1.);
#7632 = LINE('',#7633,#7634);
#7633 = CARTESIAN_POINT('',(37.5,348.74574053645,-7.075000000004));
#7634 = VECTOR('',#7635,1.);
#7635 = DIRECTION('',(7.306976968928E-16,0.5,-0.866025403784));
#7636 = PCURVE('',#45,#7637);
#7637 = DEFINITIONAL_REPRESENTATION('',(#7638),#7642);
#7638 = LINE('',#7639,#7640);
#7639 = CARTESIAN_POINT('',(12.25425946355,-7.075));
#7640 = VECTOR('',#7641,1.);
#7641 = DIRECTION('',(-0.5,-0.866025403784));
#7642 = ( GEOMETRIC_REPRESENTATION_CONTEXT(2) 
PARAMETRIC_REPRESENTATION_CONTEXT() REPRESENTATION_CONTEXT('2D SPACE',''
  ) );
#7643 = PCURVE('',#6319,#7644);
#7644 = DEFINITIONAL_REPRESENTATION('',(#7645),#7649);
#7645 = LINE('',#7646,#7647);
#7646 = CARTESIAN_POINT('',(0.,-39.28470598827));
#7647 = VECTOR('',#7648,1.);
#7648 = DIRECTION('',(-1.,0.));
#7649 = ( GEOMETRIC_REPRESENTATION_CONTEXT(2) 
PARAMETRIC_REPRESENTATION_CONTEXT() REPRESENTATION_CONTEXT('2D SPACE',''
  ) );
#7650 = ORIENTED_EDGE('',*,*,#7258,.F.);
#7651 = ORIENTED_EDGE('',*,*,#1989,.F.);
#7652 = ADVANCED_FACE('',(#7653),#1920,.F.);
#7653 = FACE_BOUND('',#7654,.T.);
#7654 = EDGE_LOOP('',(#7655,#7656,#7677,#7678));
#7655 = ORIENTED_EDGE('',*,*,#6259,.F.);
#7656 = ORIENTED_EDGE('',*,*,#7657,.F.);
#7657 = EDGE_CURVE('',#7584,#6231,#7658,.T.);
#7658 = SURFACE_CURVE('',#7659,(#7663,#7670),.PCURVE_S1.);
#7659 = LINE('',#7660,#7661);
#7660 = CARTESIAN_POINT('',(1.172917526376,372.22136305054,
    8.864029066277));
#7661 = VECTOR('',#7662,1.);
#7662 = DIRECTION('',(1.,-3.108532283331E-16,6.64265828938E-16));
#7663 = PCURVE('',#1920,#7664);
#7664 = DEFINITIONAL_REPRESENTATION('',(#7665),#7669);
#7665 = LINE('',#7666,#7667);
#7666 = CARTESIAN_POINT('',(-2.065792826011,48.327082473624));
#7667 = VECTOR('',#7668,1.);
#7668 = DIRECTION('',(0.,-1.));
#7669 = ( GEOMETRIC_REPRESENTATION_CONTEXT(2) 
PARAMETRIC_REPRESENTATION_CONTEXT() REPRESENTATION_CONTEXT('2D SPACE',''
  ) );
#7670 = PCURVE('',#6247,#7671);
#7671 = DEFINITIONAL_REPRESENTATION('',(#7672),#7676);
#7672 = LINE('',#7673,#7674);
#7673 = CARTESIAN_POINT('',(0.668567049811,0.));
#7674 = VECTOR('',#7675,1.);
#7675 = DIRECTION('',(0.,1.));
#7676 = ( GEOMETRIC_REPRESENTATION_CONTEXT(2) 
PARAMETRIC_REPRESENTATION_CONTEXT() REPRESENTATION_CONTEXT('2D SPACE',''
  ) );
#7677 = ORIENTED_EDGE('',*,*,#7583,.T.);
#7678 = ORIENTED_EDGE('',*,*,#1897,.T.);
#7679 = ADVANCED_FACE('',(#7680),#6319,.F.);
#7680 = FACE_BOUND('',#7681,.T.);
#7681 = EDGE_LOOP('',(#7682,#7683,#7704,#7705));
#7682 = ORIENTED_EDGE('',*,*,#7630,.F.);
#7683 = ORIENTED_EDGE('',*,*,#7684,.T.);
#7684 = EDGE_CURVE('',#7607,#6229,#7685,.T.);
#7685 = SURFACE_CURVE('',#7686,(#7690,#7697),.PCURVE_S1.);
#7686 = LINE('',#7687,#7688);
#7687 = CARTESIAN_POINT('',(1.172917526376,347.71284412344,
    -5.285970933722));
#7688 = VECTOR('',#7689,1.);
#7689 = DIRECTION('',(1.,-3.108532283331E-16,6.64265828938E-16));
#7690 = PCURVE('',#6319,#7691);
#7691 = DEFINITIONAL_REPRESENTATION('',(#7692),#7696);
#7692 = LINE('',#7693,#7694);
#7693 = CARTESIAN_POINT('',(2.065792826011,-2.957623514646));
#7694 = VECTOR('',#7695,1.);
#7695 = DIRECTION('',(0.,-1.));
#7696 = ( GEOMETRIC_REPRESENTATION_CONTEXT(2) 
PARAMETRIC_REPRESENTATION_CONTEXT() REPRESENTATION_CONTEXT('2D SPACE',''
  ) );
#7697 = PCURVE('',#6247,#7698);
#7698 = DEFINITIONAL_REPRESENTATION('',(#7699),#7703);
#7699 = LINE('',#7700,#7701);
#7700 = CARTESIAN_POINT('',(3.520223154975,0.));
#7701 = VECTOR('',#7702,1.);
#7702 = DIRECTION('',(0.,1.));
#7703 = ( GEOMETRIC_REPRESENTATION_CONTEXT(2) 
PARAMETRIC_REPRESENTATION_CONTEXT() REPRESENTATION_CONTEXT('2D SPACE',''
  ) );
#7704 = ORIENTED_EDGE('',*,*,#6305,.T.);
#7705 = ORIENTED_EDGE('',*,*,#7235,.F.);
#7706 = ADVANCED_FACE('',(#7707,#7736,#7740,#7744,#7748,#7752),#1833,.F.
  );
#7707 = FACE_BOUND('',#7708,.T.);
#7708 = EDGE_LOOP('',(#7709,#7735));
#7709 = ORIENTED_EDGE('',*,*,#7710,.F.);
#7710 = EDGE_CURVE('',#1794,#1817,#7711,.T.);
#7711 = SURFACE_CURVE('',#7712,(#7717,#7728),.PCURVE_S1.);
#7712 = CIRCLE('',#7713,11.25);
#7713 = AXIS2_PLACEMENT_3D('',#7714,#7715,#7716);
#7714 = CARTESIAN_POINT('',(-2.13162820728E-14,271.,47.631397208142));
#7715 = DIRECTION('',(3.108532283332E-16,1.,-6.786238238021E-15));
#7716 = DIRECTION('',(-1.,3.108532283331E-16,-6.64265828938E-16));
#7717 = PCURVE('',#1833,#7718);
#7718 = DEFINITIONAL_REPRESENTATION('',(#7719),#7727);
#7719 = ( BOUNDED_CURVE() B_SPLINE_CURVE(2,(#7720,#7721,#7722,#7723,
#7724,#7725,#7726),.UNSPECIFIED.,.T.,.F.) B_SPLINE_CURVE_WITH_KNOTS((1,2
    ,2,2,2,1),(-2.094395102393,0.,2.094395102393,4.188790204786,
6.28318530718,8.377580409573),.UNSPECIFIED.) CURVE() 
GEOMETRIC_REPRESENTATION_ITEM() RATIONAL_B_SPLINE_CURVE((1.,0.5,1.,0.5,
1.,0.5,1.)) REPRESENTATION_ITEM('') );
#7720 = CARTESIAN_POINT('',(7.75,-19.));
#7721 = CARTESIAN_POINT('',(7.75,0.485571585149));
#7722 = CARTESIAN_POINT('',(24.625,-9.257214207425));
#7723 = CARTESIAN_POINT('',(41.5,-19.));
#7724 = CARTESIAN_POINT('',(24.625,-28.74278579257));
#7725 = CARTESIAN_POINT('',(7.75,-38.48557158515));
#7726 = CARTESIAN_POINT('',(7.75,-19.));
#7727 = ( GEOMETRIC_REPRESENTATION_CONTEXT(2) 
PARAMETRIC_REPRESENTATION_CONTEXT() REPRESENTATION_CONTEXT('2D SPACE',''
  ) );
#7728 = PCURVE('',#988,#7729);
#7729 = DEFINITIONAL_REPRESENTATION('',(#7730),#7734);
#7730 = LINE('',#7731,#7732);
#7731 = CARTESIAN_POINT('',(0.,1.5));
#7732 = VECTOR('',#7733,1.);
#7733 = DIRECTION('',(1.,0.));
#7734 = ( GEOMETRIC_REPRESENTATION_CONTEXT(2) 
PARAMETRIC_REPRESENTATION_CONTEXT() REPRESENTATION_CONTEXT('2D SPACE',''
  ) );
#7735 = ORIENTED_EDGE('',*,*,#1816,.F.);
#7736 = FACE_BOUND('',#7737,.T.);
#7737 = EDGE_LOOP('',(#7738,#7739));
#7738 = ORIENTED_EDGE('',*,*,#5881,.F.);
#7739 = ORIENTED_EDGE('',*,*,#2136,.F.);
#7740 = FACE_BOUND('',#7741,.T.);
#7741 = EDGE_LOOP('',(#7742,#7743));
#7742 = ORIENTED_EDGE('',*,*,#5824,.F.);
#7743 = ORIENTED_EDGE('',*,*,#2251,.F.);
#7744 = FACE_BOUND('',#7745,.T.);
#7745 = EDGE_LOOP('',(#7746,#7747));
#7746 = ORIENTED_EDGE('',*,*,#5767,.F.);
#7747 = ORIENTED_EDGE('',*,*,#2366,.F.);
#7748 = FACE_BOUND('',#7749,.T.);
#7749 = EDGE_LOOP('',(#7750,#7751));
#7750 = ORIENTED_EDGE('',*,*,#5710,.F.);
#7751 = ORIENTED_EDGE('',*,*,#2481,.F.);
#7752 = FACE_BOUND('',#7753,.T.);
#7753 = EDGE_LOOP('',(#7754,#7755,#7776,#7777));
#7754 = ORIENTED_EDGE('',*,*,#6040,.T.);
#7755 = ORIENTED_EDGE('',*,*,#7756,.F.);
#7756 = EDGE_CURVE('',#5374,#6018,#7757,.T.);
#7757 = SURFACE_CURVE('',#7758,(#7762,#7769),.PCURVE_S1.);
#7758 = LINE('',#7759,#7760);
#7759 = CARTESIAN_POINT('',(-19.,271.,28.631397208142));
#7760 = VECTOR('',#7761,1.);
#7761 = DIRECTION('',(1.,-3.108532283331E-16,6.64265828938E-16));
#7762 = PCURVE('',#1833,#7763);
#7763 = DEFINITIONAL_REPRESENTATION('',(#7764),#7768);
#7764 = LINE('',#7765,#7766);
#7765 = CARTESIAN_POINT('',(-0.,-38.));
#7766 = VECTOR('',#7767,1.);
#7767 = DIRECTION('',(1.,-0.));
#7768 = ( GEOMETRIC_REPRESENTATION_CONTEXT(2) 
PARAMETRIC_REPRESENTATION_CONTEXT() REPRESENTATION_CONTEXT('2D SPACE',''
  ) );
#7769 = PCURVE('',#5396,#7770);
#7770 = DEFINITIONAL_REPRESENTATION('',(#7771),#7775);
#7771 = LINE('',#7772,#7773);
#7772 = CARTESIAN_POINT('',(-68.5,90.));
#7773 = VECTOR('',#7774,1.);
#7774 = DIRECTION('',(1.,0.));
#7775 = ( GEOMETRIC_REPRESENTATION_CONTEXT(2) 
PARAMETRIC_REPRESENTATION_CONTEXT() REPRESENTATION_CONTEXT('2D SPACE',''
  ) );
#7776 = ORIENTED_EDGE('',*,*,#5464,.F.);
#7777 = ORIENTED_EDGE('',*,*,#7778,.T.);
#7778 = EDGE_CURVE('',#5437,#6041,#7779,.T.);
#7779 = SURFACE_CURVE('',#7780,(#7784,#7791),.PCURVE_S1.);
#7780 = LINE('',#7781,#7782);
#7781 = CARTESIAN_POINT('',(-19.,271.,66.631397208142));
#7782 = VECTOR('',#7783,1.);
#7783 = DIRECTION('',(1.,-3.108532283331E-16,6.64265828938E-16));
#7784 = PCURVE('',#1833,#7785);
#7785 = DEFINITIONAL_REPRESENTATION('',(#7786),#7790);
#7786 = LINE('',#7787,#7788);
#7787 = CARTESIAN_POINT('',(0.,0.));
#7788 = VECTOR('',#7789,1.);
#7789 = DIRECTION('',(1.,-0.));
#7790 = ( GEOMETRIC_REPRESENTATION_CONTEXT(2) 
PARAMETRIC_REPRESENTATION_CONTEXT() REPRESENTATION_CONTEXT('2D SPACE',''
  ) );
#7791 = PCURVE('',#5452,#7792);
#7792 = DEFINITIONAL_REPRESENTATION('',(#7793),#7797);
#7793 = LINE('',#7794,#7795);
#7794 = CARTESIAN_POINT('',(-68.5,90.));
#7795 = VECTOR('',#7796,1.);
#7796 = DIRECTION('',(1.,0.));
#7797 = ( GEOMETRIC_REPRESENTATION_CONTEXT(2) 
PARAMETRIC_REPRESENTATION_CONTEXT() REPRESENTATION_CONTEXT('2D SPACE',''
  ) );
#7798 = ADVANCED_FACE('',(#7799),#988,.F.);
#7799 = FACE_BOUND('',#7800,.F.);
#7800 = EDGE_LOOP('',(#7801,#7802,#7803,#7804,#7805,#7829,#7850,#7851,
    #7852,#7876,#7897,#7898));
#7801 = ORIENTED_EDGE('',*,*,#7710,.F.);
#7802 = ORIENTED_EDGE('',*,*,#1793,.F.);
#7803 = ORIENTED_EDGE('',*,*,#4327,.T.);
#7804 = ORIENTED_EDGE('',*,*,#1255,.T.);
#7805 = ORIENTED_EDGE('',*,*,#7806,.F.);
#7806 = EDGE_CURVE('',#7807,#1258,#7809,.T.);
#7807 = VERTEX_POINT('',#7808);
#7808 = CARTESIAN_POINT('',(-6.783919402851,266.2,56.605857500306));
#7809 = SURFACE_CURVE('',#7810,(#7815,#7822),.PCURVE_S1.);
#7810 = CIRCLE('',#7811,11.25);
#7811 = AXIS2_PLACEMENT_3D('',#7812,#7813,#7814);
#7812 = CARTESIAN_POINT('',(-2.84217094304E-14,266.2,47.631397208142));
#7813 = DIRECTION('',(-3.108532283332E-16,-1.,7.151443180332E-15));
#7814 = DIRECTION('',(-6.64265828938E-16,7.151443180332E-15,1.));
#7815 = PCURVE('',#988,#7816);
#7816 = DEFINITIONAL_REPRESENTATION('',(#7817),#7821);
#7817 = LINE('',#7818,#7819);
#7818 = CARTESIAN_POINT('',(1.570796326795,-3.3));
#7819 = VECTOR('',#7820,1.);
#7820 = DIRECTION('',(-1.,0.));
#7821 = ( GEOMETRIC_REPRESENTATION_CONTEXT(2) 
PARAMETRIC_REPRESENTATION_CONTEXT() REPRESENTATION_CONTEXT('2D SPACE',''
  ) );
#7822 = PCURVE('',#1356,#7823);
#7823 = DEFINITIONAL_REPRESENTATION('',(#7824),#7828);
#7824 = CIRCLE('',#7825,11.25);
#7825 = AXIS2_PLACEMENT_2D('',#7826,#7827);
#7826 = CARTESIAN_POINT('',(-9.899494936612,-9.899494936612));
#7827 = DIRECTION('',(1.,0.));
#7828 = ( GEOMETRIC_REPRESENTATION_CONTEXT(2) 
PARAMETRIC_REPRESENTATION_CONTEXT() REPRESENTATION_CONTEXT('2D SPACE',''
  ) );
#7829 = ORIENTED_EDGE('',*,*,#7830,.T.);
#7830 = EDGE_CURVE('',#7807,#4352,#7831,.T.);
#7831 = SURFACE_CURVE('',#7832,(#7836,#7843),.PCURVE_S1.);
#7832 = LINE('',#7833,#7834);
#7833 = CARTESIAN_POINT('',(-6.783919402851,266.55,56.605857500306));
#7834 = VECTOR('',#7835,1.);
#7835 = DIRECTION('',(-3.108532283332E-16,-1.,6.786238238021E-15));
#7836 = PCURVE('',#988,#7837);
#7837 = DEFINITIONAL_REPRESENTATION('',(#7838),#7842);
#7838 = LINE('',#7839,#7840);
#7839 = CARTESIAN_POINT('',(0.923521044865,-2.95));
#7840 = VECTOR('',#7841,1.);
#7841 = DIRECTION('',(0.,-1.));
#7842 = ( GEOMETRIC_REPRESENTATION_CONTEXT(2) 
PARAMETRIC_REPRESENTATION_CONTEXT() REPRESENTATION_CONTEXT('2D SPACE',''
  ) );
#7843 = PCURVE('',#1415,#7844);
#7844 = DEFINITIONAL_REPRESENTATION('',(#7845),#7849);
#7845 = LINE('',#7846,#7847);
#7846 = CARTESIAN_POINT('',(4.423772665036,-0.35));
#7847 = VECTOR('',#7848,1.);
#7848 = DIRECTION('',(0.,1.));
#7849 = ( GEOMETRIC_REPRESENTATION_CONTEXT(2) 
PARAMETRIC_REPRESENTATION_CONTEXT() REPRESENTATION_CONTEXT('2D SPACE',''
  ) );
#7850 = ORIENTED_EDGE('',*,*,#4379,.T.);
#7851 = ORIENTED_EDGE('',*,*,#970,.T.);
#7852 = ORIENTED_EDGE('',*,*,#7853,.F.);
#7853 = EDGE_CURVE('',#7854,#973,#7856,.T.);
#7854 = VERTEX_POINT('',#7855);
#7855 = CARTESIAN_POINT('',(8.974460292164,266.2,54.415316610993));
#7856 = SURFACE_CURVE('',#7857,(#7862,#7869),.PCURVE_S1.);
#7857 = CIRCLE('',#7858,11.25);
#7858 = AXIS2_PLACEMENT_3D('',#7859,#7860,#7861);
#7859 = CARTESIAN_POINT('',(-2.84217094304E-14,266.2,47.631397208142));
#7860 = DIRECTION('',(-3.108532283332E-16,-1.,7.151443180332E-15));
#7861 = DIRECTION('',(-6.64265828938E-16,7.151443180332E-15,1.));
#7862 = PCURVE('',#988,#7863);
#7863 = DEFINITIONAL_REPRESENTATION('',(#7864),#7868);
#7864 = LINE('',#7865,#7866);
#7865 = CARTESIAN_POINT('',(7.853981633974,-3.3));
#7866 = VECTOR('',#7867,1.);
#7867 = DIRECTION('',(-1.,0.));
#7868 = ( GEOMETRIC_REPRESENTATION_CONTEXT(2) 
PARAMETRIC_REPRESENTATION_CONTEXT() REPRESENTATION_CONTEXT('2D SPACE',''
  ) );
#7869 = PCURVE('',#955,#7870);
#7870 = DEFINITIONAL_REPRESENTATION('',(#7871),#7875);
#7871 = CIRCLE('',#7872,11.25);
#7872 = AXIS2_PLACEMENT_2D('',#7873,#7874);
#7873 = CARTESIAN_POINT('',(-9.899494936612,9.899494936612));
#7874 = DIRECTION('',(1.,0.));
#7875 = ( GEOMETRIC_REPRESENTATION_CONTEXT(2) 
PARAMETRIC_REPRESENTATION_CONTEXT() REPRESENTATION_CONTEXT('2D SPACE',''
  ) );
#7876 = ORIENTED_EDGE('',*,*,#7877,.T.);
#7877 = EDGE_CURVE('',#7854,#4404,#7878,.T.);
#7878 = SURFACE_CURVE('',#7879,(#7883,#7890),.PCURVE_S1.);
#7879 = LINE('',#7880,#7881);
#7880 = CARTESIAN_POINT('',(8.974460292164,266.55,54.415316610993));
#7881 = VECTOR('',#7882,1.);
#7882 = DIRECTION('',(-3.108532283332E-16,-1.,6.786238238021E-15));
#7883 = PCURVE('',#988,#7884);
#7884 = DEFINITIONAL_REPRESENTATION('',(#7885),#7889);
#7885 = LINE('',#7886,#7887);
#7886 = CARTESIAN_POINT('',(2.49431737166,-2.95));
#7887 = VECTOR('',#7888,1.);
#7888 = DIRECTION('',(0.,-1.));
#7889 = ( GEOMETRIC_REPRESENTATION_CONTEXT(2) 
PARAMETRIC_REPRESENTATION_CONTEXT() REPRESENTATION_CONTEXT('2D SPACE',''
  ) );
#7890 = PCURVE('',#928,#7891);
#7891 = DEFINITIONAL_REPRESENTATION('',(#7892),#7896);
#7892 = LINE('',#7893,#7894);
#7893 = CARTESIAN_POINT('',(2.852976338241,-0.35));
#7894 = VECTOR('',#7895,1.);
#7895 = DIRECTION('',(0.,1.));
#7896 = ( GEOMETRIC_REPRESENTATION_CONTEXT(2) 
PARAMETRIC_REPRESENTATION_CONTEXT() REPRESENTATION_CONTEXT('2D SPACE',''
  ) );
#7897 = ORIENTED_EDGE('',*,*,#4431,.T.);
#7898 = ORIENTED_EDGE('',*,*,#1849,.T.);
#7899 = ADVANCED_FACE('',(#7900,#7927),#1559,.T.);
#7900 = FACE_BOUND('',#7901,.T.);
#7901 = EDGE_LOOP('',(#7902,#7903,#7925,#7926));
#7902 = ORIENTED_EDGE('',*,*,#1652,.F.);
#7903 = ORIENTED_EDGE('',*,*,#7904,.T.);
#7904 = EDGE_CURVE('',#1653,#1517,#7905,.T.);
#7905 = SURFACE_CURVE('',#7906,(#7911,#7918),.PCURVE_S1.);
#7906 = CIRCLE('',#7907,3.25);
#7907 = AXIS2_PLACEMENT_3D('',#7908,#7909,#7910);
#7908 = CARTESIAN_POINT('',(9.899494936612,266.2,37.731902271531));
#7909 = DIRECTION('',(-3.108532283332E-16,-1.,7.151443180332E-15));
#7910 = DIRECTION('',(-6.64265828938E-16,7.151443180332E-15,1.));
#7911 = PCURVE('',#1559,#7912);
#7912 = DEFINITIONAL_REPRESENTATION('',(#7913),#7917);
#7913 = CIRCLE('',#7914,3.25);
#7914 = AXIS2_PLACEMENT_2D('',#7915,#7916);
#7915 = CARTESIAN_POINT('',(0.,0.));
#7916 = DIRECTION('',(1.,0.));
#7917 = ( GEOMETRIC_REPRESENTATION_CONTEXT(2) 
PARAMETRIC_REPRESENTATION_CONTEXT() REPRESENTATION_CONTEXT('2D SPACE',''
  ) );
#7918 = PCURVE('',#1532,#7919);
#7919 = DEFINITIONAL_REPRESENTATION('',(#7920),#7924);
#7920 = LINE('',#7921,#7922);
#7921 = CARTESIAN_POINT('',(4.440892098501E-16,0.));
#7922 = VECTOR('',#7923,1.);
#7923 = DIRECTION('',(1.,0.));
#7924 = ( GEOMETRIC_REPRESENTATION_CONTEXT(2) 
PARAMETRIC_REPRESENTATION_CONTEXT() REPRESENTATION_CONTEXT('2D SPACE',''
  ) );
#7925 = ORIENTED_EDGE('',*,*,#1544,.T.);
#7926 = ORIENTED_EDGE('',*,*,#1626,.T.);
#7927 = FACE_BOUND('',#7928,.T.);
#7928 = EDGE_LOOP('',(#7929,#7930));
#7929 = ORIENTED_EDGE('',*,*,#5908,.T.);
#7930 = ORIENTED_EDGE('',*,*,#2187,.T.);
#7931 = ADVANCED_FACE('',(#7932),#1532,.F.);
#7932 = FACE_BOUND('',#7933,.F.);
#7933 = EDGE_LOOP('',(#7934,#7935,#7936,#7937));
#7934 = ORIENTED_EDGE('',*,*,#4456,.F.);
#7935 = ORIENTED_EDGE('',*,*,#1676,.F.);
#7936 = ORIENTED_EDGE('',*,*,#7904,.T.);
#7937 = ORIENTED_EDGE('',*,*,#1516,.T.);
#7938 = ADVANCED_FACE('',(#7939,#7966),#1356,.T.);
#7939 = FACE_BOUND('',#7940,.T.);
#7940 = EDGE_LOOP('',(#7941,#7942,#7964,#7965));
#7941 = ORIENTED_EDGE('',*,*,#7806,.F.);
#7942 = ORIENTED_EDGE('',*,*,#7943,.T.);
#7943 = EDGE_CURVE('',#7807,#1400,#7944,.T.);
#7944 = SURFACE_CURVE('',#7945,(#7950,#7957),.PCURVE_S1.);
#7945 = CIRCLE('',#7946,3.25);
#7946 = AXIS2_PLACEMENT_3D('',#7947,#7948,#7949);
#7947 = CARTESIAN_POINT('',(-9.899494936612,266.2,57.530892144754));
#7948 = DIRECTION('',(-3.108532283332E-16,-1.,7.151443180332E-15));
#7949 = DIRECTION('',(-6.64265828938E-16,7.151443180332E-15,1.));
#7950 = PCURVE('',#1356,#7951);
#7951 = DEFINITIONAL_REPRESENTATION('',(#7952),#7956);
#7952 = CIRCLE('',#7953,3.25);
#7953 = AXIS2_PLACEMENT_2D('',#7954,#7955);
#7954 = CARTESIAN_POINT('',(0.,0.));
#7955 = DIRECTION('',(1.,0.));
#7956 = ( GEOMETRIC_REPRESENTATION_CONTEXT(2) 
PARAMETRIC_REPRESENTATION_CONTEXT() REPRESENTATION_CONTEXT('2D SPACE',''
  ) );
#7957 = PCURVE('',#1415,#7958);
#7958 = DEFINITIONAL_REPRESENTATION('',(#7959),#7963);
#7959 = LINE('',#7960,#7961);
#7960 = CARTESIAN_POINT('',(0.,-3.380938109759E-14));
#7961 = VECTOR('',#7962,1.);
#7962 = DIRECTION('',(1.,7.642657898044E-15));
#7963 = ( GEOMETRIC_REPRESENTATION_CONTEXT(2) 
PARAMETRIC_REPRESENTATION_CONTEXT() REPRESENTATION_CONTEXT('2D SPACE',''
  ) );
#7964 = ORIENTED_EDGE('',*,*,#1427,.T.);
#7965 = ORIENTED_EDGE('',*,*,#1341,.T.);
#7966 = FACE_BOUND('',#7967,.T.);
#7967 = EDGE_LOOP('',(#7968,#7969));
#7968 = ORIENTED_EDGE('',*,*,#5851,.T.);
#7969 = ORIENTED_EDGE('',*,*,#2302,.T.);
#7970 = ADVANCED_FACE('',(#7971),#1415,.F.);
#7971 = FACE_BOUND('',#7972,.F.);
#7972 = EDGE_LOOP('',(#7973,#7974,#7975,#7976));
#7973 = ORIENTED_EDGE('',*,*,#4351,.F.);
#7974 = ORIENTED_EDGE('',*,*,#7830,.F.);
#7975 = ORIENTED_EDGE('',*,*,#7943,.T.);
#7976 = ORIENTED_EDGE('',*,*,#1399,.T.);
#7977 = ADVANCED_FACE('',(#7978,#8005),#1158,.T.);
#7978 = FACE_BOUND('',#7979,.T.);
#7979 = EDGE_LOOP('',(#7980,#7981,#8003,#8004));
#7980 = ORIENTED_EDGE('',*,*,#1722,.F.);
#7981 = ORIENTED_EDGE('',*,*,#7982,.T.);
#7982 = EDGE_CURVE('',#1723,#1202,#7983,.T.);
#7983 = SURFACE_CURVE('',#7984,(#7989,#7996),.PCURVE_S1.);
#7984 = CIRCLE('',#7985,3.25);
#7985 = AXIS2_PLACEMENT_3D('',#7986,#7987,#7988);
#7986 = CARTESIAN_POINT('',(-9.899494936612,266.2,37.731902271531));
#7987 = DIRECTION('',(-3.108532283332E-16,-1.,7.151443180332E-15));
#7988 = DIRECTION('',(-6.64265828938E-16,7.151443180332E-15,1.));
#7989 = PCURVE('',#1158,#7990);
#7990 = DEFINITIONAL_REPRESENTATION('',(#7991),#7995);
#7991 = CIRCLE('',#7992,3.25);
#7992 = AXIS2_PLACEMENT_2D('',#7993,#7994);
#7993 = CARTESIAN_POINT('',(0.,0.));
#7994 = DIRECTION('',(1.,0.));
#7995 = ( GEOMETRIC_REPRESENTATION_CONTEXT(2) 
PARAMETRIC_REPRESENTATION_CONTEXT() REPRESENTATION_CONTEXT('2D SPACE',''
  ) );
#7996 = PCURVE('',#1217,#7997);
#7997 = DEFINITIONAL_REPRESENTATION('',(#7998),#8002);
#7998 = LINE('',#7999,#8000);
#7999 = CARTESIAN_POINT('',(0.,0.));
#8000 = VECTOR('',#8001,1.);
#8001 = DIRECTION('',(1.,0.));
#8002 = ( GEOMETRIC_REPRESENTATION_CONTEXT(2) 
PARAMETRIC_REPRESENTATION_CONTEXT() REPRESENTATION_CONTEXT('2D SPACE',''
  ) );
#8003 = ORIENTED_EDGE('',*,*,#1229,.T.);
#8004 = ORIENTED_EDGE('',*,*,#1143,.T.);
#8005 = FACE_BOUND('',#8006,.T.);
#8006 = EDGE_LOOP('',(#8007,#8008));
#8007 = ORIENTED_EDGE('',*,*,#5794,.T.);
#8008 = ORIENTED_EDGE('',*,*,#2417,.T.);
#8009 = ADVANCED_FACE('',(#8010),#1217,.F.);
#8010 = FACE_BOUND('',#8011,.F.);
#8011 = EDGE_LOOP('',(#8012,#8013,#8014,#8015));
#8012 = ORIENTED_EDGE('',*,*,#4300,.F.);
#8013 = ORIENTED_EDGE('',*,*,#1746,.F.);
#8014 = ORIENTED_EDGE('',*,*,#7982,.T.);
#8015 = ORIENTED_EDGE('',*,*,#1201,.T.);
#8016 = ADVANCED_FACE('',(#8017,#8044),#955,.T.);
#8017 = FACE_BOUND('',#8018,.T.);
#8018 = EDGE_LOOP('',(#8019,#8020,#8042,#8043));
#8019 = ORIENTED_EDGE('',*,*,#7853,.F.);
#8020 = ORIENTED_EDGE('',*,*,#8021,.T.);
#8021 = EDGE_CURVE('',#7854,#913,#8022,.T.);
#8022 = SURFACE_CURVE('',#8023,(#8028,#8035),.PCURVE_S1.);
#8023 = CIRCLE('',#8024,3.25);
#8024 = AXIS2_PLACEMENT_3D('',#8025,#8026,#8027);
#8025 = CARTESIAN_POINT('',(9.899494936612,266.2,57.530892144754));
#8026 = DIRECTION('',(-3.108532283332E-16,-1.,7.151443180332E-15));
#8027 = DIRECTION('',(-6.64265828938E-16,7.151443180332E-15,1.));
#8028 = PCURVE('',#955,#8029);
#8029 = DEFINITIONAL_REPRESENTATION('',(#8030),#8034);
#8030 = CIRCLE('',#8031,3.25);
#8031 = AXIS2_PLACEMENT_2D('',#8032,#8033);
#8032 = CARTESIAN_POINT('',(0.,0.));
#8033 = DIRECTION('',(1.,0.));
#8034 = ( GEOMETRIC_REPRESENTATION_CONTEXT(2) 
PARAMETRIC_REPRESENTATION_CONTEXT() REPRESENTATION_CONTEXT('2D SPACE',''
  ) );
#8035 = PCURVE('',#928,#8036);
#8036 = DEFINITIONAL_REPRESENTATION('',(#8037),#8041);
#8037 = LINE('',#8038,#8039);
#8038 = CARTESIAN_POINT('',(-4.440892098501E-16,0.));
#8039 = VECTOR('',#8040,1.);
#8040 = DIRECTION('',(1.,0.));
#8041 = ( GEOMETRIC_REPRESENTATION_CONTEXT(2) 
PARAMETRIC_REPRESENTATION_CONTEXT() REPRESENTATION_CONTEXT('2D SPACE',''
  ) );
#8042 = ORIENTED_EDGE('',*,*,#940,.T.);
#8043 = ORIENTED_EDGE('',*,*,#1027,.T.);
#8044 = FACE_BOUND('',#8045,.T.);
#8045 = EDGE_LOOP('',(#8046,#8047));
#8046 = ORIENTED_EDGE('',*,*,#5737,.T.);
#8047 = ORIENTED_EDGE('',*,*,#2532,.T.);
#8048 = ADVANCED_FACE('',(#8049),#928,.F.);
#8049 = FACE_BOUND('',#8050,.F.);
#8050 = EDGE_LOOP('',(#8051,#8052,#8053,#8054));
#8051 = ORIENTED_EDGE('',*,*,#4403,.F.);
#8052 = ORIENTED_EDGE('',*,*,#7877,.F.);
#8053 = ORIENTED_EDGE('',*,*,#8021,.T.);
#8054 = ORIENTED_EDGE('',*,*,#912,.T.);
#8055 = ADVANCED_FACE('',(#8056),#8070,.F.);
#8056 = FACE_BOUND('',#8057,.T.);
#8057 = EDGE_LOOP('',(#8058,#8088,#8116,#8144));
#8058 = ORIENTED_EDGE('',*,*,#8059,.T.);
#8059 = EDGE_CURVE('',#8060,#8062,#8064,.T.);
#8060 = VERTEX_POINT('',#8061);
#8061 = CARTESIAN_POINT('',(-2.13162820728E-14,295.,66.631397208142));
#8062 = VERTEX_POINT('',#8063);
#8063 = CARTESIAN_POINT('',(-2.13162820728E-14,295.,69.631397208142));
#8064 = SURFACE_CURVE('',#8065,(#8069,#8081),.PCURVE_S1.);
#8065 = LINE('',#8066,#8067);
#8066 = CARTESIAN_POINT('',(-2.13162820728E-14,295.,70.631397208142));
#8067 = VECTOR('',#8068,1.);
#8068 = DIRECTION('',(-4.51554695121E-16,6.786238238021E-15,1.));
#8069 = PCURVE('',#8070,#8075);
#8070 = PLANE('',#8071);
#8071 = AXIS2_PLACEMENT_3D('',#8072,#8073,#8074);
#8072 = CARTESIAN_POINT('',(-19.,276.,70.631397208142));
#8073 = DIRECTION('',(0.707106781187,-0.707106781187,5.117892463849E-15)
  );
#8074 = DIRECTION('',(0.707106781187,0.707106781187,-4.3288882047E-15));
#8075 = DEFINITIONAL_REPRESENTATION('',(#8076),#8080);
#8076 = LINE('',#8077,#8078);
#8077 = CARTESIAN_POINT('',(26.870057685089,0.));
#8078 = VECTOR('',#8079,1.);
#8079 = DIRECTION('',(1.504094851559E-16,1.));
#8080 = ( GEOMETRIC_REPRESENTATION_CONTEXT(2) 
PARAMETRIC_REPRESENTATION_CONTEXT() REPRESENTATION_CONTEXT('2D SPACE',''
  ) );
#8081 = PCURVE('',#5424,#8082);
#8082 = DEFINITIONAL_REPRESENTATION('',(#8083),#8087);
#8083 = LINE('',#8084,#8085);
#8084 = CARTESIAN_POINT('',(23.,46.));
#8085 = VECTOR('',#8086,1.);
#8086 = DIRECTION('',(2.12711133817E-16,1.));
#8087 = ( GEOMETRIC_REPRESENTATION_CONTEXT(2) 
PARAMETRIC_REPRESENTATION_CONTEXT() REPRESENTATION_CONTEXT('2D SPACE',''
  ) );
#8088 = ORIENTED_EDGE('',*,*,#8089,.T.);
#8089 = EDGE_CURVE('',#8062,#8090,#8092,.T.);
#8090 = VERTEX_POINT('',#8091);
#8091 = CARTESIAN_POINT('',(14.,309.,69.631397208142));
#8092 = SURFACE_CURVE('',#8093,(#8097,#8104),.PCURVE_S1.);
#8093 = LINE('',#8094,#8095);
#8094 = CARTESIAN_POINT('',(-19.,276.,69.631397208142));
#8095 = VECTOR('',#8096,1.);
#8096 = DIRECTION('',(0.707106781187,0.707106781187,-4.3288882047E-15));
#8097 = PCURVE('',#8070,#8098);
#8098 = DEFINITIONAL_REPRESENTATION('',(#8099),#8103);
#8099 = LINE('',#8100,#8101);
#8100 = CARTESIAN_POINT('',(-0.,-1.));
#8101 = VECTOR('',#8102,1.);
#8102 = DIRECTION('',(1.,0.));
#8103 = ( GEOMETRIC_REPRESENTATION_CONTEXT(2) 
PARAMETRIC_REPRESENTATION_CONTEXT() REPRESENTATION_CONTEXT('2D SPACE',''
  ) );
#8104 = PCURVE('',#8105,#8110);
#8105 = PLANE('',#8106);
#8106 = AXIS2_PLACEMENT_3D('',#8107,#8108,#8109);
#8107 = CARTESIAN_POINT('',(58.457106781187,352.04289321881,
    70.631397208142));
#8108 = DIRECTION('',(0.5,-0.5,-0.707106781187));
#8109 = DIRECTION('',(-0.707106781187,-0.707106781187,4.3288882047E-15)
  );
#8110 = DEFINITIONAL_REPRESENTATION('',(#8111),#8115);
#8111 = LINE('',#8112,#8113);
#8112 = CARTESIAN_POINT('',(108.54089091213,1.414213562373));
#8113 = VECTOR('',#8114,1.);
#8114 = DIRECTION('',(-1.,0.));
#8115 = ( GEOMETRIC_REPRESENTATION_CONTEXT(2) 
PARAMETRIC_REPRESENTATION_CONTEXT() REPRESENTATION_CONTEXT('2D SPACE',''
  ) );
#8116 = ORIENTED_EDGE('',*,*,#8117,.T.);
#8117 = EDGE_CURVE('',#8090,#8118,#8120,.T.);
#8118 = VERTEX_POINT('',#8119);
#8119 = CARTESIAN_POINT('',(14.,309.,66.631397208142));
#8120 = SURFACE_CURVE('',#8121,(#8125,#8132),.PCURVE_S1.);
#8121 = LINE('',#8122,#8123);
#8122 = CARTESIAN_POINT('',(14.,309.,70.631397208142));
#8123 = VECTOR('',#8124,1.);
#8124 = DIRECTION('',(6.64265828938E-16,-6.573527104204E-15,-1.));
#8125 = PCURVE('',#8070,#8126);
#8126 = DEFINITIONAL_REPRESENTATION('',(#8127),#8131);
#8127 = LINE('',#8128,#8129);
#8128 = CARTESIAN_POINT('',(46.669047558312,0.));
#8129 = VECTOR('',#8130,1.);
#8130 = DIRECTION('',(1.504094851559E-16,-1.));
#8131 = ( GEOMETRIC_REPRESENTATION_CONTEXT(2) 
PARAMETRIC_REPRESENTATION_CONTEXT() REPRESENTATION_CONTEXT('2D SPACE',''
  ) );
#8132 = PCURVE('',#8133,#8138);
#8133 = PLANE('',#8134);
#8134 = AXIS2_PLACEMENT_3D('',#8135,#8136,#8137);
#8135 = CARTESIAN_POINT('',(14.,309.,97.03215477303));
#8136 = DIRECTION('',(1.,-3.108532283331E-16,6.64265828938E-16));
#8137 = DIRECTION('',(3.108532283332E-16,1.,-6.786238238021E-15));
#8138 = DEFINITIONAL_REPRESENTATION('',(#8139),#8143);
#8139 = LINE('',#8140,#8141);
#8140 = CARTESIAN_POINT('',(7.105427357601E-15,-26.40075756488));
#8141 = VECTOR('',#8142,1.);
#8142 = DIRECTION('',(2.12711133817E-16,-1.));
#8143 = ( GEOMETRIC_REPRESENTATION_CONTEXT(2) 
PARAMETRIC_REPRESENTATION_CONTEXT() REPRESENTATION_CONTEXT('2D SPACE',''
  ) );
#8144 = ORIENTED_EDGE('',*,*,#8145,.T.);
#8145 = EDGE_CURVE('',#8118,#8060,#8146,.T.);
#8146 = SURFACE_CURVE('',#8147,(#8151,#8158),.PCURVE_S1.);
#8147 = LINE('',#8148,#8149);
#8148 = CARTESIAN_POINT('',(-19.,276.,66.631397208142));
#8149 = VECTOR('',#8150,1.);
#8150 = DIRECTION('',(-0.707106781187,-0.707106781187,4.3288882047E-15)
  );
#8151 = PCURVE('',#8070,#8152);
#8152 = DEFINITIONAL_REPRESENTATION('',(#8153),#8157);
#8153 = LINE('',#8154,#8155);
#8154 = CARTESIAN_POINT('',(-0.,-4.));
#8155 = VECTOR('',#8156,1.);
#8156 = DIRECTION('',(-1.,0.));
#8157 = ( GEOMETRIC_REPRESENTATION_CONTEXT(2) 
PARAMETRIC_REPRESENTATION_CONTEXT() REPRESENTATION_CONTEXT('2D SPACE',''
  ) );
#8158 = PCURVE('',#5452,#8159);
#8159 = DEFINITIONAL_REPRESENTATION('',(#8160),#8164);
#8160 = LINE('',#8161,#8162);
#8161 = CARTESIAN_POINT('',(-68.5,85.));
#8162 = VECTOR('',#8163,1.);
#8163 = DIRECTION('',(-0.707106781187,0.707106781187));
#8164 = ( GEOMETRIC_REPRESENTATION_CONTEXT(2) 
PARAMETRIC_REPRESENTATION_CONTEXT() REPRESENTATION_CONTEXT('2D SPACE',''
  ) );
#8165 = ADVANCED_FACE('',(#8166),#8180,.F.);
#8166 = FACE_BOUND('',#8167,.T.);
#8167 = EDGE_LOOP('',(#8168,#8198,#8226,#8254,#8282,#8305,#8333,#8361));
#8168 = ORIENTED_EDGE('',*,*,#8169,.T.);
#8169 = EDGE_CURVE('',#8170,#8172,#8174,.T.);
#8170 = VERTEX_POINT('',#8171);
#8171 = CARTESIAN_POINT('',(20.,266.,70.631397208142));
#8172 = VERTEX_POINT('',#8173);
#8173 = CARTESIAN_POINT('',(20.,332.,70.631397208142));
#8174 = SURFACE_CURVE('',#8175,(#8179,#8191),.PCURVE_S1.);
#8175 = LINE('',#8176,#8177);
#8176 = CARTESIAN_POINT('',(20.,361.,70.631397208142));
#8177 = VECTOR('',#8178,1.);
#8178 = DIRECTION('',(3.108532283332E-16,1.,-6.786238238021E-15));
#8179 = PCURVE('',#8180,#8185);
#8180 = PLANE('',#8181);
#8181 = AXIS2_PLACEMENT_3D('',#8182,#8183,#8184);
#8182 = CARTESIAN_POINT('',(49.5,361.,70.631397208142));
#8183 = DIRECTION('',(6.64265828938E-16,-6.786238238021E-15,-1.));
#8184 = DIRECTION('',(1.,-3.108532283331E-16,6.64265828938E-16));
#8185 = DEFINITIONAL_REPRESENTATION('',(#8186),#8190);
#8186 = LINE('',#8187,#8188);
#8187 = CARTESIAN_POINT('',(-29.5,0.));
#8188 = VECTOR('',#8189,1.);
#8189 = DIRECTION('',(-0.,-1.));
#8190 = ( GEOMETRIC_REPRESENTATION_CONTEXT(2) 
PARAMETRIC_REPRESENTATION_CONTEXT() REPRESENTATION_CONTEXT('2D SPACE',''
  ) );
#8191 = PCURVE('',#5511,#8192);
#8192 = DEFINITIONAL_REPRESENTATION('',(#8193),#8197);
#8193 = LINE('',#8194,#8195);
#8194 = CARTESIAN_POINT('',(1.570796326795,0.));
#8195 = VECTOR('',#8196,1.);
#8196 = DIRECTION('',(0.,1.));
#8197 = ( GEOMETRIC_REPRESENTATION_CONTEXT(2) 
PARAMETRIC_REPRESENTATION_CONTEXT() REPRESENTATION_CONTEXT('2D SPACE',''
  ) );
#8198 = ORIENTED_EDGE('',*,*,#8199,.T.);
#8199 = EDGE_CURVE('',#8172,#8200,#8202,.T.);
#8200 = VERTEX_POINT('',#8201);
#8201 = CARTESIAN_POINT('',(19.414213562373,332.,70.631397208142));
#8202 = SURFACE_CURVE('',#8203,(#8207,#8214),.PCURVE_S1.);
#8203 = LINE('',#8204,#8205);
#8204 = CARTESIAN_POINT('',(49.5,332.,70.631397208142));
#8205 = VECTOR('',#8206,1.);
#8206 = DIRECTION('',(-1.,3.108532283331E-16,-6.64265828938E-16));
#8207 = PCURVE('',#8180,#8208);
#8208 = DEFINITIONAL_REPRESENTATION('',(#8209),#8213);
#8209 = LINE('',#8210,#8211);
#8210 = CARTESIAN_POINT('',(0.,29.));
#8211 = VECTOR('',#8212,1.);
#8212 = DIRECTION('',(-1.,0.));
#8213 = ( GEOMETRIC_REPRESENTATION_CONTEXT(2) 
PARAMETRIC_REPRESENTATION_CONTEXT() REPRESENTATION_CONTEXT('2D SPACE',''
  ) );
#8214 = PCURVE('',#8215,#8220);
#8215 = PLANE('',#8216);
#8216 = AXIS2_PLACEMENT_3D('',#8217,#8218,#8219);
#8217 = CARTESIAN_POINT('',(25.,333.,69.631397208142));
#8218 = DIRECTION('',(2.499004464445E-16,-0.707106781187,-0.707106781187
    ));
#8219 = DIRECTION('',(1.,-3.108532283331E-16,6.64265828938E-16));
#8220 = DEFINITIONAL_REPRESENTATION('',(#8221),#8225);
#8221 = LINE('',#8222,#8223);
#8222 = CARTESIAN_POINT('',(24.5,1.414213562373));
#8223 = VECTOR('',#8224,1.);
#8224 = DIRECTION('',(-1.,0.));
#8225 = ( GEOMETRIC_REPRESENTATION_CONTEXT(2) 
PARAMETRIC_REPRESENTATION_CONTEXT() REPRESENTATION_CONTEXT('2D SPACE',''
  ) );
#8226 = ORIENTED_EDGE('',*,*,#8227,.T.);
#8227 = EDGE_CURVE('',#8200,#8228,#8230,.T.);
#8228 = VERTEX_POINT('',#8229);
#8229 = CARTESIAN_POINT('',(15.,327.58578643762,70.631397208142));
#8230 = SURFACE_CURVE('',#8231,(#8235,#8242),.PCURVE_S1.);
#8231 = LINE('',#8232,#8233);
#8232 = CARTESIAN_POINT('',(14.707106781187,327.29289321881,
    70.631397208142));
#8233 = VECTOR('',#8234,1.);
#8234 = DIRECTION('',(-0.707106781187,-0.707106781187,4.3288882047E-15)
  );
#8235 = PCURVE('',#8180,#8236);
#8236 = DEFINITIONAL_REPRESENTATION('',(#8237),#8241);
#8237 = LINE('',#8238,#8239);
#8238 = CARTESIAN_POINT('',(-34.79289321881,33.707106781187));
#8239 = VECTOR('',#8240,1.);
#8240 = DIRECTION('',(-0.707106781187,0.707106781187));
#8241 = ( GEOMETRIC_REPRESENTATION_CONTEXT(2) 
PARAMETRIC_REPRESENTATION_CONTEXT() REPRESENTATION_CONTEXT('2D SPACE',''
  ) );
#8242 = PCURVE('',#8243,#8248);
#8243 = PLANE('',#8244);
#8244 = AXIS2_PLACEMENT_3D('',#8245,#8246,#8247);
#8245 = CARTESIAN_POINT('',(48.957106781187,361.54289321881,
    70.631397208142));
#8246 = DIRECTION('',(0.5,-0.5,-0.707106781187));
#8247 = DIRECTION('',(-0.707106781187,-0.707106781187,4.245621477853E-15
    ));
#8248 = DEFINITIONAL_REPRESENTATION('',(#8249),#8253);
#8249 = LINE('',#8250,#8251);
#8250 = CARTESIAN_POINT('',(48.436814511278,0.));
#8251 = VECTOR('',#8252,1.);
#8252 = DIRECTION('',(1.,-5.551115123126E-17));
#8253 = ( GEOMETRIC_REPRESENTATION_CONTEXT(2) 
PARAMETRIC_REPRESENTATION_CONTEXT() REPRESENTATION_CONTEXT('2D SPACE',''
  ) );
#8254 = ORIENTED_EDGE('',*,*,#8255,.T.);
#8255 = EDGE_CURVE('',#8228,#8256,#8258,.T.);
#8256 = VERTEX_POINT('',#8257);
#8257 = CARTESIAN_POINT('',(15.,308.58578643762,70.631397208142));
#8258 = SURFACE_CURVE('',#8259,(#8263,#8270),.PCURVE_S1.);
#8259 = LINE('',#8260,#8261);
#8260 = CARTESIAN_POINT('',(15.,361.,70.631397208142));
#8261 = VECTOR('',#8262,1.);
#8262 = DIRECTION('',(-3.108532283332E-16,-1.,6.786238238021E-15));
#8263 = PCURVE('',#8180,#8264);
#8264 = DEFINITIONAL_REPRESENTATION('',(#8265),#8269);
#8265 = LINE('',#8266,#8267);
#8266 = CARTESIAN_POINT('',(-34.5,0.));
#8267 = VECTOR('',#8268,1.);
#8268 = DIRECTION('',(0.,1.));
#8269 = ( GEOMETRIC_REPRESENTATION_CONTEXT(2) 
PARAMETRIC_REPRESENTATION_CONTEXT() REPRESENTATION_CONTEXT('2D SPACE',''
  ) );
#8270 = PCURVE('',#8271,#8276);
#8271 = PLANE('',#8272);
#8272 = AXIS2_PLACEMENT_3D('',#8273,#8274,#8275);
#8273 = CARTESIAN_POINT('',(14.,309.,69.631397208142));
#8274 = DIRECTION('',(0.707106781187,-5.01840150256E-15,-0.707106781187)
  );
#8275 = DIRECTION('',(3.108532283332E-16,1.,-6.786238238021E-15));
#8276 = DEFINITIONAL_REPRESENTATION('',(#8277),#8281);
#8277 = LINE('',#8278,#8279);
#8278 = CARTESIAN_POINT('',(52.,1.414213562373));
#8279 = VECTOR('',#8280,1.);
#8280 = DIRECTION('',(-1.,0.));
#8281 = ( GEOMETRIC_REPRESENTATION_CONTEXT(2) 
PARAMETRIC_REPRESENTATION_CONTEXT() REPRESENTATION_CONTEXT('2D SPACE',''
  ) );
#8282 = ORIENTED_EDGE('',*,*,#8283,.T.);
#8283 = EDGE_CURVE('',#8256,#8284,#8286,.T.);
#8284 = VERTEX_POINT('',#8285);
#8285 = CARTESIAN_POINT('',(0.414213562373,294.,70.631397208142));
#8286 = SURFACE_CURVE('',#8287,(#8291,#8298),.PCURVE_S1.);
#8287 = LINE('',#8288,#8289);
#8288 = CARTESIAN_POINT('',(58.457106781187,352.04289321881,
    70.631397208142));
#8289 = VECTOR('',#8290,1.);
#8290 = DIRECTION('',(-0.707106781187,-0.707106781187,4.3288882047E-15)
  );
#8291 = PCURVE('',#8180,#8292);
#8292 = DEFINITIONAL_REPRESENTATION('',(#8293),#8297);
#8293 = LINE('',#8294,#8295);
#8294 = CARTESIAN_POINT('',(8.957106781187,8.957106781187));
#8295 = VECTOR('',#8296,1.);
#8296 = DIRECTION('',(-0.707106781187,0.707106781187));
#8297 = ( GEOMETRIC_REPRESENTATION_CONTEXT(2) 
PARAMETRIC_REPRESENTATION_CONTEXT() REPRESENTATION_CONTEXT('2D SPACE',''
  ) );
#8298 = PCURVE('',#8105,#8299);
#8299 = DEFINITIONAL_REPRESENTATION('',(#8300),#8304);
#8300 = LINE('',#8301,#8302);
#8301 = CARTESIAN_POINT('',(0.,-1.7763568394E-15));
#8302 = VECTOR('',#8303,1.);
#8303 = DIRECTION('',(1.,0.));
#8304 = ( GEOMETRIC_REPRESENTATION_CONTEXT(2) 
PARAMETRIC_REPRESENTATION_CONTEXT() REPRESENTATION_CONTEXT('2D SPACE',''
  ) );
#8305 = ORIENTED_EDGE('',*,*,#8306,.T.);
#8306 = EDGE_CURVE('',#8284,#8307,#8309,.T.);
#8307 = VERTEX_POINT('',#8308);
#8308 = CARTESIAN_POINT('',(-18.,294.,70.631397208142));
#8309 = SURFACE_CURVE('',#8310,(#8314,#8321),.PCURVE_S1.);
#8310 = LINE('',#8311,#8312);
#8311 = CARTESIAN_POINT('',(49.5,294.,70.631397208142));
#8312 = VECTOR('',#8313,1.);
#8313 = DIRECTION('',(-1.,3.108532283331E-16,-6.64265828938E-16));
#8314 = PCURVE('',#8180,#8315);
#8315 = DEFINITIONAL_REPRESENTATION('',(#8316),#8320);
#8316 = LINE('',#8317,#8318);
#8317 = CARTESIAN_POINT('',(0.,67.));
#8318 = VECTOR('',#8319,1.);
#8319 = DIRECTION('',(-1.,0.));
#8320 = ( GEOMETRIC_REPRESENTATION_CONTEXT(2) 
PARAMETRIC_REPRESENTATION_CONTEXT() REPRESENTATION_CONTEXT('2D SPACE',''
  ) );
#8321 = PCURVE('',#8322,#8327);
#8322 = PLANE('',#8323);
#8323 = AXIS2_PLACEMENT_3D('',#8324,#8325,#8326);
#8324 = CARTESIAN_POINT('',(-23.,295.,69.631397208142));
#8325 = DIRECTION('',(2.499004464445E-16,-0.707106781187,-0.707106781187
    ));
#8326 = DIRECTION('',(1.,-3.108532283331E-16,6.64265828938E-16));
#8327 = DEFINITIONAL_REPRESENTATION('',(#8328),#8332);
#8328 = LINE('',#8329,#8330);
#8329 = CARTESIAN_POINT('',(72.5,1.414213562373));
#8330 = VECTOR('',#8331,1.);
#8331 = DIRECTION('',(-1.,0.));
#8332 = ( GEOMETRIC_REPRESENTATION_CONTEXT(2) 
PARAMETRIC_REPRESENTATION_CONTEXT() REPRESENTATION_CONTEXT('2D SPACE',''
  ) );
#8333 = ORIENTED_EDGE('',*,*,#8334,.T.);
#8334 = EDGE_CURVE('',#8307,#8335,#8337,.T.);
#8335 = VERTEX_POINT('',#8336);
#8336 = CARTESIAN_POINT('',(-18.,266.,70.631397208142));
#8337 = SURFACE_CURVE('',#8338,(#8342,#8349),.PCURVE_S1.);
#8338 = LINE('',#8339,#8340);
#8339 = CARTESIAN_POINT('',(-18.,265.,70.631397208142));
#8340 = VECTOR('',#8341,1.);
#8341 = DIRECTION('',(-3.108532283332E-16,-1.,6.786238238021E-15));
#8342 = PCURVE('',#8180,#8343);
#8343 = DEFINITIONAL_REPRESENTATION('',(#8344),#8348);
#8344 = LINE('',#8345,#8346);
#8345 = CARTESIAN_POINT('',(-67.5,96.));
#8346 = VECTOR('',#8347,1.);
#8347 = DIRECTION('',(0.,1.));
#8348 = ( GEOMETRIC_REPRESENTATION_CONTEXT(2) 
PARAMETRIC_REPRESENTATION_CONTEXT() REPRESENTATION_CONTEXT('2D SPACE',''
  ) );
#8349 = PCURVE('',#8350,#8355);
#8350 = CYLINDRICAL_SURFACE('',#8351,5.);
#8351 = AXIS2_PLACEMENT_3D('',#8352,#8353,#8354);
#8352 = CARTESIAN_POINT('',(-18.,361.,65.631397208142));
#8353 = DIRECTION('',(-3.108532283332E-16,-1.,6.786238238021E-15));
#8354 = DIRECTION('',(1.,-3.108532283331E-16,6.64265828938E-16));
#8355 = DEFINITIONAL_REPRESENTATION('',(#8356),#8360);
#8356 = LINE('',#8357,#8358);
#8357 = CARTESIAN_POINT('',(1.570796326795,96.));
#8358 = VECTOR('',#8359,1.);
#8359 = DIRECTION('',(0.,1.));
#8360 = ( GEOMETRIC_REPRESENTATION_CONTEXT(2) 
PARAMETRIC_REPRESENTATION_CONTEXT() REPRESENTATION_CONTEXT('2D SPACE',''
  ) );
#8361 = ORIENTED_EDGE('',*,*,#8362,.T.);
#8362 = EDGE_CURVE('',#8335,#8170,#8363,.T.);
#8363 = SURFACE_CURVE('',#8364,(#8368,#8375),.PCURVE_S1.);
#8364 = LINE('',#8365,#8366);
#8365 = CARTESIAN_POINT('',(49.5,266.,70.631397208143));
#8366 = VECTOR('',#8367,1.);
#8367 = DIRECTION('',(1.,-3.108532283331E-16,6.64265828938E-16));
#8368 = PCURVE('',#8180,#8369);
#8369 = DEFINITIONAL_REPRESENTATION('',(#8370),#8374);
#8370 = LINE('',#8371,#8372);
#8371 = CARTESIAN_POINT('',(0.,95.));
#8372 = VECTOR('',#8373,1.);
#8373 = DIRECTION('',(1.,0.));
#8374 = ( GEOMETRIC_REPRESENTATION_CONTEXT(2) 
PARAMETRIC_REPRESENTATION_CONTEXT() REPRESENTATION_CONTEXT('2D SPACE',''
  ) );
#8375 = PCURVE('',#4660,#8376);
#8376 = DEFINITIONAL_REPRESENTATION('',(#8377),#8381);
#8377 = LINE('',#8378,#8379);
#8378 = CARTESIAN_POINT('',(0.,0.));
#8379 = VECTOR('',#8380,1.);
#8380 = DIRECTION('',(1.,0.));
#8381 = ( GEOMETRIC_REPRESENTATION_CONTEXT(2) 
PARAMETRIC_REPRESENTATION_CONTEXT() REPRESENTATION_CONTEXT('2D SPACE',''
  ) );
#8382 = ADVANCED_FACE('',(#8383),#5452,.T.);
#8383 = FACE_BOUND('',#8384,.T.);
#8384 = EDGE_LOOP('',(#8385,#8408,#8434,#8435,#8436,#8437,#8458));
#8385 = ORIENTED_EDGE('',*,*,#8386,.F.);
#8386 = EDGE_CURVE('',#8387,#8118,#8389,.T.);
#8387 = VERTEX_POINT('',#8388);
#8388 = CARTESIAN_POINT('',(14.,328.,66.631397208142));
#8389 = SURFACE_CURVE('',#8390,(#8394,#8401),.PCURVE_S1.);
#8390 = LINE('',#8391,#8392);
#8391 = CARTESIAN_POINT('',(14.,309.,66.631397208142));
#8392 = VECTOR('',#8393,1.);
#8393 = DIRECTION('',(-3.108532283332E-16,-1.,6.207997079362E-15));
#8394 = PCURVE('',#5452,#8395);
#8395 = DEFINITIONAL_REPRESENTATION('',(#8396),#8400);
#8396 = LINE('',#8397,#8398);
#8397 = CARTESIAN_POINT('',(-35.5,52.));
#8398 = VECTOR('',#8399,1.);
#8399 = DIRECTION('',(0.,1.));
#8400 = ( GEOMETRIC_REPRESENTATION_CONTEXT(2) 
PARAMETRIC_REPRESENTATION_CONTEXT() REPRESENTATION_CONTEXT('2D SPACE',''
  ) );
#8401 = PCURVE('',#8133,#8402);
#8402 = DEFINITIONAL_REPRESENTATION('',(#8403),#8407);
#8403 = LINE('',#8404,#8405);
#8404 = CARTESIAN_POINT('',(7.105427357601E-15,-30.40075756488));
#8405 = VECTOR('',#8406,1.);
#8406 = DIRECTION('',(-1.,-5.782411586589E-16));
#8407 = ( GEOMETRIC_REPRESENTATION_CONTEXT(2) 
PARAMETRIC_REPRESENTATION_CONTEXT() REPRESENTATION_CONTEXT('2D SPACE',''
  ) );
#8408 = ORIENTED_EDGE('',*,*,#8409,.T.);
#8409 = EDGE_CURVE('',#8387,#6064,#8410,.T.);
#8410 = SURFACE_CURVE('',#8411,(#8415,#8422),.PCURVE_S1.);
#8411 = LINE('',#8412,#8413);
#8412 = CARTESIAN_POINT('',(48.25,362.25,66.631397208142));
#8413 = VECTOR('',#8414,1.);
#8414 = DIRECTION('',(0.707106781187,0.707106781187,-4.3288882047E-15));
#8415 = PCURVE('',#5452,#8416);
#8416 = DEFINITIONAL_REPRESENTATION('',(#8417),#8421);
#8417 = LINE('',#8418,#8419);
#8418 = CARTESIAN_POINT('',(-1.25,-1.25));
#8419 = VECTOR('',#8420,1.);
#8420 = DIRECTION('',(0.707106781187,-0.707106781187));
#8421 = ( GEOMETRIC_REPRESENTATION_CONTEXT(2) 
PARAMETRIC_REPRESENTATION_CONTEXT() REPRESENTATION_CONTEXT('2D SPACE',''
  ) );
#8422 = PCURVE('',#8423,#8428);
#8423 = PLANE('',#8424);
#8424 = AXIS2_PLACEMENT_3D('',#8425,#8426,#8427);
#8425 = CARTESIAN_POINT('',(14.,328.,97.03215477303));
#8426 = DIRECTION('',(0.707106781187,-0.707106781187,5.117892463849E-15)
  );
#8427 = DIRECTION('',(6.64265828938E-16,-6.573527104204E-15,-1.));
#8428 = DEFINITIONAL_REPRESENTATION('',(#8429),#8433);
#8429 = LINE('',#8430,#8431);
#8430 = CARTESIAN_POINT('',(30.400757564888,48.436814511278));
#8431 = VECTOR('',#8432,1.);
#8432 = DIRECTION('',(1.504094851559E-16,1.));
#8433 = ( GEOMETRIC_REPRESENTATION_CONTEXT(2) 
PARAMETRIC_REPRESENTATION_CONTEXT() REPRESENTATION_CONTEXT('2D SPACE',''
  ) );
#8434 = ORIENTED_EDGE('',*,*,#6063,.T.);
#8435 = ORIENTED_EDGE('',*,*,#7778,.F.);
#8436 = ORIENTED_EDGE('',*,*,#5436,.F.);
#8437 = ORIENTED_EDGE('',*,*,#8438,.F.);
#8438 = EDGE_CURVE('',#8060,#5409,#8439,.T.);
#8439 = SURFACE_CURVE('',#8440,(#8444,#8451),.PCURVE_S1.);
#8440 = LINE('',#8441,#8442);
#8441 = CARTESIAN_POINT('',(-23.,295.,66.631397208142));
#8442 = VECTOR('',#8443,1.);
#8443 = DIRECTION('',(-1.,3.108532283331E-16,-6.64265828938E-16));
#8444 = PCURVE('',#5452,#8445);
#8445 = DEFINITIONAL_REPRESENTATION('',(#8446),#8450);
#8446 = LINE('',#8447,#8448);
#8447 = CARTESIAN_POINT('',(-72.5,66.));
#8448 = VECTOR('',#8449,1.);
#8449 = DIRECTION('',(-1.,0.));
#8450 = ( GEOMETRIC_REPRESENTATION_CONTEXT(2) 
PARAMETRIC_REPRESENTATION_CONTEXT() REPRESENTATION_CONTEXT('2D SPACE',''
  ) );
#8451 = PCURVE('',#5424,#8452);
#8452 = DEFINITIONAL_REPRESENTATION('',(#8453),#8457);
#8453 = LINE('',#8454,#8455);
#8454 = CARTESIAN_POINT('',(0.,42.));
#8455 = VECTOR('',#8456,1.);
#8456 = DIRECTION('',(-1.,0.));
#8457 = ( GEOMETRIC_REPRESENTATION_CONTEXT(2) 
PARAMETRIC_REPRESENTATION_CONTEXT() REPRESENTATION_CONTEXT('2D SPACE',''
  ) );
#8458 = ORIENTED_EDGE('',*,*,#8145,.F.);
#8459 = ADVANCED_FACE('',(#8460),#5396,.F.);
#8460 = FACE_BOUND('',#8461,.T.);
#8461 = EDGE_LOOP('',(#8462,#8463,#8491,#8519,#8547,#8568,#8569));
#8462 = ORIENTED_EDGE('',*,*,#6017,.T.);
#8463 = ORIENTED_EDGE('',*,*,#8464,.T.);
#8464 = EDGE_CURVE('',#5169,#8465,#8467,.T.);
#8465 = VERTEX_POINT('',#8466);
#8466 = CARTESIAN_POINT('',(14.,314.7568421935,28.631397208142));
#8467 = SURFACE_CURVE('',#8468,(#8472,#8479),.PCURVE_S1.);
#8468 = LINE('',#8469,#8470);
#8469 = CARTESIAN_POINT('',(19.,319.7568421935,28.631397208142));
#8470 = VECTOR('',#8471,1.);
#8471 = DIRECTION('',(-0.707106781187,-0.707106781187,4.3288882047E-15)
  );
#8472 = PCURVE('',#5396,#8473);
#8473 = DEFINITIONAL_REPRESENTATION('',(#8474),#8478);
#8474 = LINE('',#8475,#8476);
#8475 = CARTESIAN_POINT('',(-30.5,41.2431578065));
#8476 = VECTOR('',#8477,1.);
#8477 = DIRECTION('',(-0.707106781187,0.707106781187));
#8478 = ( GEOMETRIC_REPRESENTATION_CONTEXT(2) 
PARAMETRIC_REPRESENTATION_CONTEXT() REPRESENTATION_CONTEXT('2D SPACE',''
  ) );
#8479 = PCURVE('',#8480,#8485);
#8480 = PLANE('',#8481);
#8481 = AXIS2_PLACEMENT_3D('',#8482,#8483,#8484);
#8482 = CARTESIAN_POINT('',(19.,319.7568421935,9.246025780196));
#8483 = DIRECTION('',(0.707106781187,-0.707106781187,5.134877453959E-15)
  );
#8484 = DIRECTION('',(-6.64265828938E-16,6.597547507574E-15,1.));
#8485 = DEFINITIONAL_REPRESENTATION('',(#8486),#8490);
#8486 = LINE('',#8487,#8488);
#8487 = CARTESIAN_POINT('',(19.385371427946,-5.098631327948E-15));
#8488 = VECTOR('',#8489,1.);
#8489 = DIRECTION('',(1.33424495046E-16,1.));
#8490 = ( GEOMETRIC_REPRESENTATION_CONTEXT(2) 
PARAMETRIC_REPRESENTATION_CONTEXT() REPRESENTATION_CONTEXT('2D SPACE',''
  ) );
#8491 = ORIENTED_EDGE('',*,*,#8492,.F.);
#8492 = EDGE_CURVE('',#8493,#8465,#8495,.T.);
#8493 = VERTEX_POINT('',#8494);
#8494 = CARTESIAN_POINT('',(14.,309.,28.631397208142));
#8495 = SURFACE_CURVE('',#8496,(#8500,#8507),.PCURVE_S1.);
#8496 = LINE('',#8497,#8498);
#8497 = CARTESIAN_POINT('',(14.,309.,28.631397208142));
#8498 = VECTOR('',#8499,1.);
#8499 = DIRECTION('',(3.108532283332E-16,1.,-6.463704274099E-15));
#8500 = PCURVE('',#5396,#8501);
#8501 = DEFINITIONAL_REPRESENTATION('',(#8502),#8506);
#8502 = LINE('',#8503,#8504);
#8503 = CARTESIAN_POINT('',(-35.5,52.));
#8504 = VECTOR('',#8505,1.);
#8505 = DIRECTION('',(-0.,-1.));
#8506 = ( GEOMETRIC_REPRESENTATION_CONTEXT(2) 
PARAMETRIC_REPRESENTATION_CONTEXT() REPRESENTATION_CONTEXT('2D SPACE',''
  ) );
#8507 = PCURVE('',#8508,#8513);
#8508 = PLANE('',#8509);
#8509 = AXIS2_PLACEMENT_3D('',#8510,#8511,#8512);
#8510 = CARTESIAN_POINT('',(14.,309.,9.246025780196));
#8511 = DIRECTION('',(1.,-3.108532283331E-16,6.64265828938E-16));
#8512 = DIRECTION('',(3.108532283332E-16,1.,-6.786238238021E-15));
#8513 = DEFINITIONAL_REPRESENTATION('',(#8514),#8518);
#8514 = LINE('',#8515,#8516);
#8515 = CARTESIAN_POINT('',(-7.105427357601E-15,19.385371427946));
#8516 = VECTOR('',#8517,1.);
#8517 = DIRECTION('',(1.,3.225339639221E-16));
#8518 = ( GEOMETRIC_REPRESENTATION_CONTEXT(2) 
PARAMETRIC_REPRESENTATION_CONTEXT() REPRESENTATION_CONTEXT('2D SPACE',''
  ) );
#8519 = ORIENTED_EDGE('',*,*,#8520,.F.);
#8520 = EDGE_CURVE('',#8521,#8493,#8523,.T.);
#8521 = VERTEX_POINT('',#8522);
#8522 = CARTESIAN_POINT('',(-1.42108547152E-14,295.,28.631397208142));
#8523 = SURFACE_CURVE('',#8524,(#8528,#8535),.PCURVE_S1.);
#8524 = LINE('',#8525,#8526);
#8525 = CARTESIAN_POINT('',(-19.,276.,28.631397208142));
#8526 = VECTOR('',#8527,1.);
#8527 = DIRECTION('',(0.707106781187,0.707106781187,-4.180205206718E-15)
  );
#8528 = PCURVE('',#5396,#8529);
#8529 = DEFINITIONAL_REPRESENTATION('',(#8530),#8534);
#8530 = LINE('',#8531,#8532);
#8531 = CARTESIAN_POINT('',(-68.5,85.));
#8532 = VECTOR('',#8533,1.);
#8533 = DIRECTION('',(0.707106781187,-0.707106781187));
#8534 = ( GEOMETRIC_REPRESENTATION_CONTEXT(2) 
PARAMETRIC_REPRESENTATION_CONTEXT() REPRESENTATION_CONTEXT('2D SPACE',''
  ) );
#8535 = PCURVE('',#8536,#8541);
#8536 = PLANE('',#8537);
#8537 = AXIS2_PLACEMENT_3D('',#8538,#8539,#8540);
#8538 = CARTESIAN_POINT('',(-19.,276.,24.631397208142));
#8539 = DIRECTION('',(0.707106781187,-0.707106781187,5.134877453959E-15)
  );
#8540 = DIRECTION('',(0.707106781187,0.707106781187,-4.3288882047E-15));
#8541 = DEFINITIONAL_REPRESENTATION('',(#8542),#8546);
#8542 = LINE('',#8543,#8544);
#8543 = CARTESIAN_POINT('',(0.,4.));
#8544 = VECTOR('',#8545,1.);
#8545 = DIRECTION('',(1.,1.486829979814E-16));
#8546 = ( GEOMETRIC_REPRESENTATION_CONTEXT(2) 
PARAMETRIC_REPRESENTATION_CONTEXT() REPRESENTATION_CONTEXT('2D SPACE',''
  ) );
#8547 = ORIENTED_EDGE('',*,*,#8548,.T.);
#8548 = EDGE_CURVE('',#8521,#5376,#8549,.T.);
#8549 = SURFACE_CURVE('',#8550,(#8554,#8561),.PCURVE_S1.);
#8550 = LINE('',#8551,#8552);
#8551 = CARTESIAN_POINT('',(-23.,295.,28.631397208142));
#8552 = VECTOR('',#8553,1.);
#8553 = DIRECTION('',(-1.,3.108532283331E-16,-6.64265828938E-16));
#8554 = PCURVE('',#5396,#8555);
#8555 = DEFINITIONAL_REPRESENTATION('',(#8556),#8560);
#8556 = LINE('',#8557,#8558);
#8557 = CARTESIAN_POINT('',(-72.5,66.));
#8558 = VECTOR('',#8559,1.);
#8559 = DIRECTION('',(-1.,0.));
#8560 = ( GEOMETRIC_REPRESENTATION_CONTEXT(2) 
PARAMETRIC_REPRESENTATION_CONTEXT() REPRESENTATION_CONTEXT('2D SPACE',''
  ) );
#8561 = PCURVE('',#5424,#8562);
#8562 = DEFINITIONAL_REPRESENTATION('',(#8563),#8567);
#8563 = LINE('',#8564,#8565);
#8564 = CARTESIAN_POINT('',(0.,4.));
#8565 = VECTOR('',#8566,1.);
#8566 = DIRECTION('',(-1.,0.));
#8567 = ( GEOMETRIC_REPRESENTATION_CONTEXT(2) 
PARAMETRIC_REPRESENTATION_CONTEXT() REPRESENTATION_CONTEXT('2D SPACE',''
  ) );
#8568 = ORIENTED_EDGE('',*,*,#5373,.F.);
#8569 = ORIENTED_EDGE('',*,*,#7756,.T.);
#8570 = ADVANCED_FACE('',(#8571),#8536,.F.);
#8571 = FACE_BOUND('',#8572,.T.);
#8572 = EDGE_LOOP('',(#8573,#8596,#8624,#8645));
#8573 = ORIENTED_EDGE('',*,*,#8574,.F.);
#8574 = EDGE_CURVE('',#8575,#8493,#8577,.T.);
#8575 = VERTEX_POINT('',#8576);
#8576 = CARTESIAN_POINT('',(14.,309.,25.631397208142));
#8577 = SURFACE_CURVE('',#8578,(#8582,#8589),.PCURVE_S1.);
#8578 = LINE('',#8579,#8580);
#8579 = CARTESIAN_POINT('',(14.,309.,24.631397208142));
#8580 = VECTOR('',#8581,1.);
#8581 = DIRECTION('',(-6.64265828938E-16,6.597547507574E-15,1.));
#8582 = PCURVE('',#8536,#8583);
#8583 = DEFINITIONAL_REPRESENTATION('',(#8584),#8588);
#8584 = LINE('',#8585,#8586);
#8585 = CARTESIAN_POINT('',(46.669047558312,7.105427357601E-15));
#8586 = VECTOR('',#8587,1.);
#8587 = DIRECTION('',(-1.33424495046E-16,1.));
#8588 = ( GEOMETRIC_REPRESENTATION_CONTEXT(2) 
PARAMETRIC_REPRESENTATION_CONTEXT() REPRESENTATION_CONTEXT('2D SPACE',''
  ) );
#8589 = PCURVE('',#8508,#8590);
#8590 = DEFINITIONAL_REPRESENTATION('',(#8591),#8595);
#8591 = LINE('',#8592,#8593);
#8592 = CARTESIAN_POINT('',(-7.105427357601E-15,15.385371427946));
#8593 = VECTOR('',#8594,1.);
#8594 = DIRECTION('',(-1.886907304469E-16,1.));
#8595 = ( GEOMETRIC_REPRESENTATION_CONTEXT(2) 
PARAMETRIC_REPRESENTATION_CONTEXT() REPRESENTATION_CONTEXT('2D SPACE',''
  ) );
#8596 = ORIENTED_EDGE('',*,*,#8597,.T.);
#8597 = EDGE_CURVE('',#8575,#8598,#8600,.T.);
#8598 = VERTEX_POINT('',#8599);
#8599 = CARTESIAN_POINT('',(-7.105427357601E-15,295.,25.631397208142));
#8600 = SURFACE_CURVE('',#8601,(#8605,#8612),.PCURVE_S1.);
#8601 = LINE('',#8602,#8603);
#8602 = CARTESIAN_POINT('',(7.105427357601E-15,295.,25.631397208142));
#8603 = VECTOR('',#8604,1.);
#8604 = DIRECTION('',(-0.707106781187,-0.707106781187,4.3288882047E-15)
  );
#8605 = PCURVE('',#8536,#8606);
#8606 = DEFINITIONAL_REPRESENTATION('',(#8607),#8611);
#8607 = LINE('',#8608,#8609);
#8608 = CARTESIAN_POINT('',(26.870057685089,1.));
#8609 = VECTOR('',#8610,1.);
#8610 = DIRECTION('',(-1.,1.232595164408E-32));
#8611 = ( GEOMETRIC_REPRESENTATION_CONTEXT(2) 
PARAMETRIC_REPRESENTATION_CONTEXT() REPRESENTATION_CONTEXT('2D SPACE',''
  ) );
#8612 = PCURVE('',#8613,#8618);
#8613 = PLANE('',#8614);
#8614 = AXIS2_PLACEMENT_3D('',#8615,#8616,#8617);
#8615 = CARTESIAN_POINT('',(58.457106781187,352.04289321881,
    24.631397208142));
#8616 = DIRECTION('',(-0.5,0.5,-0.707106781187));
#8617 = DIRECTION('',(-0.707106781187,-0.707106781187,4.273377053468E-15
    ));
#8618 = DEFINITIONAL_REPRESENTATION('',(#8619),#8623);
#8619 = LINE('',#8620,#8621);
#8620 = CARTESIAN_POINT('',(81.670833227046,1.414213562373));
#8621 = VECTOR('',#8622,1.);
#8622 = DIRECTION('',(1.,0.));
#8623 = ( GEOMETRIC_REPRESENTATION_CONTEXT(2) 
PARAMETRIC_REPRESENTATION_CONTEXT() REPRESENTATION_CONTEXT('2D SPACE',''
  ) );
#8624 = ORIENTED_EDGE('',*,*,#8625,.T.);
#8625 = EDGE_CURVE('',#8598,#8521,#8626,.T.);
#8626 = SURFACE_CURVE('',#8627,(#8631,#8638),.PCURVE_S1.);
#8627 = LINE('',#8628,#8629);
#8628 = CARTESIAN_POINT('',(-7.105427357601E-15,295.,24.631397208142));
#8629 = VECTOR('',#8630,1.);
#8630 = DIRECTION('',(-4.755750984912E-16,6.786238238021E-15,1.));
#8631 = PCURVE('',#8536,#8632);
#8632 = DEFINITIONAL_REPRESENTATION('',(#8633),#8637);
#8633 = LINE('',#8634,#8635);
#8634 = CARTESIAN_POINT('',(26.870057685089,-3.552713678801E-15));
#8635 = VECTOR('',#8636,1.);
#8636 = DIRECTION('',(1.33424495046E-16,1.));
#8637 = ( GEOMETRIC_REPRESENTATION_CONTEXT(2) 
PARAMETRIC_REPRESENTATION_CONTEXT() REPRESENTATION_CONTEXT('2D SPACE',''
  ) );
#8638 = PCURVE('',#5424,#8639);
#8639 = DEFINITIONAL_REPRESENTATION('',(#8640),#8644);
#8640 = LINE('',#8641,#8642);
#8641 = CARTESIAN_POINT('',(23.,0.));
#8642 = VECTOR('',#8643,1.);
#8643 = DIRECTION('',(1.886907304469E-16,1.));
#8644 = ( GEOMETRIC_REPRESENTATION_CONTEXT(2) 
PARAMETRIC_REPRESENTATION_CONTEXT() REPRESENTATION_CONTEXT('2D SPACE',''
  ) );
#8645 = ORIENTED_EDGE('',*,*,#8520,.T.);
#8646 = ADVANCED_FACE('',(#8647),#8661,.T.);
#8647 = FACE_BOUND('',#8648,.T.);
#8648 = EDGE_LOOP('',(#8649,#8684,#8712,#8735,#8758,#8786,#8814,#8837));
#8649 = ORIENTED_EDGE('',*,*,#8650,.T.);
#8650 = EDGE_CURVE('',#8651,#8653,#8655,.T.);
#8651 = VERTEX_POINT('',#8652);
#8652 = CARTESIAN_POINT('',(15.,314.34262863112,24.631397208142));
#8653 = VERTEX_POINT('',#8654);
#8654 = CARTESIAN_POINT('',(19.414213562373,318.7568421935,
    24.631397208142));
#8655 = SURFACE_CURVE('',#8656,(#8660,#8672),.PCURVE_S1.);
#8656 = LINE('',#8657,#8658);
#8657 = CARTESIAN_POINT('',(55.578685684437,354.92131431556,
    24.631397208142));
#8658 = VECTOR('',#8659,1.);
#8659 = DIRECTION('',(0.707106781187,0.707106781187,-4.3288882047E-15));
#8660 = PCURVE('',#8661,#8666);
#8661 = PLANE('',#8662);
#8662 = AXIS2_PLACEMENT_3D('',#8663,#8664,#8665);
#8663 = CARTESIAN_POINT('',(49.5,361.,24.631397208142));
#8664 = DIRECTION('',(6.64265828938E-16,-6.786238238021E-15,-1.));
#8665 = DIRECTION('',(1.,-3.108532283331E-16,6.64265828938E-16));
#8666 = DEFINITIONAL_REPRESENTATION('',(#8667),#8671);
#8667 = LINE('',#8668,#8669);
#8668 = CARTESIAN_POINT('',(6.078685684437,6.078685684437));
#8669 = VECTOR('',#8670,1.);
#8670 = DIRECTION('',(0.707106781187,-0.707106781187));
#8671 = ( GEOMETRIC_REPRESENTATION_CONTEXT(2) 
PARAMETRIC_REPRESENTATION_CONTEXT() REPRESENTATION_CONTEXT('2D SPACE',''
  ) );
#8672 = PCURVE('',#8673,#8678);
#8673 = PLANE('',#8674);
#8674 = AXIS2_PLACEMENT_3D('',#8675,#8676,#8677);
#8675 = CARTESIAN_POINT('',(55.578685684437,354.92131431556,
    24.631397208142));
#8676 = DIRECTION('',(-0.5,0.5,-0.707106781187));
#8677 = DIRECTION('',(-0.707106781187,-0.707106781187,4.384399355931E-15
    ));
#8678 = DEFINITIONAL_REPRESENTATION('',(#8679),#8683);
#8679 = LINE('',#8680,#8681);
#8680 = CARTESIAN_POINT('',(0.,0.));
#8681 = VECTOR('',#8682,1.);
#8682 = DIRECTION('',(-1.,1.110223024625E-16));
#8683 = ( GEOMETRIC_REPRESENTATION_CONTEXT(2) 
PARAMETRIC_REPRESENTATION_CONTEXT() REPRESENTATION_CONTEXT('2D SPACE',''
  ) );
#8684 = ORIENTED_EDGE('',*,*,#8685,.T.);
#8685 = EDGE_CURVE('',#8653,#8686,#8688,.T.);
#8686 = VERTEX_POINT('',#8687);
#8687 = CARTESIAN_POINT('',(20.,318.7568421935,24.631397208142));
#8688 = SURFACE_CURVE('',#8689,(#8693,#8700),.PCURVE_S1.);
#8689 = LINE('',#8690,#8691);
#8690 = CARTESIAN_POINT('',(20.,318.7568421935,24.631397208142));
#8691 = VECTOR('',#8692,1.);
#8692 = DIRECTION('',(1.,-3.108532283331E-16,6.64265828938E-16));
#8693 = PCURVE('',#8661,#8694);
#8694 = DEFINITIONAL_REPRESENTATION('',(#8695),#8699);
#8695 = LINE('',#8696,#8697);
#8696 = CARTESIAN_POINT('',(-29.5,42.2431578065));
#8697 = VECTOR('',#8698,1.);
#8698 = DIRECTION('',(1.,0.));
#8699 = ( GEOMETRIC_REPRESENTATION_CONTEXT(2) 
PARAMETRIC_REPRESENTATION_CONTEXT() REPRESENTATION_CONTEXT('2D SPACE',''
  ) );
#8700 = PCURVE('',#8701,#8706);
#8701 = PLANE('',#8702);
#8702 = AXIS2_PLACEMENT_3D('',#8703,#8704,#8705);
#8703 = CARTESIAN_POINT('',(49.5,318.7568421935,24.631397208142));
#8704 = DIRECTION('',(6.895132978607E-16,0.707106781187,-0.707106781187)
  );
#8705 = DIRECTION('',(-1.,3.108532283331E-16,-6.64265828938E-16));
#8706 = DEFINITIONAL_REPRESENTATION('',(#8707),#8711);
#8707 = LINE('',#8708,#8709);
#8708 = CARTESIAN_POINT('',(29.5,0.));
#8709 = VECTOR('',#8710,1.);
#8710 = DIRECTION('',(-1.,0.));
#8711 = ( GEOMETRIC_REPRESENTATION_CONTEXT(2) 
PARAMETRIC_REPRESENTATION_CONTEXT() REPRESENTATION_CONTEXT('2D SPACE',''
  ) );
#8712 = ORIENTED_EDGE('',*,*,#8713,.T.);
#8713 = EDGE_CURVE('',#8686,#8714,#8716,.T.);
#8714 = VERTEX_POINT('',#8715);
#8715 = CARTESIAN_POINT('',(20.,266.,24.631397208142));
#8716 = SURFACE_CURVE('',#8717,(#8721,#8728),.PCURVE_S1.);
#8717 = LINE('',#8718,#8719);
#8718 = CARTESIAN_POINT('',(20.,265.,24.631397208143));
#8719 = VECTOR('',#8720,1.);
#8720 = DIRECTION('',(-3.108532283332E-16,-1.,6.786238238021E-15));
#8721 = PCURVE('',#8661,#8722);
#8722 = DEFINITIONAL_REPRESENTATION('',(#8723),#8727);
#8723 = LINE('',#8724,#8725);
#8724 = CARTESIAN_POINT('',(-29.5,96.));
#8725 = VECTOR('',#8726,1.);
#8726 = DIRECTION('',(0.,1.));
#8727 = ( GEOMETRIC_REPRESENTATION_CONTEXT(2) 
PARAMETRIC_REPRESENTATION_CONTEXT() REPRESENTATION_CONTEXT('2D SPACE',''
  ) );
#8728 = PCURVE('',#5562,#8729);
#8729 = DEFINITIONAL_REPRESENTATION('',(#8730),#8734);
#8730 = LINE('',#8731,#8732);
#8731 = CARTESIAN_POINT('',(4.712388980385,-96.));
#8732 = VECTOR('',#8733,1.);
#8733 = DIRECTION('',(0.,-1.));
#8734 = ( GEOMETRIC_REPRESENTATION_CONTEXT(2) 
PARAMETRIC_REPRESENTATION_CONTEXT() REPRESENTATION_CONTEXT('2D SPACE',''
  ) );
#8735 = ORIENTED_EDGE('',*,*,#8736,.T.);
#8736 = EDGE_CURVE('',#8714,#8737,#8739,.T.);
#8737 = VERTEX_POINT('',#8738);
#8738 = CARTESIAN_POINT('',(-18.,266.,24.631397208142));
#8739 = SURFACE_CURVE('',#8740,(#8744,#8751),.PCURVE_S1.);
#8740 = LINE('',#8741,#8742);
#8741 = CARTESIAN_POINT('',(-18.,266.,24.631397208142));
#8742 = VECTOR('',#8743,1.);
#8743 = DIRECTION('',(-1.,3.108532283331E-16,-6.64265828938E-16));
#8744 = PCURVE('',#8661,#8745);
#8745 = DEFINITIONAL_REPRESENTATION('',(#8746),#8750);
#8746 = LINE('',#8747,#8748);
#8747 = CARTESIAN_POINT('',(-67.5,95.));
#8748 = VECTOR('',#8749,1.);
#8749 = DIRECTION('',(-1.,0.));
#8750 = ( GEOMETRIC_REPRESENTATION_CONTEXT(2) 
PARAMETRIC_REPRESENTATION_CONTEXT() REPRESENTATION_CONTEXT('2D SPACE',''
  ) );
#8751 = PCURVE('',#4538,#8752);
#8752 = DEFINITIONAL_REPRESENTATION('',(#8753),#8757);
#8753 = LINE('',#8754,#8755);
#8754 = CARTESIAN_POINT('',(-67.5,0.));
#8755 = VECTOR('',#8756,1.);
#8756 = DIRECTION('',(-1.,0.));
#8757 = ( GEOMETRIC_REPRESENTATION_CONTEXT(2) 
PARAMETRIC_REPRESENTATION_CONTEXT() REPRESENTATION_CONTEXT('2D SPACE',''
  ) );
#8758 = ORIENTED_EDGE('',*,*,#8759,.T.);
#8759 = EDGE_CURVE('',#8737,#8760,#8762,.T.);
#8760 = VERTEX_POINT('',#8761);
#8761 = CARTESIAN_POINT('',(-18.,294.,24.631397208142));
#8762 = SURFACE_CURVE('',#8763,(#8767,#8774),.PCURVE_S1.);
#8763 = LINE('',#8764,#8765);
#8764 = CARTESIAN_POINT('',(-18.,361.,24.631397208142));
#8765 = VECTOR('',#8766,1.);
#8766 = DIRECTION('',(3.108532283332E-16,1.,-6.786238238021E-15));
#8767 = PCURVE('',#8661,#8768);
#8768 = DEFINITIONAL_REPRESENTATION('',(#8769),#8773);
#8769 = LINE('',#8770,#8771);
#8770 = CARTESIAN_POINT('',(-67.5,0.));
#8771 = VECTOR('',#8772,1.);
#8772 = DIRECTION('',(0.,-1.));
#8773 = ( GEOMETRIC_REPRESENTATION_CONTEXT(2) 
PARAMETRIC_REPRESENTATION_CONTEXT() REPRESENTATION_CONTEXT('2D SPACE',''
  ) );
#8774 = PCURVE('',#8775,#8780);
#8775 = CYLINDRICAL_SURFACE('',#8776,5.);
#8776 = AXIS2_PLACEMENT_3D('',#8777,#8778,#8779);
#8777 = CARTESIAN_POINT('',(-18.,361.,29.631397208142));
#8778 = DIRECTION('',(-3.108532283332E-16,-1.,6.786238238021E-15));
#8779 = DIRECTION('',(1.,-3.108532283331E-16,6.64265828938E-16));
#8780 = DEFINITIONAL_REPRESENTATION('',(#8781),#8785);
#8781 = LINE('',#8782,#8783);
#8782 = CARTESIAN_POINT('',(4.712388980385,0.));
#8783 = VECTOR('',#8784,1.);
#8784 = DIRECTION('',(0.,-1.));
#8785 = ( GEOMETRIC_REPRESENTATION_CONTEXT(2) 
PARAMETRIC_REPRESENTATION_CONTEXT() REPRESENTATION_CONTEXT('2D SPACE',''
  ) );
#8786 = ORIENTED_EDGE('',*,*,#8787,.T.);
#8787 = EDGE_CURVE('',#8760,#8788,#8790,.T.);
#8788 = VERTEX_POINT('',#8789);
#8789 = CARTESIAN_POINT('',(0.414213562373,294.,24.631397208142));
#8790 = SURFACE_CURVE('',#8791,(#8795,#8802),.PCURVE_S1.);
#8791 = LINE('',#8792,#8793);
#8792 = CARTESIAN_POINT('',(0.,294.,24.631397208142));
#8793 = VECTOR('',#8794,1.);
#8794 = DIRECTION('',(1.,-3.108532283331E-16,6.64265828938E-16));
#8795 = PCURVE('',#8661,#8796);
#8796 = DEFINITIONAL_REPRESENTATION('',(#8797),#8801);
#8797 = LINE('',#8798,#8799);
#8798 = CARTESIAN_POINT('',(-49.5,67.));
#8799 = VECTOR('',#8800,1.);
#8800 = DIRECTION('',(1.,0.));
#8801 = ( GEOMETRIC_REPRESENTATION_CONTEXT(2) 
PARAMETRIC_REPRESENTATION_CONTEXT() REPRESENTATION_CONTEXT('2D SPACE',''
  ) );
#8802 = PCURVE('',#8803,#8808);
#8803 = PLANE('',#8804);
#8804 = AXIS2_PLACEMENT_3D('',#8805,#8806,#8807);
#8805 = CARTESIAN_POINT('',(49.5,294.,24.631397208142));
#8806 = DIRECTION('',(6.895132978607E-16,0.707106781187,-0.707106781187)
  );
#8807 = DIRECTION('',(-1.,3.108532283331E-16,-6.64265828938E-16));
#8808 = DEFINITIONAL_REPRESENTATION('',(#8809),#8813);
#8809 = LINE('',#8810,#8811);
#8810 = CARTESIAN_POINT('',(49.5,0.));
#8811 = VECTOR('',#8812,1.);
#8812 = DIRECTION('',(-1.,0.));
#8813 = ( GEOMETRIC_REPRESENTATION_CONTEXT(2) 
PARAMETRIC_REPRESENTATION_CONTEXT() REPRESENTATION_CONTEXT('2D SPACE',''
  ) );
#8814 = ORIENTED_EDGE('',*,*,#8815,.T.);
#8815 = EDGE_CURVE('',#8788,#8816,#8818,.T.);
#8816 = VERTEX_POINT('',#8817);
#8817 = CARTESIAN_POINT('',(15.,308.58578643762,24.631397208142));
#8818 = SURFACE_CURVE('',#8819,(#8823,#8830),.PCURVE_S1.);
#8819 = LINE('',#8820,#8821);
#8820 = CARTESIAN_POINT('',(14.707106781187,308.29289321881,
    24.631397208142));
#8821 = VECTOR('',#8822,1.);
#8822 = DIRECTION('',(0.707106781187,0.707106781187,-4.3288882047E-15));
#8823 = PCURVE('',#8661,#8824);
#8824 = DEFINITIONAL_REPRESENTATION('',(#8825),#8829);
#8825 = LINE('',#8826,#8827);
#8826 = CARTESIAN_POINT('',(-34.79289321881,52.707106781187));
#8827 = VECTOR('',#8828,1.);
#8828 = DIRECTION('',(0.707106781187,-0.707106781187));
#8829 = ( GEOMETRIC_REPRESENTATION_CONTEXT(2) 
PARAMETRIC_REPRESENTATION_CONTEXT() REPRESENTATION_CONTEXT('2D SPACE',''
  ) );
#8830 = PCURVE('',#8613,#8831);
#8831 = DEFINITIONAL_REPRESENTATION('',(#8832),#8836);
#8832 = LINE('',#8833,#8834);
#8833 = CARTESIAN_POINT('',(61.871843353823,-7.105427357601E-15));
#8834 = VECTOR('',#8835,1.);
#8835 = DIRECTION('',(-1.,0.));
#8836 = ( GEOMETRIC_REPRESENTATION_CONTEXT(2) 
PARAMETRIC_REPRESENTATION_CONTEXT() REPRESENTATION_CONTEXT('2D SPACE',''
  ) );
#8837 = ORIENTED_EDGE('',*,*,#8838,.T.);
#8838 = EDGE_CURVE('',#8816,#8651,#8839,.T.);
#8839 = SURFACE_CURVE('',#8840,(#8844,#8851),.PCURVE_S1.);
#8840 = LINE('',#8841,#8842);
#8841 = CARTESIAN_POINT('',(15.,314.7568421935,24.631397208142));
#8842 = VECTOR('',#8843,1.);
#8843 = DIRECTION('',(3.108532283332E-16,1.,-6.786238238021E-15));
#8844 = PCURVE('',#8661,#8845);
#8845 = DEFINITIONAL_REPRESENTATION('',(#8846),#8850);
#8846 = LINE('',#8847,#8848);
#8847 = CARTESIAN_POINT('',(-34.5,46.2431578065));
#8848 = VECTOR('',#8849,1.);
#8849 = DIRECTION('',(-0.,-1.));
#8850 = ( GEOMETRIC_REPRESENTATION_CONTEXT(2) 
PARAMETRIC_REPRESENTATION_CONTEXT() REPRESENTATION_CONTEXT('2D SPACE',''
  ) );
#8851 = PCURVE('',#8852,#8857);
#8852 = PLANE('',#8853);
#8853 = AXIS2_PLACEMENT_3D('',#8854,#8855,#8856);
#8854 = CARTESIAN_POINT('',(15.,361.,24.631397208142));
#8855 = DIRECTION('',(-0.707106781187,-4.578788651144E-15,
    -0.707106781187));
#8856 = DIRECTION('',(-3.108532283332E-16,-1.,6.786238238021E-15));
#8857 = DEFINITIONAL_REPRESENTATION('',(#8858),#8862);
#8858 = LINE('',#8859,#8860);
#8859 = CARTESIAN_POINT('',(46.2431578065,0.));
#8860 = VECTOR('',#8861,1.);
#8861 = DIRECTION('',(-1.,0.));
#8862 = ( GEOMETRIC_REPRESENTATION_CONTEXT(2) 
PARAMETRIC_REPRESENTATION_CONTEXT() REPRESENTATION_CONTEXT('2D SPACE',''
  ) );
#8863 = ADVANCED_FACE('',(#8864),#5646,.F.);
#8864 = FACE_BOUND('',#8865,.T.);
#8865 = EDGE_LOOP('',(#8866,#8867,#8888,#8889));
#8866 = ORIENTED_EDGE('',*,*,#6663,.T.);
#8867 = ORIENTED_EDGE('',*,*,#8868,.T.);
#8868 = EDGE_CURVE('',#6636,#5631,#8869,.T.);
#8869 = SURFACE_CURVE('',#8870,(#8874,#8881),.PCURVE_S1.);
#8870 = LINE('',#8871,#8872);
#8871 = CARTESIAN_POINT('',(25.,344.33845726812,64.858638544092));
#8872 = VECTOR('',#8873,1.);
#8873 = DIRECTION('',(-0.707106781187,-0.353553390593,0.612372435696));
#8874 = PCURVE('',#5646,#8875);
#8875 = DEFINITIONAL_REPRESENTATION('',(#8876),#8880);
#8876 = LINE('',#8877,#8878);
#8877 = CARTESIAN_POINT('',(-83.45484068301,-37.9180225272));
#8878 = VECTOR('',#8879,1.);
#8879 = DIRECTION('',(-0.925820099773,0.377964473009));
#8880 = ( GEOMETRIC_REPRESENTATION_CONTEXT(2) 
PARAMETRIC_REPRESENTATION_CONTEXT() REPRESENTATION_CONTEXT('2D SPACE',''
  ) );
#8881 = PCURVE('',#5674,#8882);
#8882 = DEFINITIONAL_REPRESENTATION('',(#8883),#8887);
#8883 = LINE('',#8884,#8885);
#8884 = CARTESIAN_POINT('',(-62.9325035256,1.06581410364E-14));
#8885 = VECTOR('',#8886,1.);
#8886 = DIRECTION('',(-1.,5.551115123126E-17));
#8887 = ( GEOMETRIC_REPRESENTATION_CONTEXT(2) 
PARAMETRIC_REPRESENTATION_CONTEXT() REPRESENTATION_CONTEXT('2D SPACE',''
  ) );
#8888 = ORIENTED_EDGE('',*,*,#5630,.F.);
#8889 = ORIENTED_EDGE('',*,*,#8890,.T.);
#8890 = EDGE_CURVE('',#5603,#6664,#8891,.T.);
#8891 = SURFACE_CURVE('',#8892,(#8896,#8903),.PCURVE_S1.);
#8892 = LINE('',#8893,#8894);
#8893 = CARTESIAN_POINT('',(69.5,339.7416697508,10.820508075685));
#8894 = VECTOR('',#8895,1.);
#8895 = DIRECTION('',(0.707106781187,0.353553390593,-0.612372435696));
#8896 = PCURVE('',#5646,#8897);
#8897 = DEFINITIONAL_REPRESENTATION('',(#8898),#8902);
#8898 = LINE('',#8899,#8900);
#8899 = CARTESIAN_POINT('',(-13.47376532671,-33.00384996446));
#8900 = VECTOR('',#8901,1.);
#8901 = DIRECTION('',(0.925820099773,-0.377964473009));
#8902 = ( GEOMETRIC_REPRESENTATION_CONTEXT(2) 
PARAMETRIC_REPRESENTATION_CONTEXT() REPRESENTATION_CONTEXT('2D SPACE',''
  ) );
#8903 = PCURVE('',#5618,#8904);
#8904 = DEFINITIONAL_REPRESENTATION('',(#8905),#8909);
#8905 = LINE('',#8906,#8907);
#8906 = CARTESIAN_POINT('',(-0.,0.));
#8907 = VECTOR('',#8908,1.);
#8908 = DIRECTION('',(1.,0.));
#8909 = ( GEOMETRIC_REPRESENTATION_CONTEXT(2) 
PARAMETRIC_REPRESENTATION_CONTEXT() REPRESENTATION_CONTEXT('2D SPACE',''
  ) );
#8910 = ADVANCED_FACE('',(#8911),#3533,.F.);
#8911 = FACE_BOUND('',#8912,.T.);
#8912 = EDGE_LOOP('',(#8913,#8914,#8935,#8936,#8937,#8938,#8939,#8940,
    #8963,#8986,#9007));
#8913 = ORIENTED_EDGE('',*,*,#5996,.T.);
#8914 = ORIENTED_EDGE('',*,*,#8915,.T.);
#8915 = EDGE_CURVE('',#5969,#7374,#8916,.T.);
#8916 = SURFACE_CURVE('',#8917,(#8921,#8928),.PCURVE_S1.);
#8917 = LINE('',#8918,#8919);
#8918 = CARTESIAN_POINT('',(37.5,363.12990915244,32.310889132453));
#8919 = VECTOR('',#8920,1.);
#8920 = DIRECTION('',(0.707106781187,0.353553390593,-0.612372435696));
#8921 = PCURVE('',#3533,#8922);
#8922 = DEFINITIONAL_REPRESENTATION('',(#8923),#8927);
#8923 = LINE('',#8924,#8925);
#8924 = CARTESIAN_POINT('',(41.817399201737,-102.4312904145));
#8925 = VECTOR('',#8926,1.);
#8926 = DIRECTION('',(-0.925820099773,-0.377964473009));
#8927 = ( GEOMETRIC_REPRESENTATION_CONTEXT(2) 
PARAMETRIC_REPRESENTATION_CONTEXT() REPRESENTATION_CONTEXT('2D SPACE',''
  ) );
#8928 = PCURVE('',#5984,#8929);
#8929 = DEFINITIONAL_REPRESENTATION('',(#8930),#8934);
#8930 = LINE('',#8931,#8932);
#8931 = CARTESIAN_POINT('',(1.780887197563E-14,4.239449059619E-15));
#8932 = VECTOR('',#8933,1.);
#8933 = DIRECTION('',(-1.,5.551115123126E-17));
#8934 = ( GEOMETRIC_REPRESENTATION_CONTEXT(2) 
PARAMETRIC_REPRESENTATION_CONTEXT() REPRESENTATION_CONTEXT('2D SPACE',''
  ) );
#8935 = ORIENTED_EDGE('',*,*,#7373,.T.);
#8936 = ORIENTED_EDGE('',*,*,#4179,.F.);
#8937 = ORIENTED_EDGE('',*,*,#6203,.F.);
#8938 = ORIENTED_EDGE('',*,*,#3517,.F.);
#8939 = ORIENTED_EDGE('',*,*,#7488,.T.);
#8940 = ORIENTED_EDGE('',*,*,#8941,.T.);
#8941 = EDGE_CURVE('',#7466,#8942,#8944,.T.);
#8942 = VERTEX_POINT('',#8943);
#8943 = CARTESIAN_POINT('',(37.767949192431,336.41709623134,
    16.578838324884));
#8944 = SURFACE_CURVE('',#8945,(#8949,#8956),.PCURVE_S1.);
#8945 = LINE('',#8946,#8947);
#8946 = CARTESIAN_POINT('',(56.393954713967,285.52990280444,
    -34.30835510201));
#8947 = VECTOR('',#8948,1.);
#8948 = DIRECTION('',(0.250562807086,-0.684550319445,-0.684550319445));
#8949 = PCURVE('',#3533,#8950);
#8950 = DEFINITIONAL_REPRESENTATION('',(#8951),#8955);
#8951 = LINE('',#8952,#8953);
#8952 = CARTESIAN_POINT('',(-20.91101268465,-19.47339413861));
#8953 = VECTOR('',#8954,1.);
#8954 = DIRECTION('',(-0.681503262876,0.731815074106));
#8955 = ( GEOMETRIC_REPRESENTATION_CONTEXT(2) 
PARAMETRIC_REPRESENTATION_CONTEXT() REPRESENTATION_CONTEXT('2D SPACE',''
  ) );
#8956 = PCURVE('',#7197,#8957);
#8957 = DEFINITIONAL_REPRESENTATION('',(#8958),#8962);
#8958 = LINE('',#8959,#8960);
#8959 = CARTESIAN_POINT('',(67.44695567817,26.720087003355));
#8960 = VECTOR('',#8961,1.);
#8961 = DIRECTION('',(0.935113126531,0.354349320007));
#8962 = ( GEOMETRIC_REPRESENTATION_CONTEXT(2) 
PARAMETRIC_REPRESENTATION_CONTEXT() REPRESENTATION_CONTEXT('2D SPACE',''
  ) );
#8963 = ORIENTED_EDGE('',*,*,#8964,.T.);
#8964 = EDGE_CURVE('',#8942,#8965,#8967,.T.);
#8965 = VERTEX_POINT('',#8966);
#8966 = CARTESIAN_POINT('',(23.749452858804,329.40784806453,
    28.719212272665));
#8967 = SURFACE_CURVE('',#8968,(#8972,#8979),.PCURVE_S1.);
#8968 = LINE('',#8969,#8970);
#8969 = CARTESIAN_POINT('',(15.,325.03312163512,36.296460717603));
#8970 = VECTOR('',#8971,1.);
#8971 = DIRECTION('',(-0.707106781187,-0.353553390593,0.612372435696));
#8972 = PCURVE('',#3533,#8973);
#8973 = DEFINITIONAL_REPRESENTATION('',(#8974),#8978);
#8974 = LINE('',#8975,#8976);
#8975 = CARTESIAN_POINT('',(59.559915720309,-61.70411143551));
#8976 = VECTOR('',#8977,1.);
#8977 = DIRECTION('',(0.925820099773,0.377964473009));
#8978 = ( GEOMETRIC_REPRESENTATION_CONTEXT(2) 
PARAMETRIC_REPRESENTATION_CONTEXT() REPRESENTATION_CONTEXT('2D SPACE',''
  ) );
#8979 = PCURVE('',#7054,#8980);
#8980 = DEFINITIONAL_REPRESENTATION('',(#8981),#8985);
#8981 = LINE('',#8982,#8983);
#8982 = CARTESIAN_POINT('',(2.720046410332E-15,1.414213562373));
#8983 = VECTOR('',#8984,1.);
#8984 = DIRECTION('',(-1.,3.330669073875E-16));
#8985 = ( GEOMETRIC_REPRESENTATION_CONTEXT(2) 
PARAMETRIC_REPRESENTATION_CONTEXT() REPRESENTATION_CONTEXT('2D SPACE',''
  ) );
#8986 = ORIENTED_EDGE('',*,*,#8987,.T.);
#8987 = EDGE_CURVE('',#8965,#5167,#8988,.T.);
#8988 = SURFACE_CURVE('',#8989,(#8993,#9000),.PCURVE_S1.);
#8989 = LINE('',#8990,#8991);
#8990 = CARTESIAN_POINT('',(32.504021321029,356.93933198675,
    34.505617009741));
#8991 = VECTOR('',#8992,1.);
#8992 = DIRECTION('',(-0.297131007289,-0.934421563468,-0.19639120712));
#8993 = PCURVE('',#3533,#8994);
#8994 = DEFINITIONAL_REPRESENTATION('',(#8995),#8999);
#8995 = LINE('',#8996,#8997);
#8996 = CARTESIAN_POINT('',(46.74709331378,-95.81328504869));
#8997 = VECTOR('',#8998,1.);
#8998 = DIRECTION('',(4.606010639745E-02,0.998938670089));
#8999 = ( GEOMETRIC_REPRESENTATION_CONTEXT(2) 
PARAMETRIC_REPRESENTATION_CONTEXT() REPRESENTATION_CONTEXT('2D SPACE',''
  ) );
#9000 = PCURVE('',#5212,#9001);
#9001 = DEFINITIONAL_REPRESENTATION('',(#9002),#9006);
#9002 = LINE('',#9003,#9004);
#9003 = CARTESIAN_POINT('',(-4.060668013244,10.653302155777));
#9004 = VECTOR('',#9005,1.);
#9005 = DIRECTION('',(-0.934421563468,-0.356168979174));
#9006 = ( GEOMETRIC_REPRESENTATION_CONTEXT(2) 
PARAMETRIC_REPRESENTATION_CONTEXT() REPRESENTATION_CONTEXT('2D SPACE',''
  ) );
#9007 = ORIENTED_EDGE('',*,*,#5166,.T.);
#9008 = ADVANCED_FACE('',(#9009),#5424,.F.);
#9009 = FACE_BOUND('',#9010,.T.);
#9010 = EDGE_LOOP('',(#9011,#9012,#9035,#9068,#9096,#9129,#9150,#9151,
    #9152,#9153));
#9011 = ORIENTED_EDGE('',*,*,#8625,.F.);
#9012 = ORIENTED_EDGE('',*,*,#9013,.T.);
#9013 = EDGE_CURVE('',#8598,#9014,#9016,.T.);
#9014 = VERTEX_POINT('',#9015);
#9015 = CARTESIAN_POINT('',(-18.,295.,25.631397208142));
#9016 = SURFACE_CURVE('',#9017,(#9021,#9028),.PCURVE_S1.);
#9017 = LINE('',#9018,#9019);
#9018 = CARTESIAN_POINT('',(-18.,295.,25.631397208142));
#9019 = VECTOR('',#9020,1.);
#9020 = DIRECTION('',(-1.,3.108532283331E-16,-6.64265828938E-16));
#9021 = PCURVE('',#5424,#9022);
#9022 = DEFINITIONAL_REPRESENTATION('',(#9023),#9027);
#9023 = LINE('',#9024,#9025);
#9024 = CARTESIAN_POINT('',(5.,1.));
#9025 = VECTOR('',#9026,1.);
#9026 = DIRECTION('',(-1.,0.));
#9027 = ( GEOMETRIC_REPRESENTATION_CONTEXT(2) 
PARAMETRIC_REPRESENTATION_CONTEXT() REPRESENTATION_CONTEXT('2D SPACE',''
  ) );
#9028 = PCURVE('',#8803,#9029);
#9029 = DEFINITIONAL_REPRESENTATION('',(#9030),#9034);
#9030 = LINE('',#9031,#9032);
#9031 = CARTESIAN_POINT('',(67.5,1.414213562373));
#9032 = VECTOR('',#9033,1.);
#9033 = DIRECTION('',(1.,0.));
#9034 = ( GEOMETRIC_REPRESENTATION_CONTEXT(2) 
PARAMETRIC_REPRESENTATION_CONTEXT() REPRESENTATION_CONTEXT('2D SPACE',''
  ) );
#9035 = ORIENTED_EDGE('',*,*,#9036,.T.);
#9036 = EDGE_CURVE('',#9014,#9037,#9039,.T.);
#9037 = VERTEX_POINT('',#9038);
#9038 = CARTESIAN_POINT('',(-22.,295.,29.631397208142));
#9039 = SURFACE_CURVE('',#9040,(#9045,#9056),.PCURVE_S1.);
#9040 = CIRCLE('',#9041,4.);
#9041 = AXIS2_PLACEMENT_3D('',#9042,#9043,#9044);
#9042 = CARTESIAN_POINT('',(-18.,295.,29.631397208142));
#9043 = DIRECTION('',(3.108532283332E-16,1.,-6.786238238021E-15));
#9044 = DIRECTION('',(1.,-3.108532283331E-16,6.64265828938E-16));
#9045 = PCURVE('',#5424,#9046);
#9046 = DEFINITIONAL_REPRESENTATION('',(#9047),#9055);
#9047 = ( BOUNDED_CURVE() B_SPLINE_CURVE(2,(#9048,#9049,#9050,#9051,
#9052,#9053,#9054),.UNSPECIFIED.,.T.,.F.) B_SPLINE_CURVE_WITH_KNOTS((1,2
    ,2,2,2,1),(-2.094395102393,0.,2.094395102393,4.188790204786,
6.28318530718,8.377580409573),.UNSPECIFIED.) CURVE() 
GEOMETRIC_REPRESENTATION_ITEM() RATIONAL_B_SPLINE_CURVE((1.,0.5,1.,0.5,
1.,0.5,1.)) REPRESENTATION_ITEM('') );
#9048 = CARTESIAN_POINT('',(9.,5.));
#9049 = CARTESIAN_POINT('',(9.,-1.928203230276));
#9050 = CARTESIAN_POINT('',(3.,1.535898384862));
#9051 = CARTESIAN_POINT('',(-3.,5.));
#9052 = CARTESIAN_POINT('',(3.,8.464101615138));
#9053 = CARTESIAN_POINT('',(9.,11.928203230276));
#9054 = CARTESIAN_POINT('',(9.,5.));
#9055 = ( GEOMETRIC_REPRESENTATION_CONTEXT(2) 
PARAMETRIC_REPRESENTATION_CONTEXT() REPRESENTATION_CONTEXT('2D SPACE',''
  ) );
#9056 = PCURVE('',#9057,#9062);
#9057 = CONICAL_SURFACE('',#9058,4.,0.785398163397);
#9058 = AXIS2_PLACEMENT_3D('',#9059,#9060,#9061);
#9059 = CARTESIAN_POINT('',(-18.,295.,29.631397208142));
#9060 = DIRECTION('',(-3.108532283332E-16,-1.,6.786238238021E-15));
#9061 = DIRECTION('',(1.,-3.108532283331E-16,6.64265828938E-16));
#9062 = DEFINITIONAL_REPRESENTATION('',(#9063),#9067);
#9063 = LINE('',#9064,#9065);
#9064 = CARTESIAN_POINT('',(6.28318530718,1.7763568394E-15));
#9065 = VECTOR('',#9066,1.);
#9066 = DIRECTION('',(-1.,-1.130863886743E-15));
#9067 = ( GEOMETRIC_REPRESENTATION_CONTEXT(2) 
PARAMETRIC_REPRESENTATION_CONTEXT() REPRESENTATION_CONTEXT('2D SPACE',''
  ) );
#9068 = ORIENTED_EDGE('',*,*,#9069,.T.);
#9069 = EDGE_CURVE('',#9037,#9070,#9072,.T.);
#9070 = VERTEX_POINT('',#9071);
#9071 = CARTESIAN_POINT('',(-22.,295.,65.631397208142));
#9072 = SURFACE_CURVE('',#9073,(#9077,#9084),.PCURVE_S1.);
#9073 = LINE('',#9074,#9075);
#9074 = CARTESIAN_POINT('',(-22.,295.,65.631397208142));
#9075 = VECTOR('',#9076,1.);
#9076 = DIRECTION('',(-6.64265828938E-16,6.786238238021E-15,1.));
#9077 = PCURVE('',#5424,#9078);
#9078 = DEFINITIONAL_REPRESENTATION('',(#9079),#9083);
#9079 = LINE('',#9080,#9081);
#9080 = CARTESIAN_POINT('',(1.,41.));
#9081 = VECTOR('',#9082,1.);
#9082 = DIRECTION('',(0.,1.));
#9083 = ( GEOMETRIC_REPRESENTATION_CONTEXT(2) 
PARAMETRIC_REPRESENTATION_CONTEXT() REPRESENTATION_CONTEXT('2D SPACE',''
  ) );
#9084 = PCURVE('',#9085,#9090);
#9085 = PLANE('',#9086);
#9086 = AXIS2_PLACEMENT_3D('',#9087,#9088,#9089);
#9087 = CARTESIAN_POINT('',(-23.,294.,-3.509547426642E-12));
#9088 = DIRECTION('',(-0.707106781187,0.707106781187,-5.268301949005E-15
    ));
#9089 = DIRECTION('',(-6.64265828938E-16,6.786238238021E-15,1.));
#9090 = DEFINITIONAL_REPRESENTATION('',(#9091),#9095);
#9091 = LINE('',#9092,#9093);
#9092 = CARTESIAN_POINT('',(65.631397208146,1.414213562373));
#9093 = VECTOR('',#9094,1.);
#9094 = DIRECTION('',(1.,0.));
#9095 = ( GEOMETRIC_REPRESENTATION_CONTEXT(2) 
PARAMETRIC_REPRESENTATION_CONTEXT() REPRESENTATION_CONTEXT('2D SPACE',''
  ) );
#9096 = ORIENTED_EDGE('',*,*,#9097,.T.);
#9097 = EDGE_CURVE('',#9070,#9098,#9100,.T.);
#9098 = VERTEX_POINT('',#9099);
#9099 = CARTESIAN_POINT('',(-18.,295.,69.631397208142));
#9100 = SURFACE_CURVE('',#9101,(#9106,#9117),.PCURVE_S1.);
#9101 = CIRCLE('',#9102,4.);
#9102 = AXIS2_PLACEMENT_3D('',#9103,#9104,#9105);
#9103 = CARTESIAN_POINT('',(-18.,295.,65.631397208142));
#9104 = DIRECTION('',(3.108532283332E-16,1.,-6.786238238021E-15));
#9105 = DIRECTION('',(1.,-3.108532283331E-16,6.64265828938E-16));
#9106 = PCURVE('',#5424,#9107);
#9107 = DEFINITIONAL_REPRESENTATION('',(#9108),#9116);
#9108 = ( BOUNDED_CURVE() B_SPLINE_CURVE(2,(#9109,#9110,#9111,#9112,
#9113,#9114,#9115),.UNSPECIFIED.,.T.,.F.) B_SPLINE_CURVE_WITH_KNOTS((1,2
    ,2,2,2,1),(-2.094395102393,0.,2.094395102393,4.188790204786,
6.28318530718,8.377580409573),.UNSPECIFIED.) CURVE() 
GEOMETRIC_REPRESENTATION_ITEM() RATIONAL_B_SPLINE_CURVE((1.,0.5,1.,0.5,
1.,0.5,1.)) REPRESENTATION_ITEM('') );
#9109 = CARTESIAN_POINT('',(9.,41.));
#9110 = CARTESIAN_POINT('',(9.,34.071796769724));
#9111 = CARTESIAN_POINT('',(3.,37.535898384862));
#9112 = CARTESIAN_POINT('',(-3.,41.));
#9113 = CARTESIAN_POINT('',(3.,44.464101615138));
#9114 = CARTESIAN_POINT('',(9.,47.928203230276));
#9115 = CARTESIAN_POINT('',(9.,41.));
#9116 = ( GEOMETRIC_REPRESENTATION_CONTEXT(2) 
PARAMETRIC_REPRESENTATION_CONTEXT() REPRESENTATION_CONTEXT('2D SPACE',''
  ) );
#9117 = PCURVE('',#9118,#9123);
#9118 = CONICAL_SURFACE('',#9119,4.,0.785398163397);
#9119 = AXIS2_PLACEMENT_3D('',#9120,#9121,#9122);
#9120 = CARTESIAN_POINT('',(-18.,295.,65.631397208142));
#9121 = DIRECTION('',(-3.108532283332E-16,-1.,6.786238238021E-15));
#9122 = DIRECTION('',(1.,-3.108532283331E-16,6.64265828938E-16));
#9123 = DEFINITIONAL_REPRESENTATION('',(#9124),#9128);
#9124 = LINE('',#9125,#9126);
#9125 = CARTESIAN_POINT('',(6.28318530718,-1.7763568394E-15));
#9126 = VECTOR('',#9127,1.);
#9127 = DIRECTION('',(-1.,0.));
#9128 = ( GEOMETRIC_REPRESENTATION_CONTEXT(2) 
PARAMETRIC_REPRESENTATION_CONTEXT() REPRESENTATION_CONTEXT('2D SPACE',''
  ) );
#9129 = ORIENTED_EDGE('',*,*,#9130,.T.);
#9130 = EDGE_CURVE('',#9098,#8062,#9131,.T.);
#9131 = SURFACE_CURVE('',#9132,(#9136,#9143),.PCURVE_S1.);
#9132 = LINE('',#9133,#9134);
#9133 = CARTESIAN_POINT('',(-23.,295.,69.631397208142));
#9134 = VECTOR('',#9135,1.);
#9135 = DIRECTION('',(1.,-3.108532283331E-16,6.64265828938E-16));
#9136 = PCURVE('',#5424,#9137);
#9137 = DEFINITIONAL_REPRESENTATION('',(#9138),#9142);
#9138 = LINE('',#9139,#9140);
#9139 = CARTESIAN_POINT('',(0.,45.));
#9140 = VECTOR('',#9141,1.);
#9141 = DIRECTION('',(1.,0.));
#9142 = ( GEOMETRIC_REPRESENTATION_CONTEXT(2) 
PARAMETRIC_REPRESENTATION_CONTEXT() REPRESENTATION_CONTEXT('2D SPACE',''
  ) );
#9143 = PCURVE('',#8322,#9144);
#9144 = DEFINITIONAL_REPRESENTATION('',(#9145),#9149);
#9145 = LINE('',#9146,#9147);
#9146 = CARTESIAN_POINT('',(0.,0.));
#9147 = VECTOR('',#9148,1.);
#9148 = DIRECTION('',(1.,0.));
#9149 = ( GEOMETRIC_REPRESENTATION_CONTEXT(2) 
PARAMETRIC_REPRESENTATION_CONTEXT() REPRESENTATION_CONTEXT('2D SPACE',''
  ) );
#9150 = ORIENTED_EDGE('',*,*,#8059,.F.);
#9151 = ORIENTED_EDGE('',*,*,#8438,.T.);
#9152 = ORIENTED_EDGE('',*,*,#5408,.T.);
#9153 = ORIENTED_EDGE('',*,*,#8548,.F.);
#9154 = ADVANCED_FACE('',(#9155),#9169,.T.);
#9155 = FACE_BOUND('',#9156,.T.);
#9156 = EDGE_LOOP('',(#9157,#9187,#9210,#9233));
#9157 = ORIENTED_EDGE('',*,*,#9158,.T.);
#9158 = EDGE_CURVE('',#9159,#9161,#9163,.T.);
#9159 = VERTEX_POINT('',#9160);
#9160 = CARTESIAN_POINT('',(-23.,266.,65.631397208142));
#9161 = VERTEX_POINT('',#9162);
#9162 = CARTESIAN_POINT('',(-23.,294.,65.631397208142));
#9163 = SURFACE_CURVE('',#9164,(#9168,#9180),.PCURVE_S1.);
#9164 = LINE('',#9165,#9166);
#9165 = CARTESIAN_POINT('',(-23.,295.,65.631397208142));
#9166 = VECTOR('',#9167,1.);
#9167 = DIRECTION('',(3.108532283332E-16,1.,-6.786238238021E-15));
#9168 = PCURVE('',#9169,#9174);
#9169 = PLANE('',#9170);
#9170 = AXIS2_PLACEMENT_3D('',#9171,#9172,#9173);
#9171 = CARTESIAN_POINT('',(-23.,361.,-3.96422538859E-12));
#9172 = DIRECTION('',(-1.,3.108532283331E-16,-6.64265828938E-16));
#9173 = DIRECTION('',(-3.108532283332E-16,-1.,6.786238238021E-15));
#9174 = DEFINITIONAL_REPRESENTATION('',(#9175),#9179);
#9175 = LINE('',#9176,#9177);
#9176 = CARTESIAN_POINT('',(66.,65.631397208146));
#9177 = VECTOR('',#9178,1.);
#9178 = DIRECTION('',(-1.,0.));
#9179 = ( GEOMETRIC_REPRESENTATION_CONTEXT(2) 
PARAMETRIC_REPRESENTATION_CONTEXT() REPRESENTATION_CONTEXT('2D SPACE',''
  ) );
#9180 = PCURVE('',#8350,#9181);
#9181 = DEFINITIONAL_REPRESENTATION('',(#9182),#9186);
#9182 = LINE('',#9183,#9184);
#9183 = CARTESIAN_POINT('',(3.14159265359,66.));
#9184 = VECTOR('',#9185,1.);
#9185 = DIRECTION('',(0.,-1.));
#9186 = ( GEOMETRIC_REPRESENTATION_CONTEXT(2) 
PARAMETRIC_REPRESENTATION_CONTEXT() REPRESENTATION_CONTEXT('2D SPACE',''
  ) );
#9187 = ORIENTED_EDGE('',*,*,#9188,.T.);
#9188 = EDGE_CURVE('',#9161,#9189,#9191,.T.);
#9189 = VERTEX_POINT('',#9190);
#9190 = CARTESIAN_POINT('',(-23.,294.,29.631397208142));
#9191 = SURFACE_CURVE('',#9192,(#9196,#9203),.PCURVE_S1.);
#9192 = LINE('',#9193,#9194);
#9193 = CARTESIAN_POINT('',(-23.,294.,29.631397208142));
#9194 = VECTOR('',#9195,1.);
#9195 = DIRECTION('',(6.64265828938E-16,-6.786238238021E-15,-1.));
#9196 = PCURVE('',#9169,#9197);
#9197 = DEFINITIONAL_REPRESENTATION('',(#9198),#9202);
#9198 = LINE('',#9199,#9200);
#9199 = CARTESIAN_POINT('',(67.,29.631397208146));
#9200 = VECTOR('',#9201,1.);
#9201 = DIRECTION('',(0.,-1.));
#9202 = ( GEOMETRIC_REPRESENTATION_CONTEXT(2) 
PARAMETRIC_REPRESENTATION_CONTEXT() REPRESENTATION_CONTEXT('2D SPACE',''
  ) );
#9203 = PCURVE('',#9085,#9204);
#9204 = DEFINITIONAL_REPRESENTATION('',(#9205),#9209);
#9205 = LINE('',#9206,#9207);
#9206 = CARTESIAN_POINT('',(29.631397208146,0.));
#9207 = VECTOR('',#9208,1.);
#9208 = DIRECTION('',(-1.,-0.));
#9209 = ( GEOMETRIC_REPRESENTATION_CONTEXT(2) 
PARAMETRIC_REPRESENTATION_CONTEXT() REPRESENTATION_CONTEXT('2D SPACE',''
  ) );
#9210 = ORIENTED_EDGE('',*,*,#9211,.T.);
#9211 = EDGE_CURVE('',#9189,#9212,#9214,.T.);
#9212 = VERTEX_POINT('',#9213);
#9213 = CARTESIAN_POINT('',(-23.,266.,29.631397208142));
#9214 = SURFACE_CURVE('',#9215,(#9219,#9226),.PCURVE_S1.);
#9215 = LINE('',#9216,#9217);
#9216 = CARTESIAN_POINT('',(-23.,361.,29.631397208142));
#9217 = VECTOR('',#9218,1.);
#9218 = DIRECTION('',(-3.108532283332E-16,-1.,6.786238238021E-15));
#9219 = PCURVE('',#9169,#9220);
#9220 = DEFINITIONAL_REPRESENTATION('',(#9221),#9225);
#9221 = LINE('',#9222,#9223);
#9222 = CARTESIAN_POINT('',(0.,29.631397208146));
#9223 = VECTOR('',#9224,1.);
#9224 = DIRECTION('',(1.,0.));
#9225 = ( GEOMETRIC_REPRESENTATION_CONTEXT(2) 
PARAMETRIC_REPRESENTATION_CONTEXT() REPRESENTATION_CONTEXT('2D SPACE',''
  ) );
#9226 = PCURVE('',#8775,#9227);
#9227 = DEFINITIONAL_REPRESENTATION('',(#9228),#9232);
#9228 = LINE('',#9229,#9230);
#9229 = CARTESIAN_POINT('',(3.14159265359,0.));
#9230 = VECTOR('',#9231,1.);
#9231 = DIRECTION('',(0.,1.));
#9232 = ( GEOMETRIC_REPRESENTATION_CONTEXT(2) 
PARAMETRIC_REPRESENTATION_CONTEXT() REPRESENTATION_CONTEXT('2D SPACE',''
  ) );
#9233 = ORIENTED_EDGE('',*,*,#9234,.T.);
#9234 = EDGE_CURVE('',#9212,#9159,#9235,.T.);
#9235 = SURFACE_CURVE('',#9236,(#9240,#9247),.PCURVE_S1.);
#9236 = LINE('',#9237,#9238);
#9237 = CARTESIAN_POINT('',(-23.,266.,65.631397208142));
#9238 = VECTOR('',#9239,1.);
#9239 = DIRECTION('',(-6.64265828938E-16,7.151443180332E-15,1.));
#9240 = PCURVE('',#9169,#9241);
#9241 = DEFINITIONAL_REPRESENTATION('',(#9242),#9246);
#9242 = LINE('',#9243,#9244);
#9243 = CARTESIAN_POINT('',(95.,65.631397208146));
#9244 = VECTOR('',#9245,1.);
#9245 = DIRECTION('',(-3.652049423109E-16,1.));
#9246 = ( GEOMETRIC_REPRESENTATION_CONTEXT(2) 
PARAMETRIC_REPRESENTATION_CONTEXT() REPRESENTATION_CONTEXT('2D SPACE',''
  ) );
#9247 = PCURVE('',#4719,#9248);
#9248 = DEFINITIONAL_REPRESENTATION('',(#9249),#9253);
#9249 = LINE('',#9250,#9251);
#9250 = CARTESIAN_POINT('',(-65.63139720814,-3.148604226187E-15));
#9251 = VECTOR('',#9252,1.);
#9252 = DIRECTION('',(-1.,0.));
#9253 = ( GEOMETRIC_REPRESENTATION_CONTEXT(2) 
PARAMETRIC_REPRESENTATION_CONTEXT() REPRESENTATION_CONTEXT('2D SPACE',''
  ) );
#9254 = ADVANCED_FACE('',(#9255),#8133,.F.);
#9255 = FACE_BOUND('',#9256,.T.);
#9256 = EDGE_LOOP('',(#9257,#9258,#9281,#9302));
#9257 = ORIENTED_EDGE('',*,*,#8117,.F.);
#9258 = ORIENTED_EDGE('',*,*,#9259,.T.);
#9259 = EDGE_CURVE('',#8090,#9260,#9262,.T.);
#9260 = VERTEX_POINT('',#9261);
#9261 = CARTESIAN_POINT('',(14.,328.,69.631397208142));
#9262 = SURFACE_CURVE('',#9263,(#9267,#9274),.PCURVE_S1.);
#9263 = LINE('',#9264,#9265);
#9264 = CARTESIAN_POINT('',(14.,309.,69.631397208142));
#9265 = VECTOR('',#9266,1.);
#9266 = DIRECTION('',(3.108532283332E-16,1.,-6.786238238021E-15));
#9267 = PCURVE('',#8133,#9268);
#9268 = DEFINITIONAL_REPRESENTATION('',(#9269),#9273);
#9269 = LINE('',#9270,#9271);
#9270 = CARTESIAN_POINT('',(-0.,-27.40075756488));
#9271 = VECTOR('',#9272,1.);
#9272 = DIRECTION('',(1.,0.));
#9273 = ( GEOMETRIC_REPRESENTATION_CONTEXT(2) 
PARAMETRIC_REPRESENTATION_CONTEXT() REPRESENTATION_CONTEXT('2D SPACE',''
  ) );
#9274 = PCURVE('',#8271,#9275);
#9275 = DEFINITIONAL_REPRESENTATION('',(#9276),#9280);
#9276 = LINE('',#9277,#9278);
#9277 = CARTESIAN_POINT('',(0.,0.));
#9278 = VECTOR('',#9279,1.);
#9279 = DIRECTION('',(1.,0.));
#9280 = ( GEOMETRIC_REPRESENTATION_CONTEXT(2) 
PARAMETRIC_REPRESENTATION_CONTEXT() REPRESENTATION_CONTEXT('2D SPACE',''
  ) );
#9281 = ORIENTED_EDGE('',*,*,#9282,.T.);
#9282 = EDGE_CURVE('',#9260,#8387,#9283,.T.);
#9283 = SURFACE_CURVE('',#9284,(#9288,#9295),.PCURVE_S1.);
#9284 = LINE('',#9285,#9286);
#9285 = CARTESIAN_POINT('',(14.,328.,97.03215477303));
#9286 = VECTOR('',#9287,1.);
#9287 = DIRECTION('',(6.64265828938E-16,-6.573527104204E-15,-1.));
#9288 = PCURVE('',#8133,#9289);
#9289 = DEFINITIONAL_REPRESENTATION('',(#9290),#9294);
#9290 = LINE('',#9291,#9292);
#9291 = CARTESIAN_POINT('',(19.,0.));
#9292 = VECTOR('',#9293,1.);
#9293 = DIRECTION('',(2.12711133817E-16,-1.));
#9294 = ( GEOMETRIC_REPRESENTATION_CONTEXT(2) 
PARAMETRIC_REPRESENTATION_CONTEXT() REPRESENTATION_CONTEXT('2D SPACE',''
  ) );
#9295 = PCURVE('',#8423,#9296);
#9296 = DEFINITIONAL_REPRESENTATION('',(#9297),#9301);
#9297 = LINE('',#9298,#9299);
#9298 = CARTESIAN_POINT('',(-0.,0.));
#9299 = VECTOR('',#9300,1.);
#9300 = DIRECTION('',(1.,-4.930380657631E-32));
#9301 = ( GEOMETRIC_REPRESENTATION_CONTEXT(2) 
PARAMETRIC_REPRESENTATION_CONTEXT() REPRESENTATION_CONTEXT('2D SPACE',''
  ) );
#9302 = ORIENTED_EDGE('',*,*,#8386,.T.);
#9303 = ADVANCED_FACE('',(#9304),#5276,.F.);
#9304 = FACE_BOUND('',#9305,.T.);
#9305 = EDGE_LOOP('',(#9306,#9329,#9352,#9385,#9406,#9407,#9428));
#9306 = ORIENTED_EDGE('',*,*,#9307,.T.);
#9307 = EDGE_CURVE('',#6064,#9308,#9310,.T.);
#9308 = VERTEX_POINT('',#9309);
#9309 = CARTESIAN_POINT('',(19.,333.,69.631397208142));
#9310 = SURFACE_CURVE('',#9311,(#9315,#9322),.PCURVE_S1.);
#9311 = LINE('',#9312,#9313);
#9312 = CARTESIAN_POINT('',(19.,333.,97.03215477303));
#9313 = VECTOR('',#9314,1.);
#9314 = DIRECTION('',(-6.64265828938E-16,6.573527104204E-15,1.));
#9315 = PCURVE('',#5276,#9316);
#9316 = DEFINITIONAL_REPRESENTATION('',(#9317),#9321);
#9317 = LINE('',#9318,#9319);
#9318 = CARTESIAN_POINT('',(0.,6.));
#9319 = VECTOR('',#9320,1.);
#9320 = DIRECTION('',(1.,0.));
#9321 = ( GEOMETRIC_REPRESENTATION_CONTEXT(2) 
PARAMETRIC_REPRESENTATION_CONTEXT() REPRESENTATION_CONTEXT('2D SPACE',''
  ) );
#9322 = PCURVE('',#8423,#9323);
#9323 = DEFINITIONAL_REPRESENTATION('',(#9324),#9328);
#9324 = LINE('',#9325,#9326);
#9325 = CARTESIAN_POINT('',(-1.314729904612E-14,7.071067811865));
#9326 = VECTOR('',#9327,1.);
#9327 = DIRECTION('',(-1.,4.930380657631E-32));
#9328 = ( GEOMETRIC_REPRESENTATION_CONTEXT(2) 
PARAMETRIC_REPRESENTATION_CONTEXT() REPRESENTATION_CONTEXT('2D SPACE',''
  ) );
#9329 = ORIENTED_EDGE('',*,*,#9330,.T.);
#9330 = EDGE_CURVE('',#9308,#9331,#9333,.T.);
#9331 = VERTEX_POINT('',#9332);
#9332 = CARTESIAN_POINT('',(20.,333.,69.631397208142));
#9333 = SURFACE_CURVE('',#9334,(#9338,#9345),.PCURVE_S1.);
#9334 = LINE('',#9335,#9336);
#9335 = CARTESIAN_POINT('',(25.,333.,69.631397208142));
#9336 = VECTOR('',#9337,1.);
#9337 = DIRECTION('',(1.,-3.108532283331E-16,6.64265828938E-16));
#9338 = PCURVE('',#5276,#9339);
#9339 = DEFINITIONAL_REPRESENTATION('',(#9340),#9344);
#9340 = LINE('',#9341,#9342);
#9341 = CARTESIAN_POINT('',(-27.40075756488,0.));
#9342 = VECTOR('',#9343,1.);
#9343 = DIRECTION('',(0.,-1.));
#9344 = ( GEOMETRIC_REPRESENTATION_CONTEXT(2) 
PARAMETRIC_REPRESENTATION_CONTEXT() REPRESENTATION_CONTEXT('2D SPACE',''
  ) );
#9345 = PCURVE('',#8215,#9346);
#9346 = DEFINITIONAL_REPRESENTATION('',(#9347),#9351);
#9347 = LINE('',#9348,#9349);
#9348 = CARTESIAN_POINT('',(0.,0.));
#9349 = VECTOR('',#9350,1.);
#9350 = DIRECTION('',(1.,0.));
#9351 = ( GEOMETRIC_REPRESENTATION_CONTEXT(2) 
PARAMETRIC_REPRESENTATION_CONTEXT() REPRESENTATION_CONTEXT('2D SPACE',''
  ) );
#9352 = ORIENTED_EDGE('',*,*,#9353,.T.);
#9353 = EDGE_CURVE('',#9331,#9354,#9356,.T.);
#9354 = VERTEX_POINT('',#9355);
#9355 = CARTESIAN_POINT('',(23.919183588453,333.,66.431397208142));
#9356 = SURFACE_CURVE('',#9357,(#9362,#9373),.PCURVE_S1.);
#9357 = CIRCLE('',#9358,4.);
#9358 = AXIS2_PLACEMENT_3D('',#9359,#9360,#9361);
#9359 = CARTESIAN_POINT('',(20.,333.,65.631397208142));
#9360 = DIRECTION('',(3.108532283332E-16,1.,-6.573527104204E-15));
#9361 = DIRECTION('',(-6.64265828938E-16,6.573527104204E-15,1.));
#9362 = PCURVE('',#5276,#9363);
#9363 = DEFINITIONAL_REPRESENTATION('',(#9364),#9372);
#9364 = ( BOUNDED_CURVE() B_SPLINE_CURVE(2,(#9365,#9366,#9367,#9368,
#9369,#9370,#9371),.UNSPECIFIED.,.T.,.F.) B_SPLINE_CURVE_WITH_KNOTS((1,2
    ,2,2,2,1),(-2.094395102393,0.,2.094395102393,4.188790204786,
6.28318530718,8.377580409573),.UNSPECIFIED.) CURVE() 
GEOMETRIC_REPRESENTATION_ITEM() RATIONAL_B_SPLINE_CURVE((1.,0.5,1.,0.5,
1.,0.5,1.)) REPRESENTATION_ITEM('') );
#9365 = CARTESIAN_POINT('',(-27.40075756488,5.));
#9366 = CARTESIAN_POINT('',(-27.40075756488,-1.928203230276));
#9367 = CARTESIAN_POINT('',(-33.40075756488,1.535898384862));
#9368 = CARTESIAN_POINT('',(-39.40075756488,5.));
#9369 = CARTESIAN_POINT('',(-33.40075756488,8.464101615138));
#9370 = CARTESIAN_POINT('',(-27.40075756488,11.928203230276));
#9371 = CARTESIAN_POINT('',(-27.40075756488,5.));
#9372 = ( GEOMETRIC_REPRESENTATION_CONTEXT(2) 
PARAMETRIC_REPRESENTATION_CONTEXT() REPRESENTATION_CONTEXT('2D SPACE',''
  ) );
#9373 = PCURVE('',#9374,#9379);
#9374 = CONICAL_SURFACE('',#9375,4.,0.785398163397);
#9375 = AXIS2_PLACEMENT_3D('',#9376,#9377,#9378);
#9376 = CARTESIAN_POINT('',(20.,333.,65.631397208142));
#9377 = DIRECTION('',(-3.108532283332E-16,-1.,6.786238238021E-15));
#9378 = DIRECTION('',(1.,-3.108532283331E-16,6.64265828938E-16));
#9379 = DEFINITIONAL_REPRESENTATION('',(#9380),#9384);
#9380 = LINE('',#9381,#9382);
#9381 = CARTESIAN_POINT('',(1.570796326795,-1.7763568394E-15));
#9382 = VECTOR('',#9383,1.);
#9383 = DIRECTION('',(-1.,6.485712798807E-16));
#9384 = ( GEOMETRIC_REPRESENTATION_CONTEXT(2) 
PARAMETRIC_REPRESENTATION_CONTEXT() REPRESENTATION_CONTEXT('2D SPACE',''
  ) );
#9385 = ORIENTED_EDGE('',*,*,#9386,.T.);
#9386 = EDGE_CURVE('',#9354,#5254,#9387,.T.);
#9387 = SURFACE_CURVE('',#9388,(#9392,#9399),.PCURVE_S1.);
#9388 = LINE('',#9389,#9390);
#9389 = CARTESIAN_POINT('',(10.595039211491,333.,75.238101099147));
#9390 = VECTOR('',#9391,1.);
#9391 = DIRECTION('',(-0.834241679265,3.883962772635E-15,0.55139896679)
  );
#9392 = PCURVE('',#5276,#9393);
#9393 = DEFINITIONAL_REPRESENTATION('',(#9394),#9398);
#9394 = LINE('',#9395,#9396);
#9395 = CARTESIAN_POINT('',(-21.79405367388,14.404960788509));
#9396 = VECTOR('',#9397,1.);
#9397 = DIRECTION('',(0.55139896679,0.834241679265));
#9398 = ( GEOMETRIC_REPRESENTATION_CONTEXT(2) 
PARAMETRIC_REPRESENTATION_CONTEXT() REPRESENTATION_CONTEXT('2D SPACE',''
  ) );
#9399 = PCURVE('',#5304,#9400);
#9400 = DEFINITIONAL_REPRESENTATION('',(#9401),#9405);
#9401 = LINE('',#9402,#9403);
#9402 = CARTESIAN_POINT('',(-28.,-15.60885023253));
#9403 = VECTOR('',#9404,1.);
#9404 = DIRECTION('',(-1.172886994115E-16,-1.));
#9405 = ( GEOMETRIC_REPRESENTATION_CONTEXT(2) 
PARAMETRIC_REPRESENTATION_CONTEXT() REPRESENTATION_CONTEXT('2D SPACE',''
  ) );
#9406 = ORIENTED_EDGE('',*,*,#5253,.T.);
#9407 = ORIENTED_EDGE('',*,*,#9408,.T.);
#9408 = EDGE_CURVE('',#5256,#6087,#9409,.T.);
#9409 = SURFACE_CURVE('',#9410,(#9414,#9421),.PCURVE_S1.);
#9410 = LINE('',#9411,#9412);
#9411 = CARTESIAN_POINT('',(37.700378782444,333.,84.331775990586));
#9412 = VECTOR('',#9413,1.);
#9413 = DIRECTION('',(-0.707106781187,-4.428379165988E-15,
    -0.707106781187));
#9414 = PCURVE('',#5276,#9415);
#9415 = DEFINITIONAL_REPRESENTATION('',(#9416),#9420);
#9416 = LINE('',#9417,#9418);
#9417 = CARTESIAN_POINT('',(-12.70037878244,-12.70037878244));
#9418 = VECTOR('',#9419,1.);
#9419 = DIRECTION('',(-0.707106781187,0.707106781187));
#9420 = ( GEOMETRIC_REPRESENTATION_CONTEXT(2) 
PARAMETRIC_REPRESENTATION_CONTEXT() REPRESENTATION_CONTEXT('2D SPACE',''
  ) );
#9421 = PCURVE('',#5358,#9422);
#9422 = DEFINITIONAL_REPRESENTATION('',(#9423),#9427);
#9423 = LINE('',#9424,#9425);
#9424 = CARTESIAN_POINT('',(28.,-25.03211573327));
#9425 = VECTOR('',#9426,1.);
#9426 = DIRECTION('',(-2.465190328816E-32,1.));
#9427 = ( GEOMETRIC_REPRESENTATION_CONTEXT(2) 
PARAMETRIC_REPRESENTATION_CONTEXT() REPRESENTATION_CONTEXT('2D SPACE',''
  ) );
#9428 = ORIENTED_EDGE('',*,*,#6086,.F.);
#9429 = ADVANCED_FACE('',(#9430),#8423,.F.);
#9430 = FACE_BOUND('',#9431,.T.);
#9431 = EDGE_LOOP('',(#9432,#9433,#9454,#9455));
#9432 = ORIENTED_EDGE('',*,*,#9282,.F.);
#9433 = ORIENTED_EDGE('',*,*,#9434,.T.);
#9434 = EDGE_CURVE('',#9260,#9308,#9435,.T.);
#9435 = SURFACE_CURVE('',#9436,(#9440,#9447),.PCURVE_S1.);
#9436 = LINE('',#9437,#9438);
#9437 = CARTESIAN_POINT('',(19.,333.,69.631397208142));
#9438 = VECTOR('',#9439,1.);
#9439 = DIRECTION('',(0.707106781187,0.707106781187,-4.3288882047E-15));
#9440 = PCURVE('',#8423,#9441);
#9441 = DEFINITIONAL_REPRESENTATION('',(#9442),#9446);
#9442 = LINE('',#9443,#9444);
#9443 = CARTESIAN_POINT('',(27.400757564888,7.071067811865));
#9444 = VECTOR('',#9445,1.);
#9445 = DIRECTION('',(1.504094851559E-16,1.));
#9446 = ( GEOMETRIC_REPRESENTATION_CONTEXT(2) 
PARAMETRIC_REPRESENTATION_CONTEXT() REPRESENTATION_CONTEXT('2D SPACE',''
  ) );
#9447 = PCURVE('',#8243,#9448);
#9448 = DEFINITIONAL_REPRESENTATION('',(#9449),#9453);
#9449 = LINE('',#9450,#9451);
#9450 = CARTESIAN_POINT('',(41.365746699413,1.414213562373));
#9451 = VECTOR('',#9452,1.);
#9452 = DIRECTION('',(-1.,5.551115123126E-17));
#9453 = ( GEOMETRIC_REPRESENTATION_CONTEXT(2) 
PARAMETRIC_REPRESENTATION_CONTEXT() REPRESENTATION_CONTEXT('2D SPACE',''
  ) );
#9454 = ORIENTED_EDGE('',*,*,#9307,.F.);
#9455 = ORIENTED_EDGE('',*,*,#8409,.F.);
#9456 = ADVANCED_FACE('',(#9457),#8508,.F.);
#9457 = FACE_BOUND('',#9458,.T.);
#9458 = EDGE_LOOP('',(#9459,#9482,#9503,#9504));
#9459 = ORIENTED_EDGE('',*,*,#9460,.T.);
#9460 = EDGE_CURVE('',#8465,#9461,#9463,.T.);
#9461 = VERTEX_POINT('',#9462);
#9462 = CARTESIAN_POINT('',(14.,314.7568421935,25.631397208142));
#9463 = SURFACE_CURVE('',#9464,(#9468,#9475),.PCURVE_S1.);
#9464 = LINE('',#9465,#9466);
#9465 = CARTESIAN_POINT('',(14.,314.7568421935,9.246025780196));
#9466 = VECTOR('',#9467,1.);
#9467 = DIRECTION('',(6.64265828938E-16,-6.597547507574E-15,-1.));
#9468 = PCURVE('',#8508,#9469);
#9469 = DEFINITIONAL_REPRESENTATION('',(#9470),#9474);
#9470 = LINE('',#9471,#9472);
#9471 = CARTESIAN_POINT('',(5.7568421935,1.7763568394E-15));
#9472 = VECTOR('',#9473,1.);
#9473 = DIRECTION('',(1.886907304469E-16,-1.));
#9474 = ( GEOMETRIC_REPRESENTATION_CONTEXT(2) 
PARAMETRIC_REPRESENTATION_CONTEXT() REPRESENTATION_CONTEXT('2D SPACE',''
  ) );
#9475 = PCURVE('',#8480,#9476);
#9476 = DEFINITIONAL_REPRESENTATION('',(#9477),#9481);
#9477 = LINE('',#9478,#9479);
#9478 = CARTESIAN_POINT('',(-8.329031871658E-16,7.071067811866));
#9479 = VECTOR('',#9480,1.);
#9480 = DIRECTION('',(-1.,0.));
#9481 = ( GEOMETRIC_REPRESENTATION_CONTEXT(2) 
PARAMETRIC_REPRESENTATION_CONTEXT() REPRESENTATION_CONTEXT('2D SPACE',''
  ) );
#9482 = ORIENTED_EDGE('',*,*,#9483,.T.);
#9483 = EDGE_CURVE('',#9461,#8575,#9484,.T.);
#9484 = SURFACE_CURVE('',#9485,(#9489,#9496),.PCURVE_S1.);
#9485 = LINE('',#9486,#9487);
#9486 = CARTESIAN_POINT('',(14.,309.,25.631397208142));
#9487 = VECTOR('',#9488,1.);
#9488 = DIRECTION('',(-3.108532283332E-16,-1.,6.786238238021E-15));
#9489 = PCURVE('',#8508,#9490);
#9490 = DEFINITIONAL_REPRESENTATION('',(#9491),#9495);
#9491 = LINE('',#9492,#9493);
#9492 = CARTESIAN_POINT('',(0.,16.385371427946));
#9493 = VECTOR('',#9494,1.);
#9494 = DIRECTION('',(-1.,0.));
#9495 = ( GEOMETRIC_REPRESENTATION_CONTEXT(2) 
PARAMETRIC_REPRESENTATION_CONTEXT() REPRESENTATION_CONTEXT('2D SPACE',''
  ) );
#9496 = PCURVE('',#8852,#9497);
#9497 = DEFINITIONAL_REPRESENTATION('',(#9498),#9502);
#9498 = LINE('',#9499,#9500);
#9499 = CARTESIAN_POINT('',(52.,1.414213562373));
#9500 = VECTOR('',#9501,1.);
#9501 = DIRECTION('',(1.,0.));
#9502 = ( GEOMETRIC_REPRESENTATION_CONTEXT(2) 
PARAMETRIC_REPRESENTATION_CONTEXT() REPRESENTATION_CONTEXT('2D SPACE',''
  ) );
#9503 = ORIENTED_EDGE('',*,*,#8574,.T.);
#9504 = ORIENTED_EDGE('',*,*,#8492,.T.);
#9505 = ADVANCED_FACE('',(#9506),#5238,.F.);
#9506 = FACE_BOUND('',#9507,.T.);
#9507 = EDGE_LOOP('',(#9508,#9543,#9566,#9587,#9588));
#9508 = ORIENTED_EDGE('',*,*,#9509,.T.);
#9509 = EDGE_CURVE('',#9510,#9512,#9514,.T.);
#9510 = VERTEX_POINT('',#9511);
#9511 = CARTESIAN_POINT('',(23.919183588453,319.7568421935,
    28.831397208142));
#9512 = VERTEX_POINT('',#9513);
#9513 = CARTESIAN_POINT('',(20.,319.7568421935,25.631397208142));
#9514 = SURFACE_CURVE('',#9515,(#9520,#9531),.PCURVE_S1.);
#9515 = CIRCLE('',#9516,4.);
#9516 = AXIS2_PLACEMENT_3D('',#9517,#9518,#9519);
#9517 = CARTESIAN_POINT('',(20.,319.7568421935,29.631397208142));
#9518 = DIRECTION('',(3.108532283332E-16,1.,-6.597547507574E-15));
#9519 = DIRECTION('',(-6.64265828938E-16,6.597547507574E-15,1.));
#9520 = PCURVE('',#5238,#9521);
#9521 = DEFINITIONAL_REPRESENTATION('',(#9522),#9530);
#9522 = ( BOUNDED_CURVE() B_SPLINE_CURVE(2,(#9523,#9524,#9525,#9526,
#9527,#9528,#9529),.UNSPECIFIED.,.T.,.F.) B_SPLINE_CURVE_WITH_KNOTS((1,2
    ,2,2,2,1),(-2.094395102393,0.,2.094395102393,4.188790204786,
6.28318530718,8.377580409573),.UNSPECIFIED.) CURVE() 
GEOMETRIC_REPRESENTATION_ITEM() RATIONAL_B_SPLINE_CURVE((1.,0.5,1.,0.5,
1.,0.5,1.)) REPRESENTATION_ITEM('') );
#9523 = CARTESIAN_POINT('',(24.385371427946,5.));
#9524 = CARTESIAN_POINT('',(24.385371427946,-1.928203230275));
#9525 = CARTESIAN_POINT('',(18.385371427946,1.535898384862));
#9526 = CARTESIAN_POINT('',(12.385371427946,5.));
#9527 = CARTESIAN_POINT('',(18.385371427946,8.464101615138));
#9528 = CARTESIAN_POINT('',(24.385371427946,11.928203230276));
#9529 = CARTESIAN_POINT('',(24.385371427946,5.));
#9530 = ( GEOMETRIC_REPRESENTATION_CONTEXT(2) 
PARAMETRIC_REPRESENTATION_CONTEXT() REPRESENTATION_CONTEXT('2D SPACE',''
  ) );
#9531 = PCURVE('',#9532,#9537);
#9532 = CONICAL_SURFACE('',#9533,4.,0.785398163397);
#9533 = AXIS2_PLACEMENT_3D('',#9534,#9535,#9536);
#9534 = CARTESIAN_POINT('',(20.,319.7568421935,29.631397208142));
#9535 = DIRECTION('',(-3.108532283332E-16,-1.,6.786238238021E-15));
#9536 = DIRECTION('',(1.,-3.108532283331E-16,6.64265828938E-16));
#9537 = DEFINITIONAL_REPRESENTATION('',(#9538),#9542);
#9538 = LINE('',#9539,#9540);
#9539 = CARTESIAN_POINT('',(7.853981633974,2.611899288022E-16));
#9540 = VECTOR('',#9541,1.);
#9541 = DIRECTION('',(-1.,-6.485712798807E-16));
#9542 = ( GEOMETRIC_REPRESENTATION_CONTEXT(2) 
PARAMETRIC_REPRESENTATION_CONTEXT() REPRESENTATION_CONTEXT('2D SPACE',''
  ) );
#9543 = ORIENTED_EDGE('',*,*,#9544,.T.);
#9544 = EDGE_CURVE('',#9512,#9545,#9547,.T.);
#9545 = VERTEX_POINT('',#9546);
#9546 = CARTESIAN_POINT('',(19.,319.7568421935,25.631397208142));
#9547 = SURFACE_CURVE('',#9548,(#9552,#9559),.PCURVE_S1.);
#9548 = LINE('',#9549,#9550);
#9549 = CARTESIAN_POINT('',(19.,319.7568421935,25.631397208142));
#9550 = VECTOR('',#9551,1.);
#9551 = DIRECTION('',(-1.,3.108532283331E-16,-6.64265828938E-16));
#9552 = PCURVE('',#5238,#9553);
#9553 = DEFINITIONAL_REPRESENTATION('',(#9554),#9558);
#9554 = LINE('',#9555,#9556);
#9555 = CARTESIAN_POINT('',(16.385371427946,6.));
#9556 = VECTOR('',#9557,1.);
#9557 = DIRECTION('',(0.,1.));
#9558 = ( GEOMETRIC_REPRESENTATION_CONTEXT(2) 
PARAMETRIC_REPRESENTATION_CONTEXT() REPRESENTATION_CONTEXT('2D SPACE',''
  ) );
#9559 = PCURVE('',#8701,#9560);
#9560 = DEFINITIONAL_REPRESENTATION('',(#9561),#9565);
#9561 = LINE('',#9562,#9563);
#9562 = CARTESIAN_POINT('',(30.5,1.414213562373));
#9563 = VECTOR('',#9564,1.);
#9564 = DIRECTION('',(1.,0.));
#9565 = ( GEOMETRIC_REPRESENTATION_CONTEXT(2) 
PARAMETRIC_REPRESENTATION_CONTEXT() REPRESENTATION_CONTEXT('2D SPACE',''
  ) );
#9566 = ORIENTED_EDGE('',*,*,#9567,.T.);
#9567 = EDGE_CURVE('',#9545,#5169,#9568,.T.);
#9568 = SURFACE_CURVE('',#9569,(#9573,#9580),.PCURVE_S1.);
#9569 = LINE('',#9570,#9571);
#9570 = CARTESIAN_POINT('',(19.,319.7568421935,9.246025780196));
#9571 = VECTOR('',#9572,1.);
#9572 = DIRECTION('',(-6.64265828938E-16,6.597547507574E-15,1.));
#9573 = PCURVE('',#5238,#9574);
#9574 = DEFINITIONAL_REPRESENTATION('',(#9575),#9579);
#9575 = LINE('',#9576,#9577);
#9576 = CARTESIAN_POINT('',(0.,6.));
#9577 = VECTOR('',#9578,1.);
#9578 = DIRECTION('',(1.,0.));
#9579 = ( GEOMETRIC_REPRESENTATION_CONTEXT(2) 
PARAMETRIC_REPRESENTATION_CONTEXT() REPRESENTATION_CONTEXT('2D SPACE',''
  ) );
#9580 = PCURVE('',#8480,#9581);
#9581 = DEFINITIONAL_REPRESENTATION('',(#9582),#9586);
#9582 = LINE('',#9583,#9584);
#9583 = CARTESIAN_POINT('',(0.,0.));
#9584 = VECTOR('',#9585,1.);
#9585 = DIRECTION('',(1.,0.));
#9586 = ( GEOMETRIC_REPRESENTATION_CONTEXT(2) 
PARAMETRIC_REPRESENTATION_CONTEXT() REPRESENTATION_CONTEXT('2D SPACE',''
  ) );
#9587 = ORIENTED_EDGE('',*,*,#5224,.T.);
#9588 = ORIENTED_EDGE('',*,*,#9589,.T.);
#9589 = EDGE_CURVE('',#5197,#9510,#9590,.T.);
#9590 = SURFACE_CURVE('',#9591,(#9595,#9602),.PCURVE_S1.);
#9591 = LINE('',#9592,#9593);
#9592 = CARTESIAN_POINT('',(15.662116834485,319.7568421935,
    23.373820357189));
#9593 = VECTOR('',#9594,1.);
#9594 = DIRECTION('',(0.834241679265,3.378554159817E-15,0.55139896679));
#9595 = PCURVE('',#5238,#9596);
#9596 = DEFINITIONAL_REPRESENTATION('',(#9597),#9601);
#9597 = LINE('',#9598,#9599);
#9598 = CARTESIAN_POINT('',(14.127794576993,9.337883165515));
#9599 = VECTOR('',#9600,1.);
#9600 = DIRECTION('',(0.55139896679,-0.834241679265));
#9601 = ( GEOMETRIC_REPRESENTATION_CONTEXT(2) 
PARAMETRIC_REPRESENTATION_CONTEXT() REPRESENTATION_CONTEXT('2D SPACE',''
  ) );
#9602 = PCURVE('',#5212,#9603);
#9603 = DEFINITIONAL_REPRESENTATION('',(#9604),#9608);
#9604 = LINE('',#9605,#9606);
#9605 = CARTESIAN_POINT('',(-41.2431578065,-9.534977697833));
#9606 = VECTOR('',#9607,1.);
#9607 = DIRECTION('',(-1.040438738113E-16,1.));
#9608 = ( GEOMETRIC_REPRESENTATION_CONTEXT(2) 
PARAMETRIC_REPRESENTATION_CONTEXT() REPRESENTATION_CONTEXT('2D SPACE',''
  ) );
#9609 = ADVANCED_FACE('',(#9610),#8480,.F.);
#9610 = FACE_BOUND('',#9611,.T.);
#9611 = EDGE_LOOP('',(#9612,#9613,#9634,#9635));
#9612 = ORIENTED_EDGE('',*,*,#9567,.F.);
#9613 = ORIENTED_EDGE('',*,*,#9614,.T.);
#9614 = EDGE_CURVE('',#9545,#9461,#9615,.T.);
#9615 = SURFACE_CURVE('',#9616,(#9620,#9627),.PCURVE_S1.);
#9616 = LINE('',#9617,#9618);
#9617 = CARTESIAN_POINT('',(19.,319.7568421935,25.631397208142));
#9618 = VECTOR('',#9619,1.);
#9619 = DIRECTION('',(-0.707106781187,-0.707106781187,4.3288882047E-15)
  );
#9620 = PCURVE('',#8480,#9621);
#9621 = DEFINITIONAL_REPRESENTATION('',(#9622),#9626);
#9622 = LINE('',#9623,#9624);
#9623 = CARTESIAN_POINT('',(16.385371427946,-2.186209908915E-15));
#9624 = VECTOR('',#9625,1.);
#9625 = DIRECTION('',(1.33424495046E-16,1.));
#9626 = ( GEOMETRIC_REPRESENTATION_CONTEXT(2) 
PARAMETRIC_REPRESENTATION_CONTEXT() REPRESENTATION_CONTEXT('2D SPACE',''
  ) );
#9627 = PCURVE('',#8673,#9628);
#9628 = DEFINITIONAL_REPRESENTATION('',(#9629),#9633);
#9629 = LINE('',#9630,#9631);
#9630 = CARTESIAN_POINT('',(50.730073388713,1.414213562373));
#9631 = VECTOR('',#9632,1.);
#9632 = DIRECTION('',(1.,-1.110223024625E-16));
#9633 = ( GEOMETRIC_REPRESENTATION_CONTEXT(2) 
PARAMETRIC_REPRESENTATION_CONTEXT() REPRESENTATION_CONTEXT('2D SPACE',''
  ) );
#9634 = ORIENTED_EDGE('',*,*,#9460,.F.);
#9635 = ORIENTED_EDGE('',*,*,#8464,.F.);
#9636 = ADVANCED_FACE('',(#9637,#9662),#829,.T.);
#9637 = FACE_BOUND('',#9638,.T.);
#9638 = EDGE_LOOP('',(#9639,#9661));
#9639 = ORIENTED_EDGE('',*,*,#9640,.T.);
#9640 = EDGE_CURVE('',#729,#792,#9641,.T.);
#9641 = SURFACE_CURVE('',#9642,(#9647,#9654),.PCURVE_S1.);
#9642 = CIRCLE('',#9643,3.1);
#9643 = AXIS2_PLACEMENT_3D('',#9644,#9645,#9646);
#9644 = CARTESIAN_POINT('',(48.3,370.95929214352,5.749999999996));
#9645 = DIRECTION('',(1.,-3.108532283331E-16,6.64265828938E-16));
#9646 = DIRECTION('',(3.108532283332E-16,1.,-6.786238238021E-15));
#9647 = PCURVE('',#829,#9648);
#9648 = DEFINITIONAL_REPRESENTATION('',(#9649),#9653);
#9649 = CIRCLE('',#9650,3.1);
#9650 = AXIS2_PLACEMENT_2D('',#9651,#9652);
#9651 = CARTESIAN_POINT('',(0.,0.));
#9652 = DIRECTION('',(1.,0.));
#9653 = ( GEOMETRIC_REPRESENTATION_CONTEXT(2) 
PARAMETRIC_REPRESENTATION_CONTEXT() REPRESENTATION_CONTEXT('2D SPACE',''
  ) );
#9654 = PCURVE('',#751,#9655);
#9655 = DEFINITIONAL_REPRESENTATION('',(#9656),#9660);
#9656 = LINE('',#9657,#9658);
#9657 = CARTESIAN_POINT('',(0.,0.));
#9658 = VECTOR('',#9659,1.);
#9659 = DIRECTION('',(1.,0.));
#9660 = ( GEOMETRIC_REPRESENTATION_CONTEXT(2) 
PARAMETRIC_REPRESENTATION_CONTEXT() REPRESENTATION_CONTEXT('2D SPACE',''
  ) );
#9661 = ORIENTED_EDGE('',*,*,#814,.T.);
#9662 = FACE_BOUND('',#9663,.T.);
#9663 = EDGE_LOOP('',(#9664,#9665));
#9664 = ORIENTED_EDGE('',*,*,#5136,.T.);
#9665 = ORIENTED_EDGE('',*,*,#2643,.T.);
#9666 = ADVANCED_FACE('',(#9667),#751,.F.);
#9667 = FACE_BOUND('',#9668,.F.);
#9668 = EDGE_LOOP('',(#9669,#9670,#9671,#9672));
#9669 = ORIENTED_EDGE('',*,*,#6547,.F.);
#9670 = ORIENTED_EDGE('',*,*,#728,.F.);
#9671 = ORIENTED_EDGE('',*,*,#9640,.T.);
#9672 = ORIENTED_EDGE('',*,*,#791,.T.);
#9673 = ADVANCED_FACE('',(#9674,#9699),#713,.T.);
#9674 = FACE_BOUND('',#9675,.T.);
#9675 = EDGE_LOOP('',(#9676,#9698));
#9676 = ORIENTED_EDGE('',*,*,#9677,.T.);
#9677 = EDGE_CURVE('',#613,#676,#9678,.T.);
#9678 = SURFACE_CURVE('',#9679,(#9684,#9691),.PCURVE_S1.);
#9679 = CIRCLE('',#9680,3.1);
#9680 = AXIS2_PLACEMENT_3D('',#9681,#9682,#9683);
#9681 = CARTESIAN_POINT('',(48.3,361.,-11.5));
#9682 = DIRECTION('',(1.,-3.108532283331E-16,6.64265828938E-16));
#9683 = DIRECTION('',(3.108532283332E-16,1.,-6.786238238021E-15));
#9684 = PCURVE('',#713,#9685);
#9685 = DEFINITIONAL_REPRESENTATION('',(#9686),#9690);
#9686 = CIRCLE('',#9687,3.1);
#9687 = AXIS2_PLACEMENT_2D('',#9688,#9689);
#9688 = CARTESIAN_POINT('',(0.,0.));
#9689 = DIRECTION('',(1.,0.));
#9690 = ( GEOMETRIC_REPRESENTATION_CONTEXT(2) 
PARAMETRIC_REPRESENTATION_CONTEXT() REPRESENTATION_CONTEXT('2D SPACE',''
  ) );
#9691 = PCURVE('',#635,#9692);
#9692 = DEFINITIONAL_REPRESENTATION('',(#9693),#9697);
#9693 = LINE('',#9694,#9695);
#9694 = CARTESIAN_POINT('',(0.,0.));
#9695 = VECTOR('',#9696,1.);
#9696 = DIRECTION('',(1.,0.));
#9697 = ( GEOMETRIC_REPRESENTATION_CONTEXT(2) 
PARAMETRIC_REPRESENTATION_CONTEXT() REPRESENTATION_CONTEXT('2D SPACE',''
  ) );
#9698 = ORIENTED_EDGE('',*,*,#698,.T.);
#9699 = FACE_BOUND('',#9700,.T.);
#9700 = EDGE_LOOP('',(#9701,#9702));
#9701 = ORIENTED_EDGE('',*,*,#5083,.T.);
#9702 = ORIENTED_EDGE('',*,*,#2754,.T.);
#9703 = ADVANCED_FACE('',(#9704),#635,.F.);
#9704 = FACE_BOUND('',#9705,.F.);
#9705 = EDGE_LOOP('',(#9706,#9707,#9708,#9709));
#9706 = ORIENTED_EDGE('',*,*,#6489,.F.);
#9707 = ORIENTED_EDGE('',*,*,#612,.F.);
#9708 = ORIENTED_EDGE('',*,*,#9677,.T.);
#9709 = ORIENTED_EDGE('',*,*,#675,.T.);
#9710 = ADVANCED_FACE('',(#9711,#9736),#597,.T.);
#9711 = FACE_BOUND('',#9712,.T.);
#9712 = EDGE_LOOP('',(#9713,#9735));
#9713 = ORIENTED_EDGE('',*,*,#9714,.T.);
#9714 = EDGE_CURVE('',#497,#560,#9715,.T.);
#9715 = SURFACE_CURVE('',#9716,(#9721,#9728),.PCURVE_S1.);
#9716 = CIRCLE('',#9717,3.1);
#9717 = AXIS2_PLACEMENT_3D('',#9718,#9719,#9720);
#9718 = CARTESIAN_POINT('',(48.3,351.04070785647,5.749999999996));
#9719 = DIRECTION('',(1.,-3.108532283331E-16,6.64265828938E-16));
#9720 = DIRECTION('',(3.108532283332E-16,1.,-6.786238238021E-15));
#9721 = PCURVE('',#597,#9722);
#9722 = DEFINITIONAL_REPRESENTATION('',(#9723),#9727);
#9723 = CIRCLE('',#9724,3.1);
#9724 = AXIS2_PLACEMENT_2D('',#9725,#9726);
#9725 = CARTESIAN_POINT('',(0.,0.));
#9726 = DIRECTION('',(1.,0.));
#9727 = ( GEOMETRIC_REPRESENTATION_CONTEXT(2) 
PARAMETRIC_REPRESENTATION_CONTEXT() REPRESENTATION_CONTEXT('2D SPACE',''
  ) );
#9728 = PCURVE('',#519,#9729);
#9729 = DEFINITIONAL_REPRESENTATION('',(#9730),#9734);
#9730 = LINE('',#9731,#9732);
#9731 = CARTESIAN_POINT('',(0.,0.));
#9732 = VECTOR('',#9733,1.);
#9733 = DIRECTION('',(1.,0.));
#9734 = ( GEOMETRIC_REPRESENTATION_CONTEXT(2) 
PARAMETRIC_REPRESENTATION_CONTEXT() REPRESENTATION_CONTEXT('2D SPACE',''
  ) );
#9735 = ORIENTED_EDGE('',*,*,#582,.T.);
#9736 = FACE_BOUND('',#9737,.T.);
#9737 = EDGE_LOOP('',(#9738,#9739));
#9738 = ORIENTED_EDGE('',*,*,#5030,.T.);
#9739 = ORIENTED_EDGE('',*,*,#2865,.T.);
#9740 = ADVANCED_FACE('',(#9741),#519,.F.);
#9741 = FACE_BOUND('',#9742,.F.);
#9742 = EDGE_LOOP('',(#9743,#9744,#9745,#9746));
#9743 = ORIENTED_EDGE('',*,*,#6431,.F.);
#9744 = ORIENTED_EDGE('',*,*,#496,.F.);
#9745 = ORIENTED_EDGE('',*,*,#9714,.T.);
#9746 = ORIENTED_EDGE('',*,*,#559,.T.);
#9747 = ADVANCED_FACE('',(#9748,#9773),#481,.T.);
#9748 = FACE_BOUND('',#9749,.T.);
#9749 = EDGE_LOOP('',(#9750,#9772));
#9750 = ORIENTED_EDGE('',*,*,#9751,.T.);
#9751 = EDGE_CURVE('',#381,#444,#9752,.T.);
#9752 = SURFACE_CURVE('',#9753,(#9758,#9765),.PCURVE_S1.);
#9753 = CIRCLE('',#9754,3.1);
#9754 = AXIS2_PLACEMENT_3D('',#9755,#9756,#9757);
#9755 = CARTESIAN_POINT('',(48.3,361.,10.499999999996));
#9756 = DIRECTION('',(1.,-3.108532283331E-16,6.64265828938E-16));
#9757 = DIRECTION('',(3.108532283332E-16,1.,-6.786238238021E-15));
#9758 = PCURVE('',#481,#9759);
#9759 = DEFINITIONAL_REPRESENTATION('',(#9760),#9764);
#9760 = CIRCLE('',#9761,3.1);
#9761 = AXIS2_PLACEMENT_2D('',#9762,#9763);
#9762 = CARTESIAN_POINT('',(0.,0.));
#9763 = DIRECTION('',(1.,0.));
#9764 = ( GEOMETRIC_REPRESENTATION_CONTEXT(2) 
PARAMETRIC_REPRESENTATION_CONTEXT() REPRESENTATION_CONTEXT('2D SPACE',''
  ) );
#9765 = PCURVE('',#403,#9766);
#9766 = DEFINITIONAL_REPRESENTATION('',(#9767),#9771);
#9767 = LINE('',#9768,#9769);
#9768 = CARTESIAN_POINT('',(0.,0.));
#9769 = VECTOR('',#9770,1.);
#9770 = DIRECTION('',(1.,0.));
#9771 = ( GEOMETRIC_REPRESENTATION_CONTEXT(2) 
PARAMETRIC_REPRESENTATION_CONTEXT() REPRESENTATION_CONTEXT('2D SPACE',''
  ) );
#9772 = ORIENTED_EDGE('',*,*,#466,.T.);
#9773 = FACE_BOUND('',#9774,.T.);
#9774 = EDGE_LOOP('',(#9775,#9776));
#9775 = ORIENTED_EDGE('',*,*,#4977,.T.);
#9776 = ORIENTED_EDGE('',*,*,#2976,.T.);
#9777 = ADVANCED_FACE('',(#9778),#403,.F.);
#9778 = FACE_BOUND('',#9779,.F.);
#9779 = EDGE_LOOP('',(#9780,#9781,#9782,#9783));
#9780 = ORIENTED_EDGE('',*,*,#6576,.F.);
#9781 = ORIENTED_EDGE('',*,*,#380,.F.);
#9782 = ORIENTED_EDGE('',*,*,#9751,.T.);
#9783 = ORIENTED_EDGE('',*,*,#443,.T.);
#9784 = ADVANCED_FACE('',(#9785,#9810),#365,.T.);
#9785 = FACE_BOUND('',#9786,.T.);
#9786 = EDGE_LOOP('',(#9787,#9809));
#9787 = ORIENTED_EDGE('',*,*,#9788,.T.);
#9788 = EDGE_CURVE('',#265,#328,#9789,.T.);
#9789 = SURFACE_CURVE('',#9790,(#9795,#9802),.PCURVE_S1.);
#9790 = CIRCLE('',#9791,3.1);
#9791 = AXIS2_PLACEMENT_3D('',#9792,#9793,#9794);
#9792 = CARTESIAN_POINT('',(48.3,351.90673326026,-5.250000000004));
#9793 = DIRECTION('',(1.,-3.108532283331E-16,6.64265828938E-16));
#9794 = DIRECTION('',(3.108532283332E-16,1.,-6.786238238021E-15));
#9795 = PCURVE('',#365,#9796);
#9796 = DEFINITIONAL_REPRESENTATION('',(#9797),#9801);
#9797 = CIRCLE('',#9798,3.1);
#9798 = AXIS2_PLACEMENT_2D('',#9799,#9800);
#9799 = CARTESIAN_POINT('',(0.,0.));
#9800 = DIRECTION('',(1.,0.));
#9801 = ( GEOMETRIC_REPRESENTATION_CONTEXT(2) 
PARAMETRIC_REPRESENTATION_CONTEXT() REPRESENTATION_CONTEXT('2D SPACE',''
  ) );
#9802 = PCURVE('',#287,#9803);
#9803 = DEFINITIONAL_REPRESENTATION('',(#9804),#9808);
#9804 = LINE('',#9805,#9806);
#9805 = CARTESIAN_POINT('',(0.,0.));
#9806 = VECTOR('',#9807,1.);
#9807 = DIRECTION('',(1.,0.));
#9808 = ( GEOMETRIC_REPRESENTATION_CONTEXT(2) 
PARAMETRIC_REPRESENTATION_CONTEXT() REPRESENTATION_CONTEXT('2D SPACE',''
  ) );
#9809 = ORIENTED_EDGE('',*,*,#350,.T.);
#9810 = FACE_BOUND('',#9811,.T.);
#9811 = EDGE_LOOP('',(#9812,#9813));
#9812 = ORIENTED_EDGE('',*,*,#4924,.T.);
#9813 = ORIENTED_EDGE('',*,*,#3087,.T.);
#9814 = ADVANCED_FACE('',(#9815),#287,.F.);
#9815 = FACE_BOUND('',#9816,.F.);
#9816 = EDGE_LOOP('',(#9817,#9818,#9819,#9820));
#9817 = ORIENTED_EDGE('',*,*,#6460,.F.);
#9818 = ORIENTED_EDGE('',*,*,#264,.F.);
#9819 = ORIENTED_EDGE('',*,*,#9788,.T.);
#9820 = ORIENTED_EDGE('',*,*,#327,.T.);
#9821 = ADVANCED_FACE('',(#9822,#9847),#249,.T.);
#9822 = FACE_BOUND('',#9823,.T.);
#9823 = EDGE_LOOP('',(#9824,#9846));
#9824 = ORIENTED_EDGE('',*,*,#9825,.T.);
#9825 = EDGE_CURVE('',#144,#212,#9826,.T.);
#9826 = SURFACE_CURVE('',#9827,(#9832,#9839),.PCURVE_S1.);
#9827 = CIRCLE('',#9828,3.1);
#9828 = AXIS2_PLACEMENT_3D('',#9829,#9830,#9831);
#9829 = CARTESIAN_POINT('',(48.3,370.09326673973,-5.250000000004));
#9830 = DIRECTION('',(1.,-3.108532283331E-16,6.64265828938E-16));
#9831 = DIRECTION('',(3.108532283332E-16,1.,-6.786238238021E-15));
#9832 = PCURVE('',#249,#9833);
#9833 = DEFINITIONAL_REPRESENTATION('',(#9834),#9838);
#9834 = CIRCLE('',#9835,3.1);
#9835 = AXIS2_PLACEMENT_2D('',#9836,#9837);
#9836 = CARTESIAN_POINT('',(0.,0.));
#9837 = DIRECTION('',(1.,0.));
#9838 = ( GEOMETRIC_REPRESENTATION_CONTEXT(2) 
PARAMETRIC_REPRESENTATION_CONTEXT() REPRESENTATION_CONTEXT('2D SPACE',''
  ) );
#9839 = PCURVE('',#166,#9840);
#9840 = DEFINITIONAL_REPRESENTATION('',(#9841),#9845);
#9841 = LINE('',#9842,#9843);
#9842 = CARTESIAN_POINT('',(0.,0.));
#9843 = VECTOR('',#9844,1.);
#9844 = DIRECTION('',(1.,0.));
#9845 = ( GEOMETRIC_REPRESENTATION_CONTEXT(2) 
PARAMETRIC_REPRESENTATION_CONTEXT() REPRESENTATION_CONTEXT('2D SPACE',''
  ) );
#9846 = ORIENTED_EDGE('',*,*,#234,.T.);
#9847 = FACE_BOUND('',#9848,.T.);
#9848 = EDGE_LOOP('',(#9849,#9850));
#9849 = ORIENTED_EDGE('',*,*,#4871,.T.);
#9850 = ORIENTED_EDGE('',*,*,#3198,.T.);
#9851 = ADVANCED_FACE('',(#9852),#166,.F.);
#9852 = FACE_BOUND('',#9853,.F.);
#9853 = EDGE_LOOP('',(#9854,#9855,#9856,#9857));
#9854 = ORIENTED_EDGE('',*,*,#6518,.F.);
#9855 = ORIENTED_EDGE('',*,*,#143,.F.);
#9856 = ORIENTED_EDGE('',*,*,#9825,.T.);
#9857 = ORIENTED_EDGE('',*,*,#211,.T.);
#9858 = ADVANCED_FACE('',(#9859),#5562,.T.);
#9859 = FACE_BOUND('',#9860,.T.);
#9860 = EDGE_LOOP('',(#9861,#9885,#9906,#9907,#9908,#9930));
#9861 = ORIENTED_EDGE('',*,*,#9862,.T.);
#9862 = EDGE_CURVE('',#8686,#9863,#9865,.T.);
#9863 = VERTEX_POINT('',#9864);
#9864 = CARTESIAN_POINT('',(24.999258355128,318.7568421935,
    29.545281595848));
#9865 = SURFACE_CURVE('',#9866,(#9871,#9878),.PCURVE_S1.);
#9866 = CIRCLE('',#9867,5.);
#9867 = AXIS2_PLACEMENT_3D('',#9868,#9869,#9870);
#9868 = CARTESIAN_POINT('',(20.,318.7568421935,29.631397208142));
#9869 = DIRECTION('',(-3.108532283332E-16,-1.,6.786238238021E-15));
#9870 = DIRECTION('',(1.,-3.108532283331E-16,6.64265828938E-16));
#9871 = PCURVE('',#5562,#9872);
#9872 = DEFINITIONAL_REPRESENTATION('',(#9873),#9877);
#9873 = LINE('',#9874,#9875);
#9874 = CARTESIAN_POINT('',(9.424777960769,-42.2431578065));
#9875 = VECTOR('',#9876,1.);
#9876 = DIRECTION('',(-1.,0.));
#9877 = ( GEOMETRIC_REPRESENTATION_CONTEXT(2) 
PARAMETRIC_REPRESENTATION_CONTEXT() REPRESENTATION_CONTEXT('2D SPACE',''
  ) );
#9878 = PCURVE('',#9532,#9879);
#9879 = DEFINITIONAL_REPRESENTATION('',(#9880),#9884);
#9880 = LINE('',#9881,#9882);
#9881 = CARTESIAN_POINT('',(0.,1.));
#9882 = VECTOR('',#9883,1.);
#9883 = DIRECTION('',(1.,8.085069000781E-16));
#9884 = ( GEOMETRIC_REPRESENTATION_CONTEXT(2) 
PARAMETRIC_REPRESENTATION_CONTEXT() REPRESENTATION_CONTEXT('2D SPACE',''
  ) );
#9885 = ORIENTED_EDGE('',*,*,#9886,.T.);
#9886 = EDGE_CURVE('',#9863,#7014,#9887,.T.);
#9887 = SURFACE_CURVE('',#9888,(#9892,#9899),.PCURVE_S1.);
#9888 = LINE('',#9889,#9890);
#9889 = CARTESIAN_POINT('',(24.999258355128,361.,29.545281595848));
#9890 = VECTOR('',#9891,1.);
#9891 = DIRECTION('',(3.108532283332E-16,1.,-6.786238238021E-15));
#9892 = PCURVE('',#5562,#9893);
#9893 = DEFINITIONAL_REPRESENTATION('',(#9894),#9898);
#9894 = LINE('',#9895,#9896);
#9895 = CARTESIAN_POINT('',(3.158816627662,0.));
#9896 = VECTOR('',#9897,1.);
#9897 = DIRECTION('',(0.,1.));
#9898 = ( GEOMETRIC_REPRESENTATION_CONTEXT(2) 
PARAMETRIC_REPRESENTATION_CONTEXT() REPRESENTATION_CONTEXT('2D SPACE',''
  ) );
#9899 = PCURVE('',#5212,#9900);
#9900 = DEFINITIONAL_REPRESENTATION('',(#9901),#9905);
#9901 = LINE('',#9902,#9903);
#9902 = CARTESIAN_POINT('',(-1.886907304469E-16,1.657392274465));
#9903 = VECTOR('',#9904,1.);
#9904 = DIRECTION('',(1.,0.));
#9905 = ( GEOMETRIC_REPRESENTATION_CONTEXT(2) 
PARAMETRIC_REPRESENTATION_CONTEXT() REPRESENTATION_CONTEXT('2D SPACE',''
  ) );
#9906 = ORIENTED_EDGE('',*,*,#7134,.F.);
#9907 = ORIENTED_EDGE('',*,*,#5546,.F.);
#9908 = ORIENTED_EDGE('',*,*,#9909,.T.);
#9909 = EDGE_CURVE('',#5524,#8714,#9910,.T.);
#9910 = SURFACE_CURVE('',#9911,(#9916,#9923),.PCURVE_S1.);
#9911 = CIRCLE('',#9912,5.);
#9912 = AXIS2_PLACEMENT_3D('',#9913,#9914,#9915);
#9913 = CARTESIAN_POINT('',(20.,266.,29.631397208142));
#9914 = DIRECTION('',(3.108532283332E-16,1.,-6.786238238021E-15));
#9915 = DIRECTION('',(-1.,3.108532283331E-16,-6.64265828938E-16));
#9916 = PCURVE('',#5562,#9917);
#9917 = DEFINITIONAL_REPRESENTATION('',(#9918),#9922);
#9918 = LINE('',#9919,#9920);
#9919 = CARTESIAN_POINT('',(0.,-95.));
#9920 = VECTOR('',#9921,1.);
#9921 = DIRECTION('',(1.,0.));
#9922 = ( GEOMETRIC_REPRESENTATION_CONTEXT(2) 
PARAMETRIC_REPRESENTATION_CONTEXT() REPRESENTATION_CONTEXT('2D SPACE',''
  ) );
#9923 = PCURVE('',#4571,#9924);
#9924 = DEFINITIONAL_REPRESENTATION('',(#9925),#9929);
#9925 = LINE('',#9926,#9927);
#9926 = CARTESIAN_POINT('',(0.,1.));
#9927 = VECTOR('',#9928,1.);
#9928 = DIRECTION('',(1.,0.));
#9929 = ( GEOMETRIC_REPRESENTATION_CONTEXT(2) 
PARAMETRIC_REPRESENTATION_CONTEXT() REPRESENTATION_CONTEXT('2D SPACE',''
  ) );
#9930 = ORIENTED_EDGE('',*,*,#8713,.F.);
#9931 = ADVANCED_FACE('',(#9932),#5511,.T.);
#9932 = FACE_BOUND('',#9933,.T.);
#9933 = EDGE_LOOP('',(#9934,#9935,#9958,#9980,#9981,#10003));
#9934 = ORIENTED_EDGE('',*,*,#6866,.F.);
#9935 = ORIENTED_EDGE('',*,*,#9936,.T.);
#9936 = EDGE_CURVE('',#6844,#9937,#9939,.T.);
#9937 = VERTEX_POINT('',#9938);
#9938 = CARTESIAN_POINT('',(24.999258355128,332.,65.717512820436));
#9939 = SURFACE_CURVE('',#9940,(#9944,#9951),.PCURVE_S1.);
#9940 = LINE('',#9941,#9942);
#9941 = CARTESIAN_POINT('',(24.999258355128,361.,65.717512820436));
#9942 = VECTOR('',#9943,1.);
#9943 = DIRECTION('',(-3.108532283332E-16,-1.,6.786238238021E-15));
#9944 = PCURVE('',#5511,#9945);
#9945 = DEFINITIONAL_REPRESENTATION('',(#9946),#9950);
#9946 = LINE('',#9947,#9948);
#9947 = CARTESIAN_POINT('',(3.124368679518,0.));
#9948 = VECTOR('',#9949,1.);
#9949 = DIRECTION('',(0.,-1.));
#9950 = ( GEOMETRIC_REPRESENTATION_CONTEXT(2) 
PARAMETRIC_REPRESENTATION_CONTEXT() REPRESENTATION_CONTEXT('2D SPACE',''
  ) );
#9951 = PCURVE('',#5304,#9952);
#9952 = DEFINITIONAL_REPRESENTATION('',(#9953),#9957);
#9953 = LINE('',#9954,#9955);
#9954 = CARTESIAN_POINT('',(2.12711133817E-16,1.657392274465));
#9955 = VECTOR('',#9956,1.);
#9956 = DIRECTION('',(-1.,0.));
#9957 = ( GEOMETRIC_REPRESENTATION_CONTEXT(2) 
PARAMETRIC_REPRESENTATION_CONTEXT() REPRESENTATION_CONTEXT('2D SPACE',''
  ) );
#9958 = ORIENTED_EDGE('',*,*,#9959,.T.);
#9959 = EDGE_CURVE('',#9937,#8172,#9960,.T.);
#9960 = SURFACE_CURVE('',#9961,(#9966,#9973),.PCURVE_S1.);
#9961 = CIRCLE('',#9962,5.);
#9962 = AXIS2_PLACEMENT_3D('',#9963,#9964,#9965);
#9963 = CARTESIAN_POINT('',(20.,332.,65.631397208142));
#9964 = DIRECTION('',(-3.108532283332E-16,-1.,6.786238238021E-15));
#9965 = DIRECTION('',(1.,-3.108532283331E-16,6.64265828938E-16));
#9966 = PCURVE('',#5511,#9967);
#9967 = DEFINITIONAL_REPRESENTATION('',(#9968),#9972);
#9968 = LINE('',#9969,#9970);
#9969 = CARTESIAN_POINT('',(3.14159265359,-29.));
#9970 = VECTOR('',#9971,1.);
#9971 = DIRECTION('',(-1.,0.));
#9972 = ( GEOMETRIC_REPRESENTATION_CONTEXT(2) 
PARAMETRIC_REPRESENTATION_CONTEXT() REPRESENTATION_CONTEXT('2D SPACE',''
  ) );
#9973 = PCURVE('',#9374,#9974);
#9974 = DEFINITIONAL_REPRESENTATION('',(#9975),#9979);
#9975 = LINE('',#9976,#9977);
#9976 = CARTESIAN_POINT('',(1.734723475977E-17,1.));
#9977 = VECTOR('',#9978,1.);
#9978 = DIRECTION('',(1.,0.));
#9979 = ( GEOMETRIC_REPRESENTATION_CONTEXT(2) 
PARAMETRIC_REPRESENTATION_CONTEXT() REPRESENTATION_CONTEXT('2D SPACE',''
  ) );
#9980 = ORIENTED_EDGE('',*,*,#8169,.F.);
#9981 = ORIENTED_EDGE('',*,*,#9982,.T.);
#9982 = EDGE_CURVE('',#8170,#5491,#9983,.T.);
#9983 = SURFACE_CURVE('',#9984,(#9989,#9996),.PCURVE_S1.);
#9984 = CIRCLE('',#9985,5.);
#9985 = AXIS2_PLACEMENT_3D('',#9986,#9987,#9988);
#9986 = CARTESIAN_POINT('',(20.,266.,65.631397208142));
#9987 = DIRECTION('',(3.108532283332E-16,1.,-6.786238238021E-15));
#9988 = DIRECTION('',(-1.,3.108532283331E-16,-6.64265828938E-16));
#9989 = PCURVE('',#5511,#9990);
#9990 = DEFINITIONAL_REPRESENTATION('',(#9991),#9995);
#9991 = LINE('',#9992,#9993);
#9992 = CARTESIAN_POINT('',(0.,-95.));
#9993 = VECTOR('',#9994,1.);
#9994 = DIRECTION('',(1.,0.));
#9995 = ( GEOMETRIC_REPRESENTATION_CONTEXT(2) 
PARAMETRIC_REPRESENTATION_CONTEXT() REPRESENTATION_CONTEXT('2D SPACE',''
  ) );
#9996 = PCURVE('',#4632,#9997);
#9997 = DEFINITIONAL_REPRESENTATION('',(#9998),#10002);
#9998 = LINE('',#9999,#10000);
#9999 = CARTESIAN_POINT('',(0.,1.));
#10000 = VECTOR('',#10001,1.);
#10001 = DIRECTION('',(1.,0.));
#10002 = ( GEOMETRIC_REPRESENTATION_CONTEXT(2) 
PARAMETRIC_REPRESENTATION_CONTEXT() REPRESENTATION_CONTEXT('2D SPACE',''
  ) );
#10003 = ORIENTED_EDGE('',*,*,#5488,.F.);
#10004 = ADVANCED_FACE('',(#10005),#8775,.T.);
#10005 = FACE_BOUND('',#10006,.T.);
#10006 = EDGE_LOOP('',(#10007,#10008,#10030,#10031));
#10007 = ORIENTED_EDGE('',*,*,#9211,.F.);
#10008 = ORIENTED_EDGE('',*,*,#10009,.T.);
#10009 = EDGE_CURVE('',#9189,#8760,#10010,.T.);
#10010 = SURFACE_CURVE('',#10011,(#10016,#10023),.PCURVE_S1.);
#10011 = CIRCLE('',#10012,5.);
#10012 = AXIS2_PLACEMENT_3D('',#10013,#10014,#10015);
#10013 = CARTESIAN_POINT('',(-18.,294.,29.631397208142));
#10014 = DIRECTION('',(-3.108532283332E-16,-1.,6.786238238021E-15));
#10015 = DIRECTION('',(1.,-3.108532283331E-16,6.64265828938E-16));
#10016 = PCURVE('',#8775,#10017);
#10017 = DEFINITIONAL_REPRESENTATION('',(#10018),#10022);
#10018 = LINE('',#10019,#10020);
#10019 = CARTESIAN_POINT('',(0.,67.));
#10020 = VECTOR('',#10021,1.);
#10021 = DIRECTION('',(1.,0.));
#10022 = ( GEOMETRIC_REPRESENTATION_CONTEXT(2) 
PARAMETRIC_REPRESENTATION_CONTEXT() REPRESENTATION_CONTEXT('2D SPACE',''
  ) );
#10023 = PCURVE('',#9057,#10024);
#10024 = DEFINITIONAL_REPRESENTATION('',(#10025),#10029);
#10025 = LINE('',#10026,#10027);
#10026 = CARTESIAN_POINT('',(0.,1.));
#10027 = VECTOR('',#10028,1.);
#10028 = DIRECTION('',(1.,1.099507094008E-15));
#10029 = ( GEOMETRIC_REPRESENTATION_CONTEXT(2) 
PARAMETRIC_REPRESENTATION_CONTEXT() REPRESENTATION_CONTEXT('2D SPACE',''
  ) );
#10030 = ORIENTED_EDGE('',*,*,#8759,.F.);
#10031 = ORIENTED_EDGE('',*,*,#10032,.T.);
#10032 = EDGE_CURVE('',#8737,#9212,#10033,.T.);
#10033 = SURFACE_CURVE('',#10034,(#10039,#10046),.PCURVE_S1.);
#10034 = CIRCLE('',#10035,5.);
#10035 = AXIS2_PLACEMENT_3D('',#10036,#10037,#10038);
#10036 = CARTESIAN_POINT('',(-18.,266.,29.631397208142));
#10037 = DIRECTION('',(3.108532283332E-16,1.,-6.786238238021E-15));
#10038 = DIRECTION('',(-1.,3.108532283331E-16,-6.64265828938E-16));
#10039 = PCURVE('',#8775,#10040);
#10040 = DEFINITIONAL_REPRESENTATION('',(#10041),#10045);
#10041 = LINE('',#10042,#10043);
#10042 = CARTESIAN_POINT('',(9.424777960769,95.));
#10043 = VECTOR('',#10044,1.);
#10044 = DIRECTION('',(-1.,0.));
#10045 = ( GEOMETRIC_REPRESENTATION_CONTEXT(2) 
PARAMETRIC_REPRESENTATION_CONTEXT() REPRESENTATION_CONTEXT('2D SPACE',''
  ) );
#10046 = PCURVE('',#4510,#10047);
#10047 = DEFINITIONAL_REPRESENTATION('',(#10048),#10052);
#10048 = LINE('',#10049,#10050);
#10049 = CARTESIAN_POINT('',(0.,1.));
#10050 = VECTOR('',#10051,1.);
#10051 = DIRECTION('',(1.,-1.099507094008E-15));
#10052 = ( GEOMETRIC_REPRESENTATION_CONTEXT(2) 
PARAMETRIC_REPRESENTATION_CONTEXT() REPRESENTATION_CONTEXT('2D SPACE',''
  ) );
#10053 = ADVANCED_FACE('',(#10054),#8350,.T.);
#10054 = FACE_BOUND('',#10055,.T.);
#10055 = EDGE_LOOP('',(#10056,#10057,#10079,#10080));
#10056 = ORIENTED_EDGE('',*,*,#8334,.F.);
#10057 = ORIENTED_EDGE('',*,*,#10058,.T.);
#10058 = EDGE_CURVE('',#8307,#9161,#10059,.T.);
#10059 = SURFACE_CURVE('',#10060,(#10065,#10072),.PCURVE_S1.);
#10060 = CIRCLE('',#10061,5.);
#10061 = AXIS2_PLACEMENT_3D('',#10062,#10063,#10064);
#10062 = CARTESIAN_POINT('',(-18.,294.,65.631397208142));
#10063 = DIRECTION('',(-3.108532283332E-16,-1.,6.786238238021E-15));
#10064 = DIRECTION('',(1.,-3.108532283331E-16,6.64265828938E-16));
#10065 = PCURVE('',#8350,#10066);
#10066 = DEFINITIONAL_REPRESENTATION('',(#10067),#10071);
#10067 = LINE('',#10068,#10069);
#10068 = CARTESIAN_POINT('',(0.,67.));
#10069 = VECTOR('',#10070,1.);
#10070 = DIRECTION('',(1.,0.));
#10071 = ( GEOMETRIC_REPRESENTATION_CONTEXT(2) 
PARAMETRIC_REPRESENTATION_CONTEXT() REPRESENTATION_CONTEXT('2D SPACE',''
  ) );
#10072 = PCURVE('',#9118,#10073);
#10073 = DEFINITIONAL_REPRESENTATION('',(#10074),#10078);
#10074 = LINE('',#10075,#10076);
#10075 = CARTESIAN_POINT('',(0.,1.));
#10076 = VECTOR('',#10077,1.);
#10077 = DIRECTION('',(1.,0.));
#10078 = ( GEOMETRIC_REPRESENTATION_CONTEXT(2) 
PARAMETRIC_REPRESENTATION_CONTEXT() REPRESENTATION_CONTEXT('2D SPACE',''
  ) );
#10079 = ORIENTED_EDGE('',*,*,#9158,.F.);
#10080 = ORIENTED_EDGE('',*,*,#10081,.T.);
#10081 = EDGE_CURVE('',#9159,#8335,#10082,.T.);
#10082 = SURFACE_CURVE('',#10083,(#10088,#10095),.PCURVE_S1.);
#10083 = CIRCLE('',#10084,5.);
#10084 = AXIS2_PLACEMENT_3D('',#10085,#10086,#10087);
#10085 = CARTESIAN_POINT('',(-18.,266.,65.631397208142));
#10086 = DIRECTION('',(3.108532283332E-16,1.,-6.786238238021E-15));
#10087 = DIRECTION('',(-1.,3.108532283331E-16,-6.64265828938E-16));
#10088 = PCURVE('',#8350,#10089);
#10089 = DEFINITIONAL_REPRESENTATION('',(#10090),#10094);
#10090 = LINE('',#10091,#10092);
#10091 = CARTESIAN_POINT('',(3.14159265359,95.));
#10092 = VECTOR('',#10093,1.);
#10093 = DIRECTION('',(-1.,0.));
#10094 = ( GEOMETRIC_REPRESENTATION_CONTEXT(2) 
PARAMETRIC_REPRESENTATION_CONTEXT() REPRESENTATION_CONTEXT('2D SPACE',''
  ) );
#10095 = PCURVE('',#4693,#10096);
#10096 = DEFINITIONAL_REPRESENTATION('',(#10097),#10101);
#10097 = LINE('',#10098,#10099);
#10098 = CARTESIAN_POINT('',(0.,1.));
#10099 = VECTOR('',#10100,1.);
#10100 = DIRECTION('',(1.,0.));
#10101 = ( GEOMETRIC_REPRESENTATION_CONTEXT(2) 
PARAMETRIC_REPRESENTATION_CONTEXT() REPRESENTATION_CONTEXT('2D SPACE',''
  ) );
#10102 = ADVANCED_FACE('',(#10103),#5304,.F.);
#10103 = FACE_BOUND('',#10104,.T.);
#10104 = EDGE_LOOP('',(#10105,#10106,#10107,#10152,#10153));
#10105 = ORIENTED_EDGE('',*,*,#5288,.F.);
#10106 = ORIENTED_EDGE('',*,*,#9386,.F.);
#10107 = ORIENTED_EDGE('',*,*,#10108,.F.);
#10108 = EDGE_CURVE('',#9937,#9354,#10109,.T.);
#10109 = SURFACE_CURVE('',#10110,(#10115,#10123),.PCURVE_S1.);
#10110 = B_SPLINE_CURVE_WITH_KNOTS('',3,(#10111,#10112,#10113,#10114),
  .UNSPECIFIED.,.F.,.F.,(4,4),(0.,1.635907216384E-03),
  .PIECEWISE_BEZIER_KNOTS.);
#10111 = CARTESIAN_POINT('',(24.999258355128,332.,65.717512820436));
#10112 = CARTESIAN_POINT('',(24.648105985162,332.34710284754,
    65.949609895898));
#10113 = CARTESIAN_POINT('',(24.290950277422,332.68488897962,
    66.185674927321));
#10114 = CARTESIAN_POINT('',(23.919183588453,333.,66.431397208142));
#10115 = PCURVE('',#5304,#10116);
#10116 = DEFINITIONAL_REPRESENTATION('',(#10117),#10122);
#10117 = B_SPLINE_CURVE_WITH_KNOTS('',3,(#10118,#10119,#10120,#10121),
  .UNSPECIFIED.,.F.,.F.,(4,4),(0.,1.635907216384E-03),
  .PIECEWISE_BEZIER_KNOTS.);
#10118 = CARTESIAN_POINT('',(-29.,1.657392274465));
#10119 = CARTESIAN_POINT('',(-28.65289715245,1.236468244062));
#10120 = CARTESIAN_POINT('',(-28.31511102037,0.808348052256));
#10121 = CARTESIAN_POINT('',(-28.,0.362713773593));
#10122 = ( GEOMETRIC_REPRESENTATION_CONTEXT(2) 
PARAMETRIC_REPRESENTATION_CONTEXT() REPRESENTATION_CONTEXT('2D SPACE',''
  ) );
#10123 = PCURVE('',#9374,#10124);
#10124 = DEFINITIONAL_REPRESENTATION('',(#10125),#10151);
#10125 = B_SPLINE_CURVE_WITH_KNOTS('',3,(#10126,#10127,#10128,#10129,
    #10130,#10131,#10132,#10133,#10134,#10135,#10136,#10137,#10138,
    #10139,#10140,#10141,#10142,#10143,#10144,#10145,#10146,#10147,
    #10148,#10149,#10150),.UNSPECIFIED.,.F.,.F.,(4,1,1,1,1,1,1,1,1,1,1,1
    ,1,1,1,1,1,1,1,1,1,1,4),(0.,7.435941892657E-05,1.487188378531E-04,
    2.230782567797E-04,2.974376757063E-04,3.717970946328E-04,
    4.461565135594E-04,5.20515932486E-04,5.948753514125E-04,
    6.692347703391E-04,7.435941892657E-04,8.179536081922E-04,
    8.923130271188E-04,9.666724460454E-04,1.041031864972E-03,
    1.115391283898E-03,1.189750702825E-03,1.264110121752E-03,
    1.338469540678E-03,1.412828959605E-03,1.487188378531E-03,
    1.561547797458E-03,1.635907216384E-03),.QUASI_UNIFORM_KNOTS.);
#10126 = CARTESIAN_POINT('',(1.722397407201E-02,1.));
#10127 = CARTESIAN_POINT('',(1.938862864315E-02,0.984222612989));
#10128 = CARTESIAN_POINT('',(2.376223628925E-02,0.952709913085));
#10129 = CARTESIAN_POINT('',(3.045996223506E-02,0.905572223926));
#10130 = CARTESIAN_POINT('',(3.729935993422E-02,0.858570960415));
#10131 = CARTESIAN_POINT('',(4.428500257293E-02,0.811711444394));
#10132 = CARTESIAN_POINT('',(5.142161140503E-02,0.764999177988));
#10133 = CARTESIAN_POINT('',(5.87140805098E-02,0.718439876658));
#10134 = CARTESIAN_POINT('',(6.616747674566E-02,0.672039473518));
#10135 = CARTESIAN_POINT('',(7.378704632082E-02,0.625804132038));
#10136 = CARTESIAN_POINT('',(8.157821951813E-02,0.579740257217));
#10137 = CARTESIAN_POINT('',(8.954661579114E-02,0.533854507902));
#10138 = CARTESIAN_POINT('',(9.769804857829E-02,0.488153809582));
#10139 = CARTESIAN_POINT('',(0.106038529943,0.442645367847));
#10140 = CARTESIAN_POINT('',(0.114574274931,0.397336682501));
#10141 = CARTESIAN_POINT('',(0.12331170559,0.352235562359));
#10142 = CARTESIAN_POINT('',(0.132257454548,0.307350140714));
#10143 = CARTESIAN_POINT('',(0.14141836812,0.262688891615));
#10144 = CARTESIAN_POINT('',(0.150801508608,0.218260646486));
#10145 = CARTESIAN_POINT('',(0.160414156512,0.174074612929));
#10146 = CARTESIAN_POINT('',(0.170263809421,0.130140388835));
#10147 = CARTESIAN_POINT('',(0.180358188949,8.646799747026E-02));
#10148 = CARTESIAN_POINT('',(0.190705212602,4.30678477879E-02));
#10149 = CARTESIAN_POINT('',(0.197777131286,1.432326738328E-02));
#10150 = CARTESIAN_POINT('',(0.20135792079,8.881784197001E-16));
#10151 = ( GEOMETRIC_REPRESENTATION_CONTEXT(2) 
PARAMETRIC_REPRESENTATION_CONTEXT() REPRESENTATION_CONTEXT('2D SPACE',''
  ) );
#10152 = ORIENTED_EDGE('',*,*,#9936,.F.);
#10153 = ORIENTED_EDGE('',*,*,#6843,.F.);
#10154 = ADVANCED_FACE('',(#10155),#9374,.T.);
#10155 = FACE_BOUND('',#10156,.T.);
#10156 = EDGE_LOOP('',(#10157,#10158,#10159,#10180));
#10157 = ORIENTED_EDGE('',*,*,#10108,.T.);
#10158 = ORIENTED_EDGE('',*,*,#9353,.F.);
#10159 = ORIENTED_EDGE('',*,*,#10160,.F.);
#10160 = EDGE_CURVE('',#8172,#9331,#10161,.T.);
#10161 = SURFACE_CURVE('',#10162,(#10166,#10173),.PCURVE_S1.);
#10162 = LINE('',#10163,#10164);
#10163 = CARTESIAN_POINT('',(20.,332.,70.631397208142));
#10164 = VECTOR('',#10165,1.);
#10165 = DIRECTION('',(6.895132978607E-16,0.707106781187,-0.707106781187
    ));
#10166 = PCURVE('',#9374,#10167);
#10167 = DEFINITIONAL_REPRESENTATION('',(#10168),#10172);
#10168 = LINE('',#10169,#10170);
#10169 = CARTESIAN_POINT('',(1.570796326795,1.));
#10170 = VECTOR('',#10171,1.);
#10171 = DIRECTION('',(0.,-1.));
#10172 = ( GEOMETRIC_REPRESENTATION_CONTEXT(2) 
PARAMETRIC_REPRESENTATION_CONTEXT() REPRESENTATION_CONTEXT('2D SPACE',''
  ) );
#10173 = PCURVE('',#8215,#10174);
#10174 = DEFINITIONAL_REPRESENTATION('',(#10175),#10179);
#10175 = LINE('',#10176,#10177);
#10176 = CARTESIAN_POINT('',(-5.,1.414213562373));
#10177 = VECTOR('',#10178,1.);
#10178 = DIRECTION('',(-0.,-1.));
#10179 = ( GEOMETRIC_REPRESENTATION_CONTEXT(2) 
PARAMETRIC_REPRESENTATION_CONTEXT() REPRESENTATION_CONTEXT('2D SPACE',''
  ) );
#10180 = ORIENTED_EDGE('',*,*,#9959,.F.);
#10181 = ADVANCED_FACE('',(#10182),#8215,.F.);
#10182 = FACE_BOUND('',#10183,.T.);
#10183 = EDGE_LOOP('',(#10184,#10185,#10186,#10207));
#10184 = ORIENTED_EDGE('',*,*,#10160,.T.);
#10185 = ORIENTED_EDGE('',*,*,#9330,.F.);
#10186 = ORIENTED_EDGE('',*,*,#10187,.F.);
#10187 = EDGE_CURVE('',#8200,#9308,#10188,.T.);
#10188 = SURFACE_CURVE('',#10189,(#10193,#10200),.PCURVE_S1.);
#10189 = LINE('',#10190,#10191);
#10190 = CARTESIAN_POINT('',(16.113238498726,339.96925876771,
    62.662138440431));
#10191 = VECTOR('',#10192,1.);
#10192 = DIRECTION('',(-0.281084637715,0.678598344546,-0.678598344546));
#10193 = PCURVE('',#8215,#10194);
#10194 = DEFINITIONAL_REPRESENTATION('',(#10195),#10199);
#10195 = LINE('',#10196,#10197);
#10196 = CARTESIAN_POINT('',(-8.886761501274,-9.856020268985));
#10197 = VECTOR('',#10198,1.);
#10198 = DIRECTION('',(-0.281084637715,-0.959682982261));
#10199 = ( GEOMETRIC_REPRESENTATION_CONTEXT(2) 
PARAMETRIC_REPRESENTATION_CONTEXT() REPRESENTATION_CONTEXT('2D SPACE',''
  ) );
#10200 = PCURVE('',#8243,#10201);
#10201 = DEFINITIONAL_REPRESENTATION('',(#10202),#10206);
#10202 = LINE('',#10203,#10204);
#10203 = CARTESIAN_POINT('',(38.478985198139,11.270233831358));
#10204 = VECTOR('',#10205,1.);
#10205 = DIRECTION('',(-0.281084637715,0.959682982261));
#10206 = ( GEOMETRIC_REPRESENTATION_CONTEXT(2) 
PARAMETRIC_REPRESENTATION_CONTEXT() REPRESENTATION_CONTEXT('2D SPACE',''
  ) );
#10207 = ORIENTED_EDGE('',*,*,#8199,.F.);
#10208 = ADVANCED_FACE('',(#10209),#8243,.F.);
#10209 = FACE_BOUND('',#10210,.T.);
#10210 = EDGE_LOOP('',(#10211,#10212,#10213,#10234));
#10211 = ORIENTED_EDGE('',*,*,#10187,.T.);
#10212 = ORIENTED_EDGE('',*,*,#9434,.F.);
#10213 = ORIENTED_EDGE('',*,*,#10214,.F.);
#10214 = EDGE_CURVE('',#8228,#9260,#10215,.T.);
#10215 = SURFACE_CURVE('',#10216,(#10220,#10227),.PCURVE_S1.);
#10216 = LINE('',#10217,#10218);
#10217 = CARTESIAN_POINT('',(17.62412782678,326.49883710237,
    73.255525034923));
#10218 = VECTOR('',#10219,1.);
#10219 = DIRECTION('',(-0.678598344546,0.281084637715,-0.678598344546));
#10220 = PCURVE('',#8243,#10221);
#10221 = DEFINITIONAL_REPRESENTATION('',(#10222),#10226);
#10222 = LINE('',#10223,#10224);
#10223 = CARTESIAN_POINT('',(46.935651613652,-3.711077162034));
#10224 = VECTOR('',#10225,1.);
#10225 = DIRECTION('',(0.281084637715,0.959682982261));
#10226 = ( GEOMETRIC_REPRESENTATION_CONTEXT(2) 
PARAMETRIC_REPRESENTATION_CONTEXT() REPRESENTATION_CONTEXT('2D SPACE',''
  ) );
#10227 = PCURVE('',#8271,#10228);
#10228 = DEFINITIONAL_REPRESENTATION('',(#10229),#10233);
#10229 = LINE('',#10230,#10231);
#10230 = CARTESIAN_POINT('',(17.498837102374,5.125290724407));
#10231 = VECTOR('',#10232,1.);
#10232 = DIRECTION('',(0.281084637715,-0.959682982261));
#10233 = ( GEOMETRIC_REPRESENTATION_CONTEXT(2) 
PARAMETRIC_REPRESENTATION_CONTEXT() REPRESENTATION_CONTEXT('2D SPACE',''
  ) );
#10234 = ORIENTED_EDGE('',*,*,#8227,.F.);
#10235 = ADVANCED_FACE('',(#10236),#8271,.F.);
#10236 = FACE_BOUND('',#10237,.T.);
#10237 = EDGE_LOOP('',(#10238,#10239,#10240,#10261));
#10238 = ORIENTED_EDGE('',*,*,#10214,.T.);
#10239 = ORIENTED_EDGE('',*,*,#9259,.F.);
#10240 = ORIENTED_EDGE('',*,*,#10241,.F.);
#10241 = EDGE_CURVE('',#8256,#8090,#10242,.T.);
#10242 = SURFACE_CURVE('',#10243,(#10247,#10254),.PCURVE_S1.);
#10243 = LINE('',#10244,#10245);
#10244 = CARTESIAN_POINT('',(14.,309.,69.631397208142));
#10245 = VECTOR('',#10246,1.);
#10246 = DIRECTION('',(-0.678598344546,0.281084637715,-0.678598344546));
#10247 = PCURVE('',#8271,#10248);
#10248 = DEFINITIONAL_REPRESENTATION('',(#10249),#10253);
#10249 = LINE('',#10250,#10251);
#10250 = CARTESIAN_POINT('',(0.,0.));
#10251 = VECTOR('',#10252,1.);
#10252 = DIRECTION('',(0.281084637715,-0.959682982261));
#10253 = ( GEOMETRIC_REPRESENTATION_CONTEXT(2) 
PARAMETRIC_REPRESENTATION_CONTEXT() REPRESENTATION_CONTEXT('2D SPACE',''
  ) );
#10254 = PCURVE('',#8105,#10255);
#10255 = DEFINITIONAL_REPRESENTATION('',(#10256),#10260);
#10256 = LINE('',#10257,#10258);
#10257 = CARTESIAN_POINT('',(61.871843353823,1.414213562373));
#10258 = VECTOR('',#10259,1.);
#10259 = DIRECTION('',(0.281084637715,0.959682982261));
#10260 = ( GEOMETRIC_REPRESENTATION_CONTEXT(2) 
PARAMETRIC_REPRESENTATION_CONTEXT() REPRESENTATION_CONTEXT('2D SPACE',''
  ) );
#10261 = ORIENTED_EDGE('',*,*,#8255,.F.);
#10262 = ADVANCED_FACE('',(#10263),#8105,.F.);
#10263 = FACE_BOUND('',#10264,.T.);
#10264 = EDGE_LOOP('',(#10265,#10266,#10267,#10288));
#10265 = ORIENTED_EDGE('',*,*,#10241,.T.);
#10266 = ORIENTED_EDGE('',*,*,#8089,.F.);
#10267 = ORIENTED_EDGE('',*,*,#10268,.F.);
#10268 = EDGE_CURVE('',#8284,#8062,#10269,.T.);
#10269 = SURFACE_CURVE('',#10270,(#10274,#10281),.PCURVE_S1.);
#10270 = LINE('',#10271,#10272);
#10271 = CARTESIAN_POINT('',(-6.071208895005,309.65719485432,
    54.97420235382));
#10272 = VECTOR('',#10273,1.);
#10273 = DIRECTION('',(-0.281084637715,0.678598344546,-0.678598344546));
#10274 = PCURVE('',#8105,#10275);
#10275 = DEFINITIONAL_REPRESENTATION('',(#10276),#10280);
#10276 = LINE('',#10277,#10278);
#10277 = CARTESIAN_POINT('',(75.599624332041,22.1426173117));
#10278 = VECTOR('',#10279,1.);
#10279 = DIRECTION('',(-0.281084637715,0.959682982261));
#10280 = ( GEOMETRIC_REPRESENTATION_CONTEXT(2) 
PARAMETRIC_REPRESENTATION_CONTEXT() REPRESENTATION_CONTEXT('2D SPACE',''
  ) );
#10281 = PCURVE('',#8322,#10282);
#10282 = DEFINITIONAL_REPRESENTATION('',(#10283),#10287);
#10283 = LINE('',#10284,#10285);
#10284 = CARTESIAN_POINT('',(16.928791104995,-20.72840374932));
#10285 = VECTOR('',#10286,1.);
#10286 = DIRECTION('',(-0.281084637715,-0.959682982261));
#10287 = ( GEOMETRIC_REPRESENTATION_CONTEXT(2) 
PARAMETRIC_REPRESENTATION_CONTEXT() REPRESENTATION_CONTEXT('2D SPACE',''
  ) );
#10288 = ORIENTED_EDGE('',*,*,#8283,.F.);
#10289 = ADVANCED_FACE('',(#10290),#8322,.F.);
#10290 = FACE_BOUND('',#10291,.T.);
#10291 = EDGE_LOOP('',(#10292,#10293,#10294,#10315));
#10292 = ORIENTED_EDGE('',*,*,#10268,.T.);
#10293 = ORIENTED_EDGE('',*,*,#9130,.F.);
#10294 = ORIENTED_EDGE('',*,*,#10295,.F.);
#10295 = EDGE_CURVE('',#8307,#9098,#10296,.T.);
#10296 = SURFACE_CURVE('',#10297,(#10301,#10308),.PCURVE_S1.);
#10297 = LINE('',#10298,#10299);
#10298 = CARTESIAN_POINT('',(-18.,294.,70.631397208142));
#10299 = VECTOR('',#10300,1.);
#10300 = DIRECTION('',(6.895132978607E-16,0.707106781187,-0.707106781187
    ));
#10301 = PCURVE('',#8322,#10302);
#10302 = DEFINITIONAL_REPRESENTATION('',(#10303),#10307);
#10303 = LINE('',#10304,#10305);
#10304 = CARTESIAN_POINT('',(5.,1.414213562373));
#10305 = VECTOR('',#10306,1.);
#10306 = DIRECTION('',(-0.,-1.));
#10307 = ( GEOMETRIC_REPRESENTATION_CONTEXT(2) 
PARAMETRIC_REPRESENTATION_CONTEXT() REPRESENTATION_CONTEXT('2D SPACE',''
  ) );
#10308 = PCURVE('',#9118,#10309);
#10309 = DEFINITIONAL_REPRESENTATION('',(#10310),#10314);
#10310 = LINE('',#10311,#10312);
#10311 = CARTESIAN_POINT('',(1.570796326795,1.));
#10312 = VECTOR('',#10313,1.);
#10313 = DIRECTION('',(0.,-1.));
#10314 = ( GEOMETRIC_REPRESENTATION_CONTEXT(2) 
PARAMETRIC_REPRESENTATION_CONTEXT() REPRESENTATION_CONTEXT('2D SPACE',''
  ) );
#10315 = ORIENTED_EDGE('',*,*,#8306,.F.);
#10316 = ADVANCED_FACE('',(#10317),#9118,.T.);
#10317 = FACE_BOUND('',#10318,.T.);
#10318 = EDGE_LOOP('',(#10319,#10320,#10321,#10342));
#10319 = ORIENTED_EDGE('',*,*,#10295,.T.);
#10320 = ORIENTED_EDGE('',*,*,#9097,.F.);
#10321 = ORIENTED_EDGE('',*,*,#10322,.F.);
#10322 = EDGE_CURVE('',#9161,#9070,#10323,.T.);
#10323 = SURFACE_CURVE('',#10324,(#10328,#10335),.PCURVE_S1.);
#10324 = LINE('',#10325,#10326);
#10325 = CARTESIAN_POINT('',(-23.,294.,65.631397208142));
#10326 = VECTOR('',#10327,1.);
#10327 = DIRECTION('',(0.707106781187,0.707106781187,-4.3288882047E-15)
  );
#10328 = PCURVE('',#9118,#10329);
#10329 = DEFINITIONAL_REPRESENTATION('',(#10330),#10334);
#10330 = LINE('',#10331,#10332);
#10331 = CARTESIAN_POINT('',(3.14159265359,1.));
#10332 = VECTOR('',#10333,1.);
#10333 = DIRECTION('',(0.,-1.));
#10334 = ( GEOMETRIC_REPRESENTATION_CONTEXT(2) 
PARAMETRIC_REPRESENTATION_CONTEXT() REPRESENTATION_CONTEXT('2D SPACE',''
  ) );
#10335 = PCURVE('',#9085,#10336);
#10336 = DEFINITIONAL_REPRESENTATION('',(#10337),#10341);
#10337 = LINE('',#10338,#10339);
#10338 = CARTESIAN_POINT('',(65.631397208146,0.));
#10339 = VECTOR('',#10340,1.);
#10340 = DIRECTION('',(0.,1.));
#10341 = ( GEOMETRIC_REPRESENTATION_CONTEXT(2) 
PARAMETRIC_REPRESENTATION_CONTEXT() REPRESENTATION_CONTEXT('2D SPACE',''
  ) );
#10342 = ORIENTED_EDGE('',*,*,#10058,.F.);
#10343 = ADVANCED_FACE('',(#10344),#9085,.T.);
#10344 = FACE_BOUND('',#10345,.T.);
#10345 = EDGE_LOOP('',(#10346,#10347,#10348,#10369));
#10346 = ORIENTED_EDGE('',*,*,#10322,.T.);
#10347 = ORIENTED_EDGE('',*,*,#9069,.F.);
#10348 = ORIENTED_EDGE('',*,*,#10349,.F.);
#10349 = EDGE_CURVE('',#9189,#9037,#10350,.T.);
#10350 = SURFACE_CURVE('',#10351,(#10355,#10362),.PCURVE_S1.);
#10351 = LINE('',#10352,#10353);
#10352 = CARTESIAN_POINT('',(-23.,294.,29.631397208142));
#10353 = VECTOR('',#10354,1.);
#10354 = DIRECTION('',(0.707106781187,0.707106781187,-4.3288882047E-15)
  );
#10355 = PCURVE('',#9085,#10356);
#10356 = DEFINITIONAL_REPRESENTATION('',(#10357),#10361);
#10357 = LINE('',#10358,#10359);
#10358 = CARTESIAN_POINT('',(29.631397208146,0.));
#10359 = VECTOR('',#10360,1.);
#10360 = DIRECTION('',(0.,1.));
#10361 = ( GEOMETRIC_REPRESENTATION_CONTEXT(2) 
PARAMETRIC_REPRESENTATION_CONTEXT() REPRESENTATION_CONTEXT('2D SPACE',''
  ) );
#10362 = PCURVE('',#9057,#10363);
#10363 = DEFINITIONAL_REPRESENTATION('',(#10364),#10368);
#10364 = LINE('',#10365,#10366);
#10365 = CARTESIAN_POINT('',(3.14159265359,1.));
#10366 = VECTOR('',#10367,1.);
#10367 = DIRECTION('',(0.,-1.));
#10368 = ( GEOMETRIC_REPRESENTATION_CONTEXT(2) 
PARAMETRIC_REPRESENTATION_CONTEXT() REPRESENTATION_CONTEXT('2D SPACE',''
  ) );
#10369 = ORIENTED_EDGE('',*,*,#9188,.F.);
#10370 = ADVANCED_FACE('',(#10371),#9057,.T.);
#10371 = FACE_BOUND('',#10372,.T.);
#10372 = EDGE_LOOP('',(#10373,#10374,#10375,#10396));
#10373 = ORIENTED_EDGE('',*,*,#10349,.T.);
#10374 = ORIENTED_EDGE('',*,*,#9036,.F.);
#10375 = ORIENTED_EDGE('',*,*,#10376,.F.);
#10376 = EDGE_CURVE('',#8760,#9014,#10377,.T.);
#10377 = SURFACE_CURVE('',#10378,(#10382,#10389),.PCURVE_S1.);
#10378 = LINE('',#10379,#10380);
#10379 = CARTESIAN_POINT('',(-18.,294.,24.631397208142));
#10380 = VECTOR('',#10381,1.);
#10381 = DIRECTION('',(-2.499004464445E-16,0.707106781187,0.707106781187
    ));
#10382 = PCURVE('',#9057,#10383);
#10383 = DEFINITIONAL_REPRESENTATION('',(#10384),#10388);
#10384 = LINE('',#10385,#10386);
#10385 = CARTESIAN_POINT('',(4.712388980385,1.));
#10386 = VECTOR('',#10387,1.);
#10387 = DIRECTION('',(0.,-1.));
#10388 = ( GEOMETRIC_REPRESENTATION_CONTEXT(2) 
PARAMETRIC_REPRESENTATION_CONTEXT() REPRESENTATION_CONTEXT('2D SPACE',''
  ) );
#10389 = PCURVE('',#8803,#10390);
#10390 = DEFINITIONAL_REPRESENTATION('',(#10391),#10395);
#10391 = LINE('',#10392,#10393);
#10392 = CARTESIAN_POINT('',(67.5,0.));
#10393 = VECTOR('',#10394,1.);
#10394 = DIRECTION('',(0.,1.));
#10395 = ( GEOMETRIC_REPRESENTATION_CONTEXT(2) 
PARAMETRIC_REPRESENTATION_CONTEXT() REPRESENTATION_CONTEXT('2D SPACE',''
  ) );
#10396 = ORIENTED_EDGE('',*,*,#10009,.F.);
#10397 = ADVANCED_FACE('',(#10398),#8803,.T.);
#10398 = FACE_BOUND('',#10399,.T.);
#10399 = EDGE_LOOP('',(#10400,#10401,#10402,#10423));
#10400 = ORIENTED_EDGE('',*,*,#10376,.T.);
#10401 = ORIENTED_EDGE('',*,*,#9013,.F.);
#10402 = ORIENTED_EDGE('',*,*,#10403,.F.);
#10403 = EDGE_CURVE('',#8788,#8598,#10404,.T.);
#10404 = SURFACE_CURVE('',#10405,(#10409,#10416),.PCURVE_S1.);
#10405 = LINE('',#10406,#10407);
#10406 = CARTESIAN_POINT('',(-6.071208895005,309.65719485432,
    40.288592062463));
#10407 = VECTOR('',#10408,1.);
#10408 = DIRECTION('',(-0.281084637715,0.678598344546,0.678598344546));
#10409 = PCURVE('',#8803,#10410);
#10410 = DEFINITIONAL_REPRESENTATION('',(#10411),#10415);
#10411 = LINE('',#10412,#10413);
#10412 = CARTESIAN_POINT('',(55.571208895005,22.142617311699));
#10413 = VECTOR('',#10414,1.);
#10414 = DIRECTION('',(0.281084637715,0.959682982261));
#10415 = ( GEOMETRIC_REPRESENTATION_CONTEXT(2) 
PARAMETRIC_REPRESENTATION_CONTEXT() REPRESENTATION_CONTEXT('2D SPACE',''
  ) );
#10416 = PCURVE('',#8613,#10417);
#10417 = DEFINITIONAL_REPRESENTATION('',(#10418),#10422);
#10418 = LINE('',#10419,#10420);
#10419 = CARTESIAN_POINT('',(75.599624332041,22.142617311699));
#10420 = VECTOR('',#10421,1.);
#10421 = DIRECTION('',(-0.281084637715,0.959682982261));
#10422 = ( GEOMETRIC_REPRESENTATION_CONTEXT(2) 
PARAMETRIC_REPRESENTATION_CONTEXT() REPRESENTATION_CONTEXT('2D SPACE',''
  ) );
#10423 = ORIENTED_EDGE('',*,*,#8787,.F.);
#10424 = ADVANCED_FACE('',(#10425),#8613,.T.);
#10425 = FACE_BOUND('',#10426,.T.);
#10426 = EDGE_LOOP('',(#10427,#10428,#10429,#10450));
#10427 = ORIENTED_EDGE('',*,*,#10403,.T.);
#10428 = ORIENTED_EDGE('',*,*,#8597,.F.);
#10429 = ORIENTED_EDGE('',*,*,#10430,.F.);
#10430 = EDGE_CURVE('',#8816,#8575,#10431,.T.);
#10431 = SURFACE_CURVE('',#10432,(#10436,#10443),.PCURVE_S1.);
#10432 = LINE('',#10433,#10434);
#10433 = CARTESIAN_POINT('',(5.002325795252,312.72695868542,
    34.62907141289));
#10434 = VECTOR('',#10435,1.);
#10435 = DIRECTION('',(-0.678598344546,0.281084637715,0.678598344546));
#10436 = PCURVE('',#8613,#10437);
#10437 = DEFINITIONAL_REPRESENTATION('',(#10438),#10442);
#10438 = LINE('',#10439,#10440);
#10439 = CARTESIAN_POINT('',(65.598802039244,14.138846452542));
#10440 = VECTOR('',#10441,1.);
#10441 = DIRECTION('',(0.281084637715,0.959682982261));
#10442 = ( GEOMETRIC_REPRESENTATION_CONTEXT(2) 
PARAMETRIC_REPRESENTATION_CONTEXT() REPRESENTATION_CONTEXT('2D SPACE',''
  ) );
#10443 = PCURVE('',#8852,#10444);
#10444 = DEFINITIONAL_REPRESENTATION('',(#10445),#10449);
#10445 = LINE('',#10446,#10447);
#10446 = CARTESIAN_POINT('',(48.273041314579,14.138846452542));
#10447 = VECTOR('',#10448,1.);
#10448 = DIRECTION('',(-0.281084637715,0.959682982261));
#10449 = ( GEOMETRIC_REPRESENTATION_CONTEXT(2) 
PARAMETRIC_REPRESENTATION_CONTEXT() REPRESENTATION_CONTEXT('2D SPACE',''
  ) );
#10450 = ORIENTED_EDGE('',*,*,#8815,.F.);
#10451 = ADVANCED_FACE('',(#10452),#8852,.T.);
#10452 = FACE_BOUND('',#10453,.T.);
#10453 = EDGE_LOOP('',(#10454,#10455,#10456,#10477));
#10454 = ORIENTED_EDGE('',*,*,#10430,.T.);
#10455 = ORIENTED_EDGE('',*,*,#9483,.F.);
#10456 = ORIENTED_EDGE('',*,*,#10457,.F.);
#10457 = EDGE_CURVE('',#8651,#9461,#10458,.T.);
#10458 = SURFACE_CURVE('',#10459,(#10463,#10470),.PCURVE_S1.);
#10459 = LINE('',#10460,#10461);
#10460 = CARTESIAN_POINT('',(6.100406426192,318.028960989,33.53099078195
    ));
#10461 = VECTOR('',#10462,1.);
#10462 = DIRECTION('',(-0.678598344546,0.281084637715,0.678598344546));
#10463 = PCURVE('',#8852,#10464);
#10464 = DEFINITIONAL_REPRESENTATION('',(#10465),#10469);
#10465 = LINE('',#10466,#10467);
#10466 = CARTESIAN_POINT('',(42.971039010993,12.585925931688));
#10467 = VECTOR('',#10468,1.);
#10468 = DIRECTION('',(-0.281084637715,0.959682982261));
#10469 = ( GEOMETRIC_REPRESENTATION_CONTEXT(2) 
PARAMETRIC_REPRESENTATION_CONTEXT() REPRESENTATION_CONTEXT('2D SPACE',''
  ) );
#10470 = PCURVE('',#8673,#10471);
#10471 = DEFINITIONAL_REPRESENTATION('',(#10472),#10476);
#10472 = LINE('',#10473,#10474);
#10473 = CARTESIAN_POINT('',(61.073259996085,12.585925931688));
#10474 = VECTOR('',#10475,1.);
#10475 = DIRECTION('',(0.281084637715,0.959682982261));
#10476 = ( GEOMETRIC_REPRESENTATION_CONTEXT(2) 
PARAMETRIC_REPRESENTATION_CONTEXT() REPRESENTATION_CONTEXT('2D SPACE',''
  ) );
#10477 = ORIENTED_EDGE('',*,*,#8838,.F.);
#10478 = ADVANCED_FACE('',(#10479),#8673,.T.);
#10479 = FACE_BOUND('',#10480,.T.);
#10480 = EDGE_LOOP('',(#10481,#10482,#10483,#10504));
#10481 = ORIENTED_EDGE('',*,*,#10457,.T.);
#10482 = ORIENTED_EDGE('',*,*,#9614,.F.);
#10483 = ORIENTED_EDGE('',*,*,#10484,.F.);
#10484 = EDGE_CURVE('',#8653,#9545,#10485,.T.);
#10485 = SURFACE_CURVE('',#10486,(#10490,#10497),.PCURVE_S1.);
#10486 = LINE('',#10487,#10488);
#10487 = CARTESIAN_POINT('',(15.373376404662,328.51228606298,
    34.386841077629));
#10488 = VECTOR('',#10489,1.);
#10489 = DIRECTION('',(-0.281084637715,0.678598344546,0.678598344546));
#10490 = PCURVE('',#8673,#10491);
#10491 = DEFINITIONAL_REPRESENTATION('',(#10492),#10496);
#10492 = LINE('',#10493,#10494);
#10493 = CARTESIAN_POINT('',(47.103449793375,13.796281027199));
#10494 = VECTOR('',#10495,1.);
#10495 = DIRECTION('',(-0.281084637715,0.959682982261));
#10496 = ( GEOMETRIC_REPRESENTATION_CONTEXT(2) 
PARAMETRIC_REPRESENTATION_CONTEXT() REPRESENTATION_CONTEXT('2D SPACE',''
  ) );
#10497 = PCURVE('',#8701,#10498);
#10498 = DEFINITIONAL_REPRESENTATION('',(#10499),#10503);
#10499 = LINE('',#10500,#10501);
#10500 = CARTESIAN_POINT('',(34.126623595338,13.796281027198));
#10501 = VECTOR('',#10502,1.);
#10502 = DIRECTION('',(0.281084637715,0.959682982261));
#10503 = ( GEOMETRIC_REPRESENTATION_CONTEXT(2) 
PARAMETRIC_REPRESENTATION_CONTEXT() REPRESENTATION_CONTEXT('2D SPACE',''
  ) );
#10504 = ORIENTED_EDGE('',*,*,#8650,.F.);
#10505 = ADVANCED_FACE('',(#10506),#8701,.T.);
#10506 = FACE_BOUND('',#10507,.T.);
#10507 = EDGE_LOOP('',(#10508,#10509,#10510,#10531));
#10508 = ORIENTED_EDGE('',*,*,#10484,.T.);
#10509 = ORIENTED_EDGE('',*,*,#9544,.F.);
#10510 = ORIENTED_EDGE('',*,*,#10511,.F.);
#10511 = EDGE_CURVE('',#8686,#9512,#10512,.T.);
#10512 = SURFACE_CURVE('',#10513,(#10517,#10524),.PCURVE_S1.);
#10513 = LINE('',#10514,#10515);
#10514 = CARTESIAN_POINT('',(20.,318.7568421935,24.631397208142));
#10515 = VECTOR('',#10516,1.);
#10516 = DIRECTION('',(-2.499004464445E-16,0.707106781187,0.707106781187
    ));
#10517 = PCURVE('',#8701,#10518);
#10518 = DEFINITIONAL_REPRESENTATION('',(#10519),#10523);
#10519 = LINE('',#10520,#10521);
#10520 = CARTESIAN_POINT('',(29.5,0.));
#10521 = VECTOR('',#10522,1.);
#10522 = DIRECTION('',(0.,1.));
#10523 = ( GEOMETRIC_REPRESENTATION_CONTEXT(2) 
PARAMETRIC_REPRESENTATION_CONTEXT() REPRESENTATION_CONTEXT('2D SPACE',''
  ) );
#10524 = PCURVE('',#9532,#10525);
#10525 = DEFINITIONAL_REPRESENTATION('',(#10526),#10530);
#10526 = LINE('',#10527,#10528);
#10527 = CARTESIAN_POINT('',(4.712388980385,1.));
#10528 = VECTOR('',#10529,1.);
#10529 = DIRECTION('',(0.,-1.));
#10530 = ( GEOMETRIC_REPRESENTATION_CONTEXT(2) 
PARAMETRIC_REPRESENTATION_CONTEXT() REPRESENTATION_CONTEXT('2D SPACE',''
  ) );
#10531 = ORIENTED_EDGE('',*,*,#8685,.F.);
#10532 = ADVANCED_FACE('',(#10533),#9532,.T.);
#10533 = FACE_BOUND('',#10534,.T.);
#10534 = EDGE_LOOP('',(#10535,#10536,#10581,#10582));
#10535 = ORIENTED_EDGE('',*,*,#9509,.F.);
#10536 = ORIENTED_EDGE('',*,*,#10537,.F.);
#10537 = EDGE_CURVE('',#9863,#9510,#10538,.T.);
#10538 = SURFACE_CURVE('',#10539,(#10544,#10573),.PCURVE_S1.);
#10539 = B_SPLINE_CURVE_WITH_KNOTS('',3,(#10540,#10541,#10542,#10543),
  .UNSPECIFIED.,.F.,.F.,(4,4),(0.,1.635907216384E-03),
  .PIECEWISE_BEZIER_KNOTS.);
#10540 = CARTESIAN_POINT('',(24.999258355128,318.7568421935,
    29.545281595848));
#10541 = CARTESIAN_POINT('',(24.648105985162,319.10394504104,
    29.313184520387));
#10542 = CARTESIAN_POINT('',(24.290950277422,319.44173117312,
    29.077119488963));
#10543 = CARTESIAN_POINT('',(23.919183588453,319.7568421935,
    28.831397208142));
#10544 = PCURVE('',#9532,#10545);
#10545 = DEFINITIONAL_REPRESENTATION('',(#10546),#10572);
#10546 = B_SPLINE_CURVE_WITH_KNOTS('',3,(#10547,#10548,#10549,#10550,
    #10551,#10552,#10553,#10554,#10555,#10556,#10557,#10558,#10559,
    #10560,#10561,#10562,#10563,#10564,#10565,#10566,#10567,#10568,
    #10569,#10570,#10571),.UNSPECIFIED.,.F.,.F.,(4,1,1,1,1,1,1,1,1,1,1,1
    ,1,1,1,1,1,1,1,1,1,1,4),(0.,7.435941892657E-05,1.487188378531E-04,
    2.230782567797E-04,2.974376757063E-04,3.717970946328E-04,
    4.461565135594E-04,5.20515932486E-04,5.948753514125E-04,
    6.692347703391E-04,7.435941892657E-04,8.179536081922E-04,
    8.923130271188E-04,9.666724460454E-04,1.041031864972E-03,
    1.115391283899E-03,1.189750702825E-03,1.264110121752E-03,
    1.338469540678E-03,1.412828959605E-03,1.487188378531E-03,
    1.561547797458E-03,1.635907216384E-03),.QUASI_UNIFORM_KNOTS.);
#10547 = CARTESIAN_POINT('',(6.265961333108,1.));
#10548 = CARTESIAN_POINT('',(6.263796678536,0.984222612989));
#10549 = CARTESIAN_POINT('',(6.25942307089,0.952709913085));
#10550 = CARTESIAN_POINT('',(6.252725344945,0.905572223926));
#10551 = CARTESIAN_POINT('',(6.245885947245,0.858570960415));
#10552 = CARTESIAN_POINT('',(6.238900304607,0.811711444394));
#10553 = CARTESIAN_POINT('',(6.231763695775,0.764999177988));
#10554 = CARTESIAN_POINT('',(6.22447122667,0.718439876658));
#10555 = CARTESIAN_POINT('',(6.217017830434,0.672039473518));
#10556 = CARTESIAN_POINT('',(6.209398260859,0.625804132038));
#10557 = CARTESIAN_POINT('',(6.201607087661,0.579740257217));
#10558 = CARTESIAN_POINT('',(6.193638691388,0.533854507902));
#10559 = CARTESIAN_POINT('',(6.185487258601,0.488153809582));
#10560 = CARTESIAN_POINT('',(6.177146777237,0.442645367847));
#10561 = CARTESIAN_POINT('',(6.168611032249,0.397336682501));
#10562 = CARTESIAN_POINT('',(6.15987360159,0.352235562359));
#10563 = CARTESIAN_POINT('',(6.150927852632,0.307350140714));
#10564 = CARTESIAN_POINT('',(6.14176693906,0.262688891615));
#10565 = CARTESIAN_POINT('',(6.132383798572,0.218260646486));
#10566 = CARTESIAN_POINT('',(6.122771150668,0.174074612929));
#10567 = CARTESIAN_POINT('',(6.112921497759,0.130140388835));
#10568 = CARTESIAN_POINT('',(6.10282711823,8.646799747025E-02));
#10569 = CARTESIAN_POINT('',(6.092480094577,4.306784778791E-02));
#10570 = CARTESIAN_POINT('',(6.085408175894,1.432326738328E-02));
#10571 = CARTESIAN_POINT('',(6.081827386389,-8.881784197001E-16));
#10572 = ( GEOMETRIC_REPRESENTATION_CONTEXT(2) 
PARAMETRIC_REPRESENTATION_CONTEXT() REPRESENTATION_CONTEXT('2D SPACE',''
  ) );
#10573 = PCURVE('',#5212,#10574);
#10574 = DEFINITIONAL_REPRESENTATION('',(#10575),#10580);
#10575 = B_SPLINE_CURVE_WITH_KNOTS('',3,(#10576,#10577,#10578,#10579),
  .UNSPECIFIED.,.F.,.F.,(4,4),(0.,1.635907216384E-03),
  .PIECEWISE_BEZIER_KNOTS.);
#10576 = CARTESIAN_POINT('',(-42.2431578065,1.657392274465));
#10577 = CARTESIAN_POINT('',(-41.89605495895,1.236468244061));
#10578 = CARTESIAN_POINT('',(-41.55826882687,0.808348052255));
#10579 = CARTESIAN_POINT('',(-41.2431578065,0.362713773593));
#10580 = ( GEOMETRIC_REPRESENTATION_CONTEXT(2) 
PARAMETRIC_REPRESENTATION_CONTEXT() REPRESENTATION_CONTEXT('2D SPACE',''
  ) );
#10581 = ORIENTED_EDGE('',*,*,#9862,.F.);
#10582 = ORIENTED_EDGE('',*,*,#10511,.T.);
#10583 = ADVANCED_FACE('',(#10584),#5212,.T.);
#10584 = FACE_BOUND('',#10585,.T.);
#10585 = EDGE_LOOP('',(#10586,#10587,#10588,#10589,#10590,#10591,#10592)
  );
#10586 = ORIENTED_EDGE('',*,*,#7013,.F.);
#10587 = ORIENTED_EDGE('',*,*,#9886,.F.);
#10588 = ORIENTED_EDGE('',*,*,#10537,.T.);
#10589 = ORIENTED_EDGE('',*,*,#9589,.F.);
#10590 = ORIENTED_EDGE('',*,*,#5196,.F.);
#10591 = ORIENTED_EDGE('',*,*,#8987,.F.);
#10592 = ORIENTED_EDGE('',*,*,#10593,.T.);
#10593 = EDGE_CURVE('',#8965,#7016,#10594,.T.);
#10594 = SURFACE_CURVE('',#10595,(#10599,#10606),.PCURVE_S1.);
#10595 = LINE('',#10596,#10597);
#10596 = CARTESIAN_POINT('',(25.115666190611,325.5626776976,
    29.622222321548));
#10597 = VECTOR('',#10598,1.);
#10598 = DIRECTION('',(0.326892995475,-0.920031469533,0.216062640403));
#10599 = PCURVE('',#5212,#10600);
#10600 = DEFINITIONAL_REPRESENTATION('',(#10601),#10605);
#10601 = LINE('',#10602,#10603);
#10602 = CARTESIAN_POINT('',(-35.43732230239,1.796929579273));
#10603 = VECTOR('',#10604,1.);
#10604 = DIRECTION('',(-0.920031469533,0.391844478165));
#10605 = ( GEOMETRIC_REPRESENTATION_CONTEXT(2) 
PARAMETRIC_REPRESENTATION_CONTEXT() REPRESENTATION_CONTEXT('2D SPACE',''
  ) );
#10606 = PCURVE('',#7054,#10607);
#10607 = DEFINITIONAL_REPRESENTATION('',(#10608),#10612);
#10608 = LINE('',#10609,#10610);
#10609 = CARTESIAN_POINT('',(11.427202124004,-2.656614595105));
#10610 = VECTOR('',#10611,1.);
#10611 = DIRECTION('',(-0.226442797049,-0.97402446564));
#10612 = ( GEOMETRIC_REPRESENTATION_CONTEXT(2) 
PARAMETRIC_REPRESENTATION_CONTEXT() REPRESENTATION_CONTEXT('2D SPACE',''
  ) );
#10613 = ADVANCED_FACE('',(#10614),#5358,.F.);
#10614 = FACE_BOUND('',#10615,.T.);
#10615 = EDGE_LOOP('',(#10616,#10617,#10618,#10619));
#10616 = ORIENTED_EDGE('',*,*,#6821,.F.);
#10617 = ORIENTED_EDGE('',*,*,#6109,.F.);
#10618 = ORIENTED_EDGE('',*,*,#9408,.F.);
#10619 = ORIENTED_EDGE('',*,*,#5344,.F.);
#10620 = ADVANCED_FACE('',(#10621),#4660,.F.);
#10621 = FACE_BOUND('',#10622,.T.);
#10622 = EDGE_LOOP('',(#10623,#10644,#10645,#10666));
#10623 = ORIENTED_EDGE('',*,*,#10624,.F.);
#10624 = EDGE_CURVE('',#4645,#8335,#10625,.T.);
#10625 = SURFACE_CURVE('',#10626,(#10630,#10637),.PCURVE_S1.);
#10626 = LINE('',#10627,#10628);
#10627 = CARTESIAN_POINT('',(-18.,265.,69.631397208142));
#10628 = VECTOR('',#10629,1.);
#10629 = DIRECTION('',(-2.499004464445E-16,0.707106781187,0.707106781187
    ));
#10630 = PCURVE('',#4660,#10631);
#10631 = DEFINITIONAL_REPRESENTATION('',(#10632),#10636);
#10632 = LINE('',#10633,#10634);
#10633 = CARTESIAN_POINT('',(-67.5,1.414213562373));
#10634 = VECTOR('',#10635,1.);
#10635 = DIRECTION('',(0.,-1.));
#10636 = ( GEOMETRIC_REPRESENTATION_CONTEXT(2) 
PARAMETRIC_REPRESENTATION_CONTEXT() REPRESENTATION_CONTEXT('2D SPACE',''
  ) );
#10637 = PCURVE('',#4693,#10638);
#10638 = DEFINITIONAL_REPRESENTATION('',(#10639),#10643);
#10639 = LINE('',#10640,#10641);
#10640 = CARTESIAN_POINT('',(1.570796326795,-1.7763568394E-15));
#10641 = VECTOR('',#10642,1.);
#10642 = DIRECTION('',(0.,1.));
#10643 = ( GEOMETRIC_REPRESENTATION_CONTEXT(2) 
PARAMETRIC_REPRESENTATION_CONTEXT() REPRESENTATION_CONTEXT('2D SPACE',''
  ) );
#10644 = ORIENTED_EDGE('',*,*,#4644,.F.);
#10645 = ORIENTED_EDGE('',*,*,#10646,.F.);
#10646 = EDGE_CURVE('',#8170,#4612,#10647,.T.);
#10647 = SURFACE_CURVE('',#10648,(#10652,#10659),.PCURVE_S1.);
#10648 = LINE('',#10649,#10650);
#10649 = CARTESIAN_POINT('',(20.,266.,70.631397208142));
#10650 = VECTOR('',#10651,1.);
#10651 = DIRECTION('',(2.499004464445E-16,-0.707106781187,
    -0.707106781187));
#10652 = PCURVE('',#4660,#10653);
#10653 = DEFINITIONAL_REPRESENTATION('',(#10654),#10658);
#10654 = LINE('',#10655,#10656);
#10655 = CARTESIAN_POINT('',(-29.5,0.));
#10656 = VECTOR('',#10657,1.);
#10657 = DIRECTION('',(0.,1.));
#10658 = ( GEOMETRIC_REPRESENTATION_CONTEXT(2) 
PARAMETRIC_REPRESENTATION_CONTEXT() REPRESENTATION_CONTEXT('2D SPACE',''
  ) );
#10659 = PCURVE('',#4632,#10660);
#10660 = DEFINITIONAL_REPRESENTATION('',(#10661),#10665);
#10661 = LINE('',#10662,#10663);
#10662 = CARTESIAN_POINT('',(1.570796326795,1.));
#10663 = VECTOR('',#10664,1.);
#10664 = DIRECTION('',(0.,-1.));
#10665 = ( GEOMETRIC_REPRESENTATION_CONTEXT(2) 
PARAMETRIC_REPRESENTATION_CONTEXT() REPRESENTATION_CONTEXT('2D SPACE',''
  ) );
#10666 = ORIENTED_EDGE('',*,*,#8362,.F.);
#10667 = ADVANCED_FACE('',(#10668),#4632,.T.);
#10668 = FACE_BOUND('',#10669,.T.);
#10669 = EDGE_LOOP('',(#10670,#10671,#10672,#10693));
#10670 = ORIENTED_EDGE('',*,*,#10646,.T.);
#10671 = ORIENTED_EDGE('',*,*,#4611,.F.);
#10672 = ORIENTED_EDGE('',*,*,#10673,.F.);
#10673 = EDGE_CURVE('',#5491,#4584,#10674,.T.);
#10674 = SURFACE_CURVE('',#10675,(#10679,#10686),.PCURVE_S1.);
#10675 = LINE('',#10676,#10677);
#10676 = CARTESIAN_POINT('',(25.,266.,65.631397208142));
#10677 = VECTOR('',#10678,1.);
#10678 = DIRECTION('',(-0.707106781187,-0.707106781187,4.3288882047E-15)
  );
#10679 = PCURVE('',#4632,#10680);
#10680 = DEFINITIONAL_REPRESENTATION('',(#10681),#10685);
#10681 = LINE('',#10682,#10683);
#10682 = CARTESIAN_POINT('',(3.14159265359,1.));
#10683 = VECTOR('',#10684,1.);
#10684 = DIRECTION('',(0.,-1.));
#10685 = ( GEOMETRIC_REPRESENTATION_CONTEXT(2) 
PARAMETRIC_REPRESENTATION_CONTEXT() REPRESENTATION_CONTEXT('2D SPACE',''
  ) );
#10686 = PCURVE('',#4599,#10687);
#10687 = DEFINITIONAL_REPRESENTATION('',(#10688),#10692);
#10688 = LINE('',#10689,#10690);
#10689 = CARTESIAN_POINT('',(-65.63139720814,-5.660752160081E-15));
#10690 = VECTOR('',#10691,1.);
#10691 = DIRECTION('',(2.582388912309E-16,1.));
#10692 = ( GEOMETRIC_REPRESENTATION_CONTEXT(2) 
PARAMETRIC_REPRESENTATION_CONTEXT() REPRESENTATION_CONTEXT('2D SPACE',''
  ) );
#10693 = ORIENTED_EDGE('',*,*,#9982,.F.);
#10694 = ADVANCED_FACE('',(#10695),#4693,.T.);
#10695 = FACE_BOUND('',#10696,.T.);
#10696 = EDGE_LOOP('',(#10697,#10698,#10699,#10720));
#10697 = ORIENTED_EDGE('',*,*,#10624,.T.);
#10698 = ORIENTED_EDGE('',*,*,#10081,.F.);
#10699 = ORIENTED_EDGE('',*,*,#10700,.F.);
#10700 = EDGE_CURVE('',#4673,#9159,#10701,.T.);
#10701 = SURFACE_CURVE('',#10702,(#10706,#10713),.PCURVE_S1.);
#10702 = LINE('',#10703,#10704);
#10703 = CARTESIAN_POINT('',(-22.,265.,65.631397208142));
#10704 = VECTOR('',#10705,1.);
#10705 = DIRECTION('',(-0.707106781187,0.707106781187,
    -5.268301949005E-15));
#10706 = PCURVE('',#4693,#10707);
#10707 = DEFINITIONAL_REPRESENTATION('',(#10708),#10712);
#10708 = LINE('',#10709,#10710);
#10709 = CARTESIAN_POINT('',(0.,5.329070518201E-15));
#10710 = VECTOR('',#10711,1.);
#10711 = DIRECTION('',(0.,1.));
#10712 = ( GEOMETRIC_REPRESENTATION_CONTEXT(2) 
PARAMETRIC_REPRESENTATION_CONTEXT() REPRESENTATION_CONTEXT('2D SPACE',''
  ) );
#10713 = PCURVE('',#4719,#10714);
#10714 = DEFINITIONAL_REPRESENTATION('',(#10715),#10719);
#10715 = LINE('',#10716,#10717);
#10716 = CARTESIAN_POINT('',(-65.63139720814,1.414213562373));
#10717 = VECTOR('',#10718,1.);
#10718 = DIRECTION('',(-2.582388912309E-16,-1.));
#10719 = ( GEOMETRIC_REPRESENTATION_CONTEXT(2) 
PARAMETRIC_REPRESENTATION_CONTEXT() REPRESENTATION_CONTEXT('2D SPACE',''
  ) );
#10720 = ORIENTED_EDGE('',*,*,#4672,.F.);
#10721 = ADVANCED_FACE('',(#10722),#4599,.F.);
#10722 = FACE_BOUND('',#10723,.T.);
#10723 = EDGE_LOOP('',(#10724,#10725,#10726,#10747));
#10724 = ORIENTED_EDGE('',*,*,#10673,.T.);
#10725 = ORIENTED_EDGE('',*,*,#4583,.F.);
#10726 = ORIENTED_EDGE('',*,*,#10727,.F.);
#10727 = EDGE_CURVE('',#5524,#4551,#10728,.T.);
#10728 = SURFACE_CURVE('',#10729,(#10733,#10740),.PCURVE_S1.);
#10729 = LINE('',#10730,#10731);
#10730 = CARTESIAN_POINT('',(25.,266.,29.631397208143));
#10731 = VECTOR('',#10732,1.);
#10732 = DIRECTION('',(-0.707106781187,-0.707106781187,4.3288882047E-15)
  );
#10733 = PCURVE('',#4599,#10734);
#10734 = DEFINITIONAL_REPRESENTATION('',(#10735),#10739);
#10735 = LINE('',#10736,#10737);
#10736 = CARTESIAN_POINT('',(-29.63139720814,-2.396612574923E-15));
#10737 = VECTOR('',#10738,1.);
#10738 = DIRECTION('',(2.582388912309E-16,1.));
#10739 = ( GEOMETRIC_REPRESENTATION_CONTEXT(2) 
PARAMETRIC_REPRESENTATION_CONTEXT() REPRESENTATION_CONTEXT('2D SPACE',''
  ) );
#10740 = PCURVE('',#4571,#10741);
#10741 = DEFINITIONAL_REPRESENTATION('',(#10742),#10746);
#10742 = LINE('',#10743,#10744);
#10743 = CARTESIAN_POINT('',(3.14159265359,1.));
#10744 = VECTOR('',#10745,1.);
#10745 = DIRECTION('',(0.,-1.));
#10746 = ( GEOMETRIC_REPRESENTATION_CONTEXT(2) 
PARAMETRIC_REPRESENTATION_CONTEXT() REPRESENTATION_CONTEXT('2D SPACE',''
  ) );
#10747 = ORIENTED_EDGE('',*,*,#5523,.F.);
#10748 = ADVANCED_FACE('',(#10749),#4719,.T.);
#10749 = FACE_BOUND('',#10750,.T.);
#10750 = EDGE_LOOP('',(#10751,#10752,#10753,#10774));
#10751 = ORIENTED_EDGE('',*,*,#10700,.T.);
#10752 = ORIENTED_EDGE('',*,*,#9234,.F.);
#10753 = ORIENTED_EDGE('',*,*,#10754,.F.);
#10754 = EDGE_CURVE('',#4488,#9212,#10755,.T.);
#10755 = SURFACE_CURVE('',#10756,(#10760,#10767),.PCURVE_S1.);
#10756 = LINE('',#10757,#10758);
#10757 = CARTESIAN_POINT('',(-22.,265.,29.631397208142));
#10758 = VECTOR('',#10759,1.);
#10759 = DIRECTION('',(-0.707106781187,0.707106781187,
    -5.268301949005E-15));
#10760 = PCURVE('',#4719,#10761);
#10761 = DEFINITIONAL_REPRESENTATION('',(#10762),#10766);
#10762 = LINE('',#10763,#10764);
#10763 = CARTESIAN_POINT('',(-29.63139720814,1.414213562373));
#10764 = VECTOR('',#10765,1.);
#10765 = DIRECTION('',(-2.582388912309E-16,-1.));
#10766 = ( GEOMETRIC_REPRESENTATION_CONTEXT(2) 
PARAMETRIC_REPRESENTATION_CONTEXT() REPRESENTATION_CONTEXT('2D SPACE',''
  ) );
#10767 = PCURVE('',#4510,#10768);
#10768 = DEFINITIONAL_REPRESENTATION('',(#10769),#10773);
#10769 = LINE('',#10770,#10771);
#10770 = CARTESIAN_POINT('',(6.28318530718,5.329070518201E-15));
#10771 = VECTOR('',#10772,1.);
#10772 = DIRECTION('',(0.,1.));
#10773 = ( GEOMETRIC_REPRESENTATION_CONTEXT(2) 
PARAMETRIC_REPRESENTATION_CONTEXT() REPRESENTATION_CONTEXT('2D SPACE',''
  ) );
#10774 = ORIENTED_EDGE('',*,*,#4705,.F.);
#10775 = ADVANCED_FACE('',(#10776),#4571,.T.);
#10776 = FACE_BOUND('',#10777,.T.);
#10777 = EDGE_LOOP('',(#10778,#10779,#10780,#10801));
#10778 = ORIENTED_EDGE('',*,*,#10727,.T.);
#10779 = ORIENTED_EDGE('',*,*,#4550,.F.);
#10780 = ORIENTED_EDGE('',*,*,#10781,.F.);
#10781 = EDGE_CURVE('',#8714,#4523,#10782,.T.);
#10782 = SURFACE_CURVE('',#10783,(#10787,#10794),.PCURVE_S1.);
#10783 = LINE('',#10784,#10785);
#10784 = CARTESIAN_POINT('',(20.,266.,24.631397208142));
#10785 = VECTOR('',#10786,1.);
#10786 = DIRECTION('',(-6.895132978607E-16,-0.707106781187,
    0.707106781187));
#10787 = PCURVE('',#4571,#10788);
#10788 = DEFINITIONAL_REPRESENTATION('',(#10789),#10793);
#10789 = LINE('',#10790,#10791);
#10790 = CARTESIAN_POINT('',(4.712388980385,1.));
#10791 = VECTOR('',#10792,1.);
#10792 = DIRECTION('',(0.,-1.));
#10793 = ( GEOMETRIC_REPRESENTATION_CONTEXT(2) 
PARAMETRIC_REPRESENTATION_CONTEXT() REPRESENTATION_CONTEXT('2D SPACE',''
  ) );
#10794 = PCURVE('',#4538,#10795);
#10795 = DEFINITIONAL_REPRESENTATION('',(#10796),#10800);
#10796 = LINE('',#10797,#10798);
#10797 = CARTESIAN_POINT('',(-29.5,0.));
#10798 = VECTOR('',#10799,1.);
#10799 = DIRECTION('',(0.,1.));
#10800 = ( GEOMETRIC_REPRESENTATION_CONTEXT(2) 
PARAMETRIC_REPRESENTATION_CONTEXT() REPRESENTATION_CONTEXT('2D SPACE',''
  ) );
#10801 = ORIENTED_EDGE('',*,*,#9909,.F.);
#10802 = ADVANCED_FACE('',(#10803),#4510,.T.);
#10803 = FACE_BOUND('',#10804,.T.);
#10804 = EDGE_LOOP('',(#10805,#10806,#10807,#10828));
#10805 = ORIENTED_EDGE('',*,*,#10754,.T.);
#10806 = ORIENTED_EDGE('',*,*,#10032,.F.);
#10807 = ORIENTED_EDGE('',*,*,#10808,.F.);
#10808 = EDGE_CURVE('',#4490,#8737,#10809,.T.);
#10809 = SURFACE_CURVE('',#10810,(#10814,#10821),.PCURVE_S1.);
#10810 = LINE('',#10811,#10812);
#10811 = CARTESIAN_POINT('',(-18.,265.,25.631397208142));
#10812 = VECTOR('',#10813,1.);
#10813 = DIRECTION('',(6.895132978607E-16,0.707106781187,-0.707106781187
    ));
#10814 = PCURVE('',#4510,#10815);
#10815 = DEFINITIONAL_REPRESENTATION('',(#10816),#10820);
#10816 = LINE('',#10817,#10818);
#10817 = CARTESIAN_POINT('',(4.712388980385,-1.7763568394E-15));
#10818 = VECTOR('',#10819,1.);
#10819 = DIRECTION('',(0.,1.));
#10820 = ( GEOMETRIC_REPRESENTATION_CONTEXT(2) 
PARAMETRIC_REPRESENTATION_CONTEXT() REPRESENTATION_CONTEXT('2D SPACE',''
  ) );
#10821 = PCURVE('',#4538,#10822);
#10822 = DEFINITIONAL_REPRESENTATION('',(#10823),#10827);
#10823 = LINE('',#10824,#10825);
#10824 = CARTESIAN_POINT('',(-67.5,1.414213562373));
#10825 = VECTOR('',#10826,1.);
#10826 = DIRECTION('',(-0.,-1.));
#10827 = ( GEOMETRIC_REPRESENTATION_CONTEXT(2) 
PARAMETRIC_REPRESENTATION_CONTEXT() REPRESENTATION_CONTEXT('2D SPACE',''
  ) );
#10828 = ORIENTED_EDGE('',*,*,#4487,.F.);
#10829 = ADVANCED_FACE('',(#10830),#4538,.T.);
#10830 = FACE_BOUND('',#10831,.T.);
#10831 = EDGE_LOOP('',(#10832,#10833,#10834,#10835));
#10832 = ORIENTED_EDGE('',*,*,#10781,.T.);
#10833 = ORIENTED_EDGE('',*,*,#4522,.F.);
#10834 = ORIENTED_EDGE('',*,*,#10808,.T.);
#10835 = ORIENTED_EDGE('',*,*,#8736,.F.);
#10836 = ADVANCED_FACE('',(#10837),#7054,.F.);
#10837 = FACE_BOUND('',#10838,.T.);
#10838 = EDGE_LOOP('',(#10839,#10840,#10861,#10862,#10863));
#10839 = ORIENTED_EDGE('',*,*,#8964,.F.);
#10840 = ORIENTED_EDGE('',*,*,#10841,.F.);
#10841 = EDGE_CURVE('',#7161,#8942,#10842,.T.);
#10842 = SURFACE_CURVE('',#10843,(#10847,#10854),.PCURVE_S1.);
#10843 = LINE('',#10844,#10845);
#10844 = CARTESIAN_POINT('',(38.115689748203,335.99911433144,
    16.550353549154));
#10845 = VECTOR('',#10846,1.);
#10846 = DIRECTION('',(-0.63868129643,0.767690789247,5.231685861817E-02)
  );
#10847 = PCURVE('',#7054,#10848);
#10848 = DEFINITIONAL_REPRESENTATION('',(#10849),#10853);
#10849 = LINE('',#10850,#10851);
#10850 = CARTESIAN_POINT('',(32.314296614015,0.882150596054));
#10851 = VECTOR('',#10852,1.);
#10852 = DIRECTION('',(-0.212233596397,0.977218962444));
#10853 = ( GEOMETRIC_REPRESENTATION_CONTEXT(2) 
PARAMETRIC_REPRESENTATION_CONTEXT() REPRESENTATION_CONTEXT('2D SPACE',''
  ) );
#10854 = PCURVE('',#7197,#10855);
#10855 = DEFINITIONAL_REPRESENTATION('',(#10856),#10860);
#10856 = LINE('',#10857,#10858);
#10857 = CARTESIAN_POINT('',(-1.832583780906,0.870716792123));
#10858 = VECTOR('',#10859,1.);
#10859 = DIRECTION('',(-0.429153123233,-0.903231751446));
#10860 = ( GEOMETRIC_REPRESENTATION_CONTEXT(2) 
PARAMETRIC_REPRESENTATION_CONTEXT() REPRESENTATION_CONTEXT('2D SPACE',''
  ) );
#10861 = ORIENTED_EDGE('',*,*,#7160,.F.);
#10862 = ORIENTED_EDGE('',*,*,#7038,.F.);
#10863 = ORIENTED_EDGE('',*,*,#10593,.F.);
#10864 = ADVANCED_FACE('',(#10865),#7197,.T.);
#10865 = FACE_BOUND('',#10866,.T.);
#10866 = EDGE_LOOP('',(#10867,#10868,#10869,#10890,#10891));
#10867 = ORIENTED_EDGE('',*,*,#8941,.F.);
#10868 = ORIENTED_EDGE('',*,*,#7465,.F.);
#10869 = ORIENTED_EDGE('',*,*,#10870,.F.);
#10870 = EDGE_CURVE('',#6938,#7443,#10871,.T.);
#10871 = SURFACE_CURVE('',#10872,(#10876,#10883),.PCURVE_S1.);
#10872 = LINE('',#10873,#10874);
#10873 = CARTESIAN_POINT('',(36.544412733208,334.7884625552,
    11.310889132453));
#10874 = VECTOR('',#10875,1.);
#10875 = DIRECTION('',(-0.654653670708,0.755928946018,
    -8.447898991265E-15));
#10876 = PCURVE('',#7197,#10877);
#10877 = DEFINITIONAL_REPRESENTATION('',(#10878),#10882);
#10878 = LINE('',#10879,#10880);
#10879 = CARTESIAN_POINT('',(3.310251394299,-1.351404472728));
#10880 = VECTOR('',#10881,1.);
#10881 = DIRECTION('',(-0.377964473009,-0.925820099773));
#10882 = ( GEOMETRIC_REPRESENTATION_CONTEXT(2) 
PARAMETRIC_REPRESENTATION_CONTEXT() REPRESENTATION_CONTEXT('2D SPACE',''
  ) );
#10883 = PCURVE('',#128,#10884);
#10884 = DEFINITIONAL_REPRESENTATION('',(#10885),#10889);
#10885 = LINE('',#10886,#10887);
#10886 = CARTESIAN_POINT('',(-22.90128605049,-1.351404472728));
#10887 = VECTOR('',#10888,1.);
#10888 = DIRECTION('',(0.377964473009,-0.925820099773));
#10889 = ( GEOMETRIC_REPRESENTATION_CONTEXT(2) 
PARAMETRIC_REPRESENTATION_CONTEXT() REPRESENTATION_CONTEXT('2D SPACE',''
  ) );
#10890 = ORIENTED_EDGE('',*,*,#7183,.F.);
#10891 = ORIENTED_EDGE('',*,*,#10841,.T.);
#10892 = ADVANCED_FACE('',(#10893),#128,.T.);
#10893 = FACE_BOUND('',#10894,.T.);
#10894 = EDGE_LOOP('',(#10895,#10896,#10897,#10898));
#10895 = ORIENTED_EDGE('',*,*,#10870,.T.);
#10896 = ORIENTED_EDGE('',*,*,#7442,.F.);
#10897 = ORIENTED_EDGE('',*,*,#114,.F.);
#10898 = ORIENTED_EDGE('',*,*,#6967,.F.);
#10899 = ADVANCED_FACE('',(#10900),#73,.T.);
#10900 = FACE_BOUND('',#10901,.T.);
#10901 = EDGE_LOOP('',(#10902,#10903,#10904,#10925));
#10902 = ORIENTED_EDGE('',*,*,#57,.F.);
#10903 = ORIENTED_EDGE('',*,*,#7419,.F.);
#10904 = ORIENTED_EDGE('',*,*,#10905,.F.);
#10905 = EDGE_CURVE('',#6360,#7397,#10906,.T.);
#10906 = SURFACE_CURVE('',#10907,(#10911,#10918),.PCURVE_S1.);
#10907 = LINE('',#10908,#10909);
#10908 = CARTESIAN_POINT('',(38.5,377.4544826719,9.499999999996));
#10909 = VECTOR('',#10910,1.);
#10910 = DIRECTION('',(-0.707106781187,-0.612372435696,-0.353553390593)
  );
#10911 = PCURVE('',#73,#10912);
#10912 = DEFINITIONAL_REPRESENTATION('',(#10913),#10917);
#10913 = LINE('',#10914,#10915);
#10914 = CARTESIAN_POINT('',(0.523598775598,1.));
#10915 = VECTOR('',#10916,1.);
#10916 = DIRECTION('',(1.110223024625E-16,-1.));
#10917 = ( GEOMETRIC_REPRESENTATION_CONTEXT(2) 
PARAMETRIC_REPRESENTATION_CONTEXT() REPRESENTATION_CONTEXT('2D SPACE',''
  ) );
#10918 = PCURVE('',#6787,#10919);
#10919 = DEFINITIONAL_REPRESENTATION('',(#10920),#10924);
#10920 = LINE('',#10921,#10922);
#10921 = CARTESIAN_POINT('',(-1.193489751472E-15,1.414213562373));
#10922 = VECTOR('',#10923,1.);
#10923 = DIRECTION('',(-5.35485356579E-16,-1.));
#10924 = ( GEOMETRIC_REPRESENTATION_CONTEXT(2) 
PARAMETRIC_REPRESENTATION_CONTEXT() REPRESENTATION_CONTEXT('2D SPACE',''
  ) );
#10925 = ORIENTED_EDGE('',*,*,#6359,.F.);
#10926 = ADVANCED_FACE('',(#10927),#6787,.F.);
#10927 = FACE_BOUND('',#10928,.T.);
#10928 = EDGE_LOOP('',(#10929,#10930,#10931,#10952));
#10929 = ORIENTED_EDGE('',*,*,#10905,.T.);
#10930 = ORIENTED_EDGE('',*,*,#7396,.F.);
#10931 = ORIENTED_EDGE('',*,*,#10932,.F.);
#10932 = EDGE_CURVE('',#6772,#7374,#10933,.T.);
#10933 = SURFACE_CURVE('',#10934,(#10938,#10945),.PCURVE_S1.);
#10934 = LINE('',#10935,#10936);
#10935 = CARTESIAN_POINT('',(37.5,363.12990915244,32.310889132453));
#10936 = VECTOR('',#10937,1.);
#10937 = DIRECTION('',(-0.678598344546,-0.447141086485,-0.582725609148)
  );
#10938 = PCURVE('',#6787,#10939);
#10939 = DEFINITIONAL_REPRESENTATION('',(#10940),#10944);
#10940 = LINE('',#10941,#10942);
#10941 = CARTESIAN_POINT('',(-26.91709623134,4.26695395109E-14));
#10942 = VECTOR('',#10943,1.);
#10943 = DIRECTION('',(0.281084637715,-0.959682982261));
#10944 = ( GEOMETRIC_REPRESENTATION_CONTEXT(2) 
PARAMETRIC_REPRESENTATION_CONTEXT() REPRESENTATION_CONTEXT('2D SPACE',''
  ) );
#10945 = PCURVE('',#5984,#10946);
#10946 = DEFINITIONAL_REPRESENTATION('',(#10947),#10951);
#10947 = LINE('',#10948,#10949);
#10948 = CARTESIAN_POINT('',(0.,0.));
#10949 = VECTOR('',#10950,1.);
#10950 = DIRECTION('',(0.281084637715,-0.959682982261));
#10951 = ( GEOMETRIC_REPRESENTATION_CONTEXT(2) 
PARAMETRIC_REPRESENTATION_CONTEXT() REPRESENTATION_CONTEXT('2D SPACE',''
  ) );
#10952 = ORIENTED_EDGE('',*,*,#6771,.F.);
#10953 = ADVANCED_FACE('',(#10954),#5984,.T.);
#10954 = FACE_BOUND('',#10955,.T.);
#10955 = EDGE_LOOP('',(#10956,#10957,#10958,#10959));
#10956 = ORIENTED_EDGE('',*,*,#5968,.F.);
#10957 = ORIENTED_EDGE('',*,*,#6799,.F.);
#10958 = ORIENTED_EDGE('',*,*,#10932,.T.);
#10959 = ORIENTED_EDGE('',*,*,#8915,.F.);
#10960 = ADVANCED_FACE('',(#10961),#5674,.T.);
#10961 = FACE_BOUND('',#10962,.T.);
#10962 = EDGE_LOOP('',(#10963,#10964,#10965,#10986));
#10963 = ORIENTED_EDGE('',*,*,#5658,.F.);
#10964 = ORIENTED_EDGE('',*,*,#8868,.F.);
#10965 = ORIENTED_EDGE('',*,*,#10966,.F.);
#10966 = EDGE_CURVE('',#6890,#6636,#10967,.T.);
#10967 = SURFACE_CURVE('',#10968,(#10972,#10979),.PCURVE_S1.);
#10968 = LINE('',#10969,#10970);
#10969 = CARTESIAN_POINT('',(54.895042867796,350.79886312739,
    42.878801622729));
#10970 = VECTOR('',#10971,1.);
#10971 = DIRECTION('',(0.678598344546,-0.7282257242,-9.587273539833E-02)
  );
#10972 = PCURVE('',#5674,#10973);
#10973 = DEFINITIONAL_REPRESENTATION('',(#10974),#10978);
#10974 = LINE('',#10975,#10976);
#10975 = CARTESIAN_POINT('',(-26.04957132203,-7.629742793222));
#10976 = VECTOR('',#10977,1.);
#10977 = DIRECTION('',(0.281084637715,-0.959682982261));
#10978 = ( GEOMETRIC_REPRESENTATION_CONTEXT(2) 
PARAMETRIC_REPRESENTATION_CONTEXT() REPRESENTATION_CONTEXT('2D SPACE',''
  ) );
#10979 = PCURVE('',#6651,#10980);
#10980 = DEFINITIONAL_REPRESENTATION('',(#10981),#10985);
#10981 = LINE('',#10982,#10983);
#10982 = CARTESIAN_POINT('',(-42.23469992542,-7.629742793222));
#10983 = VECTOR('',#10984,1.);
#10984 = DIRECTION('',(-0.281084637715,-0.959682982261));
#10985 = ( GEOMETRIC_REPRESENTATION_CONTEXT(2) 
PARAMETRIC_REPRESENTATION_CONTEXT() REPRESENTATION_CONTEXT('2D SPACE',''
  ) );
#10986 = ORIENTED_EDGE('',*,*,#6889,.F.);
#10987 = ADVANCED_FACE('',(#10988),#5618,.F.);
#10988 = FACE_BOUND('',#10989,.T.);
#10989 = EDGE_LOOP('',(#10990,#10991,#10992,#11013));
#10990 = ORIENTED_EDGE('',*,*,#5602,.F.);
#10991 = ORIENTED_EDGE('',*,*,#7112,.F.);
#10992 = ORIENTED_EDGE('',*,*,#10993,.F.);
#10993 = EDGE_CURVE('',#6664,#7090,#10994,.T.);
#10994 = SURFACE_CURVE('',#10995,(#10999,#11006),.PCURVE_S1.);
#10995 = LINE('',#10996,#10997);
#10996 = CARTESIAN_POINT('',(54.895042867796,333.2965639661,
    32.773844490526));
#10997 = VECTOR('',#10998,1.);
#10998 = DIRECTION('',(-0.678598344546,-0.447141086485,-0.582725609148)
  );
#10999 = PCURVE('',#5618,#11000);
#11000 = DEFINITIONAL_REPRESENTATION('',(#11001),#11005);
#11001 = LINE('',#11002,#11003);
#11002 = CARTESIAN_POINT('',(-26.04957132203,-7.629742793222));
#11003 = VECTOR('',#11004,1.);
#11004 = DIRECTION('',(-0.281084637715,0.959682982261));
#11005 = ( GEOMETRIC_REPRESENTATION_CONTEXT(2) 
PARAMETRIC_REPRESENTATION_CONTEXT() REPRESENTATION_CONTEXT('2D SPACE',''
  ) );
#11006 = PCURVE('',#6702,#11007);
#11007 = DEFINITIONAL_REPRESENTATION('',(#11008),#11012);
#11008 = LINE('',#11009,#11010);
#11009 = CARTESIAN_POINT('',(15.317603694078,9.043956355595));
#11010 = VECTOR('',#11011,1.);
#11011 = DIRECTION('',(-0.281084637715,-0.959682982261));
#11012 = ( GEOMETRIC_REPRESENTATION_CONTEXT(2) 
PARAMETRIC_REPRESENTATION_CONTEXT() REPRESENTATION_CONTEXT('2D SPACE',''
  ) );
#11013 = ORIENTED_EDGE('',*,*,#8890,.F.);
#11014 = ADVANCED_FACE('',(#11015),#6651,.T.);
#11015 = FACE_BOUND('',#11016,.T.);
#11016 = EDGE_LOOP('',(#11017,#11018,#11019,#11040));
#11017 = ORIENTED_EDGE('',*,*,#10966,.T.);
#11018 = ORIENTED_EDGE('',*,*,#6635,.F.);
#11019 = ORIENTED_EDGE('',*,*,#11020,.F.);
#11020 = EDGE_CURVE('',#6384,#6608,#11021,.T.);
#11021 = SURFACE_CURVE('',#11022,(#11026,#11033),.PCURVE_S1.);
#11022 = LINE('',#11023,#11024);
#11023 = CARTESIAN_POINT('',(48.5,377.4544826719,9.499999999996));
#11024 = VECTOR('',#11025,1.);
#11025 = DIRECTION('',(0.707106781187,-0.612372435696,-0.353553390593));
#11026 = PCURVE('',#6651,#11027);
#11027 = DEFINITIONAL_REPRESENTATION('',(#11028),#11032);
#11028 = LINE('',#11029,#11030);
#11029 = CARTESIAN_POINT('',(5.828670879282E-16,1.414213562373));
#11030 = VECTOR('',#11031,1.);
#11031 = DIRECTION('',(-9.795745664291E-16,-1.));
#11032 = ( GEOMETRIC_REPRESENTATION_CONTEXT(2) 
PARAMETRIC_REPRESENTATION_CONTEXT() REPRESENTATION_CONTEXT('2D SPACE',''
  ) );
#11033 = PCURVE('',#2060,#11034);
#11034 = DEFINITIONAL_REPRESENTATION('',(#11035),#11039);
#11035 = LINE('',#11036,#11037);
#11036 = CARTESIAN_POINT('',(2.617993877991,5.900124115882E-15));
#11037 = VECTOR('',#11038,1.);
#11038 = DIRECTION('',(0.,-1.));
#11039 = ( GEOMETRIC_REPRESENTATION_CONTEXT(2) 
PARAMETRIC_REPRESENTATION_CONTEXT() REPRESENTATION_CONTEXT('2D SPACE',''
  ) );
#11040 = ORIENTED_EDGE('',*,*,#6912,.F.);
#11041 = ADVANCED_FACE('',(#11042),#6702,.F.);
#11042 = FACE_BOUND('',#11043,.T.);
#11043 = EDGE_LOOP('',(#11044,#11045,#11046,#11067));
#11044 = ORIENTED_EDGE('',*,*,#10993,.T.);
#11045 = ORIENTED_EDGE('',*,*,#7089,.F.);
#11046 = ORIENTED_EDGE('',*,*,#11047,.F.);
#11047 = EDGE_CURVE('',#6687,#7067,#11048,.T.);
#11048 = SURFACE_CURVE('',#11049,(#11053,#11060),.PCURVE_S1.);
#11049 = LINE('',#11050,#11051);
#11050 = CARTESIAN_POINT('',(47.071428571429,333.76752403366,
    16.310889132453));
#11051 = VECTOR('',#11052,1.);
#11052 = DIRECTION('',(-0.654653670708,-0.755928946018,
    -5.51412478048E-15));
#11053 = PCURVE('',#6702,#11054);
#11054 = DEFINITIONAL_REPRESENTATION('',(#11055),#11059);
#11055 = LINE('',#11056,#11057);
#11056 = CARTESIAN_POINT('',(0.824786098842,-2.020305089104));
#11057 = VECTOR('',#11058,1.);
#11058 = DIRECTION('',(0.377964473009,-0.925820099773));
#11059 = ( GEOMETRIC_REPRESENTATION_CONTEXT(2) 
PARAMETRIC_REPRESENTATION_CONTEXT() REPRESENTATION_CONTEXT('2D SPACE',''
  ) );
#11060 = PCURVE('',#6730,#11061);
#11061 = DEFINITIONAL_REPRESENTATION('',(#11062),#11066);
#11062 = LINE('',#11063,#11064);
#11063 = CARTESIAN_POINT('',(4.948716593054,-2.020305089104));
#11064 = VECTOR('',#11065,1.);
#11065 = DIRECTION('',(-0.377964473009,-0.925820099773));
#11066 = ( GEOMETRIC_REPRESENTATION_CONTEXT(2) 
PARAMETRIC_REPRESENTATION_CONTEXT() REPRESENTATION_CONTEXT('2D SPACE',''
  ) );
#11067 = ORIENTED_EDGE('',*,*,#6686,.F.);
#11068 = ADVANCED_FACE('',(#11069),#2060,.T.);
#11069 = FACE_BOUND('',#11070,.T.);
#11070 = EDGE_LOOP('',(#11071,#11072,#11073,#11094,#11095));
#11071 = ORIENTED_EDGE('',*,*,#11020,.T.);
#11072 = ORIENTED_EDGE('',*,*,#6605,.F.);
#11073 = ORIENTED_EDGE('',*,*,#11074,.F.);
#11074 = EDGE_CURVE('',#2044,#6606,#11075,.T.);
#11075 = SURFACE_CURVE('',#11076,(#11080,#11087),.PCURVE_S1.);
#11076 = LINE('',#11077,#11078);
#11077 = CARTESIAN_POINT('',(48.5,344.54551732809,-9.500000000004));
#11078 = VECTOR('',#11079,1.);
#11079 = DIRECTION('',(0.707106781187,0.612372435696,0.353553390593));
#11080 = PCURVE('',#2060,#11081);
#11081 = DEFINITIONAL_REPRESENTATION('',(#11082),#11086);
#11082 = LINE('',#11083,#11084);
#11083 = CARTESIAN_POINT('',(5.759586531581,-1.744472668664E-15));
#11084 = VECTOR('',#11085,1.);
#11085 = DIRECTION('',(0.,-1.));
#11086 = ( GEOMETRIC_REPRESENTATION_CONTEXT(2) 
PARAMETRIC_REPRESENTATION_CONTEXT() REPRESENTATION_CONTEXT('2D SPACE',''
  ) );
#11087 = PCURVE('',#6756,#11088);
#11088 = DEFINITIONAL_REPRESENTATION('',(#11089),#11093);
#11089 = LINE('',#11090,#11091);
#11090 = CARTESIAN_POINT('',(-1.7763568394E-15,4.687731862711E-15));
#11091 = VECTOR('',#11092,1.);
#11092 = DIRECTION('',(3.13440751654E-16,1.));
#11093 = ( GEOMETRIC_REPRESENTATION_CONTEXT(2) 
PARAMETRIC_REPRESENTATION_CONTEXT() REPRESENTATION_CONTEXT('2D SPACE',''
  ) );
#11094 = ORIENTED_EDGE('',*,*,#2043,.F.);
#11095 = ORIENTED_EDGE('',*,*,#6406,.F.);
#11096 = ADVANCED_FACE('',(#11097),#6730,.F.);
#11097 = FACE_BOUND('',#11098,.T.);
#11098 = EDGE_LOOP('',(#11099,#11100,#11101,#11122));
#11099 = ORIENTED_EDGE('',*,*,#11047,.T.);
#11100 = ORIENTED_EDGE('',*,*,#7210,.F.);
#11101 = ORIENTED_EDGE('',*,*,#11102,.F.);
#11102 = EDGE_CURVE('',#6715,#6940,#11103,.T.);
#11103 = SURFACE_CURVE('',#11104,(#11108,#11115),.PCURVE_S1.);
#11104 = LINE('',#11105,#11106);
#11105 = CARTESIAN_POINT('',(48.5,332.53034488539,11.310889132453));
#11106 = VECTOR('',#11107,1.);
#11107 = DIRECTION('',(-0.654653670708,-0.755928946018,
    6.200608449765E-15));
#11108 = PCURVE('',#6730,#11109);
#11109 = DEFINITIONAL_REPRESENTATION('',(#11110),#11114);
#11110 = LINE('',#11111,#11112);
#11111 = CARTESIAN_POINT('',(0.,-0.));
#11112 = VECTOR('',#11113,1.);
#11113 = DIRECTION('',(-0.377964473009,-0.925820099773));
#11114 = ( GEOMETRIC_REPRESENTATION_CONTEXT(2) 
PARAMETRIC_REPRESENTATION_CONTEXT() REPRESENTATION_CONTEXT('2D SPACE',''
  ) );
#11115 = PCURVE('',#6756,#11116);
#11116 = DEFINITIONAL_REPRESENTATION('',(#11117),#11121);
#11117 = LINE('',#11118,#11119);
#11118 = CARTESIAN_POINT('',(24.030344885399,-3.926921315731E-14));
#11119 = VECTOR('',#11120,1.);
#11120 = DIRECTION('',(0.377964473009,-0.925820099773));
#11121 = ( GEOMETRIC_REPRESENTATION_CONTEXT(2) 
PARAMETRIC_REPRESENTATION_CONTEXT() REPRESENTATION_CONTEXT('2D SPACE',''
  ) );
#11122 = ORIENTED_EDGE('',*,*,#6714,.F.);
#11123 = ADVANCED_FACE('',(#11124),#6756,.F.);
#11124 = FACE_BOUND('',#11125,.T.);
#11125 = EDGE_LOOP('',(#11126,#11127,#11128,#11129));
#11126 = ORIENTED_EDGE('',*,*,#11074,.T.);
#11127 = ORIENTED_EDGE('',*,*,#6742,.F.);
#11128 = ORIENTED_EDGE('',*,*,#11102,.T.);
#11129 = ORIENTED_EDGE('',*,*,#6989,.F.);
#11130 = ADVANCED_FACE('',(#11131),#4833,.F.);
#11131 = FACE_BOUND('',#11132,.T.);
#11132 = EDGE_LOOP('',(#11133,#11134,#11162,#11190));
#11133 = ORIENTED_EDGE('',*,*,#4819,.T.);
#11134 = ORIENTED_EDGE('',*,*,#11135,.T.);
#11135 = EDGE_CURVE('',#4792,#11136,#11138,.T.);
#11136 = VERTEX_POINT('',#11137);
#11137 = CARTESIAN_POINT('',(2.84333704529,263.6,26.431397208143));
#11138 = SURFACE_CURVE('',#11139,(#11144,#11155),.PCURVE_S1.);
#11139 = CIRCLE('',#11140,1.5);
#11140 = AXIS2_PLACEMENT_3D('',#11141,#11142,#11143);
#11141 = CARTESIAN_POINT('',(2.84333704529,265.1,26.431397208142));
#11142 = DIRECTION('',(6.64265828938E-16,-7.151443180332E-15,-1.));
#11143 = DIRECTION('',(3.108532283332E-16,1.,-7.151443180332E-15));
#11144 = PCURVE('',#4833,#11145);
#11145 = DEFINITIONAL_REPRESENTATION('',(#11146),#11154);
#11146 = ( BOUNDED_CURVE() B_SPLINE_CURVE(2,(#11147,#11148,#11149,#11150
    ,#11151,#11152,#11153),.UNSPECIFIED.,.T.,.F.) 
B_SPLINE_CURVE_WITH_KNOTS((1,2,2,2,2,1),(-2.094395102393,0.,
    2.094395102393,4.188790204786,6.28318530718,8.377580409573),
.UNSPECIFIED.) CURVE() GEOMETRIC_REPRESENTATION_ITEM() 
RATIONAL_B_SPLINE_CURVE((1.,0.5,1.,0.5,1.,0.5,1.)) REPRESENTATION_ITEM(
  '') );
#11147 = CARTESIAN_POINT('',(3.,1.49666295471));
#11148 = CARTESIAN_POINT('',(3.,-1.101413256644));
#11149 = CARTESIAN_POINT('',(0.75,0.197624849033));
#11150 = CARTESIAN_POINT('',(-1.5,1.49666295471));
#11151 = CARTESIAN_POINT('',(0.75,2.795701060386));
#11152 = CARTESIAN_POINT('',(3.,4.094739166063));
#11153 = CARTESIAN_POINT('',(3.,1.49666295471));
#11154 = ( GEOMETRIC_REPRESENTATION_CONTEXT(2) 
PARAMETRIC_REPRESENTATION_CONTEXT() REPRESENTATION_CONTEXT('2D SPACE',''
  ) );
#11155 = PCURVE('',#4807,#11156);
#11156 = DEFINITIONAL_REPRESENTATION('',(#11157),#11161);
#11157 = LINE('',#11158,#11159);
#11158 = CARTESIAN_POINT('',(3.14159265359,0.));
#11159 = VECTOR('',#11160,1.);
#11160 = DIRECTION('',(1.,0.));
#11161 = ( GEOMETRIC_REPRESENTATION_CONTEXT(2) 
PARAMETRIC_REPRESENTATION_CONTEXT() REPRESENTATION_CONTEXT('2D SPACE',''
  ) );
#11162 = ORIENTED_EDGE('',*,*,#11163,.F.);
#11163 = EDGE_CURVE('',#11164,#11136,#11166,.T.);
#11164 = VERTEX_POINT('',#11165);
#11165 = CARTESIAN_POINT('',(2.83666295471,263.6,26.431397208143));
#11166 = SURFACE_CURVE('',#11167,(#11171,#11178),.PCURVE_S1.);
#11167 = LINE('',#11168,#11169);
#11168 = CARTESIAN_POINT('',(4.34,263.6,26.431397208143));
#11169 = VECTOR('',#11170,1.);
#11170 = DIRECTION('',(1.,-3.108532283331E-16,6.64265828938E-16));
#11171 = PCURVE('',#4833,#11172);
#11172 = DEFINITIONAL_REPRESENTATION('',(#11173),#11177);
#11173 = LINE('',#11174,#11175);
#11174 = CARTESIAN_POINT('',(0.,0.));
#11175 = VECTOR('',#11176,1.);
#11176 = DIRECTION('',(0.,-1.));
#11177 = ( GEOMETRIC_REPRESENTATION_CONTEXT(2) 
PARAMETRIC_REPRESENTATION_CONTEXT() REPRESENTATION_CONTEXT('2D SPACE',''
  ) );
#11178 = PCURVE('',#11179,#11184);
#11179 = PLANE('',#11180);
#11180 = AXIS2_PLACEMENT_3D('',#11181,#11182,#11183);
#11181 = CARTESIAN_POINT('',(49.5,263.6,-3.254575224689E-12));
#11182 = DIRECTION('',(-3.108532283332E-16,-1.,6.786238238021E-15));
#11183 = DIRECTION('',(1.,-3.108532283331E-16,6.64265828938E-16));
#11184 = DEFINITIONAL_REPRESENTATION('',(#11185),#11189);
#11185 = LINE('',#11186,#11187);
#11186 = CARTESIAN_POINT('',(-45.16,26.431397208146));
#11187 = VECTOR('',#11188,1.);
#11188 = DIRECTION('',(1.,0.));
#11189 = ( GEOMETRIC_REPRESENTATION_CONTEXT(2) 
PARAMETRIC_REPRESENTATION_CONTEXT() REPRESENTATION_CONTEXT('2D SPACE',''
  ) );
#11190 = ORIENTED_EDGE('',*,*,#11191,.T.);
#11191 = EDGE_CURVE('',#11164,#4736,#11192,.T.);
#11192 = SURFACE_CURVE('',#11193,(#11198,#11209),.PCURVE_S1.);
#11193 = CIRCLE('',#11194,1.5);
#11194 = AXIS2_PLACEMENT_3D('',#11195,#11196,#11197);
#11195 = CARTESIAN_POINT('',(2.83666295471,265.1,26.431397208142));
#11196 = DIRECTION('',(6.64265828938E-16,-7.151443180332E-15,-1.));
#11197 = DIRECTION('',(3.108532283332E-16,1.,-7.151443180332E-15));
#11198 = PCURVE('',#4833,#11199);
#11199 = DEFINITIONAL_REPRESENTATION('',(#11200),#11208);
#11200 = ( BOUNDED_CURVE() B_SPLINE_CURVE(2,(#11201,#11202,#11203,#11204
    ,#11205,#11206,#11207),.UNSPECIFIED.,.T.,.F.) 
B_SPLINE_CURVE_WITH_KNOTS((1,2,2,2,2,1),(-2.094395102393,0.,
    2.094395102393,4.188790204786,6.28318530718,8.377580409573),
.UNSPECIFIED.) CURVE() GEOMETRIC_REPRESENTATION_ITEM() 
RATIONAL_B_SPLINE_CURVE((1.,0.5,1.,0.5,1.,0.5,1.)) REPRESENTATION_ITEM(
  '') );
#11201 = CARTESIAN_POINT('',(3.,1.50333704529));
#11202 = CARTESIAN_POINT('',(3.,-1.094739166063));
#11203 = CARTESIAN_POINT('',(0.75,0.204298939614));
#11204 = CARTESIAN_POINT('',(-1.5,1.50333704529));
#11205 = CARTESIAN_POINT('',(0.75,2.802375150967));
#11206 = CARTESIAN_POINT('',(3.,4.101413256644));
#11207 = CARTESIAN_POINT('',(3.,1.50333704529));
#11208 = ( GEOMETRIC_REPRESENTATION_CONTEXT(2) 
PARAMETRIC_REPRESENTATION_CONTEXT() REPRESENTATION_CONTEXT('2D SPACE',''
  ) );
#11209 = PCURVE('',#4751,#11210);
#11210 = DEFINITIONAL_REPRESENTATION('',(#11211),#11215);
#11211 = LINE('',#11212,#11213);
#11212 = CARTESIAN_POINT('',(6.28318530718,0.));
#11213 = VECTOR('',#11214,1.);
#11214 = DIRECTION('',(-1.,0.));
#11215 = ( GEOMETRIC_REPRESENTATION_CONTEXT(2) 
PARAMETRIC_REPRESENTATION_CONTEXT() REPRESENTATION_CONTEXT('2D SPACE',''
  ) );
#11216 = ADVANCED_FACE('',(#11217),#4779,.F.);
#11217 = FACE_BOUND('',#11218,.T.);
#11218 = EDGE_LOOP('',(#11219,#11244,#11270,#11271));
#11219 = ORIENTED_EDGE('',*,*,#11220,.F.);
#11220 = EDGE_CURVE('',#11221,#11223,#11225,.T.);
#11221 = VERTEX_POINT('',#11222);
#11222 = CARTESIAN_POINT('',(2.84333704529,263.6,29.431397208143));
#11223 = VERTEX_POINT('',#11224);
#11224 = CARTESIAN_POINT('',(2.83666295471,263.6,29.431397208143));
#11225 = SURFACE_CURVE('',#11226,(#11230,#11237),.PCURVE_S1.);
#11226 = LINE('',#11227,#11228);
#11227 = CARTESIAN_POINT('',(4.34,263.6,29.431397208143));
#11228 = VECTOR('',#11229,1.);
#11229 = DIRECTION('',(-1.,3.108532283331E-16,-6.64265828938E-16));
#11230 = PCURVE('',#4779,#11231);
#11231 = DEFINITIONAL_REPRESENTATION('',(#11232),#11236);
#11232 = LINE('',#11233,#11234);
#11233 = CARTESIAN_POINT('',(0.,0.));
#11234 = VECTOR('',#11235,1.);
#11235 = DIRECTION('',(0.,1.));
#11236 = ( GEOMETRIC_REPRESENTATION_CONTEXT(2) 
PARAMETRIC_REPRESENTATION_CONTEXT() REPRESENTATION_CONTEXT('2D SPACE',''
  ) );
#11237 = PCURVE('',#11179,#11238);
#11238 = DEFINITIONAL_REPRESENTATION('',(#11239),#11243);
#11239 = LINE('',#11240,#11241);
#11240 = CARTESIAN_POINT('',(-45.16,29.431397208146));
#11241 = VECTOR('',#11242,1.);
#11242 = DIRECTION('',(-1.,0.));
#11243 = ( GEOMETRIC_REPRESENTATION_CONTEXT(2) 
PARAMETRIC_REPRESENTATION_CONTEXT() REPRESENTATION_CONTEXT('2D SPACE',''
  ) );
#11244 = ORIENTED_EDGE('',*,*,#11245,.T.);
#11245 = EDGE_CURVE('',#11221,#4764,#11246,.T.);
#11246 = SURFACE_CURVE('',#11247,(#11252,#11263),.PCURVE_S1.);
#11247 = CIRCLE('',#11248,1.5);
#11248 = AXIS2_PLACEMENT_3D('',#11249,#11250,#11251);
#11249 = CARTESIAN_POINT('',(2.84333704529,265.1,29.431397208142));
#11250 = DIRECTION('',(-6.64265828938E-16,7.151443180332E-15,1.));
#11251 = DIRECTION('',(-3.108532283332E-16,-1.,7.151443180332E-15));
#11252 = PCURVE('',#4779,#11253);
#11253 = DEFINITIONAL_REPRESENTATION('',(#11254),#11262);
#11254 = ( BOUNDED_CURVE() B_SPLINE_CURVE(2,(#11255,#11256,#11257,#11258
    ,#11259,#11260,#11261),.UNSPECIFIED.,.T.,.F.) 
B_SPLINE_CURVE_WITH_KNOTS((1,2,2,2,2,1),(-2.094395102393,0.,
    2.094395102393,4.188790204786,6.28318530718,8.377580409573),
.UNSPECIFIED.) CURVE() GEOMETRIC_REPRESENTATION_ITEM() 
RATIONAL_B_SPLINE_CURVE((1.,0.5,1.,0.5,1.,0.5,1.)) REPRESENTATION_ITEM(
  '') );
#11255 = CARTESIAN_POINT('',(0.,1.49666295471));
#11256 = CARTESIAN_POINT('',(0.,-1.101413256644));
#11257 = CARTESIAN_POINT('',(-2.25,0.197624849033));
#11258 = CARTESIAN_POINT('',(-4.5,1.49666295471));
#11259 = CARTESIAN_POINT('',(-2.25,2.795701060386));
#11260 = CARTESIAN_POINT('',(-2.22044604925E-15,4.094739166063));
#11261 = CARTESIAN_POINT('',(0.,1.49666295471));
#11262 = ( GEOMETRIC_REPRESENTATION_CONTEXT(2) 
PARAMETRIC_REPRESENTATION_CONTEXT() REPRESENTATION_CONTEXT('2D SPACE',''
  ) );
#11263 = PCURVE('',#4807,#11264);
#11264 = DEFINITIONAL_REPRESENTATION('',(#11265),#11269);
#11265 = LINE('',#11266,#11267);
#11266 = CARTESIAN_POINT('',(6.28318530718,-3.));
#11267 = VECTOR('',#11268,1.);
#11268 = DIRECTION('',(-1.,0.));
#11269 = ( GEOMETRIC_REPRESENTATION_CONTEXT(2) 
PARAMETRIC_REPRESENTATION_CONTEXT() REPRESENTATION_CONTEXT('2D SPACE',''
  ) );
#11270 = ORIENTED_EDGE('',*,*,#4763,.T.);
#11271 = ORIENTED_EDGE('',*,*,#11272,.T.);
#11272 = EDGE_CURVE('',#4734,#11223,#11273,.T.);
#11273 = SURFACE_CURVE('',#11274,(#11279,#11290),.PCURVE_S1.);
#11274 = CIRCLE('',#11275,1.5);
#11275 = AXIS2_PLACEMENT_3D('',#11276,#11277,#11278);
#11276 = CARTESIAN_POINT('',(2.83666295471,265.1,29.431397208142));
#11277 = DIRECTION('',(-6.64265828938E-16,7.151443180332E-15,1.));
#11278 = DIRECTION('',(-3.108532283332E-16,-1.,7.151443180332E-15));
#11279 = PCURVE('',#4779,#11280);
#11280 = DEFINITIONAL_REPRESENTATION('',(#11281),#11289);
#11281 = ( BOUNDED_CURVE() B_SPLINE_CURVE(2,(#11282,#11283,#11284,#11285
    ,#11286,#11287,#11288),.UNSPECIFIED.,.T.,.F.) 
B_SPLINE_CURVE_WITH_KNOTS((1,2,2,2,2,1),(-2.094395102393,0.,
    2.094395102393,4.188790204786,6.28318530718,8.377580409573),
.UNSPECIFIED.) CURVE() GEOMETRIC_REPRESENTATION_ITEM() 
RATIONAL_B_SPLINE_CURVE((1.,0.5,1.,0.5,1.,0.5,1.)) REPRESENTATION_ITEM(
  '') );
#11282 = CARTESIAN_POINT('',(0.,1.50333704529));
#11283 = CARTESIAN_POINT('',(0.,-1.094739166063));
#11284 = CARTESIAN_POINT('',(-2.25,0.204298939614));
#11285 = CARTESIAN_POINT('',(-4.5,1.50333704529));
#11286 = CARTESIAN_POINT('',(-2.25,2.802375150967));
#11287 = CARTESIAN_POINT('',(-2.22044604925E-15,4.101413256644));
#11288 = CARTESIAN_POINT('',(0.,1.50333704529));
#11289 = ( GEOMETRIC_REPRESENTATION_CONTEXT(2) 
PARAMETRIC_REPRESENTATION_CONTEXT() REPRESENTATION_CONTEXT('2D SPACE',''
  ) );
#11290 = PCURVE('',#4751,#11291);
#11291 = DEFINITIONAL_REPRESENTATION('',(#11292),#11296);
#11292 = LINE('',#11293,#11294);
#11293 = CARTESIAN_POINT('',(-3.14159265359,3.));
#11294 = VECTOR('',#11295,1.);
#11295 = DIRECTION('',(1.,0.));
#11296 = ( GEOMETRIC_REPRESENTATION_CONTEXT(2) 
PARAMETRIC_REPRESENTATION_CONTEXT() REPRESENTATION_CONTEXT('2D SPACE',''
  ) );
#11297 = ADVANCED_FACE('',(#11298),#11179,.T.);
#11298 = FACE_BOUND('',#11299,.T.);
#11299 = EDGE_LOOP('',(#11300,#11301,#11322,#11323));
#11300 = ORIENTED_EDGE('',*,*,#11163,.T.);
#11301 = ORIENTED_EDGE('',*,*,#11302,.T.);
#11302 = EDGE_CURVE('',#11136,#11221,#11303,.T.);
#11303 = SURFACE_CURVE('',#11304,(#11308,#11315),.PCURVE_S1.);
#11304 = LINE('',#11305,#11306);
#11305 = CARTESIAN_POINT('',(2.84333704529,263.6,29.431397208143));
#11306 = VECTOR('',#11307,1.);
#11307 = DIRECTION('',(-6.64265828938E-16,6.786238238021E-15,1.));
#11308 = PCURVE('',#11179,#11309);
#11309 = DEFINITIONAL_REPRESENTATION('',(#11310),#11314);
#11310 = LINE('',#11311,#11312);
#11311 = CARTESIAN_POINT('',(-46.65666295471,29.431397208146));
#11312 = VECTOR('',#11313,1.);
#11313 = DIRECTION('',(0.,1.));
#11314 = ( GEOMETRIC_REPRESENTATION_CONTEXT(2) 
PARAMETRIC_REPRESENTATION_CONTEXT() REPRESENTATION_CONTEXT('2D SPACE',''
  ) );
#11315 = PCURVE('',#4807,#11316);
#11316 = DEFINITIONAL_REPRESENTATION('',(#11317),#11321);
#11317 = LINE('',#11318,#11319);
#11318 = CARTESIAN_POINT('',(6.28318530718,-3.));
#11319 = VECTOR('',#11320,1.);
#11320 = DIRECTION('',(0.,-1.));
#11321 = ( GEOMETRIC_REPRESENTATION_CONTEXT(2) 
PARAMETRIC_REPRESENTATION_CONTEXT() REPRESENTATION_CONTEXT('2D SPACE',''
  ) );
#11322 = ORIENTED_EDGE('',*,*,#11220,.T.);
#11323 = ORIENTED_EDGE('',*,*,#11324,.T.);
#11324 = EDGE_CURVE('',#11223,#11164,#11325,.T.);
#11325 = SURFACE_CURVE('',#11326,(#11330,#11337),.PCURVE_S1.);
#11326 = LINE('',#11327,#11328);
#11327 = CARTESIAN_POINT('',(2.83666295471,263.6,26.431397208143));
#11328 = VECTOR('',#11329,1.);
#11329 = DIRECTION('',(6.64265828938E-16,-6.786238238021E-15,-1.));
#11330 = PCURVE('',#11179,#11331);
#11331 = DEFINITIONAL_REPRESENTATION('',(#11332),#11336);
#11332 = LINE('',#11333,#11334);
#11333 = CARTESIAN_POINT('',(-46.66333704529,26.431397208146));
#11334 = VECTOR('',#11335,1.);
#11335 = DIRECTION('',(0.,-1.));
#11336 = ( GEOMETRIC_REPRESENTATION_CONTEXT(2) 
PARAMETRIC_REPRESENTATION_CONTEXT() REPRESENTATION_CONTEXT('2D SPACE',''
  ) );
#11337 = PCURVE('',#4751,#11338);
#11338 = DEFINITIONAL_REPRESENTATION('',(#11339),#11343);
#11339 = LINE('',#11340,#11341);
#11340 = CARTESIAN_POINT('',(3.14159265359,0.));
#11341 = VECTOR('',#11342,1.);
#11342 = DIRECTION('',(0.,-1.));
#11343 = ( GEOMETRIC_REPRESENTATION_CONTEXT(2) 
PARAMETRIC_REPRESENTATION_CONTEXT() REPRESENTATION_CONTEXT('2D SPACE',''
  ) );
#11344 = ADVANCED_FACE('',(#11345),#4807,.T.);
#11345 = FACE_BOUND('',#11346,.T.);
#11346 = EDGE_LOOP('',(#11347,#11348,#11349,#11350));
#11347 = ORIENTED_EDGE('',*,*,#11135,.F.);
#11348 = ORIENTED_EDGE('',*,*,#4791,.T.);
#11349 = ORIENTED_EDGE('',*,*,#11245,.F.);
#11350 = ORIENTED_EDGE('',*,*,#11302,.F.);
#11351 = ADVANCED_FACE('',(#11352),#4751,.T.);
#11352 = FACE_BOUND('',#11353,.T.);
#11353 = EDGE_LOOP('',(#11354,#11355,#11356,#11357));
#11354 = ORIENTED_EDGE('',*,*,#11272,.F.);
#11355 = ORIENTED_EDGE('',*,*,#4733,.T.);
#11356 = ORIENTED_EDGE('',*,*,#11191,.F.);
#11357 = ORIENTED_EDGE('',*,*,#11324,.F.);
#11358 = ADVANCED_FACE('',(#11359),#3335,.T.);
#11359 = FACE_BOUND('',#11360,.T.);
#11360 = EDGE_LOOP('',(#11361,#11362,#11383,#11384));
#11361 = ORIENTED_EDGE('',*,*,#7533,.F.);
#11362 = ORIENTED_EDGE('',*,*,#11363,.T.);
#11363 = EDGE_CURVE('',#7511,#3319,#11364,.T.);
#11364 = SURFACE_CURVE('',#11365,(#11369,#11376),.PCURVE_S1.);
#11365 = LINE('',#11366,#11367);
#11366 = CARTESIAN_POINT('',(6.660598367848,356.61821783447,
    16.735889132452));
#11367 = VECTOR('',#11368,1.);
#11368 = DIRECTION('',(1.,-3.108532283331E-16,6.64265828938E-16));
#11369 = PCURVE('',#3335,#11370);
#11370 = DEFINITIONAL_REPRESENTATION('',(#11371),#11375);
#11371 = LINE('',#11372,#11373);
#11372 = CARTESIAN_POINT('',(1.826867921116,5.487680841473));
#11373 = VECTOR('',#11374,1.);
#11374 = DIRECTION('',(0.,1.));
#11375 = ( GEOMETRIC_REPRESENTATION_CONTEXT(2) 
PARAMETRIC_REPRESENTATION_CONTEXT() REPRESENTATION_CONTEXT('2D SPACE',''
  ) );
#11376 = PCURVE('',#3361,#11377);
#11377 = DEFINITIONAL_REPRESENTATION('',(#11378),#11382);
#11378 = LINE('',#11379,#11380);
#11379 = CARTESIAN_POINT('',(-4.381782165528,0.));
#11380 = VECTOR('',#11381,1.);
#11381 = DIRECTION('',(0.,-1.));
#11382 = ( GEOMETRIC_REPRESENTATION_CONTEXT(2) 
PARAMETRIC_REPRESENTATION_CONTEXT() REPRESENTATION_CONTEXT('2D SPACE',''
  ) );
#11383 = ORIENTED_EDGE('',*,*,#3318,.T.);
#11384 = ORIENTED_EDGE('',*,*,#3422,.F.);
#11385 = ADVANCED_FACE('',(#11386),#6247,.F.);
#11386 = FACE_BOUND('',#11387,.F.);
#11387 = EDGE_LOOP('',(#11388,#11389,#11390,#11391));
#11388 = ORIENTED_EDGE('',*,*,#6228,.T.);
#11389 = ORIENTED_EDGE('',*,*,#7657,.F.);
#11390 = ORIENTED_EDGE('',*,*,#7606,.F.);
#11391 = ORIENTED_EDGE('',*,*,#7684,.T.);
#11392 = ADVANCED_FACE('',(#11393),#4115,.T.);
#11393 = FACE_BOUND('',#11394,.T.);
#11394 = EDGE_LOOP('',(#11395,#11396,#11397,#11398));
#11395 = ORIENTED_EDGE('',*,*,#4227,.F.);
#11396 = ORIENTED_EDGE('',*,*,#7351,.T.);
#11397 = ORIENTED_EDGE('',*,*,#6134,.T.);
#11398 = ORIENTED_EDGE('',*,*,#4092,.F.);
#11399 = ADVANCED_FACE('',(#11400),#3980,.F.);
#11400 = FACE_BOUND('',#11401,.T.);
#11401 = EDGE_LOOP('',(#11402,#11403,#11404,#11405));
#11402 = ORIENTED_EDGE('',*,*,#7329,.F.);
#11403 = ORIENTED_EDGE('',*,*,#4068,.T.);
#11404 = ORIENTED_EDGE('',*,*,#3964,.T.);
#11405 = ORIENTED_EDGE('',*,*,#6180,.F.);
#11406 = ADVANCED_FACE('',(#11407),#3361,.T.);
#11407 = FACE_BOUND('',#11408,.T.);
#11408 = EDGE_LOOP('',(#11409,#11410,#11411,#11412));
#11409 = ORIENTED_EDGE('',*,*,#11363,.F.);
#11410 = ORIENTED_EDGE('',*,*,#7510,.T.);
#11411 = ORIENTED_EDGE('',*,*,#3471,.T.);
#11412 = ORIENTED_EDGE('',*,*,#3347,.F.);
#11413 = ADVANCED_FACE('',(#11414),#3704,.F.);
#11414 = FACE_BOUND('',#11415,.T.);
#11415 = EDGE_LOOP('',(#11416,#11417,#11418,#11419));
#11416 = ORIENTED_EDGE('',*,*,#7557,.F.);
#11417 = ORIENTED_EDGE('',*,*,#3845,.T.);
#11418 = ORIENTED_EDGE('',*,*,#3688,.T.);
#11419 = ORIENTED_EDGE('',*,*,#3774,.F.);
#11420 = ADVANCED_FACE('',(#11421),#3278,.F.);
#11421 = FACE_BOUND('',#11422,.T.);
#11422 = EDGE_LOOP('',(#11423,#11424,#11425,#11426));
#11423 = ORIENTED_EDGE('',*,*,#7285,.F.);
#11424 = ORIENTED_EDGE('',*,*,#3376,.T.);
#11425 = ORIENTED_EDGE('',*,*,#3262,.T.);
#11426 = ORIENTED_EDGE('',*,*,#3447,.T.);
#11427 = ADVANCED_FACE('',(#11428),#3617,.T.);
#11428 = FACE_BOUND('',#11429,.T.);
#11429 = EDGE_LOOP('',(#11430,#11431,#11432,#11433));
#11430 = ORIENTED_EDGE('',*,*,#4046,.F.);
#11431 = ORIENTED_EDGE('',*,*,#7307,.T.);
#11432 = ORIENTED_EDGE('',*,*,#3601,.F.);
#11433 = ORIENTED_EDGE('',*,*,#3917,.F.);
#11434 = ( GEOMETRIC_REPRESENTATION_CONTEXT(3) 
GLOBAL_UNCERTAINTY_ASSIGNED_CONTEXT((#11438)) 
GLOBAL_UNIT_ASSIGNED_CONTEXT((#11435,#11436,#11437)) 
REPRESENTATION_CONTEXT('Context #1',
  '3D Context with UNIT and UNCERTAINTY') );
#11435 = ( LENGTH_UNIT() NAMED_UNIT(*) SI_UNIT(.MILLI.,.METRE.) );
#11436 = ( NAMED_UNIT(*) PLANE_ANGLE_UNIT() SI_UNIT($,.RADIAN.) );
#11437 = ( NAMED_UNIT(*) SI_UNIT($,.STERADIAN.) SOLID_ANGLE_UNIT() );
#11438 = UNCERTAINTY_MEASURE_WITH_UNIT(LENGTH_MEASURE(2.E-06),#11435,
  'distance_accuracy_value','confusion accuracy');
#11439 = PRODUCT_RELATED_PRODUCT_CATEGORY('part',$,(#7));
ENDSEC;
END-ISO-10303-21;
