ISO-10303-21;
HEADER;
FILE_DESCRIPTION(('Open CASCADE Model'),'2;1');
FILE_NAME('Open CASCADE Shape Model','2026-09-19T11:07:50',('Author'),(
    'Open CASCADE'),'Open CASCADE STEP processor 7.9','Open CASCADE 7.9'
  ,'Unknown');
FILE_SCHEMA(('AUTOMOTIVE_DESIGN { 1 0 10303 214 1 1 1 1 }'));
ENDSEC;
DATA;
#1 = APPLICATION_PROTOCOL_DEFINITION('international standard',
  'automotive_design',2000,#2);
#2 = APPLICATION_CONTEXT(
  'core data for automotive mechanical design processes');
#3 = SHAPE_DEFINITION_REPRESENTATION(#4,#10);
#4 = PRODUCT_DEFINITION_SHAPE('','',#5);
#5 = PRODUCT_DEFINITION('design','',#6,#9);
#6 = PRODUCT_DEFINITION_FORMATION('','',#7);
#7 = PRODUCT('Open CASCADE STEP translator 7.9 24',
  'Open CASCADE STEP translator 7.9 24','',(#8));
#8 = PRODUCT_CONTEXT('',#2,'mechanical');
#9 = PRODUCT_DEFINITION_CONTEXT('part definition',#2,'design');
#10 = ADVANCED_BREP_SHAPE_REPRESENTATION('',(#11,#15),#3315);
#11 = AXIS2_PLACEMENT_3D('',#12,#13,#14);
#12 = CARTESIAN_POINT('',(0.,0.,0.));
#13 = DIRECTION('',(0.,0.,1.));
#14 = DIRECTION('',(1.,0.,-0.));
#15 = MANIFOLD_SOLID_BREP('',#16);
#16 = CLOSED_SHELL('',(#17,#138,#255,#353,#470,#587,#704,#821,#938,#1055
    ,#1162,#1269,#1376,#1505,#1634,#1741,#1843,#1945,#2047,#2149,#2251,
    #2375,#2457,#2539,#2620,#2673,#2722,#2752,#2782,#2812,#2842,#2872,
    #2902,#2911,#2939,#2971,#3003,#3035,#3067,#3099,#3131,#3138,#3145,
    #3152,#3159,#3166,#3173,#3180,#3187,#3194,#3201,#3208,#3215,#3294,
    #3301,#3308));
#17 = ADVANCED_FACE('',(#18),#33,.T.);
#18 = FACE_BOUND('',#19,.T.);
#19 = EDGE_LOOP('',(#20,#60,#88,#117));
#20 = ORIENTED_EDGE('',*,*,#21,.T.);
#21 = EDGE_CURVE('',#22,#24,#26,.T.);
#22 = VERTEX_POINT('',#23);
#23 = CARTESIAN_POINT('',(6.9,248.5,35.680246635917));
#24 = VERTEX_POINT('',#25);
#25 = CARTESIAN_POINT('',(-6.9,248.5,59.582547780368));
#26 = SURFACE_CURVE('',#27,(#32,#44),.PCURVE_S1.);
#27 = CIRCLE('',#28,13.8);
#28 = AXIS2_PLACEMENT_3D('',#29,#30,#31);
#29 = CARTESIAN_POINT('',(-3.063845130344E-14,248.5,47.631397208143));
#30 = DIRECTION('',(-9.22524013291E-16,1.,-6.922496697968E-15));
#31 = DIRECTION('',(0.5,-5.533795991409E-15,-0.866025403784));
#32 = PCURVE('',#33,#38);
#33 = CONICAL_SURFACE('',#34,1.,0.785398163397);
#34 = AXIS2_PLACEMENT_3D('',#35,#36,#37);
#35 = CARTESIAN_POINT('',(-2.62499566899E-15,235.7,47.631397208143));
#36 = DIRECTION('',(-1.001112086056E-15,1.,-6.925185572738E-15));
#37 = DIRECTION('',(0.5,-5.496830588884E-15,-0.866025403784));
#38 = DEFINITIONAL_REPRESENTATION('',(#39),#43);
#39 = LINE('',#40,#41);
#40 = CARTESIAN_POINT('',(0.,12.800000000001));
#41 = VECTOR('',#42,1.);
#42 = DIRECTION('',(1.,3.998207614573E-15));
#43 = ( GEOMETRIC_REPRESENTATION_CONTEXT(2) 
PARAMETRIC_REPRESENTATION_CONTEXT() REPRESENTATION_CONTEXT('2D SPACE',''
  ) );
#44 = PCURVE('',#45,#50);
#45 = PLANE('',#46);
#46 = AXIS2_PLACEMENT_3D('',#47,#48,#49);
#47 = CARTESIAN_POINT('',(-1.875644347018,248.5,50.880108514107));
#48 = DIRECTION('',(8.969183784631E-16,-1.,6.970583632014E-15));
#49 = DIRECTION('',(0.866025403784,4.262045916877E-15,0.5));
#50 = DEFINITIONAL_REPRESENTATION('',(#51),#59);
#51 = ( BOUNDED_CURVE() B_SPLINE_CURVE(2,(#52,#53,#54,#55,#56,#57,#58),
.UNSPECIFIED.,.T.,.F.) B_SPLINE_CURVE_WITH_KNOTS((1,2,2,2,2,1),(
    -2.094395102393,0.,2.094395102393,4.188790204786,6.28318530718,
8.377580409573),.UNSPECIFIED.) CURVE() GEOMETRIC_REPRESENTATION_ITEM() 
RATIONAL_B_SPLINE_CURVE((1.,0.5,1.,0.5,1.,0.5,1.)) REPRESENTATION_ITEM(
  '') );
#52 = CARTESIAN_POINT('',(-7.105427357601E-15,-17.55128869403));
#53 = CARTESIAN_POINT('',(-23.90230114445,-17.55128869403));
#54 = CARTESIAN_POINT('',(-11.95115057222,3.148711305964));
#55 = CARTESIAN_POINT('',(-2.949008721566E-15,23.848711305964));
#56 = CARTESIAN_POINT('',(11.951150572225,3.148711305964));
#57 = CARTESIAN_POINT('',(23.902301144451,-17.55128869403));
#58 = CARTESIAN_POINT('',(-7.105427357601E-15,-17.55128869403));
#59 = ( GEOMETRIC_REPRESENTATION_CONTEXT(2) 
PARAMETRIC_REPRESENTATION_CONTEXT() REPRESENTATION_CONTEXT('2D SPACE',''
  ) );
#60 = ORIENTED_EDGE('',*,*,#61,.T.);
#61 = EDGE_CURVE('',#24,#62,#64,.T.);
#62 = VERTEX_POINT('',#63);
#63 = CARTESIAN_POINT('',(-7.,248.7,59.755752861125));
#64 = SURFACE_CURVE('',#65,(#69,#76),.PCURVE_S1.);
#65 = LINE('',#66,#67);
#66 = CARTESIAN_POINT('',(-0.5,235.7,48.497422611927));
#67 = VECTOR('',#68,1.);
#68 = DIRECTION('',(-0.353553390593,0.707106781187,0.612372435696));
#69 = PCURVE('',#33,#70);
#70 = DEFINITIONAL_REPRESENTATION('',(#71),#75);
#71 = LINE('',#72,#73);
#72 = CARTESIAN_POINT('',(3.14159265359,0.));
#73 = VECTOR('',#74,1.);
#74 = DIRECTION('',(0.,1.));
#75 = ( GEOMETRIC_REPRESENTATION_CONTEXT(2) 
PARAMETRIC_REPRESENTATION_CONTEXT() REPRESENTATION_CONTEXT('2D SPACE',''
  ) );
#76 = PCURVE('',#77,#82);
#77 = CONICAL_SURFACE('',#78,1.,0.785398163397);
#78 = AXIS2_PLACEMENT_3D('',#79,#80,#81);
#79 = CARTESIAN_POINT('',(-2.62499566899E-15,235.7,47.631397208143));
#80 = DIRECTION('',(-1.001112086056E-15,1.,-6.925185572738E-15));
#81 = DIRECTION('',(0.5,-5.496830588884E-15,-0.866025403784));
#82 = DEFINITIONAL_REPRESENTATION('',(#83),#87);
#83 = LINE('',#84,#85);
#84 = CARTESIAN_POINT('',(3.14159265359,0.));
#85 = VECTOR('',#86,1.);
#86 = DIRECTION('',(0.,1.));
#87 = ( GEOMETRIC_REPRESENTATION_CONTEXT(2) 
PARAMETRIC_REPRESENTATION_CONTEXT() REPRESENTATION_CONTEXT('2D SPACE',''
  ) );
#88 = ORIENTED_EDGE('',*,*,#89,.T.);
#89 = EDGE_CURVE('',#62,#90,#92,.T.);
#90 = VERTEX_POINT('',#91);
#91 = CARTESIAN_POINT('',(7.,248.7,35.50704155516));
#92 = SURFACE_CURVE('',#93,(#98,#105),.PCURVE_S1.);
#93 = CIRCLE('',#94,14.);
#94 = AXIS2_PLACEMENT_3D('',#95,#96,#97);
#95 = CARTESIAN_POINT('',(-1.997249764422E-14,248.7,47.631397208143));
#96 = DIRECTION('',(9.279857974916E-16,-1.,6.92442165854E-15));
#97 = DIRECTION('',(0.5,-5.532732164065E-15,-0.866025403784));
#98 = PCURVE('',#33,#99);
#99 = DEFINITIONAL_REPRESENTATION('',(#100),#104);
#100 = LINE('',#101,#102);
#101 = CARTESIAN_POINT('',(6.28318530718,13.000000000001));
#102 = VECTOR('',#103,1.);
#103 = DIRECTION('',(-1.,-7.996415229147E-16));
#104 = ( GEOMETRIC_REPRESENTATION_CONTEXT(2) 
PARAMETRIC_REPRESENTATION_CONTEXT() REPRESENTATION_CONTEXT('2D SPACE',''
  ) );
#105 = PCURVE('',#106,#111);
#106 = CYLINDRICAL_SURFACE('',#107,14.);
#107 = AXIS2_PLACEMENT_3D('',#108,#109,#110);
#108 = CARTESIAN_POINT('',(-3.257355370409E-14,264.5,47.631397208142));
#109 = DIRECTION('',(8.85655149358E-16,-1.,6.964080803658E-15));
#110 = DIRECTION('',(-0.5,5.588243315296E-15,0.866025403784));
#111 = DEFINITIONAL_REPRESENTATION('',(#112),#116);
#112 = LINE('',#113,#114);
#113 = CARTESIAN_POINT('',(-3.14159265359,15.8));
#114 = VECTOR('',#115,1.);
#115 = DIRECTION('',(1.,-5.654319433713E-16));
#116 = ( GEOMETRIC_REPRESENTATION_CONTEXT(2) 
PARAMETRIC_REPRESENTATION_CONTEXT() REPRESENTATION_CONTEXT('2D SPACE',''
  ) );
#117 = ORIENTED_EDGE('',*,*,#118,.F.);
#118 = EDGE_CURVE('',#22,#90,#119,.T.);
#119 = SURFACE_CURVE('',#120,(#124,#131),.PCURVE_S1.);
#120 = LINE('',#121,#122);
#121 = CARTESIAN_POINT('',(0.5,235.7,46.765371804358));
#122 = VECTOR('',#123,1.);
#123 = DIRECTION('',(0.353553390593,0.707106781187,-0.612372435696));
#124 = PCURVE('',#33,#125);
#125 = DEFINITIONAL_REPRESENTATION('',(#126),#130);
#126 = LINE('',#127,#128);
#127 = CARTESIAN_POINT('',(0.,0.));
#128 = VECTOR('',#129,1.);
#129 = DIRECTION('',(0.,1.));
#130 = ( GEOMETRIC_REPRESENTATION_CONTEXT(2) 
PARAMETRIC_REPRESENTATION_CONTEXT() REPRESENTATION_CONTEXT('2D SPACE',''
  ) );
#131 = PCURVE('',#77,#132);
#132 = DEFINITIONAL_REPRESENTATION('',(#133),#137);
#133 = LINE('',#134,#135);
#134 = CARTESIAN_POINT('',(6.28318530718,0.));
#135 = VECTOR('',#136,1.);
#136 = DIRECTION('',(0.,1.));
#137 = ( GEOMETRIC_REPRESENTATION_CONTEXT(2) 
PARAMETRIC_REPRESENTATION_CONTEXT() REPRESENTATION_CONTEXT('2D SPACE',''
  ) );
#138 = ADVANCED_FACE('',(#139),#153,.F.);
#139 = FACE_BOUND('',#140,.F.);
#140 = EDGE_LOOP('',(#141,#176,#205,#228));
#141 = ORIENTED_EDGE('',*,*,#142,.T.);
#142 = EDGE_CURVE('',#143,#145,#147,.T.);
#143 = VERTEX_POINT('',#144);
#144 = CARTESIAN_POINT('',(3.464101615138,248.7,49.631397208143));
#145 = VERTEX_POINT('',#146);
#146 = CARTESIAN_POINT('',(3.464101615138,264.3,49.631397208142));
#147 = SURFACE_CURVE('',#148,(#152,#164),.PCURVE_S1.);
#148 = LINE('',#149,#150);
#149 = CARTESIAN_POINT('',(3.464101615138,248.7,49.631397208143));
#150 = VECTOR('',#151,1.);
#151 = DIRECTION('',(-2.448034315337E-18,1.,-7.298606386854E-15));
#152 = PCURVE('',#153,#158);
#153 = CYLINDRICAL_SURFACE('',#154,4.);
#154 = AXIS2_PLACEMENT_3D('',#155,#156,#157);
#155 = CARTESIAN_POINT('',(-3.305077974608E-14,248.7,47.631397208143));
#156 = DIRECTION('',(-2.448034315337E-18,1.,-7.298606386854E-15));
#157 = DIRECTION('',(0.866025403784,3.651423253333E-15,0.5));
#158 = DEFINITIONAL_REPRESENTATION('',(#159),#163);
#159 = LINE('',#160,#161);
#160 = CARTESIAN_POINT('',(6.28318530718,-4.733165431326E-30));
#161 = VECTOR('',#162,1.);
#162 = DIRECTION('',(0.,1.));
#163 = ( GEOMETRIC_REPRESENTATION_CONTEXT(2) 
PARAMETRIC_REPRESENTATION_CONTEXT() REPRESENTATION_CONTEXT('2D SPACE',''
  ) );
#164 = PCURVE('',#165,#170);
#165 = CYLINDRICAL_SURFACE('',#166,4.);
#166 = AXIS2_PLACEMENT_3D('',#167,#168,#169);
#167 = CARTESIAN_POINT('',(-3.305077974608E-14,248.7,47.631397208143));
#168 = DIRECTION('',(-2.448034315337E-18,1.,-7.298606386854E-15));
#169 = DIRECTION('',(0.866025403784,3.651423253333E-15,0.5));
#170 = DEFINITIONAL_REPRESENTATION('',(#171),#175);
#171 = LINE('',#172,#173);
#172 = CARTESIAN_POINT('',(0.,-4.733165431326E-30));
#173 = VECTOR('',#174,1.);
#174 = DIRECTION('',(0.,1.));
#175 = ( GEOMETRIC_REPRESENTATION_CONTEXT(2) 
PARAMETRIC_REPRESENTATION_CONTEXT() REPRESENTATION_CONTEXT('2D SPACE',''
  ) );
#176 = ORIENTED_EDGE('',*,*,#177,.T.);
#177 = EDGE_CURVE('',#145,#178,#180,.T.);
#178 = VERTEX_POINT('',#179);
#179 = CARTESIAN_POINT('',(-3.464101615138,264.3,45.631397208142));
#180 = SURFACE_CURVE('',#181,(#186,#193),.PCURVE_S1.);
#181 = CIRCLE('',#182,4.);
#182 = AXIS2_PLACEMENT_3D('',#183,#184,#185);
#183 = CARTESIAN_POINT('',(-3.333723616859E-14,264.3,47.631397208142));
#184 = DIRECTION('',(-1.816967897088E-16,-1.,7.798234160196E-15));
#185 = DIRECTION('',(0.866025403784,3.741763044424E-15,0.5));
#186 = PCURVE('',#153,#187);
#187 = DEFINITIONAL_REPRESENTATION('',(#188),#192);
#188 = LINE('',#189,#190);
#189 = CARTESIAN_POINT('',(6.28318530718,15.6));
#190 = VECTOR('',#191,1.);
#191 = DIRECTION('',(-1.,0.));
#192 = ( GEOMETRIC_REPRESENTATION_CONTEXT(2) 
PARAMETRIC_REPRESENTATION_CONTEXT() REPRESENTATION_CONTEXT('2D SPACE',''
  ) );
#193 = PCURVE('',#194,#199);
#194 = CONICAL_SURFACE('',#195,4.,0.785398163397);
#195 = AXIS2_PLACEMENT_3D('',#196,#197,#198);
#196 = CARTESIAN_POINT('',(-3.020451404485E-14,264.3,47.631397208142));
#197 = DIRECTION('',(1.466313218702E-16,1.,-7.382018687482E-15));
#198 = DIRECTION('',(0.866025403784,3.564022894011E-15,0.5));
#199 = DEFINITIONAL_REPRESENTATION('',(#200),#204);
#200 = LINE('',#201,#202);
#201 = CARTESIAN_POINT('',(6.28318530718,1.33226762955E-15));
#202 = VECTOR('',#203,1.);
#203 = DIRECTION('',(-1.,-8.481479150569E-16));
#204 = ( GEOMETRIC_REPRESENTATION_CONTEXT(2) 
PARAMETRIC_REPRESENTATION_CONTEXT() REPRESENTATION_CONTEXT('2D SPACE',''
  ) );
#205 = ORIENTED_EDGE('',*,*,#206,.F.);
#206 = EDGE_CURVE('',#207,#178,#209,.T.);
#207 = VERTEX_POINT('',#208);
#208 = CARTESIAN_POINT('',(-3.464101615138,248.7,45.631397208143));
#209 = SURFACE_CURVE('',#210,(#214,#221),.PCURVE_S1.);
#210 = LINE('',#211,#212);
#211 = CARTESIAN_POINT('',(-3.464101615138,248.7,45.631397208143));
#212 = VECTOR('',#213,1.);
#213 = DIRECTION('',(-2.448034315337E-18,1.,-7.298606386854E-15));
#214 = PCURVE('',#153,#215);
#215 = DEFINITIONAL_REPRESENTATION('',(#216),#220);
#216 = LINE('',#217,#218);
#217 = CARTESIAN_POINT('',(3.14159265359,-4.733165431326E-30));
#218 = VECTOR('',#219,1.);
#219 = DIRECTION('',(0.,1.));
#220 = ( GEOMETRIC_REPRESENTATION_CONTEXT(2) 
PARAMETRIC_REPRESENTATION_CONTEXT() REPRESENTATION_CONTEXT('2D SPACE',''
  ) );
#221 = PCURVE('',#165,#222);
#222 = DEFINITIONAL_REPRESENTATION('',(#223),#227);
#223 = LINE('',#224,#225);
#224 = CARTESIAN_POINT('',(3.14159265359,-4.733165431326E-30));
#225 = VECTOR('',#226,1.);
#226 = DIRECTION('',(0.,1.));
#227 = ( GEOMETRIC_REPRESENTATION_CONTEXT(2) 
PARAMETRIC_REPRESENTATION_CONTEXT() REPRESENTATION_CONTEXT('2D SPACE',''
  ) );
#228 = ORIENTED_EDGE('',*,*,#229,.F.);
#229 = EDGE_CURVE('',#143,#207,#230,.T.);
#230 = SURFACE_CURVE('',#231,(#236,#243),.PCURVE_S1.);
#231 = CIRCLE('',#232,4.);
#232 = AXIS2_PLACEMENT_3D('',#233,#234,#235);
#233 = CARTESIAN_POINT('',(-2.99185280654E-14,248.7,47.631397208143));
#234 = DIRECTION('',(7.942101465457E-16,-1.,7.118078791569E-15));
#235 = DIRECTION('',(0.866025403784,4.246845558636E-15,0.5));
#236 = PCURVE('',#153,#237);
#237 = DEFINITIONAL_REPRESENTATION('',(#238),#242);
#238 = LINE('',#239,#240);
#239 = CARTESIAN_POINT('',(6.28318530718,-7.605027718682E-15));
#240 = VECTOR('',#241,1.);
#241 = DIRECTION('',(-1.,-1.51959834781E-15));
#242 = ( GEOMETRIC_REPRESENTATION_CONTEXT(2) 
PARAMETRIC_REPRESENTATION_CONTEXT() REPRESENTATION_CONTEXT('2D SPACE',''
  ) );
#243 = PCURVE('',#244,#249);
#244 = CONICAL_SURFACE('',#245,1.,0.785398163397);
#245 = AXIS2_PLACEMENT_3D('',#246,#247,#248);
#246 = CARTESIAN_POINT('',(-2.888568147919E-14,251.7,47.631397208143));
#247 = DIRECTION('',(8.969183784631E-16,-1.,6.970583632014E-15));
#248 = DIRECTION('',(0.866025403784,4.262045916877E-15,0.5));
#249 = DEFINITIONAL_REPRESENTATION('',(#250),#254);
#250 = LINE('',#251,#252);
#251 = CARTESIAN_POINT('',(0.,3.));
#252 = VECTOR('',#253,1.);
#253 = DIRECTION('',(1.,1.399372665101E-15));
#254 = ( GEOMETRIC_REPRESENTATION_CONTEXT(2) 
PARAMETRIC_REPRESENTATION_CONTEXT() REPRESENTATION_CONTEXT('2D SPACE',''
  ) );
#255 = ADVANCED_FACE('',(#256),#268,.F.);
#256 = FACE_BOUND('',#257,.F.);
#257 = EDGE_LOOP('',(#258,#286,#310,#331));
#258 = ORIENTED_EDGE('',*,*,#259,.T.);
#259 = EDGE_CURVE('',#143,#260,#262,.T.);
#260 = VERTEX_POINT('',#261);
#261 = CARTESIAN_POINT('',(3.637306695895,248.5,49.731397208143));
#262 = SURFACE_CURVE('',#263,(#267,#279),.PCURVE_S1.);
#263 = LINE('',#264,#265);
#264 = CARTESIAN_POINT('',(0.866025403784,251.7,48.131397208143));
#265 = VECTOR('',#266,1.);
#266 = DIRECTION('',(0.612372435696,-0.707106781187,0.353553390593));
#267 = PCURVE('',#268,#273);
#268 = CONICAL_SURFACE('',#269,1.,0.785398163397);
#269 = AXIS2_PLACEMENT_3D('',#270,#271,#272);
#270 = CARTESIAN_POINT('',(-2.888568147919E-14,251.7,47.631397208143));
#271 = DIRECTION('',(8.969183784631E-16,-1.,6.970583632014E-15));
#272 = DIRECTION('',(0.866025403784,4.262045916877E-15,0.5));
#273 = DEFINITIONAL_REPRESENTATION('',(#274),#278);
#274 = LINE('',#275,#276);
#275 = CARTESIAN_POINT('',(6.28318530718,0.));
#276 = VECTOR('',#277,1.);
#277 = DIRECTION('',(0.,1.));
#278 = ( GEOMETRIC_REPRESENTATION_CONTEXT(2) 
PARAMETRIC_REPRESENTATION_CONTEXT() REPRESENTATION_CONTEXT('2D SPACE',''
  ) );
#279 = PCURVE('',#244,#280);
#280 = DEFINITIONAL_REPRESENTATION('',(#281),#285);
#281 = LINE('',#282,#283);
#282 = CARTESIAN_POINT('',(0.,0.));
#283 = VECTOR('',#284,1.);
#284 = DIRECTION('',(0.,1.));
#285 = ( GEOMETRIC_REPRESENTATION_CONTEXT(2) 
PARAMETRIC_REPRESENTATION_CONTEXT() REPRESENTATION_CONTEXT('2D SPACE',''
  ) );
#286 = ORIENTED_EDGE('',*,*,#287,.F.);
#287 = EDGE_CURVE('',#288,#260,#290,.T.);
#288 = VERTEX_POINT('',#289);
#289 = CARTESIAN_POINT('',(-3.637306695895,248.5,45.531397208143));
#290 = SURFACE_CURVE('',#291,(#296,#303),.PCURVE_S1.);
#291 = CIRCLE('',#292,4.2);
#292 = AXIS2_PLACEMENT_3D('',#293,#294,#295);
#293 = CARTESIAN_POINT('',(-2.760245039772E-14,248.5,47.631397208143));
#294 = DIRECTION('',(8.854721719966E-16,-1.,6.963975161629E-15));
#295 = DIRECTION('',(0.866025403784,4.248828976108E-15,0.5));
#296 = PCURVE('',#268,#297);
#297 = DEFINITIONAL_REPRESENTATION('',(#298),#302);
#298 = LINE('',#299,#300);
#299 = CARTESIAN_POINT('',(0.,3.2));
#300 = VECTOR('',#301,1.);
#301 = DIRECTION('',(1.,-7.996415229147E-16));
#302 = ( GEOMETRIC_REPRESENTATION_CONTEXT(2) 
PARAMETRIC_REPRESENTATION_CONTEXT() REPRESENTATION_CONTEXT('2D SPACE',''
  ) );
#303 = PCURVE('',#45,#304);
#304 = DEFINITIONAL_REPRESENTATION('',(#305),#309);
#305 = CIRCLE('',#306,4.2);
#306 = AXIS2_PLACEMENT_2D('',#307,#308);
#307 = CARTESIAN_POINT('',(-7.105427357601E-15,-3.751288694036));
#308 = DIRECTION('',(1.,0.));
#309 = ( GEOMETRIC_REPRESENTATION_CONTEXT(2) 
PARAMETRIC_REPRESENTATION_CONTEXT() REPRESENTATION_CONTEXT('2D SPACE',''
  ) );
#310 = ORIENTED_EDGE('',*,*,#311,.F.);
#311 = EDGE_CURVE('',#207,#288,#312,.T.);
#312 = SURFACE_CURVE('',#313,(#317,#324),.PCURVE_S1.);
#313 = LINE('',#314,#315);
#314 = CARTESIAN_POINT('',(-0.866025403784,251.7,47.131397208143));
#315 = VECTOR('',#316,1.);
#316 = DIRECTION('',(-0.612372435696,-0.707106781187,-0.353553390593));
#317 = PCURVE('',#268,#318);
#318 = DEFINITIONAL_REPRESENTATION('',(#319),#323);
#319 = LINE('',#320,#321);
#320 = CARTESIAN_POINT('',(3.14159265359,0.));
#321 = VECTOR('',#322,1.);
#322 = DIRECTION('',(0.,1.));
#323 = ( GEOMETRIC_REPRESENTATION_CONTEXT(2) 
PARAMETRIC_REPRESENTATION_CONTEXT() REPRESENTATION_CONTEXT('2D SPACE',''
  ) );
#324 = PCURVE('',#244,#325);
#325 = DEFINITIONAL_REPRESENTATION('',(#326),#330);
#326 = LINE('',#327,#328);
#327 = CARTESIAN_POINT('',(3.14159265359,0.));
#328 = VECTOR('',#329,1.);
#329 = DIRECTION('',(0.,1.));
#330 = ( GEOMETRIC_REPRESENTATION_CONTEXT(2) 
PARAMETRIC_REPRESENTATION_CONTEXT() REPRESENTATION_CONTEXT('2D SPACE',''
  ) );
#331 = ORIENTED_EDGE('',*,*,#332,.T.);
#332 = EDGE_CURVE('',#207,#143,#333,.T.);
#333 = SURFACE_CURVE('',#334,(#339,#346),.PCURVE_S1.);
#334 = CIRCLE('',#335,4.);
#335 = AXIS2_PLACEMENT_3D('',#336,#337,#338);
#336 = CARTESIAN_POINT('',(-2.99185280654E-14,248.7,47.631397208143));
#337 = DIRECTION('',(7.942101465457E-16,-1.,7.118078791569E-15));
#338 = DIRECTION('',(0.866025403784,4.246845558636E-15,0.5));
#339 = PCURVE('',#268,#340);
#340 = DEFINITIONAL_REPRESENTATION('',(#341),#345);
#341 = LINE('',#342,#343);
#342 = CARTESIAN_POINT('',(0.,3.));
#343 = VECTOR('',#344,1.);
#344 = DIRECTION('',(1.,-1.399372665101E-15));
#345 = ( GEOMETRIC_REPRESENTATION_CONTEXT(2) 
PARAMETRIC_REPRESENTATION_CONTEXT() REPRESENTATION_CONTEXT('2D SPACE',''
  ) );
#346 = PCURVE('',#165,#347);
#347 = DEFINITIONAL_REPRESENTATION('',(#348),#352);
#348 = LINE('',#349,#350);
#349 = CARTESIAN_POINT('',(6.28318530718,-1.715294573046E-14));
#350 = VECTOR('',#351,1.);
#351 = DIRECTION('',(-1.,1.51959834781E-15));
#352 = ( GEOMETRIC_REPRESENTATION_CONTEXT(2) 
PARAMETRIC_REPRESENTATION_CONTEXT() REPRESENTATION_CONTEXT('2D SPACE',''
  ) );
#353 = ADVANCED_FACE('',(#354),#368,.F.);
#354 = FACE_BOUND('',#355,.F.);
#355 = EDGE_LOOP('',(#356,#391,#420,#443));
#356 = ORIENTED_EDGE('',*,*,#357,.T.);
#357 = EDGE_CURVE('',#358,#360,#362,.T.);
#358 = VERTEX_POINT('',#359);
#359 = CARTESIAN_POINT('',(-5.125,248.6,56.508157596933));
#360 = VERTEX_POINT('',#361);
#361 = CARTESIAN_POINT('',(-5.125,256.,56.508157596933));
#362 = SURFACE_CURVE('',#363,(#367,#379),.PCURVE_S1.);
#363 = LINE('',#364,#365);
#364 = CARTESIAN_POINT('',(-5.125,248.6,56.508157596933));
#365 = VECTOR('',#366,1.);
#366 = DIRECTION('',(-8.4944073165E-16,1.,-6.930352648603E-15));
#367 = PCURVE('',#368,#373);
#368 = CYLINDRICAL_SURFACE('',#369,1.25);
#369 = AXIS2_PLACEMENT_3D('',#370,#371,#372);
#370 = CARTESIAN_POINT('',(-5.75,248.6,57.590689351664));
#371 = DIRECTION('',(-8.4944073165E-16,1.,-6.930352648603E-15));
#372 = DIRECTION('',(0.5,-5.57714108505E-15,-0.866025403784));
#373 = DEFINITIONAL_REPRESENTATION('',(#374),#378);
#374 = LINE('',#375,#376);
#375 = CARTESIAN_POINT('',(6.28318530718,6.120525328908E-45));
#376 = VECTOR('',#377,1.);
#377 = DIRECTION('',(0.,1.));
#378 = ( GEOMETRIC_REPRESENTATION_CONTEXT(2) 
PARAMETRIC_REPRESENTATION_CONTEXT() REPRESENTATION_CONTEXT('2D SPACE',''
  ) );
#379 = PCURVE('',#380,#385);
#380 = CYLINDRICAL_SURFACE('',#381,1.25);
#381 = AXIS2_PLACEMENT_3D('',#382,#383,#384);
#382 = CARTESIAN_POINT('',(-5.75,248.6,57.590689351664));
#383 = DIRECTION('',(-8.4944073165E-16,1.,-6.930352648603E-15));
#384 = DIRECTION('',(0.5,-5.57714108505E-15,-0.866025403784));
#385 = DEFINITIONAL_REPRESENTATION('',(#386),#390);
#386 = LINE('',#387,#388);
#387 = CARTESIAN_POINT('',(0.,6.120525328908E-45));
#388 = VECTOR('',#389,1.);
#389 = DIRECTION('',(0.,1.));
#390 = ( GEOMETRIC_REPRESENTATION_CONTEXT(2) 
PARAMETRIC_REPRESENTATION_CONTEXT() REPRESENTATION_CONTEXT('2D SPACE',''
  ) );
#391 = ORIENTED_EDGE('',*,*,#392,.F.);
#392 = EDGE_CURVE('',#393,#360,#395,.T.);
#393 = VERTEX_POINT('',#394);
#394 = CARTESIAN_POINT('',(-6.375,256.,58.673221106394));
#395 = SURFACE_CURVE('',#396,(#401,#408),.PCURVE_S1.);
#396 = CIRCLE('',#397,1.25);
#397 = AXIS2_PLACEMENT_3D('',#398,#399,#400);
#398 = CARTESIAN_POINT('',(-5.75,256.,57.590689351664));
#399 = DIRECTION('',(-8.969183784631E-16,1.,-6.970583632014E-15));
#400 = DIRECTION('',(0.5,-5.588243315296E-15,-0.866025403784));
#401 = PCURVE('',#368,#402);
#402 = DEFINITIONAL_REPRESENTATION('',(#403),#407);
#403 = LINE('',#404,#405);
#404 = CARTESIAN_POINT('',(1.7763568394E-15,7.4));
#405 = VECTOR('',#406,1.);
#406 = DIRECTION('',(1.,0.));
#407 = ( GEOMETRIC_REPRESENTATION_CONTEXT(2) 
PARAMETRIC_REPRESENTATION_CONTEXT() REPRESENTATION_CONTEXT('2D SPACE',''
  ) );
#408 = PCURVE('',#409,#414);
#409 = CONICAL_SURFACE('',#410,1.664279482351,1.029744258677);
#410 = AXIS2_PLACEMENT_3D('',#411,#412,#413);
#411 = CARTESIAN_POINT('',(-5.75,255.75107577378,57.590689351664));
#412 = DIRECTION('',(1.487521167555E-15,-1.,7.31156831128E-15));
#413 = DIRECTION('',(0.5,-5.588243315296E-15,-0.866025403784));
#414 = DEFINITIONAL_REPRESENTATION('',(#415),#419);
#415 = LINE('',#416,#417);
#416 = CARTESIAN_POINT('',(6.28318530718,-0.248924226216));
#417 = VECTOR('',#418,1.);
#418 = DIRECTION('',(-1.,0.));
#419 = ( GEOMETRIC_REPRESENTATION_CONTEXT(2) 
PARAMETRIC_REPRESENTATION_CONTEXT() REPRESENTATION_CONTEXT('2D SPACE',''
  ) );
#420 = ORIENTED_EDGE('',*,*,#421,.F.);
#421 = EDGE_CURVE('',#422,#393,#424,.T.);
#422 = VERTEX_POINT('',#423);
#423 = CARTESIAN_POINT('',(-6.375,248.6,58.673221106394));
#424 = SURFACE_CURVE('',#425,(#429,#436),.PCURVE_S1.);
#425 = LINE('',#426,#427);
#426 = CARTESIAN_POINT('',(-6.375,248.6,58.673221106394));
#427 = VECTOR('',#428,1.);
#428 = DIRECTION('',(-8.4944073165E-16,1.,-6.930352648603E-15));
#429 = PCURVE('',#368,#430);
#430 = DEFINITIONAL_REPRESENTATION('',(#431),#435);
#431 = LINE('',#432,#433);
#432 = CARTESIAN_POINT('',(3.14159265359,-8.937079327707E-32));
#433 = VECTOR('',#434,1.);
#434 = DIRECTION('',(0.,1.));
#435 = ( GEOMETRIC_REPRESENTATION_CONTEXT(2) 
PARAMETRIC_REPRESENTATION_CONTEXT() REPRESENTATION_CONTEXT('2D SPACE',''
  ) );
#436 = PCURVE('',#380,#437);
#437 = DEFINITIONAL_REPRESENTATION('',(#438),#442);
#438 = LINE('',#439,#440);
#439 = CARTESIAN_POINT('',(3.14159265359,-8.937079327707E-32));
#440 = VECTOR('',#441,1.);
#441 = DIRECTION('',(0.,1.));
#442 = ( GEOMETRIC_REPRESENTATION_CONTEXT(2) 
PARAMETRIC_REPRESENTATION_CONTEXT() REPRESENTATION_CONTEXT('2D SPACE',''
  ) );
#443 = ORIENTED_EDGE('',*,*,#444,.F.);
#444 = EDGE_CURVE('',#358,#422,#445,.T.);
#445 = SURFACE_CURVE('',#446,(#451,#458),.PCURVE_S1.);
#446 = CIRCLE('',#447,1.25);
#447 = AXIS2_PLACEMENT_3D('',#448,#449,#450);
#448 = CARTESIAN_POINT('',(-5.75,248.6,57.590689351664));
#449 = DIRECTION('',(1.018162937821E-15,-1.,7.027497613041E-15));
#450 = DIRECTION('',(0.5,-5.576909989017E-15,-0.866025403784));
#451 = PCURVE('',#368,#452);
#452 = DEFINITIONAL_REPRESENTATION('',(#453),#457);
#453 = LINE('',#454,#455);
#454 = CARTESIAN_POINT('',(6.28318530718,0.));
#455 = VECTOR('',#456,1.);
#456 = DIRECTION('',(-1.,0.));
#457 = ( GEOMETRIC_REPRESENTATION_CONTEXT(2) 
PARAMETRIC_REPRESENTATION_CONTEXT() REPRESENTATION_CONTEXT('2D SPACE',''
  ) );
#458 = PCURVE('',#459,#464);
#459 = CONICAL_SURFACE('',#460,1.,0.785398163397);
#460 = AXIS2_PLACEMENT_3D('',#461,#462,#463);
#461 = CARTESIAN_POINT('',(-5.75,248.85,57.590689351664));
#462 = DIRECTION('',(8.969183784631E-16,-1.,6.970583632014E-15));
#463 = DIRECTION('',(0.5,-5.588243315296E-15,-0.866025403784));
#464 = DEFINITIONAL_REPRESENTATION('',(#465),#469);
#465 = LINE('',#466,#467);
#466 = CARTESIAN_POINT('',(0.,0.25));
#467 = VECTOR('',#468,1.);
#468 = DIRECTION('',(1.,0.));
#469 = ( GEOMETRIC_REPRESENTATION_CONTEXT(2) 
PARAMETRIC_REPRESENTATION_CONTEXT() REPRESENTATION_CONTEXT('2D SPACE',''
  ) );
#470 = ADVANCED_FACE('',(#471),#485,.F.);
#471 = FACE_BOUND('',#472,.F.);
#472 = EDGE_LOOP('',(#473,#508,#537,#560));
#473 = ORIENTED_EDGE('',*,*,#474,.T.);
#474 = EDGE_CURVE('',#475,#477,#479,.T.);
#475 = VERTEX_POINT('',#476);
#476 = CARTESIAN_POINT('',(-9.875,248.6,46.548865453412));
#477 = VERTEX_POINT('',#478);
#478 = CARTESIAN_POINT('',(-9.875,256.,46.548865453412));
#479 = SURFACE_CURVE('',#480,(#484,#496),.PCURVE_S1.);
#480 = LINE('',#481,#482);
#481 = CARTESIAN_POINT('',(-9.875,248.6,46.548865453412));
#482 = VECTOR('',#483,1.);
#483 = DIRECTION('',(-8.802650330937E-16,1.,-6.99942807231E-15));
#484 = PCURVE('',#485,#490);
#485 = CYLINDRICAL_SURFACE('',#486,1.25);
#486 = AXIS2_PLACEMENT_3D('',#487,#488,#489);
#487 = CARTESIAN_POINT('',(-10.5,248.6,47.631397208143));
#488 = DIRECTION('',(-8.802650330937E-16,1.,-6.99942807231E-15));
#489 = DIRECTION('',(0.5,-5.621550006035E-15,-0.866025403784));
#490 = DEFINITIONAL_REPRESENTATION('',(#491),#495);
#491 = LINE('',#492,#493);
#492 = CARTESIAN_POINT('',(6.28318530718,0.));
#493 = VECTOR('',#494,1.);
#494 = DIRECTION('',(0.,1.));
#495 = ( GEOMETRIC_REPRESENTATION_CONTEXT(2) 
PARAMETRIC_REPRESENTATION_CONTEXT() REPRESENTATION_CONTEXT('2D SPACE',''
  ) );
#496 = PCURVE('',#497,#502);
#497 = CYLINDRICAL_SURFACE('',#498,1.25);
#498 = AXIS2_PLACEMENT_3D('',#499,#500,#501);
#499 = CARTESIAN_POINT('',(-10.5,248.6,47.631397208143));
#500 = DIRECTION('',(-8.802650330937E-16,1.,-6.99942807231E-15));
#501 = DIRECTION('',(0.5,-5.621550006035E-15,-0.866025403784));
#502 = DEFINITIONAL_REPRESENTATION('',(#503),#507);
#503 = LINE('',#504,#505);
#504 = CARTESIAN_POINT('',(0.,0.));
#505 = VECTOR('',#506,1.);
#506 = DIRECTION('',(0.,1.));
#507 = ( GEOMETRIC_REPRESENTATION_CONTEXT(2) 
PARAMETRIC_REPRESENTATION_CONTEXT() REPRESENTATION_CONTEXT('2D SPACE',''
  ) );
#508 = ORIENTED_EDGE('',*,*,#509,.F.);
#509 = EDGE_CURVE('',#510,#477,#512,.T.);
#510 = VERTEX_POINT('',#511);
#511 = CARTESIAN_POINT('',(-11.125,256.,48.713928962873));
#512 = SURFACE_CURVE('',#513,(#518,#525),.PCURVE_S1.);
#513 = CIRCLE('',#514,1.25);
#514 = AXIS2_PLACEMENT_3D('',#515,#516,#517);
#515 = CARTESIAN_POINT('',(-10.5,256.,47.631397208142));
#516 = DIRECTION('',(-8.969183784631E-16,1.,-6.970583632014E-15));
#517 = DIRECTION('',(0.5,-5.588243315296E-15,-0.866025403784));
#518 = PCURVE('',#485,#519);
#519 = DEFINITIONAL_REPRESENTATION('',(#520),#524);
#520 = LINE('',#521,#522);
#521 = CARTESIAN_POINT('',(0.,7.4));
#522 = VECTOR('',#523,1.);
#523 = DIRECTION('',(1.,0.));
#524 = ( GEOMETRIC_REPRESENTATION_CONTEXT(2) 
PARAMETRIC_REPRESENTATION_CONTEXT() REPRESENTATION_CONTEXT('2D SPACE',''
  ) );
#525 = PCURVE('',#526,#531);
#526 = CONICAL_SURFACE('',#527,1.664279482351,1.029744258677);
#527 = AXIS2_PLACEMENT_3D('',#528,#529,#530);
#528 = CARTESIAN_POINT('',(-10.5,255.75107577378,47.631397208142));
#529 = DIRECTION('',(8.969183784631E-16,-1.,6.970583632014E-15));
#530 = DIRECTION('',(0.5,-5.588243315296E-15,-0.866025403784));
#531 = DEFINITIONAL_REPRESENTATION('',(#532),#536);
#532 = LINE('',#533,#534);
#533 = CARTESIAN_POINT('',(6.28318530718,-0.248924226216));
#534 = VECTOR('',#535,1.);
#535 = DIRECTION('',(-1.,0.));
#536 = ( GEOMETRIC_REPRESENTATION_CONTEXT(2) 
PARAMETRIC_REPRESENTATION_CONTEXT() REPRESENTATION_CONTEXT('2D SPACE',''
  ) );
#537 = ORIENTED_EDGE('',*,*,#538,.F.);
#538 = EDGE_CURVE('',#539,#510,#541,.T.);
#539 = VERTEX_POINT('',#540);
#540 = CARTESIAN_POINT('',(-11.125,248.6,48.713928962873));
#541 = SURFACE_CURVE('',#542,(#546,#553),.PCURVE_S1.);
#542 = LINE('',#543,#544);
#543 = CARTESIAN_POINT('',(-11.125,248.6,48.713928962873));
#544 = VECTOR('',#545,1.);
#545 = DIRECTION('',(-8.802650330937E-16,1.,-6.99942807231E-15));
#546 = PCURVE('',#485,#547);
#547 = DEFINITIONAL_REPRESENTATION('',(#548),#552);
#548 = LINE('',#549,#550);
#549 = CARTESIAN_POINT('',(3.14159265359,0.));
#550 = VECTOR('',#551,1.);
#551 = DIRECTION('',(0.,1.));
#552 = ( GEOMETRIC_REPRESENTATION_CONTEXT(2) 
PARAMETRIC_REPRESENTATION_CONTEXT() REPRESENTATION_CONTEXT('2D SPACE',''
  ) );
#553 = PCURVE('',#497,#554);
#554 = DEFINITIONAL_REPRESENTATION('',(#555),#559);
#555 = LINE('',#556,#557);
#556 = CARTESIAN_POINT('',(3.14159265359,0.));
#557 = VECTOR('',#558,1.);
#558 = DIRECTION('',(0.,1.));
#559 = ( GEOMETRIC_REPRESENTATION_CONTEXT(2) 
PARAMETRIC_REPRESENTATION_CONTEXT() REPRESENTATION_CONTEXT('2D SPACE',''
  ) );
#560 = ORIENTED_EDGE('',*,*,#561,.F.);
#561 = EDGE_CURVE('',#475,#539,#562,.T.);
#562 = SURFACE_CURVE('',#563,(#568,#575),.PCURVE_S1.);
#563 = CIRCLE('',#564,1.25);
#564 = AXIS2_PLACEMENT_3D('',#565,#566,#567);
#565 = CARTESIAN_POINT('',(-10.5,248.6,47.631397208143));
#566 = DIRECTION('',(1.055129247073E-15,-1.,7.041974710182E-15));
#567 = DIRECTION('',(0.5,-5.570964368289E-15,-0.866025403784));
#568 = PCURVE('',#485,#569);
#569 = DEFINITIONAL_REPRESENTATION('',(#570),#574);
#570 = LINE('',#571,#572);
#571 = CARTESIAN_POINT('',(6.28318530718,6.938893903907E-17));
#572 = VECTOR('',#573,1.);
#573 = DIRECTION('',(-1.,-4.417437057588E-17));
#574 = ( GEOMETRIC_REPRESENTATION_CONTEXT(2) 
PARAMETRIC_REPRESENTATION_CONTEXT() REPRESENTATION_CONTEXT('2D SPACE',''
  ) );
#575 = PCURVE('',#576,#581);
#576 = CONICAL_SURFACE('',#577,1.,0.785398163397);
#577 = AXIS2_PLACEMENT_3D('',#578,#579,#580);
#578 = CARTESIAN_POINT('',(-10.5,248.85,47.631397208143));
#579 = DIRECTION('',(8.1577006208E-16,-1.,7.111136638938E-15));
#580 = DIRECTION('',(0.5,-5.750539948063E-15,-0.866025403784));
#581 = DEFINITIONAL_REPRESENTATION('',(#582),#586);
#582 = LINE('',#583,#584);
#583 = CARTESIAN_POINT('',(0.,0.25));
#584 = VECTOR('',#585,1.);
#585 = DIRECTION('',(1.,7.496639277325E-17));
#586 = ( GEOMETRIC_REPRESENTATION_CONTEXT(2) 
PARAMETRIC_REPRESENTATION_CONTEXT() REPRESENTATION_CONTEXT('2D SPACE',''
  ) );
#587 = ADVANCED_FACE('',(#588),#602,.F.);
#588 = FACE_BOUND('',#589,.F.);
#589 = EDGE_LOOP('',(#590,#625,#654,#677));
#590 = ORIENTED_EDGE('',*,*,#591,.T.);
#591 = EDGE_CURVE('',#592,#594,#596,.T.);
#592 = VERTEX_POINT('',#593);
#593 = CARTESIAN_POINT('',(5.875,248.6,55.642132193149));
#594 = VERTEX_POINT('',#595);
#595 = CARTESIAN_POINT('',(5.875,256.,55.642132193148));
#596 = SURFACE_CURVE('',#597,(#601,#613),.PCURVE_S1.);
#597 = LINE('',#598,#599);
#598 = CARTESIAN_POINT('',(5.875,248.6,55.642132193149));
#599 = VECTOR('',#600,1.);
#600 = DIRECTION('',(-8.802650330937E-16,1.,-6.99942807231E-15));
#601 = PCURVE('',#602,#607);
#602 = CYLINDRICAL_SURFACE('',#603,1.25);
#603 = AXIS2_PLACEMENT_3D('',#604,#605,#606);
#604 = CARTESIAN_POINT('',(5.25,248.6,56.724663947879));
#605 = DIRECTION('',(-8.802650330937E-16,1.,-6.99942807231E-15));
#606 = DIRECTION('',(0.5,-5.621550006035E-15,-0.866025403784));
#607 = DEFINITIONAL_REPRESENTATION('',(#608),#612);
#608 = LINE('',#609,#610);
#609 = CARTESIAN_POINT('',(6.28318530718,0.));
#610 = VECTOR('',#611,1.);
#611 = DIRECTION('',(0.,1.));
#612 = ( GEOMETRIC_REPRESENTATION_CONTEXT(2) 
PARAMETRIC_REPRESENTATION_CONTEXT() REPRESENTATION_CONTEXT('2D SPACE',''
  ) );
#613 = PCURVE('',#614,#619);
#614 = CYLINDRICAL_SURFACE('',#615,1.25);
#615 = AXIS2_PLACEMENT_3D('',#616,#617,#618);
#616 = CARTESIAN_POINT('',(5.25,248.6,56.724663947879));
#617 = DIRECTION('',(-8.802650330937E-16,1.,-6.99942807231E-15));
#618 = DIRECTION('',(0.5,-5.621550006035E-15,-0.866025403784));
#619 = DEFINITIONAL_REPRESENTATION('',(#620),#624);
#620 = LINE('',#621,#622);
#621 = CARTESIAN_POINT('',(0.,0.));
#622 = VECTOR('',#623,1.);
#623 = DIRECTION('',(0.,1.));
#624 = ( GEOMETRIC_REPRESENTATION_CONTEXT(2) 
PARAMETRIC_REPRESENTATION_CONTEXT() REPRESENTATION_CONTEXT('2D SPACE',''
  ) );
#625 = ORIENTED_EDGE('',*,*,#626,.F.);
#626 = EDGE_CURVE('',#627,#594,#629,.T.);
#627 = VERTEX_POINT('',#628);
#628 = CARTESIAN_POINT('',(4.625,256.,57.80719570261));
#629 = SURFACE_CURVE('',#630,(#635,#642),.PCURVE_S1.);
#630 = CIRCLE('',#631,1.25);
#631 = AXIS2_PLACEMENT_3D('',#632,#633,#634);
#632 = CARTESIAN_POINT('',(5.25,256.,56.724663947879));
#633 = DIRECTION('',(-8.969183784631E-16,1.,-6.970583632014E-15));
#634 = DIRECTION('',(0.5,-5.588243315296E-15,-0.866025403784));
#635 = PCURVE('',#602,#636);
#636 = DEFINITIONAL_REPRESENTATION('',(#637),#641);
#637 = LINE('',#638,#639);
#638 = CARTESIAN_POINT('',(0.,7.4));
#639 = VECTOR('',#640,1.);
#640 = DIRECTION('',(1.,0.));
#641 = ( GEOMETRIC_REPRESENTATION_CONTEXT(2) 
PARAMETRIC_REPRESENTATION_CONTEXT() REPRESENTATION_CONTEXT('2D SPACE',''
  ) );
#642 = PCURVE('',#643,#648);
#643 = CONICAL_SURFACE('',#644,1.664279482351,1.029744258677);
#644 = AXIS2_PLACEMENT_3D('',#645,#646,#647);
#645 = CARTESIAN_POINT('',(5.25,255.75107577378,56.724663947879));
#646 = DIRECTION('',(8.969183784631E-16,-1.,6.970583632014E-15));
#647 = DIRECTION('',(0.5,-5.588243315296E-15,-0.866025403784));
#648 = DEFINITIONAL_REPRESENTATION('',(#649),#653);
#649 = LINE('',#650,#651);
#650 = CARTESIAN_POINT('',(6.28318530718,-0.248924226216));
#651 = VECTOR('',#652,1.);
#652 = DIRECTION('',(-1.,0.));
#653 = ( GEOMETRIC_REPRESENTATION_CONTEXT(2) 
PARAMETRIC_REPRESENTATION_CONTEXT() REPRESENTATION_CONTEXT('2D SPACE',''
  ) );
#654 = ORIENTED_EDGE('',*,*,#655,.F.);
#655 = EDGE_CURVE('',#656,#627,#658,.T.);
#656 = VERTEX_POINT('',#657);
#657 = CARTESIAN_POINT('',(4.625,248.6,57.80719570261));
#658 = SURFACE_CURVE('',#659,(#663,#670),.PCURVE_S1.);
#659 = LINE('',#660,#661);
#660 = CARTESIAN_POINT('',(4.625,248.6,57.80719570261));
#661 = VECTOR('',#662,1.);
#662 = DIRECTION('',(-8.802650330937E-16,1.,-6.99942807231E-15));
#663 = PCURVE('',#602,#664);
#664 = DEFINITIONAL_REPRESENTATION('',(#665),#669);
#665 = LINE('',#666,#667);
#666 = CARTESIAN_POINT('',(3.14159265359,0.));
#667 = VECTOR('',#668,1.);
#668 = DIRECTION('',(0.,1.));
#669 = ( GEOMETRIC_REPRESENTATION_CONTEXT(2) 
PARAMETRIC_REPRESENTATION_CONTEXT() REPRESENTATION_CONTEXT('2D SPACE',''
  ) );
#670 = PCURVE('',#614,#671);
#671 = DEFINITIONAL_REPRESENTATION('',(#672),#676);
#672 = LINE('',#673,#674);
#673 = CARTESIAN_POINT('',(3.14159265359,0.));
#674 = VECTOR('',#675,1.);
#675 = DIRECTION('',(0.,1.));
#676 = ( GEOMETRIC_REPRESENTATION_CONTEXT(2) 
PARAMETRIC_REPRESENTATION_CONTEXT() REPRESENTATION_CONTEXT('2D SPACE',''
  ) );
#677 = ORIENTED_EDGE('',*,*,#678,.F.);
#678 = EDGE_CURVE('',#592,#656,#679,.T.);
#679 = SURFACE_CURVE('',#680,(#685,#692),.PCURVE_S1.);
#680 = CIRCLE('',#681,1.25);
#681 = AXIS2_PLACEMENT_3D('',#682,#683,#684);
#682 = CARTESIAN_POINT('',(5.25,248.6,56.724663947879));
#683 = DIRECTION('',(1.055129247073E-15,-1.,7.041974710182E-15));
#684 = DIRECTION('',(0.5,-5.570964368289E-15,-0.866025403784));
#685 = PCURVE('',#602,#686);
#686 = DEFINITIONAL_REPRESENTATION('',(#687),#691);
#687 = LINE('',#688,#689);
#688 = CARTESIAN_POINT('',(6.28318530718,6.938893903907E-17));
#689 = VECTOR('',#690,1.);
#690 = DIRECTION('',(-1.,-4.417437057588E-17));
#691 = ( GEOMETRIC_REPRESENTATION_CONTEXT(2) 
PARAMETRIC_REPRESENTATION_CONTEXT() REPRESENTATION_CONTEXT('2D SPACE',''
  ) );
#692 = PCURVE('',#693,#698);
#693 = CONICAL_SURFACE('',#694,1.,0.785398163397);
#694 = AXIS2_PLACEMENT_3D('',#695,#696,#697);
#695 = CARTESIAN_POINT('',(5.25,248.85,56.724663947879));
#696 = DIRECTION('',(8.969183784631E-16,-1.,6.970583632014E-15));
#697 = DIRECTION('',(0.5,-5.588243315296E-15,-0.866025403784));
#698 = DEFINITIONAL_REPRESENTATION('',(#699),#703);
#699 = LINE('',#700,#701);
#700 = CARTESIAN_POINT('',(0.,0.25));
#701 = VECTOR('',#702,1.);
#702 = DIRECTION('',(1.,1.249439879554E-17));
#703 = ( GEOMETRIC_REPRESENTATION_CONTEXT(2) 
PARAMETRIC_REPRESENTATION_CONTEXT() REPRESENTATION_CONTEXT('2D SPACE',''
  ) );
#704 = ADVANCED_FACE('',(#705),#719,.F.);
#705 = FACE_BOUND('',#706,.F.);
#706 = EDGE_LOOP('',(#707,#742,#771,#794));
#707 = ORIENTED_EDGE('',*,*,#708,.T.);
#708 = EDGE_CURVE('',#709,#711,#713,.T.);
#709 = VERTEX_POINT('',#710);
#710 = CARTESIAN_POINT('',(12.125,248.6,46.548865453412));
#711 = VERTEX_POINT('',#712);
#712 = CARTESIAN_POINT('',(12.125,256.,46.548865453412));
#713 = SURFACE_CURVE('',#714,(#718,#730),.PCURVE_S1.);
#714 = LINE('',#715,#716);
#715 = CARTESIAN_POINT('',(12.125,248.6,46.548865453412));
#716 = VECTOR('',#717,1.);
#717 = DIRECTION('',(-8.802650330937E-16,1.,-6.99942807231E-15));
#718 = PCURVE('',#719,#724);
#719 = CYLINDRICAL_SURFACE('',#720,1.25);
#720 = AXIS2_PLACEMENT_3D('',#721,#722,#723);
#721 = CARTESIAN_POINT('',(11.5,248.6,47.631397208143));
#722 = DIRECTION('',(-8.802650330937E-16,1.,-6.99942807231E-15));
#723 = DIRECTION('',(0.5,-5.621550006035E-15,-0.866025403784));
#724 = DEFINITIONAL_REPRESENTATION('',(#725),#729);
#725 = LINE('',#726,#727);
#726 = CARTESIAN_POINT('',(6.28318530718,0.));
#727 = VECTOR('',#728,1.);
#728 = DIRECTION('',(0.,1.));
#729 = ( GEOMETRIC_REPRESENTATION_CONTEXT(2) 
PARAMETRIC_REPRESENTATION_CONTEXT() REPRESENTATION_CONTEXT('2D SPACE',''
  ) );
#730 = PCURVE('',#731,#736);
#731 = CYLINDRICAL_SURFACE('',#732,1.25);
#732 = AXIS2_PLACEMENT_3D('',#733,#734,#735);
#733 = CARTESIAN_POINT('',(11.5,248.6,47.631397208143));
#734 = DIRECTION('',(-8.802650330937E-16,1.,-6.99942807231E-15));
#735 = DIRECTION('',(0.5,-5.621550006035E-15,-0.866025403784));
#736 = DEFINITIONAL_REPRESENTATION('',(#737),#741);
#737 = LINE('',#738,#739);
#738 = CARTESIAN_POINT('',(0.,0.));
#739 = VECTOR('',#740,1.);
#740 = DIRECTION('',(0.,1.));
#741 = ( GEOMETRIC_REPRESENTATION_CONTEXT(2) 
PARAMETRIC_REPRESENTATION_CONTEXT() REPRESENTATION_CONTEXT('2D SPACE',''
  ) );
#742 = ORIENTED_EDGE('',*,*,#743,.F.);
#743 = EDGE_CURVE('',#744,#711,#746,.T.);
#744 = VERTEX_POINT('',#745);
#745 = CARTESIAN_POINT('',(10.875,256.,48.713928962873));
#746 = SURFACE_CURVE('',#747,(#752,#759),.PCURVE_S1.);
#747 = CIRCLE('',#748,1.25);
#748 = AXIS2_PLACEMENT_3D('',#749,#750,#751);
#749 = CARTESIAN_POINT('',(11.5,256.,47.631397208143));
#750 = DIRECTION('',(-8.969183784631E-16,1.,-6.970583632014E-15));
#751 = DIRECTION('',(0.5,-5.588243315296E-15,-0.866025403784));
#752 = PCURVE('',#719,#753);
#753 = DEFINITIONAL_REPRESENTATION('',(#754),#758);
#754 = LINE('',#755,#756);
#755 = CARTESIAN_POINT('',(0.,7.4));
#756 = VECTOR('',#757,1.);
#757 = DIRECTION('',(1.,0.));
#758 = ( GEOMETRIC_REPRESENTATION_CONTEXT(2) 
PARAMETRIC_REPRESENTATION_CONTEXT() REPRESENTATION_CONTEXT('2D SPACE',''
  ) );
#759 = PCURVE('',#760,#765);
#760 = CONICAL_SURFACE('',#761,1.664279482351,1.029744258677);
#761 = AXIS2_PLACEMENT_3D('',#762,#763,#764);
#762 = CARTESIAN_POINT('',(11.5,255.75107577378,47.631397208143));
#763 = DIRECTION('',(8.969183784631E-16,-1.,6.970583632014E-15));
#764 = DIRECTION('',(0.5,-5.588243315296E-15,-0.866025403784));
#765 = DEFINITIONAL_REPRESENTATION('',(#766),#770);
#766 = LINE('',#767,#768);
#767 = CARTESIAN_POINT('',(6.28318530718,-0.248924226216));
#768 = VECTOR('',#769,1.);
#769 = DIRECTION('',(-1.,0.));
#770 = ( GEOMETRIC_REPRESENTATION_CONTEXT(2) 
PARAMETRIC_REPRESENTATION_CONTEXT() REPRESENTATION_CONTEXT('2D SPACE',''
  ) );
#771 = ORIENTED_EDGE('',*,*,#772,.F.);
#772 = EDGE_CURVE('',#773,#744,#775,.T.);
#773 = VERTEX_POINT('',#774);
#774 = CARTESIAN_POINT('',(10.875,248.6,48.713928962873));
#775 = SURFACE_CURVE('',#776,(#780,#787),.PCURVE_S1.);
#776 = LINE('',#777,#778);
#777 = CARTESIAN_POINT('',(10.875,248.6,48.713928962873));
#778 = VECTOR('',#779,1.);
#779 = DIRECTION('',(-8.802650330937E-16,1.,-6.99942807231E-15));
#780 = PCURVE('',#719,#781);
#781 = DEFINITIONAL_REPRESENTATION('',(#782),#786);
#782 = LINE('',#783,#784);
#783 = CARTESIAN_POINT('',(3.14159265359,0.));
#784 = VECTOR('',#785,1.);
#785 = DIRECTION('',(0.,1.));
#786 = ( GEOMETRIC_REPRESENTATION_CONTEXT(2) 
PARAMETRIC_REPRESENTATION_CONTEXT() REPRESENTATION_CONTEXT('2D SPACE',''
  ) );
#787 = PCURVE('',#731,#788);
#788 = DEFINITIONAL_REPRESENTATION('',(#789),#793);
#789 = LINE('',#790,#791);
#790 = CARTESIAN_POINT('',(3.14159265359,0.));
#791 = VECTOR('',#792,1.);
#792 = DIRECTION('',(0.,1.));
#793 = ( GEOMETRIC_REPRESENTATION_CONTEXT(2) 
PARAMETRIC_REPRESENTATION_CONTEXT() REPRESENTATION_CONTEXT('2D SPACE',''
  ) );
#794 = ORIENTED_EDGE('',*,*,#795,.F.);
#795 = EDGE_CURVE('',#709,#773,#796,.T.);
#796 = SURFACE_CURVE('',#797,(#802,#809),.PCURVE_S1.);
#797 = CIRCLE('',#798,1.25);
#798 = AXIS2_PLACEMENT_3D('',#799,#800,#801);
#799 = CARTESIAN_POINT('',(11.5,248.6,47.631397208143));
#800 = DIRECTION('',(1.060491212535E-15,-1.,7.040537975867E-15));
#801 = DIRECTION('',(0.5,-5.567039137142E-15,-0.866025403784));
#802 = PCURVE('',#719,#803);
#803 = DEFINITIONAL_REPRESENTATION('',(#804),#808);
#804 = LINE('',#805,#806);
#805 = CARTESIAN_POINT('',(6.28318530718,6.938893903907E-17));
#806 = VECTOR('',#807,1.);
#807 = DIRECTION('',(-1.,-4.417437057588E-17));
#808 = ( GEOMETRIC_REPRESENTATION_CONTEXT(2) 
PARAMETRIC_REPRESENTATION_CONTEXT() REPRESENTATION_CONTEXT('2D SPACE',''
  ) );
#809 = PCURVE('',#810,#815);
#810 = CONICAL_SURFACE('',#811,1.,0.785398163397);
#811 = AXIS2_PLACEMENT_3D('',#812,#813,#814);
#812 = CARTESIAN_POINT('',(11.5,248.85,47.631397208143));
#813 = DIRECTION('',(8.969183784631E-16,-1.,6.970583632014E-15));
#814 = DIRECTION('',(0.5,-5.588243315296E-15,-0.866025403784));
#815 = DEFINITIONAL_REPRESENTATION('',(#816),#820);
#816 = LINE('',#817,#818);
#817 = CARTESIAN_POINT('',(0.,0.25));
#818 = VECTOR('',#819,1.);
#819 = DIRECTION('',(1.,0.));
#820 = ( GEOMETRIC_REPRESENTATION_CONTEXT(2) 
PARAMETRIC_REPRESENTATION_CONTEXT() REPRESENTATION_CONTEXT('2D SPACE',''
  ) );
#821 = ADVANCED_FACE('',(#822),#836,.F.);
#822 = FACE_BOUND('',#823,.F.);
#823 = EDGE_LOOP('',(#824,#859,#888,#911));
#824 = ORIENTED_EDGE('',*,*,#825,.T.);
#825 = EDGE_CURVE('',#826,#828,#830,.T.);
#826 = VERTEX_POINT('',#827);
#827 = CARTESIAN_POINT('',(-5.125,248.6,36.589573309891));
#828 = VERTEX_POINT('',#829);
#829 = CARTESIAN_POINT('',(-5.125,256.,36.589573309891));
#830 = SURFACE_CURVE('',#831,(#835,#847),.PCURVE_S1.);
#831 = LINE('',#832,#833);
#832 = CARTESIAN_POINT('',(-5.125,248.6,36.589573309891));
#833 = VECTOR('',#834,1.);
#834 = DIRECTION('',(-8.802650330937E-16,1.,-6.99942807231E-15));
#835 = PCURVE('',#836,#841);
#836 = CYLINDRICAL_SURFACE('',#837,1.25);
#837 = AXIS2_PLACEMENT_3D('',#838,#839,#840);
#838 = CARTESIAN_POINT('',(-5.75,248.6,37.672105064621));
#839 = DIRECTION('',(-8.802650330937E-16,1.,-6.99942807231E-15));
#840 = DIRECTION('',(0.5,-5.621550006035E-15,-0.866025403784));
#841 = DEFINITIONAL_REPRESENTATION('',(#842),#846);
#842 = LINE('',#843,#844);
#843 = CARTESIAN_POINT('',(6.28318530718,0.));
#844 = VECTOR('',#845,1.);
#845 = DIRECTION('',(0.,1.));
#846 = ( GEOMETRIC_REPRESENTATION_CONTEXT(2) 
PARAMETRIC_REPRESENTATION_CONTEXT() REPRESENTATION_CONTEXT('2D SPACE',''
  ) );
#847 = PCURVE('',#848,#853);
#848 = CYLINDRICAL_SURFACE('',#849,1.25);
#849 = AXIS2_PLACEMENT_3D('',#850,#851,#852);
#850 = CARTESIAN_POINT('',(-5.75,248.6,37.672105064621));
#851 = DIRECTION('',(-8.802650330937E-16,1.,-6.99942807231E-15));
#852 = DIRECTION('',(0.5,-5.621550006035E-15,-0.866025403784));
#853 = DEFINITIONAL_REPRESENTATION('',(#854),#858);
#854 = LINE('',#855,#856);
#855 = CARTESIAN_POINT('',(0.,0.));
#856 = VECTOR('',#857,1.);
#857 = DIRECTION('',(0.,1.));
#858 = ( GEOMETRIC_REPRESENTATION_CONTEXT(2) 
PARAMETRIC_REPRESENTATION_CONTEXT() REPRESENTATION_CONTEXT('2D SPACE',''
  ) );
#859 = ORIENTED_EDGE('',*,*,#860,.F.);
#860 = EDGE_CURVE('',#861,#828,#863,.T.);
#861 = VERTEX_POINT('',#862);
#862 = CARTESIAN_POINT('',(-6.375,256.,38.754636819352));
#863 = SURFACE_CURVE('',#864,(#869,#876),.PCURVE_S1.);
#864 = CIRCLE('',#865,1.25);
#865 = AXIS2_PLACEMENT_3D('',#866,#867,#868);
#866 = CARTESIAN_POINT('',(-5.75,256.,37.672105064621));
#867 = DIRECTION('',(-8.969183784631E-16,1.,-6.970583632014E-15));
#868 = DIRECTION('',(0.5,-5.588243315296E-15,-0.866025403784));
#869 = PCURVE('',#836,#870);
#870 = DEFINITIONAL_REPRESENTATION('',(#871),#875);
#871 = LINE('',#872,#873);
#872 = CARTESIAN_POINT('',(0.,7.4));
#873 = VECTOR('',#874,1.);
#874 = DIRECTION('',(1.,0.));
#875 = ( GEOMETRIC_REPRESENTATION_CONTEXT(2) 
PARAMETRIC_REPRESENTATION_CONTEXT() REPRESENTATION_CONTEXT('2D SPACE',''
  ) );
#876 = PCURVE('',#877,#882);
#877 = CONICAL_SURFACE('',#878,1.664279482351,1.029744258677);
#878 = AXIS2_PLACEMENT_3D('',#879,#880,#881);
#879 = CARTESIAN_POINT('',(-5.75,255.75107577378,37.672105064621));
#880 = DIRECTION('',(8.969183784631E-16,-1.,6.970583632014E-15));
#881 = DIRECTION('',(0.5,-5.588243315296E-15,-0.866025403784));
#882 = DEFINITIONAL_REPRESENTATION('',(#883),#887);
#883 = LINE('',#884,#885);
#884 = CARTESIAN_POINT('',(6.28318530718,-0.248924226216));
#885 = VECTOR('',#886,1.);
#886 = DIRECTION('',(-1.,0.));
#887 = ( GEOMETRIC_REPRESENTATION_CONTEXT(2) 
PARAMETRIC_REPRESENTATION_CONTEXT() REPRESENTATION_CONTEXT('2D SPACE',''
  ) );
#888 = ORIENTED_EDGE('',*,*,#889,.F.);
#889 = EDGE_CURVE('',#890,#861,#892,.T.);
#890 = VERTEX_POINT('',#891);
#891 = CARTESIAN_POINT('',(-6.375,248.6,38.754636819352));
#892 = SURFACE_CURVE('',#893,(#897,#904),.PCURVE_S1.);
#893 = LINE('',#894,#895);
#894 = CARTESIAN_POINT('',(-6.375,248.6,38.754636819352));
#895 = VECTOR('',#896,1.);
#896 = DIRECTION('',(-8.802650330937E-16,1.,-6.99942807231E-15));
#897 = PCURVE('',#836,#898);
#898 = DEFINITIONAL_REPRESENTATION('',(#899),#903);
#899 = LINE('',#900,#901);
#900 = CARTESIAN_POINT('',(3.14159265359,0.));
#901 = VECTOR('',#902,1.);
#902 = DIRECTION('',(0.,1.));
#903 = ( GEOMETRIC_REPRESENTATION_CONTEXT(2) 
PARAMETRIC_REPRESENTATION_CONTEXT() REPRESENTATION_CONTEXT('2D SPACE',''
  ) );
#904 = PCURVE('',#848,#905);
#905 = DEFINITIONAL_REPRESENTATION('',(#906),#910);
#906 = LINE('',#907,#908);
#907 = CARTESIAN_POINT('',(3.14159265359,0.));
#908 = VECTOR('',#909,1.);
#909 = DIRECTION('',(0.,1.));
#910 = ( GEOMETRIC_REPRESENTATION_CONTEXT(2) 
PARAMETRIC_REPRESENTATION_CONTEXT() REPRESENTATION_CONTEXT('2D SPACE',''
  ) );
#911 = ORIENTED_EDGE('',*,*,#912,.F.);
#912 = EDGE_CURVE('',#826,#890,#913,.T.);
#913 = SURFACE_CURVE('',#914,(#919,#926),.PCURVE_S1.);
#914 = CIRCLE('',#915,1.25);
#915 = AXIS2_PLACEMENT_3D('',#916,#917,#918);
#916 = CARTESIAN_POINT('',(-5.75,248.6,37.672105064621));
#917 = DIRECTION('',(1.060491212535E-15,-1.,7.040537975867E-15));
#918 = DIRECTION('',(0.5,-5.567039137142E-15,-0.866025403784));
#919 = PCURVE('',#836,#920);
#920 = DEFINITIONAL_REPRESENTATION('',(#921),#925);
#921 = LINE('',#922,#923);
#922 = CARTESIAN_POINT('',(6.28318530718,6.938893903907E-17));
#923 = VECTOR('',#924,1.);
#924 = DIRECTION('',(-1.,-4.417437057588E-17));
#925 = ( GEOMETRIC_REPRESENTATION_CONTEXT(2) 
PARAMETRIC_REPRESENTATION_CONTEXT() REPRESENTATION_CONTEXT('2D SPACE',''
  ) );
#926 = PCURVE('',#927,#932);
#927 = CONICAL_SURFACE('',#928,1.,0.785398163397);
#928 = AXIS2_PLACEMENT_3D('',#929,#930,#931);
#929 = CARTESIAN_POINT('',(-5.75,248.85,37.672105064621));
#930 = DIRECTION('',(8.969183784631E-16,-1.,6.970583632014E-15));
#931 = DIRECTION('',(0.5,-5.588243315296E-15,-0.866025403784));
#932 = DEFINITIONAL_REPRESENTATION('',(#933),#937);
#933 = LINE('',#934,#935);
#934 = CARTESIAN_POINT('',(0.,0.25));
#935 = VECTOR('',#936,1.);
#936 = DIRECTION('',(1.,0.));
#937 = ( GEOMETRIC_REPRESENTATION_CONTEXT(2) 
PARAMETRIC_REPRESENTATION_CONTEXT() REPRESENTATION_CONTEXT('2D SPACE',''
  ) );
#938 = ADVANCED_FACE('',(#939),#953,.F.);
#939 = FACE_BOUND('',#940,.F.);
#940 = EDGE_LOOP('',(#941,#976,#1005,#1028));
#941 = ORIENTED_EDGE('',*,*,#942,.T.);
#942 = EDGE_CURVE('',#943,#945,#947,.T.);
#943 = VERTEX_POINT('',#944);
#944 = CARTESIAN_POINT('',(5.875,248.6,37.455598713675));
#945 = VERTEX_POINT('',#946);
#946 = CARTESIAN_POINT('',(5.875,256.,37.455598713675));
#947 = SURFACE_CURVE('',#948,(#952,#964),.PCURVE_S1.);
#948 = LINE('',#949,#950);
#949 = CARTESIAN_POINT('',(5.875,248.6,37.455598713675));
#950 = VECTOR('',#951,1.);
#951 = DIRECTION('',(-8.660940770194E-16,1.,-6.901508208307E-15));
#952 = PCURVE('',#953,#958);
#953 = CYLINDRICAL_SURFACE('',#954,1.25);
#954 = AXIS2_PLACEMENT_3D('',#955,#956,#957);
#955 = CARTESIAN_POINT('',(5.25,248.6,38.538130468406));
#956 = DIRECTION('',(-8.660940770194E-16,1.,-6.901508208307E-15));
#957 = DIRECTION('',(0.5,-5.543834394311E-15,-0.866025403784));
#958 = DEFINITIONAL_REPRESENTATION('',(#959),#963);
#959 = LINE('',#960,#961);
#960 = CARTESIAN_POINT('',(6.28318530718,0.));
#961 = VECTOR('',#962,1.);
#962 = DIRECTION('',(0.,1.));
#963 = ( GEOMETRIC_REPRESENTATION_CONTEXT(2) 
PARAMETRIC_REPRESENTATION_CONTEXT() REPRESENTATION_CONTEXT('2D SPACE',''
  ) );
#964 = PCURVE('',#965,#970);
#965 = CYLINDRICAL_SURFACE('',#966,1.25);
#966 = AXIS2_PLACEMENT_3D('',#967,#968,#969);
#967 = CARTESIAN_POINT('',(5.25,248.6,38.538130468406));
#968 = DIRECTION('',(-8.660940770194E-16,1.,-6.901508208307E-15));
#969 = DIRECTION('',(0.5,-5.543834394311E-15,-0.866025403784));
#970 = DEFINITIONAL_REPRESENTATION('',(#971),#975);
#971 = LINE('',#972,#973);
#972 = CARTESIAN_POINT('',(0.,0.));
#973 = VECTOR('',#974,1.);
#974 = DIRECTION('',(0.,1.));
#975 = ( GEOMETRIC_REPRESENTATION_CONTEXT(2) 
PARAMETRIC_REPRESENTATION_CONTEXT() REPRESENTATION_CONTEXT('2D SPACE',''
  ) );
#976 = ORIENTED_EDGE('',*,*,#977,.F.);
#977 = EDGE_CURVE('',#978,#945,#980,.T.);
#978 = VERTEX_POINT('',#979);
#979 = CARTESIAN_POINT('',(4.625,256.,39.620662223137));
#980 = SURFACE_CURVE('',#981,(#986,#993),.PCURVE_S1.);
#981 = CIRCLE('',#982,1.25);
#982 = AXIS2_PLACEMENT_3D('',#983,#984,#985);
#983 = CARTESIAN_POINT('',(5.25,256.,38.538130468406));
#984 = DIRECTION('',(-8.969183784631E-16,1.,-6.970583632014E-15));
#985 = DIRECTION('',(0.5,-5.588243315296E-15,-0.866025403784));
#986 = PCURVE('',#953,#987);
#987 = DEFINITIONAL_REPRESENTATION('',(#988),#992);
#988 = LINE('',#989,#990);
#989 = CARTESIAN_POINT('',(-3.552713678801E-15,7.4));
#990 = VECTOR('',#991,1.);
#991 = DIRECTION('',(1.,-2.827159716856E-16));
#992 = ( GEOMETRIC_REPRESENTATION_CONTEXT(2) 
PARAMETRIC_REPRESENTATION_CONTEXT() REPRESENTATION_CONTEXT('2D SPACE',''
  ) );
#993 = PCURVE('',#994,#999);
#994 = CONICAL_SURFACE('',#995,1.664279482351,1.029744258677);
#995 = AXIS2_PLACEMENT_3D('',#996,#997,#998);
#996 = CARTESIAN_POINT('',(5.25,255.75107577378,38.538130468406));
#997 = DIRECTION('',(1.475653292286E-15,-1.,7.304716390299E-15));
#998 = DIRECTION('',(0.5,-5.588243315296E-15,-0.866025403784));
#999 = DEFINITIONAL_REPRESENTATION('',(#1000),#1004);
#1000 = LINE('',#1001,#1002);
#1001 = CARTESIAN_POINT('',(6.28318530718,-0.248924226216));
#1002 = VECTOR('',#1003,1.);
#1003 = DIRECTION('',(-1.,0.));
#1004 = ( GEOMETRIC_REPRESENTATION_CONTEXT(2) 
PARAMETRIC_REPRESENTATION_CONTEXT() REPRESENTATION_CONTEXT('2D SPACE',''
  ) );
#1005 = ORIENTED_EDGE('',*,*,#1006,.F.);
#1006 = EDGE_CURVE('',#1007,#978,#1009,.T.);
#1007 = VERTEX_POINT('',#1008);
#1008 = CARTESIAN_POINT('',(4.625,248.6,39.620662223137));
#1009 = SURFACE_CURVE('',#1010,(#1014,#1021),.PCURVE_S1.);
#1010 = LINE('',#1011,#1012);
#1011 = CARTESIAN_POINT('',(4.625,248.6,39.620662223137));
#1012 = VECTOR('',#1013,1.);
#1013 = DIRECTION('',(-8.660940770194E-16,1.,-6.901508208307E-15));
#1014 = PCURVE('',#953,#1015);
#1015 = DEFINITIONAL_REPRESENTATION('',(#1016),#1020);
#1016 = LINE('',#1017,#1018);
#1017 = CARTESIAN_POINT('',(3.14159265359,-9.244463733059E-32));
#1018 = VECTOR('',#1019,1.);
#1019 = DIRECTION('',(0.,1.));
#1020 = ( GEOMETRIC_REPRESENTATION_CONTEXT(2) 
PARAMETRIC_REPRESENTATION_CONTEXT() REPRESENTATION_CONTEXT('2D SPACE',''
  ) );
#1021 = PCURVE('',#965,#1022);
#1022 = DEFINITIONAL_REPRESENTATION('',(#1023),#1027);
#1023 = LINE('',#1024,#1025);
#1024 = CARTESIAN_POINT('',(3.14159265359,-9.244463733059E-32));
#1025 = VECTOR('',#1026,1.);
#1026 = DIRECTION('',(0.,1.));
#1027 = ( GEOMETRIC_REPRESENTATION_CONTEXT(2) 
PARAMETRIC_REPRESENTATION_CONTEXT() REPRESENTATION_CONTEXT('2D SPACE',''
  ) );
#1028 = ORIENTED_EDGE('',*,*,#1029,.F.);
#1029 = EDGE_CURVE('',#943,#1007,#1030,.T.);
#1030 = SURFACE_CURVE('',#1031,(#1036,#1043),.PCURVE_S1.);
#1031 = CIRCLE('',#1032,1.25);
#1032 = AXIS2_PLACEMENT_3D('',#1033,#1034,#1035);
#1033 = CARTESIAN_POINT('',(5.25,248.6,38.538130468406));
#1034 = DIRECTION('',(1.018162937821E-15,-1.,7.027497613041E-15));
#1035 = DIRECTION('',(0.5,-5.576909989017E-15,-0.866025403784));
#1036 = PCURVE('',#953,#1037);
#1037 = DEFINITIONAL_REPRESENTATION('',(#1038),#1042);
#1038 = LINE('',#1039,#1040);
#1039 = CARTESIAN_POINT('',(6.28318530718,-4.163336342344E-17));
#1040 = VECTOR('',#1041,1.);
#1041 = DIRECTION('',(-1.,2.650462234553E-17));
#1042 = ( GEOMETRIC_REPRESENTATION_CONTEXT(2) 
PARAMETRIC_REPRESENTATION_CONTEXT() REPRESENTATION_CONTEXT('2D SPACE',''
  ) );
#1043 = PCURVE('',#1044,#1049);
#1044 = CONICAL_SURFACE('',#1045,1.,0.785398163397);
#1045 = AXIS2_PLACEMENT_3D('',#1046,#1047,#1048);
#1046 = CARTESIAN_POINT('',(5.25,248.85,38.538130468406));
#1047 = DIRECTION('',(8.969183784631E-16,-1.,6.970583632014E-15));
#1048 = DIRECTION('',(0.5,-5.588243315296E-15,-0.866025403784));
#1049 = DEFINITIONAL_REPRESENTATION('',(#1050),#1054);
#1050 = LINE('',#1051,#1052);
#1051 = CARTESIAN_POINT('',(0.,0.25));
#1052 = VECTOR('',#1053,1.);
#1053 = DIRECTION('',(1.,1.249439879554E-17));
#1054 = ( GEOMETRIC_REPRESENTATION_CONTEXT(2) 
PARAMETRIC_REPRESENTATION_CONTEXT() REPRESENTATION_CONTEXT('2D SPACE',''
  ) );
#1055 = ADVANCED_FACE('',(#1056),#1068,.F.);
#1056 = FACE_BOUND('',#1057,.F.);
#1057 = EDGE_LOOP('',(#1058,#1086,#1108,#1131));
#1058 = ORIENTED_EDGE('',*,*,#1059,.T.);
#1059 = EDGE_CURVE('',#1060,#360,#1062,.T.);
#1060 = VERTEX_POINT('',#1061);
#1061 = CARTESIAN_POINT('',(-5.374641922353,256.3,56.940550090147));
#1062 = SURFACE_CURVE('',#1063,(#1067,#1079),.PCURVE_S1.);
#1063 = LINE('',#1064,#1065);
#1064 = CARTESIAN_POINT('',(-4.917860258825,255.75107577378,
    56.149381040951));
#1065 = VECTOR('',#1066,1.);
#1066 = DIRECTION('',(0.428583650351,-0.51503807491,-0.742328657701));
#1067 = PCURVE('',#1068,#1073);
#1068 = CONICAL_SURFACE('',#1069,1.664279482351,1.029744258677);
#1069 = AXIS2_PLACEMENT_3D('',#1070,#1071,#1072);
#1070 = CARTESIAN_POINT('',(-5.75,255.75107577378,57.590689351664));
#1071 = DIRECTION('',(1.487521167555E-15,-1.,7.31156831128E-15));
#1072 = DIRECTION('',(0.5,-5.588243315296E-15,-0.866025403784));
#1073 = DEFINITIONAL_REPRESENTATION('',(#1074),#1078);
#1074 = LINE('',#1075,#1076);
#1075 = CARTESIAN_POINT('',(6.28318530718,-2.287228517295E-16));
#1076 = VECTOR('',#1077,1.);
#1077 = DIRECTION('',(0.,1.));
#1078 = ( GEOMETRIC_REPRESENTATION_CONTEXT(2) 
PARAMETRIC_REPRESENTATION_CONTEXT() REPRESENTATION_CONTEXT('2D SPACE',''
  ) );
#1079 = PCURVE('',#409,#1080);
#1080 = DEFINITIONAL_REPRESENTATION('',(#1081),#1085);
#1081 = LINE('',#1082,#1083);
#1082 = CARTESIAN_POINT('',(0.,-2.287228517295E-16));
#1083 = VECTOR('',#1084,1.);
#1084 = DIRECTION('',(0.,1.));
#1085 = ( GEOMETRIC_REPRESENTATION_CONTEXT(2) 
PARAMETRIC_REPRESENTATION_CONTEXT() REPRESENTATION_CONTEXT('2D SPACE',''
  ) );
#1086 = ORIENTED_EDGE('',*,*,#1087,.T.);
#1087 = EDGE_CURVE('',#360,#393,#1088,.T.);
#1088 = SURFACE_CURVE('',#1089,(#1094,#1101),.PCURVE_S1.);
#1089 = CIRCLE('',#1090,1.25);
#1090 = AXIS2_PLACEMENT_3D('',#1091,#1092,#1093);
#1091 = CARTESIAN_POINT('',(-5.75,256.,57.590689351664));
#1092 = DIRECTION('',(-8.969183784631E-16,1.,-6.970583632014E-15));
#1093 = DIRECTION('',(0.5,-5.588243315296E-15,-0.866025403784));
#1094 = PCURVE('',#1068,#1095);
#1095 = DEFINITIONAL_REPRESENTATION('',(#1096),#1100);
#1096 = LINE('',#1097,#1098);
#1097 = CARTESIAN_POINT('',(6.28318530718,-0.248924226216));
#1098 = VECTOR('',#1099,1.);
#1099 = DIRECTION('',(-1.,0.));
#1100 = ( GEOMETRIC_REPRESENTATION_CONTEXT(2) 
PARAMETRIC_REPRESENTATION_CONTEXT() REPRESENTATION_CONTEXT('2D SPACE',''
  ) );
#1101 = PCURVE('',#380,#1102);
#1102 = DEFINITIONAL_REPRESENTATION('',(#1103),#1107);
#1103 = LINE('',#1104,#1105);
#1104 = CARTESIAN_POINT('',(0.,7.4));
#1105 = VECTOR('',#1106,1.);
#1106 = DIRECTION('',(1.,0.));
#1107 = ( GEOMETRIC_REPRESENTATION_CONTEXT(2) 
PARAMETRIC_REPRESENTATION_CONTEXT() REPRESENTATION_CONTEXT('2D SPACE',''
  ) );
#1108 = ORIENTED_EDGE('',*,*,#1109,.F.);
#1109 = EDGE_CURVE('',#1110,#393,#1112,.T.);
#1110 = VERTEX_POINT('',#1111);
#1111 = CARTESIAN_POINT('',(-6.125358077648,256.3,58.24082861318));
#1112 = SURFACE_CURVE('',#1113,(#1117,#1124),.PCURVE_S1.);
#1113 = LINE('',#1114,#1115);
#1114 = CARTESIAN_POINT('',(-6.582139741175,255.75107577378,
    59.031997662376));
#1115 = VECTOR('',#1116,1.);
#1116 = DIRECTION('',(-0.428583650351,-0.51503807491,0.742328657701));
#1117 = PCURVE('',#1068,#1118);
#1118 = DEFINITIONAL_REPRESENTATION('',(#1119),#1123);
#1119 = LINE('',#1120,#1121);
#1120 = CARTESIAN_POINT('',(3.14159265359,-1.143614258647E-16));
#1121 = VECTOR('',#1122,1.);
#1122 = DIRECTION('',(0.,1.));
#1123 = ( GEOMETRIC_REPRESENTATION_CONTEXT(2) 
PARAMETRIC_REPRESENTATION_CONTEXT() REPRESENTATION_CONTEXT('2D SPACE',''
  ) );
#1124 = PCURVE('',#409,#1125);
#1125 = DEFINITIONAL_REPRESENTATION('',(#1126),#1130);
#1126 = LINE('',#1127,#1128);
#1127 = CARTESIAN_POINT('',(3.14159265359,-1.143614258647E-16));
#1128 = VECTOR('',#1129,1.);
#1129 = DIRECTION('',(0.,1.));
#1130 = ( GEOMETRIC_REPRESENTATION_CONTEXT(2) 
PARAMETRIC_REPRESENTATION_CONTEXT() REPRESENTATION_CONTEXT('2D SPACE',''
  ) );
#1131 = ORIENTED_EDGE('',*,*,#1132,.T.);
#1132 = EDGE_CURVE('',#1110,#1060,#1133,.T.);
#1133 = SURFACE_CURVE('',#1134,(#1139,#1146),.PCURVE_S1.);
#1134 = CIRCLE('',#1135,0.750716155295);
#1135 = AXIS2_PLACEMENT_3D('',#1136,#1137,#1138);
#1136 = CARTESIAN_POINT('',(-5.75,256.3,57.590689351664));
#1137 = DIRECTION('',(3.182507859627E-15,-1.,6.358161776307E-15));
#1138 = DIRECTION('',(0.5,-3.915075689839E-15,-0.866025403784));
#1139 = PCURVE('',#1068,#1140);
#1140 = DEFINITIONAL_REPRESENTATION('',(#1141),#1145);
#1141 = LINE('',#1142,#1143);
#1142 = CARTESIAN_POINT('',(-1.7763568394E-15,-0.548924226216));
#1143 = VECTOR('',#1144,1.);
#1144 = DIRECTION('',(1.,-1.456094898033E-16));
#1145 = ( GEOMETRIC_REPRESENTATION_CONTEXT(2) 
PARAMETRIC_REPRESENTATION_CONTEXT() REPRESENTATION_CONTEXT('2D SPACE',''
  ) );
#1146 = PCURVE('',#1147,#1152);
#1147 = PLANE('',#1148);
#1148 = AXIS2_PLACEMENT_3D('',#1149,#1150,#1151);
#1149 = CARTESIAN_POINT('',(-5.75,256.3,57.590689351664));
#1150 = DIRECTION('',(-8.969183784631E-16,1.,-6.970583632014E-15));
#1151 = DIRECTION('',(0.5,-5.588243315296E-15,-0.866025403784));
#1152 = DEFINITIONAL_REPRESENTATION('',(#1153),#1161);
#1153 = ( BOUNDED_CURVE() B_SPLINE_CURVE(2,(#1154,#1155,#1156,#1157,
#1158,#1159,#1160),.UNSPECIFIED.,.T.,.F.) B_SPLINE_CURVE_WITH_KNOTS((1,2
    ,2,2,2,1),(-2.094395102393,0.,2.094395102393,4.188790204786,
6.28318530718,8.377580409573),.UNSPECIFIED.) CURVE() 
GEOMETRIC_REPRESENTATION_ITEM() RATIONAL_B_SPLINE_CURVE((1.,0.5,1.,0.5,
1.,0.5,1.)) REPRESENTATION_ITEM('') );
#1154 = CARTESIAN_POINT('',(0.750716155295,2.634116489839E-16));
#1155 = CARTESIAN_POINT('',(0.750716155295,-1.300278523033));
#1156 = CARTESIAN_POINT('',(-0.375358077647,-0.650139261517));
#1157 = CARTESIAN_POINT('',(-1.50143231059,1.963650172074E-15));
#1158 = CARTESIAN_POINT('',(-0.375358077647,0.650139261517));
#1159 = CARTESIAN_POINT('',(0.750716155295,1.300278523033));
#1160 = CARTESIAN_POINT('',(0.750716155295,2.634116489839E-16));
#1161 = ( GEOMETRIC_REPRESENTATION_CONTEXT(2) 
PARAMETRIC_REPRESENTATION_CONTEXT() REPRESENTATION_CONTEXT('2D SPACE',''
  ) );
#1162 = ADVANCED_FACE('',(#1163),#1175,.F.);
#1163 = FACE_BOUND('',#1164,.F.);
#1164 = EDGE_LOOP('',(#1165,#1193,#1215,#1238));
#1165 = ORIENTED_EDGE('',*,*,#1166,.T.);
#1166 = EDGE_CURVE('',#1167,#477,#1169,.T.);
#1167 = VERTEX_POINT('',#1168);
#1168 = CARTESIAN_POINT('',(-10.12464192235,256.3,46.981257946626));
#1169 = SURFACE_CURVE('',#1170,(#1174,#1186),.PCURVE_S1.);
#1170 = LINE('',#1171,#1172);
#1171 = CARTESIAN_POINT('',(-9.667860258825,255.75107577378,
    46.19008889743));
#1172 = VECTOR('',#1173,1.);
#1173 = DIRECTION('',(0.428583650351,-0.51503807491,-0.742328657701));
#1174 = PCURVE('',#1175,#1180);
#1175 = CONICAL_SURFACE('',#1176,1.664279482351,1.029744258677);
#1176 = AXIS2_PLACEMENT_3D('',#1177,#1178,#1179);
#1177 = CARTESIAN_POINT('',(-10.5,255.75107577378,47.631397208142));
#1178 = DIRECTION('',(8.969183784631E-16,-1.,6.970583632014E-15));
#1179 = DIRECTION('',(0.5,-5.588243315296E-15,-0.866025403784));
#1180 = DEFINITIONAL_REPRESENTATION('',(#1181),#1185);
#1181 = LINE('',#1182,#1183);
#1182 = CARTESIAN_POINT('',(6.28318530718,-2.287228517295E-16));
#1183 = VECTOR('',#1184,1.);
#1184 = DIRECTION('',(0.,1.));
#1185 = ( GEOMETRIC_REPRESENTATION_CONTEXT(2) 
PARAMETRIC_REPRESENTATION_CONTEXT() REPRESENTATION_CONTEXT('2D SPACE',''
  ) );
#1186 = PCURVE('',#526,#1187);
#1187 = DEFINITIONAL_REPRESENTATION('',(#1188),#1192);
#1188 = LINE('',#1189,#1190);
#1189 = CARTESIAN_POINT('',(0.,-2.287228517295E-16));
#1190 = VECTOR('',#1191,1.);
#1191 = DIRECTION('',(0.,1.));
#1192 = ( GEOMETRIC_REPRESENTATION_CONTEXT(2) 
PARAMETRIC_REPRESENTATION_CONTEXT() REPRESENTATION_CONTEXT('2D SPACE',''
  ) );
#1193 = ORIENTED_EDGE('',*,*,#1194,.T.);
#1194 = EDGE_CURVE('',#477,#510,#1195,.T.);
#1195 = SURFACE_CURVE('',#1196,(#1201,#1208),.PCURVE_S1.);
#1196 = CIRCLE('',#1197,1.25);
#1197 = AXIS2_PLACEMENT_3D('',#1198,#1199,#1200);
#1198 = CARTESIAN_POINT('',(-10.5,256.,47.631397208142));
#1199 = DIRECTION('',(-8.969183784631E-16,1.,-6.970583632014E-15));
#1200 = DIRECTION('',(0.5,-5.588243315296E-15,-0.866025403784));
#1201 = PCURVE('',#1175,#1202);
#1202 = DEFINITIONAL_REPRESENTATION('',(#1203),#1207);
#1203 = LINE('',#1204,#1205);
#1204 = CARTESIAN_POINT('',(6.28318530718,-0.248924226216));
#1205 = VECTOR('',#1206,1.);
#1206 = DIRECTION('',(-1.,0.));
#1207 = ( GEOMETRIC_REPRESENTATION_CONTEXT(2) 
PARAMETRIC_REPRESENTATION_CONTEXT() REPRESENTATION_CONTEXT('2D SPACE',''
  ) );
#1208 = PCURVE('',#497,#1209);
#1209 = DEFINITIONAL_REPRESENTATION('',(#1210),#1214);
#1210 = LINE('',#1211,#1212);
#1211 = CARTESIAN_POINT('',(0.,7.4));
#1212 = VECTOR('',#1213,1.);
#1213 = DIRECTION('',(1.,0.));
#1214 = ( GEOMETRIC_REPRESENTATION_CONTEXT(2) 
PARAMETRIC_REPRESENTATION_CONTEXT() REPRESENTATION_CONTEXT('2D SPACE',''
  ) );
#1215 = ORIENTED_EDGE('',*,*,#1216,.F.);
#1216 = EDGE_CURVE('',#1217,#510,#1219,.T.);
#1217 = VERTEX_POINT('',#1218);
#1218 = CARTESIAN_POINT('',(-10.87535807764,256.3,48.281536469659));
#1219 = SURFACE_CURVE('',#1220,(#1224,#1231),.PCURVE_S1.);
#1220 = LINE('',#1221,#1222);
#1221 = CARTESIAN_POINT('',(-11.33213974117,255.75107577378,
    49.072705518855));
#1222 = VECTOR('',#1223,1.);
#1223 = DIRECTION('',(-0.428583650351,-0.51503807491,0.742328657701));
#1224 = PCURVE('',#1175,#1225);
#1225 = DEFINITIONAL_REPRESENTATION('',(#1226),#1230);
#1226 = LINE('',#1227,#1228);
#1227 = CARTESIAN_POINT('',(3.14159265359,2.287228517295E-16));
#1228 = VECTOR('',#1229,1.);
#1229 = DIRECTION('',(7.401486830834E-15,1.));
#1230 = ( GEOMETRIC_REPRESENTATION_CONTEXT(2) 
PARAMETRIC_REPRESENTATION_CONTEXT() REPRESENTATION_CONTEXT('2D SPACE',''
  ) );
#1231 = PCURVE('',#526,#1232);
#1232 = DEFINITIONAL_REPRESENTATION('',(#1233),#1237);
#1233 = LINE('',#1234,#1235);
#1234 = CARTESIAN_POINT('',(3.14159265359,2.287228517295E-16));
#1235 = VECTOR('',#1236,1.);
#1236 = DIRECTION('',(7.401486830834E-15,1.));
#1237 = ( GEOMETRIC_REPRESENTATION_CONTEXT(2) 
PARAMETRIC_REPRESENTATION_CONTEXT() REPRESENTATION_CONTEXT('2D SPACE',''
  ) );
#1238 = ORIENTED_EDGE('',*,*,#1239,.T.);
#1239 = EDGE_CURVE('',#1217,#1167,#1240,.T.);
#1240 = SURFACE_CURVE('',#1241,(#1246,#1253),.PCURVE_S1.);
#1241 = CIRCLE('',#1242,0.750716155295);
#1242 = AXIS2_PLACEMENT_3D('',#1243,#1244,#1245);
#1243 = CARTESIAN_POINT('',(-10.5,256.3,47.631397208142));
#1244 = DIRECTION('',(8.969183784631E-16,-1.,6.970583632014E-15));
#1245 = DIRECTION('',(0.5,-5.588243315296E-15,-0.866025403784));
#1246 = PCURVE('',#1175,#1247);
#1247 = DEFINITIONAL_REPRESENTATION('',(#1248),#1252);
#1248 = LINE('',#1249,#1250);
#1249 = CARTESIAN_POINT('',(0.,-0.548924226215));
#1250 = VECTOR('',#1251,1.);
#1251 = DIRECTION('',(1.,0.));
#1252 = ( GEOMETRIC_REPRESENTATION_CONTEXT(2) 
PARAMETRIC_REPRESENTATION_CONTEXT() REPRESENTATION_CONTEXT('2D SPACE',''
  ) );
#1253 = PCURVE('',#1254,#1259);
#1254 = PLANE('',#1255);
#1255 = AXIS2_PLACEMENT_3D('',#1256,#1257,#1258);
#1256 = CARTESIAN_POINT('',(-10.5,256.3,47.631397208142));
#1257 = DIRECTION('',(-6.011413349575E-16,1.,-7.482884499078E-15));
#1258 = DIRECTION('',(0.5,-6.179797402308E-15,-0.866025403784));
#1259 = DEFINITIONAL_REPRESENTATION('',(#1260),#1268);
#1260 = ( BOUNDED_CURVE() B_SPLINE_CURVE(2,(#1261,#1262,#1263,#1264,
#1265,#1266,#1267),.UNSPECIFIED.,.T.,.F.) B_SPLINE_CURVE_WITH_KNOTS((1,2
    ,2,2,2,1),(-2.094395102393,0.,2.094395102393,4.188790204786,
6.28318530718,8.377580409573),.UNSPECIFIED.) CURVE() 
GEOMETRIC_REPRESENTATION_ITEM() RATIONAL_B_SPLINE_CURVE((1.,0.5,1.,0.5,
1.,0.5,1.)) REPRESENTATION_ITEM('') );
#1261 = CARTESIAN_POINT('',(0.750716155295,-1.734723475977E-15));
#1262 = CARTESIAN_POINT('',(0.750716155295,-1.300278523034));
#1263 = CARTESIAN_POINT('',(-0.375358077648,-0.650139261517));
#1264 = CARTESIAN_POINT('',(-1.50143231059,3.285574524624E-15));
#1265 = CARTESIAN_POINT('',(-0.375358077648,0.650139261517));
#1266 = CARTESIAN_POINT('',(0.750716155295,1.300278523034));
#1267 = CARTESIAN_POINT('',(0.750716155295,-1.734723475977E-15));
#1268 = ( GEOMETRIC_REPRESENTATION_CONTEXT(2) 
PARAMETRIC_REPRESENTATION_CONTEXT() REPRESENTATION_CONTEXT('2D SPACE',''
  ) );
#1269 = ADVANCED_FACE('',(#1270),#1282,.F.);
#1270 = FACE_BOUND('',#1271,.F.);
#1271 = EDGE_LOOP('',(#1272,#1300,#1322,#1345));
#1272 = ORIENTED_EDGE('',*,*,#1273,.T.);
#1273 = EDGE_CURVE('',#1274,#594,#1276,.T.);
#1274 = VERTEX_POINT('',#1275);
#1275 = CARTESIAN_POINT('',(5.625358077647,256.3,56.074524686362));
#1276 = SURFACE_CURVE('',#1277,(#1281,#1293),.PCURVE_S1.);
#1277 = LINE('',#1278,#1279);
#1278 = CARTESIAN_POINT('',(6.082139741175,255.75107577378,
    55.283355637166));
#1279 = VECTOR('',#1280,1.);
#1280 = DIRECTION('',(0.428583650351,-0.51503807491,-0.742328657701));
#1281 = PCURVE('',#1282,#1287);
#1282 = CONICAL_SURFACE('',#1283,1.664279482351,1.029744258677);
#1283 = AXIS2_PLACEMENT_3D('',#1284,#1285,#1286);
#1284 = CARTESIAN_POINT('',(5.25,255.75107577378,56.724663947879));
#1285 = DIRECTION('',(8.969183784631E-16,-1.,6.970583632014E-15));
#1286 = DIRECTION('',(0.5,-5.588243315296E-15,-0.866025403784));
#1287 = DEFINITIONAL_REPRESENTATION('',(#1288),#1292);
#1288 = LINE('',#1289,#1290);
#1289 = CARTESIAN_POINT('',(6.28318530718,-4.57445703459E-16));
#1290 = VECTOR('',#1291,1.);
#1291 = DIRECTION('',(0.,1.));
#1292 = ( GEOMETRIC_REPRESENTATION_CONTEXT(2) 
PARAMETRIC_REPRESENTATION_CONTEXT() REPRESENTATION_CONTEXT('2D SPACE',''
  ) );
#1293 = PCURVE('',#643,#1294);
#1294 = DEFINITIONAL_REPRESENTATION('',(#1295),#1299);
#1295 = LINE('',#1296,#1297);
#1296 = CARTESIAN_POINT('',(0.,-4.57445703459E-16));
#1297 = VECTOR('',#1298,1.);
#1298 = DIRECTION('',(0.,1.));
#1299 = ( GEOMETRIC_REPRESENTATION_CONTEXT(2) 
PARAMETRIC_REPRESENTATION_CONTEXT() REPRESENTATION_CONTEXT('2D SPACE',''
  ) );
#1300 = ORIENTED_EDGE('',*,*,#1301,.T.);
#1301 = EDGE_CURVE('',#594,#627,#1302,.T.);
#1302 = SURFACE_CURVE('',#1303,(#1308,#1315),.PCURVE_S1.);
#1303 = CIRCLE('',#1304,1.25);
#1304 = AXIS2_PLACEMENT_3D('',#1305,#1306,#1307);
#1305 = CARTESIAN_POINT('',(5.25,256.,56.724663947879));
#1306 = DIRECTION('',(-8.969183784631E-16,1.,-6.970583632014E-15));
#1307 = DIRECTION('',(0.5,-5.588243315296E-15,-0.866025403784));
#1308 = PCURVE('',#1282,#1309);
#1309 = DEFINITIONAL_REPRESENTATION('',(#1310),#1314);
#1310 = LINE('',#1311,#1312);
#1311 = CARTESIAN_POINT('',(6.28318530718,-0.248924226216));
#1312 = VECTOR('',#1313,1.);
#1313 = DIRECTION('',(-1.,0.));
#1314 = ( GEOMETRIC_REPRESENTATION_CONTEXT(2) 
PARAMETRIC_REPRESENTATION_CONTEXT() REPRESENTATION_CONTEXT('2D SPACE',''
  ) );
#1315 = PCURVE('',#614,#1316);
#1316 = DEFINITIONAL_REPRESENTATION('',(#1317),#1321);
#1317 = LINE('',#1318,#1319);
#1318 = CARTESIAN_POINT('',(0.,7.4));
#1319 = VECTOR('',#1320,1.);
#1320 = DIRECTION('',(1.,0.));
#1321 = ( GEOMETRIC_REPRESENTATION_CONTEXT(2) 
PARAMETRIC_REPRESENTATION_CONTEXT() REPRESENTATION_CONTEXT('2D SPACE',''
  ) );
#1322 = ORIENTED_EDGE('',*,*,#1323,.F.);
#1323 = EDGE_CURVE('',#1324,#627,#1326,.T.);
#1324 = VERTEX_POINT('',#1325);
#1325 = CARTESIAN_POINT('',(4.874641922352,256.3,57.374803209396));
#1326 = SURFACE_CURVE('',#1327,(#1331,#1338),.PCURVE_S1.);
#1327 = LINE('',#1328,#1329);
#1328 = CARTESIAN_POINT('',(4.417860258825,255.75107577378,
    58.165972258592));
#1329 = VECTOR('',#1330,1.);
#1330 = DIRECTION('',(-0.428583650351,-0.51503807491,0.742328657701));
#1331 = PCURVE('',#1282,#1332);
#1332 = DEFINITIONAL_REPRESENTATION('',(#1333),#1337);
#1333 = LINE('',#1334,#1335);
#1334 = CARTESIAN_POINT('',(3.14159265359,2.287228517295E-16));
#1335 = VECTOR('',#1336,1.);
#1336 = DIRECTION('',(0.,1.));
#1337 = ( GEOMETRIC_REPRESENTATION_CONTEXT(2) 
PARAMETRIC_REPRESENTATION_CONTEXT() REPRESENTATION_CONTEXT('2D SPACE',''
  ) );
#1338 = PCURVE('',#643,#1339);
#1339 = DEFINITIONAL_REPRESENTATION('',(#1340),#1344);
#1340 = LINE('',#1341,#1342);
#1341 = CARTESIAN_POINT('',(3.14159265359,2.287228517295E-16));
#1342 = VECTOR('',#1343,1.);
#1343 = DIRECTION('',(0.,1.));
#1344 = ( GEOMETRIC_REPRESENTATION_CONTEXT(2) 
PARAMETRIC_REPRESENTATION_CONTEXT() REPRESENTATION_CONTEXT('2D SPACE',''
  ) );
#1345 = ORIENTED_EDGE('',*,*,#1346,.T.);
#1346 = EDGE_CURVE('',#1324,#1274,#1347,.T.);
#1347 = SURFACE_CURVE('',#1348,(#1353,#1360),.PCURVE_S1.);
#1348 = CIRCLE('',#1349,0.750716155295);
#1349 = AXIS2_PLACEMENT_3D('',#1350,#1351,#1352);
#1350 = CARTESIAN_POINT('',(5.25,256.3,56.724663947879));
#1351 = DIRECTION('',(3.182507859627E-15,-1.,6.358161776307E-15));
#1352 = DIRECTION('',(0.5,-3.91507568984E-15,-0.866025403784));
#1353 = PCURVE('',#1282,#1354);
#1354 = DEFINITIONAL_REPRESENTATION('',(#1355),#1359);
#1355 = LINE('',#1356,#1357);
#1356 = CARTESIAN_POINT('',(0.,-0.548924226215));
#1357 = VECTOR('',#1358,1.);
#1358 = DIRECTION('',(1.,-1.456094898033E-16));
#1359 = ( GEOMETRIC_REPRESENTATION_CONTEXT(2) 
PARAMETRIC_REPRESENTATION_CONTEXT() REPRESENTATION_CONTEXT('2D SPACE',''
  ) );
#1360 = PCURVE('',#1361,#1366);
#1361 = PLANE('',#1362);
#1362 = AXIS2_PLACEMENT_3D('',#1363,#1364,#1365);
#1363 = CARTESIAN_POINT('',(5.25,256.3,56.724663947879));
#1364 = DIRECTION('',(-8.969183784631E-16,1.,-6.970583632014E-15));
#1365 = DIRECTION('',(0.5,-5.588243315296E-15,-0.866025403784));
#1366 = DEFINITIONAL_REPRESENTATION('',(#1367),#1375);
#1367 = ( BOUNDED_CURVE() B_SPLINE_CURVE(2,(#1368,#1369,#1370,#1371,
#1372,#1373,#1374),.UNSPECIFIED.,.T.,.F.) B_SPLINE_CURVE_WITH_KNOTS((1,2
    ,2,2,2,1),(-2.094395102393,0.,2.094395102393,4.188790204786,
6.28318530718,8.377580409573),.UNSPECIFIED.) CURVE() 
GEOMETRIC_REPRESENTATION_ITEM() RATIONAL_B_SPLINE_CURVE((1.,0.5,1.,0.5,
1.,0.5,1.)) REPRESENTATION_ITEM('') );
#1368 = CARTESIAN_POINT('',(0.750716155295,6.503807171127E-31));
#1369 = CARTESIAN_POINT('',(0.750716155295,-1.300278523034));
#1370 = CARTESIAN_POINT('',(-0.375358077648,-0.650139261517));
#1371 = CARTESIAN_POINT('',(-1.50143231059,-1.8387242733E-16));
#1372 = CARTESIAN_POINT('',(-0.375358077648,0.650139261517));
#1373 = CARTESIAN_POINT('',(0.750716155295,1.300278523034));
#1374 = CARTESIAN_POINT('',(0.750716155295,6.503807171127E-31));
#1375 = ( GEOMETRIC_REPRESENTATION_CONTEXT(2) 
PARAMETRIC_REPRESENTATION_CONTEXT() REPRESENTATION_CONTEXT('2D SPACE',''
  ) );
#1376 = ADVANCED_FACE('',(#1377),#1389,.F.);
#1377 = FACE_BOUND('',#1378,.F.);
#1378 = EDGE_LOOP('',(#1379,#1429,#1451,#1474));
#1379 = ORIENTED_EDGE('',*,*,#1380,.T.);
#1380 = EDGE_CURVE('',#1381,#711,#1383,.T.);
#1381 = VERTEX_POINT('',#1382);
#1382 = CARTESIAN_POINT('',(11.875358077647,256.3,46.981257946626));
#1383 = SURFACE_CURVE('',#1384,(#1388,#1422),.PCURVE_S1.);
#1384 = LINE('',#1385,#1386);
#1385 = CARTESIAN_POINT('',(12.332139741175,255.75107577378,
    46.19008889743));
#1386 = VECTOR('',#1387,1.);
#1387 = DIRECTION('',(0.428583650351,-0.51503807491,-0.742328657701));
#1388 = PCURVE('',#1389,#1394);
#1389 = CONICAL_SURFACE('',#1390,1.664279482351,1.029744258677);
#1390 = AXIS2_PLACEMENT_3D('',#1391,#1392,#1393);
#1391 = CARTESIAN_POINT('',(11.5,255.75107577378,47.631397208143));
#1392 = DIRECTION('',(8.969183784631E-16,-1.,6.970583632014E-15));
#1393 = DIRECTION('',(0.5,-5.588243315296E-15,-0.866025403784));
#1394 = DEFINITIONAL_REPRESENTATION('',(#1395),#1421);
#1395 = B_SPLINE_CURVE_WITH_KNOTS('',3,(#1396,#1397,#1398,#1399,#1400,
    #1401,#1402,#1403,#1404,#1405,#1406,#1407,#1408,#1409,#1410,#1411,
    #1412,#1413,#1414,#1415,#1416,#1417,#1418,#1419,#1420),
  .UNSPECIFIED.,.F.,.F.,(4,1,1,1,1,1,1,1,1,1,1,1,1,1,1,1,1,1,1,1,1,1,4),
  (-1.065793487814,-1.039317069273,-1.012840650731,-0.986364232189,
    -0.959887813647,-0.933411395105,-0.906934976563,-0.880458558021,
    -0.853982139479,-0.827505720937,-0.801029302395,-0.774552883853,
    -0.748076465311,-0.721600046769,-0.695123628227,-0.668647209685,
    -0.642170791143,-0.615694372601,-0.589217954059,-0.562741535517,
    -0.536265116975,-0.509788698433,-0.483312279891),
  .QUASI_UNIFORM_KNOTS.);
#1396 = CARTESIAN_POINT('',(6.28318530718,-0.548924226216));
#1397 = CARTESIAN_POINT('',(6.28318530718,-0.54437877167));
#1398 = CARTESIAN_POINT('',(6.28318530718,-0.535287862579));
#1399 = CARTESIAN_POINT('',(6.28318530718,-0.521651498943));
#1400 = CARTESIAN_POINT('',(6.28318530718,-0.508015135306));
#1401 = CARTESIAN_POINT('',(6.28318530718,-0.49437877167));
#1402 = CARTESIAN_POINT('',(6.28318530718,-0.480742408034));
#1403 = CARTESIAN_POINT('',(6.28318530718,-0.467106044397));
#1404 = CARTESIAN_POINT('',(6.28318530718,-0.453469680761));
#1405 = CARTESIAN_POINT('',(6.28318530718,-0.439833317125));
#1406 = CARTESIAN_POINT('',(6.28318530718,-0.426196953488));
#1407 = CARTESIAN_POINT('',(6.28318530718,-0.412560589852));
#1408 = CARTESIAN_POINT('',(6.28318530718,-0.398924226216));
#1409 = CARTESIAN_POINT('',(6.28318530718,-0.385287862579));
#1410 = CARTESIAN_POINT('',(6.28318530718,-0.371651498943));
#1411 = CARTESIAN_POINT('',(6.28318530718,-0.358015135306));
#1412 = CARTESIAN_POINT('',(6.28318530718,-0.34437877167));
#1413 = CARTESIAN_POINT('',(6.28318530718,-0.330742408034));
#1414 = CARTESIAN_POINT('',(6.28318530718,-0.317106044397));
#1415 = CARTESIAN_POINT('',(6.28318530718,-0.303469680761));
#1416 = CARTESIAN_POINT('',(6.28318530718,-0.289833317125));
#1417 = CARTESIAN_POINT('',(6.28318530718,-0.276196953488));
#1418 = CARTESIAN_POINT('',(6.28318530718,-0.262560589852));
#1419 = CARTESIAN_POINT('',(6.28318530718,-0.253469680761));
#1420 = CARTESIAN_POINT('',(6.28318530718,-0.248924226216));
#1421 = ( GEOMETRIC_REPRESENTATION_CONTEXT(2) 
PARAMETRIC_REPRESENTATION_CONTEXT() REPRESENTATION_CONTEXT('2D SPACE',''
  ) );
#1422 = PCURVE('',#760,#1423);
#1423 = DEFINITIONAL_REPRESENTATION('',(#1424),#1428);
#1424 = LINE('',#1425,#1426);
#1425 = CARTESIAN_POINT('',(0.,-2.287228517295E-16));
#1426 = VECTOR('',#1427,1.);
#1427 = DIRECTION('',(0.,1.));
#1428 = ( GEOMETRIC_REPRESENTATION_CONTEXT(2) 
PARAMETRIC_REPRESENTATION_CONTEXT() REPRESENTATION_CONTEXT('2D SPACE',''
  ) );
#1429 = ORIENTED_EDGE('',*,*,#1430,.T.);
#1430 = EDGE_CURVE('',#711,#744,#1431,.T.);
#1431 = SURFACE_CURVE('',#1432,(#1437,#1444),.PCURVE_S1.);
#1432 = CIRCLE('',#1433,1.25);
#1433 = AXIS2_PLACEMENT_3D('',#1434,#1435,#1436);
#1434 = CARTESIAN_POINT('',(11.5,256.,47.631397208143));
#1435 = DIRECTION('',(-8.969183784631E-16,1.,-6.970583632014E-15));
#1436 = DIRECTION('',(0.5,-5.588243315296E-15,-0.866025403784));
#1437 = PCURVE('',#1389,#1438);
#1438 = DEFINITIONAL_REPRESENTATION('',(#1439),#1443);
#1439 = LINE('',#1440,#1441);
#1440 = CARTESIAN_POINT('',(6.28318530718,-0.248924226216));
#1441 = VECTOR('',#1442,1.);
#1442 = DIRECTION('',(-1.,0.));
#1443 = ( GEOMETRIC_REPRESENTATION_CONTEXT(2) 
PARAMETRIC_REPRESENTATION_CONTEXT() REPRESENTATION_CONTEXT('2D SPACE',''
  ) );
#1444 = PCURVE('',#731,#1445);
#1445 = DEFINITIONAL_REPRESENTATION('',(#1446),#1450);
#1446 = LINE('',#1447,#1448);
#1447 = CARTESIAN_POINT('',(0.,7.4));
#1448 = VECTOR('',#1449,1.);
#1449 = DIRECTION('',(1.,0.));
#1450 = ( GEOMETRIC_REPRESENTATION_CONTEXT(2) 
PARAMETRIC_REPRESENTATION_CONTEXT() REPRESENTATION_CONTEXT('2D SPACE',''
  ) );
#1451 = ORIENTED_EDGE('',*,*,#1452,.F.);
#1452 = EDGE_CURVE('',#1453,#744,#1455,.T.);
#1453 = VERTEX_POINT('',#1454);
#1454 = CARTESIAN_POINT('',(11.124641922353,256.3,48.281536469659));
#1455 = SURFACE_CURVE('',#1456,(#1460,#1467),.PCURVE_S1.);
#1456 = LINE('',#1457,#1458);
#1457 = CARTESIAN_POINT('',(10.667860258825,255.75107577378,
    49.072705518855));
#1458 = VECTOR('',#1459,1.);
#1459 = DIRECTION('',(-0.428583650351,-0.51503807491,0.742328657701));
#1460 = PCURVE('',#1389,#1461);
#1461 = DEFINITIONAL_REPRESENTATION('',(#1462),#1466);
#1462 = LINE('',#1463,#1464);
#1463 = CARTESIAN_POINT('',(3.14159265359,5.718071293237E-16));
#1464 = VECTOR('',#1465,1.);
#1465 = DIRECTION('',(4.440892098499E-15,1.));
#1466 = ( GEOMETRIC_REPRESENTATION_CONTEXT(2) 
PARAMETRIC_REPRESENTATION_CONTEXT() REPRESENTATION_CONTEXT('2D SPACE',''
  ) );
#1467 = PCURVE('',#760,#1468);
#1468 = DEFINITIONAL_REPRESENTATION('',(#1469),#1473);
#1469 = LINE('',#1470,#1471);
#1470 = CARTESIAN_POINT('',(3.14159265359,5.718071293237E-16));
#1471 = VECTOR('',#1472,1.);
#1472 = DIRECTION('',(4.440892098499E-15,1.));
#1473 = ( GEOMETRIC_REPRESENTATION_CONTEXT(2) 
PARAMETRIC_REPRESENTATION_CONTEXT() REPRESENTATION_CONTEXT('2D SPACE',''
  ) );
#1474 = ORIENTED_EDGE('',*,*,#1475,.T.);
#1475 = EDGE_CURVE('',#1453,#1381,#1476,.T.);
#1476 = SURFACE_CURVE('',#1477,(#1482,#1489),.PCURVE_S1.);
#1477 = CIRCLE('',#1478,0.750716155295);
#1478 = AXIS2_PLACEMENT_3D('',#1479,#1480,#1481);
#1479 = CARTESIAN_POINT('',(11.5,256.3,47.631397208143));
#1480 = DIRECTION('',(-2.531465843283E-15,-1.,7.889216415574E-15));
#1481 = DIRECTION('',(0.5,-8.097994753482E-15,-0.866025403784));
#1482 = PCURVE('',#1389,#1483);
#1483 = DEFINITIONAL_REPRESENTATION('',(#1484),#1488);
#1484 = LINE('',#1485,#1486);
#1485 = CARTESIAN_POINT('',(2.22044604925E-15,-0.548924226216));
#1486 = VECTOR('',#1487,1.);
#1487 = DIRECTION('',(1.,2.912189796066E-16));
#1488 = ( GEOMETRIC_REPRESENTATION_CONTEXT(2) 
PARAMETRIC_REPRESENTATION_CONTEXT() REPRESENTATION_CONTEXT('2D SPACE',''
  ) );
#1489 = PCURVE('',#1490,#1495);
#1490 = PLANE('',#1491);
#1491 = AXIS2_PLACEMENT_3D('',#1492,#1493,#1494);
#1492 = CARTESIAN_POINT('',(11.5,256.3,47.631397208143));
#1493 = DIRECTION('',(-1.113442202022E-15,1.,-7.778661542584E-15));
#1494 = DIRECTION('',(0.5,-6.179797402308E-15,-0.866025403784));
#1495 = DEFINITIONAL_REPRESENTATION('',(#1496),#1504);
#1496 = ( BOUNDED_CURVE() B_SPLINE_CURVE(2,(#1497,#1498,#1499,#1500,
#1501,#1502,#1503),.UNSPECIFIED.,.T.,.F.) B_SPLINE_CURVE_WITH_KNOTS((1,2
    ,2,2,2,1),(-2.094395102393,0.,2.094395102393,4.188790204786,
6.28318530718,8.377580409573),.UNSPECIFIED.) CURVE() 
GEOMETRIC_REPRESENTATION_ITEM() RATIONAL_B_SPLINE_CURVE((1.,0.5,1.,0.5,
1.,0.5,1.)) REPRESENTATION_ITEM('') );
#1497 = CARTESIAN_POINT('',(0.750716155295,-1.734723475977E-15));
#1498 = CARTESIAN_POINT('',(0.750716155295,-1.300278523033));
#1499 = CARTESIAN_POINT('',(-0.375358077647,-0.650139261517));
#1500 = CARTESIAN_POINT('',(-1.50143231059,3.285574524624E-15));
#1501 = CARTESIAN_POINT('',(-0.375358077647,0.650139261517));
#1502 = CARTESIAN_POINT('',(0.750716155295,1.300278523033));
#1503 = CARTESIAN_POINT('',(0.750716155295,-1.734723475977E-15));
#1504 = ( GEOMETRIC_REPRESENTATION_CONTEXT(2) 
PARAMETRIC_REPRESENTATION_CONTEXT() REPRESENTATION_CONTEXT('2D SPACE',''
  ) );
#1505 = ADVANCED_FACE('',(#1506),#1518,.F.);
#1506 = FACE_BOUND('',#1507,.F.);
#1507 = EDGE_LOOP('',(#1508,#1558,#1580,#1603));
#1508 = ORIENTED_EDGE('',*,*,#1509,.T.);
#1509 = EDGE_CURVE('',#1510,#828,#1512,.T.);
#1510 = VERTEX_POINT('',#1511);
#1511 = CARTESIAN_POINT('',(-5.374641922353,256.3,37.021965803105));
#1512 = SURFACE_CURVE('',#1513,(#1517,#1551),.PCURVE_S1.);
#1513 = LINE('',#1514,#1515);
#1514 = CARTESIAN_POINT('',(-4.917860258825,255.75107577378,
    36.230796753909));
#1515 = VECTOR('',#1516,1.);
#1516 = DIRECTION('',(0.428583650351,-0.51503807491,-0.742328657701));
#1517 = PCURVE('',#1518,#1523);
#1518 = CONICAL_SURFACE('',#1519,1.664279482351,1.029744258677);
#1519 = AXIS2_PLACEMENT_3D('',#1520,#1521,#1522);
#1520 = CARTESIAN_POINT('',(-5.75,255.75107577378,37.672105064621));
#1521 = DIRECTION('',(8.969183784631E-16,-1.,6.970583632014E-15));
#1522 = DIRECTION('',(0.5,-5.588243315296E-15,-0.866025403784));
#1523 = DEFINITIONAL_REPRESENTATION('',(#1524),#1550);
#1524 = B_SPLINE_CURVE_WITH_KNOTS('',3,(#1525,#1526,#1527,#1528,#1529,
    #1530,#1531,#1532,#1533,#1534,#1535,#1536,#1537,#1538,#1539,#1540,
    #1541,#1542,#1543,#1544,#1545,#1546,#1547,#1548,#1549),
  .UNSPECIFIED.,.F.,.F.,(4,1,1,1,1,1,1,1,1,1,1,1,1,1,1,1,1,1,1,1,1,1,4),
  (-1.065793487814,-1.039317069273,-1.012840650731,-0.986364232189,
    -0.959887813647,-0.933411395105,-0.906934976563,-0.880458558021,
    -0.853982139479,-0.827505720937,-0.801029302395,-0.774552883853,
    -0.748076465311,-0.721600046769,-0.695123628227,-0.668647209685,
    -0.642170791143,-0.615694372601,-0.589217954059,-0.562741535517,
    -0.536265116975,-0.509788698433,-0.483312279891),
  .QUASI_UNIFORM_KNOTS.);
#1525 = CARTESIAN_POINT('',(6.28318530718,-0.548924226216));
#1526 = CARTESIAN_POINT('',(6.28318530718,-0.54437877167));
#1527 = CARTESIAN_POINT('',(6.28318530718,-0.535287862579));
#1528 = CARTESIAN_POINT('',(6.28318530718,-0.521651498943));
#1529 = CARTESIAN_POINT('',(6.28318530718,-0.508015135307));
#1530 = CARTESIAN_POINT('',(6.28318530718,-0.49437877167));
#1531 = CARTESIAN_POINT('',(6.28318530718,-0.480742408034));
#1532 = CARTESIAN_POINT('',(6.28318530718,-0.467106044397));
#1533 = CARTESIAN_POINT('',(6.28318530718,-0.453469680761));
#1534 = CARTESIAN_POINT('',(6.28318530718,-0.439833317125));
#1535 = CARTESIAN_POINT('',(6.28318530718,-0.426196953488));
#1536 = CARTESIAN_POINT('',(6.28318530718,-0.412560589852));
#1537 = CARTESIAN_POINT('',(6.28318530718,-0.398924226216));
#1538 = CARTESIAN_POINT('',(6.28318530718,-0.385287862579));
#1539 = CARTESIAN_POINT('',(6.28318530718,-0.371651498943));
#1540 = CARTESIAN_POINT('',(6.28318530718,-0.358015135307));
#1541 = CARTESIAN_POINT('',(6.28318530718,-0.34437877167));
#1542 = CARTESIAN_POINT('',(6.28318530718,-0.330742408034));
#1543 = CARTESIAN_POINT('',(6.28318530718,-0.317106044397));
#1544 = CARTESIAN_POINT('',(6.28318530718,-0.303469680761));
#1545 = CARTESIAN_POINT('',(6.28318530718,-0.289833317125));
#1546 = CARTESIAN_POINT('',(6.28318530718,-0.276196953488));
#1547 = CARTESIAN_POINT('',(6.28318530718,-0.262560589852));
#1548 = CARTESIAN_POINT('',(6.28318530718,-0.253469680761));
#1549 = CARTESIAN_POINT('',(6.28318530718,-0.248924226216));
#1550 = ( GEOMETRIC_REPRESENTATION_CONTEXT(2) 
PARAMETRIC_REPRESENTATION_CONTEXT() REPRESENTATION_CONTEXT('2D SPACE',''
  ) );
#1551 = PCURVE('',#877,#1552);
#1552 = DEFINITIONAL_REPRESENTATION('',(#1553),#1557);
#1553 = LINE('',#1554,#1555);
#1554 = CARTESIAN_POINT('',(0.,0.));
#1555 = VECTOR('',#1556,1.);
#1556 = DIRECTION('',(0.,1.));
#1557 = ( GEOMETRIC_REPRESENTATION_CONTEXT(2) 
PARAMETRIC_REPRESENTATION_CONTEXT() REPRESENTATION_CONTEXT('2D SPACE',''
  ) );
#1558 = ORIENTED_EDGE('',*,*,#1559,.T.);
#1559 = EDGE_CURVE('',#828,#861,#1560,.T.);
#1560 = SURFACE_CURVE('',#1561,(#1566,#1573),.PCURVE_S1.);
#1561 = CIRCLE('',#1562,1.25);
#1562 = AXIS2_PLACEMENT_3D('',#1563,#1564,#1565);
#1563 = CARTESIAN_POINT('',(-5.75,256.,37.672105064621));
#1564 = DIRECTION('',(-8.969183784631E-16,1.,-6.970583632014E-15));
#1565 = DIRECTION('',(0.5,-5.588243315296E-15,-0.866025403784));
#1566 = PCURVE('',#1518,#1567);
#1567 = DEFINITIONAL_REPRESENTATION('',(#1568),#1572);
#1568 = LINE('',#1569,#1570);
#1569 = CARTESIAN_POINT('',(6.28318530718,-0.248924226216));
#1570 = VECTOR('',#1571,1.);
#1571 = DIRECTION('',(-1.,0.));
#1572 = ( GEOMETRIC_REPRESENTATION_CONTEXT(2) 
PARAMETRIC_REPRESENTATION_CONTEXT() REPRESENTATION_CONTEXT('2D SPACE',''
  ) );
#1573 = PCURVE('',#848,#1574);
#1574 = DEFINITIONAL_REPRESENTATION('',(#1575),#1579);
#1575 = LINE('',#1576,#1577);
#1576 = CARTESIAN_POINT('',(0.,7.4));
#1577 = VECTOR('',#1578,1.);
#1578 = DIRECTION('',(1.,0.));
#1579 = ( GEOMETRIC_REPRESENTATION_CONTEXT(2) 
PARAMETRIC_REPRESENTATION_CONTEXT() REPRESENTATION_CONTEXT('2D SPACE',''
  ) );
#1580 = ORIENTED_EDGE('',*,*,#1581,.F.);
#1581 = EDGE_CURVE('',#1582,#861,#1584,.T.);
#1582 = VERTEX_POINT('',#1583);
#1583 = CARTESIAN_POINT('',(-6.125358077647,256.3,38.322244326138));
#1584 = SURFACE_CURVE('',#1585,(#1589,#1596),.PCURVE_S1.);
#1585 = LINE('',#1586,#1587);
#1586 = CARTESIAN_POINT('',(-6.582139741175,255.75107577378,
    39.113413375334));
#1587 = VECTOR('',#1588,1.);
#1588 = DIRECTION('',(-0.428583650351,-0.51503807491,0.742328657701));
#1589 = PCURVE('',#1518,#1590);
#1590 = DEFINITIONAL_REPRESENTATION('',(#1591),#1595);
#1591 = LINE('',#1592,#1593);
#1592 = CARTESIAN_POINT('',(3.14159265359,3.430842775942E-16));
#1593 = VECTOR('',#1594,1.);
#1594 = DIRECTION('',(4.440892098501E-15,1.));
#1595 = ( GEOMETRIC_REPRESENTATION_CONTEXT(2) 
PARAMETRIC_REPRESENTATION_CONTEXT() REPRESENTATION_CONTEXT('2D SPACE',''
  ) );
#1596 = PCURVE('',#877,#1597);
#1597 = DEFINITIONAL_REPRESENTATION('',(#1598),#1602);
#1598 = LINE('',#1599,#1600);
#1599 = CARTESIAN_POINT('',(3.14159265359,3.430842775942E-16));
#1600 = VECTOR('',#1601,1.);
#1601 = DIRECTION('',(4.440892098501E-15,1.));
#1602 = ( GEOMETRIC_REPRESENTATION_CONTEXT(2) 
PARAMETRIC_REPRESENTATION_CONTEXT() REPRESENTATION_CONTEXT('2D SPACE',''
  ) );
#1603 = ORIENTED_EDGE('',*,*,#1604,.T.);
#1604 = EDGE_CURVE('',#1582,#1510,#1605,.T.);
#1605 = SURFACE_CURVE('',#1606,(#1611,#1618),.PCURVE_S1.);
#1606 = CIRCLE('',#1607,0.750716155295);
#1607 = AXIS2_PLACEMENT_3D('',#1608,#1609,#1610);
#1608 = CARTESIAN_POINT('',(-5.75,256.3,37.672105064621));
#1609 = DIRECTION('',(-1.388671102701E-15,-1.,7.583005487721E-15));
#1610 = DIRECTION('',(0.5,-7.261410940754E-15,-0.866025403784));
#1611 = PCURVE('',#1518,#1612);
#1612 = DEFINITIONAL_REPRESENTATION('',(#1613),#1617);
#1613 = LINE('',#1614,#1615);
#1614 = CARTESIAN_POINT('',(2.22044604925E-15,-0.548924226216));
#1615 = VECTOR('',#1616,1.);
#1616 = DIRECTION('',(1.,1.456094898033E-16));
#1617 = ( GEOMETRIC_REPRESENTATION_CONTEXT(2) 
PARAMETRIC_REPRESENTATION_CONTEXT() REPRESENTATION_CONTEXT('2D SPACE',''
  ) );
#1618 = PCURVE('',#1619,#1624);
#1619 = PLANE('',#1620);
#1620 = AXIS2_PLACEMENT_3D('',#1621,#1622,#1623);
#1621 = CARTESIAN_POINT('',(-5.75,256.3,37.672105064621));
#1622 = DIRECTION('',(-3.846175113988E-16,1.,-6.674806588508E-15));
#1623 = DIRECTION('',(0.866025403784,3.670491829866E-15,0.5));
#1624 = DEFINITIONAL_REPRESENTATION('',(#1625),#1633);
#1625 = ( BOUNDED_CURVE() B_SPLINE_CURVE(2,(#1626,#1627,#1628,#1629,
#1630,#1631,#1632),.UNSPECIFIED.,.T.,.F.) B_SPLINE_CURVE_WITH_KNOTS((1,2
    ,2,2,2,1),(-2.094395102393,0.,2.094395102393,4.188790204786,
6.28318530718,8.377580409573),.UNSPECIFIED.) CURVE() 
GEOMETRIC_REPRESENTATION_ITEM() RATIONAL_B_SPLINE_CURVE((1.,0.5,1.,0.5,
1.,0.5,1.)) REPRESENTATION_ITEM('') );
#1626 = CARTESIAN_POINT('',(1.734723475977E-15,0.750716155295));
#1627 = CARTESIAN_POINT('',(1.300278523033,0.750716155295));
#1628 = CARTESIAN_POINT('',(0.650139261517,-0.375358077647));
#1629 = CARTESIAN_POINT('',(-3.285574524624E-15,-1.50143231059));
#1630 = CARTESIAN_POINT('',(-0.650139261517,-0.375358077647));
#1631 = CARTESIAN_POINT('',(-1.300278523033,0.750716155295));
#1632 = CARTESIAN_POINT('',(1.734723475977E-15,0.750716155295));
#1633 = ( GEOMETRIC_REPRESENTATION_CONTEXT(2) 
PARAMETRIC_REPRESENTATION_CONTEXT() REPRESENTATION_CONTEXT('2D SPACE',''
  ) );
#1634 = ADVANCED_FACE('',(#1635),#1647,.F.);
#1635 = FACE_BOUND('',#1636,.F.);
#1636 = EDGE_LOOP('',(#1637,#1665,#1687,#1710));
#1637 = ORIENTED_EDGE('',*,*,#1638,.T.);
#1638 = EDGE_CURVE('',#1639,#945,#1641,.T.);
#1639 = VERTEX_POINT('',#1640);
#1640 = CARTESIAN_POINT('',(5.625358077648,256.3,37.887991206889));
#1641 = SURFACE_CURVE('',#1642,(#1646,#1658),.PCURVE_S1.);
#1642 = LINE('',#1643,#1644);
#1643 = CARTESIAN_POINT('',(6.082139741175,255.75107577378,
    37.096822157693));
#1644 = VECTOR('',#1645,1.);
#1645 = DIRECTION('',(0.428583650351,-0.51503807491,-0.742328657701));
#1646 = PCURVE('',#1647,#1652);
#1647 = CONICAL_SURFACE('',#1648,1.664279482351,1.029744258677);
#1648 = AXIS2_PLACEMENT_3D('',#1649,#1650,#1651);
#1649 = CARTESIAN_POINT('',(5.25,255.75107577378,38.538130468406));
#1650 = DIRECTION('',(1.475653292286E-15,-1.,7.304716390299E-15));
#1651 = DIRECTION('',(0.5,-5.588243315296E-15,-0.866025403784));
#1652 = DEFINITIONAL_REPRESENTATION('',(#1653),#1657);
#1653 = LINE('',#1654,#1655);
#1654 = CARTESIAN_POINT('',(6.28318530718,4.57445703459E-16));
#1655 = VECTOR('',#1656,1.);
#1656 = DIRECTION('',(0.,1.));
#1657 = ( GEOMETRIC_REPRESENTATION_CONTEXT(2) 
PARAMETRIC_REPRESENTATION_CONTEXT() REPRESENTATION_CONTEXT('2D SPACE',''
  ) );
#1658 = PCURVE('',#994,#1659);
#1659 = DEFINITIONAL_REPRESENTATION('',(#1660),#1664);
#1660 = LINE('',#1661,#1662);
#1661 = CARTESIAN_POINT('',(0.,4.57445703459E-16));
#1662 = VECTOR('',#1663,1.);
#1663 = DIRECTION('',(0.,1.));
#1664 = ( GEOMETRIC_REPRESENTATION_CONTEXT(2) 
PARAMETRIC_REPRESENTATION_CONTEXT() REPRESENTATION_CONTEXT('2D SPACE',''
  ) );
#1665 = ORIENTED_EDGE('',*,*,#1666,.T.);
#1666 = EDGE_CURVE('',#945,#978,#1667,.T.);
#1667 = SURFACE_CURVE('',#1668,(#1673,#1680),.PCURVE_S1.);
#1668 = CIRCLE('',#1669,1.25);
#1669 = AXIS2_PLACEMENT_3D('',#1670,#1671,#1672);
#1670 = CARTESIAN_POINT('',(5.25,256.,38.538130468406));
#1671 = DIRECTION('',(-8.969183784631E-16,1.,-6.970583632014E-15));
#1672 = DIRECTION('',(0.5,-5.588243315296E-15,-0.866025403784));
#1673 = PCURVE('',#1647,#1674);
#1674 = DEFINITIONAL_REPRESENTATION('',(#1675),#1679);
#1675 = LINE('',#1676,#1677);
#1676 = CARTESIAN_POINT('',(6.28318530718,-0.248924226216));
#1677 = VECTOR('',#1678,1.);
#1678 = DIRECTION('',(-1.,0.));
#1679 = ( GEOMETRIC_REPRESENTATION_CONTEXT(2) 
PARAMETRIC_REPRESENTATION_CONTEXT() REPRESENTATION_CONTEXT('2D SPACE',''
  ) );
#1680 = PCURVE('',#965,#1681);
#1681 = DEFINITIONAL_REPRESENTATION('',(#1682),#1686);
#1682 = LINE('',#1683,#1684);
#1683 = CARTESIAN_POINT('',(0.,7.4));
#1684 = VECTOR('',#1685,1.);
#1685 = DIRECTION('',(1.,2.827159716856E-16));
#1686 = ( GEOMETRIC_REPRESENTATION_CONTEXT(2) 
PARAMETRIC_REPRESENTATION_CONTEXT() REPRESENTATION_CONTEXT('2D SPACE',''
  ) );
#1687 = ORIENTED_EDGE('',*,*,#1688,.F.);
#1688 = EDGE_CURVE('',#1689,#978,#1691,.T.);
#1689 = VERTEX_POINT('',#1690);
#1690 = CARTESIAN_POINT('',(4.874641922353,256.3,39.188269729923));
#1691 = SURFACE_CURVE('',#1692,(#1696,#1703),.PCURVE_S1.);
#1692 = LINE('',#1693,#1694);
#1693 = CARTESIAN_POINT('',(4.417860258825,255.75107577378,
    39.979438779119));
#1694 = VECTOR('',#1695,1.);
#1695 = DIRECTION('',(-0.428583650351,-0.51503807491,0.742328657701));
#1696 = PCURVE('',#1647,#1697);
#1697 = DEFINITIONAL_REPRESENTATION('',(#1698),#1702);
#1698 = LINE('',#1699,#1700);
#1699 = CARTESIAN_POINT('',(3.14159265359,-2.287228517295E-16));
#1700 = VECTOR('',#1701,1.);
#1701 = DIRECTION('',(0.,1.));
#1702 = ( GEOMETRIC_REPRESENTATION_CONTEXT(2) 
PARAMETRIC_REPRESENTATION_CONTEXT() REPRESENTATION_CONTEXT('2D SPACE',''
  ) );
#1703 = PCURVE('',#994,#1704);
#1704 = DEFINITIONAL_REPRESENTATION('',(#1705),#1709);
#1705 = LINE('',#1706,#1707);
#1706 = CARTESIAN_POINT('',(3.14159265359,-2.287228517295E-16));
#1707 = VECTOR('',#1708,1.);
#1708 = DIRECTION('',(0.,1.));
#1709 = ( GEOMETRIC_REPRESENTATION_CONTEXT(2) 
PARAMETRIC_REPRESENTATION_CONTEXT() REPRESENTATION_CONTEXT('2D SPACE',''
  ) );
#1710 = ORIENTED_EDGE('',*,*,#1711,.T.);
#1711 = EDGE_CURVE('',#1689,#1639,#1712,.T.);
#1712 = SURFACE_CURVE('',#1713,(#1718,#1725),.PCURVE_S1.);
#1713 = CIRCLE('',#1714,0.750716155295);
#1714 = AXIS2_PLACEMENT_3D('',#1715,#1716,#1717);
#1715 = CARTESIAN_POINT('',(5.25,256.3,38.538130468406));
#1716 = DIRECTION('',(8.969183784631E-16,-1.,6.970583632014E-15));
#1717 = DIRECTION('',(0.5,-5.588243315296E-15,-0.866025403784));
#1718 = PCURVE('',#1647,#1719);
#1719 = DEFINITIONAL_REPRESENTATION('',(#1720),#1724);
#1720 = LINE('',#1721,#1722);
#1721 = CARTESIAN_POINT('',(-4.440892098501E-15,-0.548924226215));
#1722 = VECTOR('',#1723,1.);
#1723 = DIRECTION('',(1.,0.));
#1724 = ( GEOMETRIC_REPRESENTATION_CONTEXT(2) 
PARAMETRIC_REPRESENTATION_CONTEXT() REPRESENTATION_CONTEXT('2D SPACE',''
  ) );
#1725 = PCURVE('',#1726,#1731);
#1726 = PLANE('',#1727);
#1727 = AXIS2_PLACEMENT_3D('',#1728,#1729,#1730);
#1728 = CARTESIAN_POINT('',(5.25,256.3,38.538130468406));
#1729 = DIRECTION('',(-1.704996289033E-15,1.,-6.754059808455E-15));
#1730 = DIRECTION('',(0.5,-4.996689228285E-15,-0.866025403784));
#1731 = DEFINITIONAL_REPRESENTATION('',(#1732),#1740);
#1732 = ( BOUNDED_CURVE() B_SPLINE_CURVE(2,(#1733,#1734,#1735,#1736,
#1737,#1738,#1739),.UNSPECIFIED.,.T.,.F.) B_SPLINE_CURVE_WITH_KNOTS((1,2
    ,2,2,2,1),(-2.094395102393,0.,2.094395102393,4.188790204786,
6.28318530718,8.377580409573),.UNSPECIFIED.) CURVE() 
GEOMETRIC_REPRESENTATION_ITEM() RATIONAL_B_SPLINE_CURVE((1.,0.5,1.,0.5,
1.,0.5,1.)) REPRESENTATION_ITEM('') );
#1733 = CARTESIAN_POINT('',(0.750716155295,-3.733391239667E-15));
#1734 = CARTESIAN_POINT('',(0.750716155295,-1.300278523034));
#1735 = CARTESIAN_POINT('',(-0.375358077648,-0.650139261517));
#1736 = CARTESIAN_POINT('',(-1.50143231059,-5.801374617418E-15));
#1737 = CARTESIAN_POINT('',(-0.375358077648,0.650139261517));
#1738 = CARTESIAN_POINT('',(0.750716155295,1.300278523034));
#1739 = CARTESIAN_POINT('',(0.750716155295,-3.733391239667E-15));
#1740 = ( GEOMETRIC_REPRESENTATION_CONTEXT(2) 
PARAMETRIC_REPRESENTATION_CONTEXT() REPRESENTATION_CONTEXT('2D SPACE',''
  ) );
#1741 = ADVANCED_FACE('',(#1742),#1754,.F.);
#1742 = FACE_BOUND('',#1743,.F.);
#1743 = EDGE_LOOP('',(#1744,#1772,#1800,#1821));
#1744 = ORIENTED_EDGE('',*,*,#1745,.T.);
#1745 = EDGE_CURVE('',#358,#1746,#1748,.T.);
#1746 = VERTEX_POINT('',#1747);
#1747 = CARTESIAN_POINT('',(-5.075,248.5,56.421555056555));
#1748 = SURFACE_CURVE('',#1749,(#1753,#1765),.PCURVE_S1.);
#1749 = LINE('',#1750,#1751);
#1750 = CARTESIAN_POINT('',(-5.25,248.85,56.724663947879));
#1751 = VECTOR('',#1752,1.);
#1752 = DIRECTION('',(0.353553390593,-0.707106781187,-0.612372435696));
#1753 = PCURVE('',#1754,#1759);
#1754 = CONICAL_SURFACE('',#1755,1.,0.785398163397);
#1755 = AXIS2_PLACEMENT_3D('',#1756,#1757,#1758);
#1756 = CARTESIAN_POINT('',(-5.75,248.85,57.590689351664));
#1757 = DIRECTION('',(8.969183784631E-16,-1.,6.970583632014E-15));
#1758 = DIRECTION('',(0.5,-5.588243315296E-15,-0.866025403784));
#1759 = DEFINITIONAL_REPRESENTATION('',(#1760),#1764);
#1760 = LINE('',#1761,#1762);
#1761 = CARTESIAN_POINT('',(6.28318530718,-7.850462293419E-17));
#1762 = VECTOR('',#1763,1.);
#1763 = DIRECTION('',(0.,1.));
#1764 = ( GEOMETRIC_REPRESENTATION_CONTEXT(2) 
PARAMETRIC_REPRESENTATION_CONTEXT() REPRESENTATION_CONTEXT('2D SPACE',''
  ) );
#1765 = PCURVE('',#459,#1766);
#1766 = DEFINITIONAL_REPRESENTATION('',(#1767),#1771);
#1767 = LINE('',#1768,#1769);
#1768 = CARTESIAN_POINT('',(0.,-7.850462293419E-17));
#1769 = VECTOR('',#1770,1.);
#1770 = DIRECTION('',(0.,1.));
#1771 = ( GEOMETRIC_REPRESENTATION_CONTEXT(2) 
PARAMETRIC_REPRESENTATION_CONTEXT() REPRESENTATION_CONTEXT('2D SPACE',''
  ) );
#1772 = ORIENTED_EDGE('',*,*,#1773,.T.);
#1773 = EDGE_CURVE('',#1746,#1774,#1776,.T.);
#1774 = VERTEX_POINT('',#1775);
#1775 = CARTESIAN_POINT('',(-6.425,248.5,58.759823646773));
#1776 = SURFACE_CURVE('',#1777,(#1782,#1789),.PCURVE_S1.);
#1777 = CIRCLE('',#1778,1.35);
#1778 = AXIS2_PLACEMENT_3D('',#1779,#1780,#1781);
#1779 = CARTESIAN_POINT('',(-5.75,248.5,57.590689351664));
#1780 = DIRECTION('',(-8.459120649229E-16,1.,-6.939098529105E-15));
#1781 = DIRECTION('',(0.5,-5.586479573106E-15,-0.866025403784));
#1782 = PCURVE('',#1754,#1783);
#1783 = DEFINITIONAL_REPRESENTATION('',(#1784),#1788);
#1784 = LINE('',#1785,#1786);
#1785 = CARTESIAN_POINT('',(6.28318530718,0.35));
#1786 = VECTOR('',#1787,1.);
#1787 = DIRECTION('',(-1.,0.));
#1788 = ( GEOMETRIC_REPRESENTATION_CONTEXT(2) 
PARAMETRIC_REPRESENTATION_CONTEXT() REPRESENTATION_CONTEXT('2D SPACE',''
  ) );
#1789 = PCURVE('',#45,#1790);
#1790 = DEFINITIONAL_REPRESENTATION('',(#1791),#1799);
#1791 = ( BOUNDED_CURVE() B_SPLINE_CURVE(2,(#1792,#1793,#1794,#1795,
#1796,#1797,#1798),.UNSPECIFIED.,.T.,.F.) B_SPLINE_CURVE_WITH_KNOTS((1,2
    ,2,2,2,1),(-2.094395102393,0.,2.094395102393,4.188790204786,
6.28318530718,8.377580409573),.UNSPECIFIED.) CURVE() 
GEOMETRIC_REPRESENTATION_ITEM() RATIONAL_B_SPLINE_CURVE((1.,0.5,1.,0.5,
1.,0.5,1.)) REPRESENTATION_ITEM('') );
#1792 = CARTESIAN_POINT('',(-7.028249850029E-15,6.398711305964));
#1793 = CARTESIAN_POINT('',(-2.338268590218,6.398711305964));
#1794 = CARTESIAN_POINT('',(-1.169134295109,8.423711305964));
#1795 = CARTESIAN_POINT('',(-1.489534828748E-14,10.448711305964));
#1796 = CARTESIAN_POINT('',(1.169134295109,8.423711305964));
#1797 = CARTESIAN_POINT('',(2.338268590218,6.398711305964));
#1798 = CARTESIAN_POINT('',(-7.028249850029E-15,6.398711305964));
#1799 = ( GEOMETRIC_REPRESENTATION_CONTEXT(2) 
PARAMETRIC_REPRESENTATION_CONTEXT() REPRESENTATION_CONTEXT('2D SPACE',''
  ) );
#1800 = ORIENTED_EDGE('',*,*,#1801,.F.);
#1801 = EDGE_CURVE('',#422,#1774,#1802,.T.);
#1802 = SURFACE_CURVE('',#1803,(#1807,#1814),.PCURVE_S1.);
#1803 = LINE('',#1804,#1805);
#1804 = CARTESIAN_POINT('',(-6.25,248.85,58.456714755448));
#1805 = VECTOR('',#1806,1.);
#1806 = DIRECTION('',(-0.353553390593,-0.707106781187,0.612372435696));
#1807 = PCURVE('',#1754,#1808);
#1808 = DEFINITIONAL_REPRESENTATION('',(#1809),#1813);
#1809 = LINE('',#1810,#1811);
#1810 = CARTESIAN_POINT('',(3.14159265359,-7.850462293419E-17));
#1811 = VECTOR('',#1812,1.);
#1812 = DIRECTION('',(0.,1.));
#1813 = ( GEOMETRIC_REPRESENTATION_CONTEXT(2) 
PARAMETRIC_REPRESENTATION_CONTEXT() REPRESENTATION_CONTEXT('2D SPACE',''
  ) );
#1814 = PCURVE('',#459,#1815);
#1815 = DEFINITIONAL_REPRESENTATION('',(#1816),#1820);
#1816 = LINE('',#1817,#1818);
#1817 = CARTESIAN_POINT('',(3.14159265359,-7.850462293419E-17));
#1818 = VECTOR('',#1819,1.);
#1819 = DIRECTION('',(0.,1.));
#1820 = ( GEOMETRIC_REPRESENTATION_CONTEXT(2) 
PARAMETRIC_REPRESENTATION_CONTEXT() REPRESENTATION_CONTEXT('2D SPACE',''
  ) );
#1821 = ORIENTED_EDGE('',*,*,#1822,.T.);
#1822 = EDGE_CURVE('',#422,#358,#1823,.T.);
#1823 = SURFACE_CURVE('',#1824,(#1829,#1836),.PCURVE_S1.);
#1824 = CIRCLE('',#1825,1.25);
#1825 = AXIS2_PLACEMENT_3D('',#1826,#1827,#1828);
#1826 = CARTESIAN_POINT('',(-5.75,248.6,57.590689351664));
#1827 = DIRECTION('',(1.018162937821E-15,-1.,7.027497613041E-15));
#1828 = DIRECTION('',(0.5,-5.576909989017E-15,-0.866025403784));
#1829 = PCURVE('',#1754,#1830);
#1830 = DEFINITIONAL_REPRESENTATION('',(#1831),#1835);
#1831 = LINE('',#1832,#1833);
#1832 = CARTESIAN_POINT('',(1.7763568394E-15,0.25));
#1833 = VECTOR('',#1834,1.);
#1834 = DIRECTION('',(1.,0.));
#1835 = ( GEOMETRIC_REPRESENTATION_CONTEXT(2) 
PARAMETRIC_REPRESENTATION_CONTEXT() REPRESENTATION_CONTEXT('2D SPACE',''
  ) );
#1836 = PCURVE('',#380,#1837);
#1837 = DEFINITIONAL_REPRESENTATION('',(#1838),#1842);
#1838 = LINE('',#1839,#1840);
#1839 = CARTESIAN_POINT('',(6.28318530718,0.));
#1840 = VECTOR('',#1841,1.);
#1841 = DIRECTION('',(-1.,0.));
#1842 = ( GEOMETRIC_REPRESENTATION_CONTEXT(2) 
PARAMETRIC_REPRESENTATION_CONTEXT() REPRESENTATION_CONTEXT('2D SPACE',''
  ) );
#1843 = ADVANCED_FACE('',(#1844),#1856,.F.);
#1844 = FACE_BOUND('',#1845,.F.);
#1845 = EDGE_LOOP('',(#1846,#1874,#1902,#1923));
#1846 = ORIENTED_EDGE('',*,*,#1847,.T.);
#1847 = EDGE_CURVE('',#826,#1848,#1850,.T.);
#1848 = VERTEX_POINT('',#1849);
#1849 = CARTESIAN_POINT('',(-5.075,248.5,36.502970769512));
#1850 = SURFACE_CURVE('',#1851,(#1855,#1867),.PCURVE_S1.);
#1851 = LINE('',#1852,#1853);
#1852 = CARTESIAN_POINT('',(-5.25,248.85,36.806079660837));
#1853 = VECTOR('',#1854,1.);
#1854 = DIRECTION('',(0.353553390593,-0.707106781187,-0.612372435696));
#1855 = PCURVE('',#1856,#1861);
#1856 = CONICAL_SURFACE('',#1857,1.,0.785398163397);
#1857 = AXIS2_PLACEMENT_3D('',#1858,#1859,#1860);
#1858 = CARTESIAN_POINT('',(-5.75,248.85,37.672105064621));
#1859 = DIRECTION('',(8.969183784631E-16,-1.,6.970583632014E-15));
#1860 = DIRECTION('',(0.5,-5.588243315296E-15,-0.866025403784));
#1861 = DEFINITIONAL_REPRESENTATION('',(#1862),#1866);
#1862 = LINE('',#1863,#1864);
#1863 = CARTESIAN_POINT('',(6.28318530718,-3.925231146709E-17));
#1864 = VECTOR('',#1865,1.);
#1865 = DIRECTION('',(0.,1.));
#1866 = ( GEOMETRIC_REPRESENTATION_CONTEXT(2) 
PARAMETRIC_REPRESENTATION_CONTEXT() REPRESENTATION_CONTEXT('2D SPACE',''
  ) );
#1867 = PCURVE('',#927,#1868);
#1868 = DEFINITIONAL_REPRESENTATION('',(#1869),#1873);
#1869 = LINE('',#1870,#1871);
#1870 = CARTESIAN_POINT('',(0.,-3.925231146709E-17));
#1871 = VECTOR('',#1872,1.);
#1872 = DIRECTION('',(0.,1.));
#1873 = ( GEOMETRIC_REPRESENTATION_CONTEXT(2) 
PARAMETRIC_REPRESENTATION_CONTEXT() REPRESENTATION_CONTEXT('2D SPACE',''
  ) );
#1874 = ORIENTED_EDGE('',*,*,#1875,.T.);
#1875 = EDGE_CURVE('',#1848,#1876,#1878,.T.);
#1876 = VERTEX_POINT('',#1877);
#1877 = CARTESIAN_POINT('',(-6.425,248.5,38.84123935973));
#1878 = SURFACE_CURVE('',#1879,(#1884,#1891),.PCURVE_S1.);
#1879 = CIRCLE('',#1880,1.35);
#1880 = AXIS2_PLACEMENT_3D('',#1881,#1882,#1883);
#1881 = CARTESIAN_POINT('',(-5.75,248.5,37.672105064621));
#1882 = DIRECTION('',(-8.969183784631E-16,1.,-6.970583632014E-15));
#1883 = DIRECTION('',(0.5,-5.588243315296E-15,-0.866025403784));
#1884 = PCURVE('',#1856,#1885);
#1885 = DEFINITIONAL_REPRESENTATION('',(#1886),#1890);
#1886 = LINE('',#1887,#1888);
#1887 = CARTESIAN_POINT('',(6.28318530718,0.35));
#1888 = VECTOR('',#1889,1.);
#1889 = DIRECTION('',(-1.,0.));
#1890 = ( GEOMETRIC_REPRESENTATION_CONTEXT(2) 
PARAMETRIC_REPRESENTATION_CONTEXT() REPRESENTATION_CONTEXT('2D SPACE',''
  ) );
#1891 = PCURVE('',#45,#1892);
#1892 = DEFINITIONAL_REPRESENTATION('',(#1893),#1901);
#1893 = ( BOUNDED_CURVE() B_SPLINE_CURVE(2,(#1894,#1895,#1896,#1897,
#1898,#1899,#1900),.UNSPECIFIED.,.T.,.F.) B_SPLINE_CURVE_WITH_KNOTS((1,2
    ,2,2,2,1),(-2.094395102393,0.,2.094395102393,4.188790204786,
6.28318530718,8.377580409573),.UNSPECIFIED.) CURVE() 
GEOMETRIC_REPRESENTATION_ITEM() RATIONAL_B_SPLINE_CURVE((1.,0.5,1.,0.5,
1.,0.5,1.)) REPRESENTATION_ITEM('') );
#1894 = CARTESIAN_POINT('',(-9.959292143521,-10.85128869403));
#1895 = CARTESIAN_POINT('',(-12.29756073373,-10.85128869403));
#1896 = CARTESIAN_POINT('',(-11.12842643863,-8.826288694036));
#1897 = CARTESIAN_POINT('',(-9.959292143521,-6.801288694036));
#1898 = CARTESIAN_POINT('',(-8.790157848412,-8.826288694036));
#1899 = CARTESIAN_POINT('',(-7.621023553303,-10.85128869403));
#1900 = CARTESIAN_POINT('',(-9.959292143521,-10.85128869403));
#1901 = ( GEOMETRIC_REPRESENTATION_CONTEXT(2) 
PARAMETRIC_REPRESENTATION_CONTEXT() REPRESENTATION_CONTEXT('2D SPACE',''
  ) );
#1902 = ORIENTED_EDGE('',*,*,#1903,.F.);
#1903 = EDGE_CURVE('',#890,#1876,#1904,.T.);
#1904 = SURFACE_CURVE('',#1905,(#1909,#1916),.PCURVE_S1.);
#1905 = LINE('',#1906,#1907);
#1906 = CARTESIAN_POINT('',(-6.25,248.85,38.538130468406));
#1907 = VECTOR('',#1908,1.);
#1908 = DIRECTION('',(-0.353553390593,-0.707106781187,0.612372435696));
#1909 = PCURVE('',#1856,#1910);
#1910 = DEFINITIONAL_REPRESENTATION('',(#1911),#1915);
#1911 = LINE('',#1912,#1913);
#1912 = CARTESIAN_POINT('',(3.14159265359,-7.850462293419E-17));
#1913 = VECTOR('',#1914,1.);
#1914 = DIRECTION('',(0.,1.));
#1915 = ( GEOMETRIC_REPRESENTATION_CONTEXT(2) 
PARAMETRIC_REPRESENTATION_CONTEXT() REPRESENTATION_CONTEXT('2D SPACE',''
  ) );
#1916 = PCURVE('',#927,#1917);
#1917 = DEFINITIONAL_REPRESENTATION('',(#1918),#1922);
#1918 = LINE('',#1919,#1920);
#1919 = CARTESIAN_POINT('',(3.14159265359,-7.850462293419E-17));
#1920 = VECTOR('',#1921,1.);
#1921 = DIRECTION('',(0.,1.));
#1922 = ( GEOMETRIC_REPRESENTATION_CONTEXT(2) 
PARAMETRIC_REPRESENTATION_CONTEXT() REPRESENTATION_CONTEXT('2D SPACE',''
  ) );
#1923 = ORIENTED_EDGE('',*,*,#1924,.T.);
#1924 = EDGE_CURVE('',#890,#826,#1925,.T.);
#1925 = SURFACE_CURVE('',#1926,(#1931,#1938),.PCURVE_S1.);
#1926 = CIRCLE('',#1927,1.25);
#1927 = AXIS2_PLACEMENT_3D('',#1928,#1929,#1930);
#1928 = CARTESIAN_POINT('',(-5.75,248.6,37.672105064621));
#1929 = DIRECTION('',(1.060491212535E-15,-1.,7.040537975867E-15));
#1930 = DIRECTION('',(0.5,-5.567039137142E-15,-0.866025403784));
#1931 = PCURVE('',#1856,#1932);
#1932 = DEFINITIONAL_REPRESENTATION('',(#1933),#1937);
#1933 = LINE('',#1934,#1935);
#1934 = CARTESIAN_POINT('',(-2.6645352591E-15,0.25));
#1935 = VECTOR('',#1936,1.);
#1936 = DIRECTION('',(1.,0.));
#1937 = ( GEOMETRIC_REPRESENTATION_CONTEXT(2) 
PARAMETRIC_REPRESENTATION_CONTEXT() REPRESENTATION_CONTEXT('2D SPACE',''
  ) );
#1938 = PCURVE('',#848,#1939);
#1939 = DEFINITIONAL_REPRESENTATION('',(#1940),#1944);
#1940 = LINE('',#1941,#1942);
#1941 = CARTESIAN_POINT('',(6.28318530718,-2.081668171172E-16));
#1942 = VECTOR('',#1943,1.);
#1943 = DIRECTION('',(-1.,4.417437057588E-17));
#1944 = ( GEOMETRIC_REPRESENTATION_CONTEXT(2) 
PARAMETRIC_REPRESENTATION_CONTEXT() REPRESENTATION_CONTEXT('2D SPACE',''
  ) );
#1945 = ADVANCED_FACE('',(#1946),#1958,.F.);
#1946 = FACE_BOUND('',#1947,.F.);
#1947 = EDGE_LOOP('',(#1948,#1976,#2004,#2025));
#1948 = ORIENTED_EDGE('',*,*,#1949,.T.);
#1949 = EDGE_CURVE('',#709,#1950,#1952,.T.);
#1950 = VERTEX_POINT('',#1951);
#1951 = CARTESIAN_POINT('',(12.175,248.5,46.462262913034));
#1952 = SURFACE_CURVE('',#1953,(#1957,#1969),.PCURVE_S1.);
#1953 = LINE('',#1954,#1955);
#1954 = CARTESIAN_POINT('',(12.,248.85,46.765371804358));
#1955 = VECTOR('',#1956,1.);
#1956 = DIRECTION('',(0.353553390593,-0.707106781187,-0.612372435696));
#1957 = PCURVE('',#1958,#1963);
#1958 = CONICAL_SURFACE('',#1959,1.,0.785398163397);
#1959 = AXIS2_PLACEMENT_3D('',#1960,#1961,#1962);
#1960 = CARTESIAN_POINT('',(11.5,248.85,47.631397208143));
#1961 = DIRECTION('',(8.969183784631E-16,-1.,6.970583632014E-15));
#1962 = DIRECTION('',(0.5,-5.588243315296E-15,-0.866025403784));
#1963 = DEFINITIONAL_REPRESENTATION('',(#1964),#1968);
#1964 = LINE('',#1965,#1966);
#1965 = CARTESIAN_POINT('',(6.28318530718,-3.925231146709E-17));
#1966 = VECTOR('',#1967,1.);
#1967 = DIRECTION('',(0.,1.));
#1968 = ( GEOMETRIC_REPRESENTATION_CONTEXT(2) 
PARAMETRIC_REPRESENTATION_CONTEXT() REPRESENTATION_CONTEXT('2D SPACE',''
  ) );
#1969 = PCURVE('',#810,#1970);
#1970 = DEFINITIONAL_REPRESENTATION('',(#1971),#1975);
#1971 = LINE('',#1972,#1973);
#1972 = CARTESIAN_POINT('',(0.,-3.925231146709E-17));
#1973 = VECTOR('',#1974,1.);
#1974 = DIRECTION('',(0.,1.));
#1975 = ( GEOMETRIC_REPRESENTATION_CONTEXT(2) 
PARAMETRIC_REPRESENTATION_CONTEXT() REPRESENTATION_CONTEXT('2D SPACE',''
  ) );
#1976 = ORIENTED_EDGE('',*,*,#1977,.T.);
#1977 = EDGE_CURVE('',#1950,#1978,#1980,.T.);
#1978 = VERTEX_POINT('',#1979);
#1979 = CARTESIAN_POINT('',(10.825,248.5,48.800531503252));
#1980 = SURFACE_CURVE('',#1981,(#1986,#1993),.PCURVE_S1.);
#1981 = CIRCLE('',#1982,1.35);
#1982 = AXIS2_PLACEMENT_3D('',#1983,#1984,#1985);
#1983 = CARTESIAN_POINT('',(11.5,248.5,47.631397208143));
#1984 = DIRECTION('',(-8.969183784631E-16,1.,-6.970583632014E-15));
#1985 = DIRECTION('',(0.5,-5.588243315296E-15,-0.866025403784));
#1986 = PCURVE('',#1958,#1987);
#1987 = DEFINITIONAL_REPRESENTATION('',(#1988),#1992);
#1988 = LINE('',#1989,#1990);
#1989 = CARTESIAN_POINT('',(6.28318530718,0.35));
#1990 = VECTOR('',#1991,1.);
#1991 = DIRECTION('',(-1.,0.));
#1992 = ( GEOMETRIC_REPRESENTATION_CONTEXT(2) 
PARAMETRIC_REPRESENTATION_CONTEXT() REPRESENTATION_CONTEXT('2D SPACE',''
  ) );
#1993 = PCURVE('',#45,#1994);
#1994 = DEFINITIONAL_REPRESENTATION('',(#1995),#2003);
#1995 = ( BOUNDED_CURVE() B_SPLINE_CURVE(2,(#1996,#1997,#1998,#1999,
#2000,#2001,#2002),.UNSPECIFIED.,.T.,.F.) B_SPLINE_CURVE_WITH_KNOTS((1,2
    ,2,2,2,1),(-2.094395102393,0.,2.094395102393,4.188790204786,
6.28318530718,8.377580409573),.UNSPECIFIED.) CURVE() 
GEOMETRIC_REPRESENTATION_ITEM() RATIONAL_B_SPLINE_CURVE((1.,0.5,1.,0.5,
1.,0.5,1.)) REPRESENTATION_ITEM('') );
#1996 = CARTESIAN_POINT('',(9.959292143521,-10.85128869403));
#1997 = CARTESIAN_POINT('',(7.621023553303,-10.85128869403));
#1998 = CARTESIAN_POINT('',(8.790157848412,-8.826288694036));
#1999 = CARTESIAN_POINT('',(9.959292143521,-6.801288694036));
#2000 = CARTESIAN_POINT('',(11.12842643863,-8.826288694036));
#2001 = CARTESIAN_POINT('',(12.297560733739,-10.85128869403));
#2002 = CARTESIAN_POINT('',(9.959292143521,-10.85128869403));
#2003 = ( GEOMETRIC_REPRESENTATION_CONTEXT(2) 
PARAMETRIC_REPRESENTATION_CONTEXT() REPRESENTATION_CONTEXT('2D SPACE',''
  ) );
#2004 = ORIENTED_EDGE('',*,*,#2005,.F.);
#2005 = EDGE_CURVE('',#773,#1978,#2006,.T.);
#2006 = SURFACE_CURVE('',#2007,(#2011,#2018),.PCURVE_S1.);
#2007 = LINE('',#2008,#2009);
#2008 = CARTESIAN_POINT('',(11.,248.85,48.497422611927));
#2009 = VECTOR('',#2010,1.);
#2010 = DIRECTION('',(-0.353553390593,-0.707106781187,0.612372435696));
#2011 = PCURVE('',#1958,#2012);
#2012 = DEFINITIONAL_REPRESENTATION('',(#2013),#2017);
#2013 = LINE('',#2014,#2015);
#2014 = CARTESIAN_POINT('',(3.14159265359,-7.850462293419E-17));
#2015 = VECTOR('',#2016,1.);
#2016 = DIRECTION('',(0.,1.));
#2017 = ( GEOMETRIC_REPRESENTATION_CONTEXT(2) 
PARAMETRIC_REPRESENTATION_CONTEXT() REPRESENTATION_CONTEXT('2D SPACE',''
  ) );
#2018 = PCURVE('',#810,#2019);
#2019 = DEFINITIONAL_REPRESENTATION('',(#2020),#2024);
#2020 = LINE('',#2021,#2022);
#2021 = CARTESIAN_POINT('',(3.14159265359,-7.850462293419E-17));
#2022 = VECTOR('',#2023,1.);
#2023 = DIRECTION('',(0.,1.));
#2024 = ( GEOMETRIC_REPRESENTATION_CONTEXT(2) 
PARAMETRIC_REPRESENTATION_CONTEXT() REPRESENTATION_CONTEXT('2D SPACE',''
  ) );
#2025 = ORIENTED_EDGE('',*,*,#2026,.T.);
#2026 = EDGE_CURVE('',#773,#709,#2027,.T.);
#2027 = SURFACE_CURVE('',#2028,(#2033,#2040),.PCURVE_S1.);
#2028 = CIRCLE('',#2029,1.25);
#2029 = AXIS2_PLACEMENT_3D('',#2030,#2031,#2032);
#2030 = CARTESIAN_POINT('',(11.5,248.6,47.631397208143));
#2031 = DIRECTION('',(1.060491212535E-15,-1.,7.040537975867E-15));
#2032 = DIRECTION('',(0.5,-5.567039137142E-15,-0.866025403784));
#2033 = PCURVE('',#1958,#2034);
#2034 = DEFINITIONAL_REPRESENTATION('',(#2035),#2039);
#2035 = LINE('',#2036,#2037);
#2036 = CARTESIAN_POINT('',(2.6645352591E-15,0.25));
#2037 = VECTOR('',#2038,1.);
#2038 = DIRECTION('',(1.,0.));
#2039 = ( GEOMETRIC_REPRESENTATION_CONTEXT(2) 
PARAMETRIC_REPRESENTATION_CONTEXT() REPRESENTATION_CONTEXT('2D SPACE',''
  ) );
#2040 = PCURVE('',#731,#2041);
#2041 = DEFINITIONAL_REPRESENTATION('',(#2042),#2046);
#2042 = LINE('',#2043,#2044);
#2043 = CARTESIAN_POINT('',(6.28318530718,-2.081668171172E-16));
#2044 = VECTOR('',#2045,1.);
#2045 = DIRECTION('',(-1.,4.417437057588E-17));
#2046 = ( GEOMETRIC_REPRESENTATION_CONTEXT(2) 
PARAMETRIC_REPRESENTATION_CONTEXT() REPRESENTATION_CONTEXT('2D SPACE',''
  ) );
#2047 = ADVANCED_FACE('',(#2048),#2060,.F.);
#2048 = FACE_BOUND('',#2049,.F.);
#2049 = EDGE_LOOP('',(#2050,#2078,#2106,#2127));
#2050 = ORIENTED_EDGE('',*,*,#2051,.T.);
#2051 = EDGE_CURVE('',#475,#2052,#2054,.T.);
#2052 = VERTEX_POINT('',#2053);
#2053 = CARTESIAN_POINT('',(-9.825,248.5,46.462262913034));
#2054 = SURFACE_CURVE('',#2055,(#2059,#2071),.PCURVE_S1.);
#2055 = LINE('',#2056,#2057);
#2056 = CARTESIAN_POINT('',(-10.,248.85,46.765371804358));
#2057 = VECTOR('',#2058,1.);
#2058 = DIRECTION('',(0.353553390593,-0.707106781187,-0.612372435696));
#2059 = PCURVE('',#2060,#2065);
#2060 = CONICAL_SURFACE('',#2061,1.,0.785398163397);
#2061 = AXIS2_PLACEMENT_3D('',#2062,#2063,#2064);
#2062 = CARTESIAN_POINT('',(-10.5,248.85,47.631397208143));
#2063 = DIRECTION('',(8.1577006208E-16,-1.,7.111136638938E-15));
#2064 = DIRECTION('',(0.5,-5.750539948063E-15,-0.866025403784));
#2065 = DEFINITIONAL_REPRESENTATION('',(#2066),#2070);
#2066 = LINE('',#2067,#2068);
#2067 = CARTESIAN_POINT('',(6.28318530718,3.925231146709E-17));
#2068 = VECTOR('',#2069,1.);
#2069 = DIRECTION('',(0.,1.));
#2070 = ( GEOMETRIC_REPRESENTATION_CONTEXT(2) 
PARAMETRIC_REPRESENTATION_CONTEXT() REPRESENTATION_CONTEXT('2D SPACE',''
  ) );
#2071 = PCURVE('',#576,#2072);
#2072 = DEFINITIONAL_REPRESENTATION('',(#2073),#2077);
#2073 = LINE('',#2074,#2075);
#2074 = CARTESIAN_POINT('',(0.,3.925231146709E-17));
#2075 = VECTOR('',#2076,1.);
#2076 = DIRECTION('',(0.,1.));
#2077 = ( GEOMETRIC_REPRESENTATION_CONTEXT(2) 
PARAMETRIC_REPRESENTATION_CONTEXT() REPRESENTATION_CONTEXT('2D SPACE',''
  ) );
#2078 = ORIENTED_EDGE('',*,*,#2079,.T.);
#2079 = EDGE_CURVE('',#2052,#2080,#2082,.T.);
#2080 = VERTEX_POINT('',#2081);
#2081 = CARTESIAN_POINT('',(-11.175,248.5,48.800531503251));
#2082 = SURFACE_CURVE('',#2083,(#2088,#2095),.PCURVE_S1.);
#2083 = CIRCLE('',#2084,1.35);
#2084 = AXIS2_PLACEMENT_3D('',#2085,#2086,#2087);
#2085 = CARTESIAN_POINT('',(-10.5,248.5,47.631397208143));
#2086 = DIRECTION('',(-8.969183784631E-16,1.,-6.970583632014E-15));
#2087 = DIRECTION('',(0.5,-5.588243315296E-15,-0.866025403784));
#2088 = PCURVE('',#2060,#2089);
#2089 = DEFINITIONAL_REPRESENTATION('',(#2090),#2094);
#2090 = LINE('',#2091,#2092);
#2091 = CARTESIAN_POINT('',(6.28318530718,0.35));
#2092 = VECTOR('',#2093,1.);
#2093 = DIRECTION('',(-1.,0.));
#2094 = ( GEOMETRIC_REPRESENTATION_CONTEXT(2) 
PARAMETRIC_REPRESENTATION_CONTEXT() REPRESENTATION_CONTEXT('2D SPACE',''
  ) );
#2095 = PCURVE('',#45,#2096);
#2096 = DEFINITIONAL_REPRESENTATION('',(#2097),#2105);
#2097 = ( BOUNDED_CURVE() B_SPLINE_CURVE(2,(#2098,#2099,#2100,#2101,
#2102,#2103,#2104),.UNSPECIFIED.,.T.,.F.) B_SPLINE_CURVE_WITH_KNOTS((1,2
    ,2,2,2,1),(-2.094395102393,0.,2.094395102393,4.188790204786,
6.28318530718,8.377580409573),.UNSPECIFIED.) CURVE() 
GEOMETRIC_REPRESENTATION_ITEM() RATIONAL_B_SPLINE_CURVE((1.,0.5,1.,0.5,
1.,0.5,1.)) REPRESENTATION_ITEM('') );
#2098 = CARTESIAN_POINT('',(-9.093266739737,0.148711305964));
#2099 = CARTESIAN_POINT('',(-11.43153532995,0.148711305964));
#2100 = CARTESIAN_POINT('',(-10.26240103484,2.173711305964));
#2101 = CARTESIAN_POINT('',(-9.093266739737,4.198711305964));
#2102 = CARTESIAN_POINT('',(-7.924132444628,2.173711305964));
#2103 = CARTESIAN_POINT('',(-6.754998149519,0.148711305964));
#2104 = CARTESIAN_POINT('',(-9.093266739737,0.148711305964));
#2105 = ( GEOMETRIC_REPRESENTATION_CONTEXT(2) 
PARAMETRIC_REPRESENTATION_CONTEXT() REPRESENTATION_CONTEXT('2D SPACE',''
  ) );
#2106 = ORIENTED_EDGE('',*,*,#2107,.F.);
#2107 = EDGE_CURVE('',#539,#2080,#2108,.T.);
#2108 = SURFACE_CURVE('',#2109,(#2113,#2120),.PCURVE_S1.);
#2109 = LINE('',#2110,#2111);
#2110 = CARTESIAN_POINT('',(-11.,248.85,48.497422611927));
#2111 = VECTOR('',#2112,1.);
#2112 = DIRECTION('',(-0.353553390593,-0.707106781187,0.612372435696));
#2113 = PCURVE('',#2060,#2114);
#2114 = DEFINITIONAL_REPRESENTATION('',(#2115),#2119);
#2115 = LINE('',#2116,#2117);
#2116 = CARTESIAN_POINT('',(3.14159265359,-7.850462293419E-17));
#2117 = VECTOR('',#2118,1.);
#2118 = DIRECTION('',(0.,1.));
#2119 = ( GEOMETRIC_REPRESENTATION_CONTEXT(2) 
PARAMETRIC_REPRESENTATION_CONTEXT() REPRESENTATION_CONTEXT('2D SPACE',''
  ) );
#2120 = PCURVE('',#576,#2121);
#2121 = DEFINITIONAL_REPRESENTATION('',(#2122),#2126);
#2122 = LINE('',#2123,#2124);
#2123 = CARTESIAN_POINT('',(3.14159265359,-7.850462293419E-17));
#2124 = VECTOR('',#2125,1.);
#2125 = DIRECTION('',(0.,1.));
#2126 = ( GEOMETRIC_REPRESENTATION_CONTEXT(2) 
PARAMETRIC_REPRESENTATION_CONTEXT() REPRESENTATION_CONTEXT('2D SPACE',''
  ) );
#2127 = ORIENTED_EDGE('',*,*,#2128,.T.);
#2128 = EDGE_CURVE('',#539,#475,#2129,.T.);
#2129 = SURFACE_CURVE('',#2130,(#2135,#2142),.PCURVE_S1.);
#2130 = CIRCLE('',#2131,1.25);
#2131 = AXIS2_PLACEMENT_3D('',#2132,#2133,#2134);
#2132 = CARTESIAN_POINT('',(-10.5,248.6,47.631397208143));
#2133 = DIRECTION('',(1.055129247073E-15,-1.,7.041974710182E-15));
#2134 = DIRECTION('',(0.5,-5.570964368289E-15,-0.866025403784));
#2135 = PCURVE('',#2060,#2136);
#2136 = DEFINITIONAL_REPRESENTATION('',(#2137),#2141);
#2137 = LINE('',#2138,#2139);
#2138 = CARTESIAN_POINT('',(0.,0.25));
#2139 = VECTOR('',#2140,1.);
#2140 = DIRECTION('',(1.,-7.496639277325E-17));
#2141 = ( GEOMETRIC_REPRESENTATION_CONTEXT(2) 
PARAMETRIC_REPRESENTATION_CONTEXT() REPRESENTATION_CONTEXT('2D SPACE',''
  ) );
#2142 = PCURVE('',#497,#2143);
#2143 = DEFINITIONAL_REPRESENTATION('',(#2144),#2148);
#2144 = LINE('',#2145,#2146);
#2145 = CARTESIAN_POINT('',(6.28318530718,-2.081668171172E-16));
#2146 = VECTOR('',#2147,1.);
#2147 = DIRECTION('',(-1.,4.417437057588E-17));
#2148 = ( GEOMETRIC_REPRESENTATION_CONTEXT(2) 
PARAMETRIC_REPRESENTATION_CONTEXT() REPRESENTATION_CONTEXT('2D SPACE',''
  ) );
#2149 = ADVANCED_FACE('',(#2150),#2162,.F.);
#2150 = FACE_BOUND('',#2151,.F.);
#2151 = EDGE_LOOP('',(#2152,#2180,#2208,#2229));
#2152 = ORIENTED_EDGE('',*,*,#2153,.T.);
#2153 = EDGE_CURVE('',#943,#2154,#2156,.T.);
#2154 = VERTEX_POINT('',#2155);
#2155 = CARTESIAN_POINT('',(5.925,248.5,37.368996173297));
#2156 = SURFACE_CURVE('',#2157,(#2161,#2173),.PCURVE_S1.);
#2157 = LINE('',#2158,#2159);
#2158 = CARTESIAN_POINT('',(5.75,248.85,37.672105064622));
#2159 = VECTOR('',#2160,1.);
#2160 = DIRECTION('',(0.353553390593,-0.707106781187,-0.612372435696));
#2161 = PCURVE('',#2162,#2167);
#2162 = CONICAL_SURFACE('',#2163,1.,0.785398163397);
#2163 = AXIS2_PLACEMENT_3D('',#2164,#2165,#2166);
#2164 = CARTESIAN_POINT('',(5.25,248.85,38.538130468406));
#2165 = DIRECTION('',(8.969183784631E-16,-1.,6.970583632014E-15));
#2166 = DIRECTION('',(0.5,-5.588243315296E-15,-0.866025403784));
#2167 = DEFINITIONAL_REPRESENTATION('',(#2168),#2172);
#2168 = LINE('',#2169,#2170);
#2169 = CARTESIAN_POINT('',(6.28318530718,3.925231146709E-17));
#2170 = VECTOR('',#2171,1.);
#2171 = DIRECTION('',(0.,1.));
#2172 = ( GEOMETRIC_REPRESENTATION_CONTEXT(2) 
PARAMETRIC_REPRESENTATION_CONTEXT() REPRESENTATION_CONTEXT('2D SPACE',''
  ) );
#2173 = PCURVE('',#1044,#2174);
#2174 = DEFINITIONAL_REPRESENTATION('',(#2175),#2179);
#2175 = LINE('',#2176,#2177);
#2176 = CARTESIAN_POINT('',(0.,3.925231146709E-17));
#2177 = VECTOR('',#2178,1.);
#2178 = DIRECTION('',(0.,1.));
#2179 = ( GEOMETRIC_REPRESENTATION_CONTEXT(2) 
PARAMETRIC_REPRESENTATION_CONTEXT() REPRESENTATION_CONTEXT('2D SPACE',''
  ) );
#2180 = ORIENTED_EDGE('',*,*,#2181,.T.);
#2181 = EDGE_CURVE('',#2154,#2182,#2184,.T.);
#2182 = VERTEX_POINT('',#2183);
#2183 = CARTESIAN_POINT('',(4.575,248.5,39.707264763515));
#2184 = SURFACE_CURVE('',#2185,(#2190,#2197),.PCURVE_S1.);
#2185 = CIRCLE('',#2186,1.35);
#2186 = AXIS2_PLACEMENT_3D('',#2187,#2188,#2189);
#2187 = CARTESIAN_POINT('',(5.25,248.5,38.538130468406));
#2188 = DIRECTION('',(-8.459120649229E-16,1.,-6.939098529105E-15));
#2189 = DIRECTION('',(0.5,-5.586479573106E-15,-0.866025403784));
#2190 = PCURVE('',#2162,#2191);
#2191 = DEFINITIONAL_REPRESENTATION('',(#2192),#2196);
#2192 = LINE('',#2193,#2194);
#2193 = CARTESIAN_POINT('',(6.28318530718,0.35));
#2194 = VECTOR('',#2195,1.);
#2195 = DIRECTION('',(-1.,0.));
#2196 = ( GEOMETRIC_REPRESENTATION_CONTEXT(2) 
PARAMETRIC_REPRESENTATION_CONTEXT() REPRESENTATION_CONTEXT('2D SPACE',''
  ) );
#2197 = PCURVE('',#45,#2198);
#2198 = DEFINITIONAL_REPRESENTATION('',(#2199),#2207);
#2199 = ( BOUNDED_CURVE() B_SPLINE_CURVE(2,(#2200,#2201,#2202,#2203,
#2204,#2205,#2206),.UNSPECIFIED.,.T.,.F.) B_SPLINE_CURVE_WITH_KNOTS((1,2
    ,2,2,2,1),(-2.094395102393,0.,2.094395102393,4.188790204786,
6.28318530718,8.377580409573),.UNSPECIFIED.) CURVE() 
GEOMETRIC_REPRESENTATION_ITEM() RATIONAL_B_SPLINE_CURVE((1.,0.5,1.,0.5,
1.,0.5,1.)) REPRESENTATION_ITEM('') );
#2200 = CARTESIAN_POINT('',(-1.182217447623E-16,-15.60128869403));
#2201 = CARTESIAN_POINT('',(-2.338268590218,-15.60128869403));
#2202 = CARTESIAN_POINT('',(-1.169134295109,-13.57628869403));
#2203 = CARTESIAN_POINT('',(3.319345520309E-15,-11.55128869403));
#2204 = CARTESIAN_POINT('',(1.169134295109,-13.57628869403));
#2205 = CARTESIAN_POINT('',(2.338268590218,-15.60128869403));
#2206 = CARTESIAN_POINT('',(-1.182217447623E-16,-15.60128869403));
#2207 = ( GEOMETRIC_REPRESENTATION_CONTEXT(2) 
PARAMETRIC_REPRESENTATION_CONTEXT() REPRESENTATION_CONTEXT('2D SPACE',''
  ) );
#2208 = ORIENTED_EDGE('',*,*,#2209,.F.);
#2209 = EDGE_CURVE('',#1007,#2182,#2210,.T.);
#2210 = SURFACE_CURVE('',#2211,(#2215,#2222),.PCURVE_S1.);
#2211 = LINE('',#2212,#2213);
#2212 = CARTESIAN_POINT('',(4.75,248.85,39.40415587219));
#2213 = VECTOR('',#2214,1.);
#2214 = DIRECTION('',(-0.353553390593,-0.707106781187,0.612372435696));
#2215 = PCURVE('',#2162,#2216);
#2216 = DEFINITIONAL_REPRESENTATION('',(#2217),#2221);
#2217 = LINE('',#2218,#2219);
#2218 = CARTESIAN_POINT('',(3.14159265359,-8.63550852276E-16));
#2219 = VECTOR('',#2220,1.);
#2220 = DIRECTION('',(0.,1.));
#2221 = ( GEOMETRIC_REPRESENTATION_CONTEXT(2) 
PARAMETRIC_REPRESENTATION_CONTEXT() REPRESENTATION_CONTEXT('2D SPACE',''
  ) );
#2222 = PCURVE('',#1044,#2223);
#2223 = DEFINITIONAL_REPRESENTATION('',(#2224),#2228);
#2224 = LINE('',#2225,#2226);
#2225 = CARTESIAN_POINT('',(3.14159265359,-8.63550852276E-16));
#2226 = VECTOR('',#2227,1.);
#2227 = DIRECTION('',(0.,1.));
#2228 = ( GEOMETRIC_REPRESENTATION_CONTEXT(2) 
PARAMETRIC_REPRESENTATION_CONTEXT() REPRESENTATION_CONTEXT('2D SPACE',''
  ) );
#2229 = ORIENTED_EDGE('',*,*,#2230,.T.);
#2230 = EDGE_CURVE('',#1007,#943,#2231,.T.);
#2231 = SURFACE_CURVE('',#2232,(#2237,#2244),.PCURVE_S1.);
#2232 = CIRCLE('',#2233,1.25);
#2233 = AXIS2_PLACEMENT_3D('',#2234,#2235,#2236);
#2234 = CARTESIAN_POINT('',(5.25,248.6,38.538130468406));
#2235 = DIRECTION('',(1.018162937821E-15,-1.,7.027497613041E-15));
#2236 = DIRECTION('',(0.5,-5.576909989017E-15,-0.866025403784));
#2237 = PCURVE('',#2162,#2238);
#2238 = DEFINITIONAL_REPRESENTATION('',(#2239),#2243);
#2239 = LINE('',#2240,#2241);
#2240 = CARTESIAN_POINT('',(-3.552713678801E-15,0.25));
#2241 = VECTOR('',#2242,1.);
#2242 = DIRECTION('',(1.,-1.249439879554E-17));
#2243 = ( GEOMETRIC_REPRESENTATION_CONTEXT(2) 
PARAMETRIC_REPRESENTATION_CONTEXT() REPRESENTATION_CONTEXT('2D SPACE',''
  ) );
#2244 = PCURVE('',#965,#2245);
#2245 = DEFINITIONAL_REPRESENTATION('',(#2246),#2250);
#2246 = LINE('',#2247,#2248);
#2247 = CARTESIAN_POINT('',(6.28318530718,1.249000902703E-16));
#2248 = VECTOR('',#2249,1.);
#2249 = DIRECTION('',(-1.,-2.650462234553E-17));
#2250 = ( GEOMETRIC_REPRESENTATION_CONTEXT(2) 
PARAMETRIC_REPRESENTATION_CONTEXT() REPRESENTATION_CONTEXT('2D SPACE',''
  ) );
#2251 = ADVANCED_FACE('',(#2252),#2264,.F.);
#2252 = FACE_BOUND('',#2253,.F.);
#2253 = EDGE_LOOP('',(#2254,#2304,#2332,#2353));
#2254 = ORIENTED_EDGE('',*,*,#2255,.T.);
#2255 = EDGE_CURVE('',#592,#2256,#2258,.T.);
#2256 = VERTEX_POINT('',#2257);
#2257 = CARTESIAN_POINT('',(5.925,248.5,55.55552965277));
#2258 = SURFACE_CURVE('',#2259,(#2263,#2297),.PCURVE_S1.);
#2259 = LINE('',#2260,#2261);
#2260 = CARTESIAN_POINT('',(5.75,248.85,55.858638544095));
#2261 = VECTOR('',#2262,1.);
#2262 = DIRECTION('',(0.353553390593,-0.707106781187,-0.612372435696));
#2263 = PCURVE('',#2264,#2269);
#2264 = CONICAL_SURFACE('',#2265,1.,0.785398163397);
#2265 = AXIS2_PLACEMENT_3D('',#2266,#2267,#2268);
#2266 = CARTESIAN_POINT('',(5.25,248.85,56.724663947879));
#2267 = DIRECTION('',(8.969183784631E-16,-1.,6.970583632014E-15));
#2268 = DIRECTION('',(0.5,-5.588243315296E-15,-0.866025403784));
#2269 = DEFINITIONAL_REPRESENTATION('',(#2270),#2296);
#2270 = B_SPLINE_CURVE_WITH_KNOTS('',3,(#2271,#2272,#2273,#2274,#2275,
    #2276,#2277,#2278,#2279,#2280,#2281,#2282,#2283,#2284,#2285,#2286,
    #2287,#2288,#2289,#2290,#2291,#2292,#2293,#2294,#2295),
  .UNSPECIFIED.,.F.,.F.,(4,1,1,1,1,1,1,1,1,1,1,1,1,1,1,1,1,1,1,1,1,1,4),
  (0.353553390593,0.359981634059,0.366409877524,0.372838120989,
    0.379266364455,0.38569460792,0.392122851385,0.398551094851,
    0.404979338316,0.411407581781,0.417835825247,0.424264068712,
    0.430692312177,0.437120555643,0.443548799108,0.449977042573,
    0.456405286039,0.462833529504,0.469261772969,0.475690016435,
    0.4821182599,0.488546503365,0.494974746831),.QUASI_UNIFORM_KNOTS.);
#2271 = CARTESIAN_POINT('',(6.28318530718,0.25));
#2272 = CARTESIAN_POINT('',(6.28318530718,0.251515151515));
#2273 = CARTESIAN_POINT('',(6.28318530718,0.254545454545));
#2274 = CARTESIAN_POINT('',(6.28318530718,0.259090909091));
#2275 = CARTESIAN_POINT('',(6.28318530718,0.263636363636));
#2276 = CARTESIAN_POINT('',(6.28318530718,0.268181818182));
#2277 = CARTESIAN_POINT('',(6.28318530718,0.272727272727));
#2278 = CARTESIAN_POINT('',(6.28318530718,0.277272727273));
#2279 = CARTESIAN_POINT('',(6.28318530718,0.281818181818));
#2280 = CARTESIAN_POINT('',(6.28318530718,0.286363636364));
#2281 = CARTESIAN_POINT('',(6.28318530718,0.290909090909));
#2282 = CARTESIAN_POINT('',(6.28318530718,0.295454545455));
#2283 = CARTESIAN_POINT('',(6.28318530718,0.3));
#2284 = CARTESIAN_POINT('',(6.28318530718,0.304545454545));
#2285 = CARTESIAN_POINT('',(6.28318530718,0.309090909091));
#2286 = CARTESIAN_POINT('',(6.28318530718,0.313636363636));
#2287 = CARTESIAN_POINT('',(6.28318530718,0.318181818182));
#2288 = CARTESIAN_POINT('',(6.28318530718,0.322727272727));
#2289 = CARTESIAN_POINT('',(6.28318530718,0.327272727273));
#2290 = CARTESIAN_POINT('',(6.28318530718,0.331818181818));
#2291 = CARTESIAN_POINT('',(6.28318530718,0.336363636364));
#2292 = CARTESIAN_POINT('',(6.28318530718,0.340909090909));
#2293 = CARTESIAN_POINT('',(6.28318530718,0.345454545455));
#2294 = CARTESIAN_POINT('',(6.28318530718,0.348484848485));
#2295 = CARTESIAN_POINT('',(6.28318530718,0.35));
#2296 = ( GEOMETRIC_REPRESENTATION_CONTEXT(2) 
PARAMETRIC_REPRESENTATION_CONTEXT() REPRESENTATION_CONTEXT('2D SPACE',''
  ) );
#2297 = PCURVE('',#693,#2298);
#2298 = DEFINITIONAL_REPRESENTATION('',(#2299),#2303);
#2299 = LINE('',#2300,#2301);
#2300 = CARTESIAN_POINT('',(0.,-3.925231146709E-17));
#2301 = VECTOR('',#2302,1.);
#2302 = DIRECTION('',(0.,1.));
#2303 = ( GEOMETRIC_REPRESENTATION_CONTEXT(2) 
PARAMETRIC_REPRESENTATION_CONTEXT() REPRESENTATION_CONTEXT('2D SPACE',''
  ) );
#2304 = ORIENTED_EDGE('',*,*,#2305,.T.);
#2305 = EDGE_CURVE('',#2256,#2306,#2308,.T.);
#2306 = VERTEX_POINT('',#2307);
#2307 = CARTESIAN_POINT('',(4.575,248.5,57.893798242988));
#2308 = SURFACE_CURVE('',#2309,(#2314,#2321),.PCURVE_S1.);
#2309 = CIRCLE('',#2310,1.35);
#2310 = AXIS2_PLACEMENT_3D('',#2311,#2312,#2313);
#2311 = CARTESIAN_POINT('',(5.25,248.5,56.724663947879));
#2312 = DIRECTION('',(-8.969183784631E-16,1.,-6.970583632014E-15));
#2313 = DIRECTION('',(0.5,-5.588243315296E-15,-0.866025403784));
#2314 = PCURVE('',#2264,#2315);
#2315 = DEFINITIONAL_REPRESENTATION('',(#2316),#2320);
#2316 = LINE('',#2317,#2318);
#2317 = CARTESIAN_POINT('',(6.28318530718,0.35));
#2318 = VECTOR('',#2319,1.);
#2319 = DIRECTION('',(-1.,-6.247199397771E-17));
#2320 = ( GEOMETRIC_REPRESENTATION_CONTEXT(2) 
PARAMETRIC_REPRESENTATION_CONTEXT() REPRESENTATION_CONTEXT('2D SPACE',''
  ) );
#2321 = PCURVE('',#45,#2322);
#2322 = DEFINITIONAL_REPRESENTATION('',(#2323),#2331);
#2323 = ( BOUNDED_CURVE() B_SPLINE_CURVE(2,(#2324,#2325,#2326,#2327,
#2328,#2329,#2330),.UNSPECIFIED.,.T.,.F.) B_SPLINE_CURVE_WITH_KNOTS((1,2
    ,2,2,2,1),(-2.094395102393,0.,2.094395102393,4.188790204786,
6.28318530718,8.377580409573),.UNSPECIFIED.) CURVE() 
GEOMETRIC_REPRESENTATION_ITEM() RATIONAL_B_SPLINE_CURVE((1.,0.5,1.,0.5,
1.,0.5,1.)) REPRESENTATION_ITEM('') );
#2324 = CARTESIAN_POINT('',(9.093266739737,0.148711305964));
#2325 = CARTESIAN_POINT('',(6.754998149519,0.148711305964));
#2326 = CARTESIAN_POINT('',(7.924132444628,2.173711305964));
#2327 = CARTESIAN_POINT('',(9.093266739737,4.198711305964));
#2328 = CARTESIAN_POINT('',(10.262401034846,2.173711305964));
#2329 = CARTESIAN_POINT('',(11.431535329955,0.148711305964));
#2330 = CARTESIAN_POINT('',(9.093266739737,0.148711305964));
#2331 = ( GEOMETRIC_REPRESENTATION_CONTEXT(2) 
PARAMETRIC_REPRESENTATION_CONTEXT() REPRESENTATION_CONTEXT('2D SPACE',''
  ) );
#2332 = ORIENTED_EDGE('',*,*,#2333,.F.);
#2333 = EDGE_CURVE('',#656,#2306,#2334,.T.);
#2334 = SURFACE_CURVE('',#2335,(#2339,#2346),.PCURVE_S1.);
#2335 = LINE('',#2336,#2337);
#2336 = CARTESIAN_POINT('',(4.75,248.85,57.590689351664));
#2337 = VECTOR('',#2338,1.);
#2338 = DIRECTION('',(-0.353553390593,-0.707106781187,0.612372435696));
#2339 = PCURVE('',#2264,#2340);
#2340 = DEFINITIONAL_REPRESENTATION('',(#2341),#2345);
#2341 = LINE('',#2342,#2343);
#2342 = CARTESIAN_POINT('',(3.14159265359,3.532708032039E-16));
#2343 = VECTOR('',#2344,1.);
#2344 = DIRECTION('',(-1.33226762955E-14,1.));
#2345 = ( GEOMETRIC_REPRESENTATION_CONTEXT(2) 
PARAMETRIC_REPRESENTATION_CONTEXT() REPRESENTATION_CONTEXT('2D SPACE',''
  ) );
#2346 = PCURVE('',#693,#2347);
#2347 = DEFINITIONAL_REPRESENTATION('',(#2348),#2352);
#2348 = LINE('',#2349,#2350);
#2349 = CARTESIAN_POINT('',(3.14159265359,3.532708032039E-16));
#2350 = VECTOR('',#2351,1.);
#2351 = DIRECTION('',(-1.33226762955E-14,1.));
#2352 = ( GEOMETRIC_REPRESENTATION_CONTEXT(2) 
PARAMETRIC_REPRESENTATION_CONTEXT() REPRESENTATION_CONTEXT('2D SPACE',''
  ) );
#2353 = ORIENTED_EDGE('',*,*,#2354,.T.);
#2354 = EDGE_CURVE('',#656,#592,#2355,.T.);
#2355 = SURFACE_CURVE('',#2356,(#2361,#2368),.PCURVE_S1.);
#2356 = CIRCLE('',#2357,1.25);
#2357 = AXIS2_PLACEMENT_3D('',#2358,#2359,#2360);
#2358 = CARTESIAN_POINT('',(5.25,248.6,56.724663947879));
#2359 = DIRECTION('',(1.055129247073E-15,-1.,7.041974710182E-15));
#2360 = DIRECTION('',(0.5,-5.570964368289E-15,-0.866025403784));
#2361 = PCURVE('',#2264,#2362);
#2362 = DEFINITIONAL_REPRESENTATION('',(#2363),#2367);
#2363 = LINE('',#2364,#2365);
#2364 = CARTESIAN_POINT('',(1.33226762955E-15,0.25));
#2365 = VECTOR('',#2366,1.);
#2366 = DIRECTION('',(1.,-1.249439879554E-17));
#2367 = ( GEOMETRIC_REPRESENTATION_CONTEXT(2) 
PARAMETRIC_REPRESENTATION_CONTEXT() REPRESENTATION_CONTEXT('2D SPACE',''
  ) );
#2368 = PCURVE('',#614,#2369);
#2369 = DEFINITIONAL_REPRESENTATION('',(#2370),#2374);
#2370 = LINE('',#2371,#2372);
#2371 = CARTESIAN_POINT('',(6.28318530718,-2.081668171172E-16));
#2372 = VECTOR('',#2373,1.);
#2373 = DIRECTION('',(-1.,4.417437057588E-17));
#2374 = ( GEOMETRIC_REPRESENTATION_CONTEXT(2) 
PARAMETRIC_REPRESENTATION_CONTEXT() REPRESENTATION_CONTEXT('2D SPACE',''
  ) );
#2375 = ADVANCED_FACE('',(#2376),#106,.T.);
#2376 = FACE_BOUND('',#2377,.T.);
#2377 = EDGE_LOOP('',(#2378,#2409,#2435,#2436));
#2378 = ORIENTED_EDGE('',*,*,#2379,.F.);
#2379 = EDGE_CURVE('',#2380,#2382,#2384,.T.);
#2380 = VERTEX_POINT('',#2381);
#2381 = CARTESIAN_POINT('',(7.,264.3,35.50704155516));
#2382 = VERTEX_POINT('',#2383);
#2383 = CARTESIAN_POINT('',(-7.,264.3,59.755752861125));
#2384 = SURFACE_CURVE('',#2385,(#2390,#2397),.PCURVE_S1.);
#2385 = CIRCLE('',#2386,14.);
#2386 = AXIS2_PLACEMENT_3D('',#2387,#2388,#2389);
#2387 = CARTESIAN_POINT('',(-2.326064461158E-14,264.3,47.631397208142));
#2388 = DIRECTION('',(-8.969183784631E-16,1.,-6.970583632014E-15));
#2389 = DIRECTION('',(-0.5,5.588243315296E-15,0.866025403784));
#2390 = PCURVE('',#106,#2391);
#2391 = DEFINITIONAL_REPRESENTATION('',(#2392),#2396);
#2392 = LINE('',#2393,#2394);
#2393 = CARTESIAN_POINT('',(6.28318530718,0.2));
#2394 = VECTOR('',#2395,1.);
#2395 = DIRECTION('',(-1.,0.));
#2396 = ( GEOMETRIC_REPRESENTATION_CONTEXT(2) 
PARAMETRIC_REPRESENTATION_CONTEXT() REPRESENTATION_CONTEXT('2D SPACE',''
  ) );
#2397 = PCURVE('',#2398,#2403);
#2398 = CONICAL_SURFACE('',#2399,13.8,0.785398163397);
#2399 = AXIS2_PLACEMENT_3D('',#2400,#2401,#2402);
#2400 = CARTESIAN_POINT('',(-1.920419574272E-14,264.5,47.631397208142));
#2401 = DIRECTION('',(8.969183784631E-16,-1.,6.970583632014E-15));
#2402 = DIRECTION('',(-0.5,5.588243315296E-15,0.866025403784));
#2403 = DEFINITIONAL_REPRESENTATION('',(#2404),#2408);
#2404 = LINE('',#2405,#2406);
#2405 = CARTESIAN_POINT('',(6.28318530718,0.2));
#2406 = VECTOR('',#2407,1.);
#2407 = DIRECTION('',(-1.,-5.085220309785E-15));
#2408 = ( GEOMETRIC_REPRESENTATION_CONTEXT(2) 
PARAMETRIC_REPRESENTATION_CONTEXT() REPRESENTATION_CONTEXT('2D SPACE',''
  ) );
#2409 = ORIENTED_EDGE('',*,*,#2410,.T.);
#2410 = EDGE_CURVE('',#2380,#90,#2411,.T.);
#2411 = SURFACE_CURVE('',#2412,(#2416,#2423),.PCURVE_S1.);
#2412 = LINE('',#2413,#2414);
#2413 = CARTESIAN_POINT('',(7.,264.5,35.50704155516));
#2414 = VECTOR('',#2415,1.);
#2415 = DIRECTION('',(8.85655149358E-16,-1.,6.964080803658E-15));
#2416 = PCURVE('',#106,#2417);
#2417 = DEFINITIONAL_REPRESENTATION('',(#2418),#2422);
#2418 = LINE('',#2419,#2420);
#2419 = CARTESIAN_POINT('',(3.14159265359,0.));
#2420 = VECTOR('',#2421,1.);
#2421 = DIRECTION('',(0.,1.));
#2422 = ( GEOMETRIC_REPRESENTATION_CONTEXT(2) 
PARAMETRIC_REPRESENTATION_CONTEXT() REPRESENTATION_CONTEXT('2D SPACE',''
  ) );
#2423 = PCURVE('',#2424,#2429);
#2424 = CYLINDRICAL_SURFACE('',#2425,14.);
#2425 = AXIS2_PLACEMENT_3D('',#2426,#2427,#2428);
#2426 = CARTESIAN_POINT('',(-3.257355370409E-14,264.5,47.631397208142));
#2427 = DIRECTION('',(8.85655149358E-16,-1.,6.964080803658E-15));
#2428 = DIRECTION('',(-0.5,5.588243315296E-15,0.866025403784));
#2429 = DEFINITIONAL_REPRESENTATION('',(#2430),#2434);
#2430 = LINE('',#2431,#2432);
#2431 = CARTESIAN_POINT('',(3.14159265359,0.));
#2432 = VECTOR('',#2433,1.);
#2433 = DIRECTION('',(0.,1.));
#2434 = ( GEOMETRIC_REPRESENTATION_CONTEXT(2) 
PARAMETRIC_REPRESENTATION_CONTEXT() REPRESENTATION_CONTEXT('2D SPACE',''
  ) );
#2435 = ORIENTED_EDGE('',*,*,#89,.F.);
#2436 = ORIENTED_EDGE('',*,*,#2437,.F.);
#2437 = EDGE_CURVE('',#2382,#62,#2438,.T.);
#2438 = SURFACE_CURVE('',#2439,(#2443,#2450),.PCURVE_S1.);
#2439 = LINE('',#2440,#2441);
#2440 = CARTESIAN_POINT('',(-7.,264.5,59.755752861125));
#2441 = VECTOR('',#2442,1.);
#2442 = DIRECTION('',(8.85655149358E-16,-1.,6.964080803658E-15));
#2443 = PCURVE('',#106,#2444);
#2444 = DEFINITIONAL_REPRESENTATION('',(#2445),#2449);
#2445 = LINE('',#2446,#2447);
#2446 = CARTESIAN_POINT('',(0.,0.));
#2447 = VECTOR('',#2448,1.);
#2448 = DIRECTION('',(0.,1.));
#2449 = ( GEOMETRIC_REPRESENTATION_CONTEXT(2) 
PARAMETRIC_REPRESENTATION_CONTEXT() REPRESENTATION_CONTEXT('2D SPACE',''
  ) );
#2450 = PCURVE('',#2424,#2451);
#2451 = DEFINITIONAL_REPRESENTATION('',(#2452),#2456);
#2452 = LINE('',#2453,#2454);
#2453 = CARTESIAN_POINT('',(6.28318530718,0.));
#2454 = VECTOR('',#2455,1.);
#2455 = DIRECTION('',(0.,1.));
#2456 = ( GEOMETRIC_REPRESENTATION_CONTEXT(2) 
PARAMETRIC_REPRESENTATION_CONTEXT() REPRESENTATION_CONTEXT('2D SPACE',''
  ) );
#2457 = ADVANCED_FACE('',(#2458),#2398,.T.);
#2458 = FACE_BOUND('',#2459,.T.);
#2459 = EDGE_LOOP('',(#2460,#2491,#2517,#2518));
#2460 = ORIENTED_EDGE('',*,*,#2461,.F.);
#2461 = EDGE_CURVE('',#2462,#2464,#2466,.T.);
#2462 = VERTEX_POINT('',#2463);
#2463 = CARTESIAN_POINT('',(6.9,264.5,35.680246635917));
#2464 = VERTEX_POINT('',#2465);
#2465 = CARTESIAN_POINT('',(-6.9,264.5,59.582547780368));
#2466 = SURFACE_CURVE('',#2467,(#2472,#2479),.PCURVE_S1.);
#2467 = CIRCLE('',#2468,13.8);
#2468 = AXIS2_PLACEMENT_3D('',#2469,#2470,#2471);
#2469 = CARTESIAN_POINT('',(-3.019252444557E-14,264.5,47.631397208142));
#2470 = DIRECTION('',(-8.969183784631E-16,1.,-6.970583632014E-15));
#2471 = DIRECTION('',(-0.5,5.588243315296E-15,0.866025403784));
#2472 = PCURVE('',#2398,#2473);
#2473 = DEFINITIONAL_REPRESENTATION('',(#2474),#2478);
#2474 = LINE('',#2475,#2476);
#2475 = CARTESIAN_POINT('',(6.28318530718,1.33226762955E-14));
#2476 = VECTOR('',#2477,1.);
#2477 = DIRECTION('',(-1.,-2.827159716856E-15));
#2478 = ( GEOMETRIC_REPRESENTATION_CONTEXT(2) 
PARAMETRIC_REPRESENTATION_CONTEXT() REPRESENTATION_CONTEXT('2D SPACE',''
  ) );
#2479 = PCURVE('',#2480,#2485);
#2480 = PLANE('',#2481);
#2481 = AXIS2_PLACEMENT_3D('',#2482,#2483,#2484);
#2482 = CARTESIAN_POINT('',(1.875644347018,264.5,44.382685902178));
#2483 = DIRECTION('',(-8.969183784631E-16,1.,-6.970583632014E-15));
#2484 = DIRECTION('',(0.5,-5.588243315296E-15,-0.866025403784));
#2485 = DEFINITIONAL_REPRESENTATION('',(#2486),#2490);
#2486 = CIRCLE('',#2487,13.8);
#2487 = AXIS2_PLACEMENT_2D('',#2488,#2489);
#2488 = CARTESIAN_POINT('',(-3.751288694036,-1.1869146654E-14));
#2489 = DIRECTION('',(-1.,4.550992633866E-16));
#2490 = ( GEOMETRIC_REPRESENTATION_CONTEXT(2) 
PARAMETRIC_REPRESENTATION_CONTEXT() REPRESENTATION_CONTEXT('2D SPACE',''
  ) );
#2491 = ORIENTED_EDGE('',*,*,#2492,.T.);
#2492 = EDGE_CURVE('',#2462,#2380,#2493,.T.);
#2493 = SURFACE_CURVE('',#2494,(#2498,#2505),.PCURVE_S1.);
#2494 = LINE('',#2495,#2496);
#2495 = CARTESIAN_POINT('',(6.9,264.5,35.680246635917));
#2496 = VECTOR('',#2497,1.);
#2497 = DIRECTION('',(0.353553390593,-0.707106781187,-0.612372435696));
#2498 = PCURVE('',#2398,#2499);
#2499 = DEFINITIONAL_REPRESENTATION('',(#2500),#2504);
#2500 = LINE('',#2501,#2502);
#2501 = CARTESIAN_POINT('',(3.14159265359,-8.881784197001E-16));
#2502 = VECTOR('',#2503,1.);
#2503 = DIRECTION('',(0.,1.));
#2504 = ( GEOMETRIC_REPRESENTATION_CONTEXT(2) 
PARAMETRIC_REPRESENTATION_CONTEXT() REPRESENTATION_CONTEXT('2D SPACE',''
  ) );
#2505 = PCURVE('',#2506,#2511);
#2506 = CONICAL_SURFACE('',#2507,13.8,0.785398163397);
#2507 = AXIS2_PLACEMENT_3D('',#2508,#2509,#2510);
#2508 = CARTESIAN_POINT('',(-1.920419574272E-14,264.5,47.631397208142));
#2509 = DIRECTION('',(8.969183784631E-16,-1.,6.970583632014E-15));
#2510 = DIRECTION('',(-0.5,5.588243315296E-15,0.866025403784));
#2511 = DEFINITIONAL_REPRESENTATION('',(#2512),#2516);
#2512 = LINE('',#2513,#2514);
#2513 = CARTESIAN_POINT('',(3.14159265359,-8.881784197001E-16));
#2514 = VECTOR('',#2515,1.);
#2515 = DIRECTION('',(0.,1.));
#2516 = ( GEOMETRIC_REPRESENTATION_CONTEXT(2) 
PARAMETRIC_REPRESENTATION_CONTEXT() REPRESENTATION_CONTEXT('2D SPACE',''
  ) );
#2517 = ORIENTED_EDGE('',*,*,#2379,.T.);
#2518 = ORIENTED_EDGE('',*,*,#2519,.F.);
#2519 = EDGE_CURVE('',#2464,#2382,#2520,.T.);
#2520 = SURFACE_CURVE('',#2521,(#2525,#2532),.PCURVE_S1.);
#2521 = LINE('',#2522,#2523);
#2522 = CARTESIAN_POINT('',(-6.9,264.5,59.582547780368));
#2523 = VECTOR('',#2524,1.);
#2524 = DIRECTION('',(-0.353553390593,-0.707106781187,0.612372435696));
#2525 = PCURVE('',#2398,#2526);
#2526 = DEFINITIONAL_REPRESENTATION('',(#2527),#2531);
#2527 = LINE('',#2528,#2529);
#2528 = CARTESIAN_POINT('',(0.,8.881784197001E-16));
#2529 = VECTOR('',#2530,1.);
#2530 = DIRECTION('',(0.,1.));
#2531 = ( GEOMETRIC_REPRESENTATION_CONTEXT(2) 
PARAMETRIC_REPRESENTATION_CONTEXT() REPRESENTATION_CONTEXT('2D SPACE',''
  ) );
#2532 = PCURVE('',#2506,#2533);
#2533 = DEFINITIONAL_REPRESENTATION('',(#2534),#2538);
#2534 = LINE('',#2535,#2536);
#2535 = CARTESIAN_POINT('',(6.28318530718,8.881784197001E-16));
#2536 = VECTOR('',#2537,1.);
#2537 = DIRECTION('',(0.,1.));
#2538 = ( GEOMETRIC_REPRESENTATION_CONTEXT(2) 
PARAMETRIC_REPRESENTATION_CONTEXT() REPRESENTATION_CONTEXT('2D SPACE',''
  ) );
#2539 = ADVANCED_FACE('',(#2540),#194,.F.);
#2540 = FACE_BOUND('',#2541,.F.);
#2541 = EDGE_LOOP('',(#2542,#2570,#2598,#2619));
#2542 = ORIENTED_EDGE('',*,*,#2543,.T.);
#2543 = EDGE_CURVE('',#145,#2544,#2546,.T.);
#2544 = VERTEX_POINT('',#2545);
#2545 = CARTESIAN_POINT('',(3.637306695895,264.5,49.731397208142));
#2546 = SURFACE_CURVE('',#2547,(#2551,#2558),.PCURVE_S1.);
#2547 = LINE('',#2548,#2549);
#2548 = CARTESIAN_POINT('',(3.464101615138,264.3,49.631397208142));
#2549 = VECTOR('',#2550,1.);
#2550 = DIRECTION('',(0.612372435696,0.707106781187,0.353553390593));
#2551 = PCURVE('',#194,#2552);
#2552 = DEFINITIONAL_REPRESENTATION('',(#2553),#2557);
#2553 = LINE('',#2554,#2555);
#2554 = CARTESIAN_POINT('',(6.28318530718,1.33226762955E-15));
#2555 = VECTOR('',#2556,1.);
#2556 = DIRECTION('',(0.,1.));
#2557 = ( GEOMETRIC_REPRESENTATION_CONTEXT(2) 
PARAMETRIC_REPRESENTATION_CONTEXT() REPRESENTATION_CONTEXT('2D SPACE',''
  ) );
#2558 = PCURVE('',#2559,#2564);
#2559 = CONICAL_SURFACE('',#2560,4.,0.785398163397);
#2560 = AXIS2_PLACEMENT_3D('',#2561,#2562,#2563);
#2561 = CARTESIAN_POINT('',(-3.020451404485E-14,264.3,47.631397208142));
#2562 = DIRECTION('',(1.466313218702E-16,1.,-7.382018687482E-15));
#2563 = DIRECTION('',(0.866025403784,3.564022894011E-15,0.5));
#2564 = DEFINITIONAL_REPRESENTATION('',(#2565),#2569);
#2565 = LINE('',#2566,#2567);
#2566 = CARTESIAN_POINT('',(0.,1.33226762955E-15));
#2567 = VECTOR('',#2568,1.);
#2568 = DIRECTION('',(0.,1.));
#2569 = ( GEOMETRIC_REPRESENTATION_CONTEXT(2) 
PARAMETRIC_REPRESENTATION_CONTEXT() REPRESENTATION_CONTEXT('2D SPACE',''
  ) );
#2570 = ORIENTED_EDGE('',*,*,#2571,.T.);
#2571 = EDGE_CURVE('',#2544,#2572,#2574,.T.);
#2572 = VERTEX_POINT('',#2573);
#2573 = CARTESIAN_POINT('',(-3.637306695895,264.5,45.531397208142));
#2574 = SURFACE_CURVE('',#2575,(#2580,#2587),.PCURVE_S1.);
#2575 = CIRCLE('',#2576,4.2);
#2576 = AXIS2_PLACEMENT_3D('',#2577,#2578,#2579);
#2577 = CARTESIAN_POINT('',(-3.073923949641E-14,264.5,47.631397208142));
#2578 = DIRECTION('',(-2.397996343042E-16,-1.,7.350291528406E-15));
#2579 = DIRECTION('',(0.866025403784,3.467473189077E-15,0.5));
#2580 = PCURVE('',#194,#2581);
#2581 = DEFINITIONAL_REPRESENTATION('',(#2582),#2586);
#2582 = LINE('',#2583,#2584);
#2583 = CARTESIAN_POINT('',(6.28318530718,0.2));
#2584 = VECTOR('',#2585,1.);
#2585 = DIRECTION('',(-1.,-8.496191180968E-16));
#2586 = ( GEOMETRIC_REPRESENTATION_CONTEXT(2) 
PARAMETRIC_REPRESENTATION_CONTEXT() REPRESENTATION_CONTEXT('2D SPACE',''
  ) );
#2587 = PCURVE('',#2480,#2588);
#2588 = DEFINITIONAL_REPRESENTATION('',(#2589),#2597);
#2589 = ( BOUNDED_CURVE() B_SPLINE_CURVE(2,(#2590,#2591,#2592,#2593,
#2594,#2595,#2596),.UNSPECIFIED.,.T.,.F.) B_SPLINE_CURVE_WITH_KNOTS((1,2
    ,2,2,2,1),(-2.094395102393,0.,2.094395102393,4.188790204786,
6.28318530718,8.377580409573),.UNSPECIFIED.) CURVE() 
GEOMETRIC_REPRESENTATION_ITEM() RATIONAL_B_SPLINE_CURVE((1.,0.5,1.,0.5,
1.,0.5,1.)) REPRESENTATION_ITEM('') );
#2590 = CARTESIAN_POINT('',(-3.751288694036,-4.2));
#2591 = CARTESIAN_POINT('',(-11.02590208582,-4.2));
#2592 = CARTESIAN_POINT('',(-7.38859538993,2.1));
#2593 = CARTESIAN_POINT('',(-3.751288694036,8.4));
#2594 = CARTESIAN_POINT('',(-0.113981998141,2.1));
#2595 = CARTESIAN_POINT('',(3.523324697754,-4.2));
#2596 = CARTESIAN_POINT('',(-3.751288694036,-4.2));
#2597 = ( GEOMETRIC_REPRESENTATION_CONTEXT(2) 
PARAMETRIC_REPRESENTATION_CONTEXT() REPRESENTATION_CONTEXT('2D SPACE',''
  ) );
#2598 = ORIENTED_EDGE('',*,*,#2599,.F.);
#2599 = EDGE_CURVE('',#178,#2572,#2600,.T.);
#2600 = SURFACE_CURVE('',#2601,(#2605,#2612),.PCURVE_S1.);
#2601 = LINE('',#2602,#2603);
#2602 = CARTESIAN_POINT('',(-3.464101615138,264.3,45.631397208142));
#2603 = VECTOR('',#2604,1.);
#2604 = DIRECTION('',(-0.612372435696,0.707106781187,-0.353553390593));
#2605 = PCURVE('',#194,#2606);
#2606 = DEFINITIONAL_REPRESENTATION('',(#2607),#2611);
#2607 = LINE('',#2608,#2609);
#2608 = CARTESIAN_POINT('',(3.14159265359,-3.053882275378E-31));
#2609 = VECTOR('',#2610,1.);
#2610 = DIRECTION('',(0.,1.));
#2611 = ( GEOMETRIC_REPRESENTATION_CONTEXT(2) 
PARAMETRIC_REPRESENTATION_CONTEXT() REPRESENTATION_CONTEXT('2D SPACE',''
  ) );
#2612 = PCURVE('',#2559,#2613);
#2613 = DEFINITIONAL_REPRESENTATION('',(#2614),#2618);
#2614 = LINE('',#2615,#2616);
#2615 = CARTESIAN_POINT('',(3.14159265359,-3.053882275378E-31));
#2616 = VECTOR('',#2617,1.);
#2617 = DIRECTION('',(0.,1.));
#2618 = ( GEOMETRIC_REPRESENTATION_CONTEXT(2) 
PARAMETRIC_REPRESENTATION_CONTEXT() REPRESENTATION_CONTEXT('2D SPACE',''
  ) );
#2619 = ORIENTED_EDGE('',*,*,#177,.F.);
#2620 = ADVANCED_FACE('',(#2621),#2559,.F.);
#2621 = FACE_BOUND('',#2622,.F.);
#2622 = EDGE_LOOP('',(#2623,#2649,#2650,#2672));
#2623 = ORIENTED_EDGE('',*,*,#2624,.T.);
#2624 = EDGE_CURVE('',#2572,#2544,#2625,.T.);
#2625 = SURFACE_CURVE('',#2626,(#2631,#2638),.PCURVE_S1.);
#2626 = CIRCLE('',#2627,4.2);
#2627 = AXIS2_PLACEMENT_3D('',#2628,#2629,#2630);
#2628 = CARTESIAN_POINT('',(-3.073923949641E-14,264.5,47.631397208142));
#2629 = DIRECTION('',(-2.397996343042E-16,-1.,7.350291528406E-15));
#2630 = DIRECTION('',(0.866025403784,3.467473189077E-15,0.5));
#2631 = PCURVE('',#2559,#2632);
#2632 = DEFINITIONAL_REPRESENTATION('',(#2633),#2637);
#2633 = LINE('',#2634,#2635);
#2634 = CARTESIAN_POINT('',(6.28318530718,0.2));
#2635 = VECTOR('',#2636,1.);
#2636 = DIRECTION('',(-1.,8.496191180968E-16));
#2637 = ( GEOMETRIC_REPRESENTATION_CONTEXT(2) 
PARAMETRIC_REPRESENTATION_CONTEXT() REPRESENTATION_CONTEXT('2D SPACE',''
  ) );
#2638 = PCURVE('',#2480,#2639);
#2639 = DEFINITIONAL_REPRESENTATION('',(#2640),#2648);
#2640 = ( BOUNDED_CURVE() B_SPLINE_CURVE(2,(#2641,#2642,#2643,#2644,
#2645,#2646,#2647),.UNSPECIFIED.,.T.,.F.) B_SPLINE_CURVE_WITH_KNOTS((1,2
    ,2,2,2,1),(-2.094395102393,0.,2.094395102393,4.188790204786,
6.28318530718,8.377580409573),.UNSPECIFIED.) CURVE() 
GEOMETRIC_REPRESENTATION_ITEM() RATIONAL_B_SPLINE_CURVE((1.,0.5,1.,0.5,
1.,0.5,1.)) REPRESENTATION_ITEM('') );
#2641 = CARTESIAN_POINT('',(-3.751288694036,-4.2));
#2642 = CARTESIAN_POINT('',(-11.02590208582,-4.2));
#2643 = CARTESIAN_POINT('',(-7.38859538993,2.1));
#2644 = CARTESIAN_POINT('',(-3.751288694036,8.4));
#2645 = CARTESIAN_POINT('',(-0.113981998141,2.1));
#2646 = CARTESIAN_POINT('',(3.523324697754,-4.2));
#2647 = CARTESIAN_POINT('',(-3.751288694036,-4.2));
#2648 = ( GEOMETRIC_REPRESENTATION_CONTEXT(2) 
PARAMETRIC_REPRESENTATION_CONTEXT() REPRESENTATION_CONTEXT('2D SPACE',''
  ) );
#2649 = ORIENTED_EDGE('',*,*,#2543,.F.);
#2650 = ORIENTED_EDGE('',*,*,#2651,.F.);
#2651 = EDGE_CURVE('',#178,#145,#2652,.T.);
#2652 = SURFACE_CURVE('',#2653,(#2658,#2665),.PCURVE_S1.);
#2653 = CIRCLE('',#2654,4.);
#2654 = AXIS2_PLACEMENT_3D('',#2655,#2656,#2657);
#2655 = CARTESIAN_POINT('',(-3.333723616859E-14,264.3,47.631397208142));
#2656 = DIRECTION('',(-1.816967897088E-16,-1.,7.798234160196E-15));
#2657 = DIRECTION('',(0.866025403784,3.741763044424E-15,0.5));
#2658 = PCURVE('',#2559,#2659);
#2659 = DEFINITIONAL_REPRESENTATION('',(#2660),#2664);
#2660 = LINE('',#2661,#2662);
#2661 = CARTESIAN_POINT('',(6.28318530718,-3.996802888651E-15));
#2662 = VECTOR('',#2663,1.);
#2663 = DIRECTION('',(-1.,8.481479150569E-16));
#2664 = ( GEOMETRIC_REPRESENTATION_CONTEXT(2) 
PARAMETRIC_REPRESENTATION_CONTEXT() REPRESENTATION_CONTEXT('2D SPACE',''
  ) );
#2665 = PCURVE('',#165,#2666);
#2666 = DEFINITIONAL_REPRESENTATION('',(#2667),#2671);
#2667 = LINE('',#2668,#2669);
#2668 = CARTESIAN_POINT('',(6.28318530718,15.6));
#2669 = VECTOR('',#2670,1.);
#2670 = DIRECTION('',(-1.,0.));
#2671 = ( GEOMETRIC_REPRESENTATION_CONTEXT(2) 
PARAMETRIC_REPRESENTATION_CONTEXT() REPRESENTATION_CONTEXT('2D SPACE',''
  ) );
#2672 = ORIENTED_EDGE('',*,*,#2599,.T.);
#2673 = ADVANCED_FACE('',(#2674),#2506,.T.);
#2674 = FACE_BOUND('',#2675,.T.);
#2675 = EDGE_LOOP('',(#2676,#2677,#2699,#2700));
#2676 = ORIENTED_EDGE('',*,*,#2492,.F.);
#2677 = ORIENTED_EDGE('',*,*,#2678,.F.);
#2678 = EDGE_CURVE('',#2464,#2462,#2679,.T.);
#2679 = SURFACE_CURVE('',#2680,(#2685,#2692),.PCURVE_S1.);
#2680 = CIRCLE('',#2681,13.8);
#2681 = AXIS2_PLACEMENT_3D('',#2682,#2683,#2684);
#2682 = CARTESIAN_POINT('',(-3.019252444557E-14,264.5,47.631397208142));
#2683 = DIRECTION('',(-8.969183784631E-16,1.,-6.970583632014E-15));
#2684 = DIRECTION('',(-0.5,5.588243315296E-15,0.866025403784));
#2685 = PCURVE('',#2506,#2686);
#2686 = DEFINITIONAL_REPRESENTATION('',(#2687),#2691);
#2687 = LINE('',#2688,#2689);
#2688 = CARTESIAN_POINT('',(6.28318530718,-4.440892098501E-15));
#2689 = VECTOR('',#2690,1.);
#2690 = DIRECTION('',(-1.,2.827159716856E-15));
#2691 = ( GEOMETRIC_REPRESENTATION_CONTEXT(2) 
PARAMETRIC_REPRESENTATION_CONTEXT() REPRESENTATION_CONTEXT('2D SPACE',''
  ) );
#2692 = PCURVE('',#2480,#2693);
#2693 = DEFINITIONAL_REPRESENTATION('',(#2694),#2698);
#2694 = CIRCLE('',#2695,13.8);
#2695 = AXIS2_PLACEMENT_2D('',#2696,#2697);
#2696 = CARTESIAN_POINT('',(-3.751288694036,-1.1869146654E-14));
#2697 = DIRECTION('',(-1.,4.550992633866E-16));
#2698 = ( GEOMETRIC_REPRESENTATION_CONTEXT(2) 
PARAMETRIC_REPRESENTATION_CONTEXT() REPRESENTATION_CONTEXT('2D SPACE',''
  ) );
#2699 = ORIENTED_EDGE('',*,*,#2519,.T.);
#2700 = ORIENTED_EDGE('',*,*,#2701,.T.);
#2701 = EDGE_CURVE('',#2382,#2380,#2702,.T.);
#2702 = SURFACE_CURVE('',#2703,(#2708,#2715),.PCURVE_S1.);
#2703 = CIRCLE('',#2704,14.);
#2704 = AXIS2_PLACEMENT_3D('',#2705,#2706,#2707);
#2705 = CARTESIAN_POINT('',(-2.326064461158E-14,264.3,47.631397208142));
#2706 = DIRECTION('',(-8.969183784631E-16,1.,-6.970583632014E-15));
#2707 = DIRECTION('',(-0.5,5.588243315296E-15,0.866025403784));
#2708 = PCURVE('',#2506,#2709);
#2709 = DEFINITIONAL_REPRESENTATION('',(#2710),#2714);
#2710 = LINE('',#2711,#2712);
#2711 = CARTESIAN_POINT('',(6.28318530718,0.2));
#2712 = VECTOR('',#2713,1.);
#2713 = DIRECTION('',(-1.,5.085220309785E-15));
#2714 = ( GEOMETRIC_REPRESENTATION_CONTEXT(2) 
PARAMETRIC_REPRESENTATION_CONTEXT() REPRESENTATION_CONTEXT('2D SPACE',''
  ) );
#2715 = PCURVE('',#2424,#2716);
#2716 = DEFINITIONAL_REPRESENTATION('',(#2717),#2721);
#2717 = LINE('',#2718,#2719);
#2718 = CARTESIAN_POINT('',(6.28318530718,0.2));
#2719 = VECTOR('',#2720,1.);
#2720 = DIRECTION('',(-1.,0.));
#2721 = ( GEOMETRIC_REPRESENTATION_CONTEXT(2) 
PARAMETRIC_REPRESENTATION_CONTEXT() REPRESENTATION_CONTEXT('2D SPACE',''
  ) );
#2722 = ADVANCED_FACE('',(#2723),#1147,.F.);
#2723 = FACE_BOUND('',#2724,.T.);
#2724 = EDGE_LOOP('',(#2725,#2751));
#2725 = ORIENTED_EDGE('',*,*,#2726,.T.);
#2726 = EDGE_CURVE('',#1060,#1110,#2727,.T.);
#2727 = SURFACE_CURVE('',#2728,(#2733,#2744),.PCURVE_S1.);
#2728 = CIRCLE('',#2729,0.750716155295);
#2729 = AXIS2_PLACEMENT_3D('',#2730,#2731,#2732);
#2730 = CARTESIAN_POINT('',(-5.75,256.3,57.590689351664));
#2731 = DIRECTION('',(3.182507859627E-15,-1.,6.358161776307E-15));
#2732 = DIRECTION('',(0.5,-3.915075689839E-15,-0.866025403784));
#2733 = PCURVE('',#1147,#2734);
#2734 = DEFINITIONAL_REPRESENTATION('',(#2735),#2743);
#2735 = ( BOUNDED_CURVE() B_SPLINE_CURVE(2,(#2736,#2737,#2738,#2739,
#2740,#2741,#2742),.UNSPECIFIED.,.T.,.F.) B_SPLINE_CURVE_WITH_KNOTS((1,2
    ,2,2,2,1),(-2.094395102393,0.,2.094395102393,4.188790204786,
6.28318530718,8.377580409573),.UNSPECIFIED.) CURVE() 
GEOMETRIC_REPRESENTATION_ITEM() RATIONAL_B_SPLINE_CURVE((1.,0.5,1.,0.5,
1.,0.5,1.)) REPRESENTATION_ITEM('') );
#2736 = CARTESIAN_POINT('',(0.750716155295,2.634116489839E-16));
#2737 = CARTESIAN_POINT('',(0.750716155295,-1.300278523033));
#2738 = CARTESIAN_POINT('',(-0.375358077647,-0.650139261517));
#2739 = CARTESIAN_POINT('',(-1.50143231059,1.963650172074E-15));
#2740 = CARTESIAN_POINT('',(-0.375358077647,0.650139261517));
#2741 = CARTESIAN_POINT('',(0.750716155295,1.300278523033));
#2742 = CARTESIAN_POINT('',(0.750716155295,2.634116489839E-16));
#2743 = ( GEOMETRIC_REPRESENTATION_CONTEXT(2) 
PARAMETRIC_REPRESENTATION_CONTEXT() REPRESENTATION_CONTEXT('2D SPACE',''
  ) );
#2744 = PCURVE('',#409,#2745);
#2745 = DEFINITIONAL_REPRESENTATION('',(#2746),#2750);
#2746 = LINE('',#2747,#2748);
#2747 = CARTESIAN_POINT('',(0.,-0.548924226216));
#2748 = VECTOR('',#2749,1.);
#2749 = DIRECTION('',(1.,1.456094898033E-16));
#2750 = ( GEOMETRIC_REPRESENTATION_CONTEXT(2) 
PARAMETRIC_REPRESENTATION_CONTEXT() REPRESENTATION_CONTEXT('2D SPACE',''
  ) );
#2751 = ORIENTED_EDGE('',*,*,#1132,.T.);
#2752 = ADVANCED_FACE('',(#2753),#1619,.F.);
#2753 = FACE_BOUND('',#2754,.T.);
#2754 = EDGE_LOOP('',(#2755,#2781));
#2755 = ORIENTED_EDGE('',*,*,#2756,.T.);
#2756 = EDGE_CURVE('',#1510,#1582,#2757,.T.);
#2757 = SURFACE_CURVE('',#2758,(#2763,#2774),.PCURVE_S1.);
#2758 = CIRCLE('',#2759,0.750716155295);
#2759 = AXIS2_PLACEMENT_3D('',#2760,#2761,#2762);
#2760 = CARTESIAN_POINT('',(-5.75,256.3,37.672105064621));
#2761 = DIRECTION('',(-1.388671102701E-15,-1.,7.583005487721E-15));
#2762 = DIRECTION('',(0.5,-7.261410940754E-15,-0.866025403784));
#2763 = PCURVE('',#1619,#2764);
#2764 = DEFINITIONAL_REPRESENTATION('',(#2765),#2773);
#2765 = ( BOUNDED_CURVE() B_SPLINE_CURVE(2,(#2766,#2767,#2768,#2769,
#2770,#2771,#2772),.UNSPECIFIED.,.T.,.F.) B_SPLINE_CURVE_WITH_KNOTS((1,2
    ,2,2,2,1),(-2.094395102393,0.,2.094395102393,4.188790204786,
6.28318530718,8.377580409573),.UNSPECIFIED.) CURVE() 
GEOMETRIC_REPRESENTATION_ITEM() RATIONAL_B_SPLINE_CURVE((1.,0.5,1.,0.5,
1.,0.5,1.)) REPRESENTATION_ITEM('') );
#2766 = CARTESIAN_POINT('',(1.734723475977E-15,0.750716155295));
#2767 = CARTESIAN_POINT('',(1.300278523033,0.750716155295));
#2768 = CARTESIAN_POINT('',(0.650139261517,-0.375358077647));
#2769 = CARTESIAN_POINT('',(-3.285574524624E-15,-1.50143231059));
#2770 = CARTESIAN_POINT('',(-0.650139261517,-0.375358077647));
#2771 = CARTESIAN_POINT('',(-1.300278523033,0.750716155295));
#2772 = CARTESIAN_POINT('',(1.734723475977E-15,0.750716155295));
#2773 = ( GEOMETRIC_REPRESENTATION_CONTEXT(2) 
PARAMETRIC_REPRESENTATION_CONTEXT() REPRESENTATION_CONTEXT('2D SPACE',''
  ) );
#2774 = PCURVE('',#877,#2775);
#2775 = DEFINITIONAL_REPRESENTATION('',(#2776),#2780);
#2776 = LINE('',#2777,#2778);
#2777 = CARTESIAN_POINT('',(0.,-0.548924226216));
#2778 = VECTOR('',#2779,1.);
#2779 = DIRECTION('',(1.,-1.456094898033E-16));
#2780 = ( GEOMETRIC_REPRESENTATION_CONTEXT(2) 
PARAMETRIC_REPRESENTATION_CONTEXT() REPRESENTATION_CONTEXT('2D SPACE',''
  ) );
#2781 = ORIENTED_EDGE('',*,*,#1604,.T.);
#2782 = ADVANCED_FACE('',(#2783),#1490,.F.);
#2783 = FACE_BOUND('',#2784,.T.);
#2784 = EDGE_LOOP('',(#2785,#2811));
#2785 = ORIENTED_EDGE('',*,*,#2786,.T.);
#2786 = EDGE_CURVE('',#1381,#1453,#2787,.T.);
#2787 = SURFACE_CURVE('',#2788,(#2793,#2804),.PCURVE_S1.);
#2788 = CIRCLE('',#2789,0.750716155295);
#2789 = AXIS2_PLACEMENT_3D('',#2790,#2791,#2792);
#2790 = CARTESIAN_POINT('',(11.5,256.3,47.631397208143));
#2791 = DIRECTION('',(-2.531465843283E-15,-1.,7.889216415574E-15));
#2792 = DIRECTION('',(0.5,-8.097994753482E-15,-0.866025403784));
#2793 = PCURVE('',#1490,#2794);
#2794 = DEFINITIONAL_REPRESENTATION('',(#2795),#2803);
#2795 = ( BOUNDED_CURVE() B_SPLINE_CURVE(2,(#2796,#2797,#2798,#2799,
#2800,#2801,#2802),.UNSPECIFIED.,.T.,.F.) B_SPLINE_CURVE_WITH_KNOTS((1,2
    ,2,2,2,1),(-2.094395102393,0.,2.094395102393,4.188790204786,
6.28318530718,8.377580409573),.UNSPECIFIED.) CURVE() 
GEOMETRIC_REPRESENTATION_ITEM() RATIONAL_B_SPLINE_CURVE((1.,0.5,1.,0.5,
1.,0.5,1.)) REPRESENTATION_ITEM('') );
#2796 = CARTESIAN_POINT('',(0.750716155295,-1.734723475977E-15));
#2797 = CARTESIAN_POINT('',(0.750716155295,-1.300278523033));
#2798 = CARTESIAN_POINT('',(-0.375358077647,-0.650139261517));
#2799 = CARTESIAN_POINT('',(-1.50143231059,3.285574524624E-15));
#2800 = CARTESIAN_POINT('',(-0.375358077647,0.650139261517));
#2801 = CARTESIAN_POINT('',(0.750716155295,1.300278523033));
#2802 = CARTESIAN_POINT('',(0.750716155295,-1.734723475977E-15));
#2803 = ( GEOMETRIC_REPRESENTATION_CONTEXT(2) 
PARAMETRIC_REPRESENTATION_CONTEXT() REPRESENTATION_CONTEXT('2D SPACE',''
  ) );
#2804 = PCURVE('',#760,#2805);
#2805 = DEFINITIONAL_REPRESENTATION('',(#2806),#2810);
#2806 = LINE('',#2807,#2808);
#2807 = CARTESIAN_POINT('',(0.,-0.548924226216));
#2808 = VECTOR('',#2809,1.);
#2809 = DIRECTION('',(1.,-2.912189796066E-16));
#2810 = ( GEOMETRIC_REPRESENTATION_CONTEXT(2) 
PARAMETRIC_REPRESENTATION_CONTEXT() REPRESENTATION_CONTEXT('2D SPACE',''
  ) );
#2811 = ORIENTED_EDGE('',*,*,#1475,.T.);
#2812 = ADVANCED_FACE('',(#2813),#1254,.F.);
#2813 = FACE_BOUND('',#2814,.T.);
#2814 = EDGE_LOOP('',(#2815,#2841));
#2815 = ORIENTED_EDGE('',*,*,#2816,.T.);
#2816 = EDGE_CURVE('',#1167,#1217,#2817,.T.);
#2817 = SURFACE_CURVE('',#2818,(#2823,#2834),.PCURVE_S1.);
#2818 = CIRCLE('',#2819,0.750716155295);
#2819 = AXIS2_PLACEMENT_3D('',#2820,#2821,#2822);
#2820 = CARTESIAN_POINT('',(-10.5,256.3,47.631397208142));
#2821 = DIRECTION('',(8.969183784631E-16,-1.,6.970583632014E-15));
#2822 = DIRECTION('',(0.5,-5.588243315296E-15,-0.866025403784));
#2823 = PCURVE('',#1254,#2824);
#2824 = DEFINITIONAL_REPRESENTATION('',(#2825),#2833);
#2825 = ( BOUNDED_CURVE() B_SPLINE_CURVE(2,(#2826,#2827,#2828,#2829,
#2830,#2831,#2832),.UNSPECIFIED.,.T.,.F.) B_SPLINE_CURVE_WITH_KNOTS((1,2
    ,2,2,2,1),(-2.094395102393,0.,2.094395102393,4.188790204786,
6.28318530718,8.377580409573),.UNSPECIFIED.) CURVE() 
GEOMETRIC_REPRESENTATION_ITEM() RATIONAL_B_SPLINE_CURVE((1.,0.5,1.,0.5,
1.,0.5,1.)) REPRESENTATION_ITEM('') );
#2826 = CARTESIAN_POINT('',(0.750716155295,-1.734723475977E-15));
#2827 = CARTESIAN_POINT('',(0.750716155295,-1.300278523034));
#2828 = CARTESIAN_POINT('',(-0.375358077648,-0.650139261517));
#2829 = CARTESIAN_POINT('',(-1.50143231059,3.285574524624E-15));
#2830 = CARTESIAN_POINT('',(-0.375358077648,0.650139261517));
#2831 = CARTESIAN_POINT('',(0.750716155295,1.300278523034));
#2832 = CARTESIAN_POINT('',(0.750716155295,-1.734723475977E-15));
#2833 = ( GEOMETRIC_REPRESENTATION_CONTEXT(2) 
PARAMETRIC_REPRESENTATION_CONTEXT() REPRESENTATION_CONTEXT('2D SPACE',''
  ) );
#2834 = PCURVE('',#526,#2835);
#2835 = DEFINITIONAL_REPRESENTATION('',(#2836),#2840);
#2836 = LINE('',#2837,#2838);
#2837 = CARTESIAN_POINT('',(0.,-0.548924226215));
#2838 = VECTOR('',#2839,1.);
#2839 = DIRECTION('',(1.,0.));
#2840 = ( GEOMETRIC_REPRESENTATION_CONTEXT(2) 
PARAMETRIC_REPRESENTATION_CONTEXT() REPRESENTATION_CONTEXT('2D SPACE',''
  ) );
#2841 = ORIENTED_EDGE('',*,*,#1239,.T.);
#2842 = ADVANCED_FACE('',(#2843),#1726,.F.);
#2843 = FACE_BOUND('',#2844,.T.);
#2844 = EDGE_LOOP('',(#2845,#2871));
#2845 = ORIENTED_EDGE('',*,*,#2846,.T.);
#2846 = EDGE_CURVE('',#1639,#1689,#2847,.T.);
#2847 = SURFACE_CURVE('',#2848,(#2853,#2864),.PCURVE_S1.);
#2848 = CIRCLE('',#2849,0.750716155295);
#2849 = AXIS2_PLACEMENT_3D('',#2850,#2851,#2852);
#2850 = CARTESIAN_POINT('',(5.25,256.3,38.538130468406));
#2851 = DIRECTION('',(8.969183784631E-16,-1.,6.970583632014E-15));
#2852 = DIRECTION('',(0.5,-5.588243315296E-15,-0.866025403784));
#2853 = PCURVE('',#1726,#2854);
#2854 = DEFINITIONAL_REPRESENTATION('',(#2855),#2863);
#2855 = ( BOUNDED_CURVE() B_SPLINE_CURVE(2,(#2856,#2857,#2858,#2859,
#2860,#2861,#2862),.UNSPECIFIED.,.T.,.F.) B_SPLINE_CURVE_WITH_KNOTS((1,2
    ,2,2,2,1),(-2.094395102393,0.,2.094395102393,4.188790204786,
6.28318530718,8.377580409573),.UNSPECIFIED.) CURVE() 
GEOMETRIC_REPRESENTATION_ITEM() RATIONAL_B_SPLINE_CURVE((1.,0.5,1.,0.5,
1.,0.5,1.)) REPRESENTATION_ITEM('') );
#2856 = CARTESIAN_POINT('',(0.750716155295,-3.733391239667E-15));
#2857 = CARTESIAN_POINT('',(0.750716155295,-1.300278523034));
#2858 = CARTESIAN_POINT('',(-0.375358077648,-0.650139261517));
#2859 = CARTESIAN_POINT('',(-1.50143231059,-5.801374617418E-15));
#2860 = CARTESIAN_POINT('',(-0.375358077648,0.650139261517));
#2861 = CARTESIAN_POINT('',(0.750716155295,1.300278523034));
#2862 = CARTESIAN_POINT('',(0.750716155295,-3.733391239667E-15));
#2863 = ( GEOMETRIC_REPRESENTATION_CONTEXT(2) 
PARAMETRIC_REPRESENTATION_CONTEXT() REPRESENTATION_CONTEXT('2D SPACE',''
  ) );
#2864 = PCURVE('',#994,#2865);
#2865 = DEFINITIONAL_REPRESENTATION('',(#2866),#2870);
#2866 = LINE('',#2867,#2868);
#2867 = CARTESIAN_POINT('',(0.,-0.548924226215));
#2868 = VECTOR('',#2869,1.);
#2869 = DIRECTION('',(1.,0.));
#2870 = ( GEOMETRIC_REPRESENTATION_CONTEXT(2) 
PARAMETRIC_REPRESENTATION_CONTEXT() REPRESENTATION_CONTEXT('2D SPACE',''
  ) );
#2871 = ORIENTED_EDGE('',*,*,#1711,.T.);
#2872 = ADVANCED_FACE('',(#2873),#1361,.F.);
#2873 = FACE_BOUND('',#2874,.T.);
#2874 = EDGE_LOOP('',(#2875,#2901));
#2875 = ORIENTED_EDGE('',*,*,#2876,.T.);
#2876 = EDGE_CURVE('',#1274,#1324,#2877,.T.);
#2877 = SURFACE_CURVE('',#2878,(#2883,#2894),.PCURVE_S1.);
#2878 = CIRCLE('',#2879,0.750716155295);
#2879 = AXIS2_PLACEMENT_3D('',#2880,#2881,#2882);
#2880 = CARTESIAN_POINT('',(5.25,256.3,56.724663947879));
#2881 = DIRECTION('',(3.182507859627E-15,-1.,6.358161776307E-15));
#2882 = DIRECTION('',(0.5,-3.91507568984E-15,-0.866025403784));
#2883 = PCURVE('',#1361,#2884);
#2884 = DEFINITIONAL_REPRESENTATION('',(#2885),#2893);
#2885 = ( BOUNDED_CURVE() B_SPLINE_CURVE(2,(#2886,#2887,#2888,#2889,
#2890,#2891,#2892),.UNSPECIFIED.,.T.,.F.) B_SPLINE_CURVE_WITH_KNOTS((1,2
    ,2,2,2,1),(-2.094395102393,0.,2.094395102393,4.188790204786,
6.28318530718,8.377580409573),.UNSPECIFIED.) CURVE() 
GEOMETRIC_REPRESENTATION_ITEM() RATIONAL_B_SPLINE_CURVE((1.,0.5,1.,0.5,
1.,0.5,1.)) REPRESENTATION_ITEM('') );
#2886 = CARTESIAN_POINT('',(0.750716155295,6.503807171127E-31));
#2887 = CARTESIAN_POINT('',(0.750716155295,-1.300278523034));
#2888 = CARTESIAN_POINT('',(-0.375358077648,-0.650139261517));
#2889 = CARTESIAN_POINT('',(-1.50143231059,-1.8387242733E-16));
#2890 = CARTESIAN_POINT('',(-0.375358077648,0.650139261517));
#2891 = CARTESIAN_POINT('',(0.750716155295,1.300278523034));
#2892 = CARTESIAN_POINT('',(0.750716155295,6.503807171127E-31));
#2893 = ( GEOMETRIC_REPRESENTATION_CONTEXT(2) 
PARAMETRIC_REPRESENTATION_CONTEXT() REPRESENTATION_CONTEXT('2D SPACE',''
  ) );
#2894 = PCURVE('',#643,#2895);
#2895 = DEFINITIONAL_REPRESENTATION('',(#2896),#2900);
#2896 = LINE('',#2897,#2898);
#2897 = CARTESIAN_POINT('',(0.,-0.548924226215));
#2898 = VECTOR('',#2899,1.);
#2899 = DIRECTION('',(1.,1.456094898033E-16));
#2900 = ( GEOMETRIC_REPRESENTATION_CONTEXT(2) 
PARAMETRIC_REPRESENTATION_CONTEXT() REPRESENTATION_CONTEXT('2D SPACE',''
  ) );
#2901 = ORIENTED_EDGE('',*,*,#1346,.T.);
#2902 = ADVANCED_FACE('',(#2903,#2907),#2480,.T.);
#2903 = FACE_BOUND('',#2904,.T.);
#2904 = EDGE_LOOP('',(#2905,#2906));
#2905 = ORIENTED_EDGE('',*,*,#2571,.T.);
#2906 = ORIENTED_EDGE('',*,*,#2624,.T.);
#2907 = FACE_BOUND('',#2908,.T.);
#2908 = EDGE_LOOP('',(#2909,#2910));
#2909 = ORIENTED_EDGE('',*,*,#2678,.T.);
#2910 = ORIENTED_EDGE('',*,*,#2461,.T.);
#2911 = ADVANCED_FACE('',(#2912),#2424,.T.);
#2912 = FACE_BOUND('',#2913,.T.);
#2913 = EDGE_LOOP('',(#2914,#2915,#2916,#2917));
#2914 = ORIENTED_EDGE('',*,*,#2410,.F.);
#2915 = ORIENTED_EDGE('',*,*,#2701,.F.);
#2916 = ORIENTED_EDGE('',*,*,#2437,.T.);
#2917 = ORIENTED_EDGE('',*,*,#2918,.F.);
#2918 = EDGE_CURVE('',#90,#62,#2919,.T.);
#2919 = SURFACE_CURVE('',#2920,(#2925,#2932),.PCURVE_S1.);
#2920 = CIRCLE('',#2921,14.);
#2921 = AXIS2_PLACEMENT_3D('',#2922,#2923,#2924);
#2922 = CARTESIAN_POINT('',(-1.997249764422E-14,248.7,47.631397208143));
#2923 = DIRECTION('',(9.279857974916E-16,-1.,6.92442165854E-15));
#2924 = DIRECTION('',(0.5,-5.532732164065E-15,-0.866025403784));
#2925 = PCURVE('',#2424,#2926);
#2926 = DEFINITIONAL_REPRESENTATION('',(#2927),#2931);
#2927 = LINE('',#2928,#2929);
#2928 = CARTESIAN_POINT('',(3.14159265359,15.8));
#2929 = VECTOR('',#2930,1.);
#2930 = DIRECTION('',(1.,5.654319433713E-16));
#2931 = ( GEOMETRIC_REPRESENTATION_CONTEXT(2) 
PARAMETRIC_REPRESENTATION_CONTEXT() REPRESENTATION_CONTEXT('2D SPACE',''
  ) );
#2932 = PCURVE('',#77,#2933);
#2933 = DEFINITIONAL_REPRESENTATION('',(#2934),#2938);
#2934 = LINE('',#2935,#2936);
#2935 = CARTESIAN_POINT('',(6.28318530718,13.000000000001));
#2936 = VECTOR('',#2937,1.);
#2937 = DIRECTION('',(-1.,7.996415229147E-16));
#2938 = ( GEOMETRIC_REPRESENTATION_CONTEXT(2) 
PARAMETRIC_REPRESENTATION_CONTEXT() REPRESENTATION_CONTEXT('2D SPACE',''
  ) );
#2939 = ADVANCED_FACE('',(#2940),#693,.F.);
#2940 = FACE_BOUND('',#2941,.F.);
#2941 = EDGE_LOOP('',(#2942,#2968,#2969,#2970));
#2942 = ORIENTED_EDGE('',*,*,#2943,.T.);
#2943 = EDGE_CURVE('',#2306,#2256,#2944,.T.);
#2944 = SURFACE_CURVE('',#2945,(#2950,#2957),.PCURVE_S1.);
#2945 = CIRCLE('',#2946,1.35);
#2946 = AXIS2_PLACEMENT_3D('',#2947,#2948,#2949);
#2947 = CARTESIAN_POINT('',(5.25,248.5,56.724663947879));
#2948 = DIRECTION('',(-8.969183784631E-16,1.,-6.970583632014E-15));
#2949 = DIRECTION('',(0.5,-5.588243315296E-15,-0.866025403784));
#2950 = PCURVE('',#693,#2951);
#2951 = DEFINITIONAL_REPRESENTATION('',(#2952),#2956);
#2952 = LINE('',#2953,#2954);
#2953 = CARTESIAN_POINT('',(6.28318530718,0.35));
#2954 = VECTOR('',#2955,1.);
#2955 = DIRECTION('',(-1.,6.247199397771E-17));
#2956 = ( GEOMETRIC_REPRESENTATION_CONTEXT(2) 
PARAMETRIC_REPRESENTATION_CONTEXT() REPRESENTATION_CONTEXT('2D SPACE',''
  ) );
#2957 = PCURVE('',#45,#2958);
#2958 = DEFINITIONAL_REPRESENTATION('',(#2959),#2967);
#2959 = ( BOUNDED_CURVE() B_SPLINE_CURVE(2,(#2960,#2961,#2962,#2963,
#2964,#2965,#2966),.UNSPECIFIED.,.T.,.F.) B_SPLINE_CURVE_WITH_KNOTS((1,2
    ,2,2,2,1),(-2.094395102393,0.,2.094395102393,4.188790204786,
6.28318530718,8.377580409573),.UNSPECIFIED.) CURVE() 
GEOMETRIC_REPRESENTATION_ITEM() RATIONAL_B_SPLINE_CURVE((1.,0.5,1.,0.5,
1.,0.5,1.)) REPRESENTATION_ITEM('') );
#2960 = CARTESIAN_POINT('',(9.093266739737,0.148711305964));
#2961 = CARTESIAN_POINT('',(6.754998149519,0.148711305964));
#2962 = CARTESIAN_POINT('',(7.924132444628,2.173711305964));
#2963 = CARTESIAN_POINT('',(9.093266739737,4.198711305964));
#2964 = CARTESIAN_POINT('',(10.262401034846,2.173711305964));
#2965 = CARTESIAN_POINT('',(11.431535329955,0.148711305964));
#2966 = CARTESIAN_POINT('',(9.093266739737,0.148711305964));
#2967 = ( GEOMETRIC_REPRESENTATION_CONTEXT(2) 
PARAMETRIC_REPRESENTATION_CONTEXT() REPRESENTATION_CONTEXT('2D SPACE',''
  ) );
#2968 = ORIENTED_EDGE('',*,*,#2255,.F.);
#2969 = ORIENTED_EDGE('',*,*,#678,.T.);
#2970 = ORIENTED_EDGE('',*,*,#2333,.T.);
#2971 = ADVANCED_FACE('',(#2972),#1044,.F.);
#2972 = FACE_BOUND('',#2973,.F.);
#2973 = EDGE_LOOP('',(#2974,#3000,#3001,#3002));
#2974 = ORIENTED_EDGE('',*,*,#2975,.T.);
#2975 = EDGE_CURVE('',#2182,#2154,#2976,.T.);
#2976 = SURFACE_CURVE('',#2977,(#2982,#2989),.PCURVE_S1.);
#2977 = CIRCLE('',#2978,1.35);
#2978 = AXIS2_PLACEMENT_3D('',#2979,#2980,#2981);
#2979 = CARTESIAN_POINT('',(5.25,248.5,38.538130468406));
#2980 = DIRECTION('',(-8.459120649229E-16,1.,-6.939098529105E-15));
#2981 = DIRECTION('',(0.5,-5.586479573106E-15,-0.866025403784));
#2982 = PCURVE('',#1044,#2983);
#2983 = DEFINITIONAL_REPRESENTATION('',(#2984),#2988);
#2984 = LINE('',#2985,#2986);
#2985 = CARTESIAN_POINT('',(6.28318530718,0.35));
#2986 = VECTOR('',#2987,1.);
#2987 = DIRECTION('',(-1.,0.));
#2988 = ( GEOMETRIC_REPRESENTATION_CONTEXT(2) 
PARAMETRIC_REPRESENTATION_CONTEXT() REPRESENTATION_CONTEXT('2D SPACE',''
  ) );
#2989 = PCURVE('',#45,#2990);
#2990 = DEFINITIONAL_REPRESENTATION('',(#2991),#2999);
#2991 = ( BOUNDED_CURVE() B_SPLINE_CURVE(2,(#2992,#2993,#2994,#2995,
#2996,#2997,#2998),.UNSPECIFIED.,.T.,.F.) B_SPLINE_CURVE_WITH_KNOTS((1,2
    ,2,2,2,1),(-2.094395102393,0.,2.094395102393,4.188790204786,
6.28318530718,8.377580409573),.UNSPECIFIED.) CURVE() 
GEOMETRIC_REPRESENTATION_ITEM() RATIONAL_B_SPLINE_CURVE((1.,0.5,1.,0.5,
1.,0.5,1.)) REPRESENTATION_ITEM('') );
#2992 = CARTESIAN_POINT('',(-1.182217447623E-16,-15.60128869403));
#2993 = CARTESIAN_POINT('',(-2.338268590218,-15.60128869403));
#2994 = CARTESIAN_POINT('',(-1.169134295109,-13.57628869403));
#2995 = CARTESIAN_POINT('',(3.319345520309E-15,-11.55128869403));
#2996 = CARTESIAN_POINT('',(1.169134295109,-13.57628869403));
#2997 = CARTESIAN_POINT('',(2.338268590218,-15.60128869403));
#2998 = CARTESIAN_POINT('',(-1.182217447623E-16,-15.60128869403));
#2999 = ( GEOMETRIC_REPRESENTATION_CONTEXT(2) 
PARAMETRIC_REPRESENTATION_CONTEXT() REPRESENTATION_CONTEXT('2D SPACE',''
  ) );
#3000 = ORIENTED_EDGE('',*,*,#2153,.F.);
#3001 = ORIENTED_EDGE('',*,*,#1029,.T.);
#3002 = ORIENTED_EDGE('',*,*,#2209,.T.);
#3003 = ADVANCED_FACE('',(#3004),#576,.F.);
#3004 = FACE_BOUND('',#3005,.F.);
#3005 = EDGE_LOOP('',(#3006,#3032,#3033,#3034));
#3006 = ORIENTED_EDGE('',*,*,#3007,.T.);
#3007 = EDGE_CURVE('',#2080,#2052,#3008,.T.);
#3008 = SURFACE_CURVE('',#3009,(#3014,#3021),.PCURVE_S1.);
#3009 = CIRCLE('',#3010,1.35);
#3010 = AXIS2_PLACEMENT_3D('',#3011,#3012,#3013);
#3011 = CARTESIAN_POINT('',(-10.5,248.5,47.631397208143));
#3012 = DIRECTION('',(-8.969183784631E-16,1.,-6.970583632014E-15));
#3013 = DIRECTION('',(0.5,-5.588243315296E-15,-0.866025403784));
#3014 = PCURVE('',#576,#3015);
#3015 = DEFINITIONAL_REPRESENTATION('',(#3016),#3020);
#3016 = LINE('',#3017,#3018);
#3017 = CARTESIAN_POINT('',(6.28318530718,0.35));
#3018 = VECTOR('',#3019,1.);
#3019 = DIRECTION('',(-1.,0.));
#3020 = ( GEOMETRIC_REPRESENTATION_CONTEXT(2) 
PARAMETRIC_REPRESENTATION_CONTEXT() REPRESENTATION_CONTEXT('2D SPACE',''
  ) );
#3021 = PCURVE('',#45,#3022);
#3022 = DEFINITIONAL_REPRESENTATION('',(#3023),#3031);
#3023 = ( BOUNDED_CURVE() B_SPLINE_CURVE(2,(#3024,#3025,#3026,#3027,
#3028,#3029,#3030),.UNSPECIFIED.,.T.,.F.) B_SPLINE_CURVE_WITH_KNOTS((1,2
    ,2,2,2,1),(-2.094395102393,0.,2.094395102393,4.188790204786,
6.28318530718,8.377580409573),.UNSPECIFIED.) CURVE() 
GEOMETRIC_REPRESENTATION_ITEM() RATIONAL_B_SPLINE_CURVE((1.,0.5,1.,0.5,
1.,0.5,1.)) REPRESENTATION_ITEM('') );
#3024 = CARTESIAN_POINT('',(-9.093266739737,0.148711305964));
#3025 = CARTESIAN_POINT('',(-11.43153532995,0.148711305964));
#3026 = CARTESIAN_POINT('',(-10.26240103484,2.173711305964));
#3027 = CARTESIAN_POINT('',(-9.093266739737,4.198711305964));
#3028 = CARTESIAN_POINT('',(-7.924132444628,2.173711305964));
#3029 = CARTESIAN_POINT('',(-6.754998149519,0.148711305964));
#3030 = CARTESIAN_POINT('',(-9.093266739737,0.148711305964));
#3031 = ( GEOMETRIC_REPRESENTATION_CONTEXT(2) 
PARAMETRIC_REPRESENTATION_CONTEXT() REPRESENTATION_CONTEXT('2D SPACE',''
  ) );
#3032 = ORIENTED_EDGE('',*,*,#2051,.F.);
#3033 = ORIENTED_EDGE('',*,*,#561,.T.);
#3034 = ORIENTED_EDGE('',*,*,#2107,.T.);
#3035 = ADVANCED_FACE('',(#3036),#810,.F.);
#3036 = FACE_BOUND('',#3037,.F.);
#3037 = EDGE_LOOP('',(#3038,#3064,#3065,#3066));
#3038 = ORIENTED_EDGE('',*,*,#3039,.T.);
#3039 = EDGE_CURVE('',#1978,#1950,#3040,.T.);
#3040 = SURFACE_CURVE('',#3041,(#3046,#3053),.PCURVE_S1.);
#3041 = CIRCLE('',#3042,1.35);
#3042 = AXIS2_PLACEMENT_3D('',#3043,#3044,#3045);
#3043 = CARTESIAN_POINT('',(11.5,248.5,47.631397208143));
#3044 = DIRECTION('',(-8.969183784631E-16,1.,-6.970583632014E-15));
#3045 = DIRECTION('',(0.5,-5.588243315296E-15,-0.866025403784));
#3046 = PCURVE('',#810,#3047);
#3047 = DEFINITIONAL_REPRESENTATION('',(#3048),#3052);
#3048 = LINE('',#3049,#3050);
#3049 = CARTESIAN_POINT('',(6.28318530718,0.35));
#3050 = VECTOR('',#3051,1.);
#3051 = DIRECTION('',(-1.,0.));
#3052 = ( GEOMETRIC_REPRESENTATION_CONTEXT(2) 
PARAMETRIC_REPRESENTATION_CONTEXT() REPRESENTATION_CONTEXT('2D SPACE',''
  ) );
#3053 = PCURVE('',#45,#3054);
#3054 = DEFINITIONAL_REPRESENTATION('',(#3055),#3063);
#3055 = ( BOUNDED_CURVE() B_SPLINE_CURVE(2,(#3056,#3057,#3058,#3059,
#3060,#3061,#3062),.UNSPECIFIED.,.T.,.F.) B_SPLINE_CURVE_WITH_KNOTS((1,2
    ,2,2,2,1),(-2.094395102393,0.,2.094395102393,4.188790204786,
6.28318530718,8.377580409573),.UNSPECIFIED.) CURVE() 
GEOMETRIC_REPRESENTATION_ITEM() RATIONAL_B_SPLINE_CURVE((1.,0.5,1.,0.5,
1.,0.5,1.)) REPRESENTATION_ITEM('') );
#3056 = CARTESIAN_POINT('',(9.959292143521,-10.85128869403));
#3057 = CARTESIAN_POINT('',(7.621023553303,-10.85128869403));
#3058 = CARTESIAN_POINT('',(8.790157848412,-8.826288694036));
#3059 = CARTESIAN_POINT('',(9.959292143521,-6.801288694036));
#3060 = CARTESIAN_POINT('',(11.12842643863,-8.826288694036));
#3061 = CARTESIAN_POINT('',(12.297560733739,-10.85128869403));
#3062 = CARTESIAN_POINT('',(9.959292143521,-10.85128869403));
#3063 = ( GEOMETRIC_REPRESENTATION_CONTEXT(2) 
PARAMETRIC_REPRESENTATION_CONTEXT() REPRESENTATION_CONTEXT('2D SPACE',''
  ) );
#3064 = ORIENTED_EDGE('',*,*,#1949,.F.);
#3065 = ORIENTED_EDGE('',*,*,#795,.T.);
#3066 = ORIENTED_EDGE('',*,*,#2005,.T.);
#3067 = ADVANCED_FACE('',(#3068),#927,.F.);
#3068 = FACE_BOUND('',#3069,.F.);
#3069 = EDGE_LOOP('',(#3070,#3096,#3097,#3098));
#3070 = ORIENTED_EDGE('',*,*,#3071,.T.);
#3071 = EDGE_CURVE('',#1876,#1848,#3072,.T.);
#3072 = SURFACE_CURVE('',#3073,(#3078,#3085),.PCURVE_S1.);
#3073 = CIRCLE('',#3074,1.35);
#3074 = AXIS2_PLACEMENT_3D('',#3075,#3076,#3077);
#3075 = CARTESIAN_POINT('',(-5.75,248.5,37.672105064621));
#3076 = DIRECTION('',(-8.969183784631E-16,1.,-6.970583632014E-15));
#3077 = DIRECTION('',(0.5,-5.588243315296E-15,-0.866025403784));
#3078 = PCURVE('',#927,#3079);
#3079 = DEFINITIONAL_REPRESENTATION('',(#3080),#3084);
#3080 = LINE('',#3081,#3082);
#3081 = CARTESIAN_POINT('',(6.28318530718,0.35));
#3082 = VECTOR('',#3083,1.);
#3083 = DIRECTION('',(-1.,0.));
#3084 = ( GEOMETRIC_REPRESENTATION_CONTEXT(2) 
PARAMETRIC_REPRESENTATION_CONTEXT() REPRESENTATION_CONTEXT('2D SPACE',''
  ) );
#3085 = PCURVE('',#45,#3086);
#3086 = DEFINITIONAL_REPRESENTATION('',(#3087),#3095);
#3087 = ( BOUNDED_CURVE() B_SPLINE_CURVE(2,(#3088,#3089,#3090,#3091,
#3092,#3093,#3094),.UNSPECIFIED.,.T.,.F.) B_SPLINE_CURVE_WITH_KNOTS((1,2
    ,2,2,2,1),(-2.094395102393,0.,2.094395102393,4.188790204786,
6.28318530718,8.377580409573),.UNSPECIFIED.) CURVE() 
GEOMETRIC_REPRESENTATION_ITEM() RATIONAL_B_SPLINE_CURVE((1.,0.5,1.,0.5,
1.,0.5,1.)) REPRESENTATION_ITEM('') );
#3088 = CARTESIAN_POINT('',(-9.959292143521,-10.85128869403));
#3089 = CARTESIAN_POINT('',(-12.29756073373,-10.85128869403));
#3090 = CARTESIAN_POINT('',(-11.12842643863,-8.826288694036));
#3091 = CARTESIAN_POINT('',(-9.959292143521,-6.801288694036));
#3092 = CARTESIAN_POINT('',(-8.790157848412,-8.826288694036));
#3093 = CARTESIAN_POINT('',(-7.621023553303,-10.85128869403));
#3094 = CARTESIAN_POINT('',(-9.959292143521,-10.85128869403));
#3095 = ( GEOMETRIC_REPRESENTATION_CONTEXT(2) 
PARAMETRIC_REPRESENTATION_CONTEXT() REPRESENTATION_CONTEXT('2D SPACE',''
  ) );
#3096 = ORIENTED_EDGE('',*,*,#1847,.F.);
#3097 = ORIENTED_EDGE('',*,*,#912,.T.);
#3098 = ORIENTED_EDGE('',*,*,#1903,.T.);
#3099 = ADVANCED_FACE('',(#3100),#459,.F.);
#3100 = FACE_BOUND('',#3101,.F.);
#3101 = EDGE_LOOP('',(#3102,#3128,#3129,#3130));
#3102 = ORIENTED_EDGE('',*,*,#3103,.T.);
#3103 = EDGE_CURVE('',#1774,#1746,#3104,.T.);
#3104 = SURFACE_CURVE('',#3105,(#3110,#3117),.PCURVE_S1.);
#3105 = CIRCLE('',#3106,1.35);
#3106 = AXIS2_PLACEMENT_3D('',#3107,#3108,#3109);
#3107 = CARTESIAN_POINT('',(-5.75,248.5,57.590689351664));
#3108 = DIRECTION('',(-8.459120649229E-16,1.,-6.939098529105E-15));
#3109 = DIRECTION('',(0.5,-5.586479573106E-15,-0.866025403784));
#3110 = PCURVE('',#459,#3111);
#3111 = DEFINITIONAL_REPRESENTATION('',(#3112),#3116);
#3112 = LINE('',#3113,#3114);
#3113 = CARTESIAN_POINT('',(6.28318530718,0.35));
#3114 = VECTOR('',#3115,1.);
#3115 = DIRECTION('',(-1.,0.));
#3116 = ( GEOMETRIC_REPRESENTATION_CONTEXT(2) 
PARAMETRIC_REPRESENTATION_CONTEXT() REPRESENTATION_CONTEXT('2D SPACE',''
  ) );
#3117 = PCURVE('',#45,#3118);
#3118 = DEFINITIONAL_REPRESENTATION('',(#3119),#3127);
#3119 = ( BOUNDED_CURVE() B_SPLINE_CURVE(2,(#3120,#3121,#3122,#3123,
#3124,#3125,#3126),.UNSPECIFIED.,.T.,.F.) B_SPLINE_CURVE_WITH_KNOTS((1,2
    ,2,2,2,1),(-2.094395102393,0.,2.094395102393,4.188790204786,
6.28318530718,8.377580409573),.UNSPECIFIED.) CURVE() 
GEOMETRIC_REPRESENTATION_ITEM() RATIONAL_B_SPLINE_CURVE((1.,0.5,1.,0.5,
1.,0.5,1.)) REPRESENTATION_ITEM('') );
#3120 = CARTESIAN_POINT('',(-7.028249850029E-15,6.398711305964));
#3121 = CARTESIAN_POINT('',(-2.338268590218,6.398711305964));
#3122 = CARTESIAN_POINT('',(-1.169134295109,8.423711305964));
#3123 = CARTESIAN_POINT('',(-1.489534828748E-14,10.448711305964));
#3124 = CARTESIAN_POINT('',(1.169134295109,8.423711305964));
#3125 = CARTESIAN_POINT('',(2.338268590218,6.398711305964));
#3126 = CARTESIAN_POINT('',(-7.028249850029E-15,6.398711305964));
#3127 = ( GEOMETRIC_REPRESENTATION_CONTEXT(2) 
PARAMETRIC_REPRESENTATION_CONTEXT() REPRESENTATION_CONTEXT('2D SPACE',''
  ) );
#3128 = ORIENTED_EDGE('',*,*,#1745,.F.);
#3129 = ORIENTED_EDGE('',*,*,#444,.T.);
#3130 = ORIENTED_EDGE('',*,*,#1801,.T.);
#3131 = ADVANCED_FACE('',(#3132),#994,.F.);
#3132 = FACE_BOUND('',#3133,.F.);
#3133 = EDGE_LOOP('',(#3134,#3135,#3136,#3137));
#3134 = ORIENTED_EDGE('',*,*,#977,.T.);
#3135 = ORIENTED_EDGE('',*,*,#1638,.F.);
#3136 = ORIENTED_EDGE('',*,*,#2846,.T.);
#3137 = ORIENTED_EDGE('',*,*,#1688,.T.);
#3138 = ADVANCED_FACE('',(#3139),#877,.F.);
#3139 = FACE_BOUND('',#3140,.F.);
#3140 = EDGE_LOOP('',(#3141,#3142,#3143,#3144));
#3141 = ORIENTED_EDGE('',*,*,#860,.T.);
#3142 = ORIENTED_EDGE('',*,*,#1509,.F.);
#3143 = ORIENTED_EDGE('',*,*,#2756,.T.);
#3144 = ORIENTED_EDGE('',*,*,#1581,.T.);
#3145 = ADVANCED_FACE('',(#3146),#760,.F.);
#3146 = FACE_BOUND('',#3147,.F.);
#3147 = EDGE_LOOP('',(#3148,#3149,#3150,#3151));
#3148 = ORIENTED_EDGE('',*,*,#743,.T.);
#3149 = ORIENTED_EDGE('',*,*,#1380,.F.);
#3150 = ORIENTED_EDGE('',*,*,#2786,.T.);
#3151 = ORIENTED_EDGE('',*,*,#1452,.T.);
#3152 = ADVANCED_FACE('',(#3153),#643,.F.);
#3153 = FACE_BOUND('',#3154,.F.);
#3154 = EDGE_LOOP('',(#3155,#3156,#3157,#3158));
#3155 = ORIENTED_EDGE('',*,*,#626,.T.);
#3156 = ORIENTED_EDGE('',*,*,#1273,.F.);
#3157 = ORIENTED_EDGE('',*,*,#2876,.T.);
#3158 = ORIENTED_EDGE('',*,*,#1323,.T.);
#3159 = ADVANCED_FACE('',(#3160),#526,.F.);
#3160 = FACE_BOUND('',#3161,.F.);
#3161 = EDGE_LOOP('',(#3162,#3163,#3164,#3165));
#3162 = ORIENTED_EDGE('',*,*,#509,.T.);
#3163 = ORIENTED_EDGE('',*,*,#1166,.F.);
#3164 = ORIENTED_EDGE('',*,*,#2816,.T.);
#3165 = ORIENTED_EDGE('',*,*,#1216,.T.);
#3166 = ADVANCED_FACE('',(#3167),#409,.F.);
#3167 = FACE_BOUND('',#3168,.F.);
#3168 = EDGE_LOOP('',(#3169,#3170,#3171,#3172));
#3169 = ORIENTED_EDGE('',*,*,#392,.T.);
#3170 = ORIENTED_EDGE('',*,*,#1059,.F.);
#3171 = ORIENTED_EDGE('',*,*,#2726,.T.);
#3172 = ORIENTED_EDGE('',*,*,#1109,.T.);
#3173 = ADVANCED_FACE('',(#3174),#965,.F.);
#3174 = FACE_BOUND('',#3175,.F.);
#3175 = EDGE_LOOP('',(#3176,#3177,#3178,#3179));
#3176 = ORIENTED_EDGE('',*,*,#1666,.F.);
#3177 = ORIENTED_EDGE('',*,*,#942,.F.);
#3178 = ORIENTED_EDGE('',*,*,#2230,.F.);
#3179 = ORIENTED_EDGE('',*,*,#1006,.T.);
#3180 = ADVANCED_FACE('',(#3181),#848,.F.);
#3181 = FACE_BOUND('',#3182,.F.);
#3182 = EDGE_LOOP('',(#3183,#3184,#3185,#3186));
#3183 = ORIENTED_EDGE('',*,*,#1559,.F.);
#3184 = ORIENTED_EDGE('',*,*,#825,.F.);
#3185 = ORIENTED_EDGE('',*,*,#1924,.F.);
#3186 = ORIENTED_EDGE('',*,*,#889,.T.);
#3187 = ADVANCED_FACE('',(#3188),#731,.F.);
#3188 = FACE_BOUND('',#3189,.F.);
#3189 = EDGE_LOOP('',(#3190,#3191,#3192,#3193));
#3190 = ORIENTED_EDGE('',*,*,#1430,.F.);
#3191 = ORIENTED_EDGE('',*,*,#708,.F.);
#3192 = ORIENTED_EDGE('',*,*,#2026,.F.);
#3193 = ORIENTED_EDGE('',*,*,#772,.T.);
#3194 = ADVANCED_FACE('',(#3195),#614,.F.);
#3195 = FACE_BOUND('',#3196,.F.);
#3196 = EDGE_LOOP('',(#3197,#3198,#3199,#3200));
#3197 = ORIENTED_EDGE('',*,*,#1301,.F.);
#3198 = ORIENTED_EDGE('',*,*,#591,.F.);
#3199 = ORIENTED_EDGE('',*,*,#2354,.F.);
#3200 = ORIENTED_EDGE('',*,*,#655,.T.);
#3201 = ADVANCED_FACE('',(#3202),#497,.F.);
#3202 = FACE_BOUND('',#3203,.F.);
#3203 = EDGE_LOOP('',(#3204,#3205,#3206,#3207));
#3204 = ORIENTED_EDGE('',*,*,#1194,.F.);
#3205 = ORIENTED_EDGE('',*,*,#474,.F.);
#3206 = ORIENTED_EDGE('',*,*,#2128,.F.);
#3207 = ORIENTED_EDGE('',*,*,#538,.T.);
#3208 = ADVANCED_FACE('',(#3209),#380,.F.);
#3209 = FACE_BOUND('',#3210,.F.);
#3210 = EDGE_LOOP('',(#3211,#3212,#3213,#3214));
#3211 = ORIENTED_EDGE('',*,*,#1087,.F.);
#3212 = ORIENTED_EDGE('',*,*,#357,.F.);
#3213 = ORIENTED_EDGE('',*,*,#1822,.F.);
#3214 = ORIENTED_EDGE('',*,*,#421,.T.);
#3215 = ADVANCED_FACE('',(#3216,#3241,#3245,#3249,#3253,#3257,#3261,
    #3265),#45,.T.);
#3216 = FACE_BOUND('',#3217,.T.);
#3217 = EDGE_LOOP('',(#3218,#3240));
#3218 = ORIENTED_EDGE('',*,*,#3219,.F.);
#3219 = EDGE_CURVE('',#260,#288,#3220,.T.);
#3220 = SURFACE_CURVE('',#3221,(#3226,#3233),.PCURVE_S1.);
#3221 = CIRCLE('',#3222,4.2);
#3222 = AXIS2_PLACEMENT_3D('',#3223,#3224,#3225);
#3223 = CARTESIAN_POINT('',(-2.760245039772E-14,248.5,47.631397208143));
#3224 = DIRECTION('',(8.854721719966E-16,-1.,6.963975161629E-15));
#3225 = DIRECTION('',(0.866025403784,4.248828976108E-15,0.5));
#3226 = PCURVE('',#45,#3227);
#3227 = DEFINITIONAL_REPRESENTATION('',(#3228),#3232);
#3228 = CIRCLE('',#3229,4.2);
#3229 = AXIS2_PLACEMENT_2D('',#3230,#3231);
#3230 = CARTESIAN_POINT('',(-7.105427357601E-15,-3.751288694036));
#3231 = DIRECTION('',(1.,0.));
#3232 = ( GEOMETRIC_REPRESENTATION_CONTEXT(2) 
PARAMETRIC_REPRESENTATION_CONTEXT() REPRESENTATION_CONTEXT('2D SPACE',''
  ) );
#3233 = PCURVE('',#244,#3234);
#3234 = DEFINITIONAL_REPRESENTATION('',(#3235),#3239);
#3235 = LINE('',#3236,#3237);
#3236 = CARTESIAN_POINT('',(0.,3.2));
#3237 = VECTOR('',#3238,1.);
#3238 = DIRECTION('',(1.,7.996415229147E-16));
#3239 = ( GEOMETRIC_REPRESENTATION_CONTEXT(2) 
PARAMETRIC_REPRESENTATION_CONTEXT() REPRESENTATION_CONTEXT('2D SPACE',''
  ) );
#3240 = ORIENTED_EDGE('',*,*,#287,.F.);
#3241 = FACE_BOUND('',#3242,.T.);
#3242 = EDGE_LOOP('',(#3243,#3244));
#3243 = ORIENTED_EDGE('',*,*,#1773,.T.);
#3244 = ORIENTED_EDGE('',*,*,#3103,.T.);
#3245 = FACE_BOUND('',#3246,.T.);
#3246 = EDGE_LOOP('',(#3247,#3248));
#3247 = ORIENTED_EDGE('',*,*,#1875,.T.);
#3248 = ORIENTED_EDGE('',*,*,#3071,.T.);
#3249 = FACE_BOUND('',#3250,.T.);
#3250 = EDGE_LOOP('',(#3251,#3252));
#3251 = ORIENTED_EDGE('',*,*,#1977,.T.);
#3252 = ORIENTED_EDGE('',*,*,#3039,.T.);
#3253 = FACE_BOUND('',#3254,.T.);
#3254 = EDGE_LOOP('',(#3255,#3256));
#3255 = ORIENTED_EDGE('',*,*,#2079,.T.);
#3256 = ORIENTED_EDGE('',*,*,#3007,.T.);
#3257 = FACE_BOUND('',#3258,.T.);
#3258 = EDGE_LOOP('',(#3259,#3260));
#3259 = ORIENTED_EDGE('',*,*,#2181,.T.);
#3260 = ORIENTED_EDGE('',*,*,#2975,.T.);
#3261 = FACE_BOUND('',#3262,.T.);
#3262 = EDGE_LOOP('',(#3263,#3264));
#3263 = ORIENTED_EDGE('',*,*,#2305,.T.);
#3264 = ORIENTED_EDGE('',*,*,#2943,.T.);
#3265 = FACE_BOUND('',#3266,.T.);
#3266 = EDGE_LOOP('',(#3267,#3268));
#3267 = ORIENTED_EDGE('',*,*,#21,.F.);
#3268 = ORIENTED_EDGE('',*,*,#3269,.F.);
#3269 = EDGE_CURVE('',#24,#22,#3270,.T.);
#3270 = SURFACE_CURVE('',#3271,(#3276,#3287),.PCURVE_S1.);
#3271 = CIRCLE('',#3272,13.8);
#3272 = AXIS2_PLACEMENT_3D('',#3273,#3274,#3275);
#3273 = CARTESIAN_POINT('',(-3.063845130344E-14,248.5,47.631397208143));
#3274 = DIRECTION('',(-9.22524013291E-16,1.,-6.922496697968E-15));
#3275 = DIRECTION('',(0.5,-5.533795991409E-15,-0.866025403784));
#3276 = PCURVE('',#45,#3277);
#3277 = DEFINITIONAL_REPRESENTATION('',(#3278),#3286);
#3278 = ( BOUNDED_CURVE() B_SPLINE_CURVE(2,(#3279,#3280,#3281,#3282,
#3283,#3284,#3285),.UNSPECIFIED.,.T.,.F.) B_SPLINE_CURVE_WITH_KNOTS((1,2
    ,2,2,2,1),(-2.094395102393,0.,2.094395102393,4.188790204786,
6.28318530718,8.377580409573),.UNSPECIFIED.) CURVE() 
GEOMETRIC_REPRESENTATION_ITEM() RATIONAL_B_SPLINE_CURVE((1.,0.5,1.,0.5,
1.,0.5,1.)) REPRESENTATION_ITEM('') );
#3279 = CARTESIAN_POINT('',(-7.105427357601E-15,-17.55128869403));
#3280 = CARTESIAN_POINT('',(-23.90230114445,-17.55128869403));
#3281 = CARTESIAN_POINT('',(-11.95115057222,3.148711305964));
#3282 = CARTESIAN_POINT('',(-2.949008721566E-15,23.848711305964));
#3283 = CARTESIAN_POINT('',(11.951150572225,3.148711305964));
#3284 = CARTESIAN_POINT('',(23.902301144451,-17.55128869403));
#3285 = CARTESIAN_POINT('',(-7.105427357601E-15,-17.55128869403));
#3286 = ( GEOMETRIC_REPRESENTATION_CONTEXT(2) 
PARAMETRIC_REPRESENTATION_CONTEXT() REPRESENTATION_CONTEXT('2D SPACE',''
  ) );
#3287 = PCURVE('',#77,#3288);
#3288 = DEFINITIONAL_REPRESENTATION('',(#3289),#3293);
#3289 = LINE('',#3290,#3291);
#3290 = CARTESIAN_POINT('',(-1.33226762955E-15,12.800000000001));
#3291 = VECTOR('',#3292,1.);
#3292 = DIRECTION('',(1.,-3.998207614573E-15));
#3293 = ( GEOMETRIC_REPRESENTATION_CONTEXT(2) 
PARAMETRIC_REPRESENTATION_CONTEXT() REPRESENTATION_CONTEXT('2D SPACE',''
  ) );
#3294 = ADVANCED_FACE('',(#3295),#244,.F.);
#3295 = FACE_BOUND('',#3296,.F.);
#3296 = EDGE_LOOP('',(#3297,#3298,#3299,#3300));
#3297 = ORIENTED_EDGE('',*,*,#3219,.F.);
#3298 = ORIENTED_EDGE('',*,*,#259,.F.);
#3299 = ORIENTED_EDGE('',*,*,#229,.T.);
#3300 = ORIENTED_EDGE('',*,*,#311,.T.);
#3301 = ADVANCED_FACE('',(#3302),#165,.F.);
#3302 = FACE_BOUND('',#3303,.F.);
#3303 = EDGE_LOOP('',(#3304,#3305,#3306,#3307));
#3304 = ORIENTED_EDGE('',*,*,#2651,.T.);
#3305 = ORIENTED_EDGE('',*,*,#142,.F.);
#3306 = ORIENTED_EDGE('',*,*,#332,.F.);
#3307 = ORIENTED_EDGE('',*,*,#206,.T.);
#3308 = ADVANCED_FACE('',(#3309),#77,.T.);
#3309 = FACE_BOUND('',#3310,.T.);
#3310 = EDGE_LOOP('',(#3311,#3312,#3313,#3314));
#3311 = ORIENTED_EDGE('',*,*,#61,.F.);
#3312 = ORIENTED_EDGE('',*,*,#3269,.T.);
#3313 = ORIENTED_EDGE('',*,*,#118,.T.);
#3314 = ORIENTED_EDGE('',*,*,#2918,.T.);
#3315 = ( GEOMETRIC_REPRESENTATION_CONTEXT(3) 
GLOBAL_UNCERTAINTY_ASSIGNED_CONTEXT((#3319)) 
GLOBAL_UNIT_ASSIGNED_CONTEXT((#3316,#3317,#3318)) REPRESENTATION_CONTEXT
('Context #1','3D Context with UNIT and UNCERTAINTY') );
#3316 = ( LENGTH_UNIT() NAMED_UNIT(*) SI_UNIT(.MILLI.,.METRE.) );
#3317 = ( NAMED_UNIT(*) PLANE_ANGLE_UNIT() SI_UNIT($,.RADIAN.) );
#3318 = ( NAMED_UNIT(*) SI_UNIT($,.STERADIAN.) SOLID_ANGLE_UNIT() );
#3319 = UNCERTAINTY_MEASURE_WITH_UNIT(LENGTH_MEASURE(1.E-07),#3316,
  'distance_accuracy_value','confusion accuracy');
#3320 = PRODUCT_RELATED_PRODUCT_CATEGORY('part',$,(#7));
ENDSEC;
END-ISO-10303-21;
