ISO-10303-21;
HEADER;
FILE_DESCRIPTION(('Open CASCADE Model'),'2;1');
FILE_NAME('Open CASCADE Shape Model','2026-09-19T11:07:50',('Author'),(
    'Open CASCADE'),'Open CASCADE STEP processor 7.9','Open CASCADE 7.9'
  ,'Unknown');
FILE_SCHEMA(('AUTOMOTIVE_DESIGN { 1 0 10303 214 1 1 1 1 }'));
ENDSEC;
DATA;
#1 = APPLICATION_PROTOCOL_DEFINITION('international standard',
  'automotive_design',2000,#2);
#2 = APPLICATION_CONTEXT(
  'core data for automotive mechanical design processes');
#3 = SHAPE_DEFINITION_REPRESENTATION(#4,#10);
#4 = PRODUCT_DEFINITION_SHAPE('','',#5);
#5 = PRODUCT_DEFINITION('design','',#6,#9);
#6 = PRODUCT_DEFINITION_FORMATION('','',#7);
#7 = PRODUCT('Open CASCADE STEP translator 7.9 25',
  'Open CASCADE STEP translator 7.9 25','',(#8));
#8 = PRODUCT_CONTEXT('',#2,'mechanical');
#9 = PRODUCT_DEFINITION_CONTEXT('part definition',#2,'design');
#10 = ADVANCED_BREP_SHAPE_REPRESENTATION('',(#11,#15),#16040);
#11 = AXIS2_PLACEMENT_3D('',#12,#13,#14);
#12 = CARTESIAN_POINT('',(0.,0.,0.));
#13 = DIRECTION('',(0.,0.,1.));
#14 = DIRECTION('',(1.,0.,-0.));
#15 = MANIFOLD_SOLID_BREP('',#16);
#16 = CLOSED_SHELL('',(#17,#240,#501,#622,#704,#825,#946,#1068,#1259,
    #1494,#1572,#1735,#1851,#1967,#2083,#2199,#2316,#2428,#2540,#2652,
    #2764,#2876,#2987,#3098,#3209,#3320,#3431,#3542,#3653,#3768,#3883,
    #3998,#4113,#4408,#4523,#4638,#4753,#4868,#4983,#5098,#5252,#5593,
    #5742,#5799,#6229,#6344,#6739,#7175,#7207,#7239,#7271,#7303,#7335,
    #7414,#7491,#7564,#7698,#7730,#7762,#7794,#7826,#7879,#7932,#7985,
    #8038,#8091,#8144,#8388,#8493,#8751,#8924,#9241,#9270,#9300,#9307,
    #9337,#9344,#9374,#9381,#9411,#9418,#9448,#9455,#9485,#9492,#9522,
    #9529,#9559,#9566,#9596,#9603,#9633,#9640,#10317,#10422,#10532,
    #11211,#11315,#11322,#11372,#11399,#11426,#11455,#11487,#11496,
    #11528,#11535,#11566,#11577,#11609,#11616,#11646,#11653,#11729,
    #11779,#11828,#11900,#11949,#11998,#12025,#12052,#12065,#12160,
    #12294,#12365,#12414,#12441,#12490,#12517,#12566,#12640,#12736,
    #12763,#12793,#12800,#12849,#12898,#12925,#12952,#12979,#12986,
    #13060,#13157,#13184,#13211,#13238,#13265,#13292,#13366,#13393,
    #13490,#13517,#13544,#13571,#13598,#13625,#13652,#13679,#13706,
    #13733,#13760,#13767,#13866,#13894,#13905,#13976,#14003,#14030,
    #14037,#14044,#14051,#14151,#14274,#14665,#15760,#15813,#15838,
    #15864,#15893,#15944,#15953,#15978,#16004,#16033));
#17 = ADVANCED_FACE('',(#18),#32,.F.);
#18 = FACE_BOUND('',#19,.F.);
#19 = EDGE_LOOP('',(#20,#55,#84,#107));
#20 = ORIENTED_EDGE('',*,*,#21,.T.);
#21 = EDGE_CURVE('',#22,#24,#26,.T.);
#22 = VERTEX_POINT('',#23);
#23 = CARTESIAN_POINT('',(-3.399999999998,255.,33.8959503643));
#24 = VERTEX_POINT('',#25);
#25 = CARTESIAN_POINT('',(-3.399999999998,255.,31.481397208143));
#26 = SURFACE_CURVE('',#27,(#31,#43),.PCURVE_S1.);
#27 = LINE('',#28,#29);
#28 = CARTESIAN_POINT('',(-3.399999999998,255.,36.481397208143));
#29 = VECTOR('',#30,1.);
#30 = DIRECTION('',(2.775557561563E-17,-7.136298725426E-15,-1.));
#31 = PCURVE('',#32,#37);
#32 = CYLINDRICAL_SURFACE('',#33,1.350000000006);
#33 = AXIS2_PLACEMENT_3D('',#34,#35,#36);
#34 = CARTESIAN_POINT('',(-4.750000000003,255.,36.481397208143));
#35 = DIRECTION('',(2.775557561563E-17,-7.136298725426E-15,-1.));
#36 = DIRECTION('',(1.,6.450531537933E-16,2.775557561562E-17));
#37 = DEFINITIONAL_REPRESENTATION('',(#38),#42);
#38 = LINE('',#39,#40);
#39 = CARTESIAN_POINT('',(6.28318530718,0.));
#40 = VECTOR('',#41,1.);
#41 = DIRECTION('',(0.,1.));
#42 = ( GEOMETRIC_REPRESENTATION_CONTEXT(2) 
PARAMETRIC_REPRESENTATION_CONTEXT() REPRESENTATION_CONTEXT('2D SPACE',''
  ) );
#43 = PCURVE('',#44,#49);
#44 = CYLINDRICAL_SURFACE('',#45,1.350000000006);
#45 = AXIS2_PLACEMENT_3D('',#46,#47,#48);
#46 = CARTESIAN_POINT('',(-4.750000000003,255.,36.481397208143));
#47 = DIRECTION('',(2.775557561563E-17,-7.136298725426E-15,-1.));
#48 = DIRECTION('',(1.,6.450531537933E-16,2.775557561562E-17));
#49 = DEFINITIONAL_REPRESENTATION('',(#50),#54);
#50 = LINE('',#51,#52);
#51 = CARTESIAN_POINT('',(0.,0.));
#52 = VECTOR('',#53,1.);
#53 = DIRECTION('',(0.,1.));
#54 = ( GEOMETRIC_REPRESENTATION_CONTEXT(2) 
PARAMETRIC_REPRESENTATION_CONTEXT() REPRESENTATION_CONTEXT('2D SPACE',''
  ) );
#55 = ORIENTED_EDGE('',*,*,#56,.F.);
#56 = EDGE_CURVE('',#57,#24,#59,.T.);
#57 = VERTEX_POINT('',#58);
#58 = CARTESIAN_POINT('',(-6.100000000009,255.,31.481397208143));
#59 = SURFACE_CURVE('',#60,(#65,#72),.PCURVE_S1.);
#60 = CIRCLE('',#61,1.350000000006);
#61 = AXIS2_PLACEMENT_3D('',#62,#63,#64);
#62 = CARTESIAN_POINT('',(-4.750000000003,255.,31.481397208143));
#63 = DIRECTION('',(2.775557561563E-17,-7.136298725426E-15,-1.));
#64 = DIRECTION('',(1.,6.450531537933E-16,2.775557561562E-17));
#65 = PCURVE('',#32,#66);
#66 = DEFINITIONAL_REPRESENTATION('',(#67),#71);
#67 = LINE('',#68,#69);
#68 = CARTESIAN_POINT('',(0.,5.));
#69 = VECTOR('',#70,1.);
#70 = DIRECTION('',(1.,0.));
#71 = ( GEOMETRIC_REPRESENTATION_CONTEXT(2) 
PARAMETRIC_REPRESENTATION_CONTEXT() REPRESENTATION_CONTEXT('2D SPACE',''
  ) );
#72 = PCURVE('',#73,#78);
#73 = PLANE('',#74);
#74 = AXIS2_PLACEMENT_3D('',#75,#76,#77);
#75 = CARTESIAN_POINT('',(-7.572121847349E-14,259.5,31.481397208142));
#76 = DIRECTION('',(2.775557561563E-17,-7.136298725426E-15,-1.));
#77 = DIRECTION('',(1.,6.450531537933E-16,2.775557561562E-17));
#78 = DEFINITIONAL_REPRESENTATION('',(#79),#83);
#79 = CIRCLE('',#80,1.350000000006);
#80 = AXIS2_PLACEMENT_2D('',#81,#82);
#81 = CARTESIAN_POINT('',(-4.750000000003,4.499999999992));
#82 = DIRECTION('',(1.,0.));
#83 = ( GEOMETRIC_REPRESENTATION_CONTEXT(2) 
PARAMETRIC_REPRESENTATION_CONTEXT() REPRESENTATION_CONTEXT('2D SPACE',''
  ) );
#84 = ORIENTED_EDGE('',*,*,#85,.F.);
#85 = EDGE_CURVE('',#86,#57,#88,.T.);
#86 = VERTEX_POINT('',#87);
#87 = CARTESIAN_POINT('',(-6.10000000001,255.,34.863762344947));
#88 = SURFACE_CURVE('',#89,(#93,#100),.PCURVE_S1.);
#89 = LINE('',#90,#91);
#90 = CARTESIAN_POINT('',(-6.100000000009,255.,36.481397208143));
#91 = VECTOR('',#92,1.);
#92 = DIRECTION('',(2.775557561563E-17,-7.136298725426E-15,-1.));
#93 = PCURVE('',#32,#94);
#94 = DEFINITIONAL_REPRESENTATION('',(#95),#99);
#95 = LINE('',#96,#97);
#96 = CARTESIAN_POINT('',(3.14159265359,0.));
#97 = VECTOR('',#98,1.);
#98 = DIRECTION('',(0.,1.));
#99 = ( GEOMETRIC_REPRESENTATION_CONTEXT(2) 
PARAMETRIC_REPRESENTATION_CONTEXT() REPRESENTATION_CONTEXT('2D SPACE',''
  ) );
#100 = PCURVE('',#44,#101);
#101 = DEFINITIONAL_REPRESENTATION('',(#102),#106);
#102 = LINE('',#103,#104);
#103 = CARTESIAN_POINT('',(3.14159265359,0.));
#104 = VECTOR('',#105,1.);
#105 = DIRECTION('',(0.,1.));
#106 = ( GEOMETRIC_REPRESENTATION_CONTEXT(2) 
PARAMETRIC_REPRESENTATION_CONTEXT() REPRESENTATION_CONTEXT('2D SPACE',''
  ) );
#107 = ORIENTED_EDGE('',*,*,#108,.T.);
#108 = EDGE_CURVE('',#86,#22,#109,.T.);
#109 = SURFACE_CURVE('',#110,(#133,#184),.PCURVE_S1.);
#110 = B_SPLINE_CURVE_WITH_KNOTS('',3,(#111,#112,#113,#114,#115,#116,
    #117,#118,#119,#120,#121,#122,#123,#124,#125,#126,#127,#128,#129,
    #130,#131,#132),.UNSPECIFIED.,.F.,.F.,(4,2,2,2,2,2,2,2,2,2,4),(
    4.358333836021E-03,4.902572467193E-03,5.174691782779E-03,
    5.446811098365E-03,6.535288360709E-03,7.079526991881E-03,
    7.351646307467E-03,7.623765623053E-03,7.895884938639E-03,
    8.168004254225E-03,8.712242885397E-03),.UNSPECIFIED.);
#111 = CARTESIAN_POINT('',(-6.10000000001,255.,34.863762344947));
#112 = CARTESIAN_POINT('',(-6.100000000009,255.18215196485,
    34.863762344947));
#113 = CARTESIAN_POINT('',(-6.062064453237,255.364666207,34.845472695318
    ));
#114 = CARTESIAN_POINT('',(-5.95688485607,255.6114961874,34.796307781799
    ));
#115 = CARTESIAN_POINT('',(-5.913309375834,255.69066932898,
    34.776114648154));
#116 = CARTESIAN_POINT('',(-5.813322024957,255.8364562733,
    34.730590857157));
#117 = CARTESIAN_POINT('',(-5.757071057789,255.90328205765,
    34.705327939813));
#118 = CARTESIAN_POINT('',(-5.44548889323,256.20853823134,34.56834653003
    ));
#119 = CARTESIAN_POINT('',(-5.110781560743,256.34576012434,
    34.431536545499));
#120 = CARTESIAN_POINT('',(-4.593952674276,256.35197361064,
    34.246645576333));
#121 = CARTESIAN_POINT('',(-4.421916417855,256.32118333217,
    34.188986336231));
#122 = CARTESIAN_POINT('',(-4.177251915895,256.22561237375,
    34.111767769985));
#123 = CARTESIAN_POINT('',(-4.099267624714,256.18608816151,
    34.087966657886));
#124 = CARTESIAN_POINT('',(-3.950672047492,256.09148182552,
    34.043877327685));
#125 = CARTESIAN_POINT('',(-3.879415316238,256.03563318014,
    34.023417916663));
#126 = CARTESIAN_POINT('',(-3.750743330796,255.91210738647,
    33.987391635742));
#127 = CARTESIAN_POINT('',(-3.692717030968,255.84426902501,
    33.971632301572));
#128 = CARTESIAN_POINT('',(-3.589788918641,255.69609461275,
    33.944222485316));
#129 = CARTESIAN_POINT('',(-3.545217570066,255.61575390528,
    33.932664216515));
#130 = CARTESIAN_POINT('',(-3.438308495427,255.36685105721,
    33.905292608864));
#131 = CARTESIAN_POINT('',(-3.399999999998,255.18404738279,33.8959503643
    ));
#132 = CARTESIAN_POINT('',(-3.399999999998,255.,33.8959503643));
#133 = PCURVE('',#32,#134);
#134 = DEFINITIONAL_REPRESENTATION('',(#135),#183);
#135 = B_SPLINE_CURVE_WITH_KNOTS('',3,(#136,#137,#138,#139,#140,#141,
    #142,#143,#144,#145,#146,#147,#148,#149,#150,#151,#152,#153,#154,
    #155,#156,#157,#158,#159,#160,#161,#162,#163,#164,#165,#166,#167,
    #168,#169,#170,#171,#172,#173,#174,#175,#176,#177,#178,#179,#180,
    #181,#182),.UNSPECIFIED.,.F.,.F.,(4,1,1,1,1,1,1,1,1,1,1,1,1,1,1,1,1,
    1,1,1,1,1,1,1,1,1,1,1,1,1,1,1,1,1,1,1,1,1,1,1,1,1,1,1,4),(
    4.358333836021E-03,4.457286314416E-03,4.556238792811E-03,
    4.655191271206E-03,4.754143749601E-03,4.853096227996E-03,
    4.952048706391E-03,5.051001184785E-03,5.14995366318E-03,
    5.248906141575E-03,5.34785861997E-03,5.446811098365E-03,
    5.54576357676E-03,5.644716055155E-03,5.74366853355E-03,
    5.842621011945E-03,5.941573490339E-03,6.040525968734E-03,
    6.139478447129E-03,6.238430925524E-03,6.337383403919E-03,
    6.436335882314E-03,6.535288360709E-03,6.634240839104E-03,
    6.733193317499E-03,6.832145795894E-03,6.931098274288E-03,
    7.030050752683E-03,7.129003231078E-03,7.227955709473E-03,
    7.326908187868E-03,7.425860666263E-03,7.524813144658E-03,
    7.623765623053E-03,7.722718101448E-03,7.821670579843E-03,
    7.920623058237E-03,8.019575536632E-03,8.118528015027E-03,
    8.217480493422E-03,8.316432971817E-03,8.415385450212E-03,
    8.514337928607E-03,8.613290407002E-03,8.712242885397E-03),
  .QUASI_UNIFORM_KNOTS.);
#136 = CARTESIAN_POINT('',(3.14159265359,1.617634863195));
#137 = CARTESIAN_POINT('',(3.166122357733,1.617634863195));
#138 = CARTESIAN_POINT('',(3.215209602338,1.618844092042));
#139 = CARTESIAN_POINT('',(3.288811758654,1.624148522693));
#140 = CARTESIAN_POINT('',(3.362283387535,1.632806290853));
#141 = CARTESIAN_POINT('',(3.435486262698,1.644680674133));
#142 = CARTESIAN_POINT('',(3.508303930508,1.659632990935));
#143 = CARTESIAN_POINT('',(3.580545582458,1.67753186901));
#144 = CARTESIAN_POINT('',(3.652965910227,1.69830016929));
#145 = CARTESIAN_POINT('',(3.725012685736,1.721550249607));
#146 = CARTESIAN_POINT('',(3.79621458372,1.746906529029));
#147 = CARTESIAN_POINT('',(3.866791400324,1.774134308326));
#148 = CARTESIAN_POINT('',(3.937274086241,1.803212252426));
#149 = CARTESIAN_POINT('',(4.007588050974,1.833809983684));
#150 = CARTESIAN_POINT('',(4.077412330214,1.86552840596));
#151 = CARTESIAN_POINT('',(4.14695403593,1.898241401145));
#152 = CARTESIAN_POINT('',(4.216261554098,1.93174970459));
#153 = CARTESIAN_POINT('',(4.285411950886,1.965873659773));
#154 = CARTESIAN_POINT('',(4.354464373026,2.000428324204));
#155 = CARTESIAN_POINT('',(4.423477098102,2.035230291139));
#156 = CARTESIAN_POINT('',(4.492505262734,2.07009529682));
#157 = CARTESIAN_POINT('',(4.56161295124,2.104840969792));
#158 = CARTESIAN_POINT('',(4.630847342109,2.139278226406));
#159 = CARTESIAN_POINT('',(4.700349901905,2.173242939491));
#160 = CARTESIAN_POINT('',(4.769956440684,2.206477868153));
#161 = CARTESIAN_POINT('',(4.83951959289,2.238830053572));
#162 = CARTESIAN_POINT('',(4.909211647371,2.270239074571));
#163 = CARTESIAN_POINT('',(4.979131912264,2.300621569764));
#164 = CARTESIAN_POINT('',(5.049383318259,2.329893400958));
#165 = CARTESIAN_POINT('',(5.120165859092,2.357996477396));
#166 = CARTESIAN_POINT('',(5.190716416577,2.384551749929));
#167 = CARTESIAN_POINT('',(5.261447547349,2.409647598784));
#168 = CARTESIAN_POINT('',(5.332861457624,2.433373948826));
#169 = CARTESIAN_POINT('',(5.4051534946,2.455699959909));
#170 = CARTESIAN_POINT('',(5.477443489634,2.476302490253));
#171 = CARTESIAN_POINT('',(5.549380111989,2.495044670715));
#172 = CARTESIAN_POINT('',(5.621499535099,2.512070701304));
#173 = CARTESIAN_POINT('',(5.694198810204,2.527437951319));
#174 = CARTESIAN_POINT('',(5.767561126447,2.541101962947));
#175 = CARTESIAN_POINT('',(5.841025379785,2.552958633285));
#176 = CARTESIAN_POINT('',(5.913952383527,2.562906542546));
#177 = CARTESIAN_POINT('',(5.987285641805,2.571089544182));
#178 = CARTESIAN_POINT('',(6.060909108089,2.577480036505));
#179 = CARTESIAN_POINT('',(6.134791770439,2.582065444712));
#180 = CARTESIAN_POINT('',(6.208881674783,2.584829166174));
#181 = CARTESIAN_POINT('',(6.258399841831,2.585446843842));
#182 = CARTESIAN_POINT('',(6.28318530718,2.585446843842));
#183 = ( GEOMETRIC_REPRESENTATION_CONTEXT(2) 
PARAMETRIC_REPRESENTATION_CONTEXT() REPRESENTATION_CONTEXT('2D SPACE',''
  ) );
#184 = PCURVE('',#185,#190);
#185 = CYLINDRICAL_SURFACE('',#186,14.15);
#186 = AXIS2_PLACEMENT_3D('',#187,#188,#189);
#187 = CARTESIAN_POINT('',(-6.907388632795E-14,248.5,47.631397208143));
#188 = DIRECTION('',(-6.450531537933E-16,1.,-7.136298725426E-15));
#189 = DIRECTION('',(1.,6.450531537933E-16,2.775557561562E-17));
#190 = DEFINITIONAL_REPRESENTATION('',(#191),#239);
#191 = B_SPLINE_CURVE_WITH_KNOTS('',3,(#192,#193,#194,#195,#196,#197,
    #198,#199,#200,#201,#202,#203,#204,#205,#206,#207,#208,#209,#210,
    #211,#212,#213,#214,#215,#216,#217,#218,#219,#220,#221,#222,#223,
    #224,#225,#226,#227,#228,#229,#230,#231,#232,#233,#234,#235,#236,
    #237,#238),.UNSPECIFIED.,.F.,.F.,(4,1,1,1,1,1,1,1,1,1,1,1,1,1,1,1,1,
    1,1,1,1,1,1,1,1,1,1,1,1,1,1,1,1,1,1,1,1,1,1,1,1,1,1,1,4),(
    4.358333836021E-03,4.457286314416E-03,4.556238792811E-03,
    4.655191271206E-03,4.754143749601E-03,4.853096227996E-03,
    4.952048706391E-03,5.051001184785E-03,5.14995366318E-03,
    5.248906141575E-03,5.34785861997E-03,5.446811098365E-03,
    5.54576357676E-03,5.644716055155E-03,5.74366853355E-03,
    5.842621011945E-03,5.941573490339E-03,6.040525968734E-03,
    6.139478447129E-03,6.238430925524E-03,6.337383403919E-03,
    6.436335882314E-03,6.535288360709E-03,6.634240839104E-03,
    6.733193317499E-03,6.832145795894E-03,6.931098274288E-03,
    7.030050752683E-03,7.129003231078E-03,7.227955709473E-03,
    7.326908187868E-03,7.425860666263E-03,7.524813144658E-03,
    7.623765623053E-03,7.722718101448E-03,7.821670579843E-03,
    7.920623058237E-03,8.019575536632E-03,8.118528015027E-03,
    8.217480493422E-03,8.316432971817E-03,8.415385450212E-03,
    8.514337928607E-03,8.613290407002E-03,8.712242885397E-03),
  .QUASI_UNIFORM_KNOTS.);
#192 = CARTESIAN_POINT('',(2.01650275931,6.500000000008));
#193 = CARTESIAN_POINT('',(2.016502758902,6.533118539071));
#194 = CARTESIAN_POINT('',(2.016305981955,6.599379642639));
#195 = CARTESIAN_POINT('',(2.015437888702,6.698181923742));
#196 = CARTESIAN_POINT('',(2.014014272662,6.795736016114));
#197 = CARTESIAN_POINT('',(2.012052523172,6.891373878921));
#198 = CARTESIAN_POINT('',(2.009570035179,6.984461740646));
#199 = CARTESIAN_POINT('',(2.006584137656,7.074237978854));
#200 = CARTESIAN_POINT('',(2.003095226291,7.16121131342));
#201 = CARTESIAN_POINT('',(1.999157737251,7.244328012861));
#202 = CARTESIAN_POINT('',(1.994824506692,7.322653366848));
#203 = CARTESIAN_POINT('',(1.990124159886,7.396188005632));
#204 = CARTESIAN_POINT('',(1.985050585343,7.465157328686));
#205 = CARTESIAN_POINT('',(1.979641292904,7.529182433957));
#206 = CARTESIAN_POINT('',(1.973952766324,7.587688298236));
#207 = CARTESIAN_POINT('',(1.96800415103,7.640679836362));
#208 = CARTESIAN_POINT('',(1.961824590528,7.68800657085));
#209 = CARTESIAN_POINT('',(1.955440533225,7.729559655461));
#210 = CARTESIAN_POINT('',(1.948879137645,7.765219111296));
#211 = CARTESIAN_POINT('',(1.942167297364,7.79486785885));
#212 = CARTESIAN_POINT('',(1.935332074598,7.818388353705));
#213 = CARTESIAN_POINT('',(1.92839986805,7.835662011699));
#214 = CARTESIAN_POINT('',(1.921399226773,7.846574872556));
#215 = CARTESIAN_POINT('',(1.91435034089,7.850995520206));
#216 = CARTESIAN_POINT('',(1.907304177773,7.848857737864));
#217 = CARTESIAN_POINT('',(1.900307429651,7.840210408177));
#218 = CARTESIAN_POINT('',(1.893376129462,7.825038397492));
#219 = CARTESIAN_POINT('',(1.886534007375,7.8033398875));
#220 = CARTESIAN_POINT('',(1.879804853648,7.775123814817));
#221 = CARTESIAN_POINT('',(1.873204644573,7.740342781012));
#222 = CARTESIAN_POINT('',(1.866836582847,7.69949564745));
#223 = CARTESIAN_POINT('',(1.860694008961,7.652543467622));
#224 = CARTESIAN_POINT('',(1.854767174858,7.599288930806));
#225 = CARTESIAN_POINT('',(1.849077919122,7.539674420336));
#226 = CARTESIAN_POINT('',(1.843726252803,7.474665303975));
#227 = CARTESIAN_POINT('',(1.838766173201,7.404886063604));
#228 = CARTESIAN_POINT('',(1.834181379636,7.330235276626));
#229 = CARTESIAN_POINT('',(1.829974926574,7.250619454115));
#230 = CARTESIAN_POINT('',(1.826177913352,7.166230285534));
#231 = CARTESIAN_POINT('',(1.822837424274,7.078168978356));
#232 = CARTESIAN_POINT('',(1.820000773051,6.987648010969));
#233 = CARTESIAN_POINT('',(1.817648092811,6.893987413135));
#234 = CARTESIAN_POINT('',(1.815794569926,6.797846470573));
#235 = CARTESIAN_POINT('',(1.814453213463,6.699762985429));
#236 = CARTESIAN_POINT('',(1.813637626473,6.600307322453));
#237 = CARTESIAN_POINT('',(1.813453385007,6.533463160514));
#238 = CARTESIAN_POINT('',(1.813453384661,6.500000000008));
#239 = ( GEOMETRIC_REPRESENTATION_CONTEXT(2) 
PARAMETRIC_REPRESENTATION_CONTEXT() REPRESENTATION_CONTEXT('2D SPACE',''
  ) );
#240 = ADVANCED_FACE('',(#241),#255,.F.);
#241 = FACE_BOUND('',#242,.F.);
#242 = EDGE_LOOP('',(#243,#278,#302,#325));
#243 = ORIENTED_EDGE('',*,*,#244,.T.);
#244 = EDGE_CURVE('',#245,#247,#249,.T.);
#245 = VERTEX_POINT('',#246);
#246 = CARTESIAN_POINT('',(6.100000000002,255.,34.863762344944));
#247 = VERTEX_POINT('',#248);
#248 = CARTESIAN_POINT('',(6.100000000002,255.,31.481397208143));
#249 = SURFACE_CURVE('',#250,(#254,#266),.PCURVE_S1.);
#250 = LINE('',#251,#252);
#251 = CARTESIAN_POINT('',(6.100000000002,255.,36.481397208143));
#252 = VECTOR('',#253,1.);
#253 = DIRECTION('',(2.775557561563E-17,-7.136298725426E-15,-1.));
#254 = PCURVE('',#255,#260);
#255 = CYLINDRICAL_SURFACE('',#256,1.350000000006);
#256 = AXIS2_PLACEMENT_3D('',#257,#258,#259);
#257 = CARTESIAN_POINT('',(4.749999999997,255.,36.481397208143));
#258 = DIRECTION('',(2.775557561563E-17,-7.136298725426E-15,-1.));
#259 = DIRECTION('',(1.,6.450531537933E-16,2.775557561562E-17));
#260 = DEFINITIONAL_REPRESENTATION('',(#261),#265);
#261 = LINE('',#262,#263);
#262 = CARTESIAN_POINT('',(6.28318530718,0.));
#263 = VECTOR('',#264,1.);
#264 = DIRECTION('',(0.,1.));
#265 = ( GEOMETRIC_REPRESENTATION_CONTEXT(2) 
PARAMETRIC_REPRESENTATION_CONTEXT() REPRESENTATION_CONTEXT('2D SPACE',''
  ) );
#266 = PCURVE('',#267,#272);
#267 = CYLINDRICAL_SURFACE('',#268,1.350000000006);
#268 = AXIS2_PLACEMENT_3D('',#269,#270,#271);
#269 = CARTESIAN_POINT('',(4.749999999997,255.,36.481397208143));
#270 = DIRECTION('',(2.775557561563E-17,-7.136298725426E-15,-1.));
#271 = DIRECTION('',(1.,6.450531537933E-16,2.775557561562E-17));
#272 = DEFINITIONAL_REPRESENTATION('',(#273),#277);
#273 = LINE('',#274,#275);
#274 = CARTESIAN_POINT('',(0.,0.));
#275 = VECTOR('',#276,1.);
#276 = DIRECTION('',(0.,1.));
#277 = ( GEOMETRIC_REPRESENTATION_CONTEXT(2) 
PARAMETRIC_REPRESENTATION_CONTEXT() REPRESENTATION_CONTEXT('2D SPACE',''
  ) );
#278 = ORIENTED_EDGE('',*,*,#279,.F.);
#279 = EDGE_CURVE('',#280,#247,#282,.T.);
#280 = VERTEX_POINT('',#281);
#281 = CARTESIAN_POINT('',(3.399999999991,255.,31.481397208143));
#282 = SURFACE_CURVE('',#283,(#288,#295),.PCURVE_S1.);
#283 = CIRCLE('',#284,1.350000000006);
#284 = AXIS2_PLACEMENT_3D('',#285,#286,#287);
#285 = CARTESIAN_POINT('',(4.749999999997,255.,31.481397208143));
#286 = DIRECTION('',(2.775557561563E-17,-7.136298725426E-15,-1.));
#287 = DIRECTION('',(1.,6.450531537933E-16,2.775557561562E-17));
#288 = PCURVE('',#255,#289);
#289 = DEFINITIONAL_REPRESENTATION('',(#290),#294);
#290 = LINE('',#291,#292);
#291 = CARTESIAN_POINT('',(0.,5.));
#292 = VECTOR('',#293,1.);
#293 = DIRECTION('',(1.,0.));
#294 = ( GEOMETRIC_REPRESENTATION_CONTEXT(2) 
PARAMETRIC_REPRESENTATION_CONTEXT() REPRESENTATION_CONTEXT('2D SPACE',''
  ) );
#295 = PCURVE('',#73,#296);
#296 = DEFINITIONAL_REPRESENTATION('',(#297),#301);
#297 = CIRCLE('',#298,1.350000000006);
#298 = AXIS2_PLACEMENT_2D('',#299,#300);
#299 = CARTESIAN_POINT('',(4.749999999997,4.499999999992));
#300 = DIRECTION('',(1.,0.));
#301 = ( GEOMETRIC_REPRESENTATION_CONTEXT(2) 
PARAMETRIC_REPRESENTATION_CONTEXT() REPRESENTATION_CONTEXT('2D SPACE',''
  ) );
#302 = ORIENTED_EDGE('',*,*,#303,.F.);
#303 = EDGE_CURVE('',#304,#280,#306,.T.);
#304 = VERTEX_POINT('',#305);
#305 = CARTESIAN_POINT('',(3.399999999991,255.,33.895950364299));
#306 = SURFACE_CURVE('',#307,(#311,#318),.PCURVE_S1.);
#307 = LINE('',#308,#309);
#308 = CARTESIAN_POINT('',(3.399999999991,255.,36.481397208143));
#309 = VECTOR('',#310,1.);
#310 = DIRECTION('',(2.775557561563E-17,-7.136298725426E-15,-1.));
#311 = PCURVE('',#255,#312);
#312 = DEFINITIONAL_REPRESENTATION('',(#313),#317);
#313 = LINE('',#314,#315);
#314 = CARTESIAN_POINT('',(3.14159265359,0.));
#315 = VECTOR('',#316,1.);
#316 = DIRECTION('',(0.,1.));
#317 = ( GEOMETRIC_REPRESENTATION_CONTEXT(2) 
PARAMETRIC_REPRESENTATION_CONTEXT() REPRESENTATION_CONTEXT('2D SPACE',''
  ) );
#318 = PCURVE('',#267,#319);
#319 = DEFINITIONAL_REPRESENTATION('',(#320),#324);
#320 = LINE('',#321,#322);
#321 = CARTESIAN_POINT('',(3.14159265359,0.));
#322 = VECTOR('',#323,1.);
#323 = DIRECTION('',(0.,1.));
#324 = ( GEOMETRIC_REPRESENTATION_CONTEXT(2) 
PARAMETRIC_REPRESENTATION_CONTEXT() REPRESENTATION_CONTEXT('2D SPACE',''
  ) );
#325 = ORIENTED_EDGE('',*,*,#326,.T.);
#326 = EDGE_CURVE('',#304,#245,#327,.T.);
#327 = SURFACE_CURVE('',#328,(#355,#428),.PCURVE_S1.);
#328 = B_SPLINE_CURVE_WITH_KNOTS('',3,(#329,#330,#331,#332,#333,#334,
    #335,#336,#337,#338,#339,#340,#341,#342,#343,#344,#345,#346,#347,
    #348,#349,#350,#351,#352,#353,#354),.UNSPECIFIED.,.F.,.F.,(4,2,2,2,2
    ,2,2,2,2,2,2,2,4),(4.357466018817E-03,4.901953819397E-03,
    5.174197719688E-03,5.446441619978E-03,5.990929420558E-03,
    6.535417221139E-03,6.807661121429E-03,7.07990502172E-03,
    7.35214892201E-03,7.6243928223E-03,7.89663672259E-03,
    8.168880622881E-03,8.713368423461E-03),.UNSPECIFIED.);
#329 = CARTESIAN_POINT('',(3.399999999991,255.,33.895950364299));
#330 = CARTESIAN_POINT('',(3.399999999991,255.18179477509,
    33.895950364299));
#331 = CARTESIAN_POINT('',(3.437769799143,255.36499547141,
    33.905158549745));
#332 = CARTESIAN_POINT('',(3.544444159477,255.61424959418,
    33.932464299878));
#333 = CARTESIAN_POINT('',(3.588921468766,255.69465117528,
    33.943995294636));
#334 = CARTESIAN_POINT('',(3.691707606134,255.84300701071,
    33.971359748397));
#335 = CARTESIAN_POINT('',(3.749753948783,255.91105212603,33.98711884741
    ));
#336 = CARTESIAN_POINT('',(3.94326329708,256.09713647708,34.041286052742
    ));
#337 = CARTESIAN_POINT('',(4.094686372087,256.193392695,34.085706402604)
  );
#338 = CARTESIAN_POINT('',(4.423353816474,256.32171265644,
    34.189442852496));
#339 = CARTESIAN_POINT('',(4.595600726035,256.3521160977,34.247216605487
    ));
#340 = CARTESIAN_POINT('',(4.853461616591,256.34877164979,
    34.339491985576));
#341 = CARTESIAN_POINT('',(4.938184870048,256.33953685024,34.37074814462
    ));
#342 = CARTESIAN_POINT('',(5.105252549894,256.30520808466,
    34.434167203385));
#343 = CARTESIAN_POINT('',(5.188200373107,256.2797483804,34.466584869283
    ));
#344 = CARTESIAN_POINT('',(5.345788197502,256.21441834136,
    34.529784499153));
#345 = CARTESIAN_POINT('',(5.421068979669,256.17454246017,
    34.560797656921));
#346 = CARTESIAN_POINT('',(5.564569721481,256.07998135867,
    34.621242507852));
#347 = CARTESIAN_POINT('',(5.632950060953,256.02488664427,
    34.650760246863));
#348 = CARTESIAN_POINT('',(5.756616396395,255.90372389271,34.7051282192)
  );
#349 = CARTESIAN_POINT('',(5.812713632809,255.83722872679,
    34.730316487702));
#350 = CARTESIAN_POINT('',(5.912803322189,255.69152052769,
    34.775881644562));
#351 = CARTESIAN_POINT('',(5.95638607014,255.61243099614,34.796076459222
    ));
#352 = CARTESIAN_POINT('',(6.061426282802,255.36662979393,
    34.845170775175));
#353 = CARTESIAN_POINT('',(6.100000000002,255.18425469953,
    34.863762344944));
#354 = CARTESIAN_POINT('',(6.100000000002,255.,34.863762344944));
#355 = PCURVE('',#255,#356);
#356 = DEFINITIONAL_REPRESENTATION('',(#357),#427);
#357 = B_SPLINE_CURVE_WITH_KNOTS('',3,(#358,#359,#360,#361,#362,#363,
    #364,#365,#366,#367,#368,#369,#370,#371,#372,#373,#374,#375,#376,
    #377,#378,#379,#380,#381,#382,#383,#384,#385,#386,#387,#388,#389,
    #390,#391,#392,#393,#394,#395,#396,#397,#398,#399,#400,#401,#402,
    #403,#404,#405,#406,#407,#408,#409,#410,#411,#412,#413,#414,#415,
    #416,#417,#418,#419,#420,#421,#422,#423,#424,#425,#426),
  .UNSPECIFIED.,.F.,.F.,(4,1,1,1,1,1,1,1,1,1,1,1,1,1,1,1,1,1,1,1,1,1,1,1
    ,1,1,1,1,1,1,1,1,1,1,1,1,1,1,1,1,1,1,1,1,1,1,1,1,1,1,1,1,1,1,1,1,1,1
    ,1,1,1,1,1,1,1,1,4),(4.357466018817E-03,4.423464540099E-03,
    4.489463061382E-03,4.555461582664E-03,4.621460103947E-03,
    4.687458625229E-03,4.753457146512E-03,4.819455667794E-03,
    4.885454189077E-03,4.951452710359E-03,5.017451231642E-03,
    5.083449752924E-03,5.149448274207E-03,5.215446795489E-03,
    5.281445316772E-03,5.347443838054E-03,5.413442359337E-03,
    5.479440880619E-03,5.545439401902E-03,5.611437923184E-03,
    5.677436444467E-03,5.743434965749E-03,5.809433487032E-03,
    5.875432008314E-03,5.941430529597E-03,6.007429050879E-03,
    6.073427572162E-03,6.139426093444E-03,6.205424614727E-03,
    6.271423136009E-03,6.337421657292E-03,6.403420178574E-03,
    6.469418699857E-03,6.535417221139E-03,6.601415742421E-03,
    6.667414263704E-03,6.733412784986E-03,6.799411306269E-03,
    6.865409827551E-03,6.931408348834E-03,6.997406870116E-03,
    7.063405391399E-03,7.129403912681E-03,7.195402433964E-03,
    7.261400955246E-03,7.327399476529E-03,7.393397997811E-03,
    7.459396519094E-03,7.525395040376E-03,7.591393561659E-03,
    7.657392082941E-03,7.723390604224E-03,7.789389125506E-03,
    7.855387646789E-03,7.921386168071E-03,7.987384689354E-03,
    8.053383210636E-03,8.119381731919E-03,8.185380253201E-03,
    8.251378774484E-03,8.317377295766E-03,8.383375817049E-03,
    8.449374338331E-03,8.515372859614E-03,8.581371380896E-03,
    8.647369902179E-03,8.713368423461E-03),.QUASI_UNIFORM_KNOTS.);
#358 = CARTESIAN_POINT('',(3.14159265359,2.585446843844));
#359 = CARTESIAN_POINT('',(3.157914913083,2.585446843844));
#360 = CARTESIAN_POINT('',(3.190591995626,2.585176263374));
#361 = CARTESIAN_POINT('',(3.239676316688,2.583960923932));
#362 = CARTESIAN_POINT('',(3.288802335761,2.581938381896));
#363 = CARTESIAN_POINT('',(3.337936073982,2.579110926268));
#364 = CARTESIAN_POINT('',(3.387042036499,2.57548076114));
#365 = CARTESIAN_POINT('',(3.436081718974,2.571050407383));
#366 = CARTESIAN_POINT('',(3.485025765445,2.565821203671));
#367 = CARTESIAN_POINT('',(3.533818523243,2.559798900676));
#368 = CARTESIAN_POINT('',(3.582519183344,2.552972783284));
#369 = CARTESIAN_POINT('',(3.631474707885,2.545295443166));
#370 = CARTESIAN_POINT('',(3.680434137607,2.536806729206));
#371 = CARTESIAN_POINT('',(3.729289203187,2.527524913268));
#372 = CARTESIAN_POINT('',(3.777865023022,2.517479565511));
#373 = CARTESIAN_POINT('',(3.826164241649,2.506696982159));
#374 = CARTESIAN_POINT('',(3.87432484588,2.495149076746));
#375 = CARTESIAN_POINT('',(3.922439441316,2.482822487496));
#376 = CARTESIAN_POINT('',(3.970663718221,2.469686031573));
#377 = CARTESIAN_POINT('',(4.018677160569,2.455826611396));
#378 = CARTESIAN_POINT('',(4.066542701372,2.441247206896));
#379 = CARTESIAN_POINT('',(4.114281511141,2.425958725967));
#380 = CARTESIAN_POINT('',(4.161924112184,2.409969757995));
#381 = CARTESIAN_POINT('',(4.209494894856,2.393290238438));
#382 = CARTESIAN_POINT('',(4.257025073414,2.375927036969));
#383 = CARTESIAN_POINT('',(4.304518621534,2.357897940334));
#384 = CARTESIAN_POINT('',(4.352077949595,2.339180132763));
#385 = CARTESIAN_POINT('',(4.399373653151,2.319928002102));
#386 = CARTESIAN_POINT('',(4.446394914429,2.300189374396));
#387 = CARTESIAN_POINT('',(4.493200950307,2.279980765015));
#388 = CARTESIAN_POINT('',(4.539830050138,2.25932692015));
#389 = CARTESIAN_POINT('',(4.586322456813,2.238250973378));
#390 = CARTESIAN_POINT('',(4.632719697859,2.216774277909));
#391 = CARTESIAN_POINT('',(4.679044533099,2.19492692104));
#392 = CARTESIAN_POINT('',(4.725382197203,2.172705834081));
#393 = CARTESIAN_POINT('',(4.771576014749,2.15023183821));
#394 = CARTESIAN_POINT('',(4.817534195742,2.127607471806));
#395 = CARTESIAN_POINT('',(4.863413333764,2.104807249475));
#396 = CARTESIAN_POINT('',(4.909277027908,2.081853310486));
#397 = CARTESIAN_POINT('',(4.955306129681,2.058705319228));
#398 = CARTESIAN_POINT('',(5.001538027926,2.035403725384));
#399 = CARTESIAN_POINT('',(5.047789514345,2.012101687218));
#400 = CARTESIAN_POINT('',(5.093930844757,1.988924338878));
#401 = CARTESIAN_POINT('',(5.139826329538,1.966000660775));
#402 = CARTESIAN_POINT('',(5.18568779915,1.943287030259));
#403 = CARTESIAN_POINT('',(5.231595286093,1.920812753312));
#404 = CARTESIAN_POINT('',(5.277651017626,1.898595378397));
#405 = CARTESIAN_POINT('',(5.323983539526,1.876640075323));
#406 = CARTESIAN_POINT('',(5.370644475959,1.855007469256));
#407 = CARTESIAN_POINT('',(5.417442607709,1.833854349227));
#408 = CARTESIAN_POINT('',(5.464251709342,1.813309254233));
#409 = CARTESIAN_POINT('',(5.510871563701,1.793536783447));
#410 = CARTESIAN_POINT('',(5.55755567315,1.774483121176));
#411 = CARTESIAN_POINT('',(5.604413521072,1.756185453641));
#412 = CARTESIAN_POINT('',(5.651549089736,1.738682754241));
#413 = CARTESIAN_POINT('',(5.699114854293,1.721992217009));
#414 = CARTESIAN_POINT('',(5.747039438333,1.70624720355));
#415 = CARTESIAN_POINT('',(5.79514324147,1.691563939794));
#416 = CARTESIAN_POINT('',(5.843321378208,1.678039189197));
#417 = CARTESIAN_POINT('',(5.891308621858,1.665806833838));
#418 = CARTESIAN_POINT('',(5.939517741943,1.654851287631));
#419 = CARTESIAN_POINT('',(5.988019087076,1.645196568609));
#420 = CARTESIAN_POINT('',(6.036757895893,1.636896580704));
#421 = CARTESIAN_POINT('',(6.085712004713,1.629997219947));
#422 = CARTESIAN_POINT('',(6.134851692919,1.62454652808));
#423 = CARTESIAN_POINT('',(6.184152863833,1.620591971892));
#424 = CARTESIAN_POINT('',(6.233594774865,1.618181172282));
#425 = CARTESIAN_POINT('',(6.266642311598,1.617634863199));
#426 = CARTESIAN_POINT('',(6.28318530718,1.617634863199));
#427 = ( GEOMETRIC_REPRESENTATION_CONTEXT(2) 
PARAMETRIC_REPRESENTATION_CONTEXT() REPRESENTATION_CONTEXT('2D SPACE',''
  ) );
#428 = PCURVE('',#185,#429);
#429 = DEFINITIONAL_REPRESENTATION('',(#430),#500);
#430 = B_SPLINE_CURVE_WITH_KNOTS('',3,(#431,#432,#433,#434,#435,#436,
    #437,#438,#439,#440,#441,#442,#443,#444,#445,#446,#447,#448,#449,
    #450,#451,#452,#453,#454,#455,#456,#457,#458,#459,#460,#461,#462,
    #463,#464,#465,#466,#467,#468,#469,#470,#471,#472,#473,#474,#475,
    #476,#477,#478,#479,#480,#481,#482,#483,#484,#485,#486,#487,#488,
    #489,#490,#491,#492,#493,#494,#495,#496,#497,#498,#499),
  .UNSPECIFIED.,.F.,.F.,(4,1,1,1,1,1,1,1,1,1,1,1,1,1,1,1,1,1,1,1,1,1,1,1
    ,1,1,1,1,1,1,1,1,1,1,1,1,1,1,1,1,1,1,1,1,1,1,1,1,1,1,1,1,1,1,1,1,1,1
    ,1,1,1,1,1,1,1,1,4),(4.357466018817E-03,4.423464540099E-03,
    4.489463061382E-03,4.555461582664E-03,4.621460103947E-03,
    4.687458625229E-03,4.753457146512E-03,4.819455667794E-03,
    4.885454189077E-03,4.951452710359E-03,5.017451231642E-03,
    5.083449752924E-03,5.149448274207E-03,5.215446795489E-03,
    5.281445316772E-03,5.347443838054E-03,5.413442359337E-03,
    5.479440880619E-03,5.545439401902E-03,5.611437923184E-03,
    5.677436444467E-03,5.743434965749E-03,5.809433487032E-03,
    5.875432008314E-03,5.941430529597E-03,6.007429050879E-03,
    6.073427572162E-03,6.139426093444E-03,6.205424614727E-03,
    6.271423136009E-03,6.337421657292E-03,6.403420178574E-03,
    6.469418699857E-03,6.535417221139E-03,6.601415742421E-03,
    6.667414263704E-03,6.733412784986E-03,6.799411306269E-03,
    6.865409827551E-03,6.931408348834E-03,6.997406870116E-03,
    7.063405391399E-03,7.129403912681E-03,7.195402433964E-03,
    7.261400955246E-03,7.327399476529E-03,7.393397997811E-03,
    7.459396519094E-03,7.525395040376E-03,7.591393561659E-03,
    7.657392082941E-03,7.723390604224E-03,7.789389125506E-03,
    7.855387646789E-03,7.921386168071E-03,7.987384689354E-03,
    8.053383210636E-03,8.119381731919E-03,8.185380253201E-03,
    8.251378774484E-03,8.317377295766E-03,8.383375817049E-03,
    8.449374338331E-03,8.515372859614E-03,8.581371380896E-03,
    8.647369902179E-03,8.713368423461E-03),.QUASI_UNIFORM_KNOTS.);
#431 = CARTESIAN_POINT('',(1.328139268929,6.500000000008));
#432 = CARTESIAN_POINT('',(1.328139268905,6.522035730321));
#433 = CARTESIAN_POINT('',(1.328058536953,6.566148505076));
#434 = CARTESIAN_POINT('',(1.327698524878,6.632244588063));
#435 = CARTESIAN_POINT('',(1.327102878809,6.69807062347));
#436 = CARTESIAN_POINT('',(1.326274883807,6.763429457025));
#437 = CARTESIAN_POINT('',(1.325217800709,6.828124624712));
#438 = CARTESIAN_POINT('',(1.323934973031,6.89195708733));
#439 = CARTESIAN_POINT('',(1.322429427287,6.954737416156));
#440 = CARTESIAN_POINT('',(1.320705365537,7.016240315749));
#441 = CARTESIAN_POINT('',(1.318762597295,7.076374347054));
#442 = CARTESIAN_POINT('',(1.316595448756,7.135440950161));
#443 = CARTESIAN_POINT('',(1.314220102372,7.193001724681));
#444 = CARTESIAN_POINT('',(1.311647282852,7.248798662025));
#445 = CARTESIAN_POINT('',(1.308890635213,7.302486264164));
#446 = CARTESIAN_POINT('',(1.305962740304,7.354002452199));
#447 = CARTESIAN_POINT('',(1.302861929273,7.403378534771));
#448 = CARTESIAN_POINT('',(1.299590412791,7.45060778598));
#449 = CARTESIAN_POINT('',(1.296145609355,7.495745196425));
#450 = CARTESIAN_POINT('',(1.292557404484,7.538383204176));
#451 = CARTESIAN_POINT('',(1.288830907694,7.578508572199));
#452 = CARTESIAN_POINT('',(1.284973671697,7.616066600817));
#453 = CARTESIAN_POINT('',(1.280992537509,7.651013885601));
#454 = CARTESIAN_POINT('',(1.276894692814,7.683303303778));
#455 = CARTESIAN_POINT('',(1.27268658773,7.712891310701));
#456 = CARTESIAN_POINT('',(1.268377206781,7.739723767558));
#457 = CARTESIAN_POINT('',(1.263966057765,7.763785334072));
#458 = CARTESIAN_POINT('',(1.259494035736,7.784889531851));
#459 = CARTESIAN_POINT('',(1.254973021406,7.803028821792));
#460 = CARTESIAN_POINT('',(1.250407876234,7.818220448121));
#461 = CARTESIAN_POINT('',(1.245805309474,7.830475000929));
#462 = CARTESIAN_POINT('',(1.241171649355,7.839804903514));
#463 = CARTESIAN_POINT('',(1.236512883667,7.846221900487));
#464 = CARTESIAN_POINT('',(1.231836718155,7.849738617996));
#465 = CARTESIAN_POINT('',(1.227144293959,7.850364834722));
#466 = CARTESIAN_POINT('',(1.222461250904,7.848120837687));
#467 = CARTESIAN_POINT('',(1.21780686288,7.843032498885));
#468 = CARTESIAN_POINT('',(1.213175145083,7.835109927391));
#469 = CARTESIAN_POINT('',(1.208569314761,7.824384470784));
#470 = CARTESIAN_POINT('',(1.203981058403,7.810818285539));
#471 = CARTESIAN_POINT('',(1.199417317495,7.794384353932));
#472 = CARTESIAN_POINT('',(1.194905554145,7.77520707851));
#473 = CARTESIAN_POINT('',(1.190468183356,7.753368732893));
#474 = CARTESIAN_POINT('',(1.186128144066,7.728974881596));
#475 = CARTESIAN_POINT('',(1.181873066475,7.702030455806));
#476 = CARTESIAN_POINT('',(1.17770596979,7.672511895007));
#477 = CARTESIAN_POINT('',(1.173627231281,7.640410454523));
#478 = CARTESIAN_POINT('',(1.169635285984,7.605685269979));
#479 = CARTESIAN_POINT('',(1.165738852895,7.568292546901));
#480 = CARTESIAN_POINT('',(1.161962287081,7.52847966529));
#481 = CARTESIAN_POINT('',(1.158325185212,7.486422387616));
#482 = CARTESIAN_POINT('',(1.154853623271,7.442364054252));
#483 = CARTESIAN_POINT('',(1.151533803298,7.396206725082));
#484 = CARTESIAN_POINT('',(1.148368883976,7.347903790801));
#485 = CARTESIAN_POINT('',(1.145362245459,7.297427982794));
#486 = CARTESIAN_POINT('',(1.142513557315,7.244706671805));
#487 = CARTESIAN_POINT('',(1.139842507599,7.189864996547));
#488 = CARTESIAN_POINT('',(1.137365482501,7.133239250731));
#489 = CARTESIAN_POINT('',(1.13509551098,7.075069443341));
#490 = CARTESIAN_POINT('',(1.133052219351,7.015798598099));
#491 = CARTESIAN_POINT('',(1.131228538156,6.955034346394));
#492 = CARTESIAN_POINT('',(1.129626672899,6.892835556996));
#493 = CARTESIAN_POINT('',(1.128254011916,6.829411740833));
#494 = CARTESIAN_POINT('',(1.127116556625,6.764932044383));
#495 = CARTESIAN_POINT('',(1.126220682427,6.699576429763));
#496 = CARTESIAN_POINT('',(1.125572667127,6.633521960978));
#497 = CARTESIAN_POINT('',(1.125178817089,6.566946478847));
#498 = CARTESIAN_POINT('',(1.125089894313,6.522333902981));
#499 = CARTESIAN_POINT('',(1.12508989428,6.500000000008));
#500 = ( GEOMETRIC_REPRESENTATION_CONTEXT(2) 
PARAMETRIC_REPRESENTATION_CONTEXT() REPRESENTATION_CONTEXT('2D SPACE',''
  ) );
#501 = ADVANCED_FACE('',(#502),#517,.T.);
#502 = FACE_BOUND('',#503,.T.);
#503 = EDGE_LOOP('',(#504,#540,#568,#601));
#504 = ORIENTED_EDGE('',*,*,#505,.F.);
#505 = EDGE_CURVE('',#506,#508,#510,.T.);
#506 = VERTEX_POINT('',#507);
#507 = CARTESIAN_POINT('',(18.15,259.5,47.631397208142));
#508 = VERTEX_POINT('',#509);
#509 = CARTESIAN_POINT('',(8.282511696339,259.5,31.481397208142));
#510 = SURFACE_CURVE('',#511,(#516,#528),.PCURVE_S1.);
#511 = CIRCLE('',#512,18.15);
#512 = AXIS2_PLACEMENT_3D('',#513,#514,#515);
#513 = CARTESIAN_POINT('',(-7.616947101968E-14,259.5,47.631397208142));
#514 = DIRECTION('',(-6.450531537933E-16,1.,-7.136298725426E-15));
#515 = DIRECTION('',(1.,6.450531537933E-16,2.775557561562E-17));
#516 = PCURVE('',#517,#522);
#517 = CYLINDRICAL_SURFACE('',#518,18.15);
#518 = AXIS2_PLACEMENT_3D('',#519,#520,#521);
#519 = CARTESIAN_POINT('',(-7.616947101968E-14,259.5,47.631397208142));
#520 = DIRECTION('',(6.450531537933E-16,-1.,7.136298725426E-15));
#521 = DIRECTION('',(-1.,-6.450531537933E-16,-2.775557561562E-17));
#522 = DEFINITIONAL_REPRESENTATION('',(#523),#527);
#523 = LINE('',#524,#525);
#524 = CARTESIAN_POINT('',(3.14159265359,0.));
#525 = VECTOR('',#526,1.);
#526 = DIRECTION('',(-1.,0.));
#527 = ( GEOMETRIC_REPRESENTATION_CONTEXT(2) 
PARAMETRIC_REPRESENTATION_CONTEXT() REPRESENTATION_CONTEXT('2D SPACE',''
  ) );
#528 = PCURVE('',#529,#534);
#529 = PLANE('',#530);
#530 = AXIS2_PLACEMENT_3D('',#531,#532,#533);
#531 = CARTESIAN_POINT('',(-7.616947101968E-14,259.5,47.631397208142));
#532 = DIRECTION('',(-6.450531537933E-16,1.,-7.136298725426E-15));
#533 = DIRECTION('',(1.,6.450531537933E-16,2.775557561562E-17));
#534 = DEFINITIONAL_REPRESENTATION('',(#535),#539);
#535 = CIRCLE('',#536,18.15);
#536 = AXIS2_PLACEMENT_2D('',#537,#538);
#537 = CARTESIAN_POINT('',(0.,0.));
#538 = DIRECTION('',(1.,0.));
#539 = ( GEOMETRIC_REPRESENTATION_CONTEXT(2) 
PARAMETRIC_REPRESENTATION_CONTEXT() REPRESENTATION_CONTEXT('2D SPACE',''
  ) );
#540 = ORIENTED_EDGE('',*,*,#541,.T.);
#541 = EDGE_CURVE('',#506,#542,#544,.T.);
#542 = VERTEX_POINT('',#543);
#543 = CARTESIAN_POINT('',(18.15,249.5,47.631397208143));
#544 = SURFACE_CURVE('',#545,(#549,#556),.PCURVE_S1.);
#545 = LINE('',#546,#547);
#546 = CARTESIAN_POINT('',(18.15,259.5,47.631397208142));
#547 = VECTOR('',#548,1.);
#548 = DIRECTION('',(6.450531537933E-16,-1.,7.136298725426E-15));
#549 = PCURVE('',#517,#550);
#550 = DEFINITIONAL_REPRESENTATION('',(#551),#555);
#551 = LINE('',#552,#553);
#552 = CARTESIAN_POINT('',(3.14159265359,0.));
#553 = VECTOR('',#554,1.);
#554 = DIRECTION('',(0.,1.));
#555 = ( GEOMETRIC_REPRESENTATION_CONTEXT(2) 
PARAMETRIC_REPRESENTATION_CONTEXT() REPRESENTATION_CONTEXT('2D SPACE',''
  ) );
#556 = PCURVE('',#557,#562);
#557 = CYLINDRICAL_SURFACE('',#558,18.15);
#558 = AXIS2_PLACEMENT_3D('',#559,#560,#561);
#559 = CARTESIAN_POINT('',(-7.616947101968E-14,259.5,47.631397208142));
#560 = DIRECTION('',(6.450531537933E-16,-1.,7.136298725426E-15));
#561 = DIRECTION('',(-1.,-6.450531537933E-16,-2.775557561562E-17));
#562 = DEFINITIONAL_REPRESENTATION('',(#563),#567);
#563 = LINE('',#564,#565);
#564 = CARTESIAN_POINT('',(3.14159265359,0.));
#565 = VECTOR('',#566,1.);
#566 = DIRECTION('',(0.,1.));
#567 = ( GEOMETRIC_REPRESENTATION_CONTEXT(2) 
PARAMETRIC_REPRESENTATION_CONTEXT() REPRESENTATION_CONTEXT('2D SPACE',''
  ) );
#568 = ORIENTED_EDGE('',*,*,#569,.T.);
#569 = EDGE_CURVE('',#542,#570,#572,.T.);
#570 = VERTEX_POINT('',#571);
#571 = CARTESIAN_POINT('',(8.282511696339,249.5,31.481397208143));
#572 = SURFACE_CURVE('',#573,(#578,#585),.PCURVE_S1.);
#573 = CIRCLE('',#574,18.15);
#574 = AXIS2_PLACEMENT_3D('',#575,#576,#577);
#575 = CARTESIAN_POINT('',(-6.971893948175E-14,249.5,47.631397208143));
#576 = DIRECTION('',(-6.450531537933E-16,1.,-7.136298725426E-15));
#577 = DIRECTION('',(1.,6.450531537933E-16,2.775557561562E-17));
#578 = PCURVE('',#517,#579);
#579 = DEFINITIONAL_REPRESENTATION('',(#580),#584);
#580 = LINE('',#581,#582);
#581 = CARTESIAN_POINT('',(3.14159265359,10.));
#582 = VECTOR('',#583,1.);
#583 = DIRECTION('',(-1.,0.));
#584 = ( GEOMETRIC_REPRESENTATION_CONTEXT(2) 
PARAMETRIC_REPRESENTATION_CONTEXT() REPRESENTATION_CONTEXT('2D SPACE',''
  ) );
#585 = PCURVE('',#586,#591);
#586 = PLANE('',#587);
#587 = AXIS2_PLACEMENT_3D('',#588,#589,#590);
#588 = CARTESIAN_POINT('',(-6.971893948175E-14,249.5,47.631397208143));
#589 = DIRECTION('',(6.450531537933E-16,-1.,7.136298725426E-15));
#590 = DIRECTION('',(-1.,-6.450531537933E-16,-2.775557561562E-17));
#591 = DEFINITIONAL_REPRESENTATION('',(#592),#600);
#592 = ( BOUNDED_CURVE() B_SPLINE_CURVE(2,(#593,#594,#595,#596,#597,#598
,#599),.UNSPECIFIED.,.T.,.F.) B_SPLINE_CURVE_WITH_KNOTS((1,2,2,2,2,1),(
    -2.094395102393,0.,2.094395102393,4.188790204786,6.28318530718,
8.377580409573),.UNSPECIFIED.) CURVE() GEOMETRIC_REPRESENTATION_ITEM() 
RATIONAL_B_SPLINE_CURVE((1.,0.5,1.,0.5,1.,0.5,1.)) REPRESENTATION_ITEM(
  '') );
#593 = CARTESIAN_POINT('',(-18.15,0.));
#594 = CARTESIAN_POINT('',(-18.15,31.436722157375));
#595 = CARTESIAN_POINT('',(9.075,15.718361078688));
#596 = CARTESIAN_POINT('',(36.3,4.445467880905E-15));
#597 = CARTESIAN_POINT('',(9.075,-15.71836107868));
#598 = CARTESIAN_POINT('',(-18.15,-31.43672215737));
#599 = CARTESIAN_POINT('',(-18.15,0.));
#600 = ( GEOMETRIC_REPRESENTATION_CONTEXT(2) 
PARAMETRIC_REPRESENTATION_CONTEXT() REPRESENTATION_CONTEXT('2D SPACE',''
  ) );
#601 = ORIENTED_EDGE('',*,*,#602,.F.);
#602 = EDGE_CURVE('',#508,#570,#603,.T.);
#603 = SURFACE_CURVE('',#604,(#608,#615),.PCURVE_S1.);
#604 = LINE('',#605,#606);
#605 = CARTESIAN_POINT('',(8.282511696339,259.5,31.481397208142));
#606 = VECTOR('',#607,1.);
#607 = DIRECTION('',(6.450531537933E-16,-1.,7.136298725426E-15));
#608 = PCURVE('',#517,#609);
#609 = DEFINITIONAL_REPRESENTATION('',(#610),#614);
#610 = LINE('',#611,#612);
#611 = CARTESIAN_POINT('',(2.044670235448,0.));
#612 = VECTOR('',#613,1.);
#613 = DIRECTION('',(0.,1.));
#614 = ( GEOMETRIC_REPRESENTATION_CONTEXT(2) 
PARAMETRIC_REPRESENTATION_CONTEXT() REPRESENTATION_CONTEXT('2D SPACE',''
  ) );
#615 = PCURVE('',#73,#616);
#616 = DEFINITIONAL_REPRESENTATION('',(#617),#621);
#617 = LINE('',#618,#619);
#618 = CARTESIAN_POINT('',(8.282511696339,0.));
#619 = VECTOR('',#620,1.);
#620 = DIRECTION('',(0.,1.));
#621 = ( GEOMETRIC_REPRESENTATION_CONTEXT(2) 
PARAMETRIC_REPRESENTATION_CONTEXT() REPRESENTATION_CONTEXT('2D SPACE',''
  ) );
#622 = ADVANCED_FACE('',(#623),#557,.T.);
#623 = FACE_BOUND('',#624,.T.);
#624 = EDGE_LOOP('',(#625,#626,#650,#678));
#625 = ORIENTED_EDGE('',*,*,#541,.F.);
#626 = ORIENTED_EDGE('',*,*,#627,.F.);
#627 = EDGE_CURVE('',#628,#506,#630,.T.);
#628 = VERTEX_POINT('',#629);
#629 = CARTESIAN_POINT('',(-18.15,259.5,47.631397208142));
#630 = SURFACE_CURVE('',#631,(#636,#643),.PCURVE_S1.);
#631 = CIRCLE('',#632,18.15);
#632 = AXIS2_PLACEMENT_3D('',#633,#634,#635);
#633 = CARTESIAN_POINT('',(-7.616947101968E-14,259.5,47.631397208142));
#634 = DIRECTION('',(-6.450531537933E-16,1.,-7.136298725426E-15));
#635 = DIRECTION('',(1.,6.450531537933E-16,2.775557561562E-17));
#636 = PCURVE('',#557,#637);
#637 = DEFINITIONAL_REPRESENTATION('',(#638),#642);
#638 = LINE('',#639,#640);
#639 = CARTESIAN_POINT('',(9.424777960769,0.));
#640 = VECTOR('',#641,1.);
#641 = DIRECTION('',(-1.,0.));
#642 = ( GEOMETRIC_REPRESENTATION_CONTEXT(2) 
PARAMETRIC_REPRESENTATION_CONTEXT() REPRESENTATION_CONTEXT('2D SPACE',''
  ) );
#643 = PCURVE('',#529,#644);
#644 = DEFINITIONAL_REPRESENTATION('',(#645),#649);
#645 = CIRCLE('',#646,18.15);
#646 = AXIS2_PLACEMENT_2D('',#647,#648);
#647 = CARTESIAN_POINT('',(0.,0.));
#648 = DIRECTION('',(1.,0.));
#649 = ( GEOMETRIC_REPRESENTATION_CONTEXT(2) 
PARAMETRIC_REPRESENTATION_CONTEXT() REPRESENTATION_CONTEXT('2D SPACE',''
  ) );
#650 = ORIENTED_EDGE('',*,*,#651,.T.);
#651 = EDGE_CURVE('',#628,#652,#654,.T.);
#652 = VERTEX_POINT('',#653);
#653 = CARTESIAN_POINT('',(-18.15,249.5,47.631397208143));
#654 = SURFACE_CURVE('',#655,(#659,#666),.PCURVE_S1.);
#655 = LINE('',#656,#657);
#656 = CARTESIAN_POINT('',(-18.15,259.5,47.631397208142));
#657 = VECTOR('',#658,1.);
#658 = DIRECTION('',(6.450531537933E-16,-1.,7.136298725426E-15));
#659 = PCURVE('',#557,#660);
#660 = DEFINITIONAL_REPRESENTATION('',(#661),#665);
#661 = LINE('',#662,#663);
#662 = CARTESIAN_POINT('',(6.28318530718,0.));
#663 = VECTOR('',#664,1.);
#664 = DIRECTION('',(0.,1.));
#665 = ( GEOMETRIC_REPRESENTATION_CONTEXT(2) 
PARAMETRIC_REPRESENTATION_CONTEXT() REPRESENTATION_CONTEXT('2D SPACE',''
  ) );
#666 = PCURVE('',#667,#672);
#667 = CYLINDRICAL_SURFACE('',#668,18.15);
#668 = AXIS2_PLACEMENT_3D('',#669,#670,#671);
#669 = CARTESIAN_POINT('',(-7.616947101968E-14,259.5,47.631397208142));
#670 = DIRECTION('',(6.450531537933E-16,-1.,7.136298725426E-15));
#671 = DIRECTION('',(-1.,-6.450531537933E-16,-2.775557561562E-17));
#672 = DEFINITIONAL_REPRESENTATION('',(#673),#677);
#673 = LINE('',#674,#675);
#674 = CARTESIAN_POINT('',(0.,0.));
#675 = VECTOR('',#676,1.);
#676 = DIRECTION('',(0.,1.));
#677 = ( GEOMETRIC_REPRESENTATION_CONTEXT(2) 
PARAMETRIC_REPRESENTATION_CONTEXT() REPRESENTATION_CONTEXT('2D SPACE',''
  ) );
#678 = ORIENTED_EDGE('',*,*,#679,.T.);
#679 = EDGE_CURVE('',#652,#542,#680,.T.);
#680 = SURFACE_CURVE('',#681,(#686,#693),.PCURVE_S1.);
#681 = CIRCLE('',#682,18.15);
#682 = AXIS2_PLACEMENT_3D('',#683,#684,#685);
#683 = CARTESIAN_POINT('',(-6.971893948175E-14,249.5,47.631397208143));
#684 = DIRECTION('',(-6.450531537933E-16,1.,-7.136298725426E-15));
#685 = DIRECTION('',(1.,6.450531537933E-16,2.775557561562E-17));
#686 = PCURVE('',#557,#687);
#687 = DEFINITIONAL_REPRESENTATION('',(#688),#692);
#688 = LINE('',#689,#690);
#689 = CARTESIAN_POINT('',(9.424777960769,10.));
#690 = VECTOR('',#691,1.);
#691 = DIRECTION('',(-1.,0.));
#692 = ( GEOMETRIC_REPRESENTATION_CONTEXT(2) 
PARAMETRIC_REPRESENTATION_CONTEXT() REPRESENTATION_CONTEXT('2D SPACE',''
  ) );
#693 = PCURVE('',#586,#694);
#694 = DEFINITIONAL_REPRESENTATION('',(#695),#703);
#695 = ( BOUNDED_CURVE() B_SPLINE_CURVE(2,(#696,#697,#698,#699,#700,#701
,#702),.UNSPECIFIED.,.T.,.F.) B_SPLINE_CURVE_WITH_KNOTS((1,2,2,2,2,1),(
    -2.094395102393,0.,2.094395102393,4.188790204786,6.28318530718,
8.377580409573),.UNSPECIFIED.) CURVE() GEOMETRIC_REPRESENTATION_ITEM() 
RATIONAL_B_SPLINE_CURVE((1.,0.5,1.,0.5,1.,0.5,1.)) REPRESENTATION_ITEM(
  '') );
#696 = CARTESIAN_POINT('',(-18.15,0.));
#697 = CARTESIAN_POINT('',(-18.15,31.436722157375));
#698 = CARTESIAN_POINT('',(9.075,15.718361078688));
#699 = CARTESIAN_POINT('',(36.3,4.445467880905E-15));
#700 = CARTESIAN_POINT('',(9.075,-15.71836107868));
#701 = CARTESIAN_POINT('',(-18.15,-31.43672215737));
#702 = CARTESIAN_POINT('',(-18.15,0.));
#703 = ( GEOMETRIC_REPRESENTATION_CONTEXT(2) 
PARAMETRIC_REPRESENTATION_CONTEXT() REPRESENTATION_CONTEXT('2D SPACE',''
  ) );
#704 = ADVANCED_FACE('',(#705),#719,.F.);
#705 = FACE_BOUND('',#706,.F.);
#706 = EDGE_LOOP('',(#707,#742,#775,#798));
#707 = ORIENTED_EDGE('',*,*,#708,.T.);
#708 = EDGE_CURVE('',#709,#711,#713,.T.);
#709 = VERTEX_POINT('',#710);
#710 = CARTESIAN_POINT('',(-17.6,201.5,50.731397208143));
#711 = VERTEX_POINT('',#712);
#712 = CARTESIAN_POINT('',(-16.5,201.5,50.731397208143));
#713 = SURFACE_CURVE('',#714,(#718,#730),.PCURVE_S1.);
#714 = LINE('',#715,#716);
#715 = CARTESIAN_POINT('',(-17.6,201.5,50.731397208143));
#716 = VECTOR('',#717,1.);
#717 = DIRECTION('',(1.,6.450531537933E-16,2.775557561562E-17));
#718 = PCURVE('',#719,#724);
#719 = CYLINDRICAL_SURFACE('',#720,3.1);
#720 = AXIS2_PLACEMENT_3D('',#721,#722,#723);
#721 = CARTESIAN_POINT('',(-17.6,201.5,47.631397208143));
#722 = DIRECTION('',(1.,6.450531537933E-16,2.775557561562E-17));
#723 = DIRECTION('',(-2.775557561563E-17,7.136298725426E-15,1.));
#724 = DEFINITIONAL_REPRESENTATION('',(#725),#729);
#725 = LINE('',#726,#727);
#726 = CARTESIAN_POINT('',(6.28318530718,0.));
#727 = VECTOR('',#728,1.);
#728 = DIRECTION('',(0.,1.));
#729 = ( GEOMETRIC_REPRESENTATION_CONTEXT(2) 
PARAMETRIC_REPRESENTATION_CONTEXT() REPRESENTATION_CONTEXT('2D SPACE',''
  ) );
#730 = PCURVE('',#731,#736);
#731 = CYLINDRICAL_SURFACE('',#732,3.1);
#732 = AXIS2_PLACEMENT_3D('',#733,#734,#735);
#733 = CARTESIAN_POINT('',(-17.6,201.5,47.631397208143));
#734 = DIRECTION('',(1.,6.450531537933E-16,2.775557561562E-17));
#735 = DIRECTION('',(-2.775557561563E-17,7.136298725426E-15,1.));
#736 = DEFINITIONAL_REPRESENTATION('',(#737),#741);
#737 = LINE('',#738,#739);
#738 = CARTESIAN_POINT('',(0.,0.));
#739 = VECTOR('',#740,1.);
#740 = DIRECTION('',(0.,1.));
#741 = ( GEOMETRIC_REPRESENTATION_CONTEXT(2) 
PARAMETRIC_REPRESENTATION_CONTEXT() REPRESENTATION_CONTEXT('2D SPACE',''
  ) );
#742 = ORIENTED_EDGE('',*,*,#743,.F.);
#743 = EDGE_CURVE('',#744,#711,#746,.T.);
#744 = VERTEX_POINT('',#745);
#745 = CARTESIAN_POINT('',(-16.5,201.5,44.531397208143));
#746 = SURFACE_CURVE('',#747,(#752,#759),.PCURVE_S1.);
#747 = CIRCLE('',#748,3.1);
#748 = AXIS2_PLACEMENT_3D('',#749,#750,#751);
#749 = CARTESIAN_POINT('',(-16.5,201.5,47.631397208143));
#750 = DIRECTION('',(1.,6.450531537933E-16,2.775557561562E-17));
#751 = DIRECTION('',(-2.775557561563E-17,7.136298725426E-15,1.));
#752 = PCURVE('',#719,#753);
#753 = DEFINITIONAL_REPRESENTATION('',(#754),#758);
#754 = LINE('',#755,#756);
#755 = CARTESIAN_POINT('',(0.,1.1));
#756 = VECTOR('',#757,1.);
#757 = DIRECTION('',(1.,0.));
#758 = ( GEOMETRIC_REPRESENTATION_CONTEXT(2) 
PARAMETRIC_REPRESENTATION_CONTEXT() REPRESENTATION_CONTEXT('2D SPACE',''
  ) );
#759 = PCURVE('',#760,#765);
#760 = PLANE('',#761);
#761 = AXIS2_PLACEMENT_3D('',#762,#763,#764);
#762 = CARTESIAN_POINT('',(-16.5,153.5,70.131397208143));
#763 = DIRECTION('',(-1.,-6.450531537933E-16,-2.775557561562E-17));
#764 = DIRECTION('',(2.775557561563E-17,-7.136298725426E-15,-1.));
#765 = DEFINITIONAL_REPRESENTATION('',(#766),#774);
#766 = ( BOUNDED_CURVE() B_SPLINE_CURVE(2,(#767,#768,#769,#770,#771,#772
,#773),.UNSPECIFIED.,.T.,.F.) B_SPLINE_CURVE_WITH_KNOTS((1,2,2,2,2,1),(
    -2.094395102393,0.,2.094395102393,4.188790204786,6.28318530718,
8.377580409573),.UNSPECIFIED.) CURVE() GEOMETRIC_REPRESENTATION_ITEM() 
RATIONAL_B_SPLINE_CURVE((1.,0.5,1.,0.5,1.,0.5,1.)) REPRESENTATION_ITEM(
  '') );
#767 = CARTESIAN_POINT('',(19.4,-48.));
#768 = CARTESIAN_POINT('',(19.4,-42.63064249653));
#769 = CARTESIAN_POINT('',(24.05,-45.31532124826));
#770 = CARTESIAN_POINT('',(28.7,-48.));
#771 = CARTESIAN_POINT('',(24.05,-50.68467875173));
#772 = CARTESIAN_POINT('',(19.4,-53.36935750346));
#773 = CARTESIAN_POINT('',(19.4,-48.));
#774 = ( GEOMETRIC_REPRESENTATION_CONTEXT(2) 
PARAMETRIC_REPRESENTATION_CONTEXT() REPRESENTATION_CONTEXT('2D SPACE',''
  ) );
#775 = ORIENTED_EDGE('',*,*,#776,.F.);
#776 = EDGE_CURVE('',#777,#744,#779,.T.);
#777 = VERTEX_POINT('',#778);
#778 = CARTESIAN_POINT('',(-17.6,201.5,44.531397208143));
#779 = SURFACE_CURVE('',#780,(#784,#791),.PCURVE_S1.);
#780 = LINE('',#781,#782);
#781 = CARTESIAN_POINT('',(-17.6,201.5,44.531397208143));
#782 = VECTOR('',#783,1.);
#783 = DIRECTION('',(1.,6.450531537933E-16,2.775557561562E-17));
#784 = PCURVE('',#719,#785);
#785 = DEFINITIONAL_REPRESENTATION('',(#786),#790);
#786 = LINE('',#787,#788);
#787 = CARTESIAN_POINT('',(3.14159265359,0.));
#788 = VECTOR('',#789,1.);
#789 = DIRECTION('',(0.,1.));
#790 = ( GEOMETRIC_REPRESENTATION_CONTEXT(2) 
PARAMETRIC_REPRESENTATION_CONTEXT() REPRESENTATION_CONTEXT('2D SPACE',''
  ) );
#791 = PCURVE('',#731,#792);
#792 = DEFINITIONAL_REPRESENTATION('',(#793),#797);
#793 = LINE('',#794,#795);
#794 = CARTESIAN_POINT('',(3.14159265359,0.));
#795 = VECTOR('',#796,1.);
#796 = DIRECTION('',(0.,1.));
#797 = ( GEOMETRIC_REPRESENTATION_CONTEXT(2) 
PARAMETRIC_REPRESENTATION_CONTEXT() REPRESENTATION_CONTEXT('2D SPACE',''
  ) );
#798 = ORIENTED_EDGE('',*,*,#799,.T.);
#799 = EDGE_CURVE('',#777,#709,#800,.T.);
#800 = SURFACE_CURVE('',#801,(#806,#813),.PCURVE_S1.);
#801 = CIRCLE('',#802,3.1);
#802 = AXIS2_PLACEMENT_3D('',#803,#804,#805);
#803 = CARTESIAN_POINT('',(-17.6,201.5,47.631397208143));
#804 = DIRECTION('',(1.,6.450531537933E-16,2.775557561562E-17));
#805 = DIRECTION('',(-2.775557561563E-17,7.136298725426E-15,1.));
#806 = PCURVE('',#719,#807);
#807 = DEFINITIONAL_REPRESENTATION('',(#808),#812);
#808 = LINE('',#809,#810);
#809 = CARTESIAN_POINT('',(0.,0.));
#810 = VECTOR('',#811,1.);
#811 = DIRECTION('',(1.,0.));
#812 = ( GEOMETRIC_REPRESENTATION_CONTEXT(2) 
PARAMETRIC_REPRESENTATION_CONTEXT() REPRESENTATION_CONTEXT('2D SPACE',''
  ) );
#813 = PCURVE('',#814,#819);
#814 = PLANE('',#815);
#815 = AXIS2_PLACEMENT_3D('',#816,#817,#818);
#816 = CARTESIAN_POINT('',(-17.6,201.5,47.631397208143));
#817 = DIRECTION('',(1.,6.450531537933E-16,2.775557561562E-17));
#818 = DIRECTION('',(-2.775557561563E-17,7.136298725426E-15,1.));
#819 = DEFINITIONAL_REPRESENTATION('',(#820),#824);
#820 = CIRCLE('',#821,3.1);
#821 = AXIS2_PLACEMENT_2D('',#822,#823);
#822 = CARTESIAN_POINT('',(0.,0.));
#823 = DIRECTION('',(1.,0.));
#824 = ( GEOMETRIC_REPRESENTATION_CONTEXT(2) 
PARAMETRIC_REPRESENTATION_CONTEXT() REPRESENTATION_CONTEXT('2D SPACE',''
  ) );
#825 = ADVANCED_FACE('',(#826),#840,.F.);
#826 = FACE_BOUND('',#827,.F.);
#827 = EDGE_LOOP('',(#828,#863,#896,#919));
#828 = ORIENTED_EDGE('',*,*,#829,.T.);
#829 = EDGE_CURVE('',#830,#832,#834,.T.);
#830 = VERTEX_POINT('',#831);
#831 = CARTESIAN_POINT('',(-21.,224.,33.131397208143));
#832 = VERTEX_POINT('',#833);
#833 = CARTESIAN_POINT('',(-22.5,224.,33.131397208143));
#834 = SURFACE_CURVE('',#835,(#839,#851),.PCURVE_S1.);
#835 = LINE('',#836,#837);
#836 = CARTESIAN_POINT('',(-21.,224.,33.131397208143));
#837 = VECTOR('',#838,1.);
#838 = DIRECTION('',(-1.,-6.450531537933E-16,-2.775557561562E-17));
#839 = PCURVE('',#840,#845);
#840 = CYLINDRICAL_SURFACE('',#841,14.5);
#841 = AXIS2_PLACEMENT_3D('',#842,#843,#844);
#842 = CARTESIAN_POINT('',(-21.,224.,47.631397208143));
#843 = DIRECTION('',(-1.,-6.450531537933E-16,-2.775557561562E-17));
#844 = DIRECTION('',(2.775557561563E-17,-7.136298725426E-15,-1.));
#845 = DEFINITIONAL_REPRESENTATION('',(#846),#850);
#846 = LINE('',#847,#848);
#847 = CARTESIAN_POINT('',(6.28318530718,0.));
#848 = VECTOR('',#849,1.);
#849 = DIRECTION('',(0.,1.));
#850 = ( GEOMETRIC_REPRESENTATION_CONTEXT(2) 
PARAMETRIC_REPRESENTATION_CONTEXT() REPRESENTATION_CONTEXT('2D SPACE',''
  ) );
#851 = PCURVE('',#852,#857);
#852 = CYLINDRICAL_SURFACE('',#853,14.5);
#853 = AXIS2_PLACEMENT_3D('',#854,#855,#856);
#854 = CARTESIAN_POINT('',(-21.,224.,47.631397208143));
#855 = DIRECTION('',(-1.,-6.450531537933E-16,-2.775557561562E-17));
#856 = DIRECTION('',(2.775557561563E-17,-7.136298725426E-15,-1.));
#857 = DEFINITIONAL_REPRESENTATION('',(#858),#862);
#858 = LINE('',#859,#860);
#859 = CARTESIAN_POINT('',(0.,0.));
#860 = VECTOR('',#861,1.);
#861 = DIRECTION('',(0.,1.));
#862 = ( GEOMETRIC_REPRESENTATION_CONTEXT(2) 
PARAMETRIC_REPRESENTATION_CONTEXT() REPRESENTATION_CONTEXT('2D SPACE',''
  ) );
#863 = ORIENTED_EDGE('',*,*,#864,.F.);
#864 = EDGE_CURVE('',#865,#832,#867,.T.);
#865 = VERTEX_POINT('',#866);
#866 = CARTESIAN_POINT('',(-22.5,224.,62.131397208143));
#867 = SURFACE_CURVE('',#868,(#873,#880),.PCURVE_S1.);
#868 = CIRCLE('',#869,14.5);
#869 = AXIS2_PLACEMENT_3D('',#870,#871,#872);
#870 = CARTESIAN_POINT('',(-22.5,224.,47.631397208143));
#871 = DIRECTION('',(-1.,-6.450531537933E-16,-2.775557561562E-17));
#872 = DIRECTION('',(2.775557561563E-17,-7.136298725426E-15,-1.));
#873 = PCURVE('',#840,#874);
#874 = DEFINITIONAL_REPRESENTATION('',(#875),#879);
#875 = LINE('',#876,#877);
#876 = CARTESIAN_POINT('',(0.,1.5));
#877 = VECTOR('',#878,1.);
#878 = DIRECTION('',(1.,0.));
#879 = ( GEOMETRIC_REPRESENTATION_CONTEXT(2) 
PARAMETRIC_REPRESENTATION_CONTEXT() REPRESENTATION_CONTEXT('2D SPACE',''
  ) );
#880 = PCURVE('',#881,#886);
#881 = PLANE('',#882);
#882 = AXIS2_PLACEMENT_3D('',#883,#884,#885);
#883 = CARTESIAN_POINT('',(-22.5,243.5,70.131397208143));
#884 = DIRECTION('',(1.,6.450531537933E-16,2.775557561562E-17));
#885 = DIRECTION('',(-2.775557561563E-17,7.136298725426E-15,1.));
#886 = DEFINITIONAL_REPRESENTATION('',(#887),#895);
#887 = ( BOUNDED_CURVE() B_SPLINE_CURVE(2,(#888,#889,#890,#891,#892,#893
,#894),.UNSPECIFIED.,.T.,.F.) B_SPLINE_CURVE_WITH_KNOTS((1,2,2,2,2,1),(
    -2.094395102393,0.,2.094395102393,4.188790204786,6.28318530718,
8.377580409573),.UNSPECIFIED.) CURVE() GEOMETRIC_REPRESENTATION_ITEM() 
RATIONAL_B_SPLINE_CURVE((1.,0.5,1.,0.5,1.,0.5,1.)) REPRESENTATION_ITEM(
  '') );
#888 = CARTESIAN_POINT('',(-37.,19.5));
#889 = CARTESIAN_POINT('',(-37.,44.614736709749));
#890 = CARTESIAN_POINT('',(-15.25,32.057368354874));
#891 = CARTESIAN_POINT('',(6.5,19.5));
#892 = CARTESIAN_POINT('',(-15.25,6.942631645126));
#893 = CARTESIAN_POINT('',(-37.,-5.614736709749));
#894 = CARTESIAN_POINT('',(-37.,19.5));
#895 = ( GEOMETRIC_REPRESENTATION_CONTEXT(2) 
PARAMETRIC_REPRESENTATION_CONTEXT() REPRESENTATION_CONTEXT('2D SPACE',''
  ) );
#896 = ORIENTED_EDGE('',*,*,#897,.F.);
#897 = EDGE_CURVE('',#898,#865,#900,.T.);
#898 = VERTEX_POINT('',#899);
#899 = CARTESIAN_POINT('',(-21.,224.,62.131397208143));
#900 = SURFACE_CURVE('',#901,(#905,#912),.PCURVE_S1.);
#901 = LINE('',#902,#903);
#902 = CARTESIAN_POINT('',(-21.,224.,62.131397208143));
#903 = VECTOR('',#904,1.);
#904 = DIRECTION('',(-1.,-6.450531537933E-16,-2.775557561562E-17));
#905 = PCURVE('',#840,#906);
#906 = DEFINITIONAL_REPRESENTATION('',(#907),#911);
#907 = LINE('',#908,#909);
#908 = CARTESIAN_POINT('',(3.14159265359,0.));
#909 = VECTOR('',#910,1.);
#910 = DIRECTION('',(0.,1.));
#911 = ( GEOMETRIC_REPRESENTATION_CONTEXT(2) 
PARAMETRIC_REPRESENTATION_CONTEXT() REPRESENTATION_CONTEXT('2D SPACE',''
  ) );
#912 = PCURVE('',#852,#913);
#913 = DEFINITIONAL_REPRESENTATION('',(#914),#918);
#914 = LINE('',#915,#916);
#915 = CARTESIAN_POINT('',(3.14159265359,0.));
#916 = VECTOR('',#917,1.);
#917 = DIRECTION('',(0.,1.));
#918 = ( GEOMETRIC_REPRESENTATION_CONTEXT(2) 
PARAMETRIC_REPRESENTATION_CONTEXT() REPRESENTATION_CONTEXT('2D SPACE',''
  ) );
#919 = ORIENTED_EDGE('',*,*,#920,.T.);
#920 = EDGE_CURVE('',#898,#830,#921,.T.);
#921 = SURFACE_CURVE('',#922,(#927,#934),.PCURVE_S1.);
#922 = CIRCLE('',#923,14.5);
#923 = AXIS2_PLACEMENT_3D('',#924,#925,#926);
#924 = CARTESIAN_POINT('',(-21.,224.,47.631397208143));
#925 = DIRECTION('',(-1.,-6.450531537933E-16,-2.775557561562E-17));
#926 = DIRECTION('',(2.775557561563E-17,-7.136298725426E-15,-1.));
#927 = PCURVE('',#840,#928);
#928 = DEFINITIONAL_REPRESENTATION('',(#929),#933);
#929 = LINE('',#930,#931);
#930 = CARTESIAN_POINT('',(0.,0.));
#931 = VECTOR('',#932,1.);
#932 = DIRECTION('',(1.,0.));
#933 = ( GEOMETRIC_REPRESENTATION_CONTEXT(2) 
PARAMETRIC_REPRESENTATION_CONTEXT() REPRESENTATION_CONTEXT('2D SPACE',''
  ) );
#934 = PCURVE('',#935,#940);
#935 = PLANE('',#936);
#936 = AXIS2_PLACEMENT_3D('',#937,#938,#939);
#937 = CARTESIAN_POINT('',(-21.,224.,47.631397208143));
#938 = DIRECTION('',(-1.,-6.450531537933E-16,-2.775557561562E-17));
#939 = DIRECTION('',(2.775557561563E-17,-7.136298725426E-15,-1.));
#940 = DEFINITIONAL_REPRESENTATION('',(#941),#945);
#941 = CIRCLE('',#942,14.5);
#942 = AXIS2_PLACEMENT_2D('',#943,#944);
#943 = CARTESIAN_POINT('',(0.,0.));
#944 = DIRECTION('',(1.,0.));
#945 = ( GEOMETRIC_REPRESENTATION_CONTEXT(2) 
PARAMETRIC_REPRESENTATION_CONTEXT() REPRESENTATION_CONTEXT('2D SPACE',''
  ) );
#946 = ADVANCED_FACE('',(#947),#961,.F.);
#947 = FACE_BOUND('',#948,.F.);
#948 = EDGE_LOOP('',(#949,#984,#1013,#1041));
#949 = ORIENTED_EDGE('',*,*,#950,.T.);
#950 = EDGE_CURVE('',#951,#953,#955,.T.);
#951 = VERTEX_POINT('',#952);
#952 = CARTESIAN_POINT('',(-19.8,164.94285714285,48.605867236792));
#953 = VERTEX_POINT('',#954);
#954 = CARTESIAN_POINT('',(-21.,164.94285714285,48.605867236792));
#955 = SURFACE_CURVE('',#956,(#960,#972),.PCURVE_S1.);
#956 = LINE('',#957,#958);
#957 = CARTESIAN_POINT('',(-21.15,164.94285714285,48.605867236792));
#958 = VECTOR('',#959,1.);
#959 = DIRECTION('',(-1.,-6.450531537933E-16,-2.775557561562E-17));
#960 = PCURVE('',#961,#966);
#961 = CYLINDRICAL_SURFACE('',#962,3.1);
#962 = AXIS2_PLACEMENT_3D('',#963,#964,#965);
#963 = CARTESIAN_POINT('',(-19.8,162.,47.631397208143));
#964 = DIRECTION('',(-1.,-6.450531537933E-16,-2.775557561562E-17));
#965 = DIRECTION('',(2.775557561563E-17,-7.136298725426E-15,-1.));
#966 = DEFINITIONAL_REPRESENTATION('',(#967),#971);
#967 = LINE('',#968,#969);
#968 = CARTESIAN_POINT('',(4.392622201277,1.35));
#969 = VECTOR('',#970,1.);
#970 = DIRECTION('',(0.,1.));
#971 = ( GEOMETRIC_REPRESENTATION_CONTEXT(2) 
PARAMETRIC_REPRESENTATION_CONTEXT() REPRESENTATION_CONTEXT('2D SPACE',''
  ) );
#972 = PCURVE('',#973,#978);
#973 = CYLINDRICAL_SURFACE('',#974,11.1);
#974 = AXIS2_PLACEMENT_3D('',#975,#976,#977);
#975 = CARTESIAN_POINT('',(-22.5,176.,47.631397208143));
#976 = DIRECTION('',(1.,6.450531537933E-16,2.775557561562E-17));
#977 = DIRECTION('',(-2.775557561563E-17,7.136298725426E-15,1.));
#978 = DEFINITIONAL_REPRESENTATION('',(#979),#983);
#979 = LINE('',#980,#981);
#980 = CARTESIAN_POINT('',(1.482893073377,1.35));
#981 = VECTOR('',#982,1.);
#982 = DIRECTION('',(0.,-1.));
#983 = ( GEOMETRIC_REPRESENTATION_CONTEXT(2) 
PARAMETRIC_REPRESENTATION_CONTEXT() REPRESENTATION_CONTEXT('2D SPACE',''
  ) );
#984 = ORIENTED_EDGE('',*,*,#985,.F.);
#985 = EDGE_CURVE('',#986,#953,#988,.T.);
#986 = VERTEX_POINT('',#987);
#987 = CARTESIAN_POINT('',(-21.,162.,50.731397208143));
#988 = SURFACE_CURVE('',#989,(#994,#1001),.PCURVE_S1.);
#989 = CIRCLE('',#990,3.1);
#990 = AXIS2_PLACEMENT_3D('',#991,#992,#993);
#991 = CARTESIAN_POINT('',(-21.,162.,47.631397208143));
#992 = DIRECTION('',(-1.,-6.450531537933E-16,-2.775557561562E-17));
#993 = DIRECTION('',(2.775557561563E-17,-7.136298725426E-15,-1.));
#994 = PCURVE('',#961,#995);
#995 = DEFINITIONAL_REPRESENTATION('',(#996),#1000);
#996 = LINE('',#997,#998);
#997 = CARTESIAN_POINT('',(0.,1.2));
#998 = VECTOR('',#999,1.);
#999 = DIRECTION('',(1.,0.));
#1000 = ( GEOMETRIC_REPRESENTATION_CONTEXT(2) 
PARAMETRIC_REPRESENTATION_CONTEXT() REPRESENTATION_CONTEXT('2D SPACE',''
  ) );
#1001 = PCURVE('',#1002,#1007);
#1002 = PLANE('',#1003);
#1003 = AXIS2_PLACEMENT_3D('',#1004,#1005,#1006);
#1004 = CARTESIAN_POINT('',(-21.,176.,47.631397208143));
#1005 = DIRECTION('',(-1.,-6.450531537933E-16,-2.775557561562E-17));
#1006 = DIRECTION('',(2.775557561563E-17,-7.136298725426E-15,-1.));
#1007 = DEFINITIONAL_REPRESENTATION('',(#1008),#1012);
#1008 = CIRCLE('',#1009,3.1);
#1009 = AXIS2_PLACEMENT_2D('',#1010,#1011);
#1010 = CARTESIAN_POINT('',(-5.088522196199E-15,14.));
#1011 = DIRECTION('',(1.,0.));
#1012 = ( GEOMETRIC_REPRESENTATION_CONTEXT(2) 
PARAMETRIC_REPRESENTATION_CONTEXT() REPRESENTATION_CONTEXT('2D SPACE',''
  ) );
#1013 = ORIENTED_EDGE('',*,*,#1014,.F.);
#1014 = EDGE_CURVE('',#1015,#986,#1017,.T.);
#1015 = VERTEX_POINT('',#1016);
#1016 = CARTESIAN_POINT('',(-19.8,162.,50.731397208143));
#1017 = SURFACE_CURVE('',#1018,(#1022,#1029),.PCURVE_S1.);
#1018 = LINE('',#1019,#1020);
#1019 = CARTESIAN_POINT('',(-19.8,162.,50.731397208143));
#1020 = VECTOR('',#1021,1.);
#1021 = DIRECTION('',(-1.,-6.450531537933E-16,-2.775557561562E-17));
#1022 = PCURVE('',#961,#1023);
#1023 = DEFINITIONAL_REPRESENTATION('',(#1024),#1028);
#1024 = LINE('',#1025,#1026);
#1025 = CARTESIAN_POINT('',(3.14159265359,0.));
#1026 = VECTOR('',#1027,1.);
#1027 = DIRECTION('',(0.,1.));
#1028 = ( GEOMETRIC_REPRESENTATION_CONTEXT(2) 
PARAMETRIC_REPRESENTATION_CONTEXT() REPRESENTATION_CONTEXT('2D SPACE',''
  ) );
#1029 = PCURVE('',#1030,#1035);
#1030 = CYLINDRICAL_SURFACE('',#1031,3.1);
#1031 = AXIS2_PLACEMENT_3D('',#1032,#1033,#1034);
#1032 = CARTESIAN_POINT('',(-19.8,162.,47.631397208143));
#1033 = DIRECTION('',(-1.,-6.450531537933E-16,-2.775557561562E-17));
#1034 = DIRECTION('',(2.775557561563E-17,-7.136298725426E-15,-1.));
#1035 = DEFINITIONAL_REPRESENTATION('',(#1036),#1040);
#1036 = LINE('',#1037,#1038);
#1037 = CARTESIAN_POINT('',(3.14159265359,0.));
#1038 = VECTOR('',#1039,1.);
#1039 = DIRECTION('',(0.,1.));
#1040 = ( GEOMETRIC_REPRESENTATION_CONTEXT(2) 
PARAMETRIC_REPRESENTATION_CONTEXT() REPRESENTATION_CONTEXT('2D SPACE',''
  ) );
#1041 = ORIENTED_EDGE('',*,*,#1042,.T.);
#1042 = EDGE_CURVE('',#1015,#951,#1043,.T.);
#1043 = SURFACE_CURVE('',#1044,(#1049,#1056),.PCURVE_S1.);
#1044 = CIRCLE('',#1045,3.1);
#1045 = AXIS2_PLACEMENT_3D('',#1046,#1047,#1048);
#1046 = CARTESIAN_POINT('',(-19.8,162.,47.631397208143));
#1047 = DIRECTION('',(-1.,-6.450531537933E-16,-2.775557561562E-17));
#1048 = DIRECTION('',(2.775557561563E-17,-7.136298725426E-15,-1.));
#1049 = PCURVE('',#961,#1050);
#1050 = DEFINITIONAL_REPRESENTATION('',(#1051),#1055);
#1051 = LINE('',#1052,#1053);
#1052 = CARTESIAN_POINT('',(0.,0.));
#1053 = VECTOR('',#1054,1.);
#1054 = DIRECTION('',(1.,0.));
#1055 = ( GEOMETRIC_REPRESENTATION_CONTEXT(2) 
PARAMETRIC_REPRESENTATION_CONTEXT() REPRESENTATION_CONTEXT('2D SPACE',''
  ) );
#1056 = PCURVE('',#1057,#1062);
#1057 = PLANE('',#1058);
#1058 = AXIS2_PLACEMENT_3D('',#1059,#1060,#1061);
#1059 = CARTESIAN_POINT('',(-19.8,162.,47.631397208143));
#1060 = DIRECTION('',(-1.,-6.450531537933E-16,-2.775557561562E-17));
#1061 = DIRECTION('',(2.775557561563E-17,-7.136298725426E-15,-1.));
#1062 = DEFINITIONAL_REPRESENTATION('',(#1063),#1067);
#1063 = CIRCLE('',#1064,3.1);
#1064 = AXIS2_PLACEMENT_2D('',#1065,#1066);
#1065 = CARTESIAN_POINT('',(0.,0.));
#1066 = DIRECTION('',(1.,0.));
#1067 = ( GEOMETRIC_REPRESENTATION_CONTEXT(2) 
PARAMETRIC_REPRESENTATION_CONTEXT() REPRESENTATION_CONTEXT('2D SPACE',''
  ) );
#1068 = ADVANCED_FACE('',(#1069),#1030,.F.);
#1069 = FACE_BOUND('',#1070,.F.);
#1070 = EDGE_LOOP('',(#1071,#1095,#1123,#1151,#1179,#1208,#1236,#1258));
#1071 = ORIENTED_EDGE('',*,*,#1072,.F.);
#1072 = EDGE_CURVE('',#1073,#986,#1075,.T.);
#1073 = VERTEX_POINT('',#1074);
#1074 = CARTESIAN_POINT('',(-21.,161.83428571428,50.726964809652));
#1075 = SURFACE_CURVE('',#1076,(#1081,#1088),.PCURVE_S1.);
#1076 = CIRCLE('',#1077,3.1);
#1077 = AXIS2_PLACEMENT_3D('',#1078,#1079,#1080);
#1078 = CARTESIAN_POINT('',(-21.,162.,47.631397208143));
#1079 = DIRECTION('',(-1.,-6.450531537933E-16,-2.775557561562E-17));
#1080 = DIRECTION('',(2.775557561563E-17,-7.136298725426E-15,-1.));
#1081 = PCURVE('',#1030,#1082);
#1082 = DEFINITIONAL_REPRESENTATION('',(#1083),#1087);
#1083 = LINE('',#1084,#1085);
#1084 = CARTESIAN_POINT('',(0.,1.2));
#1085 = VECTOR('',#1086,1.);
#1086 = DIRECTION('',(1.,0.));
#1087 = ( GEOMETRIC_REPRESENTATION_CONTEXT(2) 
PARAMETRIC_REPRESENTATION_CONTEXT() REPRESENTATION_CONTEXT('2D SPACE',''
  ) );
#1088 = PCURVE('',#1002,#1089);
#1089 = DEFINITIONAL_REPRESENTATION('',(#1090),#1094);
#1090 = CIRCLE('',#1091,3.1);
#1091 = AXIS2_PLACEMENT_2D('',#1092,#1093);
#1092 = CARTESIAN_POINT('',(-5.088522196199E-15,14.));
#1093 = DIRECTION('',(1.,0.));
#1094 = ( GEOMETRIC_REPRESENTATION_CONTEXT(2) 
PARAMETRIC_REPRESENTATION_CONTEXT() REPRESENTATION_CONTEXT('2D SPACE',''
  ) );
#1095 = ORIENTED_EDGE('',*,*,#1096,.T.);
#1096 = EDGE_CURVE('',#1073,#1097,#1099,.T.);
#1097 = VERTEX_POINT('',#1098);
#1098 = CARTESIAN_POINT('',(-22.5,161.83428571428,50.726964809652));
#1099 = SURFACE_CURVE('',#1100,(#1104,#1111),.PCURVE_S1.);
#1100 = LINE('',#1101,#1102);
#1101 = CARTESIAN_POINT('',(-21.15,161.83428571428,50.726964809652));
#1102 = VECTOR('',#1103,1.);
#1103 = DIRECTION('',(-1.,-6.450531537933E-16,-2.775557561562E-17));
#1104 = PCURVE('',#1030,#1105);
#1105 = DEFINITIONAL_REPRESENTATION('',(#1106),#1110);
#1106 = LINE('',#1107,#1108);
#1107 = CARTESIAN_POINT('',(3.08811094047,1.35));
#1108 = VECTOR('',#1109,1.);
#1109 = DIRECTION('',(0.,1.));
#1110 = ( GEOMETRIC_REPRESENTATION_CONTEXT(2) 
PARAMETRIC_REPRESENTATION_CONTEXT() REPRESENTATION_CONTEXT('2D SPACE',''
  ) );
#1111 = PCURVE('',#1112,#1117);
#1112 = CYLINDRICAL_SURFACE('',#1113,14.5);
#1113 = AXIS2_PLACEMENT_3D('',#1114,#1115,#1116);
#1114 = CARTESIAN_POINT('',(-21.,176.,47.631397208143));
#1115 = DIRECTION('',(-1.,-6.450531537933E-16,-2.775557561562E-17));
#1116 = DIRECTION('',(2.775557561563E-17,-7.136298725426E-15,-1.));
#1117 = DEFINITIONAL_REPRESENTATION('',(#1118),#1122);
#1118 = LINE('',#1119,#1120);
#1119 = CARTESIAN_POINT('',(1.785939620619,0.15));
#1120 = VECTOR('',#1121,1.);
#1121 = DIRECTION('',(0.,1.));
#1122 = ( GEOMETRIC_REPRESENTATION_CONTEXT(2) 
PARAMETRIC_REPRESENTATION_CONTEXT() REPRESENTATION_CONTEXT('2D SPACE',''
  ) );
#1123 = ORIENTED_EDGE('',*,*,#1124,.F.);
#1124 = EDGE_CURVE('',#1125,#1097,#1127,.T.);
#1125 = VERTEX_POINT('',#1126);
#1126 = CARTESIAN_POINT('',(-22.5,161.83428571428,44.535829606635));
#1127 = SURFACE_CURVE('',#1128,(#1133,#1140),.PCURVE_S1.);
#1128 = CIRCLE('',#1129,3.1);
#1129 = AXIS2_PLACEMENT_3D('',#1130,#1131,#1132);
#1130 = CARTESIAN_POINT('',(-22.5,162.,47.631397208143));
#1131 = DIRECTION('',(-1.,-6.450531537933E-16,-2.775557561562E-17));
#1132 = DIRECTION('',(2.775557561563E-17,-7.136298725426E-15,-1.));
#1133 = PCURVE('',#1030,#1134);
#1134 = DEFINITIONAL_REPRESENTATION('',(#1135),#1139);
#1135 = LINE('',#1136,#1137);
#1136 = CARTESIAN_POINT('',(6.938893903907E-18,2.7));
#1137 = VECTOR('',#1138,1.);
#1138 = DIRECTION('',(1.,0.));
#1139 = ( GEOMETRIC_REPRESENTATION_CONTEXT(2) 
PARAMETRIC_REPRESENTATION_CONTEXT() REPRESENTATION_CONTEXT('2D SPACE',''
  ) );
#1140 = PCURVE('',#881,#1141);
#1141 = DEFINITIONAL_REPRESENTATION('',(#1142),#1150);
#1142 = ( BOUNDED_CURVE() B_SPLINE_CURVE(2,(#1143,#1144,#1145,#1146,
#1147,#1148,#1149),.UNSPECIFIED.,.T.,.F.) B_SPLINE_CURVE_WITH_KNOTS((1,2
    ,2,2,2,1),(-2.094395102393,0.,2.094395102393,4.188790204786,
6.28318530718,8.377580409573),.UNSPECIFIED.) CURVE() 
GEOMETRIC_REPRESENTATION_ITEM() RATIONAL_B_SPLINE_CURVE((1.,0.5,1.,0.5,
1.,0.5,1.)) REPRESENTATION_ITEM('') );
#1143 = CARTESIAN_POINT('',(-25.6,81.5));
#1144 = CARTESIAN_POINT('',(-25.6,86.869357503464));
#1145 = CARTESIAN_POINT('',(-20.95,84.184678751732));
#1146 = CARTESIAN_POINT('',(-16.3,81.5));
#1147 = CARTESIAN_POINT('',(-20.95,78.815321248268));
#1148 = CARTESIAN_POINT('',(-25.6,76.130642496536));
#1149 = CARTESIAN_POINT('',(-25.6,81.5));
#1150 = ( GEOMETRIC_REPRESENTATION_CONTEXT(2) 
PARAMETRIC_REPRESENTATION_CONTEXT() REPRESENTATION_CONTEXT('2D SPACE',''
  ) );
#1151 = ORIENTED_EDGE('',*,*,#1152,.T.);
#1152 = EDGE_CURVE('',#1125,#1153,#1155,.T.);
#1153 = VERTEX_POINT('',#1154);
#1154 = CARTESIAN_POINT('',(-21.,161.83428571428,44.535829606635));
#1155 = SURFACE_CURVE('',#1156,(#1160,#1167),.PCURVE_S1.);
#1156 = LINE('',#1157,#1158);
#1157 = CARTESIAN_POINT('',(-21.15,161.83428571428,44.535829606635));
#1158 = VECTOR('',#1159,1.);
#1159 = DIRECTION('',(1.,6.450531537933E-16,2.775557561562E-17));
#1160 = PCURVE('',#1030,#1161);
#1161 = DEFINITIONAL_REPRESENTATION('',(#1162),#1166);
#1162 = LINE('',#1163,#1164);
#1163 = CARTESIAN_POINT('',(5.348171311946E-02,1.35));
#1164 = VECTOR('',#1165,1.);
#1165 = DIRECTION('',(0.,-1.));
#1166 = ( GEOMETRIC_REPRESENTATION_CONTEXT(2) 
PARAMETRIC_REPRESENTATION_CONTEXT() REPRESENTATION_CONTEXT('2D SPACE',''
  ) );
#1167 = PCURVE('',#1168,#1173);
#1168 = CYLINDRICAL_SURFACE('',#1169,14.5);
#1169 = AXIS2_PLACEMENT_3D('',#1170,#1171,#1172);
#1170 = CARTESIAN_POINT('',(-21.,176.,47.631397208143));
#1171 = DIRECTION('',(-1.,-6.450531537933E-16,-2.775557561562E-17));
#1172 = DIRECTION('',(2.775557561563E-17,-7.136298725426E-15,-1.));
#1173 = DEFINITIONAL_REPRESENTATION('',(#1174),#1178);
#1174 = LINE('',#1175,#1176);
#1175 = CARTESIAN_POINT('',(1.355653032971,0.15));
#1176 = VECTOR('',#1177,1.);
#1177 = DIRECTION('',(0.,-1.));
#1178 = ( GEOMETRIC_REPRESENTATION_CONTEXT(2) 
PARAMETRIC_REPRESENTATION_CONTEXT() REPRESENTATION_CONTEXT('2D SPACE',''
  ) );
#1179 = ORIENTED_EDGE('',*,*,#1180,.F.);
#1180 = EDGE_CURVE('',#1181,#1153,#1183,.T.);
#1181 = VERTEX_POINT('',#1182);
#1182 = CARTESIAN_POINT('',(-21.,162.,44.531397208143));
#1183 = SURFACE_CURVE('',#1184,(#1189,#1196),.PCURVE_S1.);
#1184 = CIRCLE('',#1185,3.1);
#1185 = AXIS2_PLACEMENT_3D('',#1186,#1187,#1188);
#1186 = CARTESIAN_POINT('',(-21.,162.,47.631397208143));
#1187 = DIRECTION('',(-1.,-6.450531537933E-16,-2.775557561562E-17));
#1188 = DIRECTION('',(2.775557561563E-17,-7.136298725426E-15,-1.));
#1189 = PCURVE('',#1030,#1190);
#1190 = DEFINITIONAL_REPRESENTATION('',(#1191),#1195);
#1191 = LINE('',#1192,#1193);
#1192 = CARTESIAN_POINT('',(0.,1.2));
#1193 = VECTOR('',#1194,1.);
#1194 = DIRECTION('',(1.,0.));
#1195 = ( GEOMETRIC_REPRESENTATION_CONTEXT(2) 
PARAMETRIC_REPRESENTATION_CONTEXT() REPRESENTATION_CONTEXT('2D SPACE',''
  ) );
#1196 = PCURVE('',#1197,#1202);
#1197 = PLANE('',#1198);
#1198 = AXIS2_PLACEMENT_3D('',#1199,#1200,#1201);
#1199 = CARTESIAN_POINT('',(-21.,176.,47.631397208143));
#1200 = DIRECTION('',(-1.,-6.450531537933E-16,-2.775557561562E-17));
#1201 = DIRECTION('',(2.775557561563E-17,-7.136298725426E-15,-1.));
#1202 = DEFINITIONAL_REPRESENTATION('',(#1203),#1207);
#1203 = CIRCLE('',#1204,3.1);
#1204 = AXIS2_PLACEMENT_2D('',#1205,#1206);
#1205 = CARTESIAN_POINT('',(-5.088522196199E-15,14.));
#1206 = DIRECTION('',(1.,0.));
#1207 = ( GEOMETRIC_REPRESENTATION_CONTEXT(2) 
PARAMETRIC_REPRESENTATION_CONTEXT() REPRESENTATION_CONTEXT('2D SPACE',''
  ) );
#1208 = ORIENTED_EDGE('',*,*,#1209,.F.);
#1209 = EDGE_CURVE('',#1210,#1181,#1212,.T.);
#1210 = VERTEX_POINT('',#1211);
#1211 = CARTESIAN_POINT('',(-19.8,162.,44.531397208143));
#1212 = SURFACE_CURVE('',#1213,(#1217,#1224),.PCURVE_S1.);
#1213 = LINE('',#1214,#1215);
#1214 = CARTESIAN_POINT('',(-19.8,162.,44.531397208143));
#1215 = VECTOR('',#1216,1.);
#1216 = DIRECTION('',(-1.,-6.450531537933E-16,-2.775557561562E-17));
#1217 = PCURVE('',#1030,#1218);
#1218 = DEFINITIONAL_REPRESENTATION('',(#1219),#1223);
#1219 = LINE('',#1220,#1221);
#1220 = CARTESIAN_POINT('',(0.,0.));
#1221 = VECTOR('',#1222,1.);
#1222 = DIRECTION('',(0.,1.));
#1223 = ( GEOMETRIC_REPRESENTATION_CONTEXT(2) 
PARAMETRIC_REPRESENTATION_CONTEXT() REPRESENTATION_CONTEXT('2D SPACE',''
  ) );
#1224 = PCURVE('',#1225,#1230);
#1225 = CYLINDRICAL_SURFACE('',#1226,3.1);
#1226 = AXIS2_PLACEMENT_3D('',#1227,#1228,#1229);
#1227 = CARTESIAN_POINT('',(-19.8,162.,47.631397208143));
#1228 = DIRECTION('',(-1.,-6.450531537933E-16,-2.775557561562E-17));
#1229 = DIRECTION('',(2.775557561563E-17,-7.136298725426E-15,-1.));
#1230 = DEFINITIONAL_REPRESENTATION('',(#1231),#1235);
#1231 = LINE('',#1232,#1233);
#1232 = CARTESIAN_POINT('',(6.28318530718,0.));
#1233 = VECTOR('',#1234,1.);
#1234 = DIRECTION('',(0.,1.));
#1235 = ( GEOMETRIC_REPRESENTATION_CONTEXT(2) 
PARAMETRIC_REPRESENTATION_CONTEXT() REPRESENTATION_CONTEXT('2D SPACE',''
  ) );
#1236 = ORIENTED_EDGE('',*,*,#1237,.T.);
#1237 = EDGE_CURVE('',#1210,#1015,#1238,.T.);
#1238 = SURFACE_CURVE('',#1239,(#1244,#1251),.PCURVE_S1.);
#1239 = CIRCLE('',#1240,3.1);
#1240 = AXIS2_PLACEMENT_3D('',#1241,#1242,#1243);
#1241 = CARTESIAN_POINT('',(-19.8,162.,47.631397208143));
#1242 = DIRECTION('',(-1.,-6.450531537933E-16,-2.775557561562E-17));
#1243 = DIRECTION('',(2.775557561563E-17,-7.136298725426E-15,-1.));
#1244 = PCURVE('',#1030,#1245);
#1245 = DEFINITIONAL_REPRESENTATION('',(#1246),#1250);
#1246 = LINE('',#1247,#1248);
#1247 = CARTESIAN_POINT('',(0.,0.));
#1248 = VECTOR('',#1249,1.);
#1249 = DIRECTION('',(1.,0.));
#1250 = ( GEOMETRIC_REPRESENTATION_CONTEXT(2) 
PARAMETRIC_REPRESENTATION_CONTEXT() REPRESENTATION_CONTEXT('2D SPACE',''
  ) );
#1251 = PCURVE('',#1057,#1252);
#1252 = DEFINITIONAL_REPRESENTATION('',(#1253),#1257);
#1253 = CIRCLE('',#1254,3.1);
#1254 = AXIS2_PLACEMENT_2D('',#1255,#1256);
#1255 = CARTESIAN_POINT('',(0.,0.));
#1256 = DIRECTION('',(1.,0.));
#1257 = ( GEOMETRIC_REPRESENTATION_CONTEXT(2) 
PARAMETRIC_REPRESENTATION_CONTEXT() REPRESENTATION_CONTEXT('2D SPACE',''
  ) );
#1258 = ORIENTED_EDGE('',*,*,#1014,.T.);
#1259 = ADVANCED_FACE('',(#1260),#1274,.F.);
#1260 = FACE_BOUND('',#1261,.F.);
#1261 = EDGE_LOOP('',(#1262,#1297,#1326,#1354,#1382,#1410,#1439,#1467));
#1262 = ORIENTED_EDGE('',*,*,#1263,.T.);
#1263 = EDGE_CURVE('',#1264,#1266,#1268,.T.);
#1264 = VERTEX_POINT('',#1265);
#1265 = CARTESIAN_POINT('',(-19.8,190.,44.531397208143));
#1266 = VERTEX_POINT('',#1267);
#1267 = CARTESIAN_POINT('',(-21.,190.,44.531397208143));
#1268 = SURFACE_CURVE('',#1269,(#1273,#1285),.PCURVE_S1.);
#1269 = LINE('',#1270,#1271);
#1270 = CARTESIAN_POINT('',(-19.8,190.,44.531397208143));
#1271 = VECTOR('',#1272,1.);
#1272 = DIRECTION('',(-1.,-6.450531537933E-16,-2.775557561562E-17));
#1273 = PCURVE('',#1274,#1279);
#1274 = CYLINDRICAL_SURFACE('',#1275,3.1);
#1275 = AXIS2_PLACEMENT_3D('',#1276,#1277,#1278);
#1276 = CARTESIAN_POINT('',(-19.8,190.,47.631397208143));
#1277 = DIRECTION('',(-1.,-6.450531537933E-16,-2.775557561562E-17));
#1278 = DIRECTION('',(2.775557561563E-17,-7.136298725426E-15,-1.));
#1279 = DEFINITIONAL_REPRESENTATION('',(#1280),#1284);
#1280 = LINE('',#1281,#1282);
#1281 = CARTESIAN_POINT('',(6.28318530718,0.));
#1282 = VECTOR('',#1283,1.);
#1283 = DIRECTION('',(0.,1.));
#1284 = ( GEOMETRIC_REPRESENTATION_CONTEXT(2) 
PARAMETRIC_REPRESENTATION_CONTEXT() REPRESENTATION_CONTEXT('2D SPACE',''
  ) );
#1285 = PCURVE('',#1286,#1291);
#1286 = CYLINDRICAL_SURFACE('',#1287,3.1);
#1287 = AXIS2_PLACEMENT_3D('',#1288,#1289,#1290);
#1288 = CARTESIAN_POINT('',(-19.8,190.,47.631397208143));
#1289 = DIRECTION('',(-1.,-6.450531537933E-16,-2.775557561562E-17));
#1290 = DIRECTION('',(2.775557561563E-17,-7.136298725426E-15,-1.));
#1291 = DEFINITIONAL_REPRESENTATION('',(#1292),#1296);
#1292 = LINE('',#1293,#1294);
#1293 = CARTESIAN_POINT('',(0.,0.));
#1294 = VECTOR('',#1295,1.);
#1295 = DIRECTION('',(0.,1.));
#1296 = ( GEOMETRIC_REPRESENTATION_CONTEXT(2) 
PARAMETRIC_REPRESENTATION_CONTEXT() REPRESENTATION_CONTEXT('2D SPACE',''
  ) );
#1297 = ORIENTED_EDGE('',*,*,#1298,.F.);
#1298 = EDGE_CURVE('',#1299,#1266,#1301,.T.);
#1299 = VERTEX_POINT('',#1300);
#1300 = CARTESIAN_POINT('',(-21.,190.16571428571,44.535829606634));
#1301 = SURFACE_CURVE('',#1302,(#1307,#1314),.PCURVE_S1.);
#1302 = CIRCLE('',#1303,3.1);
#1303 = AXIS2_PLACEMENT_3D('',#1304,#1305,#1306);
#1304 = CARTESIAN_POINT('',(-21.,190.,47.631397208143));
#1305 = DIRECTION('',(-1.,-6.450531537933E-16,-2.775557561562E-17));
#1306 = DIRECTION('',(2.775557561563E-17,-7.136298725426E-15,-1.));
#1307 = PCURVE('',#1274,#1308);
#1308 = DEFINITIONAL_REPRESENTATION('',(#1309),#1313);
#1309 = LINE('',#1310,#1311);
#1310 = CARTESIAN_POINT('',(0.,1.2));
#1311 = VECTOR('',#1312,1.);
#1312 = DIRECTION('',(1.,0.));
#1313 = ( GEOMETRIC_REPRESENTATION_CONTEXT(2) 
PARAMETRIC_REPRESENTATION_CONTEXT() REPRESENTATION_CONTEXT('2D SPACE',''
  ) );
#1314 = PCURVE('',#1315,#1320);
#1315 = PLANE('',#1316);
#1316 = AXIS2_PLACEMENT_3D('',#1317,#1318,#1319);
#1317 = CARTESIAN_POINT('',(-21.,176.,47.631397208143));
#1318 = DIRECTION('',(-1.,-6.450531537933E-16,-2.775557561562E-17));
#1319 = DIRECTION('',(2.775557561563E-17,-7.136298725426E-15,-1.));
#1320 = DEFINITIONAL_REPRESENTATION('',(#1321),#1325);
#1321 = CIRCLE('',#1322,3.1);
#1322 = AXIS2_PLACEMENT_2D('',#1323,#1324);
#1323 = CARTESIAN_POINT('',(3.374016677392E-15,-14.));
#1324 = DIRECTION('',(1.,0.));
#1325 = ( GEOMETRIC_REPRESENTATION_CONTEXT(2) 
PARAMETRIC_REPRESENTATION_CONTEXT() REPRESENTATION_CONTEXT('2D SPACE',''
  ) );
#1326 = ORIENTED_EDGE('',*,*,#1327,.T.);
#1327 = EDGE_CURVE('',#1299,#1328,#1330,.T.);
#1328 = VERTEX_POINT('',#1329);
#1329 = CARTESIAN_POINT('',(-22.5,190.16571428571,44.535829606634));
#1330 = SURFACE_CURVE('',#1331,(#1335,#1342),.PCURVE_S1.);
#1331 = LINE('',#1332,#1333);
#1332 = CARTESIAN_POINT('',(-21.15,190.16571428571,44.535829606634));
#1333 = VECTOR('',#1334,1.);
#1334 = DIRECTION('',(-1.,-6.450531537933E-16,-2.775557561562E-17));
#1335 = PCURVE('',#1274,#1336);
#1336 = DEFINITIONAL_REPRESENTATION('',(#1337),#1341);
#1337 = LINE('',#1338,#1339);
#1338 = CARTESIAN_POINT('',(6.22970359406,1.35));
#1339 = VECTOR('',#1340,1.);
#1340 = DIRECTION('',(0.,1.));
#1341 = ( GEOMETRIC_REPRESENTATION_CONTEXT(2) 
PARAMETRIC_REPRESENTATION_CONTEXT() REPRESENTATION_CONTEXT('2D SPACE',''
  ) );
#1342 = PCURVE('',#1343,#1348);
#1343 = CYLINDRICAL_SURFACE('',#1344,14.5);
#1344 = AXIS2_PLACEMENT_3D('',#1345,#1346,#1347);
#1345 = CARTESIAN_POINT('',(-21.,176.,47.631397208143));
#1346 = DIRECTION('',(-1.,-6.450531537933E-16,-2.775557561562E-17));
#1347 = DIRECTION('',(2.775557561563E-17,-7.136298725426E-15,-1.));
#1348 = DEFINITIONAL_REPRESENTATION('',(#1349),#1353);
#1349 = LINE('',#1350,#1351);
#1350 = CARTESIAN_POINT('',(4.927532274209,0.15));
#1351 = VECTOR('',#1352,1.);
#1352 = DIRECTION('',(0.,1.));
#1353 = ( GEOMETRIC_REPRESENTATION_CONTEXT(2) 
PARAMETRIC_REPRESENTATION_CONTEXT() REPRESENTATION_CONTEXT('2D SPACE',''
  ) );
#1354 = ORIENTED_EDGE('',*,*,#1355,.F.);
#1355 = EDGE_CURVE('',#1356,#1328,#1358,.T.);
#1356 = VERTEX_POINT('',#1357);
#1357 = CARTESIAN_POINT('',(-22.5,190.16571428571,50.726964809652));
#1358 = SURFACE_CURVE('',#1359,(#1364,#1371),.PCURVE_S1.);
#1359 = CIRCLE('',#1360,3.1);
#1360 = AXIS2_PLACEMENT_3D('',#1361,#1362,#1363);
#1361 = CARTESIAN_POINT('',(-22.5,190.,47.631397208143));
#1362 = DIRECTION('',(-1.,-6.450531537933E-16,-2.775557561562E-17));
#1363 = DIRECTION('',(2.775557561563E-17,-7.136298725426E-15,-1.));
#1364 = PCURVE('',#1274,#1365);
#1365 = DEFINITIONAL_REPRESENTATION('',(#1366),#1370);
#1366 = LINE('',#1367,#1368);
#1367 = CARTESIAN_POINT('',(0.,2.7));
#1368 = VECTOR('',#1369,1.);
#1369 = DIRECTION('',(1.,0.));
#1370 = ( GEOMETRIC_REPRESENTATION_CONTEXT(2) 
PARAMETRIC_REPRESENTATION_CONTEXT() REPRESENTATION_CONTEXT('2D SPACE',''
  ) );
#1371 = PCURVE('',#881,#1372);
#1372 = DEFINITIONAL_REPRESENTATION('',(#1373),#1381);
#1373 = ( BOUNDED_CURVE() B_SPLINE_CURVE(2,(#1374,#1375,#1376,#1377,
#1378,#1379,#1380),.UNSPECIFIED.,.T.,.F.) B_SPLINE_CURVE_WITH_KNOTS((1,2
    ,2,2,2,1),(-2.094395102393,0.,2.094395102393,4.188790204786,
6.28318530718,8.377580409573),.UNSPECIFIED.) CURVE() 
GEOMETRIC_REPRESENTATION_ITEM() RATIONAL_B_SPLINE_CURVE((1.,0.5,1.,0.5,
1.,0.5,1.)) REPRESENTATION_ITEM('') );
#1374 = CARTESIAN_POINT('',(-25.6,53.5));
#1375 = CARTESIAN_POINT('',(-25.6,58.869357503464));
#1376 = CARTESIAN_POINT('',(-20.95,56.184678751732));
#1377 = CARTESIAN_POINT('',(-16.3,53.5));
#1378 = CARTESIAN_POINT('',(-20.95,50.815321248268));
#1379 = CARTESIAN_POINT('',(-25.6,48.130642496536));
#1380 = CARTESIAN_POINT('',(-25.6,53.5));
#1381 = ( GEOMETRIC_REPRESENTATION_CONTEXT(2) 
PARAMETRIC_REPRESENTATION_CONTEXT() REPRESENTATION_CONTEXT('2D SPACE',''
  ) );
#1382 = ORIENTED_EDGE('',*,*,#1383,.T.);
#1383 = EDGE_CURVE('',#1356,#1384,#1386,.T.);
#1384 = VERTEX_POINT('',#1385);
#1385 = CARTESIAN_POINT('',(-21.,190.16571428571,50.726964809652));
#1386 = SURFACE_CURVE('',#1387,(#1391,#1398),.PCURVE_S1.);
#1387 = LINE('',#1388,#1389);
#1388 = CARTESIAN_POINT('',(-21.15,190.16571428571,50.726964809652));
#1389 = VECTOR('',#1390,1.);
#1390 = DIRECTION('',(1.,6.450531537933E-16,2.775557561562E-17));
#1391 = PCURVE('',#1274,#1392);
#1392 = DEFINITIONAL_REPRESENTATION('',(#1393),#1397);
#1393 = LINE('',#1394,#1395);
#1394 = CARTESIAN_POINT('',(3.195074366709,1.35));
#1395 = VECTOR('',#1396,1.);
#1396 = DIRECTION('',(0.,-1.));
#1397 = ( GEOMETRIC_REPRESENTATION_CONTEXT(2) 
PARAMETRIC_REPRESENTATION_CONTEXT() REPRESENTATION_CONTEXT('2D SPACE',''
  ) );
#1398 = PCURVE('',#1399,#1404);
#1399 = CYLINDRICAL_SURFACE('',#1400,14.5);
#1400 = AXIS2_PLACEMENT_3D('',#1401,#1402,#1403);
#1401 = CARTESIAN_POINT('',(-21.,176.,47.631397208143));
#1402 = DIRECTION('',(-1.,-6.450531537933E-16,-2.775557561562E-17));
#1403 = DIRECTION('',(2.775557561563E-17,-7.136298725426E-15,-1.));
#1404 = DEFINITIONAL_REPRESENTATION('',(#1405),#1409);
#1405 = LINE('',#1406,#1407);
#1406 = CARTESIAN_POINT('',(4.49724568656,0.15));
#1407 = VECTOR('',#1408,1.);
#1408 = DIRECTION('',(0.,-1.));
#1409 = ( GEOMETRIC_REPRESENTATION_CONTEXT(2) 
PARAMETRIC_REPRESENTATION_CONTEXT() REPRESENTATION_CONTEXT('2D SPACE',''
  ) );
#1410 = ORIENTED_EDGE('',*,*,#1411,.F.);
#1411 = EDGE_CURVE('',#1412,#1384,#1414,.T.);
#1412 = VERTEX_POINT('',#1413);
#1413 = CARTESIAN_POINT('',(-21.,190.,50.731397208143));
#1414 = SURFACE_CURVE('',#1415,(#1420,#1427),.PCURVE_S1.);
#1415 = CIRCLE('',#1416,3.1);
#1416 = AXIS2_PLACEMENT_3D('',#1417,#1418,#1419);
#1417 = CARTESIAN_POINT('',(-21.,190.,47.631397208143));
#1418 = DIRECTION('',(-1.,-6.450531537933E-16,-2.775557561562E-17));
#1419 = DIRECTION('',(2.775557561563E-17,-7.136298725426E-15,-1.));
#1420 = PCURVE('',#1274,#1421);
#1421 = DEFINITIONAL_REPRESENTATION('',(#1422),#1426);
#1422 = LINE('',#1423,#1424);
#1423 = CARTESIAN_POINT('',(0.,1.2));
#1424 = VECTOR('',#1425,1.);
#1425 = DIRECTION('',(1.,0.));
#1426 = ( GEOMETRIC_REPRESENTATION_CONTEXT(2) 
PARAMETRIC_REPRESENTATION_CONTEXT() REPRESENTATION_CONTEXT('2D SPACE',''
  ) );
#1427 = PCURVE('',#1428,#1433);
#1428 = PLANE('',#1429);
#1429 = AXIS2_PLACEMENT_3D('',#1430,#1431,#1432);
#1430 = CARTESIAN_POINT('',(-21.,176.,47.631397208143));
#1431 = DIRECTION('',(-1.,-6.450531537933E-16,-2.775557561562E-17));
#1432 = DIRECTION('',(2.775557561563E-17,-7.136298725426E-15,-1.));
#1433 = DEFINITIONAL_REPRESENTATION('',(#1434),#1438);
#1434 = CIRCLE('',#1435,3.1);
#1435 = AXIS2_PLACEMENT_2D('',#1436,#1437);
#1436 = CARTESIAN_POINT('',(3.374016677392E-15,-14.));
#1437 = DIRECTION('',(1.,0.));
#1438 = ( GEOMETRIC_REPRESENTATION_CONTEXT(2) 
PARAMETRIC_REPRESENTATION_CONTEXT() REPRESENTATION_CONTEXT('2D SPACE',''
  ) );
#1439 = ORIENTED_EDGE('',*,*,#1440,.F.);
#1440 = EDGE_CURVE('',#1441,#1412,#1443,.T.);
#1441 = VERTEX_POINT('',#1442);
#1442 = CARTESIAN_POINT('',(-19.8,190.,50.731397208143));
#1443 = SURFACE_CURVE('',#1444,(#1448,#1455),.PCURVE_S1.);
#1444 = LINE('',#1445,#1446);
#1445 = CARTESIAN_POINT('',(-19.8,190.,50.731397208143));
#1446 = VECTOR('',#1447,1.);
#1447 = DIRECTION('',(-1.,-6.450531537933E-16,-2.775557561562E-17));
#1448 = PCURVE('',#1274,#1449);
#1449 = DEFINITIONAL_REPRESENTATION('',(#1450),#1454);
#1450 = LINE('',#1451,#1452);
#1451 = CARTESIAN_POINT('',(3.14159265359,0.));
#1452 = VECTOR('',#1453,1.);
#1453 = DIRECTION('',(0.,1.));
#1454 = ( GEOMETRIC_REPRESENTATION_CONTEXT(2) 
PARAMETRIC_REPRESENTATION_CONTEXT() REPRESENTATION_CONTEXT('2D SPACE',''
  ) );
#1455 = PCURVE('',#1456,#1461);
#1456 = CYLINDRICAL_SURFACE('',#1457,3.1);
#1457 = AXIS2_PLACEMENT_3D('',#1458,#1459,#1460);
#1458 = CARTESIAN_POINT('',(-19.8,190.,47.631397208143));
#1459 = DIRECTION('',(-1.,-6.450531537933E-16,-2.775557561562E-17));
#1460 = DIRECTION('',(2.775557561563E-17,-7.136298725426E-15,-1.));
#1461 = DEFINITIONAL_REPRESENTATION('',(#1462),#1466);
#1462 = LINE('',#1463,#1464);
#1463 = CARTESIAN_POINT('',(3.14159265359,0.));
#1464 = VECTOR('',#1465,1.);
#1465 = DIRECTION('',(0.,1.));
#1466 = ( GEOMETRIC_REPRESENTATION_CONTEXT(2) 
PARAMETRIC_REPRESENTATION_CONTEXT() REPRESENTATION_CONTEXT('2D SPACE',''
  ) );
#1467 = ORIENTED_EDGE('',*,*,#1468,.T.);
#1468 = EDGE_CURVE('',#1441,#1264,#1469,.T.);
#1469 = SURFACE_CURVE('',#1470,(#1475,#1482),.PCURVE_S1.);
#1470 = CIRCLE('',#1471,3.1);
#1471 = AXIS2_PLACEMENT_3D('',#1472,#1473,#1474);
#1472 = CARTESIAN_POINT('',(-19.8,190.,47.631397208143));
#1473 = DIRECTION('',(-1.,-6.450531537933E-16,-2.775557561562E-17));
#1474 = DIRECTION('',(2.775557561563E-17,-7.136298725426E-15,-1.));
#1475 = PCURVE('',#1274,#1476);
#1476 = DEFINITIONAL_REPRESENTATION('',(#1477),#1481);
#1477 = LINE('',#1478,#1479);
#1478 = CARTESIAN_POINT('',(0.,0.));
#1479 = VECTOR('',#1480,1.);
#1480 = DIRECTION('',(1.,0.));
#1481 = ( GEOMETRIC_REPRESENTATION_CONTEXT(2) 
PARAMETRIC_REPRESENTATION_CONTEXT() REPRESENTATION_CONTEXT('2D SPACE',''
  ) );
#1482 = PCURVE('',#1483,#1488);
#1483 = PLANE('',#1484);
#1484 = AXIS2_PLACEMENT_3D('',#1485,#1486,#1487);
#1485 = CARTESIAN_POINT('',(-19.8,190.,47.631397208143));
#1486 = DIRECTION('',(-1.,-6.450531537933E-16,-2.775557561562E-17));
#1487 = DIRECTION('',(2.775557561563E-17,-7.136298725426E-15,-1.));
#1488 = DEFINITIONAL_REPRESENTATION('',(#1489),#1493);
#1489 = CIRCLE('',#1490,3.1);
#1490 = AXIS2_PLACEMENT_2D('',#1491,#1492);
#1491 = CARTESIAN_POINT('',(0.,0.));
#1492 = DIRECTION('',(1.,0.));
#1493 = ( GEOMETRIC_REPRESENTATION_CONTEXT(2) 
PARAMETRIC_REPRESENTATION_CONTEXT() REPRESENTATION_CONTEXT('2D SPACE',''
  ) );
#1494 = ADVANCED_FACE('',(#1495),#1286,.F.);
#1495 = FACE_BOUND('',#1496,.F.);
#1496 = EDGE_LOOP('',(#1497,#1527,#1549,#1550));
#1497 = ORIENTED_EDGE('',*,*,#1498,.T.);
#1498 = EDGE_CURVE('',#1499,#1501,#1503,.T.);
#1499 = VERTEX_POINT('',#1500);
#1500 = CARTESIAN_POINT('',(-19.8,187.05714285714,46.656927179494));
#1501 = VERTEX_POINT('',#1502);
#1502 = CARTESIAN_POINT('',(-21.,187.05714285714,46.656927179494));
#1503 = SURFACE_CURVE('',#1504,(#1508,#1515),.PCURVE_S1.);
#1504 = LINE('',#1505,#1506);
#1505 = CARTESIAN_POINT('',(-21.15,187.05714285714,46.656927179494));
#1506 = VECTOR('',#1507,1.);
#1507 = DIRECTION('',(-1.,-6.450531537933E-16,-2.775557561562E-17));
#1508 = PCURVE('',#1286,#1509);
#1509 = DEFINITIONAL_REPRESENTATION('',(#1510),#1514);
#1510 = LINE('',#1511,#1512);
#1511 = CARTESIAN_POINT('',(1.251029547687,1.35));
#1512 = VECTOR('',#1513,1.);
#1513 = DIRECTION('',(0.,1.));
#1514 = ( GEOMETRIC_REPRESENTATION_CONTEXT(2) 
PARAMETRIC_REPRESENTATION_CONTEXT() REPRESENTATION_CONTEXT('2D SPACE',''
  ) );
#1515 = PCURVE('',#1516,#1521);
#1516 = CYLINDRICAL_SURFACE('',#1517,11.1);
#1517 = AXIS2_PLACEMENT_3D('',#1518,#1519,#1520);
#1518 = CARTESIAN_POINT('',(-22.5,176.,47.631397208143));
#1519 = DIRECTION('',(1.,6.450531537933E-16,2.775557561562E-17));
#1520 = DIRECTION('',(-2.775557561563E-17,7.136298725426E-15,1.));
#1521 = DEFINITIONAL_REPRESENTATION('',(#1522),#1526);
#1522 = LINE('',#1523,#1524);
#1523 = CARTESIAN_POINT('',(4.624485726966,1.35));
#1524 = VECTOR('',#1525,1.);
#1525 = DIRECTION('',(0.,-1.));
#1526 = ( GEOMETRIC_REPRESENTATION_CONTEXT(2) 
PARAMETRIC_REPRESENTATION_CONTEXT() REPRESENTATION_CONTEXT('2D SPACE',''
  ) );
#1527 = ORIENTED_EDGE('',*,*,#1528,.F.);
#1528 = EDGE_CURVE('',#1266,#1501,#1529,.T.);
#1529 = SURFACE_CURVE('',#1530,(#1535,#1542),.PCURVE_S1.);
#1530 = CIRCLE('',#1531,3.1);
#1531 = AXIS2_PLACEMENT_3D('',#1532,#1533,#1534);
#1532 = CARTESIAN_POINT('',(-21.,190.,47.631397208143));
#1533 = DIRECTION('',(-1.,-6.450531537933E-16,-2.775557561562E-17));
#1534 = DIRECTION('',(2.775557561563E-17,-7.136298725426E-15,-1.));
#1535 = PCURVE('',#1286,#1536);
#1536 = DEFINITIONAL_REPRESENTATION('',(#1537),#1541);
#1537 = LINE('',#1538,#1539);
#1538 = CARTESIAN_POINT('',(0.,1.2));
#1539 = VECTOR('',#1540,1.);
#1540 = DIRECTION('',(1.,0.));
#1541 = ( GEOMETRIC_REPRESENTATION_CONTEXT(2) 
PARAMETRIC_REPRESENTATION_CONTEXT() REPRESENTATION_CONTEXT('2D SPACE',''
  ) );
#1542 = PCURVE('',#1315,#1543);
#1543 = DEFINITIONAL_REPRESENTATION('',(#1544),#1548);
#1544 = CIRCLE('',#1545,3.1);
#1545 = AXIS2_PLACEMENT_2D('',#1546,#1547);
#1546 = CARTESIAN_POINT('',(3.374016677392E-15,-14.));
#1547 = DIRECTION('',(1.,0.));
#1548 = ( GEOMETRIC_REPRESENTATION_CONTEXT(2) 
PARAMETRIC_REPRESENTATION_CONTEXT() REPRESENTATION_CONTEXT('2D SPACE',''
  ) );
#1549 = ORIENTED_EDGE('',*,*,#1263,.F.);
#1550 = ORIENTED_EDGE('',*,*,#1551,.T.);
#1551 = EDGE_CURVE('',#1264,#1499,#1552,.T.);
#1552 = SURFACE_CURVE('',#1553,(#1558,#1565),.PCURVE_S1.);
#1553 = CIRCLE('',#1554,3.1);
#1554 = AXIS2_PLACEMENT_3D('',#1555,#1556,#1557);
#1555 = CARTESIAN_POINT('',(-19.8,190.,47.631397208143));
#1556 = DIRECTION('',(-1.,-6.450531537933E-16,-2.775557561562E-17));
#1557 = DIRECTION('',(2.775557561563E-17,-7.136298725426E-15,-1.));
#1558 = PCURVE('',#1286,#1559);
#1559 = DEFINITIONAL_REPRESENTATION('',(#1560),#1564);
#1560 = LINE('',#1561,#1562);
#1561 = CARTESIAN_POINT('',(0.,0.));
#1562 = VECTOR('',#1563,1.);
#1563 = DIRECTION('',(1.,0.));
#1564 = ( GEOMETRIC_REPRESENTATION_CONTEXT(2) 
PARAMETRIC_REPRESENTATION_CONTEXT() REPRESENTATION_CONTEXT('2D SPACE',''
  ) );
#1565 = PCURVE('',#1483,#1566);
#1566 = DEFINITIONAL_REPRESENTATION('',(#1567),#1571);
#1567 = CIRCLE('',#1568,3.1);
#1568 = AXIS2_PLACEMENT_2D('',#1569,#1570);
#1569 = CARTESIAN_POINT('',(0.,0.));
#1570 = DIRECTION('',(1.,0.));
#1571 = ( GEOMETRIC_REPRESENTATION_CONTEXT(2) 
PARAMETRIC_REPRESENTATION_CONTEXT() REPRESENTATION_CONTEXT('2D SPACE',''
  ) );
#1572 = ADVANCED_FACE('',(#1573),#1587,.F.);
#1573 = FACE_BOUND('',#1574,.F.);
#1574 = EDGE_LOOP('',(#1575,#1605,#1629,#1652,#1680,#1708));
#1575 = ORIENTED_EDGE('',*,*,#1576,.T.);
#1576 = EDGE_CURVE('',#1577,#1579,#1581,.T.);
#1577 = VERTEX_POINT('',#1578);
#1578 = CARTESIAN_POINT('',(-19.8,175.02552997135,36.574254351));
#1579 = VERTEX_POINT('',#1580);
#1580 = CARTESIAN_POINT('',(-21.,175.02552997135,36.574254351));
#1581 = SURFACE_CURVE('',#1582,(#1586,#1598),.PCURVE_S1.);
#1582 = LINE('',#1583,#1584);
#1583 = CARTESIAN_POINT('',(-21.15,175.02552997135,36.574254351));
#1584 = VECTOR('',#1585,1.);
#1585 = DIRECTION('',(-1.,-6.450531537933E-16,-2.775557561562E-17));
#1586 = PCURVE('',#1587,#1592);
#1587 = CYLINDRICAL_SURFACE('',#1588,3.1);
#1588 = AXIS2_PLACEMENT_3D('',#1589,#1590,#1591);
#1589 = CARTESIAN_POINT('',(-19.8,176.,33.631397208143));
#1590 = DIRECTION('',(-1.,-6.450531537933E-16,-2.775557561562E-17));
#1591 = DIRECTION('',(2.775557561563E-17,-7.136298725426E-15,-1.));
#1592 = DEFINITIONAL_REPRESENTATION('',(#1593),#1597);
#1593 = LINE('',#1594,#1595);
#1594 = CARTESIAN_POINT('',(2.821825874482,1.35));
#1595 = VECTOR('',#1596,1.);
#1596 = DIRECTION('',(0.,1.));
#1597 = ( GEOMETRIC_REPRESENTATION_CONTEXT(2) 
PARAMETRIC_REPRESENTATION_CONTEXT() REPRESENTATION_CONTEXT('2D SPACE',''
  ) );
#1598 = PCURVE('',#973,#1599);
#1599 = DEFINITIONAL_REPRESENTATION('',(#1600),#1604);
#1600 = LINE('',#1601,#1602);
#1601 = CARTESIAN_POINT('',(3.053689400172,1.35));
#1602 = VECTOR('',#1603,1.);
#1603 = DIRECTION('',(0.,-1.));
#1604 = ( GEOMETRIC_REPRESENTATION_CONTEXT(2) 
PARAMETRIC_REPRESENTATION_CONTEXT() REPRESENTATION_CONTEXT('2D SPACE',''
  ) );
#1605 = ORIENTED_EDGE('',*,*,#1606,.F.);
#1606 = EDGE_CURVE('',#1607,#1579,#1609,.T.);
#1607 = VERTEX_POINT('',#1608);
#1608 = CARTESIAN_POINT('',(-21.,172.90443239849,33.465682922429));
#1609 = SURFACE_CURVE('',#1610,(#1615,#1622),.PCURVE_S1.);
#1610 = CIRCLE('',#1611,3.1);
#1611 = AXIS2_PLACEMENT_3D('',#1612,#1613,#1614);
#1612 = CARTESIAN_POINT('',(-21.,176.,33.631397208143));
#1613 = DIRECTION('',(-1.,-6.450531537933E-16,-2.775557561562E-17));
#1614 = DIRECTION('',(2.775557561563E-17,-7.136298725426E-15,-1.));
#1615 = PCURVE('',#1587,#1616);
#1616 = DEFINITIONAL_REPRESENTATION('',(#1617),#1621);
#1617 = LINE('',#1618,#1619);
#1618 = CARTESIAN_POINT('',(0.,1.2));
#1619 = VECTOR('',#1620,1.);
#1620 = DIRECTION('',(1.,0.));
#1621 = ( GEOMETRIC_REPRESENTATION_CONTEXT(2) 
PARAMETRIC_REPRESENTATION_CONTEXT() REPRESENTATION_CONTEXT('2D SPACE',''
  ) );
#1622 = PCURVE('',#1197,#1623);
#1623 = DEFINITIONAL_REPRESENTATION('',(#1624),#1628);
#1624 = CIRCLE('',#1625,3.1);
#1625 = AXIS2_PLACEMENT_2D('',#1626,#1627);
#1626 = CARTESIAN_POINT('',(14.,0.));
#1627 = DIRECTION('',(1.,0.));
#1628 = ( GEOMETRIC_REPRESENTATION_CONTEXT(2) 
PARAMETRIC_REPRESENTATION_CONTEXT() REPRESENTATION_CONTEXT('2D SPACE',''
  ) );
#1629 = ORIENTED_EDGE('',*,*,#1630,.T.);
#1630 = EDGE_CURVE('',#1607,#1631,#1633,.T.);
#1631 = VERTEX_POINT('',#1632);
#1632 = CARTESIAN_POINT('',(-22.5,172.90443239849,33.465682922429));
#1633 = SURFACE_CURVE('',#1634,(#1638,#1645),.PCURVE_S1.);
#1634 = LINE('',#1635,#1636);
#1635 = CARTESIAN_POINT('',(-21.15,172.90443239849,33.465682922429));
#1636 = VECTOR('',#1637,1.);
#1637 = DIRECTION('',(-1.,-6.450531537933E-16,-2.775557561562E-17));
#1638 = PCURVE('',#1587,#1639);
#1639 = DEFINITIONAL_REPRESENTATION('',(#1640),#1644);
#1640 = LINE('',#1641,#1642);
#1641 = CARTESIAN_POINT('',(1.517314613675,1.35));
#1642 = VECTOR('',#1643,1.);
#1643 = DIRECTION('',(0.,1.));
#1644 = ( GEOMETRIC_REPRESENTATION_CONTEXT(2) 
PARAMETRIC_REPRESENTATION_CONTEXT() REPRESENTATION_CONTEXT('2D SPACE',''
  ) );
#1645 = PCURVE('',#1168,#1646);
#1646 = DEFINITIONAL_REPRESENTATION('',(#1647),#1651);
#1647 = LINE('',#1648,#1649);
#1648 = CARTESIAN_POINT('',(0.215143293824,0.15));
#1649 = VECTOR('',#1650,1.);
#1650 = DIRECTION('',(0.,1.));
#1651 = ( GEOMETRIC_REPRESENTATION_CONTEXT(2) 
PARAMETRIC_REPRESENTATION_CONTEXT() REPRESENTATION_CONTEXT('2D SPACE',''
  ) );
#1652 = ORIENTED_EDGE('',*,*,#1653,.F.);
#1653 = EDGE_CURVE('',#1654,#1631,#1656,.T.);
#1654 = VERTEX_POINT('',#1655);
#1655 = CARTESIAN_POINT('',(-22.5,176.,30.531397208143));
#1656 = SURFACE_CURVE('',#1657,(#1662,#1669),.PCURVE_S1.);
#1657 = CIRCLE('',#1658,3.1);
#1658 = AXIS2_PLACEMENT_3D('',#1659,#1660,#1661);
#1659 = CARTESIAN_POINT('',(-22.5,176.,33.631397208143));
#1660 = DIRECTION('',(-1.,-6.450531537933E-16,-2.775557561562E-17));
#1661 = DIRECTION('',(2.775557561563E-17,-7.136298725426E-15,-1.));
#1662 = PCURVE('',#1587,#1663);
#1663 = DEFINITIONAL_REPRESENTATION('',(#1664),#1668);
#1664 = LINE('',#1665,#1666);
#1665 = CARTESIAN_POINT('',(0.,2.7));
#1666 = VECTOR('',#1667,1.);
#1667 = DIRECTION('',(1.,0.));
#1668 = ( GEOMETRIC_REPRESENTATION_CONTEXT(2) 
PARAMETRIC_REPRESENTATION_CONTEXT() REPRESENTATION_CONTEXT('2D SPACE',''
  ) );
#1669 = PCURVE('',#881,#1670);
#1670 = DEFINITIONAL_REPRESENTATION('',(#1671),#1679);
#1671 = ( BOUNDED_CURVE() B_SPLINE_CURVE(2,(#1672,#1673,#1674,#1675,
#1676,#1677,#1678),.UNSPECIFIED.,.T.,.F.) B_SPLINE_CURVE_WITH_KNOTS((1,2
    ,2,2,2,1),(-2.094395102393,0.,2.094395102393,4.188790204786,
6.28318530718,8.377580409573),.UNSPECIFIED.) CURVE() 
GEOMETRIC_REPRESENTATION_ITEM() RATIONAL_B_SPLINE_CURVE((1.,0.5,1.,0.5,
1.,0.5,1.)) REPRESENTATION_ITEM('') );
#1672 = CARTESIAN_POINT('',(-39.6,67.5));
#1673 = CARTESIAN_POINT('',(-39.6,72.869357503464));
#1674 = CARTESIAN_POINT('',(-34.95,70.184678751732));
#1675 = CARTESIAN_POINT('',(-30.3,67.5));
#1676 = CARTESIAN_POINT('',(-34.95,64.815321248268));
#1677 = CARTESIAN_POINT('',(-39.6,62.130642496536));
#1678 = CARTESIAN_POINT('',(-39.6,67.5));
#1679 = ( GEOMETRIC_REPRESENTATION_CONTEXT(2) 
PARAMETRIC_REPRESENTATION_CONTEXT() REPRESENTATION_CONTEXT('2D SPACE',''
  ) );
#1680 = ORIENTED_EDGE('',*,*,#1681,.F.);
#1681 = EDGE_CURVE('',#1682,#1654,#1684,.T.);
#1682 = VERTEX_POINT('',#1683);
#1683 = CARTESIAN_POINT('',(-19.8,176.,30.531397208143));
#1684 = SURFACE_CURVE('',#1685,(#1689,#1696),.PCURVE_S1.);
#1685 = LINE('',#1686,#1687);
#1686 = CARTESIAN_POINT('',(-19.8,176.,30.531397208143));
#1687 = VECTOR('',#1688,1.);
#1688 = DIRECTION('',(-1.,-6.450531537933E-16,-2.775557561562E-17));
#1689 = PCURVE('',#1587,#1690);
#1690 = DEFINITIONAL_REPRESENTATION('',(#1691),#1695);
#1691 = LINE('',#1692,#1693);
#1692 = CARTESIAN_POINT('',(0.,0.));
#1693 = VECTOR('',#1694,1.);
#1694 = DIRECTION('',(0.,1.));
#1695 = ( GEOMETRIC_REPRESENTATION_CONTEXT(2) 
PARAMETRIC_REPRESENTATION_CONTEXT() REPRESENTATION_CONTEXT('2D SPACE',''
  ) );
#1696 = PCURVE('',#1697,#1702);
#1697 = CYLINDRICAL_SURFACE('',#1698,3.1);
#1698 = AXIS2_PLACEMENT_3D('',#1699,#1700,#1701);
#1699 = CARTESIAN_POINT('',(-19.8,176.,33.631397208143));
#1700 = DIRECTION('',(-1.,-6.450531537933E-16,-2.775557561562E-17));
#1701 = DIRECTION('',(2.775557561563E-17,-7.136298725426E-15,-1.));
#1702 = DEFINITIONAL_REPRESENTATION('',(#1703),#1707);
#1703 = LINE('',#1704,#1705);
#1704 = CARTESIAN_POINT('',(6.28318530718,0.));
#1705 = VECTOR('',#1706,1.);
#1706 = DIRECTION('',(0.,1.));
#1707 = ( GEOMETRIC_REPRESENTATION_CONTEXT(2) 
PARAMETRIC_REPRESENTATION_CONTEXT() REPRESENTATION_CONTEXT('2D SPACE',''
  ) );
#1708 = ORIENTED_EDGE('',*,*,#1709,.T.);
#1709 = EDGE_CURVE('',#1682,#1577,#1710,.T.);
#1710 = SURFACE_CURVE('',#1711,(#1716,#1723),.PCURVE_S1.);
#1711 = CIRCLE('',#1712,3.1);
#1712 = AXIS2_PLACEMENT_3D('',#1713,#1714,#1715);
#1713 = CARTESIAN_POINT('',(-19.8,176.,33.631397208143));
#1714 = DIRECTION('',(-1.,-6.450531537933E-16,-2.775557561562E-17));
#1715 = DIRECTION('',(2.775557561563E-17,-7.136298725426E-15,-1.));
#1716 = PCURVE('',#1587,#1717);
#1717 = DEFINITIONAL_REPRESENTATION('',(#1718),#1722);
#1718 = LINE('',#1719,#1720);
#1719 = CARTESIAN_POINT('',(0.,0.));
#1720 = VECTOR('',#1721,1.);
#1721 = DIRECTION('',(1.,0.));
#1722 = ( GEOMETRIC_REPRESENTATION_CONTEXT(2) 
PARAMETRIC_REPRESENTATION_CONTEXT() REPRESENTATION_CONTEXT('2D SPACE',''
  ) );
#1723 = PCURVE('',#1724,#1729);
#1724 = PLANE('',#1725);
#1725 = AXIS2_PLACEMENT_3D('',#1726,#1727,#1728);
#1726 = CARTESIAN_POINT('',(-19.8,176.,33.631397208143));
#1727 = DIRECTION('',(-1.,-6.450531537933E-16,-2.775557561562E-17));
#1728 = DIRECTION('',(2.775557561563E-17,-7.136298725426E-15,-1.));
#1729 = DEFINITIONAL_REPRESENTATION('',(#1730),#1734);
#1730 = CIRCLE('',#1731,3.1);
#1731 = AXIS2_PLACEMENT_2D('',#1732,#1733);
#1732 = CARTESIAN_POINT('',(0.,0.));
#1733 = DIRECTION('',(1.,0.));
#1734 = ( GEOMETRIC_REPRESENTATION_CONTEXT(2) 
PARAMETRIC_REPRESENTATION_CONTEXT() REPRESENTATION_CONTEXT('2D SPACE',''
  ) );
#1735 = ADVANCED_FACE('',(#1736),#1750,.F.);
#1736 = FACE_BOUND('',#1737,.F.);
#1737 = EDGE_LOOP('',(#1738,#1773,#1801,#1824));
#1738 = ORIENTED_EDGE('',*,*,#1739,.T.);
#1739 = EDGE_CURVE('',#1740,#1742,#1744,.T.);
#1740 = VERTEX_POINT('',#1741);
#1741 = CARTESIAN_POINT('',(-21.3,211.,31.531397208143));
#1742 = VERTEX_POINT('',#1743);
#1743 = CARTESIAN_POINT('',(-22.5,211.,31.531397208143));
#1744 = SURFACE_CURVE('',#1745,(#1749,#1761),.PCURVE_S1.);
#1745 = LINE('',#1746,#1747);
#1746 = CARTESIAN_POINT('',(-21.3,211.,31.531397208143));
#1747 = VECTOR('',#1748,1.);
#1748 = DIRECTION('',(-1.,-6.450531537933E-16,-2.775557561562E-17));
#1749 = PCURVE('',#1750,#1755);
#1750 = CYLINDRICAL_SURFACE('',#1751,3.1);
#1751 = AXIS2_PLACEMENT_3D('',#1752,#1753,#1754);
#1752 = CARTESIAN_POINT('',(-21.3,211.,34.631397208143));
#1753 = DIRECTION('',(-1.,-6.450531537933E-16,-2.775557561562E-17));
#1754 = DIRECTION('',(2.775557561563E-17,-7.136298725426E-15,-1.));
#1755 = DEFINITIONAL_REPRESENTATION('',(#1756),#1760);
#1756 = LINE('',#1757,#1758);
#1757 = CARTESIAN_POINT('',(6.28318530718,0.));
#1758 = VECTOR('',#1759,1.);
#1759 = DIRECTION('',(0.,1.));
#1760 = ( GEOMETRIC_REPRESENTATION_CONTEXT(2) 
PARAMETRIC_REPRESENTATION_CONTEXT() REPRESENTATION_CONTEXT('2D SPACE',''
  ) );
#1761 = PCURVE('',#1762,#1767);
#1762 = CYLINDRICAL_SURFACE('',#1763,3.1);
#1763 = AXIS2_PLACEMENT_3D('',#1764,#1765,#1766);
#1764 = CARTESIAN_POINT('',(-21.3,211.,34.631397208143));
#1765 = DIRECTION('',(-1.,-6.450531537933E-16,-2.775557561562E-17));
#1766 = DIRECTION('',(2.775557561563E-17,-7.136298725426E-15,-1.));
#1767 = DEFINITIONAL_REPRESENTATION('',(#1768),#1772);
#1768 = LINE('',#1769,#1770);
#1769 = CARTESIAN_POINT('',(0.,0.));
#1770 = VECTOR('',#1771,1.);
#1771 = DIRECTION('',(0.,1.));
#1772 = ( GEOMETRIC_REPRESENTATION_CONTEXT(2) 
PARAMETRIC_REPRESENTATION_CONTEXT() REPRESENTATION_CONTEXT('2D SPACE',''
  ) );
#1773 = ORIENTED_EDGE('',*,*,#1774,.F.);
#1774 = EDGE_CURVE('',#1775,#1742,#1777,.T.);
#1775 = VERTEX_POINT('',#1776);
#1776 = CARTESIAN_POINT('',(-22.5,211.,37.731397208143));
#1777 = SURFACE_CURVE('',#1778,(#1783,#1790),.PCURVE_S1.);
#1778 = CIRCLE('',#1779,3.1);
#1779 = AXIS2_PLACEMENT_3D('',#1780,#1781,#1782);
#1780 = CARTESIAN_POINT('',(-22.5,211.,34.631397208143));
#1781 = DIRECTION('',(-1.,-6.450531537933E-16,-2.775557561562E-17));
#1782 = DIRECTION('',(2.775557561563E-17,-7.136298725426E-15,-1.));
#1783 = PCURVE('',#1750,#1784);
#1784 = DEFINITIONAL_REPRESENTATION('',(#1785),#1789);
#1785 = LINE('',#1786,#1787);
#1786 = CARTESIAN_POINT('',(0.,1.2));
#1787 = VECTOR('',#1788,1.);
#1788 = DIRECTION('',(1.,0.));
#1789 = ( GEOMETRIC_REPRESENTATION_CONTEXT(2) 
PARAMETRIC_REPRESENTATION_CONTEXT() REPRESENTATION_CONTEXT('2D SPACE',''
  ) );
#1790 = PCURVE('',#881,#1791);
#1791 = DEFINITIONAL_REPRESENTATION('',(#1792),#1800);
#1792 = ( BOUNDED_CURVE() B_SPLINE_CURVE(2,(#1793,#1794,#1795,#1796,
#1797,#1798,#1799),.UNSPECIFIED.,.T.,.F.) B_SPLINE_CURVE_WITH_KNOTS((1,2
    ,2,2,2,1),(-2.094395102393,0.,2.094395102393,4.188790204786,
6.28318530718,8.377580409573),.UNSPECIFIED.) CURVE() 
GEOMETRIC_REPRESENTATION_ITEM() RATIONAL_B_SPLINE_CURVE((1.,0.5,1.,0.5,
1.,0.5,1.)) REPRESENTATION_ITEM('') );
#1793 = CARTESIAN_POINT('',(-38.6,32.5));
#1794 = CARTESIAN_POINT('',(-38.6,37.869357503464));
#1795 = CARTESIAN_POINT('',(-33.95,35.184678751732));
#1796 = CARTESIAN_POINT('',(-29.3,32.5));
#1797 = CARTESIAN_POINT('',(-33.95,29.815321248268));
#1798 = CARTESIAN_POINT('',(-38.6,27.130642496536));
#1799 = CARTESIAN_POINT('',(-38.6,32.5));
#1800 = ( GEOMETRIC_REPRESENTATION_CONTEXT(2) 
PARAMETRIC_REPRESENTATION_CONTEXT() REPRESENTATION_CONTEXT('2D SPACE',''
  ) );
#1801 = ORIENTED_EDGE('',*,*,#1802,.F.);
#1802 = EDGE_CURVE('',#1803,#1775,#1805,.T.);
#1803 = VERTEX_POINT('',#1804);
#1804 = CARTESIAN_POINT('',(-21.3,211.,37.731397208143));
#1805 = SURFACE_CURVE('',#1806,(#1810,#1817),.PCURVE_S1.);
#1806 = LINE('',#1807,#1808);
#1807 = CARTESIAN_POINT('',(-21.3,211.,37.731397208143));
#1808 = VECTOR('',#1809,1.);
#1809 = DIRECTION('',(-1.,-6.450531537933E-16,-2.775557561562E-17));
#1810 = PCURVE('',#1750,#1811);
#1811 = DEFINITIONAL_REPRESENTATION('',(#1812),#1816);
#1812 = LINE('',#1813,#1814);
#1813 = CARTESIAN_POINT('',(3.14159265359,0.));
#1814 = VECTOR('',#1815,1.);
#1815 = DIRECTION('',(0.,1.));
#1816 = ( GEOMETRIC_REPRESENTATION_CONTEXT(2) 
PARAMETRIC_REPRESENTATION_CONTEXT() REPRESENTATION_CONTEXT('2D SPACE',''
  ) );
#1817 = PCURVE('',#1762,#1818);
#1818 = DEFINITIONAL_REPRESENTATION('',(#1819),#1823);
#1819 = LINE('',#1820,#1821);
#1820 = CARTESIAN_POINT('',(3.14159265359,0.));
#1821 = VECTOR('',#1822,1.);
#1822 = DIRECTION('',(0.,1.));
#1823 = ( GEOMETRIC_REPRESENTATION_CONTEXT(2) 
PARAMETRIC_REPRESENTATION_CONTEXT() REPRESENTATION_CONTEXT('2D SPACE',''
  ) );
#1824 = ORIENTED_EDGE('',*,*,#1825,.T.);
#1825 = EDGE_CURVE('',#1803,#1740,#1826,.T.);
#1826 = SURFACE_CURVE('',#1827,(#1832,#1839),.PCURVE_S1.);
#1827 = CIRCLE('',#1828,3.1);
#1828 = AXIS2_PLACEMENT_3D('',#1829,#1830,#1831);
#1829 = CARTESIAN_POINT('',(-21.3,211.,34.631397208143));
#1830 = DIRECTION('',(-1.,-6.450531537933E-16,-2.775557561562E-17));
#1831 = DIRECTION('',(2.775557561563E-17,-7.136298725426E-15,-1.));
#1832 = PCURVE('',#1750,#1833);
#1833 = DEFINITIONAL_REPRESENTATION('',(#1834),#1838);
#1834 = LINE('',#1835,#1836);
#1835 = CARTESIAN_POINT('',(0.,0.));
#1836 = VECTOR('',#1837,1.);
#1837 = DIRECTION('',(1.,0.));
#1838 = ( GEOMETRIC_REPRESENTATION_CONTEXT(2) 
PARAMETRIC_REPRESENTATION_CONTEXT() REPRESENTATION_CONTEXT('2D SPACE',''
  ) );
#1839 = PCURVE('',#1840,#1845);
#1840 = PLANE('',#1841);
#1841 = AXIS2_PLACEMENT_3D('',#1842,#1843,#1844);
#1842 = CARTESIAN_POINT('',(-21.3,211.,34.631397208143));
#1843 = DIRECTION('',(-1.,-6.450531537933E-16,-2.775557561562E-17));
#1844 = DIRECTION('',(2.775557561563E-17,-7.136298725426E-15,-1.));
#1845 = DEFINITIONAL_REPRESENTATION('',(#1846),#1850);
#1846 = CIRCLE('',#1847,3.1);
#1847 = AXIS2_PLACEMENT_2D('',#1848,#1849);
#1848 = CARTESIAN_POINT('',(0.,0.));
#1849 = DIRECTION('',(1.,0.));
#1850 = ( GEOMETRIC_REPRESENTATION_CONTEXT(2) 
PARAMETRIC_REPRESENTATION_CONTEXT() REPRESENTATION_CONTEXT('2D SPACE',''
  ) );
#1851 = ADVANCED_FACE('',(#1852),#1866,.F.);
#1852 = FACE_BOUND('',#1853,.F.);
#1853 = EDGE_LOOP('',(#1854,#1889,#1917,#1940));
#1854 = ORIENTED_EDGE('',*,*,#1855,.T.);
#1855 = EDGE_CURVE('',#1856,#1858,#1860,.T.);
#1856 = VERTEX_POINT('',#1857);
#1857 = CARTESIAN_POINT('',(-21.3,211.,57.531397208143));
#1858 = VERTEX_POINT('',#1859);
#1859 = CARTESIAN_POINT('',(-22.5,211.,57.531397208143));
#1860 = SURFACE_CURVE('',#1861,(#1865,#1877),.PCURVE_S1.);
#1861 = LINE('',#1862,#1863);
#1862 = CARTESIAN_POINT('',(-21.3,211.,57.531397208143));
#1863 = VECTOR('',#1864,1.);
#1864 = DIRECTION('',(-1.,-6.450531537933E-16,-2.775557561562E-17));
#1865 = PCURVE('',#1866,#1871);
#1866 = CYLINDRICAL_SURFACE('',#1867,3.1);
#1867 = AXIS2_PLACEMENT_3D('',#1868,#1869,#1870);
#1868 = CARTESIAN_POINT('',(-21.3,211.,60.631397208143));
#1869 = DIRECTION('',(-1.,-6.450531537933E-16,-2.775557561562E-17));
#1870 = DIRECTION('',(2.775557561563E-17,-7.136298725426E-15,-1.));
#1871 = DEFINITIONAL_REPRESENTATION('',(#1872),#1876);
#1872 = LINE('',#1873,#1874);
#1873 = CARTESIAN_POINT('',(6.28318530718,0.));
#1874 = VECTOR('',#1875,1.);
#1875 = DIRECTION('',(0.,1.));
#1876 = ( GEOMETRIC_REPRESENTATION_CONTEXT(2) 
PARAMETRIC_REPRESENTATION_CONTEXT() REPRESENTATION_CONTEXT('2D SPACE',''
  ) );
#1877 = PCURVE('',#1878,#1883);
#1878 = CYLINDRICAL_SURFACE('',#1879,3.1);
#1879 = AXIS2_PLACEMENT_3D('',#1880,#1881,#1882);
#1880 = CARTESIAN_POINT('',(-21.3,211.,60.631397208143));
#1881 = DIRECTION('',(-1.,-6.450531537933E-16,-2.775557561562E-17));
#1882 = DIRECTION('',(2.775557561563E-17,-7.136298725426E-15,-1.));
#1883 = DEFINITIONAL_REPRESENTATION('',(#1884),#1888);
#1884 = LINE('',#1885,#1886);
#1885 = CARTESIAN_POINT('',(0.,0.));
#1886 = VECTOR('',#1887,1.);
#1887 = DIRECTION('',(0.,1.));
#1888 = ( GEOMETRIC_REPRESENTATION_CONTEXT(2) 
PARAMETRIC_REPRESENTATION_CONTEXT() REPRESENTATION_CONTEXT('2D SPACE',''
  ) );
#1889 = ORIENTED_EDGE('',*,*,#1890,.F.);
#1890 = EDGE_CURVE('',#1891,#1858,#1893,.T.);
#1891 = VERTEX_POINT('',#1892);
#1892 = CARTESIAN_POINT('',(-22.5,211.,63.731397208143));
#1893 = SURFACE_CURVE('',#1894,(#1899,#1906),.PCURVE_S1.);
#1894 = CIRCLE('',#1895,3.1);
#1895 = AXIS2_PLACEMENT_3D('',#1896,#1897,#1898);
#1896 = CARTESIAN_POINT('',(-22.5,211.,60.631397208143));
#1897 = DIRECTION('',(-1.,-6.450531537933E-16,-2.775557561562E-17));
#1898 = DIRECTION('',(2.775557561563E-17,-7.136298725426E-15,-1.));
#1899 = PCURVE('',#1866,#1900);
#1900 = DEFINITIONAL_REPRESENTATION('',(#1901),#1905);
#1901 = LINE('',#1902,#1903);
#1902 = CARTESIAN_POINT('',(0.,1.2));
#1903 = VECTOR('',#1904,1.);
#1904 = DIRECTION('',(1.,0.));
#1905 = ( GEOMETRIC_REPRESENTATION_CONTEXT(2) 
PARAMETRIC_REPRESENTATION_CONTEXT() REPRESENTATION_CONTEXT('2D SPACE',''
  ) );
#1906 = PCURVE('',#881,#1907);
#1907 = DEFINITIONAL_REPRESENTATION('',(#1908),#1916);
#1908 = ( BOUNDED_CURVE() B_SPLINE_CURVE(2,(#1909,#1910,#1911,#1912,
#1913,#1914,#1915),.UNSPECIFIED.,.T.,.F.) B_SPLINE_CURVE_WITH_KNOTS((1,2
    ,2,2,2,1),(-2.094395102393,0.,2.094395102393,4.188790204786,
6.28318530718,8.377580409573),.UNSPECIFIED.) CURVE() 
GEOMETRIC_REPRESENTATION_ITEM() RATIONAL_B_SPLINE_CURVE((1.,0.5,1.,0.5,
1.,0.5,1.)) REPRESENTATION_ITEM('') );
#1909 = CARTESIAN_POINT('',(-12.6,32.5));
#1910 = CARTESIAN_POINT('',(-12.6,37.869357503464));
#1911 = CARTESIAN_POINT('',(-7.95,35.184678751732));
#1912 = CARTESIAN_POINT('',(-3.3,32.5));
#1913 = CARTESIAN_POINT('',(-7.95,29.815321248268));
#1914 = CARTESIAN_POINT('',(-12.6,27.130642496536));
#1915 = CARTESIAN_POINT('',(-12.6,32.5));
#1916 = ( GEOMETRIC_REPRESENTATION_CONTEXT(2) 
PARAMETRIC_REPRESENTATION_CONTEXT() REPRESENTATION_CONTEXT('2D SPACE',''
  ) );
#1917 = ORIENTED_EDGE('',*,*,#1918,.F.);
#1918 = EDGE_CURVE('',#1919,#1891,#1921,.T.);
#1919 = VERTEX_POINT('',#1920);
#1920 = CARTESIAN_POINT('',(-21.3,211.,63.731397208143));
#1921 = SURFACE_CURVE('',#1922,(#1926,#1933),.PCURVE_S1.);
#1922 = LINE('',#1923,#1924);
#1923 = CARTESIAN_POINT('',(-21.3,211.,63.731397208143));
#1924 = VECTOR('',#1925,1.);
#1925 = DIRECTION('',(-1.,-6.450531537933E-16,-2.775557561562E-17));
#1926 = PCURVE('',#1866,#1927);
#1927 = DEFINITIONAL_REPRESENTATION('',(#1928),#1932);
#1928 = LINE('',#1929,#1930);
#1929 = CARTESIAN_POINT('',(3.14159265359,0.));
#1930 = VECTOR('',#1931,1.);
#1931 = DIRECTION('',(0.,1.));
#1932 = ( GEOMETRIC_REPRESENTATION_CONTEXT(2) 
PARAMETRIC_REPRESENTATION_CONTEXT() REPRESENTATION_CONTEXT('2D SPACE',''
  ) );
#1933 = PCURVE('',#1878,#1934);
#1934 = DEFINITIONAL_REPRESENTATION('',(#1935),#1939);
#1935 = LINE('',#1936,#1937);
#1936 = CARTESIAN_POINT('',(3.14159265359,0.));
#1937 = VECTOR('',#1938,1.);
#1938 = DIRECTION('',(0.,1.));
#1939 = ( GEOMETRIC_REPRESENTATION_CONTEXT(2) 
PARAMETRIC_REPRESENTATION_CONTEXT() REPRESENTATION_CONTEXT('2D SPACE',''
  ) );
#1940 = ORIENTED_EDGE('',*,*,#1941,.T.);
#1941 = EDGE_CURVE('',#1919,#1856,#1942,.T.);
#1942 = SURFACE_CURVE('',#1943,(#1948,#1955),.PCURVE_S1.);
#1943 = CIRCLE('',#1944,3.1);
#1944 = AXIS2_PLACEMENT_3D('',#1945,#1946,#1947);
#1945 = CARTESIAN_POINT('',(-21.3,211.,60.631397208143));
#1946 = DIRECTION('',(-1.,-6.450531537933E-16,-2.775557561562E-17));
#1947 = DIRECTION('',(2.775557561563E-17,-7.136298725426E-15,-1.));
#1948 = PCURVE('',#1866,#1949);
#1949 = DEFINITIONAL_REPRESENTATION('',(#1950),#1954);
#1950 = LINE('',#1951,#1952);
#1951 = CARTESIAN_POINT('',(0.,0.));
#1952 = VECTOR('',#1953,1.);
#1953 = DIRECTION('',(1.,0.));
#1954 = ( GEOMETRIC_REPRESENTATION_CONTEXT(2) 
PARAMETRIC_REPRESENTATION_CONTEXT() REPRESENTATION_CONTEXT('2D SPACE',''
  ) );
#1955 = PCURVE('',#1956,#1961);
#1956 = PLANE('',#1957);
#1957 = AXIS2_PLACEMENT_3D('',#1958,#1959,#1960);
#1958 = CARTESIAN_POINT('',(-21.3,211.,60.631397208143));
#1959 = DIRECTION('',(-1.,-6.450531537933E-16,-2.775557561562E-17));
#1960 = DIRECTION('',(2.775557561563E-17,-7.136298725426E-15,-1.));
#1961 = DEFINITIONAL_REPRESENTATION('',(#1962),#1966);
#1962 = CIRCLE('',#1963,3.1);
#1963 = AXIS2_PLACEMENT_2D('',#1964,#1965);
#1964 = CARTESIAN_POINT('',(0.,0.));
#1965 = DIRECTION('',(1.,0.));
#1966 = ( GEOMETRIC_REPRESENTATION_CONTEXT(2) 
PARAMETRIC_REPRESENTATION_CONTEXT() REPRESENTATION_CONTEXT('2D SPACE',''
  ) );
#1967 = ADVANCED_FACE('',(#1968),#1982,.F.);
#1968 = FACE_BOUND('',#1969,.F.);
#1969 = EDGE_LOOP('',(#1970,#2005,#2033,#2056));
#1970 = ORIENTED_EDGE('',*,*,#1971,.T.);
#1971 = EDGE_CURVE('',#1972,#1974,#1976,.T.);
#1972 = VERTEX_POINT('',#1973);
#1973 = CARTESIAN_POINT('',(-21.3,237.,57.531397208143));
#1974 = VERTEX_POINT('',#1975);
#1975 = CARTESIAN_POINT('',(-22.5,237.,57.531397208143));
#1976 = SURFACE_CURVE('',#1977,(#1981,#1993),.PCURVE_S1.);
#1977 = LINE('',#1978,#1979);
#1978 = CARTESIAN_POINT('',(-21.3,237.,57.531397208143));
#1979 = VECTOR('',#1980,1.);
#1980 = DIRECTION('',(-1.,-6.450531537933E-16,-2.775557561562E-17));
#1981 = PCURVE('',#1982,#1987);
#1982 = CYLINDRICAL_SURFACE('',#1983,3.1);
#1983 = AXIS2_PLACEMENT_3D('',#1984,#1985,#1986);
#1984 = CARTESIAN_POINT('',(-21.3,237.,60.631397208143));
#1985 = DIRECTION('',(-1.,-6.450531537933E-16,-2.775557561562E-17));
#1986 = DIRECTION('',(2.775557561563E-17,-7.136298725426E-15,-1.));
#1987 = DEFINITIONAL_REPRESENTATION('',(#1988),#1992);
#1988 = LINE('',#1989,#1990);
#1989 = CARTESIAN_POINT('',(6.28318530718,0.));
#1990 = VECTOR('',#1991,1.);
#1991 = DIRECTION('',(0.,1.));
#1992 = ( GEOMETRIC_REPRESENTATION_CONTEXT(2) 
PARAMETRIC_REPRESENTATION_CONTEXT() REPRESENTATION_CONTEXT('2D SPACE',''
  ) );
#1993 = PCURVE('',#1994,#1999);
#1994 = CYLINDRICAL_SURFACE('',#1995,3.1);
#1995 = AXIS2_PLACEMENT_3D('',#1996,#1997,#1998);
#1996 = CARTESIAN_POINT('',(-21.3,237.,60.631397208143));
#1997 = DIRECTION('',(-1.,-6.450531537933E-16,-2.775557561562E-17));
#1998 = DIRECTION('',(2.775557561563E-17,-7.136298725426E-15,-1.));
#1999 = DEFINITIONAL_REPRESENTATION('',(#2000),#2004);
#2000 = LINE('',#2001,#2002);
#2001 = CARTESIAN_POINT('',(0.,0.));
#2002 = VECTOR('',#2003,1.);
#2003 = DIRECTION('',(0.,1.));
#2004 = ( GEOMETRIC_REPRESENTATION_CONTEXT(2) 
PARAMETRIC_REPRESENTATION_CONTEXT() REPRESENTATION_CONTEXT('2D SPACE',''
  ) );
#2005 = ORIENTED_EDGE('',*,*,#2006,.F.);
#2006 = EDGE_CURVE('',#2007,#1974,#2009,.T.);
#2007 = VERTEX_POINT('',#2008);
#2008 = CARTESIAN_POINT('',(-22.5,237.,63.731397208143));
#2009 = SURFACE_CURVE('',#2010,(#2015,#2022),.PCURVE_S1.);
#2010 = CIRCLE('',#2011,3.1);
#2011 = AXIS2_PLACEMENT_3D('',#2012,#2013,#2014);
#2012 = CARTESIAN_POINT('',(-22.5,237.,60.631397208143));
#2013 = DIRECTION('',(-1.,-6.450531537933E-16,-2.775557561562E-17));
#2014 = DIRECTION('',(2.775557561563E-17,-7.136298725426E-15,-1.));
#2015 = PCURVE('',#1982,#2016);
#2016 = DEFINITIONAL_REPRESENTATION('',(#2017),#2021);
#2017 = LINE('',#2018,#2019);
#2018 = CARTESIAN_POINT('',(0.,1.2));
#2019 = VECTOR('',#2020,1.);
#2020 = DIRECTION('',(1.,0.));
#2021 = ( GEOMETRIC_REPRESENTATION_CONTEXT(2) 
PARAMETRIC_REPRESENTATION_CONTEXT() REPRESENTATION_CONTEXT('2D SPACE',''
  ) );
#2022 = PCURVE('',#881,#2023);
#2023 = DEFINITIONAL_REPRESENTATION('',(#2024),#2032);
#2024 = ( BOUNDED_CURVE() B_SPLINE_CURVE(2,(#2025,#2026,#2027,#2028,
#2029,#2030,#2031),.UNSPECIFIED.,.T.,.F.) B_SPLINE_CURVE_WITH_KNOTS((1,2
    ,2,2,2,1),(-2.094395102393,0.,2.094395102393,4.188790204786,
6.28318530718,8.377580409573),.UNSPECIFIED.) CURVE() 
GEOMETRIC_REPRESENTATION_ITEM() RATIONAL_B_SPLINE_CURVE((1.,0.5,1.,0.5,
1.,0.5,1.)) REPRESENTATION_ITEM('') );
#2025 = CARTESIAN_POINT('',(-12.6,6.5));
#2026 = CARTESIAN_POINT('',(-12.6,11.869357503464));
#2027 = CARTESIAN_POINT('',(-7.95,9.184678751732));
#2028 = CARTESIAN_POINT('',(-3.3,6.5));
#2029 = CARTESIAN_POINT('',(-7.95,3.815321248268));
#2030 = CARTESIAN_POINT('',(-12.6,1.130642496536));
#2031 = CARTESIAN_POINT('',(-12.6,6.5));
#2032 = ( GEOMETRIC_REPRESENTATION_CONTEXT(2) 
PARAMETRIC_REPRESENTATION_CONTEXT() REPRESENTATION_CONTEXT('2D SPACE',''
  ) );
#2033 = ORIENTED_EDGE('',*,*,#2034,.F.);
#2034 = EDGE_CURVE('',#2035,#2007,#2037,.T.);
#2035 = VERTEX_POINT('',#2036);
#2036 = CARTESIAN_POINT('',(-21.3,237.,63.731397208143));
#2037 = SURFACE_CURVE('',#2038,(#2042,#2049),.PCURVE_S1.);
#2038 = LINE('',#2039,#2040);
#2039 = CARTESIAN_POINT('',(-21.3,237.,63.731397208143));
#2040 = VECTOR('',#2041,1.);
#2041 = DIRECTION('',(-1.,-6.450531537933E-16,-2.775557561562E-17));
#2042 = PCURVE('',#1982,#2043);
#2043 = DEFINITIONAL_REPRESENTATION('',(#2044),#2048);
#2044 = LINE('',#2045,#2046);
#2045 = CARTESIAN_POINT('',(3.14159265359,0.));
#2046 = VECTOR('',#2047,1.);
#2047 = DIRECTION('',(0.,1.));
#2048 = ( GEOMETRIC_REPRESENTATION_CONTEXT(2) 
PARAMETRIC_REPRESENTATION_CONTEXT() REPRESENTATION_CONTEXT('2D SPACE',''
  ) );
#2049 = PCURVE('',#1994,#2050);
#2050 = DEFINITIONAL_REPRESENTATION('',(#2051),#2055);
#2051 = LINE('',#2052,#2053);
#2052 = CARTESIAN_POINT('',(3.14159265359,0.));
#2053 = VECTOR('',#2054,1.);
#2054 = DIRECTION('',(0.,1.));
#2055 = ( GEOMETRIC_REPRESENTATION_CONTEXT(2) 
PARAMETRIC_REPRESENTATION_CONTEXT() REPRESENTATION_CONTEXT('2D SPACE',''
  ) );
#2056 = ORIENTED_EDGE('',*,*,#2057,.T.);
#2057 = EDGE_CURVE('',#2035,#1972,#2058,.T.);
#2058 = SURFACE_CURVE('',#2059,(#2064,#2071),.PCURVE_S1.);
#2059 = CIRCLE('',#2060,3.1);
#2060 = AXIS2_PLACEMENT_3D('',#2061,#2062,#2063);
#2061 = CARTESIAN_POINT('',(-21.3,237.,60.631397208143));
#2062 = DIRECTION('',(-1.,-6.450531537933E-16,-2.775557561562E-17));
#2063 = DIRECTION('',(2.775557561563E-17,-7.136298725426E-15,-1.));
#2064 = PCURVE('',#1982,#2065);
#2065 = DEFINITIONAL_REPRESENTATION('',(#2066),#2070);
#2066 = LINE('',#2067,#2068);
#2067 = CARTESIAN_POINT('',(0.,0.));
#2068 = VECTOR('',#2069,1.);
#2069 = DIRECTION('',(1.,0.));
#2070 = ( GEOMETRIC_REPRESENTATION_CONTEXT(2) 
PARAMETRIC_REPRESENTATION_CONTEXT() REPRESENTATION_CONTEXT('2D SPACE',''
  ) );
#2071 = PCURVE('',#2072,#2077);
#2072 = PLANE('',#2073);
#2073 = AXIS2_PLACEMENT_3D('',#2074,#2075,#2076);
#2074 = CARTESIAN_POINT('',(-21.3,237.,60.631397208143));
#2075 = DIRECTION('',(-1.,-6.450531537933E-16,-2.775557561562E-17));
#2076 = DIRECTION('',(2.775557561563E-17,-7.136298725426E-15,-1.));
#2077 = DEFINITIONAL_REPRESENTATION('',(#2078),#2082);
#2078 = CIRCLE('',#2079,3.1);
#2079 = AXIS2_PLACEMENT_2D('',#2080,#2081);
#2080 = CARTESIAN_POINT('',(0.,0.));
#2081 = DIRECTION('',(1.,0.));
#2082 = ( GEOMETRIC_REPRESENTATION_CONTEXT(2) 
PARAMETRIC_REPRESENTATION_CONTEXT() REPRESENTATION_CONTEXT('2D SPACE',''
  ) );
#2083 = ADVANCED_FACE('',(#2084),#2098,.F.);
#2084 = FACE_BOUND('',#2085,.F.);
#2085 = EDGE_LOOP('',(#2086,#2121,#2149,#2172));
#2086 = ORIENTED_EDGE('',*,*,#2087,.T.);
#2087 = EDGE_CURVE('',#2088,#2090,#2092,.T.);
#2088 = VERTEX_POINT('',#2089);
#2089 = CARTESIAN_POINT('',(-21.3,237.,31.531397208143));
#2090 = VERTEX_POINT('',#2091);
#2091 = CARTESIAN_POINT('',(-22.5,237.,31.531397208143));
#2092 = SURFACE_CURVE('',#2093,(#2097,#2109),.PCURVE_S1.);
#2093 = LINE('',#2094,#2095);
#2094 = CARTESIAN_POINT('',(-21.3,237.,31.531397208143));
#2095 = VECTOR('',#2096,1.);
#2096 = DIRECTION('',(-1.,-6.450531537933E-16,-2.775557561562E-17));
#2097 = PCURVE('',#2098,#2103);
#2098 = CYLINDRICAL_SURFACE('',#2099,3.1);
#2099 = AXIS2_PLACEMENT_3D('',#2100,#2101,#2102);
#2100 = CARTESIAN_POINT('',(-21.3,237.,34.631397208143));
#2101 = DIRECTION('',(-1.,-6.450531537933E-16,-2.775557561562E-17));
#2102 = DIRECTION('',(2.775557561563E-17,-7.136298725426E-15,-1.));
#2103 = DEFINITIONAL_REPRESENTATION('',(#2104),#2108);
#2104 = LINE('',#2105,#2106);
#2105 = CARTESIAN_POINT('',(6.28318530718,0.));
#2106 = VECTOR('',#2107,1.);
#2107 = DIRECTION('',(0.,1.));
#2108 = ( GEOMETRIC_REPRESENTATION_CONTEXT(2) 
PARAMETRIC_REPRESENTATION_CONTEXT() REPRESENTATION_CONTEXT('2D SPACE',''
  ) );
#2109 = PCURVE('',#2110,#2115);
#2110 = CYLINDRICAL_SURFACE('',#2111,3.1);
#2111 = AXIS2_PLACEMENT_3D('',#2112,#2113,#2114);
#2112 = CARTESIAN_POINT('',(-21.3,237.,34.631397208143));
#2113 = DIRECTION('',(-1.,-6.450531537933E-16,-2.775557561562E-17));
#2114 = DIRECTION('',(2.775557561563E-17,-7.136298725426E-15,-1.));
#2115 = DEFINITIONAL_REPRESENTATION('',(#2116),#2120);
#2116 = LINE('',#2117,#2118);
#2117 = CARTESIAN_POINT('',(0.,0.));
#2118 = VECTOR('',#2119,1.);
#2119 = DIRECTION('',(0.,1.));
#2120 = ( GEOMETRIC_REPRESENTATION_CONTEXT(2) 
PARAMETRIC_REPRESENTATION_CONTEXT() REPRESENTATION_CONTEXT('2D SPACE',''
  ) );
#2121 = ORIENTED_EDGE('',*,*,#2122,.F.);
#2122 = EDGE_CURVE('',#2123,#2090,#2125,.T.);
#2123 = VERTEX_POINT('',#2124);
#2124 = CARTESIAN_POINT('',(-22.5,237.,37.731397208143));
#2125 = SURFACE_CURVE('',#2126,(#2131,#2138),.PCURVE_S1.);
#2126 = CIRCLE('',#2127,3.1);
#2127 = AXIS2_PLACEMENT_3D('',#2128,#2129,#2130);
#2128 = CARTESIAN_POINT('',(-22.5,237.,34.631397208143));
#2129 = DIRECTION('',(-1.,-6.450531537933E-16,-2.775557561562E-17));
#2130 = DIRECTION('',(2.775557561563E-17,-7.136298725426E-15,-1.));
#2131 = PCURVE('',#2098,#2132);
#2132 = DEFINITIONAL_REPRESENTATION('',(#2133),#2137);
#2133 = LINE('',#2134,#2135);
#2134 = CARTESIAN_POINT('',(0.,1.2));
#2135 = VECTOR('',#2136,1.);
#2136 = DIRECTION('',(1.,0.));
#2137 = ( GEOMETRIC_REPRESENTATION_CONTEXT(2) 
PARAMETRIC_REPRESENTATION_CONTEXT() REPRESENTATION_CONTEXT('2D SPACE',''
  ) );
#2138 = PCURVE('',#881,#2139);
#2139 = DEFINITIONAL_REPRESENTATION('',(#2140),#2148);
#2140 = ( BOUNDED_CURVE() B_SPLINE_CURVE(2,(#2141,#2142,#2143,#2144,
#2145,#2146,#2147),.UNSPECIFIED.,.T.,.F.) B_SPLINE_CURVE_WITH_KNOTS((1,2
    ,2,2,2,1),(-2.094395102393,0.,2.094395102393,4.188790204786,
6.28318530718,8.377580409573),.UNSPECIFIED.) CURVE() 
GEOMETRIC_REPRESENTATION_ITEM() RATIONAL_B_SPLINE_CURVE((1.,0.5,1.,0.5,
1.,0.5,1.)) REPRESENTATION_ITEM('') );
#2141 = CARTESIAN_POINT('',(-38.6,6.5));
#2142 = CARTESIAN_POINT('',(-38.6,11.869357503464));
#2143 = CARTESIAN_POINT('',(-33.95,9.184678751732));
#2144 = CARTESIAN_POINT('',(-29.3,6.5));
#2145 = CARTESIAN_POINT('',(-33.95,3.815321248268));
#2146 = CARTESIAN_POINT('',(-38.6,1.130642496536));
#2147 = CARTESIAN_POINT('',(-38.6,6.5));
#2148 = ( GEOMETRIC_REPRESENTATION_CONTEXT(2) 
PARAMETRIC_REPRESENTATION_CONTEXT() REPRESENTATION_CONTEXT('2D SPACE',''
  ) );
#2149 = ORIENTED_EDGE('',*,*,#2150,.F.);
#2150 = EDGE_CURVE('',#2151,#2123,#2153,.T.);
#2151 = VERTEX_POINT('',#2152);
#2152 = CARTESIAN_POINT('',(-21.3,237.,37.731397208143));
#2153 = SURFACE_CURVE('',#2154,(#2158,#2165),.PCURVE_S1.);
#2154 = LINE('',#2155,#2156);
#2155 = CARTESIAN_POINT('',(-21.3,237.,37.731397208143));
#2156 = VECTOR('',#2157,1.);
#2157 = DIRECTION('',(-1.,-6.450531537933E-16,-2.775557561562E-17));
#2158 = PCURVE('',#2098,#2159);
#2159 = DEFINITIONAL_REPRESENTATION('',(#2160),#2164);
#2160 = LINE('',#2161,#2162);
#2161 = CARTESIAN_POINT('',(3.14159265359,0.));
#2162 = VECTOR('',#2163,1.);
#2163 = DIRECTION('',(0.,1.));
#2164 = ( GEOMETRIC_REPRESENTATION_CONTEXT(2) 
PARAMETRIC_REPRESENTATION_CONTEXT() REPRESENTATION_CONTEXT('2D SPACE',''
  ) );
#2165 = PCURVE('',#2110,#2166);
#2166 = DEFINITIONAL_REPRESENTATION('',(#2167),#2171);
#2167 = LINE('',#2168,#2169);
#2168 = CARTESIAN_POINT('',(3.14159265359,0.));
#2169 = VECTOR('',#2170,1.);
#2170 = DIRECTION('',(0.,1.));
#2171 = ( GEOMETRIC_REPRESENTATION_CONTEXT(2) 
PARAMETRIC_REPRESENTATION_CONTEXT() REPRESENTATION_CONTEXT('2D SPACE',''
  ) );
#2172 = ORIENTED_EDGE('',*,*,#2173,.T.);
#2173 = EDGE_CURVE('',#2151,#2088,#2174,.T.);
#2174 = SURFACE_CURVE('',#2175,(#2180,#2187),.PCURVE_S1.);
#2175 = CIRCLE('',#2176,3.1);
#2176 = AXIS2_PLACEMENT_3D('',#2177,#2178,#2179);
#2177 = CARTESIAN_POINT('',(-21.3,237.,34.631397208143));
#2178 = DIRECTION('',(-1.,-6.450531537933E-16,-2.775557561562E-17));
#2179 = DIRECTION('',(2.775557561563E-17,-7.136298725426E-15,-1.));
#2180 = PCURVE('',#2098,#2181);
#2181 = DEFINITIONAL_REPRESENTATION('',(#2182),#2186);
#2182 = LINE('',#2183,#2184);
#2183 = CARTESIAN_POINT('',(0.,0.));
#2184 = VECTOR('',#2185,1.);
#2185 = DIRECTION('',(1.,0.));
#2186 = ( GEOMETRIC_REPRESENTATION_CONTEXT(2) 
PARAMETRIC_REPRESENTATION_CONTEXT() REPRESENTATION_CONTEXT('2D SPACE',''
  ) );
#2187 = PCURVE('',#2188,#2193);
#2188 = PLANE('',#2189);
#2189 = AXIS2_PLACEMENT_3D('',#2190,#2191,#2192);
#2190 = CARTESIAN_POINT('',(-21.3,237.,34.631397208143));
#2191 = DIRECTION('',(-1.,-6.450531537933E-16,-2.775557561562E-17));
#2192 = DIRECTION('',(2.775557561563E-17,-7.136298725426E-15,-1.));
#2193 = DEFINITIONAL_REPRESENTATION('',(#2194),#2198);
#2194 = CIRCLE('',#2195,3.1);
#2195 = AXIS2_PLACEMENT_2D('',#2196,#2197);
#2196 = CARTESIAN_POINT('',(0.,0.));
#2197 = DIRECTION('',(1.,0.));
#2198 = ( GEOMETRIC_REPRESENTATION_CONTEXT(2) 
PARAMETRIC_REPRESENTATION_CONTEXT() REPRESENTATION_CONTEXT('2D SPACE',''
  ) );
#2199 = ADVANCED_FACE('',(#2200),#2214,.F.);
#2200 = FACE_BOUND('',#2201,.F.);
#2201 = EDGE_LOOP('',(#2202,#2237,#2266,#2289));
#2202 = ORIENTED_EDGE('',*,*,#2203,.T.);
#2203 = EDGE_CURVE('',#2204,#2206,#2208,.T.);
#2204 = VERTEX_POINT('',#2205);
#2205 = CARTESIAN_POINT('',(2.,244.7,38.538130468406));
#2206 = VERTEX_POINT('',#2207);
#2207 = CARTESIAN_POINT('',(2.,243.5,38.538130468406));
#2208 = SURFACE_CURVE('',#2209,(#2213,#2225),.PCURVE_S1.);
#2209 = LINE('',#2210,#2211);
#2210 = CARTESIAN_POINT('',(2.,244.7,38.538130468406));
#2211 = VECTOR('',#2212,1.);
#2212 = DIRECTION('',(6.450531537933E-16,-1.,7.136298725426E-15));
#2213 = PCURVE('',#2214,#2219);
#2214 = CYLINDRICAL_SURFACE('',#2215,3.25);
#2215 = AXIS2_PLACEMENT_3D('',#2216,#2217,#2218);
#2216 = CARTESIAN_POINT('',(5.25,244.7,38.538130468406));
#2217 = DIRECTION('',(6.450531537933E-16,-1.,7.136298725426E-15));
#2218 = DIRECTION('',(-1.,-6.450531537933E-16,-2.775557561562E-17));
#2219 = DEFINITIONAL_REPRESENTATION('',(#2220),#2224);
#2220 = LINE('',#2221,#2222);
#2221 = CARTESIAN_POINT('',(6.28318530718,0.));
#2222 = VECTOR('',#2223,1.);
#2223 = DIRECTION('',(0.,1.));
#2224 = ( GEOMETRIC_REPRESENTATION_CONTEXT(2) 
PARAMETRIC_REPRESENTATION_CONTEXT() REPRESENTATION_CONTEXT('2D SPACE',''
  ) );
#2225 = PCURVE('',#2226,#2231);
#2226 = CYLINDRICAL_SURFACE('',#2227,3.25);
#2227 = AXIS2_PLACEMENT_3D('',#2228,#2229,#2230);
#2228 = CARTESIAN_POINT('',(5.25,244.7,38.538130468406));
#2229 = DIRECTION('',(6.450531537933E-16,-1.,7.136298725426E-15));
#2230 = DIRECTION('',(-1.,-6.450531537933E-16,-2.775557561562E-17));
#2231 = DEFINITIONAL_REPRESENTATION('',(#2232),#2236);
#2232 = LINE('',#2233,#2234);
#2233 = CARTESIAN_POINT('',(0.,0.));
#2234 = VECTOR('',#2235,1.);
#2235 = DIRECTION('',(0.,1.));
#2236 = ( GEOMETRIC_REPRESENTATION_CONTEXT(2) 
PARAMETRIC_REPRESENTATION_CONTEXT() REPRESENTATION_CONTEXT('2D SPACE',''
  ) );
#2237 = ORIENTED_EDGE('',*,*,#2238,.F.);
#2238 = EDGE_CURVE('',#2239,#2206,#2241,.T.);
#2239 = VERTEX_POINT('',#2240);
#2240 = CARTESIAN_POINT('',(8.5,243.5,38.538130468406));
#2241 = SURFACE_CURVE('',#2242,(#2247,#2254),.PCURVE_S1.);
#2242 = CIRCLE('',#2243,3.25);
#2243 = AXIS2_PLACEMENT_3D('',#2244,#2245,#2246);
#2244 = CARTESIAN_POINT('',(5.25,243.5,38.538130468406));
#2245 = DIRECTION('',(6.450531537933E-16,-1.,7.136298725426E-15));
#2246 = DIRECTION('',(-1.,-6.450531537933E-16,-2.775557561562E-17));
#2247 = PCURVE('',#2214,#2248);
#2248 = DEFINITIONAL_REPRESENTATION('',(#2249),#2253);
#2249 = LINE('',#2250,#2251);
#2250 = CARTESIAN_POINT('',(0.,1.2));
#2251 = VECTOR('',#2252,1.);
#2252 = DIRECTION('',(1.,0.));
#2253 = ( GEOMETRIC_REPRESENTATION_CONTEXT(2) 
PARAMETRIC_REPRESENTATION_CONTEXT() REPRESENTATION_CONTEXT('2D SPACE',''
  ) );
#2254 = PCURVE('',#2255,#2260);
#2255 = PLANE('',#2256);
#2256 = AXIS2_PLACEMENT_3D('',#2257,#2258,#2259);
#2257 = CARTESIAN_POINT('',(-6.584862055899E-14,243.5,47.631397208143));
#2258 = DIRECTION('',(6.450531537933E-16,-1.,7.136298725426E-15));
#2259 = DIRECTION('',(-1.,-6.450531537933E-16,-2.775557561562E-17));
#2260 = DEFINITIONAL_REPRESENTATION('',(#2261),#2265);
#2261 = CIRCLE('',#2262,3.25);
#2262 = AXIS2_PLACEMENT_2D('',#2263,#2264);
#2263 = CARTESIAN_POINT('',(-5.25,9.093266739737));
#2264 = DIRECTION('',(1.,0.));
#2265 = ( GEOMETRIC_REPRESENTATION_CONTEXT(2) 
PARAMETRIC_REPRESENTATION_CONTEXT() REPRESENTATION_CONTEXT('2D SPACE',''
  ) );
#2266 = ORIENTED_EDGE('',*,*,#2267,.F.);
#2267 = EDGE_CURVE('',#2268,#2239,#2270,.T.);
#2268 = VERTEX_POINT('',#2269);
#2269 = CARTESIAN_POINT('',(8.5,244.7,38.538130468406));
#2270 = SURFACE_CURVE('',#2271,(#2275,#2282),.PCURVE_S1.);
#2271 = LINE('',#2272,#2273);
#2272 = CARTESIAN_POINT('',(8.5,244.7,38.538130468406));
#2273 = VECTOR('',#2274,1.);
#2274 = DIRECTION('',(6.450531537933E-16,-1.,7.136298725426E-15));
#2275 = PCURVE('',#2214,#2276);
#2276 = DEFINITIONAL_REPRESENTATION('',(#2277),#2281);
#2277 = LINE('',#2278,#2279);
#2278 = CARTESIAN_POINT('',(3.14159265359,0.));
#2279 = VECTOR('',#2280,1.);
#2280 = DIRECTION('',(0.,1.));
#2281 = ( GEOMETRIC_REPRESENTATION_CONTEXT(2) 
PARAMETRIC_REPRESENTATION_CONTEXT() REPRESENTATION_CONTEXT('2D SPACE',''
  ) );
#2282 = PCURVE('',#2226,#2283);
#2283 = DEFINITIONAL_REPRESENTATION('',(#2284),#2288);
#2284 = LINE('',#2285,#2286);
#2285 = CARTESIAN_POINT('',(3.14159265359,0.));
#2286 = VECTOR('',#2287,1.);
#2287 = DIRECTION('',(0.,1.));
#2288 = ( GEOMETRIC_REPRESENTATION_CONTEXT(2) 
PARAMETRIC_REPRESENTATION_CONTEXT() REPRESENTATION_CONTEXT('2D SPACE',''
  ) );
#2289 = ORIENTED_EDGE('',*,*,#2290,.T.);
#2290 = EDGE_CURVE('',#2268,#2204,#2291,.T.);
#2291 = SURFACE_CURVE('',#2292,(#2297,#2304),.PCURVE_S1.);
#2292 = CIRCLE('',#2293,3.25);
#2293 = AXIS2_PLACEMENT_3D('',#2294,#2295,#2296);
#2294 = CARTESIAN_POINT('',(5.25,244.7,38.538130468406));
#2295 = DIRECTION('',(6.450531537933E-16,-1.,7.136298725426E-15));
#2296 = DIRECTION('',(-1.,-6.450531537933E-16,-2.775557561562E-17));
#2297 = PCURVE('',#2214,#2298);
#2298 = DEFINITIONAL_REPRESENTATION('',(#2299),#2303);
#2299 = LINE('',#2300,#2301);
#2300 = CARTESIAN_POINT('',(0.,0.));
#2301 = VECTOR('',#2302,1.);
#2302 = DIRECTION('',(1.,0.));
#2303 = ( GEOMETRIC_REPRESENTATION_CONTEXT(2) 
PARAMETRIC_REPRESENTATION_CONTEXT() REPRESENTATION_CONTEXT('2D SPACE',''
  ) );
#2304 = PCURVE('',#2305,#2310);
#2305 = PLANE('',#2306);
#2306 = AXIS2_PLACEMENT_3D('',#2307,#2308,#2309);
#2307 = CARTESIAN_POINT('',(5.25,244.7,38.538130468406));
#2308 = DIRECTION('',(6.450531537933E-16,-1.,7.136298725426E-15));
#2309 = DIRECTION('',(-1.,-6.450531537933E-16,-2.775557561562E-17));
#2310 = DEFINITIONAL_REPRESENTATION('',(#2311),#2315);
#2311 = CIRCLE('',#2312,3.25);
#2312 = AXIS2_PLACEMENT_2D('',#2313,#2314);
#2313 = CARTESIAN_POINT('',(0.,0.));
#2314 = DIRECTION('',(1.,0.));
#2315 = ( GEOMETRIC_REPRESENTATION_CONTEXT(2) 
PARAMETRIC_REPRESENTATION_CONTEXT() REPRESENTATION_CONTEXT('2D SPACE',''
  ) );
#2316 = ADVANCED_FACE('',(#2317),#2331,.F.);
#2317 = FACE_BOUND('',#2318,.F.);
#2318 = EDGE_LOOP('',(#2319,#2354,#2378,#2401));
#2319 = ORIENTED_EDGE('',*,*,#2320,.T.);
#2320 = EDGE_CURVE('',#2321,#2323,#2325,.T.);
#2321 = VERTEX_POINT('',#2322);
#2322 = CARTESIAN_POINT('',(-9.,244.7,37.672105064622));
#2323 = VERTEX_POINT('',#2324);
#2324 = CARTESIAN_POINT('',(-9.,243.5,37.672105064622));
#2325 = SURFACE_CURVE('',#2326,(#2330,#2342),.PCURVE_S1.);
#2326 = LINE('',#2327,#2328);
#2327 = CARTESIAN_POINT('',(-9.,244.7,37.672105064622));
#2328 = VECTOR('',#2329,1.);
#2329 = DIRECTION('',(6.450531537933E-16,-1.,7.136298725426E-15));
#2330 = PCURVE('',#2331,#2336);
#2331 = CYLINDRICAL_SURFACE('',#2332,3.25);
#2332 = AXIS2_PLACEMENT_3D('',#2333,#2334,#2335);
#2333 = CARTESIAN_POINT('',(-5.75,244.7,37.672105064622));
#2334 = DIRECTION('',(6.450531537933E-16,-1.,7.136298725426E-15));
#2335 = DIRECTION('',(-1.,-6.450531537933E-16,-2.775557561562E-17));
#2336 = DEFINITIONAL_REPRESENTATION('',(#2337),#2341);
#2337 = LINE('',#2338,#2339);
#2338 = CARTESIAN_POINT('',(6.28318530718,0.));
#2339 = VECTOR('',#2340,1.);
#2340 = DIRECTION('',(0.,1.));
#2341 = ( GEOMETRIC_REPRESENTATION_CONTEXT(2) 
PARAMETRIC_REPRESENTATION_CONTEXT() REPRESENTATION_CONTEXT('2D SPACE',''
  ) );
#2342 = PCURVE('',#2343,#2348);
#2343 = CYLINDRICAL_SURFACE('',#2344,3.25);
#2344 = AXIS2_PLACEMENT_3D('',#2345,#2346,#2347);
#2345 = CARTESIAN_POINT('',(-5.75,244.7,37.672105064622));
#2346 = DIRECTION('',(6.450531537933E-16,-1.,7.136298725426E-15));
#2347 = DIRECTION('',(-1.,-6.450531537933E-16,-2.775557561562E-17));
#2348 = DEFINITIONAL_REPRESENTATION('',(#2349),#2353);
#2349 = LINE('',#2350,#2351);
#2350 = CARTESIAN_POINT('',(0.,0.));
#2351 = VECTOR('',#2352,1.);
#2352 = DIRECTION('',(0.,1.));
#2353 = ( GEOMETRIC_REPRESENTATION_CONTEXT(2) 
PARAMETRIC_REPRESENTATION_CONTEXT() REPRESENTATION_CONTEXT('2D SPACE',''
  ) );
#2354 = ORIENTED_EDGE('',*,*,#2355,.F.);
#2355 = EDGE_CURVE('',#2356,#2323,#2358,.T.);
#2356 = VERTEX_POINT('',#2357);
#2357 = CARTESIAN_POINT('',(-2.5,243.5,37.672105064622));
#2358 = SURFACE_CURVE('',#2359,(#2364,#2371),.PCURVE_S1.);
#2359 = CIRCLE('',#2360,3.25);
#2360 = AXIS2_PLACEMENT_3D('',#2361,#2362,#2363);
#2361 = CARTESIAN_POINT('',(-5.75,243.5,37.672105064622));
#2362 = DIRECTION('',(6.450531537933E-16,-1.,7.136298725426E-15));
#2363 = DIRECTION('',(-1.,-6.450531537933E-16,-2.775557561562E-17));
#2364 = PCURVE('',#2331,#2365);
#2365 = DEFINITIONAL_REPRESENTATION('',(#2366),#2370);
#2366 = LINE('',#2367,#2368);
#2367 = CARTESIAN_POINT('',(0.,1.2));
#2368 = VECTOR('',#2369,1.);
#2369 = DIRECTION('',(1.,0.));
#2370 = ( GEOMETRIC_REPRESENTATION_CONTEXT(2) 
PARAMETRIC_REPRESENTATION_CONTEXT() REPRESENTATION_CONTEXT('2D SPACE',''
  ) );
#2371 = PCURVE('',#2255,#2372);
#2372 = DEFINITIONAL_REPRESENTATION('',(#2373),#2377);
#2373 = CIRCLE('',#2374,3.25);
#2374 = AXIS2_PLACEMENT_2D('',#2375,#2376);
#2375 = CARTESIAN_POINT('',(5.75,9.959292143521));
#2376 = DIRECTION('',(1.,0.));
#2377 = ( GEOMETRIC_REPRESENTATION_CONTEXT(2) 
PARAMETRIC_REPRESENTATION_CONTEXT() REPRESENTATION_CONTEXT('2D SPACE',''
  ) );
#2378 = ORIENTED_EDGE('',*,*,#2379,.F.);
#2379 = EDGE_CURVE('',#2380,#2356,#2382,.T.);
#2380 = VERTEX_POINT('',#2381);
#2381 = CARTESIAN_POINT('',(-2.5,244.7,37.672105064622));
#2382 = SURFACE_CURVE('',#2383,(#2387,#2394),.PCURVE_S1.);
#2383 = LINE('',#2384,#2385);
#2384 = CARTESIAN_POINT('',(-2.5,244.7,37.672105064622));
#2385 = VECTOR('',#2386,1.);
#2386 = DIRECTION('',(6.450531537933E-16,-1.,7.136298725426E-15));
#2387 = PCURVE('',#2331,#2388);
#2388 = DEFINITIONAL_REPRESENTATION('',(#2389),#2393);
#2389 = LINE('',#2390,#2391);
#2390 = CARTESIAN_POINT('',(3.14159265359,0.));
#2391 = VECTOR('',#2392,1.);
#2392 = DIRECTION('',(0.,1.));
#2393 = ( GEOMETRIC_REPRESENTATION_CONTEXT(2) 
PARAMETRIC_REPRESENTATION_CONTEXT() REPRESENTATION_CONTEXT('2D SPACE',''
  ) );
#2394 = PCURVE('',#2343,#2395);
#2395 = DEFINITIONAL_REPRESENTATION('',(#2396),#2400);
#2396 = LINE('',#2397,#2398);
#2397 = CARTESIAN_POINT('',(3.14159265359,0.));
#2398 = VECTOR('',#2399,1.);
#2399 = DIRECTION('',(0.,1.));
#2400 = ( GEOMETRIC_REPRESENTATION_CONTEXT(2) 
PARAMETRIC_REPRESENTATION_CONTEXT() REPRESENTATION_CONTEXT('2D SPACE',''
  ) );
#2401 = ORIENTED_EDGE('',*,*,#2402,.T.);
#2402 = EDGE_CURVE('',#2380,#2321,#2403,.T.);
#2403 = SURFACE_CURVE('',#2404,(#2409,#2416),.PCURVE_S1.);
#2404 = CIRCLE('',#2405,3.25);
#2405 = AXIS2_PLACEMENT_3D('',#2406,#2407,#2408);
#2406 = CARTESIAN_POINT('',(-5.75,244.7,37.672105064622));
#2407 = DIRECTION('',(6.450531537933E-16,-1.,7.136298725426E-15));
#2408 = DIRECTION('',(-1.,-6.450531537933E-16,-2.775557561562E-17));
#2409 = PCURVE('',#2331,#2410);
#2410 = DEFINITIONAL_REPRESENTATION('',(#2411),#2415);
#2411 = LINE('',#2412,#2413);
#2412 = CARTESIAN_POINT('',(0.,0.));
#2413 = VECTOR('',#2414,1.);
#2414 = DIRECTION('',(1.,0.));
#2415 = ( GEOMETRIC_REPRESENTATION_CONTEXT(2) 
PARAMETRIC_REPRESENTATION_CONTEXT() REPRESENTATION_CONTEXT('2D SPACE',''
  ) );
#2416 = PCURVE('',#2417,#2422);
#2417 = PLANE('',#2418);
#2418 = AXIS2_PLACEMENT_3D('',#2419,#2420,#2421);
#2419 = CARTESIAN_POINT('',(-5.75,244.7,37.672105064622));
#2420 = DIRECTION('',(6.450531537933E-16,-1.,7.136298725426E-15));
#2421 = DIRECTION('',(-1.,-6.450531537933E-16,-2.775557561562E-17));
#2422 = DEFINITIONAL_REPRESENTATION('',(#2423),#2427);
#2423 = CIRCLE('',#2424,3.25);
#2424 = AXIS2_PLACEMENT_2D('',#2425,#2426);
#2425 = CARTESIAN_POINT('',(0.,0.));
#2426 = DIRECTION('',(1.,0.));
#2427 = ( GEOMETRIC_REPRESENTATION_CONTEXT(2) 
PARAMETRIC_REPRESENTATION_CONTEXT() REPRESENTATION_CONTEXT('2D SPACE',''
  ) );
#2428 = ADVANCED_FACE('',(#2429),#2443,.F.);
#2429 = FACE_BOUND('',#2430,.F.);
#2430 = EDGE_LOOP('',(#2431,#2466,#2490,#2513));
#2431 = ORIENTED_EDGE('',*,*,#2432,.T.);
#2432 = EDGE_CURVE('',#2433,#2435,#2437,.T.);
#2433 = VERTEX_POINT('',#2434);
#2434 = CARTESIAN_POINT('',(2.,244.7,56.724663947879));
#2435 = VERTEX_POINT('',#2436);
#2436 = CARTESIAN_POINT('',(2.,243.5,56.724663947879));
#2437 = SURFACE_CURVE('',#2438,(#2442,#2454),.PCURVE_S1.);
#2438 = LINE('',#2439,#2440);
#2439 = CARTESIAN_POINT('',(2.,244.7,56.724663947879));
#2440 = VECTOR('',#2441,1.);
#2441 = DIRECTION('',(6.450531537933E-16,-1.,7.136298725426E-15));
#2442 = PCURVE('',#2443,#2448);
#2443 = CYLINDRICAL_SURFACE('',#2444,3.25);
#2444 = AXIS2_PLACEMENT_3D('',#2445,#2446,#2447);
#2445 = CARTESIAN_POINT('',(5.25,244.7,56.724663947879));
#2446 = DIRECTION('',(6.450531537933E-16,-1.,7.136298725426E-15));
#2447 = DIRECTION('',(-1.,-6.450531537933E-16,-2.775557561562E-17));
#2448 = DEFINITIONAL_REPRESENTATION('',(#2449),#2453);
#2449 = LINE('',#2450,#2451);
#2450 = CARTESIAN_POINT('',(6.28318530718,0.));
#2451 = VECTOR('',#2452,1.);
#2452 = DIRECTION('',(0.,1.));
#2453 = ( GEOMETRIC_REPRESENTATION_CONTEXT(2) 
PARAMETRIC_REPRESENTATION_CONTEXT() REPRESENTATION_CONTEXT('2D SPACE',''
  ) );
#2454 = PCURVE('',#2455,#2460);
#2455 = CYLINDRICAL_SURFACE('',#2456,3.25);
#2456 = AXIS2_PLACEMENT_3D('',#2457,#2458,#2459);
#2457 = CARTESIAN_POINT('',(5.25,244.7,56.724663947879));
#2458 = DIRECTION('',(6.450531537933E-16,-1.,7.136298725426E-15));
#2459 = DIRECTION('',(-1.,-6.450531537933E-16,-2.775557561562E-17));
#2460 = DEFINITIONAL_REPRESENTATION('',(#2461),#2465);
#2461 = LINE('',#2462,#2463);
#2462 = CARTESIAN_POINT('',(0.,0.));
#2463 = VECTOR('',#2464,1.);
#2464 = DIRECTION('',(0.,1.));
#2465 = ( GEOMETRIC_REPRESENTATION_CONTEXT(2) 
PARAMETRIC_REPRESENTATION_CONTEXT() REPRESENTATION_CONTEXT('2D SPACE',''
  ) );
#2466 = ORIENTED_EDGE('',*,*,#2467,.F.);
#2467 = EDGE_CURVE('',#2468,#2435,#2470,.T.);
#2468 = VERTEX_POINT('',#2469);
#2469 = CARTESIAN_POINT('',(8.5,243.5,56.724663947879));
#2470 = SURFACE_CURVE('',#2471,(#2476,#2483),.PCURVE_S1.);
#2471 = CIRCLE('',#2472,3.25);
#2472 = AXIS2_PLACEMENT_3D('',#2473,#2474,#2475);
#2473 = CARTESIAN_POINT('',(5.25,243.5,56.724663947879));
#2474 = DIRECTION('',(6.450531537933E-16,-1.,7.136298725426E-15));
#2475 = DIRECTION('',(-1.,-6.450531537933E-16,-2.775557561562E-17));
#2476 = PCURVE('',#2443,#2477);
#2477 = DEFINITIONAL_REPRESENTATION('',(#2478),#2482);
#2478 = LINE('',#2479,#2480);
#2479 = CARTESIAN_POINT('',(0.,1.2));
#2480 = VECTOR('',#2481,1.);
#2481 = DIRECTION('',(1.,0.));
#2482 = ( GEOMETRIC_REPRESENTATION_CONTEXT(2) 
PARAMETRIC_REPRESENTATION_CONTEXT() REPRESENTATION_CONTEXT('2D SPACE',''
  ) );
#2483 = PCURVE('',#2255,#2484);
#2484 = DEFINITIONAL_REPRESENTATION('',(#2485),#2489);
#2485 = CIRCLE('',#2486,3.25);
#2486 = AXIS2_PLACEMENT_2D('',#2487,#2488);
#2487 = CARTESIAN_POINT('',(-5.25,-9.093266739737));
#2488 = DIRECTION('',(1.,0.));
#2489 = ( GEOMETRIC_REPRESENTATION_CONTEXT(2) 
PARAMETRIC_REPRESENTATION_CONTEXT() REPRESENTATION_CONTEXT('2D SPACE',''
  ) );
#2490 = ORIENTED_EDGE('',*,*,#2491,.F.);
#2491 = EDGE_CURVE('',#2492,#2468,#2494,.T.);
#2492 = VERTEX_POINT('',#2493);
#2493 = CARTESIAN_POINT('',(8.5,244.7,56.724663947879));
#2494 = SURFACE_CURVE('',#2495,(#2499,#2506),.PCURVE_S1.);
#2495 = LINE('',#2496,#2497);
#2496 = CARTESIAN_POINT('',(8.5,244.7,56.724663947879));
#2497 = VECTOR('',#2498,1.);
#2498 = DIRECTION('',(6.450531537933E-16,-1.,7.136298725426E-15));
#2499 = PCURVE('',#2443,#2500);
#2500 = DEFINITIONAL_REPRESENTATION('',(#2501),#2505);
#2501 = LINE('',#2502,#2503);
#2502 = CARTESIAN_POINT('',(3.14159265359,0.));
#2503 = VECTOR('',#2504,1.);
#2504 = DIRECTION('',(0.,1.));
#2505 = ( GEOMETRIC_REPRESENTATION_CONTEXT(2) 
PARAMETRIC_REPRESENTATION_CONTEXT() REPRESENTATION_CONTEXT('2D SPACE',''
  ) );
#2506 = PCURVE('',#2455,#2507);
#2507 = DEFINITIONAL_REPRESENTATION('',(#2508),#2512);
#2508 = LINE('',#2509,#2510);
#2509 = CARTESIAN_POINT('',(3.14159265359,0.));
#2510 = VECTOR('',#2511,1.);
#2511 = DIRECTION('',(0.,1.));
#2512 = ( GEOMETRIC_REPRESENTATION_CONTEXT(2) 
PARAMETRIC_REPRESENTATION_CONTEXT() REPRESENTATION_CONTEXT('2D SPACE',''
  ) );
#2513 = ORIENTED_EDGE('',*,*,#2514,.T.);
#2514 = EDGE_CURVE('',#2492,#2433,#2515,.T.);
#2515 = SURFACE_CURVE('',#2516,(#2521,#2528),.PCURVE_S1.);
#2516 = CIRCLE('',#2517,3.25);
#2517 = AXIS2_PLACEMENT_3D('',#2518,#2519,#2520);
#2518 = CARTESIAN_POINT('',(5.25,244.7,56.724663947879));
#2519 = DIRECTION('',(6.450531537933E-16,-1.,7.136298725426E-15));
#2520 = DIRECTION('',(-1.,-6.450531537933E-16,-2.775557561562E-17));
#2521 = PCURVE('',#2443,#2522);
#2522 = DEFINITIONAL_REPRESENTATION('',(#2523),#2527);
#2523 = LINE('',#2524,#2525);
#2524 = CARTESIAN_POINT('',(0.,0.));
#2525 = VECTOR('',#2526,1.);
#2526 = DIRECTION('',(1.,0.));
#2527 = ( GEOMETRIC_REPRESENTATION_CONTEXT(2) 
PARAMETRIC_REPRESENTATION_CONTEXT() REPRESENTATION_CONTEXT('2D SPACE',''
  ) );
#2528 = PCURVE('',#2529,#2534);
#2529 = PLANE('',#2530);
#2530 = AXIS2_PLACEMENT_3D('',#2531,#2532,#2533);
#2531 = CARTESIAN_POINT('',(5.25,244.7,56.724663947879));
#2532 = DIRECTION('',(6.450531537933E-16,-1.,7.136298725426E-15));
#2533 = DIRECTION('',(-1.,-6.450531537933E-16,-2.775557561562E-17));
#2534 = DEFINITIONAL_REPRESENTATION('',(#2535),#2539);
#2535 = CIRCLE('',#2536,3.25);
#2536 = AXIS2_PLACEMENT_2D('',#2537,#2538);
#2537 = CARTESIAN_POINT('',(0.,0.));
#2538 = DIRECTION('',(1.,0.));
#2539 = ( GEOMETRIC_REPRESENTATION_CONTEXT(2) 
PARAMETRIC_REPRESENTATION_CONTEXT() REPRESENTATION_CONTEXT('2D SPACE',''
  ) );
#2540 = ADVANCED_FACE('',(#2541),#2555,.F.);
#2541 = FACE_BOUND('',#2542,.F.);
#2542 = EDGE_LOOP('',(#2543,#2578,#2602,#2625));
#2543 = ORIENTED_EDGE('',*,*,#2544,.T.);
#2544 = EDGE_CURVE('',#2545,#2547,#2549,.T.);
#2545 = VERTEX_POINT('',#2546);
#2546 = CARTESIAN_POINT('',(8.25,244.7,47.631397208143));
#2547 = VERTEX_POINT('',#2548);
#2548 = CARTESIAN_POINT('',(8.25,243.5,47.631397208143));
#2549 = SURFACE_CURVE('',#2550,(#2554,#2566),.PCURVE_S1.);
#2550 = LINE('',#2551,#2552);
#2551 = CARTESIAN_POINT('',(8.25,244.7,47.631397208143));
#2552 = VECTOR('',#2553,1.);
#2553 = DIRECTION('',(6.450531537933E-16,-1.,7.136298725426E-15));
#2554 = PCURVE('',#2555,#2560);
#2555 = CYLINDRICAL_SURFACE('',#2556,3.25);
#2556 = AXIS2_PLACEMENT_3D('',#2557,#2558,#2559);
#2557 = CARTESIAN_POINT('',(11.5,244.7,47.631397208143));
#2558 = DIRECTION('',(6.450531537933E-16,-1.,7.136298725426E-15));
#2559 = DIRECTION('',(-1.,-6.450531537933E-16,-2.775557561562E-17));
#2560 = DEFINITIONAL_REPRESENTATION('',(#2561),#2565);
#2561 = LINE('',#2562,#2563);
#2562 = CARTESIAN_POINT('',(6.28318530718,0.));
#2563 = VECTOR('',#2564,1.);
#2564 = DIRECTION('',(0.,1.));
#2565 = ( GEOMETRIC_REPRESENTATION_CONTEXT(2) 
PARAMETRIC_REPRESENTATION_CONTEXT() REPRESENTATION_CONTEXT('2D SPACE',''
  ) );
#2566 = PCURVE('',#2567,#2572);
#2567 = CYLINDRICAL_SURFACE('',#2568,3.25);
#2568 = AXIS2_PLACEMENT_3D('',#2569,#2570,#2571);
#2569 = CARTESIAN_POINT('',(11.5,244.7,47.631397208143));
#2570 = DIRECTION('',(6.450531537933E-16,-1.,7.136298725426E-15));
#2571 = DIRECTION('',(-1.,-6.450531537933E-16,-2.775557561562E-17));
#2572 = DEFINITIONAL_REPRESENTATION('',(#2573),#2577);
#2573 = LINE('',#2574,#2575);
#2574 = CARTESIAN_POINT('',(0.,0.));
#2575 = VECTOR('',#2576,1.);
#2576 = DIRECTION('',(0.,1.));
#2577 = ( GEOMETRIC_REPRESENTATION_CONTEXT(2) 
PARAMETRIC_REPRESENTATION_CONTEXT() REPRESENTATION_CONTEXT('2D SPACE',''
  ) );
#2578 = ORIENTED_EDGE('',*,*,#2579,.F.);
#2579 = EDGE_CURVE('',#2580,#2547,#2582,.T.);
#2580 = VERTEX_POINT('',#2581);
#2581 = CARTESIAN_POINT('',(14.75,243.5,47.631397208143));
#2582 = SURFACE_CURVE('',#2583,(#2588,#2595),.PCURVE_S1.);
#2583 = CIRCLE('',#2584,3.25);
#2584 = AXIS2_PLACEMENT_3D('',#2585,#2586,#2587);
#2585 = CARTESIAN_POINT('',(11.5,243.5,47.631397208143));
#2586 = DIRECTION('',(6.450531537933E-16,-1.,7.136298725426E-15));
#2587 = DIRECTION('',(-1.,-6.450531537933E-16,-2.775557561562E-17));
#2588 = PCURVE('',#2555,#2589);
#2589 = DEFINITIONAL_REPRESENTATION('',(#2590),#2594);
#2590 = LINE('',#2591,#2592);
#2591 = CARTESIAN_POINT('',(0.,1.2));
#2592 = VECTOR('',#2593,1.);
#2593 = DIRECTION('',(1.,0.));
#2594 = ( GEOMETRIC_REPRESENTATION_CONTEXT(2) 
PARAMETRIC_REPRESENTATION_CONTEXT() REPRESENTATION_CONTEXT('2D SPACE',''
  ) );
#2595 = PCURVE('',#2255,#2596);
#2596 = DEFINITIONAL_REPRESENTATION('',(#2597),#2601);
#2597 = CIRCLE('',#2598,3.25);
#2598 = AXIS2_PLACEMENT_2D('',#2599,#2600);
#2599 = CARTESIAN_POINT('',(-11.5,-4.770489558936E-14));
#2600 = DIRECTION('',(1.,0.));
#2601 = ( GEOMETRIC_REPRESENTATION_CONTEXT(2) 
PARAMETRIC_REPRESENTATION_CONTEXT() REPRESENTATION_CONTEXT('2D SPACE',''
  ) );
#2602 = ORIENTED_EDGE('',*,*,#2603,.F.);
#2603 = EDGE_CURVE('',#2604,#2580,#2606,.T.);
#2604 = VERTEX_POINT('',#2605);
#2605 = CARTESIAN_POINT('',(14.75,244.7,47.631397208143));
#2606 = SURFACE_CURVE('',#2607,(#2611,#2618),.PCURVE_S1.);
#2607 = LINE('',#2608,#2609);
#2608 = CARTESIAN_POINT('',(14.75,244.7,47.631397208143));
#2609 = VECTOR('',#2610,1.);
#2610 = DIRECTION('',(6.450531537933E-16,-1.,7.136298725426E-15));
#2611 = PCURVE('',#2555,#2612);
#2612 = DEFINITIONAL_REPRESENTATION('',(#2613),#2617);
#2613 = LINE('',#2614,#2615);
#2614 = CARTESIAN_POINT('',(3.14159265359,0.));
#2615 = VECTOR('',#2616,1.);
#2616 = DIRECTION('',(0.,1.));
#2617 = ( GEOMETRIC_REPRESENTATION_CONTEXT(2) 
PARAMETRIC_REPRESENTATION_CONTEXT() REPRESENTATION_CONTEXT('2D SPACE',''
  ) );
#2618 = PCURVE('',#2567,#2619);
#2619 = DEFINITIONAL_REPRESENTATION('',(#2620),#2624);
#2620 = LINE('',#2621,#2622);
#2621 = CARTESIAN_POINT('',(3.14159265359,0.));
#2622 = VECTOR('',#2623,1.);
#2623 = DIRECTION('',(0.,1.));
#2624 = ( GEOMETRIC_REPRESENTATION_CONTEXT(2) 
PARAMETRIC_REPRESENTATION_CONTEXT() REPRESENTATION_CONTEXT('2D SPACE',''
  ) );
#2625 = ORIENTED_EDGE('',*,*,#2626,.T.);
#2626 = EDGE_CURVE('',#2604,#2545,#2627,.T.);
#2627 = SURFACE_CURVE('',#2628,(#2633,#2640),.PCURVE_S1.);
#2628 = CIRCLE('',#2629,3.25);
#2629 = AXIS2_PLACEMENT_3D('',#2630,#2631,#2632);
#2630 = CARTESIAN_POINT('',(11.5,244.7,47.631397208143));
#2631 = DIRECTION('',(6.450531537933E-16,-1.,7.136298725426E-15));
#2632 = DIRECTION('',(-1.,-6.450531537933E-16,-2.775557561562E-17));
#2633 = PCURVE('',#2555,#2634);
#2634 = DEFINITIONAL_REPRESENTATION('',(#2635),#2639);
#2635 = LINE('',#2636,#2637);
#2636 = CARTESIAN_POINT('',(0.,0.));
#2637 = VECTOR('',#2638,1.);
#2638 = DIRECTION('',(1.,0.));
#2639 = ( GEOMETRIC_REPRESENTATION_CONTEXT(2) 
PARAMETRIC_REPRESENTATION_CONTEXT() REPRESENTATION_CONTEXT('2D SPACE',''
  ) );
#2640 = PCURVE('',#2641,#2646);
#2641 = PLANE('',#2642);
#2642 = AXIS2_PLACEMENT_3D('',#2643,#2644,#2645);
#2643 = CARTESIAN_POINT('',(11.5,244.7,47.631397208143));
#2644 = DIRECTION('',(6.450531537933E-16,-1.,7.136298725426E-15));
#2645 = DIRECTION('',(-1.,-6.450531537933E-16,-2.775557561562E-17));
#2646 = DEFINITIONAL_REPRESENTATION('',(#2647),#2651);
#2647 = CIRCLE('',#2648,3.25);
#2648 = AXIS2_PLACEMENT_2D('',#2649,#2650);
#2649 = CARTESIAN_POINT('',(0.,0.));
#2650 = DIRECTION('',(1.,0.));
#2651 = ( GEOMETRIC_REPRESENTATION_CONTEXT(2) 
PARAMETRIC_REPRESENTATION_CONTEXT() REPRESENTATION_CONTEXT('2D SPACE',''
  ) );
#2652 = ADVANCED_FACE('',(#2653),#2667,.F.);
#2653 = FACE_BOUND('',#2654,.F.);
#2654 = EDGE_LOOP('',(#2655,#2690,#2714,#2737));
#2655 = ORIENTED_EDGE('',*,*,#2656,.T.);
#2656 = EDGE_CURVE('',#2657,#2659,#2661,.T.);
#2657 = VERTEX_POINT('',#2658);
#2658 = CARTESIAN_POINT('',(-9.,244.7,57.590689351664));
#2659 = VERTEX_POINT('',#2660);
#2660 = CARTESIAN_POINT('',(-9.,243.5,57.590689351664));
#2661 = SURFACE_CURVE('',#2662,(#2666,#2678),.PCURVE_S1.);
#2662 = LINE('',#2663,#2664);
#2663 = CARTESIAN_POINT('',(-9.,244.7,57.590689351664));
#2664 = VECTOR('',#2665,1.);
#2665 = DIRECTION('',(6.450531537933E-16,-1.,7.136298725426E-15));
#2666 = PCURVE('',#2667,#2672);
#2667 = CYLINDRICAL_SURFACE('',#2668,3.25);
#2668 = AXIS2_PLACEMENT_3D('',#2669,#2670,#2671);
#2669 = CARTESIAN_POINT('',(-5.75,244.7,57.590689351664));
#2670 = DIRECTION('',(6.450531537933E-16,-1.,7.136298725426E-15));
#2671 = DIRECTION('',(-1.,-6.450531537933E-16,-2.775557561562E-17));
#2672 = DEFINITIONAL_REPRESENTATION('',(#2673),#2677);
#2673 = LINE('',#2674,#2675);
#2674 = CARTESIAN_POINT('',(6.28318530718,0.));
#2675 = VECTOR('',#2676,1.);
#2676 = DIRECTION('',(0.,1.));
#2677 = ( GEOMETRIC_REPRESENTATION_CONTEXT(2) 
PARAMETRIC_REPRESENTATION_CONTEXT() REPRESENTATION_CONTEXT('2D SPACE',''
  ) );
#2678 = PCURVE('',#2679,#2684);
#2679 = CYLINDRICAL_SURFACE('',#2680,3.25);
#2680 = AXIS2_PLACEMENT_3D('',#2681,#2682,#2683);
#2681 = CARTESIAN_POINT('',(-5.75,244.7,57.590689351664));
#2682 = DIRECTION('',(6.450531537933E-16,-1.,7.136298725426E-15));
#2683 = DIRECTION('',(-1.,-6.450531537933E-16,-2.775557561562E-17));
#2684 = DEFINITIONAL_REPRESENTATION('',(#2685),#2689);
#2685 = LINE('',#2686,#2687);
#2686 = CARTESIAN_POINT('',(0.,0.));
#2687 = VECTOR('',#2688,1.);
#2688 = DIRECTION('',(0.,1.));
#2689 = ( GEOMETRIC_REPRESENTATION_CONTEXT(2) 
PARAMETRIC_REPRESENTATION_CONTEXT() REPRESENTATION_CONTEXT('2D SPACE',''
  ) );
#2690 = ORIENTED_EDGE('',*,*,#2691,.F.);
#2691 = EDGE_CURVE('',#2692,#2659,#2694,.T.);
#2692 = VERTEX_POINT('',#2693);
#2693 = CARTESIAN_POINT('',(-2.5,243.5,57.590689351664));
#2694 = SURFACE_CURVE('',#2695,(#2700,#2707),.PCURVE_S1.);
#2695 = CIRCLE('',#2696,3.25);
#2696 = AXIS2_PLACEMENT_3D('',#2697,#2698,#2699);
#2697 = CARTESIAN_POINT('',(-5.75,243.5,57.590689351664));
#2698 = DIRECTION('',(6.450531537933E-16,-1.,7.136298725426E-15));
#2699 = DIRECTION('',(-1.,-6.450531537933E-16,-2.775557561562E-17));
#2700 = PCURVE('',#2667,#2701);
#2701 = DEFINITIONAL_REPRESENTATION('',(#2702),#2706);
#2702 = LINE('',#2703,#2704);
#2703 = CARTESIAN_POINT('',(0.,1.2));
#2704 = VECTOR('',#2705,1.);
#2705 = DIRECTION('',(1.,0.));
#2706 = ( GEOMETRIC_REPRESENTATION_CONTEXT(2) 
PARAMETRIC_REPRESENTATION_CONTEXT() REPRESENTATION_CONTEXT('2D SPACE',''
  ) );
#2707 = PCURVE('',#2255,#2708);
#2708 = DEFINITIONAL_REPRESENTATION('',(#2709),#2713);
#2709 = CIRCLE('',#2710,3.25);
#2710 = AXIS2_PLACEMENT_2D('',#2711,#2712);
#2711 = CARTESIAN_POINT('',(5.75,-9.959292143521));
#2712 = DIRECTION('',(1.,0.));
#2713 = ( GEOMETRIC_REPRESENTATION_CONTEXT(2) 
PARAMETRIC_REPRESENTATION_CONTEXT() REPRESENTATION_CONTEXT('2D SPACE',''
  ) );
#2714 = ORIENTED_EDGE('',*,*,#2715,.F.);
#2715 = EDGE_CURVE('',#2716,#2692,#2718,.T.);
#2716 = VERTEX_POINT('',#2717);
#2717 = CARTESIAN_POINT('',(-2.5,244.7,57.590689351664));
#2718 = SURFACE_CURVE('',#2719,(#2723,#2730),.PCURVE_S1.);
#2719 = LINE('',#2720,#2721);
#2720 = CARTESIAN_POINT('',(-2.5,244.7,57.590689351664));
#2721 = VECTOR('',#2722,1.);
#2722 = DIRECTION('',(6.450531537933E-16,-1.,7.136298725426E-15));
#2723 = PCURVE('',#2667,#2724);
#2724 = DEFINITIONAL_REPRESENTATION('',(#2725),#2729);
#2725 = LINE('',#2726,#2727);
#2726 = CARTESIAN_POINT('',(3.14159265359,0.));
#2727 = VECTOR('',#2728,1.);
#2728 = DIRECTION('',(0.,1.));
#2729 = ( GEOMETRIC_REPRESENTATION_CONTEXT(2) 
PARAMETRIC_REPRESENTATION_CONTEXT() REPRESENTATION_CONTEXT('2D SPACE',''
  ) );
#2730 = PCURVE('',#2679,#2731);
#2731 = DEFINITIONAL_REPRESENTATION('',(#2732),#2736);
#2732 = LINE('',#2733,#2734);
#2733 = CARTESIAN_POINT('',(3.14159265359,0.));
#2734 = VECTOR('',#2735,1.);
#2735 = DIRECTION('',(0.,1.));
#2736 = ( GEOMETRIC_REPRESENTATION_CONTEXT(2) 
PARAMETRIC_REPRESENTATION_CONTEXT() REPRESENTATION_CONTEXT('2D SPACE',''
  ) );
#2737 = ORIENTED_EDGE('',*,*,#2738,.T.);
#2738 = EDGE_CURVE('',#2716,#2657,#2739,.T.);
#2739 = SURFACE_CURVE('',#2740,(#2745,#2752),.PCURVE_S1.);
#2740 = CIRCLE('',#2741,3.25);
#2741 = AXIS2_PLACEMENT_3D('',#2742,#2743,#2744);
#2742 = CARTESIAN_POINT('',(-5.75,244.7,57.590689351664));
#2743 = DIRECTION('',(6.450531537933E-16,-1.,7.136298725426E-15));
#2744 = DIRECTION('',(-1.,-6.450531537933E-16,-2.775557561562E-17));
#2745 = PCURVE('',#2667,#2746);
#2746 = DEFINITIONAL_REPRESENTATION('',(#2747),#2751);
#2747 = LINE('',#2748,#2749);
#2748 = CARTESIAN_POINT('',(0.,0.));
#2749 = VECTOR('',#2750,1.);
#2750 = DIRECTION('',(1.,0.));
#2751 = ( GEOMETRIC_REPRESENTATION_CONTEXT(2) 
PARAMETRIC_REPRESENTATION_CONTEXT() REPRESENTATION_CONTEXT('2D SPACE',''
  ) );
#2752 = PCURVE('',#2753,#2758);
#2753 = PLANE('',#2754);
#2754 = AXIS2_PLACEMENT_3D('',#2755,#2756,#2757);
#2755 = CARTESIAN_POINT('',(-5.75,244.7,57.590689351664));
#2756 = DIRECTION('',(6.450531537933E-16,-1.,7.136298725426E-15));
#2757 = DIRECTION('',(-1.,-6.450531537933E-16,-2.775557561562E-17));
#2758 = DEFINITIONAL_REPRESENTATION('',(#2759),#2763);
#2759 = CIRCLE('',#2760,3.25);
#2760 = AXIS2_PLACEMENT_2D('',#2761,#2762);
#2761 = CARTESIAN_POINT('',(0.,0.));
#2762 = DIRECTION('',(1.,0.));
#2763 = ( GEOMETRIC_REPRESENTATION_CONTEXT(2) 
PARAMETRIC_REPRESENTATION_CONTEXT() REPRESENTATION_CONTEXT('2D SPACE',''
  ) );
#2764 = ADVANCED_FACE('',(#2765),#2779,.F.);
#2765 = FACE_BOUND('',#2766,.F.);
#2766 = EDGE_LOOP('',(#2767,#2802,#2826,#2849));
#2767 = ORIENTED_EDGE('',*,*,#2768,.T.);
#2768 = EDGE_CURVE('',#2769,#2771,#2773,.T.);
#2769 = VERTEX_POINT('',#2770);
#2770 = CARTESIAN_POINT('',(-13.75,244.7,47.631397208143));
#2771 = VERTEX_POINT('',#2772);
#2772 = CARTESIAN_POINT('',(-13.75,243.5,47.631397208143));
#2773 = SURFACE_CURVE('',#2774,(#2778,#2790),.PCURVE_S1.);
#2774 = LINE('',#2775,#2776);
#2775 = CARTESIAN_POINT('',(-13.75,244.7,47.631397208143));
#2776 = VECTOR('',#2777,1.);
#2777 = DIRECTION('',(6.450531537933E-16,-1.,7.136298725426E-15));
#2778 = PCURVE('',#2779,#2784);
#2779 = CYLINDRICAL_SURFACE('',#2780,3.25);
#2780 = AXIS2_PLACEMENT_3D('',#2781,#2782,#2783);
#2781 = CARTESIAN_POINT('',(-10.5,244.7,47.631397208143));
#2782 = DIRECTION('',(6.450531537933E-16,-1.,7.136298725426E-15));
#2783 = DIRECTION('',(-1.,-6.450531537933E-16,-2.775557561562E-17));
#2784 = DEFINITIONAL_REPRESENTATION('',(#2785),#2789);
#2785 = LINE('',#2786,#2787);
#2786 = CARTESIAN_POINT('',(6.28318530718,0.));
#2787 = VECTOR('',#2788,1.);
#2788 = DIRECTION('',(0.,1.));
#2789 = ( GEOMETRIC_REPRESENTATION_CONTEXT(2) 
PARAMETRIC_REPRESENTATION_CONTEXT() REPRESENTATION_CONTEXT('2D SPACE',''
  ) );
#2790 = PCURVE('',#2791,#2796);
#2791 = CYLINDRICAL_SURFACE('',#2792,3.25);
#2792 = AXIS2_PLACEMENT_3D('',#2793,#2794,#2795);
#2793 = CARTESIAN_POINT('',(-10.5,244.7,47.631397208143));
#2794 = DIRECTION('',(6.450531537933E-16,-1.,7.136298725426E-15));
#2795 = DIRECTION('',(-1.,-6.450531537933E-16,-2.775557561562E-17));
#2796 = DEFINITIONAL_REPRESENTATION('',(#2797),#2801);
#2797 = LINE('',#2798,#2799);
#2798 = CARTESIAN_POINT('',(0.,0.));
#2799 = VECTOR('',#2800,1.);
#2800 = DIRECTION('',(0.,1.));
#2801 = ( GEOMETRIC_REPRESENTATION_CONTEXT(2) 
PARAMETRIC_REPRESENTATION_CONTEXT() REPRESENTATION_CONTEXT('2D SPACE',''
  ) );
#2802 = ORIENTED_EDGE('',*,*,#2803,.F.);
#2803 = EDGE_CURVE('',#2804,#2771,#2806,.T.);
#2804 = VERTEX_POINT('',#2805);
#2805 = CARTESIAN_POINT('',(-7.25,243.5,47.631397208143));
#2806 = SURFACE_CURVE('',#2807,(#2812,#2819),.PCURVE_S1.);
#2807 = CIRCLE('',#2808,3.25);
#2808 = AXIS2_PLACEMENT_3D('',#2809,#2810,#2811);
#2809 = CARTESIAN_POINT('',(-10.5,243.5,47.631397208143));
#2810 = DIRECTION('',(6.450531537933E-16,-1.,7.136298725426E-15));
#2811 = DIRECTION('',(-1.,-6.450531537933E-16,-2.775557561562E-17));
#2812 = PCURVE('',#2779,#2813);
#2813 = DEFINITIONAL_REPRESENTATION('',(#2814),#2818);
#2814 = LINE('',#2815,#2816);
#2815 = CARTESIAN_POINT('',(0.,1.2));
#2816 = VECTOR('',#2817,1.);
#2817 = DIRECTION('',(1.,0.));
#2818 = ( GEOMETRIC_REPRESENTATION_CONTEXT(2) 
PARAMETRIC_REPRESENTATION_CONTEXT() REPRESENTATION_CONTEXT('2D SPACE',''
  ) );
#2819 = PCURVE('',#2255,#2820);
#2820 = DEFINITIONAL_REPRESENTATION('',(#2821),#2825);
#2821 = CIRCLE('',#2822,3.25);
#2822 = AXIS2_PLACEMENT_2D('',#2823,#2824);
#2823 = CARTESIAN_POINT('',(10.5,0.));
#2824 = DIRECTION('',(1.,0.));
#2825 = ( GEOMETRIC_REPRESENTATION_CONTEXT(2) 
PARAMETRIC_REPRESENTATION_CONTEXT() REPRESENTATION_CONTEXT('2D SPACE',''
  ) );
#2826 = ORIENTED_EDGE('',*,*,#2827,.F.);
#2827 = EDGE_CURVE('',#2828,#2804,#2830,.T.);
#2828 = VERTEX_POINT('',#2829);
#2829 = CARTESIAN_POINT('',(-7.25,244.7,47.631397208143));
#2830 = SURFACE_CURVE('',#2831,(#2835,#2842),.PCURVE_S1.);
#2831 = LINE('',#2832,#2833);
#2832 = CARTESIAN_POINT('',(-7.25,244.7,47.631397208143));
#2833 = VECTOR('',#2834,1.);
#2834 = DIRECTION('',(6.450531537933E-16,-1.,7.136298725426E-15));
#2835 = PCURVE('',#2779,#2836);
#2836 = DEFINITIONAL_REPRESENTATION('',(#2837),#2841);
#2837 = LINE('',#2838,#2839);
#2838 = CARTESIAN_POINT('',(3.14159265359,0.));
#2839 = VECTOR('',#2840,1.);
#2840 = DIRECTION('',(0.,1.));
#2841 = ( GEOMETRIC_REPRESENTATION_CONTEXT(2) 
PARAMETRIC_REPRESENTATION_CONTEXT() REPRESENTATION_CONTEXT('2D SPACE',''
  ) );
#2842 = PCURVE('',#2791,#2843);
#2843 = DEFINITIONAL_REPRESENTATION('',(#2844),#2848);
#2844 = LINE('',#2845,#2846);
#2845 = CARTESIAN_POINT('',(3.14159265359,0.));
#2846 = VECTOR('',#2847,1.);
#2847 = DIRECTION('',(0.,1.));
#2848 = ( GEOMETRIC_REPRESENTATION_CONTEXT(2) 
PARAMETRIC_REPRESENTATION_CONTEXT() REPRESENTATION_CONTEXT('2D SPACE',''
  ) );
#2849 = ORIENTED_EDGE('',*,*,#2850,.T.);
#2850 = EDGE_CURVE('',#2828,#2769,#2851,.T.);
#2851 = SURFACE_CURVE('',#2852,(#2857,#2864),.PCURVE_S1.);
#2852 = CIRCLE('',#2853,3.25);
#2853 = AXIS2_PLACEMENT_3D('',#2854,#2855,#2856);
#2854 = CARTESIAN_POINT('',(-10.5,244.7,47.631397208143));
#2855 = DIRECTION('',(6.450531537933E-16,-1.,7.136298725426E-15));
#2856 = DIRECTION('',(-1.,-6.450531537933E-16,-2.775557561562E-17));
#2857 = PCURVE('',#2779,#2858);
#2858 = DEFINITIONAL_REPRESENTATION('',(#2859),#2863);
#2859 = LINE('',#2860,#2861);
#2860 = CARTESIAN_POINT('',(0.,0.));
#2861 = VECTOR('',#2862,1.);
#2862 = DIRECTION('',(1.,0.));
#2863 = ( GEOMETRIC_REPRESENTATION_CONTEXT(2) 
PARAMETRIC_REPRESENTATION_CONTEXT() REPRESENTATION_CONTEXT('2D SPACE',''
  ) );
#2864 = PCURVE('',#2865,#2870);
#2865 = PLANE('',#2866);
#2866 = AXIS2_PLACEMENT_3D('',#2867,#2868,#2869);
#2867 = CARTESIAN_POINT('',(-10.5,244.7,47.631397208143));
#2868 = DIRECTION('',(6.450531537933E-16,-1.,7.136298725426E-15));
#2869 = DIRECTION('',(-1.,-6.450531537933E-16,-2.775557561562E-17));
#2870 = DEFINITIONAL_REPRESENTATION('',(#2871),#2875);
#2871 = CIRCLE('',#2872,3.25);
#2872 = AXIS2_PLACEMENT_2D('',#2873,#2874);
#2873 = CARTESIAN_POINT('',(0.,0.));
#2874 = DIRECTION('',(1.,0.));
#2875 = ( GEOMETRIC_REPRESENTATION_CONTEXT(2) 
PARAMETRIC_REPRESENTATION_CONTEXT() REPRESENTATION_CONTEXT('2D SPACE',''
  ) );
#2876 = ADVANCED_FACE('',(#2877),#2891,.F.);
#2877 = FACE_BOUND('',#2878,.F.);
#2878 = EDGE_LOOP('',(#2879,#2909,#2937,#2960));
#2879 = ORIENTED_EDGE('',*,*,#2880,.T.);
#2880 = EDGE_CURVE('',#2881,#2883,#2885,.T.);
#2881 = VERTEX_POINT('',#2882);
#2882 = CARTESIAN_POINT('',(14.15,248.5,47.631397208143));
#2883 = VERTEX_POINT('',#2884);
#2884 = CARTESIAN_POINT('',(14.15,259.5,47.631397208142));
#2885 = SURFACE_CURVE('',#2886,(#2890,#2902),.PCURVE_S1.);
#2886 = LINE('',#2887,#2888);
#2887 = CARTESIAN_POINT('',(14.15,248.5,47.631397208143));
#2888 = VECTOR('',#2889,1.);
#2889 = DIRECTION('',(-6.450531537933E-16,1.,-7.136298725426E-15));
#2890 = PCURVE('',#2891,#2896);
#2891 = CYLINDRICAL_SURFACE('',#2892,14.15);
#2892 = AXIS2_PLACEMENT_3D('',#2893,#2894,#2895);
#2893 = CARTESIAN_POINT('',(-6.907388632795E-14,248.5,47.631397208143));
#2894 = DIRECTION('',(-6.450531537933E-16,1.,-7.136298725426E-15));
#2895 = DIRECTION('',(1.,6.450531537933E-16,2.775557561562E-17));
#2896 = DEFINITIONAL_REPRESENTATION('',(#2897),#2901);
#2897 = LINE('',#2898,#2899);
#2898 = CARTESIAN_POINT('',(6.28318530718,0.));
#2899 = VECTOR('',#2900,1.);
#2900 = DIRECTION('',(0.,1.));
#2901 = ( GEOMETRIC_REPRESENTATION_CONTEXT(2) 
PARAMETRIC_REPRESENTATION_CONTEXT() REPRESENTATION_CONTEXT('2D SPACE',''
  ) );
#2902 = PCURVE('',#185,#2903);
#2903 = DEFINITIONAL_REPRESENTATION('',(#2904),#2908);
#2904 = LINE('',#2905,#2906);
#2905 = CARTESIAN_POINT('',(0.,0.));
#2906 = VECTOR('',#2907,1.);
#2907 = DIRECTION('',(0.,1.));
#2908 = ( GEOMETRIC_REPRESENTATION_CONTEXT(2) 
PARAMETRIC_REPRESENTATION_CONTEXT() REPRESENTATION_CONTEXT('2D SPACE',''
  ) );
#2909 = ORIENTED_EDGE('',*,*,#2910,.T.);
#2910 = EDGE_CURVE('',#2883,#2911,#2913,.T.);
#2911 = VERTEX_POINT('',#2912);
#2912 = CARTESIAN_POINT('',(-14.15,259.5,47.631397208142));
#2913 = SURFACE_CURVE('',#2914,(#2919,#2926),.PCURVE_S1.);
#2914 = CIRCLE('',#2915,14.15);
#2915 = AXIS2_PLACEMENT_3D('',#2916,#2917,#2918);
#2916 = CARTESIAN_POINT('',(-7.616947101968E-14,259.5,47.631397208142));
#2917 = DIRECTION('',(6.450531537933E-16,-1.,7.136298725426E-15));
#2918 = DIRECTION('',(1.,6.450531537933E-16,2.775557561562E-17));
#2919 = PCURVE('',#2891,#2920);
#2920 = DEFINITIONAL_REPRESENTATION('',(#2921),#2925);
#2921 = LINE('',#2922,#2923);
#2922 = CARTESIAN_POINT('',(6.28318530718,11.));
#2923 = VECTOR('',#2924,1.);
#2924 = DIRECTION('',(-1.,0.));
#2925 = ( GEOMETRIC_REPRESENTATION_CONTEXT(2) 
PARAMETRIC_REPRESENTATION_CONTEXT() REPRESENTATION_CONTEXT('2D SPACE',''
  ) );
#2926 = PCURVE('',#529,#2927);
#2927 = DEFINITIONAL_REPRESENTATION('',(#2928),#2936);
#2928 = ( BOUNDED_CURVE() B_SPLINE_CURVE(2,(#2929,#2930,#2931,#2932,
#2933,#2934,#2935),.UNSPECIFIED.,.T.,.F.) B_SPLINE_CURVE_WITH_KNOTS((1,2
    ,2,2,2,1),(-2.094395102393,0.,2.094395102393,4.188790204786,
6.28318530718,8.377580409573),.UNSPECIFIED.) CURVE() 
GEOMETRIC_REPRESENTATION_ITEM() RATIONAL_B_SPLINE_CURVE((1.,0.5,1.,0.5,
1.,0.5,1.)) REPRESENTATION_ITEM('') );
#2929 = CARTESIAN_POINT('',(14.15,0.));
#2930 = CARTESIAN_POINT('',(14.15,-24.5085189271));
#2931 = CARTESIAN_POINT('',(-7.075,-12.25425946355));
#2932 = CARTESIAN_POINT('',(-28.3,-3.465750441587E-15));
#2933 = CARTESIAN_POINT('',(-7.075,12.25425946355));
#2934 = CARTESIAN_POINT('',(14.15,24.5085189271));
#2935 = CARTESIAN_POINT('',(14.15,0.));
#2936 = ( GEOMETRIC_REPRESENTATION_CONTEXT(2) 
PARAMETRIC_REPRESENTATION_CONTEXT() REPRESENTATION_CONTEXT('2D SPACE',''
  ) );
#2937 = ORIENTED_EDGE('',*,*,#2938,.F.);
#2938 = EDGE_CURVE('',#2939,#2911,#2941,.T.);
#2939 = VERTEX_POINT('',#2940);
#2940 = CARTESIAN_POINT('',(-14.15,248.5,47.631397208143));
#2941 = SURFACE_CURVE('',#2942,(#2946,#2953),.PCURVE_S1.);
#2942 = LINE('',#2943,#2944);
#2943 = CARTESIAN_POINT('',(-14.15,248.5,47.631397208143));
#2944 = VECTOR('',#2945,1.);
#2945 = DIRECTION('',(-6.450531537933E-16,1.,-7.136298725426E-15));
#2946 = PCURVE('',#2891,#2947);
#2947 = DEFINITIONAL_REPRESENTATION('',(#2948),#2952);
#2948 = LINE('',#2949,#2950);
#2949 = CARTESIAN_POINT('',(3.14159265359,0.));
#2950 = VECTOR('',#2951,1.);
#2951 = DIRECTION('',(0.,1.));
#2952 = ( GEOMETRIC_REPRESENTATION_CONTEXT(2) 
PARAMETRIC_REPRESENTATION_CONTEXT() REPRESENTATION_CONTEXT('2D SPACE',''
  ) );
#2953 = PCURVE('',#185,#2954);
#2954 = DEFINITIONAL_REPRESENTATION('',(#2955),#2959);
#2955 = LINE('',#2956,#2957);
#2956 = CARTESIAN_POINT('',(3.14159265359,0.));
#2957 = VECTOR('',#2958,1.);
#2958 = DIRECTION('',(0.,1.));
#2959 = ( GEOMETRIC_REPRESENTATION_CONTEXT(2) 
PARAMETRIC_REPRESENTATION_CONTEXT() REPRESENTATION_CONTEXT('2D SPACE',''
  ) );
#2960 = ORIENTED_EDGE('',*,*,#2961,.T.);
#2961 = EDGE_CURVE('',#2939,#2881,#2962,.T.);
#2962 = SURFACE_CURVE('',#2963,(#2968,#2975),.PCURVE_S1.);
#2963 = CIRCLE('',#2964,14.15);
#2964 = AXIS2_PLACEMENT_3D('',#2965,#2966,#2967);
#2965 = CARTESIAN_POINT('',(-6.907388632795E-14,248.5,47.631397208143));
#2966 = DIRECTION('',(-6.450531537933E-16,1.,-7.136298725426E-15));
#2967 = DIRECTION('',(1.,6.450531537933E-16,2.775557561562E-17));
#2968 = PCURVE('',#2891,#2969);
#2969 = DEFINITIONAL_REPRESENTATION('',(#2970),#2974);
#2970 = LINE('',#2971,#2972);
#2971 = CARTESIAN_POINT('',(0.,0.));
#2972 = VECTOR('',#2973,1.);
#2973 = DIRECTION('',(1.,0.));
#2974 = ( GEOMETRIC_REPRESENTATION_CONTEXT(2) 
PARAMETRIC_REPRESENTATION_CONTEXT() REPRESENTATION_CONTEXT('2D SPACE',''
  ) );
#2975 = PCURVE('',#2976,#2981);
#2976 = PLANE('',#2977);
#2977 = AXIS2_PLACEMENT_3D('',#2978,#2979,#2980);
#2978 = CARTESIAN_POINT('',(-6.907388632795E-14,248.5,47.631397208143));
#2979 = DIRECTION('',(-6.450531537933E-16,1.,-7.136298725426E-15));
#2980 = DIRECTION('',(1.,6.450531537933E-16,2.775557561562E-17));
#2981 = DEFINITIONAL_REPRESENTATION('',(#2982),#2986);
#2982 = CIRCLE('',#2983,14.15);
#2983 = AXIS2_PLACEMENT_2D('',#2984,#2985);
#2984 = CARTESIAN_POINT('',(0.,0.));
#2985 = DIRECTION('',(1.,0.));
#2986 = ( GEOMETRIC_REPRESENTATION_CONTEXT(2) 
PARAMETRIC_REPRESENTATION_CONTEXT() REPRESENTATION_CONTEXT('2D SPACE',''
  ) );
#2987 = ADVANCED_FACE('',(#2988),#3002,.F.);
#2988 = FACE_BOUND('',#2989,.F.);
#2989 = EDGE_LOOP('',(#2990,#3025,#3049,#3072));
#2990 = ORIENTED_EDGE('',*,*,#2991,.T.);
#2991 = EDGE_CURVE('',#2992,#2994,#2996,.T.);
#2992 = VERTEX_POINT('',#2993);
#2993 = CARTESIAN_POINT('',(-8.9,244.7,47.631397208143));
#2994 = VERTEX_POINT('',#2995);
#2995 = CARTESIAN_POINT('',(-8.9,248.5,47.631397208143));
#2996 = SURFACE_CURVE('',#2997,(#3001,#3013),.PCURVE_S1.);
#2997 = LINE('',#2998,#2999);
#2998 = CARTESIAN_POINT('',(-8.9,153.5,47.631397208143));
#2999 = VECTOR('',#3000,1.);
#3000 = DIRECTION('',(-6.450531537933E-16,1.,-7.136298725426E-15));
#3001 = PCURVE('',#3002,#3007);
#3002 = CYLINDRICAL_SURFACE('',#3003,1.6);
#3003 = AXIS2_PLACEMENT_3D('',#3004,#3005,#3006);
#3004 = CARTESIAN_POINT('',(-10.5,153.5,47.631397208143));
#3005 = DIRECTION('',(-6.450531537933E-16,1.,-7.136298725426E-15));
#3006 = DIRECTION('',(1.,6.450531537933E-16,2.775557561562E-17));
#3007 = DEFINITIONAL_REPRESENTATION('',(#3008),#3012);
#3008 = LINE('',#3009,#3010);
#3009 = CARTESIAN_POINT('',(6.28318530718,0.));
#3010 = VECTOR('',#3011,1.);
#3011 = DIRECTION('',(0.,1.));
#3012 = ( GEOMETRIC_REPRESENTATION_CONTEXT(2) 
PARAMETRIC_REPRESENTATION_CONTEXT() REPRESENTATION_CONTEXT('2D SPACE',''
  ) );
#3013 = PCURVE('',#3014,#3019);
#3014 = CYLINDRICAL_SURFACE('',#3015,1.6);
#3015 = AXIS2_PLACEMENT_3D('',#3016,#3017,#3018);
#3016 = CARTESIAN_POINT('',(-10.5,153.5,47.631397208143));
#3017 = DIRECTION('',(-6.450531537933E-16,1.,-7.136298725426E-15));
#3018 = DIRECTION('',(1.,6.450531537933E-16,2.775557561562E-17));
#3019 = DEFINITIONAL_REPRESENTATION('',(#3020),#3024);
#3020 = LINE('',#3021,#3022);
#3021 = CARTESIAN_POINT('',(0.,0.));
#3022 = VECTOR('',#3023,1.);
#3023 = DIRECTION('',(0.,1.));
#3024 = ( GEOMETRIC_REPRESENTATION_CONTEXT(2) 
PARAMETRIC_REPRESENTATION_CONTEXT() REPRESENTATION_CONTEXT('2D SPACE',''
  ) );
#3025 = ORIENTED_EDGE('',*,*,#3026,.F.);
#3026 = EDGE_CURVE('',#3027,#2994,#3029,.T.);
#3027 = VERTEX_POINT('',#3028);
#3028 = CARTESIAN_POINT('',(-12.1,248.5,47.631397208143));
#3029 = SURFACE_CURVE('',#3030,(#3035,#3042),.PCURVE_S1.);
#3030 = CIRCLE('',#3031,1.6);
#3031 = AXIS2_PLACEMENT_3D('',#3032,#3033,#3034);
#3032 = CARTESIAN_POINT('',(-10.5,248.5,47.631397208143));
#3033 = DIRECTION('',(-6.450531537933E-16,1.,-7.136298725426E-15));
#3034 = DIRECTION('',(1.,6.450531537933E-16,2.775557561562E-17));
#3035 = PCURVE('',#3002,#3036);
#3036 = DEFINITIONAL_REPRESENTATION('',(#3037),#3041);
#3037 = LINE('',#3038,#3039);
#3038 = CARTESIAN_POINT('',(0.,95.));
#3039 = VECTOR('',#3040,1.);
#3040 = DIRECTION('',(1.,0.));
#3041 = ( GEOMETRIC_REPRESENTATION_CONTEXT(2) 
PARAMETRIC_REPRESENTATION_CONTEXT() REPRESENTATION_CONTEXT('2D SPACE',''
  ) );
#3042 = PCURVE('',#2976,#3043);
#3043 = DEFINITIONAL_REPRESENTATION('',(#3044),#3048);
#3044 = CIRCLE('',#3045,1.6);
#3045 = AXIS2_PLACEMENT_2D('',#3046,#3047);
#3046 = CARTESIAN_POINT('',(-10.5,0.));
#3047 = DIRECTION('',(1.,0.));
#3048 = ( GEOMETRIC_REPRESENTATION_CONTEXT(2) 
PARAMETRIC_REPRESENTATION_CONTEXT() REPRESENTATION_CONTEXT('2D SPACE',''
  ) );
#3049 = ORIENTED_EDGE('',*,*,#3050,.F.);
#3050 = EDGE_CURVE('',#3051,#3027,#3053,.T.);
#3051 = VERTEX_POINT('',#3052);
#3052 = CARTESIAN_POINT('',(-12.1,244.7,47.631397208143));
#3053 = SURFACE_CURVE('',#3054,(#3058,#3065),.PCURVE_S1.);
#3054 = LINE('',#3055,#3056);
#3055 = CARTESIAN_POINT('',(-12.1,153.5,47.631397208143));
#3056 = VECTOR('',#3057,1.);
#3057 = DIRECTION('',(-6.450531537933E-16,1.,-7.136298725426E-15));
#3058 = PCURVE('',#3002,#3059);
#3059 = DEFINITIONAL_REPRESENTATION('',(#3060),#3064);
#3060 = LINE('',#3061,#3062);
#3061 = CARTESIAN_POINT('',(3.14159265359,0.));
#3062 = VECTOR('',#3063,1.);
#3063 = DIRECTION('',(0.,1.));
#3064 = ( GEOMETRIC_REPRESENTATION_CONTEXT(2) 
PARAMETRIC_REPRESENTATION_CONTEXT() REPRESENTATION_CONTEXT('2D SPACE',''
  ) );
#3065 = PCURVE('',#3014,#3066);
#3066 = DEFINITIONAL_REPRESENTATION('',(#3067),#3071);
#3067 = LINE('',#3068,#3069);
#3068 = CARTESIAN_POINT('',(3.14159265359,0.));
#3069 = VECTOR('',#3070,1.);
#3070 = DIRECTION('',(0.,1.));
#3071 = ( GEOMETRIC_REPRESENTATION_CONTEXT(2) 
PARAMETRIC_REPRESENTATION_CONTEXT() REPRESENTATION_CONTEXT('2D SPACE',''
  ) );
#3072 = ORIENTED_EDGE('',*,*,#3073,.T.);
#3073 = EDGE_CURVE('',#3051,#2992,#3074,.T.);
#3074 = SURFACE_CURVE('',#3075,(#3080,#3087),.PCURVE_S1.);
#3075 = CIRCLE('',#3076,1.6);
#3076 = AXIS2_PLACEMENT_3D('',#3077,#3078,#3079);
#3077 = CARTESIAN_POINT('',(-10.5,244.7,47.631397208143));
#3078 = DIRECTION('',(-6.450531537933E-16,1.,-7.136298725426E-15));
#3079 = DIRECTION('',(-1.,-6.450531537933E-16,-2.775557561562E-17));
#3080 = PCURVE('',#3002,#3081);
#3081 = DEFINITIONAL_REPRESENTATION('',(#3082),#3086);
#3082 = LINE('',#3083,#3084);
#3083 = CARTESIAN_POINT('',(3.14159265359,91.2));
#3084 = VECTOR('',#3085,1.);
#3085 = DIRECTION('',(1.,0.));
#3086 = ( GEOMETRIC_REPRESENTATION_CONTEXT(2) 
PARAMETRIC_REPRESENTATION_CONTEXT() REPRESENTATION_CONTEXT('2D SPACE',''
  ) );
#3087 = PCURVE('',#2865,#3088);
#3088 = DEFINITIONAL_REPRESENTATION('',(#3089),#3097);
#3089 = ( BOUNDED_CURVE() B_SPLINE_CURVE(2,(#3090,#3091,#3092,#3093,
#3094,#3095,#3096),.UNSPECIFIED.,.T.,.F.) B_SPLINE_CURVE_WITH_KNOTS((1,2
    ,2,2,2,1),(-2.094395102393,0.,2.094395102393,4.188790204786,
6.28318530718,8.377580409573),.UNSPECIFIED.) CURVE() 
GEOMETRIC_REPRESENTATION_ITEM() RATIONAL_B_SPLINE_CURVE((1.,0.5,1.,0.5,
1.,0.5,1.)) REPRESENTATION_ITEM('') );
#3090 = CARTESIAN_POINT('',(1.6,0.));
#3091 = CARTESIAN_POINT('',(1.6,-2.77128129211));
#3092 = CARTESIAN_POINT('',(-0.8,-1.385640646055));
#3093 = CARTESIAN_POINT('',(-3.2,-3.918869757272E-16));
#3094 = CARTESIAN_POINT('',(-0.8,1.385640646055));
#3095 = CARTESIAN_POINT('',(1.6,2.77128129211));
#3096 = CARTESIAN_POINT('',(1.6,0.));
#3097 = ( GEOMETRIC_REPRESENTATION_CONTEXT(2) 
PARAMETRIC_REPRESENTATION_CONTEXT() REPRESENTATION_CONTEXT('2D SPACE',''
  ) );
#3098 = ADVANCED_FACE('',(#3099),#3113,.F.);
#3099 = FACE_BOUND('',#3100,.F.);
#3100 = EDGE_LOOP('',(#3101,#3136,#3160,#3183));
#3101 = ORIENTED_EDGE('',*,*,#3102,.T.);
#3102 = EDGE_CURVE('',#3103,#3105,#3107,.T.);
#3103 = VERTEX_POINT('',#3104);
#3104 = CARTESIAN_POINT('',(-4.15,244.7,57.590689351664));
#3105 = VERTEX_POINT('',#3106);
#3106 = CARTESIAN_POINT('',(-4.15,248.5,57.590689351664));
#3107 = SURFACE_CURVE('',#3108,(#3112,#3124),.PCURVE_S1.);
#3108 = LINE('',#3109,#3110);
#3109 = CARTESIAN_POINT('',(-4.15,153.5,57.590689351664));
#3110 = VECTOR('',#3111,1.);
#3111 = DIRECTION('',(-6.450531537933E-16,1.,-7.136298725426E-15));
#3112 = PCURVE('',#3113,#3118);
#3113 = CYLINDRICAL_SURFACE('',#3114,1.6);
#3114 = AXIS2_PLACEMENT_3D('',#3115,#3116,#3117);
#3115 = CARTESIAN_POINT('',(-5.75,153.5,57.590689351664));
#3116 = DIRECTION('',(-6.450531537933E-16,1.,-7.136298725426E-15));
#3117 = DIRECTION('',(1.,6.450531537933E-16,2.775557561562E-17));
#3118 = DEFINITIONAL_REPRESENTATION('',(#3119),#3123);
#3119 = LINE('',#3120,#3121);
#3120 = CARTESIAN_POINT('',(6.28318530718,0.));
#3121 = VECTOR('',#3122,1.);
#3122 = DIRECTION('',(0.,1.));
#3123 = ( GEOMETRIC_REPRESENTATION_CONTEXT(2) 
PARAMETRIC_REPRESENTATION_CONTEXT() REPRESENTATION_CONTEXT('2D SPACE',''
  ) );
#3124 = PCURVE('',#3125,#3130);
#3125 = CYLINDRICAL_SURFACE('',#3126,1.6);
#3126 = AXIS2_PLACEMENT_3D('',#3127,#3128,#3129);
#3127 = CARTESIAN_POINT('',(-5.75,153.5,57.590689351664));
#3128 = DIRECTION('',(-6.450531537933E-16,1.,-7.136298725426E-15));
#3129 = DIRECTION('',(1.,6.450531537933E-16,2.775557561562E-17));
#3130 = DEFINITIONAL_REPRESENTATION('',(#3131),#3135);
#3131 = LINE('',#3132,#3133);
#3132 = CARTESIAN_POINT('',(0.,0.));
#3133 = VECTOR('',#3134,1.);
#3134 = DIRECTION('',(0.,1.));
#3135 = ( GEOMETRIC_REPRESENTATION_CONTEXT(2) 
PARAMETRIC_REPRESENTATION_CONTEXT() REPRESENTATION_CONTEXT('2D SPACE',''
  ) );
#3136 = ORIENTED_EDGE('',*,*,#3137,.F.);
#3137 = EDGE_CURVE('',#3138,#3105,#3140,.T.);
#3138 = VERTEX_POINT('',#3139);
#3139 = CARTESIAN_POINT('',(-7.35,248.5,57.590689351664));
#3140 = SURFACE_CURVE('',#3141,(#3146,#3153),.PCURVE_S1.);
#3141 = CIRCLE('',#3142,1.6);
#3142 = AXIS2_PLACEMENT_3D('',#3143,#3144,#3145);
#3143 = CARTESIAN_POINT('',(-5.75,248.5,57.590689351664));
#3144 = DIRECTION('',(-6.450531537933E-16,1.,-7.136298725426E-15));
#3145 = DIRECTION('',(1.,6.450531537933E-16,2.775557561562E-17));
#3146 = PCURVE('',#3113,#3147);
#3147 = DEFINITIONAL_REPRESENTATION('',(#3148),#3152);
#3148 = LINE('',#3149,#3150);
#3149 = CARTESIAN_POINT('',(0.,95.));
#3150 = VECTOR('',#3151,1.);
#3151 = DIRECTION('',(1.,0.));
#3152 = ( GEOMETRIC_REPRESENTATION_CONTEXT(2) 
PARAMETRIC_REPRESENTATION_CONTEXT() REPRESENTATION_CONTEXT('2D SPACE',''
  ) );
#3153 = PCURVE('',#2976,#3154);
#3154 = DEFINITIONAL_REPRESENTATION('',(#3155),#3159);
#3155 = CIRCLE('',#3156,1.6);
#3156 = AXIS2_PLACEMENT_2D('',#3157,#3158);
#3157 = CARTESIAN_POINT('',(-5.75,-9.959292143521));
#3158 = DIRECTION('',(1.,0.));
#3159 = ( GEOMETRIC_REPRESENTATION_CONTEXT(2) 
PARAMETRIC_REPRESENTATION_CONTEXT() REPRESENTATION_CONTEXT('2D SPACE',''
  ) );
#3160 = ORIENTED_EDGE('',*,*,#3161,.F.);
#3161 = EDGE_CURVE('',#3162,#3138,#3164,.T.);
#3162 = VERTEX_POINT('',#3163);
#3163 = CARTESIAN_POINT('',(-7.35,244.7,57.590689351664));
#3164 = SURFACE_CURVE('',#3165,(#3169,#3176),.PCURVE_S1.);
#3165 = LINE('',#3166,#3167);
#3166 = CARTESIAN_POINT('',(-7.35,153.5,57.590689351664));
#3167 = VECTOR('',#3168,1.);
#3168 = DIRECTION('',(-6.450531537933E-16,1.,-7.136298725426E-15));
#3169 = PCURVE('',#3113,#3170);
#3170 = DEFINITIONAL_REPRESENTATION('',(#3171),#3175);
#3171 = LINE('',#3172,#3173);
#3172 = CARTESIAN_POINT('',(3.14159265359,0.));
#3173 = VECTOR('',#3174,1.);
#3174 = DIRECTION('',(0.,1.));
#3175 = ( GEOMETRIC_REPRESENTATION_CONTEXT(2) 
PARAMETRIC_REPRESENTATION_CONTEXT() REPRESENTATION_CONTEXT('2D SPACE',''
  ) );
#3176 = PCURVE('',#3125,#3177);
#3177 = DEFINITIONAL_REPRESENTATION('',(#3178),#3182);
#3178 = LINE('',#3179,#3180);
#3179 = CARTESIAN_POINT('',(3.14159265359,0.));
#3180 = VECTOR('',#3181,1.);
#3181 = DIRECTION('',(0.,1.));
#3182 = ( GEOMETRIC_REPRESENTATION_CONTEXT(2) 
PARAMETRIC_REPRESENTATION_CONTEXT() REPRESENTATION_CONTEXT('2D SPACE',''
  ) );
#3183 = ORIENTED_EDGE('',*,*,#3184,.T.);
#3184 = EDGE_CURVE('',#3162,#3103,#3185,.T.);
#3185 = SURFACE_CURVE('',#3186,(#3191,#3198),.PCURVE_S1.);
#3186 = CIRCLE('',#3187,1.6);
#3187 = AXIS2_PLACEMENT_3D('',#3188,#3189,#3190);
#3188 = CARTESIAN_POINT('',(-5.75,244.7,57.590689351664));
#3189 = DIRECTION('',(-6.450531537933E-16,1.,-7.136298725426E-15));
#3190 = DIRECTION('',(-1.,-6.450531537933E-16,-2.775557561562E-17));
#3191 = PCURVE('',#3113,#3192);
#3192 = DEFINITIONAL_REPRESENTATION('',(#3193),#3197);
#3193 = LINE('',#3194,#3195);
#3194 = CARTESIAN_POINT('',(3.14159265359,91.2));
#3195 = VECTOR('',#3196,1.);
#3196 = DIRECTION('',(1.,0.));
#3197 = ( GEOMETRIC_REPRESENTATION_CONTEXT(2) 
PARAMETRIC_REPRESENTATION_CONTEXT() REPRESENTATION_CONTEXT('2D SPACE',''
  ) );
#3198 = PCURVE('',#2753,#3199);
#3199 = DEFINITIONAL_REPRESENTATION('',(#3200),#3208);
#3200 = ( BOUNDED_CURVE() B_SPLINE_CURVE(2,(#3201,#3202,#3203,#3204,
#3205,#3206,#3207),.UNSPECIFIED.,.T.,.F.) B_SPLINE_CURVE_WITH_KNOTS((1,2
    ,2,2,2,1),(-2.094395102393,0.,2.094395102393,4.188790204786,
6.28318530718,8.377580409573),.UNSPECIFIED.) CURVE() 
GEOMETRIC_REPRESENTATION_ITEM() RATIONAL_B_SPLINE_CURVE((1.,0.5,1.,0.5,
1.,0.5,1.)) REPRESENTATION_ITEM('') );
#3201 = CARTESIAN_POINT('',(1.6,0.));
#3202 = CARTESIAN_POINT('',(1.6,-2.77128129211));
#3203 = CARTESIAN_POINT('',(-0.8,-1.385640646055));
#3204 = CARTESIAN_POINT('',(-3.2,-3.918869757272E-16));
#3205 = CARTESIAN_POINT('',(-0.8,1.385640646055));
#3206 = CARTESIAN_POINT('',(1.6,2.77128129211));
#3207 = CARTESIAN_POINT('',(1.6,0.));
#3208 = ( GEOMETRIC_REPRESENTATION_CONTEXT(2) 
PARAMETRIC_REPRESENTATION_CONTEXT() REPRESENTATION_CONTEXT('2D SPACE',''
  ) );
#3209 = ADVANCED_FACE('',(#3210),#3224,.F.);
#3210 = FACE_BOUND('',#3211,.F.);
#3211 = EDGE_LOOP('',(#3212,#3247,#3271,#3294));
#3212 = ORIENTED_EDGE('',*,*,#3213,.T.);
#3213 = EDGE_CURVE('',#3214,#3216,#3218,.T.);
#3214 = VERTEX_POINT('',#3215);
#3215 = CARTESIAN_POINT('',(13.1,244.7,47.631397208143));
#3216 = VERTEX_POINT('',#3217);
#3217 = CARTESIAN_POINT('',(13.1,248.5,47.631397208143));
#3218 = SURFACE_CURVE('',#3219,(#3223,#3235),.PCURVE_S1.);
#3219 = LINE('',#3220,#3221);
#3220 = CARTESIAN_POINT('',(13.1,153.5,47.631397208143));
#3221 = VECTOR('',#3222,1.);
#3222 = DIRECTION('',(-6.450531537933E-16,1.,-7.136298725426E-15));
#3223 = PCURVE('',#3224,#3229);
#3224 = CYLINDRICAL_SURFACE('',#3225,1.6);
#3225 = AXIS2_PLACEMENT_3D('',#3226,#3227,#3228);
#3226 = CARTESIAN_POINT('',(11.5,153.5,47.631397208143));
#3227 = DIRECTION('',(-6.450531537933E-16,1.,-7.136298725426E-15));
#3228 = DIRECTION('',(1.,6.450531537933E-16,2.775557561562E-17));
#3229 = DEFINITIONAL_REPRESENTATION('',(#3230),#3234);
#3230 = LINE('',#3231,#3232);
#3231 = CARTESIAN_POINT('',(6.28318530718,0.));
#3232 = VECTOR('',#3233,1.);
#3233 = DIRECTION('',(0.,1.));
#3234 = ( GEOMETRIC_REPRESENTATION_CONTEXT(2) 
PARAMETRIC_REPRESENTATION_CONTEXT() REPRESENTATION_CONTEXT('2D SPACE',''
  ) );
#3235 = PCURVE('',#3236,#3241);
#3236 = CYLINDRICAL_SURFACE('',#3237,1.6);
#3237 = AXIS2_PLACEMENT_3D('',#3238,#3239,#3240);
#3238 = CARTESIAN_POINT('',(11.5,153.5,47.631397208143));
#3239 = DIRECTION('',(-6.450531537933E-16,1.,-7.136298725426E-15));
#3240 = DIRECTION('',(1.,6.450531537933E-16,2.775557561562E-17));
#3241 = DEFINITIONAL_REPRESENTATION('',(#3242),#3246);
#3242 = LINE('',#3243,#3244);
#3243 = CARTESIAN_POINT('',(0.,0.));
#3244 = VECTOR('',#3245,1.);
#3245 = DIRECTION('',(0.,1.));
#3246 = ( GEOMETRIC_REPRESENTATION_CONTEXT(2) 
PARAMETRIC_REPRESENTATION_CONTEXT() REPRESENTATION_CONTEXT('2D SPACE',''
  ) );
#3247 = ORIENTED_EDGE('',*,*,#3248,.F.);
#3248 = EDGE_CURVE('',#3249,#3216,#3251,.T.);
#3249 = VERTEX_POINT('',#3250);
#3250 = CARTESIAN_POINT('',(9.9,248.5,47.631397208143));
#3251 = SURFACE_CURVE('',#3252,(#3257,#3264),.PCURVE_S1.);
#3252 = CIRCLE('',#3253,1.6);
#3253 = AXIS2_PLACEMENT_3D('',#3254,#3255,#3256);
#3254 = CARTESIAN_POINT('',(11.5,248.5,47.631397208143));
#3255 = DIRECTION('',(-6.450531537933E-16,1.,-7.136298725426E-15));
#3256 = DIRECTION('',(1.,6.450531537933E-16,2.775557561562E-17));
#3257 = PCURVE('',#3224,#3258);
#3258 = DEFINITIONAL_REPRESENTATION('',(#3259),#3263);
#3259 = LINE('',#3260,#3261);
#3260 = CARTESIAN_POINT('',(0.,95.));
#3261 = VECTOR('',#3262,1.);
#3262 = DIRECTION('',(1.,0.));
#3263 = ( GEOMETRIC_REPRESENTATION_CONTEXT(2) 
PARAMETRIC_REPRESENTATION_CONTEXT() REPRESENTATION_CONTEXT('2D SPACE',''
  ) );
#3264 = PCURVE('',#2976,#3265);
#3265 = DEFINITIONAL_REPRESENTATION('',(#3266),#3270);
#3266 = CIRCLE('',#3267,1.6);
#3267 = AXIS2_PLACEMENT_2D('',#3268,#3269);
#3268 = CARTESIAN_POINT('',(11.5,-4.770489558936E-14));
#3269 = DIRECTION('',(1.,0.));
#3270 = ( GEOMETRIC_REPRESENTATION_CONTEXT(2) 
PARAMETRIC_REPRESENTATION_CONTEXT() REPRESENTATION_CONTEXT('2D SPACE',''
  ) );
#3271 = ORIENTED_EDGE('',*,*,#3272,.F.);
#3272 = EDGE_CURVE('',#3273,#3249,#3275,.T.);
#3273 = VERTEX_POINT('',#3274);
#3274 = CARTESIAN_POINT('',(9.9,244.7,47.631397208143));
#3275 = SURFACE_CURVE('',#3276,(#3280,#3287),.PCURVE_S1.);
#3276 = LINE('',#3277,#3278);
#3277 = CARTESIAN_POINT('',(9.9,153.5,47.631397208143));
#3278 = VECTOR('',#3279,1.);
#3279 = DIRECTION('',(-6.450531537933E-16,1.,-7.136298725426E-15));
#3280 = PCURVE('',#3224,#3281);
#3281 = DEFINITIONAL_REPRESENTATION('',(#3282),#3286);
#3282 = LINE('',#3283,#3284);
#3283 = CARTESIAN_POINT('',(3.14159265359,0.));
#3284 = VECTOR('',#3285,1.);
#3285 = DIRECTION('',(0.,1.));
#3286 = ( GEOMETRIC_REPRESENTATION_CONTEXT(2) 
PARAMETRIC_REPRESENTATION_CONTEXT() REPRESENTATION_CONTEXT('2D SPACE',''
  ) );
#3287 = PCURVE('',#3236,#3288);
#3288 = DEFINITIONAL_REPRESENTATION('',(#3289),#3293);
#3289 = LINE('',#3290,#3291);
#3290 = CARTESIAN_POINT('',(3.14159265359,0.));
#3291 = VECTOR('',#3292,1.);
#3292 = DIRECTION('',(0.,1.));
#3293 = ( GEOMETRIC_REPRESENTATION_CONTEXT(2) 
PARAMETRIC_REPRESENTATION_CONTEXT() REPRESENTATION_CONTEXT('2D SPACE',''
  ) );
#3294 = ORIENTED_EDGE('',*,*,#3295,.T.);
#3295 = EDGE_CURVE('',#3273,#3214,#3296,.T.);
#3296 = SURFACE_CURVE('',#3297,(#3302,#3309),.PCURVE_S1.);
#3297 = CIRCLE('',#3298,1.6);
#3298 = AXIS2_PLACEMENT_3D('',#3299,#3300,#3301);
#3299 = CARTESIAN_POINT('',(11.5,244.7,47.631397208143));
#3300 = DIRECTION('',(-6.450531537933E-16,1.,-7.136298725426E-15));
#3301 = DIRECTION('',(-1.,-6.450531537933E-16,-2.775557561562E-17));
#3302 = PCURVE('',#3224,#3303);
#3303 = DEFINITIONAL_REPRESENTATION('',(#3304),#3308);
#3304 = LINE('',#3305,#3306);
#3305 = CARTESIAN_POINT('',(3.14159265359,91.2));
#3306 = VECTOR('',#3307,1.);
#3307 = DIRECTION('',(1.,0.));
#3308 = ( GEOMETRIC_REPRESENTATION_CONTEXT(2) 
PARAMETRIC_REPRESENTATION_CONTEXT() REPRESENTATION_CONTEXT('2D SPACE',''
  ) );
#3309 = PCURVE('',#2641,#3310);
#3310 = DEFINITIONAL_REPRESENTATION('',(#3311),#3319);
#3311 = ( BOUNDED_CURVE() B_SPLINE_CURVE(2,(#3312,#3313,#3314,#3315,
#3316,#3317,#3318),.UNSPECIFIED.,.T.,.F.) B_SPLINE_CURVE_WITH_KNOTS((1,2
    ,2,2,2,1),(-2.094395102393,0.,2.094395102393,4.188790204786,
6.28318530718,8.377580409573),.UNSPECIFIED.) CURVE() 
GEOMETRIC_REPRESENTATION_ITEM() RATIONAL_B_SPLINE_CURVE((1.,0.5,1.,0.5,
1.,0.5,1.)) REPRESENTATION_ITEM('') );
#3312 = CARTESIAN_POINT('',(1.6,0.));
#3313 = CARTESIAN_POINT('',(1.6,-2.77128129211));
#3314 = CARTESIAN_POINT('',(-0.8,-1.385640646055));
#3315 = CARTESIAN_POINT('',(-3.2,-3.918869757272E-16));
#3316 = CARTESIAN_POINT('',(-0.8,1.385640646055));
#3317 = CARTESIAN_POINT('',(1.6,2.77128129211));
#3318 = CARTESIAN_POINT('',(1.6,0.));
#3319 = ( GEOMETRIC_REPRESENTATION_CONTEXT(2) 
PARAMETRIC_REPRESENTATION_CONTEXT() REPRESENTATION_CONTEXT('2D SPACE',''
  ) );
#3320 = ADVANCED_FACE('',(#3321),#3335,.F.);
#3321 = FACE_BOUND('',#3322,.F.);
#3322 = EDGE_LOOP('',(#3323,#3358,#3382,#3405));
#3323 = ORIENTED_EDGE('',*,*,#3324,.T.);
#3324 = EDGE_CURVE('',#3325,#3327,#3329,.T.);
#3325 = VERTEX_POINT('',#3326);
#3326 = CARTESIAN_POINT('',(6.85,244.7,56.724663947879));
#3327 = VERTEX_POINT('',#3328);
#3328 = CARTESIAN_POINT('',(6.85,248.5,56.724663947879));
#3329 = SURFACE_CURVE('',#3330,(#3334,#3346),.PCURVE_S1.);
#3330 = LINE('',#3331,#3332);
#3331 = CARTESIAN_POINT('',(6.85,153.5,56.72466394788));
#3332 = VECTOR('',#3333,1.);
#3333 = DIRECTION('',(-6.450531537933E-16,1.,-7.136298725426E-15));
#3334 = PCURVE('',#3335,#3340);
#3335 = CYLINDRICAL_SURFACE('',#3336,1.6);
#3336 = AXIS2_PLACEMENT_3D('',#3337,#3338,#3339);
#3337 = CARTESIAN_POINT('',(5.25,153.5,56.72466394788));
#3338 = DIRECTION('',(-6.450531537933E-16,1.,-7.136298725426E-15));
#3339 = DIRECTION('',(1.,6.450531537933E-16,2.775557561562E-17));
#3340 = DEFINITIONAL_REPRESENTATION('',(#3341),#3345);
#3341 = LINE('',#3342,#3343);
#3342 = CARTESIAN_POINT('',(6.28318530718,0.));
#3343 = VECTOR('',#3344,1.);
#3344 = DIRECTION('',(0.,1.));
#3345 = ( GEOMETRIC_REPRESENTATION_CONTEXT(2) 
PARAMETRIC_REPRESENTATION_CONTEXT() REPRESENTATION_CONTEXT('2D SPACE',''
  ) );
#3346 = PCURVE('',#3347,#3352);
#3347 = CYLINDRICAL_SURFACE('',#3348,1.6);
#3348 = AXIS2_PLACEMENT_3D('',#3349,#3350,#3351);
#3349 = CARTESIAN_POINT('',(5.25,153.5,56.72466394788));
#3350 = DIRECTION('',(-6.450531537933E-16,1.,-7.136298725426E-15));
#3351 = DIRECTION('',(1.,6.450531537933E-16,2.775557561562E-17));
#3352 = DEFINITIONAL_REPRESENTATION('',(#3353),#3357);
#3353 = LINE('',#3354,#3355);
#3354 = CARTESIAN_POINT('',(0.,0.));
#3355 = VECTOR('',#3356,1.);
#3356 = DIRECTION('',(0.,1.));
#3357 = ( GEOMETRIC_REPRESENTATION_CONTEXT(2) 
PARAMETRIC_REPRESENTATION_CONTEXT() REPRESENTATION_CONTEXT('2D SPACE',''
  ) );
#3358 = ORIENTED_EDGE('',*,*,#3359,.F.);
#3359 = EDGE_CURVE('',#3360,#3327,#3362,.T.);
#3360 = VERTEX_POINT('',#3361);
#3361 = CARTESIAN_POINT('',(3.65,248.5,56.724663947879));
#3362 = SURFACE_CURVE('',#3363,(#3368,#3375),.PCURVE_S1.);
#3363 = CIRCLE('',#3364,1.6);
#3364 = AXIS2_PLACEMENT_3D('',#3365,#3366,#3367);
#3365 = CARTESIAN_POINT('',(5.25,248.5,56.724663947879));
#3366 = DIRECTION('',(-6.450531537933E-16,1.,-7.136298725426E-15));
#3367 = DIRECTION('',(1.,6.450531537933E-16,2.775557561562E-17));
#3368 = PCURVE('',#3335,#3369);
#3369 = DEFINITIONAL_REPRESENTATION('',(#3370),#3374);
#3370 = LINE('',#3371,#3372);
#3371 = CARTESIAN_POINT('',(0.,95.));
#3372 = VECTOR('',#3373,1.);
#3373 = DIRECTION('',(1.,0.));
#3374 = ( GEOMETRIC_REPRESENTATION_CONTEXT(2) 
PARAMETRIC_REPRESENTATION_CONTEXT() REPRESENTATION_CONTEXT('2D SPACE',''
  ) );
#3375 = PCURVE('',#2976,#3376);
#3376 = DEFINITIONAL_REPRESENTATION('',(#3377),#3381);
#3377 = CIRCLE('',#3378,1.6);
#3378 = AXIS2_PLACEMENT_2D('',#3379,#3380);
#3379 = CARTESIAN_POINT('',(5.25,-9.093266739737));
#3380 = DIRECTION('',(1.,0.));
#3381 = ( GEOMETRIC_REPRESENTATION_CONTEXT(2) 
PARAMETRIC_REPRESENTATION_CONTEXT() REPRESENTATION_CONTEXT('2D SPACE',''
  ) );
#3382 = ORIENTED_EDGE('',*,*,#3383,.F.);
#3383 = EDGE_CURVE('',#3384,#3360,#3386,.T.);
#3384 = VERTEX_POINT('',#3385);
#3385 = CARTESIAN_POINT('',(3.65,244.7,56.724663947879));
#3386 = SURFACE_CURVE('',#3387,(#3391,#3398),.PCURVE_S1.);
#3387 = LINE('',#3388,#3389);
#3388 = CARTESIAN_POINT('',(3.65,153.5,56.72466394788));
#3389 = VECTOR('',#3390,1.);
#3390 = DIRECTION('',(-6.450531537933E-16,1.,-7.136298725426E-15));
#3391 = PCURVE('',#3335,#3392);
#3392 = DEFINITIONAL_REPRESENTATION('',(#3393),#3397);
#3393 = LINE('',#3394,#3395);
#3394 = CARTESIAN_POINT('',(3.14159265359,0.));
#3395 = VECTOR('',#3396,1.);
#3396 = DIRECTION('',(0.,1.));
#3397 = ( GEOMETRIC_REPRESENTATION_CONTEXT(2) 
PARAMETRIC_REPRESENTATION_CONTEXT() REPRESENTATION_CONTEXT('2D SPACE',''
  ) );
#3398 = PCURVE('',#3347,#3399);
#3399 = DEFINITIONAL_REPRESENTATION('',(#3400),#3404);
#3400 = LINE('',#3401,#3402);
#3401 = CARTESIAN_POINT('',(3.14159265359,0.));
#3402 = VECTOR('',#3403,1.);
#3403 = DIRECTION('',(0.,1.));
#3404 = ( GEOMETRIC_REPRESENTATION_CONTEXT(2) 
PARAMETRIC_REPRESENTATION_CONTEXT() REPRESENTATION_CONTEXT('2D SPACE',''
  ) );
#3405 = ORIENTED_EDGE('',*,*,#3406,.T.);
#3406 = EDGE_CURVE('',#3384,#3325,#3407,.T.);
#3407 = SURFACE_CURVE('',#3408,(#3413,#3420),.PCURVE_S1.);
#3408 = CIRCLE('',#3409,1.6);
#3409 = AXIS2_PLACEMENT_3D('',#3410,#3411,#3412);
#3410 = CARTESIAN_POINT('',(5.25,244.7,56.724663947879));
#3411 = DIRECTION('',(-6.450531537933E-16,1.,-7.136298725426E-15));
#3412 = DIRECTION('',(-1.,-6.450531537933E-16,-2.775557561562E-17));
#3413 = PCURVE('',#3335,#3414);
#3414 = DEFINITIONAL_REPRESENTATION('',(#3415),#3419);
#3415 = LINE('',#3416,#3417);
#3416 = CARTESIAN_POINT('',(3.14159265359,91.2));
#3417 = VECTOR('',#3418,1.);
#3418 = DIRECTION('',(1.,0.));
#3419 = ( GEOMETRIC_REPRESENTATION_CONTEXT(2) 
PARAMETRIC_REPRESENTATION_CONTEXT() REPRESENTATION_CONTEXT('2D SPACE',''
  ) );
#3420 = PCURVE('',#2529,#3421);
#3421 = DEFINITIONAL_REPRESENTATION('',(#3422),#3430);
#3422 = ( BOUNDED_CURVE() B_SPLINE_CURVE(2,(#3423,#3424,#3425,#3426,
#3427,#3428,#3429),.UNSPECIFIED.,.T.,.F.) B_SPLINE_CURVE_WITH_KNOTS((1,2
    ,2,2,2,1),(-2.094395102393,0.,2.094395102393,4.188790204786,
6.28318530718,8.377580409573),.UNSPECIFIED.) CURVE() 
GEOMETRIC_REPRESENTATION_ITEM() RATIONAL_B_SPLINE_CURVE((1.,0.5,1.,0.5,
1.,0.5,1.)) REPRESENTATION_ITEM('') );
#3423 = CARTESIAN_POINT('',(1.6,0.));
#3424 = CARTESIAN_POINT('',(1.6,-2.77128129211));
#3425 = CARTESIAN_POINT('',(-0.8,-1.385640646055));
#3426 = CARTESIAN_POINT('',(-3.2,-3.918869757272E-16));
#3427 = CARTESIAN_POINT('',(-0.8,1.385640646055));
#3428 = CARTESIAN_POINT('',(1.6,2.77128129211));
#3429 = CARTESIAN_POINT('',(1.6,0.));
#3430 = ( GEOMETRIC_REPRESENTATION_CONTEXT(2) 
PARAMETRIC_REPRESENTATION_CONTEXT() REPRESENTATION_CONTEXT('2D SPACE',''
  ) );
#3431 = ADVANCED_FACE('',(#3432),#3446,.F.);
#3432 = FACE_BOUND('',#3433,.F.);
#3433 = EDGE_LOOP('',(#3434,#3469,#3493,#3516));
#3434 = ORIENTED_EDGE('',*,*,#3435,.T.);
#3435 = EDGE_CURVE('',#3436,#3438,#3440,.T.);
#3436 = VERTEX_POINT('',#3437);
#3437 = CARTESIAN_POINT('',(-4.15,244.7,37.672105064622));
#3438 = VERTEX_POINT('',#3439);
#3439 = CARTESIAN_POINT('',(-4.15,248.5,37.672105064622));
#3440 = SURFACE_CURVE('',#3441,(#3445,#3457),.PCURVE_S1.);
#3441 = LINE('',#3442,#3443);
#3442 = CARTESIAN_POINT('',(-4.15,153.5,37.672105064622));
#3443 = VECTOR('',#3444,1.);
#3444 = DIRECTION('',(-6.450531537933E-16,1.,-7.136298725426E-15));
#3445 = PCURVE('',#3446,#3451);
#3446 = CYLINDRICAL_SURFACE('',#3447,1.6);
#3447 = AXIS2_PLACEMENT_3D('',#3448,#3449,#3450);
#3448 = CARTESIAN_POINT('',(-5.75,153.5,37.672105064622));
#3449 = DIRECTION('',(-6.450531537933E-16,1.,-7.136298725426E-15));
#3450 = DIRECTION('',(1.,6.450531537933E-16,2.775557561562E-17));
#3451 = DEFINITIONAL_REPRESENTATION('',(#3452),#3456);
#3452 = LINE('',#3453,#3454);
#3453 = CARTESIAN_POINT('',(6.28318530718,0.));
#3454 = VECTOR('',#3455,1.);
#3455 = DIRECTION('',(0.,1.));
#3456 = ( GEOMETRIC_REPRESENTATION_CONTEXT(2) 
PARAMETRIC_REPRESENTATION_CONTEXT() REPRESENTATION_CONTEXT('2D SPACE',''
  ) );
#3457 = PCURVE('',#3458,#3463);
#3458 = CYLINDRICAL_SURFACE('',#3459,1.6);
#3459 = AXIS2_PLACEMENT_3D('',#3460,#3461,#3462);
#3460 = CARTESIAN_POINT('',(-5.75,153.5,37.672105064622));
#3461 = DIRECTION('',(-6.450531537933E-16,1.,-7.136298725426E-15));
#3462 = DIRECTION('',(1.,6.450531537933E-16,2.775557561562E-17));
#3463 = DEFINITIONAL_REPRESENTATION('',(#3464),#3468);
#3464 = LINE('',#3465,#3466);
#3465 = CARTESIAN_POINT('',(0.,0.));
#3466 = VECTOR('',#3467,1.);
#3467 = DIRECTION('',(0.,1.));
#3468 = ( GEOMETRIC_REPRESENTATION_CONTEXT(2) 
PARAMETRIC_REPRESENTATION_CONTEXT() REPRESENTATION_CONTEXT('2D SPACE',''
  ) );
#3469 = ORIENTED_EDGE('',*,*,#3470,.F.);
#3470 = EDGE_CURVE('',#3471,#3438,#3473,.T.);
#3471 = VERTEX_POINT('',#3472);
#3472 = CARTESIAN_POINT('',(-7.35,248.5,37.672105064622));
#3473 = SURFACE_CURVE('',#3474,(#3479,#3486),.PCURVE_S1.);
#3474 = CIRCLE('',#3475,1.6);
#3475 = AXIS2_PLACEMENT_3D('',#3476,#3477,#3478);
#3476 = CARTESIAN_POINT('',(-5.75,248.5,37.672105064622));
#3477 = DIRECTION('',(-6.450531537933E-16,1.,-7.136298725426E-15));
#3478 = DIRECTION('',(1.,6.450531537933E-16,2.775557561562E-17));
#3479 = PCURVE('',#3446,#3480);
#3480 = DEFINITIONAL_REPRESENTATION('',(#3481),#3485);
#3481 = LINE('',#3482,#3483);
#3482 = CARTESIAN_POINT('',(0.,95.));
#3483 = VECTOR('',#3484,1.);
#3484 = DIRECTION('',(1.,0.));
#3485 = ( GEOMETRIC_REPRESENTATION_CONTEXT(2) 
PARAMETRIC_REPRESENTATION_CONTEXT() REPRESENTATION_CONTEXT('2D SPACE',''
  ) );
#3486 = PCURVE('',#2976,#3487);
#3487 = DEFINITIONAL_REPRESENTATION('',(#3488),#3492);
#3488 = CIRCLE('',#3489,1.6);
#3489 = AXIS2_PLACEMENT_2D('',#3490,#3491);
#3490 = CARTESIAN_POINT('',(-5.75,9.959292143521));
#3491 = DIRECTION('',(1.,0.));
#3492 = ( GEOMETRIC_REPRESENTATION_CONTEXT(2) 
PARAMETRIC_REPRESENTATION_CONTEXT() REPRESENTATION_CONTEXT('2D SPACE',''
  ) );
#3493 = ORIENTED_EDGE('',*,*,#3494,.F.);
#3494 = EDGE_CURVE('',#3495,#3471,#3497,.T.);
#3495 = VERTEX_POINT('',#3496);
#3496 = CARTESIAN_POINT('',(-7.35,244.7,37.672105064622));
#3497 = SURFACE_CURVE('',#3498,(#3502,#3509),.PCURVE_S1.);
#3498 = LINE('',#3499,#3500);
#3499 = CARTESIAN_POINT('',(-7.35,153.5,37.672105064622));
#3500 = VECTOR('',#3501,1.);
#3501 = DIRECTION('',(-6.450531537933E-16,1.,-7.136298725426E-15));
#3502 = PCURVE('',#3446,#3503);
#3503 = DEFINITIONAL_REPRESENTATION('',(#3504),#3508);
#3504 = LINE('',#3505,#3506);
#3505 = CARTESIAN_POINT('',(3.14159265359,0.));
#3506 = VECTOR('',#3507,1.);
#3507 = DIRECTION('',(0.,1.));
#3508 = ( GEOMETRIC_REPRESENTATION_CONTEXT(2) 
PARAMETRIC_REPRESENTATION_CONTEXT() REPRESENTATION_CONTEXT('2D SPACE',''
  ) );
#3509 = PCURVE('',#3458,#3510);
#3510 = DEFINITIONAL_REPRESENTATION('',(#3511),#3515);
#3511 = LINE('',#3512,#3513);
#3512 = CARTESIAN_POINT('',(3.14159265359,0.));
#3513 = VECTOR('',#3514,1.);
#3514 = DIRECTION('',(0.,1.));
#3515 = ( GEOMETRIC_REPRESENTATION_CONTEXT(2) 
PARAMETRIC_REPRESENTATION_CONTEXT() REPRESENTATION_CONTEXT('2D SPACE',''
  ) );
#3516 = ORIENTED_EDGE('',*,*,#3517,.T.);
#3517 = EDGE_CURVE('',#3495,#3436,#3518,.T.);
#3518 = SURFACE_CURVE('',#3519,(#3524,#3531),.PCURVE_S1.);
#3519 = CIRCLE('',#3520,1.6);
#3520 = AXIS2_PLACEMENT_3D('',#3521,#3522,#3523);
#3521 = CARTESIAN_POINT('',(-5.75,244.7,37.672105064622));
#3522 = DIRECTION('',(-6.450531537933E-16,1.,-7.136298725426E-15));
#3523 = DIRECTION('',(-1.,-6.450531537933E-16,-2.775557561562E-17));
#3524 = PCURVE('',#3446,#3525);
#3525 = DEFINITIONAL_REPRESENTATION('',(#3526),#3530);
#3526 = LINE('',#3527,#3528);
#3527 = CARTESIAN_POINT('',(3.14159265359,91.2));
#3528 = VECTOR('',#3529,1.);
#3529 = DIRECTION('',(1.,0.));
#3530 = ( GEOMETRIC_REPRESENTATION_CONTEXT(2) 
PARAMETRIC_REPRESENTATION_CONTEXT() REPRESENTATION_CONTEXT('2D SPACE',''
  ) );
#3531 = PCURVE('',#2417,#3532);
#3532 = DEFINITIONAL_REPRESENTATION('',(#3533),#3541);
#3533 = ( BOUNDED_CURVE() B_SPLINE_CURVE(2,(#3534,#3535,#3536,#3537,
#3538,#3539,#3540),.UNSPECIFIED.,.T.,.F.) B_SPLINE_CURVE_WITH_KNOTS((1,2
    ,2,2,2,1),(-2.094395102393,0.,2.094395102393,4.188790204786,
6.28318530718,8.377580409573),.UNSPECIFIED.) CURVE() 
GEOMETRIC_REPRESENTATION_ITEM() RATIONAL_B_SPLINE_CURVE((1.,0.5,1.,0.5,
1.,0.5,1.)) REPRESENTATION_ITEM('') );
#3534 = CARTESIAN_POINT('',(1.6,0.));
#3535 = CARTESIAN_POINT('',(1.6,-2.77128129211));
#3536 = CARTESIAN_POINT('',(-0.8,-1.385640646055));
#3537 = CARTESIAN_POINT('',(-3.2,-3.918869757272E-16));
#3538 = CARTESIAN_POINT('',(-0.8,1.385640646055));
#3539 = CARTESIAN_POINT('',(1.6,2.77128129211));
#3540 = CARTESIAN_POINT('',(1.6,0.));
#3541 = ( GEOMETRIC_REPRESENTATION_CONTEXT(2) 
PARAMETRIC_REPRESENTATION_CONTEXT() REPRESENTATION_CONTEXT('2D SPACE',''
  ) );
#3542 = ADVANCED_FACE('',(#3543),#3557,.F.);
#3543 = FACE_BOUND('',#3544,.F.);
#3544 = EDGE_LOOP('',(#3545,#3580,#3604,#3627));
#3545 = ORIENTED_EDGE('',*,*,#3546,.T.);
#3546 = EDGE_CURVE('',#3547,#3549,#3551,.T.);
#3547 = VERTEX_POINT('',#3548);
#3548 = CARTESIAN_POINT('',(6.85,244.7,38.538130468406));
#3549 = VERTEX_POINT('',#3550);
#3550 = CARTESIAN_POINT('',(6.85,248.5,38.538130468406));
#3551 = SURFACE_CURVE('',#3552,(#3556,#3568),.PCURVE_S1.);
#3552 = LINE('',#3553,#3554);
#3553 = CARTESIAN_POINT('',(6.85,153.5,38.538130468407));
#3554 = VECTOR('',#3555,1.);
#3555 = DIRECTION('',(-6.450531537933E-16,1.,-7.136298725426E-15));
#3556 = PCURVE('',#3557,#3562);
#3557 = CYLINDRICAL_SURFACE('',#3558,1.6);
#3558 = AXIS2_PLACEMENT_3D('',#3559,#3560,#3561);
#3559 = CARTESIAN_POINT('',(5.25,153.5,38.538130468407));
#3560 = DIRECTION('',(-6.450531537933E-16,1.,-7.136298725426E-15));
#3561 = DIRECTION('',(1.,6.450531537933E-16,2.775557561562E-17));
#3562 = DEFINITIONAL_REPRESENTATION('',(#3563),#3567);
#3563 = LINE('',#3564,#3565);
#3564 = CARTESIAN_POINT('',(6.28318530718,0.));
#3565 = VECTOR('',#3566,1.);
#3566 = DIRECTION('',(0.,1.));
#3567 = ( GEOMETRIC_REPRESENTATION_CONTEXT(2) 
PARAMETRIC_REPRESENTATION_CONTEXT() REPRESENTATION_CONTEXT('2D SPACE',''
  ) );
#3568 = PCURVE('',#3569,#3574);
#3569 = CYLINDRICAL_SURFACE('',#3570,1.6);
#3570 = AXIS2_PLACEMENT_3D('',#3571,#3572,#3573);
#3571 = CARTESIAN_POINT('',(5.25,153.5,38.538130468407));
#3572 = DIRECTION('',(-6.450531537933E-16,1.,-7.136298725426E-15));
#3573 = DIRECTION('',(1.,6.450531537933E-16,2.775557561562E-17));
#3574 = DEFINITIONAL_REPRESENTATION('',(#3575),#3579);
#3575 = LINE('',#3576,#3577);
#3576 = CARTESIAN_POINT('',(0.,0.));
#3577 = VECTOR('',#3578,1.);
#3578 = DIRECTION('',(0.,1.));
#3579 = ( GEOMETRIC_REPRESENTATION_CONTEXT(2) 
PARAMETRIC_REPRESENTATION_CONTEXT() REPRESENTATION_CONTEXT('2D SPACE',''
  ) );
#3580 = ORIENTED_EDGE('',*,*,#3581,.F.);
#3581 = EDGE_CURVE('',#3582,#3549,#3584,.T.);
#3582 = VERTEX_POINT('',#3583);
#3583 = CARTESIAN_POINT('',(3.65,248.5,38.538130468406));
#3584 = SURFACE_CURVE('',#3585,(#3590,#3597),.PCURVE_S1.);
#3585 = CIRCLE('',#3586,1.6);
#3586 = AXIS2_PLACEMENT_3D('',#3587,#3588,#3589);
#3587 = CARTESIAN_POINT('',(5.25,248.5,38.538130468406));
#3588 = DIRECTION('',(-6.450531537933E-16,1.,-7.136298725426E-15));
#3589 = DIRECTION('',(1.,6.450531537933E-16,2.775557561562E-17));
#3590 = PCURVE('',#3557,#3591);
#3591 = DEFINITIONAL_REPRESENTATION('',(#3592),#3596);
#3592 = LINE('',#3593,#3594);
#3593 = CARTESIAN_POINT('',(0.,95.));
#3594 = VECTOR('',#3595,1.);
#3595 = DIRECTION('',(1.,0.));
#3596 = ( GEOMETRIC_REPRESENTATION_CONTEXT(2) 
PARAMETRIC_REPRESENTATION_CONTEXT() REPRESENTATION_CONTEXT('2D SPACE',''
  ) );
#3597 = PCURVE('',#2976,#3598);
#3598 = DEFINITIONAL_REPRESENTATION('',(#3599),#3603);
#3599 = CIRCLE('',#3600,1.6);
#3600 = AXIS2_PLACEMENT_2D('',#3601,#3602);
#3601 = CARTESIAN_POINT('',(5.25,9.093266739737));
#3602 = DIRECTION('',(1.,0.));
#3603 = ( GEOMETRIC_REPRESENTATION_CONTEXT(2) 
PARAMETRIC_REPRESENTATION_CONTEXT() REPRESENTATION_CONTEXT('2D SPACE',''
  ) );
#3604 = ORIENTED_EDGE('',*,*,#3605,.F.);
#3605 = EDGE_CURVE('',#3606,#3582,#3608,.T.);
#3606 = VERTEX_POINT('',#3607);
#3607 = CARTESIAN_POINT('',(3.65,244.7,38.538130468406));
#3608 = SURFACE_CURVE('',#3609,(#3613,#3620),.PCURVE_S1.);
#3609 = LINE('',#3610,#3611);
#3610 = CARTESIAN_POINT('',(3.65,153.5,38.538130468407));
#3611 = VECTOR('',#3612,1.);
#3612 = DIRECTION('',(-6.450531537933E-16,1.,-7.136298725426E-15));
#3613 = PCURVE('',#3557,#3614);
#3614 = DEFINITIONAL_REPRESENTATION('',(#3615),#3619);
#3615 = LINE('',#3616,#3617);
#3616 = CARTESIAN_POINT('',(3.14159265359,0.));
#3617 = VECTOR('',#3618,1.);
#3618 = DIRECTION('',(0.,1.));
#3619 = ( GEOMETRIC_REPRESENTATION_CONTEXT(2) 
PARAMETRIC_REPRESENTATION_CONTEXT() REPRESENTATION_CONTEXT('2D SPACE',''
  ) );
#3620 = PCURVE('',#3569,#3621);
#3621 = DEFINITIONAL_REPRESENTATION('',(#3622),#3626);
#3622 = LINE('',#3623,#3624);
#3623 = CARTESIAN_POINT('',(3.14159265359,0.));
#3624 = VECTOR('',#3625,1.);
#3625 = DIRECTION('',(0.,1.));
#3626 = ( GEOMETRIC_REPRESENTATION_CONTEXT(2) 
PARAMETRIC_REPRESENTATION_CONTEXT() REPRESENTATION_CONTEXT('2D SPACE',''
  ) );
#3627 = ORIENTED_EDGE('',*,*,#3628,.T.);
#3628 = EDGE_CURVE('',#3606,#3547,#3629,.T.);
#3629 = SURFACE_CURVE('',#3630,(#3635,#3642),.PCURVE_S1.);
#3630 = CIRCLE('',#3631,1.6);
#3631 = AXIS2_PLACEMENT_3D('',#3632,#3633,#3634);
#3632 = CARTESIAN_POINT('',(5.25,244.7,38.538130468406));
#3633 = DIRECTION('',(-6.450531537933E-16,1.,-7.136298725426E-15));
#3634 = DIRECTION('',(-1.,-6.450531537933E-16,-2.775557561562E-17));
#3635 = PCURVE('',#3557,#3636);
#3636 = DEFINITIONAL_REPRESENTATION('',(#3637),#3641);
#3637 = LINE('',#3638,#3639);
#3638 = CARTESIAN_POINT('',(3.14159265359,91.2));
#3639 = VECTOR('',#3640,1.);
#3640 = DIRECTION('',(1.,0.));
#3641 = ( GEOMETRIC_REPRESENTATION_CONTEXT(2) 
PARAMETRIC_REPRESENTATION_CONTEXT() REPRESENTATION_CONTEXT('2D SPACE',''
  ) );
#3642 = PCURVE('',#2305,#3643);
#3643 = DEFINITIONAL_REPRESENTATION('',(#3644),#3652);
#3644 = ( BOUNDED_CURVE() B_SPLINE_CURVE(2,(#3645,#3646,#3647,#3648,
#3649,#3650,#3651),.UNSPECIFIED.,.T.,.F.) B_SPLINE_CURVE_WITH_KNOTS((1,2
    ,2,2,2,1),(-2.094395102393,0.,2.094395102393,4.188790204786,
6.28318530718,8.377580409573),.UNSPECIFIED.) CURVE() 
GEOMETRIC_REPRESENTATION_ITEM() RATIONAL_B_SPLINE_CURVE((1.,0.5,1.,0.5,
1.,0.5,1.)) REPRESENTATION_ITEM('') );
#3645 = CARTESIAN_POINT('',(1.6,0.));
#3646 = CARTESIAN_POINT('',(1.6,-2.77128129211));
#3647 = CARTESIAN_POINT('',(-0.8,-1.385640646055));
#3648 = CARTESIAN_POINT('',(-3.2,-3.918869757272E-16));
#3649 = CARTESIAN_POINT('',(-0.8,1.385640646055));
#3650 = CARTESIAN_POINT('',(1.6,2.77128129211));
#3651 = CARTESIAN_POINT('',(1.6,0.));
#3652 = ( GEOMETRIC_REPRESENTATION_CONTEXT(2) 
PARAMETRIC_REPRESENTATION_CONTEXT() REPRESENTATION_CONTEXT('2D SPACE',''
  ) );
#3653 = ADVANCED_FACE('',(#3654),#3668,.F.);
#3654 = FACE_BOUND('',#3655,.F.);
#3655 = EDGE_LOOP('',(#3656,#3691,#3719,#3742));
#3656 = ORIENTED_EDGE('',*,*,#3657,.T.);
#3657 = EDGE_CURVE('',#3658,#3660,#3662,.T.);
#3658 = VERTEX_POINT('',#3659);
#3659 = CARTESIAN_POINT('',(-21.3,237.,36.231397208143));
#3660 = VERTEX_POINT('',#3661);
#3661 = CARTESIAN_POINT('',(-16.5,237.,36.231397208143));
#3662 = SURFACE_CURVE('',#3663,(#3667,#3679),.PCURVE_S1.);
#3663 = LINE('',#3664,#3665);
#3664 = CARTESIAN_POINT('',(-22.5,237.,36.231397208143));
#3665 = VECTOR('',#3666,1.);
#3666 = DIRECTION('',(1.,6.450531537933E-16,2.775557561562E-17));
#3667 = PCURVE('',#3668,#3673);
#3668 = CYLINDRICAL_SURFACE('',#3669,1.6);
#3669 = AXIS2_PLACEMENT_3D('',#3670,#3671,#3672);
#3670 = CARTESIAN_POINT('',(-22.5,237.,34.631397208143));
#3671 = DIRECTION('',(1.,6.450531537933E-16,2.775557561562E-17));
#3672 = DIRECTION('',(-2.775557561563E-17,7.136298725426E-15,1.));
#3673 = DEFINITIONAL_REPRESENTATION('',(#3674),#3678);
#3674 = LINE('',#3675,#3676);
#3675 = CARTESIAN_POINT('',(6.28318530718,0.));
#3676 = VECTOR('',#3677,1.);
#3677 = DIRECTION('',(0.,1.));
#3678 = ( GEOMETRIC_REPRESENTATION_CONTEXT(2) 
PARAMETRIC_REPRESENTATION_CONTEXT() REPRESENTATION_CONTEXT('2D SPACE',''
  ) );
#3679 = PCURVE('',#3680,#3685);
#3680 = CYLINDRICAL_SURFACE('',#3681,1.6);
#3681 = AXIS2_PLACEMENT_3D('',#3682,#3683,#3684);
#3682 = CARTESIAN_POINT('',(-22.5,237.,34.631397208143));
#3683 = DIRECTION('',(1.,6.450531537933E-16,2.775557561562E-17));
#3684 = DIRECTION('',(-2.775557561563E-17,7.136298725426E-15,1.));
#3685 = DEFINITIONAL_REPRESENTATION('',(#3686),#3690);
#3686 = LINE('',#3687,#3688);
#3687 = CARTESIAN_POINT('',(0.,0.));
#3688 = VECTOR('',#3689,1.);
#3689 = DIRECTION('',(0.,1.));
#3690 = ( GEOMETRIC_REPRESENTATION_CONTEXT(2) 
PARAMETRIC_REPRESENTATION_CONTEXT() REPRESENTATION_CONTEXT('2D SPACE',''
  ) );
#3691 = ORIENTED_EDGE('',*,*,#3692,.F.);
#3692 = EDGE_CURVE('',#3693,#3660,#3695,.T.);
#3693 = VERTEX_POINT('',#3694);
#3694 = CARTESIAN_POINT('',(-16.5,237.,33.031397208143));
#3695 = SURFACE_CURVE('',#3696,(#3701,#3708),.PCURVE_S1.);
#3696 = CIRCLE('',#3697,1.6);
#3697 = AXIS2_PLACEMENT_3D('',#3698,#3699,#3700);
#3698 = CARTESIAN_POINT('',(-16.5,237.,34.631397208143));
#3699 = DIRECTION('',(1.,6.450531537933E-16,2.775557561562E-17));
#3700 = DIRECTION('',(-2.775557561563E-17,7.136298725426E-15,1.));
#3701 = PCURVE('',#3668,#3702);
#3702 = DEFINITIONAL_REPRESENTATION('',(#3703),#3707);
#3703 = LINE('',#3704,#3705);
#3704 = CARTESIAN_POINT('',(0.,6.));
#3705 = VECTOR('',#3706,1.);
#3706 = DIRECTION('',(1.,0.));
#3707 = ( GEOMETRIC_REPRESENTATION_CONTEXT(2) 
PARAMETRIC_REPRESENTATION_CONTEXT() REPRESENTATION_CONTEXT('2D SPACE',''
  ) );
#3708 = PCURVE('',#760,#3709);
#3709 = DEFINITIONAL_REPRESENTATION('',(#3710),#3718);
#3710 = ( BOUNDED_CURVE() B_SPLINE_CURVE(2,(#3711,#3712,#3713,#3714,
#3715,#3716,#3717),.UNSPECIFIED.,.T.,.F.) B_SPLINE_CURVE_WITH_KNOTS((1,2
    ,2,2,2,1),(-2.094395102393,0.,2.094395102393,4.188790204786,
6.28318530718,8.377580409573),.UNSPECIFIED.) CURVE() 
GEOMETRIC_REPRESENTATION_ITEM() RATIONAL_B_SPLINE_CURVE((1.,0.5,1.,0.5,
1.,0.5,1.)) REPRESENTATION_ITEM('') );
#3711 = CARTESIAN_POINT('',(33.9,-83.5));
#3712 = CARTESIAN_POINT('',(33.9,-80.72871870789));
#3713 = CARTESIAN_POINT('',(36.3,-82.11435935394));
#3714 = CARTESIAN_POINT('',(38.7,-83.5));
#3715 = CARTESIAN_POINT('',(36.3,-84.88564064605));
#3716 = CARTESIAN_POINT('',(33.9,-86.27128129211));
#3717 = CARTESIAN_POINT('',(33.9,-83.5));
#3718 = ( GEOMETRIC_REPRESENTATION_CONTEXT(2) 
PARAMETRIC_REPRESENTATION_CONTEXT() REPRESENTATION_CONTEXT('2D SPACE',''
  ) );
#3719 = ORIENTED_EDGE('',*,*,#3720,.F.);
#3720 = EDGE_CURVE('',#3721,#3693,#3723,.T.);
#3721 = VERTEX_POINT('',#3722);
#3722 = CARTESIAN_POINT('',(-21.3,237.,33.031397208143));
#3723 = SURFACE_CURVE('',#3724,(#3728,#3735),.PCURVE_S1.);
#3724 = LINE('',#3725,#3726);
#3725 = CARTESIAN_POINT('',(-22.5,237.,33.031397208143));
#3726 = VECTOR('',#3727,1.);
#3727 = DIRECTION('',(1.,6.450531537933E-16,2.775557561562E-17));
#3728 = PCURVE('',#3668,#3729);
#3729 = DEFINITIONAL_REPRESENTATION('',(#3730),#3734);
#3730 = LINE('',#3731,#3732);
#3731 = CARTESIAN_POINT('',(3.14159265359,0.));
#3732 = VECTOR('',#3733,1.);
#3733 = DIRECTION('',(0.,1.));
#3734 = ( GEOMETRIC_REPRESENTATION_CONTEXT(2) 
PARAMETRIC_REPRESENTATION_CONTEXT() REPRESENTATION_CONTEXT('2D SPACE',''
  ) );
#3735 = PCURVE('',#3680,#3736);
#3736 = DEFINITIONAL_REPRESENTATION('',(#3737),#3741);
#3737 = LINE('',#3738,#3739);
#3738 = CARTESIAN_POINT('',(3.14159265359,0.));
#3739 = VECTOR('',#3740,1.);
#3740 = DIRECTION('',(0.,1.));
#3741 = ( GEOMETRIC_REPRESENTATION_CONTEXT(2) 
PARAMETRIC_REPRESENTATION_CONTEXT() REPRESENTATION_CONTEXT('2D SPACE',''
  ) );
#3742 = ORIENTED_EDGE('',*,*,#3743,.T.);
#3743 = EDGE_CURVE('',#3721,#3658,#3744,.T.);
#3744 = SURFACE_CURVE('',#3745,(#3750,#3757),.PCURVE_S1.);
#3745 = CIRCLE('',#3746,1.6);
#3746 = AXIS2_PLACEMENT_3D('',#3747,#3748,#3749);
#3747 = CARTESIAN_POINT('',(-21.3,237.,34.631397208143));
#3748 = DIRECTION('',(1.,6.450531537933E-16,2.775557561562E-17));
#3749 = DIRECTION('',(2.775557561563E-17,-7.136298725426E-15,-1.));
#3750 = PCURVE('',#3668,#3751);
#3751 = DEFINITIONAL_REPRESENTATION('',(#3752),#3756);
#3752 = LINE('',#3753,#3754);
#3753 = CARTESIAN_POINT('',(3.14159265359,1.2));
#3754 = VECTOR('',#3755,1.);
#3755 = DIRECTION('',(1.,0.));
#3756 = ( GEOMETRIC_REPRESENTATION_CONTEXT(2) 
PARAMETRIC_REPRESENTATION_CONTEXT() REPRESENTATION_CONTEXT('2D SPACE',''
  ) );
#3757 = PCURVE('',#2188,#3758);
#3758 = DEFINITIONAL_REPRESENTATION('',(#3759),#3767);
#3759 = ( BOUNDED_CURVE() B_SPLINE_CURVE(2,(#3760,#3761,#3762,#3763,
#3764,#3765,#3766),.UNSPECIFIED.,.T.,.F.) B_SPLINE_CURVE_WITH_KNOTS((1,2
    ,2,2,2,1),(-2.094395102393,0.,2.094395102393,4.188790204786,
6.28318530718,8.377580409573),.UNSPECIFIED.) CURVE() 
GEOMETRIC_REPRESENTATION_ITEM() RATIONAL_B_SPLINE_CURVE((1.,0.5,1.,0.5,
1.,0.5,1.)) REPRESENTATION_ITEM('') );
#3760 = CARTESIAN_POINT('',(1.6,0.));
#3761 = CARTESIAN_POINT('',(1.6,-2.77128129211));
#3762 = CARTESIAN_POINT('',(-0.8,-1.385640646055));
#3763 = CARTESIAN_POINT('',(-3.2,-3.918869757272E-16));
#3764 = CARTESIAN_POINT('',(-0.8,1.385640646055));
#3765 = CARTESIAN_POINT('',(1.6,2.77128129211));
#3766 = CARTESIAN_POINT('',(1.6,0.));
#3767 = ( GEOMETRIC_REPRESENTATION_CONTEXT(2) 
PARAMETRIC_REPRESENTATION_CONTEXT() REPRESENTATION_CONTEXT('2D SPACE',''
  ) );
#3768 = ADVANCED_FACE('',(#3769),#3783,.F.);
#3769 = FACE_BOUND('',#3770,.F.);
#3770 = EDGE_LOOP('',(#3771,#3806,#3834,#3857));
#3771 = ORIENTED_EDGE('',*,*,#3772,.T.);
#3772 = EDGE_CURVE('',#3773,#3775,#3777,.T.);
#3773 = VERTEX_POINT('',#3774);
#3774 = CARTESIAN_POINT('',(-21.3,237.,62.231397208143));
#3775 = VERTEX_POINT('',#3776);
#3776 = CARTESIAN_POINT('',(-16.5,237.,62.231397208143));
#3777 = SURFACE_CURVE('',#3778,(#3782,#3794),.PCURVE_S1.);
#3778 = LINE('',#3779,#3780);
#3779 = CARTESIAN_POINT('',(-22.5,237.,62.231397208143));
#3780 = VECTOR('',#3781,1.);
#3781 = DIRECTION('',(1.,6.450531537933E-16,2.775557561562E-17));
#3782 = PCURVE('',#3783,#3788);
#3783 = CYLINDRICAL_SURFACE('',#3784,1.6);
#3784 = AXIS2_PLACEMENT_3D('',#3785,#3786,#3787);
#3785 = CARTESIAN_POINT('',(-22.5,237.,60.631397208143));
#3786 = DIRECTION('',(1.,6.450531537933E-16,2.775557561562E-17));
#3787 = DIRECTION('',(-2.775557561563E-17,7.136298725426E-15,1.));
#3788 = DEFINITIONAL_REPRESENTATION('',(#3789),#3793);
#3789 = LINE('',#3790,#3791);
#3790 = CARTESIAN_POINT('',(6.28318530718,0.));
#3791 = VECTOR('',#3792,1.);
#3792 = DIRECTION('',(0.,1.));
#3793 = ( GEOMETRIC_REPRESENTATION_CONTEXT(2) 
PARAMETRIC_REPRESENTATION_CONTEXT() REPRESENTATION_CONTEXT('2D SPACE',''
  ) );
#3794 = PCURVE('',#3795,#3800);
#3795 = CYLINDRICAL_SURFACE('',#3796,1.6);
#3796 = AXIS2_PLACEMENT_3D('',#3797,#3798,#3799);
#3797 = CARTESIAN_POINT('',(-22.5,237.,60.631397208143));
#3798 = DIRECTION('',(1.,6.450531537933E-16,2.775557561562E-17));
#3799 = DIRECTION('',(-2.775557561563E-17,7.136298725426E-15,1.));
#3800 = DEFINITIONAL_REPRESENTATION('',(#3801),#3805);
#3801 = LINE('',#3802,#3803);
#3802 = CARTESIAN_POINT('',(0.,0.));
#3803 = VECTOR('',#3804,1.);
#3804 = DIRECTION('',(0.,1.));
#3805 = ( GEOMETRIC_REPRESENTATION_CONTEXT(2) 
PARAMETRIC_REPRESENTATION_CONTEXT() REPRESENTATION_CONTEXT('2D SPACE',''
  ) );
#3806 = ORIENTED_EDGE('',*,*,#3807,.F.);
#3807 = EDGE_CURVE('',#3808,#3775,#3810,.T.);
#3808 = VERTEX_POINT('',#3809);
#3809 = CARTESIAN_POINT('',(-16.5,237.,59.031397208143));
#3810 = SURFACE_CURVE('',#3811,(#3816,#3823),.PCURVE_S1.);
#3811 = CIRCLE('',#3812,1.6);
#3812 = AXIS2_PLACEMENT_3D('',#3813,#3814,#3815);
#3813 = CARTESIAN_POINT('',(-16.5,237.,60.631397208143));
#3814 = DIRECTION('',(1.,6.450531537933E-16,2.775557561562E-17));
#3815 = DIRECTION('',(-2.775557561563E-17,7.136298725426E-15,1.));
#3816 = PCURVE('',#3783,#3817);
#3817 = DEFINITIONAL_REPRESENTATION('',(#3818),#3822);
#3818 = LINE('',#3819,#3820);
#3819 = CARTESIAN_POINT('',(0.,6.));
#3820 = VECTOR('',#3821,1.);
#3821 = DIRECTION('',(1.,0.));
#3822 = ( GEOMETRIC_REPRESENTATION_CONTEXT(2) 
PARAMETRIC_REPRESENTATION_CONTEXT() REPRESENTATION_CONTEXT('2D SPACE',''
  ) );
#3823 = PCURVE('',#760,#3824);
#3824 = DEFINITIONAL_REPRESENTATION('',(#3825),#3833);
#3825 = ( BOUNDED_CURVE() B_SPLINE_CURVE(2,(#3826,#3827,#3828,#3829,
#3830,#3831,#3832),.UNSPECIFIED.,.T.,.F.) B_SPLINE_CURVE_WITH_KNOTS((1,2
    ,2,2,2,1),(-2.094395102393,0.,2.094395102393,4.188790204786,
6.28318530718,8.377580409573),.UNSPECIFIED.) CURVE() 
GEOMETRIC_REPRESENTATION_ITEM() RATIONAL_B_SPLINE_CURVE((1.,0.5,1.,0.5,
1.,0.5,1.)) REPRESENTATION_ITEM('') );
#3826 = CARTESIAN_POINT('',(7.9,-83.5));
#3827 = CARTESIAN_POINT('',(7.9,-80.72871870789));
#3828 = CARTESIAN_POINT('',(10.3,-82.11435935394));
#3829 = CARTESIAN_POINT('',(12.7,-83.5));
#3830 = CARTESIAN_POINT('',(10.3,-84.88564064605));
#3831 = CARTESIAN_POINT('',(7.9,-86.27128129211));
#3832 = CARTESIAN_POINT('',(7.9,-83.5));
#3833 = ( GEOMETRIC_REPRESENTATION_CONTEXT(2) 
PARAMETRIC_REPRESENTATION_CONTEXT() REPRESENTATION_CONTEXT('2D SPACE',''
  ) );
#3834 = ORIENTED_EDGE('',*,*,#3835,.F.);
#3835 = EDGE_CURVE('',#3836,#3808,#3838,.T.);
#3836 = VERTEX_POINT('',#3837);
#3837 = CARTESIAN_POINT('',(-21.3,237.,59.031397208143));
#3838 = SURFACE_CURVE('',#3839,(#3843,#3850),.PCURVE_S1.);
#3839 = LINE('',#3840,#3841);
#3840 = CARTESIAN_POINT('',(-22.5,237.,59.031397208143));
#3841 = VECTOR('',#3842,1.);
#3842 = DIRECTION('',(1.,6.450531537933E-16,2.775557561562E-17));
#3843 = PCURVE('',#3783,#3844);
#3844 = DEFINITIONAL_REPRESENTATION('',(#3845),#3849);
#3845 = LINE('',#3846,#3847);
#3846 = CARTESIAN_POINT('',(3.14159265359,0.));
#3847 = VECTOR('',#3848,1.);
#3848 = DIRECTION('',(0.,1.));
#3849 = ( GEOMETRIC_REPRESENTATION_CONTEXT(2) 
PARAMETRIC_REPRESENTATION_CONTEXT() REPRESENTATION_CONTEXT('2D SPACE',''
  ) );
#3850 = PCURVE('',#3795,#3851);
#3851 = DEFINITIONAL_REPRESENTATION('',(#3852),#3856);
#3852 = LINE('',#3853,#3854);
#3853 = CARTESIAN_POINT('',(3.14159265359,0.));
#3854 = VECTOR('',#3855,1.);
#3855 = DIRECTION('',(0.,1.));
#3856 = ( GEOMETRIC_REPRESENTATION_CONTEXT(2) 
PARAMETRIC_REPRESENTATION_CONTEXT() REPRESENTATION_CONTEXT('2D SPACE',''
  ) );
#3857 = ORIENTED_EDGE('',*,*,#3858,.T.);
#3858 = EDGE_CURVE('',#3836,#3773,#3859,.T.);
#3859 = SURFACE_CURVE('',#3860,(#3865,#3872),.PCURVE_S1.);
#3860 = CIRCLE('',#3861,1.6);
#3861 = AXIS2_PLACEMENT_3D('',#3862,#3863,#3864);
#3862 = CARTESIAN_POINT('',(-21.3,237.,60.631397208143));
#3863 = DIRECTION('',(1.,6.450531537933E-16,2.775557561562E-17));
#3864 = DIRECTION('',(2.775557561563E-17,-7.136298725426E-15,-1.));
#3865 = PCURVE('',#3783,#3866);
#3866 = DEFINITIONAL_REPRESENTATION('',(#3867),#3871);
#3867 = LINE('',#3868,#3869);
#3868 = CARTESIAN_POINT('',(3.14159265359,1.2));
#3869 = VECTOR('',#3870,1.);
#3870 = DIRECTION('',(1.,0.));
#3871 = ( GEOMETRIC_REPRESENTATION_CONTEXT(2) 
PARAMETRIC_REPRESENTATION_CONTEXT() REPRESENTATION_CONTEXT('2D SPACE',''
  ) );
#3872 = PCURVE('',#2072,#3873);
#3873 = DEFINITIONAL_REPRESENTATION('',(#3874),#3882);
#3874 = ( BOUNDED_CURVE() B_SPLINE_CURVE(2,(#3875,#3876,#3877,#3878,
#3879,#3880,#3881),.UNSPECIFIED.,.T.,.F.) B_SPLINE_CURVE_WITH_KNOTS((1,2
    ,2,2,2,1),(-2.094395102393,0.,2.094395102393,4.188790204786,
6.28318530718,8.377580409573),.UNSPECIFIED.) CURVE() 
GEOMETRIC_REPRESENTATION_ITEM() RATIONAL_B_SPLINE_CURVE((1.,0.5,1.,0.5,
1.,0.5,1.)) REPRESENTATION_ITEM('') );
#3875 = CARTESIAN_POINT('',(1.6,0.));
#3876 = CARTESIAN_POINT('',(1.6,-2.77128129211));
#3877 = CARTESIAN_POINT('',(-0.8,-1.385640646055));
#3878 = CARTESIAN_POINT('',(-3.2,-3.918869757272E-16));
#3879 = CARTESIAN_POINT('',(-0.8,1.385640646055));
#3880 = CARTESIAN_POINT('',(1.6,2.77128129211));
#3881 = CARTESIAN_POINT('',(1.6,0.));
#3882 = ( GEOMETRIC_REPRESENTATION_CONTEXT(2) 
PARAMETRIC_REPRESENTATION_CONTEXT() REPRESENTATION_CONTEXT('2D SPACE',''
  ) );
#3883 = ADVANCED_FACE('',(#3884),#3898,.F.);
#3884 = FACE_BOUND('',#3885,.F.);
#3885 = EDGE_LOOP('',(#3886,#3921,#3949,#3972));
#3886 = ORIENTED_EDGE('',*,*,#3887,.T.);
#3887 = EDGE_CURVE('',#3888,#3890,#3892,.T.);
#3888 = VERTEX_POINT('',#3889);
#3889 = CARTESIAN_POINT('',(-21.3,211.,62.231397208143));
#3890 = VERTEX_POINT('',#3891);
#3891 = CARTESIAN_POINT('',(-16.5,211.,62.231397208143));
#3892 = SURFACE_CURVE('',#3893,(#3897,#3909),.PCURVE_S1.);
#3893 = LINE('',#3894,#3895);
#3894 = CARTESIAN_POINT('',(-22.5,211.,62.231397208143));
#3895 = VECTOR('',#3896,1.);
#3896 = DIRECTION('',(1.,6.450531537933E-16,2.775557561562E-17));
#3897 = PCURVE('',#3898,#3903);
#3898 = CYLINDRICAL_SURFACE('',#3899,1.6);
#3899 = AXIS2_PLACEMENT_3D('',#3900,#3901,#3902);
#3900 = CARTESIAN_POINT('',(-22.5,211.,60.631397208143));
#3901 = DIRECTION('',(1.,6.450531537933E-16,2.775557561562E-17));
#3902 = DIRECTION('',(-2.775557561563E-17,7.136298725426E-15,1.));
#3903 = DEFINITIONAL_REPRESENTATION('',(#3904),#3908);
#3904 = LINE('',#3905,#3906);
#3905 = CARTESIAN_POINT('',(6.28318530718,0.));
#3906 = VECTOR('',#3907,1.);
#3907 = DIRECTION('',(0.,1.));
#3908 = ( GEOMETRIC_REPRESENTATION_CONTEXT(2) 
PARAMETRIC_REPRESENTATION_CONTEXT() REPRESENTATION_CONTEXT('2D SPACE',''
  ) );
#3909 = PCURVE('',#3910,#3915);
#3910 = CYLINDRICAL_SURFACE('',#3911,1.6);
#3911 = AXIS2_PLACEMENT_3D('',#3912,#3913,#3914);
#3912 = CARTESIAN_POINT('',(-22.5,211.,60.631397208143));
#3913 = DIRECTION('',(1.,6.450531537933E-16,2.775557561562E-17));
#3914 = DIRECTION('',(-2.775557561563E-17,7.136298725426E-15,1.));
#3915 = DEFINITIONAL_REPRESENTATION('',(#3916),#3920);
#3916 = LINE('',#3917,#3918);
#3917 = CARTESIAN_POINT('',(0.,0.));
#3918 = VECTOR('',#3919,1.);
#3919 = DIRECTION('',(0.,1.));
#3920 = ( GEOMETRIC_REPRESENTATION_CONTEXT(2) 
PARAMETRIC_REPRESENTATION_CONTEXT() REPRESENTATION_CONTEXT('2D SPACE',''
  ) );
#3921 = ORIENTED_EDGE('',*,*,#3922,.F.);
#3922 = EDGE_CURVE('',#3923,#3890,#3925,.T.);
#3923 = VERTEX_POINT('',#3924);
#3924 = CARTESIAN_POINT('',(-16.5,211.,59.031397208143));
#3925 = SURFACE_CURVE('',#3926,(#3931,#3938),.PCURVE_S1.);
#3926 = CIRCLE('',#3927,1.6);
#3927 = AXIS2_PLACEMENT_3D('',#3928,#3929,#3930);
#3928 = CARTESIAN_POINT('',(-16.5,211.,60.631397208143));
#3929 = DIRECTION('',(1.,6.450531537933E-16,2.775557561562E-17));
#3930 = DIRECTION('',(-2.775557561563E-17,7.136298725426E-15,1.));
#3931 = PCURVE('',#3898,#3932);
#3932 = DEFINITIONAL_REPRESENTATION('',(#3933),#3937);
#3933 = LINE('',#3934,#3935);
#3934 = CARTESIAN_POINT('',(0.,6.));
#3935 = VECTOR('',#3936,1.);
#3936 = DIRECTION('',(1.,0.));
#3937 = ( GEOMETRIC_REPRESENTATION_CONTEXT(2) 
PARAMETRIC_REPRESENTATION_CONTEXT() REPRESENTATION_CONTEXT('2D SPACE',''
  ) );
#3938 = PCURVE('',#760,#3939);
#3939 = DEFINITIONAL_REPRESENTATION('',(#3940),#3948);
#3940 = ( BOUNDED_CURVE() B_SPLINE_CURVE(2,(#3941,#3942,#3943,#3944,
#3945,#3946,#3947),.UNSPECIFIED.,.T.,.F.) B_SPLINE_CURVE_WITH_KNOTS((1,2
    ,2,2,2,1),(-2.094395102393,0.,2.094395102393,4.188790204786,
6.28318530718,8.377580409573),.UNSPECIFIED.) CURVE() 
GEOMETRIC_REPRESENTATION_ITEM() RATIONAL_B_SPLINE_CURVE((1.,0.5,1.,0.5,
1.,0.5,1.)) REPRESENTATION_ITEM('') );
#3941 = CARTESIAN_POINT('',(7.9,-57.5));
#3942 = CARTESIAN_POINT('',(7.9,-54.72871870789));
#3943 = CARTESIAN_POINT('',(10.3,-56.11435935394));
#3944 = CARTESIAN_POINT('',(12.7,-57.5));
#3945 = CARTESIAN_POINT('',(10.3,-58.88564064605));
#3946 = CARTESIAN_POINT('',(7.9,-60.27128129211));
#3947 = CARTESIAN_POINT('',(7.9,-57.5));
#3948 = ( GEOMETRIC_REPRESENTATION_CONTEXT(2) 
PARAMETRIC_REPRESENTATION_CONTEXT() REPRESENTATION_CONTEXT('2D SPACE',''
  ) );
#3949 = ORIENTED_EDGE('',*,*,#3950,.F.);
#3950 = EDGE_CURVE('',#3951,#3923,#3953,.T.);
#3951 = VERTEX_POINT('',#3952);
#3952 = CARTESIAN_POINT('',(-21.3,211.,59.031397208143));
#3953 = SURFACE_CURVE('',#3954,(#3958,#3965),.PCURVE_S1.);
#3954 = LINE('',#3955,#3956);
#3955 = CARTESIAN_POINT('',(-22.5,211.,59.031397208143));
#3956 = VECTOR('',#3957,1.);
#3957 = DIRECTION('',(1.,6.450531537933E-16,2.775557561562E-17));
#3958 = PCURVE('',#3898,#3959);
#3959 = DEFINITIONAL_REPRESENTATION('',(#3960),#3964);
#3960 = LINE('',#3961,#3962);
#3961 = CARTESIAN_POINT('',(3.14159265359,0.));
#3962 = VECTOR('',#3963,1.);
#3963 = DIRECTION('',(0.,1.));
#3964 = ( GEOMETRIC_REPRESENTATION_CONTEXT(2) 
PARAMETRIC_REPRESENTATION_CONTEXT() REPRESENTATION_CONTEXT('2D SPACE',''
  ) );
#3965 = PCURVE('',#3910,#3966);
#3966 = DEFINITIONAL_REPRESENTATION('',(#3967),#3971);
#3967 = LINE('',#3968,#3969);
#3968 = CARTESIAN_POINT('',(3.14159265359,0.));
#3969 = VECTOR('',#3970,1.);
#3970 = DIRECTION('',(0.,1.));
#3971 = ( GEOMETRIC_REPRESENTATION_CONTEXT(2) 
PARAMETRIC_REPRESENTATION_CONTEXT() REPRESENTATION_CONTEXT('2D SPACE',''
  ) );
#3972 = ORIENTED_EDGE('',*,*,#3973,.T.);
#3973 = EDGE_CURVE('',#3951,#3888,#3974,.T.);
#3974 = SURFACE_CURVE('',#3975,(#3980,#3987),.PCURVE_S1.);
#3975 = CIRCLE('',#3976,1.6);
#3976 = AXIS2_PLACEMENT_3D('',#3977,#3978,#3979);
#3977 = CARTESIAN_POINT('',(-21.3,211.,60.631397208143));
#3978 = DIRECTION('',(1.,6.450531537933E-16,2.775557561562E-17));
#3979 = DIRECTION('',(2.775557561563E-17,-7.136298725426E-15,-1.));
#3980 = PCURVE('',#3898,#3981);
#3981 = DEFINITIONAL_REPRESENTATION('',(#3982),#3986);
#3982 = LINE('',#3983,#3984);
#3983 = CARTESIAN_POINT('',(3.14159265359,1.2));
#3984 = VECTOR('',#3985,1.);
#3985 = DIRECTION('',(1.,0.));
#3986 = ( GEOMETRIC_REPRESENTATION_CONTEXT(2) 
PARAMETRIC_REPRESENTATION_CONTEXT() REPRESENTATION_CONTEXT('2D SPACE',''
  ) );
#3987 = PCURVE('',#1956,#3988);
#3988 = DEFINITIONAL_REPRESENTATION('',(#3989),#3997);
#3989 = ( BOUNDED_CURVE() B_SPLINE_CURVE(2,(#3990,#3991,#3992,#3993,
#3994,#3995,#3996),.UNSPECIFIED.,.T.,.F.) B_SPLINE_CURVE_WITH_KNOTS((1,2
    ,2,2,2,1),(-2.094395102393,0.,2.094395102393,4.188790204786,
6.28318530718,8.377580409573),.UNSPECIFIED.) CURVE() 
GEOMETRIC_REPRESENTATION_ITEM() RATIONAL_B_SPLINE_CURVE((1.,0.5,1.,0.5,
1.,0.5,1.)) REPRESENTATION_ITEM('') );
#3990 = CARTESIAN_POINT('',(1.6,0.));
#3991 = CARTESIAN_POINT('',(1.6,-2.77128129211));
#3992 = CARTESIAN_POINT('',(-0.8,-1.385640646055));
#3993 = CARTESIAN_POINT('',(-3.2,-3.918869757272E-16));
#3994 = CARTESIAN_POINT('',(-0.8,1.385640646055));
#3995 = CARTESIAN_POINT('',(1.6,2.77128129211));
#3996 = CARTESIAN_POINT('',(1.6,0.));
#3997 = ( GEOMETRIC_REPRESENTATION_CONTEXT(2) 
PARAMETRIC_REPRESENTATION_CONTEXT() REPRESENTATION_CONTEXT('2D SPACE',''
  ) );
#3998 = ADVANCED_FACE('',(#3999),#4013,.F.);
#3999 = FACE_BOUND('',#4000,.F.);
#4000 = EDGE_LOOP('',(#4001,#4036,#4064,#4087));
#4001 = ORIENTED_EDGE('',*,*,#4002,.T.);
#4002 = EDGE_CURVE('',#4003,#4005,#4007,.T.);
#4003 = VERTEX_POINT('',#4004);
#4004 = CARTESIAN_POINT('',(-21.3,211.,36.231397208143));
#4005 = VERTEX_POINT('',#4006);
#4006 = CARTESIAN_POINT('',(-16.5,211.,36.231397208143));
#4007 = SURFACE_CURVE('',#4008,(#4012,#4024),.PCURVE_S1.);
#4008 = LINE('',#4009,#4010);
#4009 = CARTESIAN_POINT('',(-22.5,211.,36.231397208143));
#4010 = VECTOR('',#4011,1.);
#4011 = DIRECTION('',(1.,6.450531537933E-16,2.775557561562E-17));
#4012 = PCURVE('',#4013,#4018);
#4013 = CYLINDRICAL_SURFACE('',#4014,1.6);
#4014 = AXIS2_PLACEMENT_3D('',#4015,#4016,#4017);
#4015 = CARTESIAN_POINT('',(-22.5,211.,34.631397208143));
#4016 = DIRECTION('',(1.,6.450531537933E-16,2.775557561562E-17));
#4017 = DIRECTION('',(-2.775557561563E-17,7.136298725426E-15,1.));
#4018 = DEFINITIONAL_REPRESENTATION('',(#4019),#4023);
#4019 = LINE('',#4020,#4021);
#4020 = CARTESIAN_POINT('',(6.28318530718,0.));
#4021 = VECTOR('',#4022,1.);
#4022 = DIRECTION('',(0.,1.));
#4023 = ( GEOMETRIC_REPRESENTATION_CONTEXT(2) 
PARAMETRIC_REPRESENTATION_CONTEXT() REPRESENTATION_CONTEXT('2D SPACE',''
  ) );
#4024 = PCURVE('',#4025,#4030);
#4025 = CYLINDRICAL_SURFACE('',#4026,1.6);
#4026 = AXIS2_PLACEMENT_3D('',#4027,#4028,#4029);
#4027 = CARTESIAN_POINT('',(-22.5,211.,34.631397208143));
#4028 = DIRECTION('',(1.,6.450531537933E-16,2.775557561562E-17));
#4029 = DIRECTION('',(-2.775557561563E-17,7.136298725426E-15,1.));
#4030 = DEFINITIONAL_REPRESENTATION('',(#4031),#4035);
#4031 = LINE('',#4032,#4033);
#4032 = CARTESIAN_POINT('',(0.,0.));
#4033 = VECTOR('',#4034,1.);
#4034 = DIRECTION('',(0.,1.));
#4035 = ( GEOMETRIC_REPRESENTATION_CONTEXT(2) 
PARAMETRIC_REPRESENTATION_CONTEXT() REPRESENTATION_CONTEXT('2D SPACE',''
  ) );
#4036 = ORIENTED_EDGE('',*,*,#4037,.F.);
#4037 = EDGE_CURVE('',#4038,#4005,#4040,.T.);
#4038 = VERTEX_POINT('',#4039);
#4039 = CARTESIAN_POINT('',(-16.5,211.,33.031397208143));
#4040 = SURFACE_CURVE('',#4041,(#4046,#4053),.PCURVE_S1.);
#4041 = CIRCLE('',#4042,1.6);
#4042 = AXIS2_PLACEMENT_3D('',#4043,#4044,#4045);
#4043 = CARTESIAN_POINT('',(-16.5,211.,34.631397208143));
#4044 = DIRECTION('',(1.,6.450531537933E-16,2.775557561562E-17));
#4045 = DIRECTION('',(-2.775557561563E-17,7.136298725426E-15,1.));
#4046 = PCURVE('',#4013,#4047);
#4047 = DEFINITIONAL_REPRESENTATION('',(#4048),#4052);
#4048 = LINE('',#4049,#4050);
#4049 = CARTESIAN_POINT('',(0.,6.));
#4050 = VECTOR('',#4051,1.);
#4051 = DIRECTION('',(1.,0.));
#4052 = ( GEOMETRIC_REPRESENTATION_CONTEXT(2) 
PARAMETRIC_REPRESENTATION_CONTEXT() REPRESENTATION_CONTEXT('2D SPACE',''
  ) );
#4053 = PCURVE('',#760,#4054);
#4054 = DEFINITIONAL_REPRESENTATION('',(#4055),#4063);
#4055 = ( BOUNDED_CURVE() B_SPLINE_CURVE(2,(#4056,#4057,#4058,#4059,
#4060,#4061,#4062),.UNSPECIFIED.,.T.,.F.) B_SPLINE_CURVE_WITH_KNOTS((1,2
    ,2,2,2,1),(-2.094395102393,0.,2.094395102393,4.188790204786,
6.28318530718,8.377580409573),.UNSPECIFIED.) CURVE() 
GEOMETRIC_REPRESENTATION_ITEM() RATIONAL_B_SPLINE_CURVE((1.,0.5,1.,0.5,
1.,0.5,1.)) REPRESENTATION_ITEM('') );
#4056 = CARTESIAN_POINT('',(33.9,-57.5));
#4057 = CARTESIAN_POINT('',(33.9,-54.72871870789));
#4058 = CARTESIAN_POINT('',(36.3,-56.11435935394));
#4059 = CARTESIAN_POINT('',(38.7,-57.5));
#4060 = CARTESIAN_POINT('',(36.3,-58.88564064605));
#4061 = CARTESIAN_POINT('',(33.9,-60.27128129211));
#4062 = CARTESIAN_POINT('',(33.9,-57.5));
#4063 = ( GEOMETRIC_REPRESENTATION_CONTEXT(2) 
PARAMETRIC_REPRESENTATION_CONTEXT() REPRESENTATION_CONTEXT('2D SPACE',''
  ) );
#4064 = ORIENTED_EDGE('',*,*,#4065,.F.);
#4065 = EDGE_CURVE('',#4066,#4038,#4068,.T.);
#4066 = VERTEX_POINT('',#4067);
#4067 = CARTESIAN_POINT('',(-21.3,211.,33.031397208143));
#4068 = SURFACE_CURVE('',#4069,(#4073,#4080),.PCURVE_S1.);
#4069 = LINE('',#4070,#4071);
#4070 = CARTESIAN_POINT('',(-22.5,211.,33.031397208143));
#4071 = VECTOR('',#4072,1.);
#4072 = DIRECTION('',(1.,6.450531537933E-16,2.775557561562E-17));
#4073 = PCURVE('',#4013,#4074);
#4074 = DEFINITIONAL_REPRESENTATION('',(#4075),#4079);
#4075 = LINE('',#4076,#4077);
#4076 = CARTESIAN_POINT('',(3.14159265359,0.));
#4077 = VECTOR('',#4078,1.);
#4078 = DIRECTION('',(0.,1.));
#4079 = ( GEOMETRIC_REPRESENTATION_CONTEXT(2) 
PARAMETRIC_REPRESENTATION_CONTEXT() REPRESENTATION_CONTEXT('2D SPACE',''
  ) );
#4080 = PCURVE('',#4025,#4081);
#4081 = DEFINITIONAL_REPRESENTATION('',(#4082),#4086);
#4082 = LINE('',#4083,#4084);
#4083 = CARTESIAN_POINT('',(3.14159265359,0.));
#4084 = VECTOR('',#4085,1.);
#4085 = DIRECTION('',(0.,1.));
#4086 = ( GEOMETRIC_REPRESENTATION_CONTEXT(2) 
PARAMETRIC_REPRESENTATION_CONTEXT() REPRESENTATION_CONTEXT('2D SPACE',''
  ) );
#4087 = ORIENTED_EDGE('',*,*,#4088,.T.);
#4088 = EDGE_CURVE('',#4066,#4003,#4089,.T.);
#4089 = SURFACE_CURVE('',#4090,(#4095,#4102),.PCURVE_S1.);
#4090 = CIRCLE('',#4091,1.6);
#4091 = AXIS2_PLACEMENT_3D('',#4092,#4093,#4094);
#4092 = CARTESIAN_POINT('',(-21.3,211.,34.631397208143));
#4093 = DIRECTION('',(1.,6.450531537933E-16,2.775557561562E-17));
#4094 = DIRECTION('',(2.775557561563E-17,-7.136298725426E-15,-1.));
#4095 = PCURVE('',#4013,#4096);
#4096 = DEFINITIONAL_REPRESENTATION('',(#4097),#4101);
#4097 = LINE('',#4098,#4099);
#4098 = CARTESIAN_POINT('',(3.14159265359,1.2));
#4099 = VECTOR('',#4100,1.);
#4100 = DIRECTION('',(1.,0.));
#4101 = ( GEOMETRIC_REPRESENTATION_CONTEXT(2) 
PARAMETRIC_REPRESENTATION_CONTEXT() REPRESENTATION_CONTEXT('2D SPACE',''
  ) );
#4102 = PCURVE('',#1840,#4103);
#4103 = DEFINITIONAL_REPRESENTATION('',(#4104),#4112);
#4104 = ( BOUNDED_CURVE() B_SPLINE_CURVE(2,(#4105,#4106,#4107,#4108,
#4109,#4110,#4111),.UNSPECIFIED.,.T.,.F.) B_SPLINE_CURVE_WITH_KNOTS((1,2
    ,2,2,2,1),(-2.094395102393,0.,2.094395102393,4.188790204786,
6.28318530718,8.377580409573),.UNSPECIFIED.) CURVE() 
GEOMETRIC_REPRESENTATION_ITEM() RATIONAL_B_SPLINE_CURVE((1.,0.5,1.,0.5,
1.,0.5,1.)) REPRESENTATION_ITEM('') );
#4105 = CARTESIAN_POINT('',(1.6,0.));
#4106 = CARTESIAN_POINT('',(1.6,-2.77128129211));
#4107 = CARTESIAN_POINT('',(-0.8,-1.385640646055));
#4108 = CARTESIAN_POINT('',(-3.2,-3.918869757272E-16));
#4109 = CARTESIAN_POINT('',(-0.8,1.385640646055));
#4110 = CARTESIAN_POINT('',(1.6,2.77128129211));
#4111 = CARTESIAN_POINT('',(1.6,0.));
#4112 = ( GEOMETRIC_REPRESENTATION_CONTEXT(2) 
PARAMETRIC_REPRESENTATION_CONTEXT() REPRESENTATION_CONTEXT('2D SPACE',''
  ) );
#4113 = ADVANCED_FACE('',(#4114),#1516,.F.);
#4114 = FACE_BOUND('',#4115,.F.);
#4115 = EDGE_LOOP('',(#4116,#4141,#4167,#4168,#4196,#4219,#4247,#4275,
    #4308,#4331,#4359,#4382));
#4116 = ORIENTED_EDGE('',*,*,#4117,.F.);
#4117 = EDGE_CURVE('',#4118,#4120,#4122,.T.);
#4118 = VERTEX_POINT('',#4119);
#4119 = CARTESIAN_POINT('',(-21.,176.97447002864,36.574254351));
#4120 = VERTEX_POINT('',#4121);
#4121 = CARTESIAN_POINT('',(-19.8,176.97447002864,36.574254351));
#4122 = SURFACE_CURVE('',#4123,(#4127,#4134),.PCURVE_S1.);
#4123 = LINE('',#4124,#4125);
#4124 = CARTESIAN_POINT('',(-21.15,176.97447002864,36.574254351));
#4125 = VECTOR('',#4126,1.);
#4126 = DIRECTION('',(1.,6.450531537933E-16,2.775557561562E-17));
#4127 = PCURVE('',#1516,#4128);
#4128 = DEFINITIONAL_REPRESENTATION('',(#4129),#4133);
#4129 = LINE('',#4130,#4131);
#4130 = CARTESIAN_POINT('',(3.229495907008,1.35));
#4131 = VECTOR('',#4132,1.);
#4132 = DIRECTION('',(0.,1.));
#4133 = ( GEOMETRIC_REPRESENTATION_CONTEXT(2) 
PARAMETRIC_REPRESENTATION_CONTEXT() REPRESENTATION_CONTEXT('2D SPACE',''
  ) );
#4134 = PCURVE('',#1697,#4135);
#4135 = DEFINITIONAL_REPRESENTATION('',(#4136),#4140);
#4136 = LINE('',#4137,#4138);
#4137 = CARTESIAN_POINT('',(3.461359432697,1.35));
#4138 = VECTOR('',#4139,1.);
#4139 = DIRECTION('',(0.,-1.));
#4140 = ( GEOMETRIC_REPRESENTATION_CONTEXT(2) 
PARAMETRIC_REPRESENTATION_CONTEXT() REPRESENTATION_CONTEXT('2D SPACE',''
  ) );
#4141 = ORIENTED_EDGE('',*,*,#4142,.T.);
#4142 = EDGE_CURVE('',#4118,#1501,#4143,.T.);
#4143 = SURFACE_CURVE('',#4144,(#4149,#4156),.PCURVE_S1.);
#4144 = CIRCLE('',#4145,11.1);
#4145 = AXIS2_PLACEMENT_3D('',#4146,#4147,#4148);
#4146 = CARTESIAN_POINT('',(-21.,176.,47.631397208143));
#4147 = DIRECTION('',(1.,6.450531537933E-16,2.775557561562E-17));
#4148 = DIRECTION('',(2.775557561563E-17,-7.136298725426E-15,-1.));
#4149 = PCURVE('',#1516,#4150);
#4150 = DEFINITIONAL_REPRESENTATION('',(#4151),#4155);
#4151 = LINE('',#4152,#4153);
#4152 = CARTESIAN_POINT('',(3.14159265359,1.5));
#4153 = VECTOR('',#4154,1.);
#4154 = DIRECTION('',(1.,0.));
#4155 = ( GEOMETRIC_REPRESENTATION_CONTEXT(2) 
PARAMETRIC_REPRESENTATION_CONTEXT() REPRESENTATION_CONTEXT('2D SPACE',''
  ) );
#4156 = PCURVE('',#1315,#4157);
#4157 = DEFINITIONAL_REPRESENTATION('',(#4158),#4166);
#4158 = ( BOUNDED_CURVE() B_SPLINE_CURVE(2,(#4159,#4160,#4161,#4162,
#4163,#4164,#4165),.UNSPECIFIED.,.T.,.F.) B_SPLINE_CURVE_WITH_KNOTS((1,2
    ,2,2,2,1),(-2.094395102393,0.,2.094395102393,4.188790204786,
6.28318530718,8.377580409573),.UNSPECIFIED.) CURVE() 
GEOMETRIC_REPRESENTATION_ITEM() RATIONAL_B_SPLINE_CURVE((1.,0.5,1.,0.5,
1.,0.5,1.)) REPRESENTATION_ITEM('') );
#4159 = CARTESIAN_POINT('',(11.1,0.));
#4160 = CARTESIAN_POINT('',(11.1,-19.22576396401));
#4161 = CARTESIAN_POINT('',(-5.55,-9.612881982007));
#4162 = CARTESIAN_POINT('',(-22.2,-2.718715894107E-15));
#4163 = CARTESIAN_POINT('',(-5.55,9.612881982007));
#4164 = CARTESIAN_POINT('',(11.1,19.225763964015));
#4165 = CARTESIAN_POINT('',(11.1,0.));
#4166 = ( GEOMETRIC_REPRESENTATION_CONTEXT(2) 
PARAMETRIC_REPRESENTATION_CONTEXT() REPRESENTATION_CONTEXT('2D SPACE',''
  ) );
#4167 = ORIENTED_EDGE('',*,*,#1498,.F.);
#4168 = ORIENTED_EDGE('',*,*,#4169,.T.);
#4169 = EDGE_CURVE('',#1499,#4170,#4172,.T.);
#4170 = VERTEX_POINT('',#4171);
#4171 = CARTESIAN_POINT('',(-19.8,187.05714285714,48.605867236792));
#4172 = SURFACE_CURVE('',#4173,(#4178,#4185),.PCURVE_S1.);
#4173 = CIRCLE('',#4174,11.1);
#4174 = AXIS2_PLACEMENT_3D('',#4175,#4176,#4177);
#4175 = CARTESIAN_POINT('',(-19.8,176.,47.631397208143));
#4176 = DIRECTION('',(1.,6.450531537933E-16,2.775557561562E-17));
#4177 = DIRECTION('',(2.775557561563E-17,-7.136298725426E-15,-1.));
#4178 = PCURVE('',#1516,#4179);
#4179 = DEFINITIONAL_REPRESENTATION('',(#4180),#4184);
#4180 = LINE('',#4181,#4182);
#4181 = CARTESIAN_POINT('',(3.14159265359,2.7));
#4182 = VECTOR('',#4183,1.);
#4183 = DIRECTION('',(1.,0.));
#4184 = ( GEOMETRIC_REPRESENTATION_CONTEXT(2) 
PARAMETRIC_REPRESENTATION_CONTEXT() REPRESENTATION_CONTEXT('2D SPACE',''
  ) );
#4185 = PCURVE('',#1483,#4186);
#4186 = DEFINITIONAL_REPRESENTATION('',(#4187),#4195);
#4187 = ( BOUNDED_CURVE() B_SPLINE_CURVE(2,(#4188,#4189,#4190,#4191,
#4192,#4193,#4194),.UNSPECIFIED.,.T.,.F.) B_SPLINE_CURVE_WITH_KNOTS((1,2
    ,2,2,2,1),(-2.094395102393,0.,2.094395102393,4.188790204786,
6.28318530718,8.377580409573),.UNSPECIFIED.) CURVE() 
GEOMETRIC_REPRESENTATION_ITEM() RATIONAL_B_SPLINE_CURVE((1.,0.5,1.,0.5,
1.,0.5,1.)) REPRESENTATION_ITEM('') );
#4188 = CARTESIAN_POINT('',(11.1,14.));
#4189 = CARTESIAN_POINT('',(11.1,-5.225763964015));
#4190 = CARTESIAN_POINT('',(-5.55,4.387118017993));
#4191 = CARTESIAN_POINT('',(-22.2,14.));
#4192 = CARTESIAN_POINT('',(-5.55,23.612881982007));
#4193 = CARTESIAN_POINT('',(11.1,33.225763964015));
#4194 = CARTESIAN_POINT('',(11.1,14.));
#4195 = ( GEOMETRIC_REPRESENTATION_CONTEXT(2) 
PARAMETRIC_REPRESENTATION_CONTEXT() REPRESENTATION_CONTEXT('2D SPACE',''
  ) );
#4196 = ORIENTED_EDGE('',*,*,#4197,.F.);
#4197 = EDGE_CURVE('',#4198,#4170,#4200,.T.);
#4198 = VERTEX_POINT('',#4199);
#4199 = CARTESIAN_POINT('',(-21.,187.05714285714,48.605867236792));
#4200 = SURFACE_CURVE('',#4201,(#4205,#4212),.PCURVE_S1.);
#4201 = LINE('',#4202,#4203);
#4202 = CARTESIAN_POINT('',(-21.15,187.05714285714,48.605867236792));
#4203 = VECTOR('',#4204,1.);
#4204 = DIRECTION('',(1.,6.450531537933E-16,2.775557561562E-17));
#4205 = PCURVE('',#1516,#4206);
#4206 = DEFINITIONAL_REPRESENTATION('',(#4207),#4211);
#4207 = LINE('',#4208,#4209);
#4208 = CARTESIAN_POINT('',(4.800292233803,1.35));
#4209 = VECTOR('',#4210,1.);
#4210 = DIRECTION('',(0.,1.));
#4211 = ( GEOMETRIC_REPRESENTATION_CONTEXT(2) 
PARAMETRIC_REPRESENTATION_CONTEXT() REPRESENTATION_CONTEXT('2D SPACE',''
  ) );
#4212 = PCURVE('',#1456,#4213);
#4213 = DEFINITIONAL_REPRESENTATION('',(#4214),#4218);
#4214 = LINE('',#4215,#4216);
#4215 = CARTESIAN_POINT('',(1.890563105902,1.35));
#4216 = VECTOR('',#4217,1.);
#4217 = DIRECTION('',(0.,-1.));
#4218 = ( GEOMETRIC_REPRESENTATION_CONTEXT(2) 
PARAMETRIC_REPRESENTATION_CONTEXT() REPRESENTATION_CONTEXT('2D SPACE',''
  ) );
#4219 = ORIENTED_EDGE('',*,*,#4220,.T.);
#4220 = EDGE_CURVE('',#4198,#4221,#4223,.T.);
#4221 = VERTEX_POINT('',#4222);
#4222 = CARTESIAN_POINT('',(-21.,176.97447002864,58.688540065286));
#4223 = SURFACE_CURVE('',#4224,(#4229,#4236),.PCURVE_S1.);
#4224 = CIRCLE('',#4225,11.1);
#4225 = AXIS2_PLACEMENT_3D('',#4226,#4227,#4228);
#4226 = CARTESIAN_POINT('',(-21.,176.,47.631397208143));
#4227 = DIRECTION('',(1.,6.450531537933E-16,2.775557561562E-17));
#4228 = DIRECTION('',(2.775557561563E-17,-8.386549879283E-15,-1.));
#4229 = PCURVE('',#1516,#4230);
#4230 = DEFINITIONAL_REPRESENTATION('',(#4231),#4235);
#4231 = LINE('',#4232,#4233);
#4232 = CARTESIAN_POINT('',(3.14159265359,1.5));
#4233 = VECTOR('',#4234,1.);
#4234 = DIRECTION('',(1.,0.));
#4235 = ( GEOMETRIC_REPRESENTATION_CONTEXT(2) 
PARAMETRIC_REPRESENTATION_CONTEXT() REPRESENTATION_CONTEXT('2D SPACE',''
  ) );
#4236 = PCURVE('',#1428,#4237);
#4237 = DEFINITIONAL_REPRESENTATION('',(#4238),#4246);
#4238 = ( BOUNDED_CURVE() B_SPLINE_CURVE(2,(#4239,#4240,#4241,#4242,
#4243,#4244,#4245),.UNSPECIFIED.,.T.,.F.) B_SPLINE_CURVE_WITH_KNOTS((1,2
    ,2,2,2,1),(-2.094395102393,0.,2.094395102393,4.188790204786,
6.28318530718,8.377580409573),.UNSPECIFIED.) CURVE() 
GEOMETRIC_REPRESENTATION_ITEM() RATIONAL_B_SPLINE_CURVE((1.,0.5,1.,0.5,
1.,0.5,1.)) REPRESENTATION_ITEM('') );
#4239 = CARTESIAN_POINT('',(11.1,1.387778780781E-14));
#4240 = CARTESIAN_POINT('',(11.1,-19.22576396401));
#4241 = CARTESIAN_POINT('',(-5.55,-9.612881982007));
#4242 = CARTESIAN_POINT('',(-22.2,-3.047429150974E-14));
#4243 = CARTESIAN_POINT('',(-5.55,9.612881982007));
#4244 = CARTESIAN_POINT('',(11.1,19.225763964015));
#4245 = CARTESIAN_POINT('',(11.1,1.387778780781E-14));
#4246 = ( GEOMETRIC_REPRESENTATION_CONTEXT(2) 
PARAMETRIC_REPRESENTATION_CONTEXT() REPRESENTATION_CONTEXT('2D SPACE',''
  ) );
#4247 = ORIENTED_EDGE('',*,*,#4248,.F.);
#4248 = EDGE_CURVE('',#4249,#4221,#4251,.T.);
#4249 = VERTEX_POINT('',#4250);
#4250 = CARTESIAN_POINT('',(-19.8,176.97447002864,58.688540065286));
#4251 = SURFACE_CURVE('',#4252,(#4256,#4263),.PCURVE_S1.);
#4252 = LINE('',#4253,#4254);
#4253 = CARTESIAN_POINT('',(-21.15,176.97447002864,58.688540065286));
#4254 = VECTOR('',#4255,1.);
#4255 = DIRECTION('',(-1.,-6.450531537933E-16,-2.775557561562E-17));
#4256 = PCURVE('',#1516,#4257);
#4257 = DEFINITIONAL_REPRESENTATION('',(#4258),#4262);
#4258 = LINE('',#4259,#4260);
#4259 = CARTESIAN_POINT('',(6.195282053761,1.35));
#4260 = VECTOR('',#4261,1.);
#4261 = DIRECTION('',(0.,-1.));
#4262 = ( GEOMETRIC_REPRESENTATION_CONTEXT(2) 
PARAMETRIC_REPRESENTATION_CONTEXT() REPRESENTATION_CONTEXT('2D SPACE',''
  ) );
#4263 = PCURVE('',#4264,#4269);
#4264 = CYLINDRICAL_SURFACE('',#4265,3.1);
#4265 = AXIS2_PLACEMENT_3D('',#4266,#4267,#4268);
#4266 = CARTESIAN_POINT('',(-19.8,176.,61.631397208143));
#4267 = DIRECTION('',(-1.,-6.450531537933E-16,-2.775557561562E-17));
#4268 = DIRECTION('',(2.775557561563E-17,-7.136298725426E-15,-1.));
#4269 = DEFINITIONAL_REPRESENTATION('',(#4270),#4274);
#4270 = LINE('',#4271,#4272);
#4271 = CARTESIAN_POINT('',(5.963418528072,1.35));
#4272 = VECTOR('',#4273,1.);
#4273 = DIRECTION('',(0.,1.));
#4274 = ( GEOMETRIC_REPRESENTATION_CONTEXT(2) 
PARAMETRIC_REPRESENTATION_CONTEXT() REPRESENTATION_CONTEXT('2D SPACE',''
  ) );
#4275 = ORIENTED_EDGE('',*,*,#4276,.T.);
#4276 = EDGE_CURVE('',#4249,#4277,#4279,.T.);
#4277 = VERTEX_POINT('',#4278);
#4278 = CARTESIAN_POINT('',(-19.8,176.,58.731397208143));
#4279 = SURFACE_CURVE('',#4280,(#4285,#4292),.PCURVE_S1.);
#4280 = CIRCLE('',#4281,11.1);
#4281 = AXIS2_PLACEMENT_3D('',#4282,#4283,#4284);
#4282 = CARTESIAN_POINT('',(-19.8,176.,47.631397208143));
#4283 = DIRECTION('',(1.,6.450531537933E-16,2.775557561562E-17));
#4284 = DIRECTION('',(2.775557561563E-17,-7.136298725426E-15,-1.));
#4285 = PCURVE('',#1516,#4286);
#4286 = DEFINITIONAL_REPRESENTATION('',(#4287),#4291);
#4287 = LINE('',#4288,#4289);
#4288 = CARTESIAN_POINT('',(3.14159265359,2.7));
#4289 = VECTOR('',#4290,1.);
#4290 = DIRECTION('',(1.,0.));
#4291 = ( GEOMETRIC_REPRESENTATION_CONTEXT(2) 
PARAMETRIC_REPRESENTATION_CONTEXT() REPRESENTATION_CONTEXT('2D SPACE',''
  ) );
#4292 = PCURVE('',#4293,#4298);
#4293 = PLANE('',#4294);
#4294 = AXIS2_PLACEMENT_3D('',#4295,#4296,#4297);
#4295 = CARTESIAN_POINT('',(-19.8,176.,61.631397208143));
#4296 = DIRECTION('',(-1.,-6.450531537933E-16,-2.775557561562E-17));
#4297 = DIRECTION('',(2.775557561563E-17,-7.136298725426E-15,-1.));
#4298 = DEFINITIONAL_REPRESENTATION('',(#4299),#4307);
#4299 = ( BOUNDED_CURVE() B_SPLINE_CURVE(2,(#4300,#4301,#4302,#4303,
#4304,#4305,#4306),.UNSPECIFIED.,.T.,.F.) B_SPLINE_CURVE_WITH_KNOTS((1,2
    ,2,2,2,1),(-2.094395102393,0.,2.094395102393,4.188790204786,
6.28318530718,8.377580409573),.UNSPECIFIED.) CURVE() 
GEOMETRIC_REPRESENTATION_ITEM() RATIONAL_B_SPLINE_CURVE((1.,0.5,1.,0.5,
1.,0.5,1.)) REPRESENTATION_ITEM('') );
#4300 = CARTESIAN_POINT('',(25.1,-1.42108547152E-14));
#4301 = CARTESIAN_POINT('',(25.1,-19.22576396401));
#4302 = CARTESIAN_POINT('',(8.45,-9.612881982007));
#4303 = CARTESIAN_POINT('',(-8.2,-1.692957060931E-14));
#4304 = CARTESIAN_POINT('',(8.45,9.612881982007));
#4305 = CARTESIAN_POINT('',(25.1,19.225763964015));
#4306 = CARTESIAN_POINT('',(25.1,-1.42108547152E-14));
#4307 = ( GEOMETRIC_REPRESENTATION_CONTEXT(2) 
PARAMETRIC_REPRESENTATION_CONTEXT() REPRESENTATION_CONTEXT('2D SPACE',''
  ) );
#4308 = ORIENTED_EDGE('',*,*,#4309,.T.);
#4309 = EDGE_CURVE('',#4277,#4310,#4312,.T.);
#4310 = VERTEX_POINT('',#4311);
#4311 = CARTESIAN_POINT('',(-16.5,176.,58.731397208143));
#4312 = SURFACE_CURVE('',#4313,(#4317,#4324),.PCURVE_S1.);
#4313 = LINE('',#4314,#4315);
#4314 = CARTESIAN_POINT('',(-22.5,176.,58.731397208143));
#4315 = VECTOR('',#4316,1.);
#4316 = DIRECTION('',(1.,6.450531537933E-16,2.775557561562E-17));
#4317 = PCURVE('',#1516,#4318);
#4318 = DEFINITIONAL_REPRESENTATION('',(#4319),#4323);
#4319 = LINE('',#4320,#4321);
#4320 = CARTESIAN_POINT('',(6.28318530718,0.));
#4321 = VECTOR('',#4322,1.);
#4322 = DIRECTION('',(0.,1.));
#4323 = ( GEOMETRIC_REPRESENTATION_CONTEXT(2) 
PARAMETRIC_REPRESENTATION_CONTEXT() REPRESENTATION_CONTEXT('2D SPACE',''
  ) );
#4324 = PCURVE('',#973,#4325);
#4325 = DEFINITIONAL_REPRESENTATION('',(#4326),#4330);
#4326 = LINE('',#4327,#4328);
#4327 = CARTESIAN_POINT('',(0.,0.));
#4328 = VECTOR('',#4329,1.);
#4329 = DIRECTION('',(0.,1.));
#4330 = ( GEOMETRIC_REPRESENTATION_CONTEXT(2) 
PARAMETRIC_REPRESENTATION_CONTEXT() REPRESENTATION_CONTEXT('2D SPACE',''
  ) );
#4331 = ORIENTED_EDGE('',*,*,#4332,.F.);
#4332 = EDGE_CURVE('',#4333,#4310,#4335,.T.);
#4333 = VERTEX_POINT('',#4334);
#4334 = CARTESIAN_POINT('',(-16.5,176.,36.531397208143));
#4335 = SURFACE_CURVE('',#4336,(#4341,#4348),.PCURVE_S1.);
#4336 = CIRCLE('',#4337,11.1);
#4337 = AXIS2_PLACEMENT_3D('',#4338,#4339,#4340);
#4338 = CARTESIAN_POINT('',(-16.5,176.,47.631397208143));
#4339 = DIRECTION('',(1.,6.450531537933E-16,2.775557561562E-17));
#4340 = DIRECTION('',(-2.775557561563E-17,7.136298725426E-15,1.));
#4341 = PCURVE('',#1516,#4342);
#4342 = DEFINITIONAL_REPRESENTATION('',(#4343),#4347);
#4343 = LINE('',#4344,#4345);
#4344 = CARTESIAN_POINT('',(0.,6.));
#4345 = VECTOR('',#4346,1.);
#4346 = DIRECTION('',(1.,0.));
#4347 = ( GEOMETRIC_REPRESENTATION_CONTEXT(2) 
PARAMETRIC_REPRESENTATION_CONTEXT() REPRESENTATION_CONTEXT('2D SPACE',''
  ) );
#4348 = PCURVE('',#760,#4349);
#4349 = DEFINITIONAL_REPRESENTATION('',(#4350),#4358);
#4350 = ( BOUNDED_CURVE() B_SPLINE_CURVE(2,(#4351,#4352,#4353,#4354,
#4355,#4356,#4357),.UNSPECIFIED.,.T.,.F.) B_SPLINE_CURVE_WITH_KNOTS((1,2
    ,2,2,2,1),(-2.094395102393,0.,2.094395102393,4.188790204786,
6.28318530718,8.377580409573),.UNSPECIFIED.) CURVE() 
GEOMETRIC_REPRESENTATION_ITEM() RATIONAL_B_SPLINE_CURVE((1.,0.5,1.,0.5,
1.,0.5,1.)) REPRESENTATION_ITEM('') );
#4351 = CARTESIAN_POINT('',(11.4,-22.5));
#4352 = CARTESIAN_POINT('',(11.4,-3.274236035985));
#4353 = CARTESIAN_POINT('',(28.05,-12.88711801799));
#4354 = CARTESIAN_POINT('',(44.7,-22.5));
#4355 = CARTESIAN_POINT('',(28.05,-32.112881982));
#4356 = CARTESIAN_POINT('',(11.4,-41.72576396401));
#4357 = CARTESIAN_POINT('',(11.4,-22.5));
#4358 = ( GEOMETRIC_REPRESENTATION_CONTEXT(2) 
PARAMETRIC_REPRESENTATION_CONTEXT() REPRESENTATION_CONTEXT('2D SPACE',''
  ) );
#4359 = ORIENTED_EDGE('',*,*,#4360,.F.);
#4360 = EDGE_CURVE('',#4361,#4333,#4363,.T.);
#4361 = VERTEX_POINT('',#4362);
#4362 = CARTESIAN_POINT('',(-19.8,176.,36.531397208143));
#4363 = SURFACE_CURVE('',#4364,(#4368,#4375),.PCURVE_S1.);
#4364 = LINE('',#4365,#4366);
#4365 = CARTESIAN_POINT('',(-22.5,176.,36.531397208143));
#4366 = VECTOR('',#4367,1.);
#4367 = DIRECTION('',(1.,6.450531537933E-16,2.775557561562E-17));
#4368 = PCURVE('',#1516,#4369);
#4369 = DEFINITIONAL_REPRESENTATION('',(#4370),#4374);
#4370 = LINE('',#4371,#4372);
#4371 = CARTESIAN_POINT('',(3.14159265359,0.));
#4372 = VECTOR('',#4373,1.);
#4373 = DIRECTION('',(0.,1.));
#4374 = ( GEOMETRIC_REPRESENTATION_CONTEXT(2) 
PARAMETRIC_REPRESENTATION_CONTEXT() REPRESENTATION_CONTEXT('2D SPACE',''
  ) );
#4375 = PCURVE('',#973,#4376);
#4376 = DEFINITIONAL_REPRESENTATION('',(#4377),#4381);
#4377 = LINE('',#4378,#4379);
#4378 = CARTESIAN_POINT('',(3.14159265359,0.));
#4379 = VECTOR('',#4380,1.);
#4380 = DIRECTION('',(0.,1.));
#4381 = ( GEOMETRIC_REPRESENTATION_CONTEXT(2) 
PARAMETRIC_REPRESENTATION_CONTEXT() REPRESENTATION_CONTEXT('2D SPACE',''
  ) );
#4382 = ORIENTED_EDGE('',*,*,#4383,.T.);
#4383 = EDGE_CURVE('',#4361,#4120,#4384,.T.);
#4384 = SURFACE_CURVE('',#4385,(#4390,#4397),.PCURVE_S1.);
#4385 = CIRCLE('',#4386,11.1);
#4386 = AXIS2_PLACEMENT_3D('',#4387,#4388,#4389);
#4387 = CARTESIAN_POINT('',(-19.8,176.,47.631397208143));
#4388 = DIRECTION('',(1.,6.450531537933E-16,2.775557561562E-17));
#4389 = DIRECTION('',(2.775557561563E-17,-7.136298725426E-15,-1.));
#4390 = PCURVE('',#1516,#4391);
#4391 = DEFINITIONAL_REPRESENTATION('',(#4392),#4396);
#4392 = LINE('',#4393,#4394);
#4393 = CARTESIAN_POINT('',(3.14159265359,2.7));
#4394 = VECTOR('',#4395,1.);
#4395 = DIRECTION('',(1.,0.));
#4396 = ( GEOMETRIC_REPRESENTATION_CONTEXT(2) 
PARAMETRIC_REPRESENTATION_CONTEXT() REPRESENTATION_CONTEXT('2D SPACE',''
  ) );
#4397 = PCURVE('',#1724,#4398);
#4398 = DEFINITIONAL_REPRESENTATION('',(#4399),#4407);
#4399 = ( BOUNDED_CURVE() B_SPLINE_CURVE(2,(#4400,#4401,#4402,#4403,
#4404,#4405,#4406),.UNSPECIFIED.,.T.,.F.) B_SPLINE_CURVE_WITH_KNOTS((1,2
    ,2,2,2,1),(-2.094395102393,0.,2.094395102393,4.188790204786,
6.28318530718,8.377580409573),.UNSPECIFIED.) CURVE() 
GEOMETRIC_REPRESENTATION_ITEM() RATIONAL_B_SPLINE_CURVE((1.,0.5,1.,0.5,
1.,0.5,1.)) REPRESENTATION_ITEM('') );
#4400 = CARTESIAN_POINT('',(-2.9,0.));
#4401 = CARTESIAN_POINT('',(-2.9,-19.22576396401));
#4402 = CARTESIAN_POINT('',(-19.55,-9.612881982007));
#4403 = CARTESIAN_POINT('',(-36.2,-2.718715894107E-15));
#4404 = CARTESIAN_POINT('',(-19.55,9.612881982007));
#4405 = CARTESIAN_POINT('',(-2.9,19.225763964015));
#4406 = CARTESIAN_POINT('',(-2.9,0.));
#4407 = ( GEOMETRIC_REPRESENTATION_CONTEXT(2) 
PARAMETRIC_REPRESENTATION_CONTEXT() REPRESENTATION_CONTEXT('2D SPACE',''
  ) );
#4408 = ADVANCED_FACE('',(#4409),#4423,.F.);
#4409 = FACE_BOUND('',#4410,.F.);
#4410 = EDGE_LOOP('',(#4411,#4446,#4474,#4497));
#4411 = ORIENTED_EDGE('',*,*,#4412,.T.);
#4412 = EDGE_CURVE('',#4413,#4415,#4417,.T.);
#4413 = VERTEX_POINT('',#4414);
#4414 = CARTESIAN_POINT('',(-19.8,162.,49.231397208143));
#4415 = VERTEX_POINT('',#4416);
#4416 = CARTESIAN_POINT('',(-16.5,162.,49.231397208143));
#4417 = SURFACE_CURVE('',#4418,(#4422,#4434),.PCURVE_S1.);
#4418 = LINE('',#4419,#4420);
#4419 = CARTESIAN_POINT('',(-22.5,162.,49.231397208143));
#4420 = VECTOR('',#4421,1.);
#4421 = DIRECTION('',(1.,6.450531537933E-16,2.775557561562E-17));
#4422 = PCURVE('',#4423,#4428);
#4423 = CYLINDRICAL_SURFACE('',#4424,1.6);
#4424 = AXIS2_PLACEMENT_3D('',#4425,#4426,#4427);
#4425 = CARTESIAN_POINT('',(-22.5,162.,47.631397208143));
#4426 = DIRECTION('',(1.,6.450531537933E-16,2.775557561562E-17));
#4427 = DIRECTION('',(-2.775557561563E-17,7.136298725426E-15,1.));
#4428 = DEFINITIONAL_REPRESENTATION('',(#4429),#4433);
#4429 = LINE('',#4430,#4431);
#4430 = CARTESIAN_POINT('',(6.28318530718,0.));
#4431 = VECTOR('',#4432,1.);
#4432 = DIRECTION('',(0.,1.));
#4433 = ( GEOMETRIC_REPRESENTATION_CONTEXT(2) 
PARAMETRIC_REPRESENTATION_CONTEXT() REPRESENTATION_CONTEXT('2D SPACE',''
  ) );
#4434 = PCURVE('',#4435,#4440);
#4435 = CYLINDRICAL_SURFACE('',#4436,1.6);
#4436 = AXIS2_PLACEMENT_3D('',#4437,#4438,#4439);
#4437 = CARTESIAN_POINT('',(-22.5,162.,47.631397208143));
#4438 = DIRECTION('',(1.,6.450531537933E-16,2.775557561562E-17));
#4439 = DIRECTION('',(-2.775557561563E-17,7.136298725426E-15,1.));
#4440 = DEFINITIONAL_REPRESENTATION('',(#4441),#4445);
#4441 = LINE('',#4442,#4443);
#4442 = CARTESIAN_POINT('',(0.,0.));
#4443 = VECTOR('',#4444,1.);
#4444 = DIRECTION('',(0.,1.));
#4445 = ( GEOMETRIC_REPRESENTATION_CONTEXT(2) 
PARAMETRIC_REPRESENTATION_CONTEXT() REPRESENTATION_CONTEXT('2D SPACE',''
  ) );
#4446 = ORIENTED_EDGE('',*,*,#4447,.F.);
#4447 = EDGE_CURVE('',#4448,#4415,#4450,.T.);
#4448 = VERTEX_POINT('',#4449);
#4449 = CARTESIAN_POINT('',(-16.5,162.,46.031397208143));
#4450 = SURFACE_CURVE('',#4451,(#4456,#4463),.PCURVE_S1.);
#4451 = CIRCLE('',#4452,1.6);
#4452 = AXIS2_PLACEMENT_3D('',#4453,#4454,#4455);
#4453 = CARTESIAN_POINT('',(-16.5,162.,47.631397208143));
#4454 = DIRECTION('',(1.,6.450531537933E-16,2.775557561562E-17));
#4455 = DIRECTION('',(-2.775557561563E-17,7.136298725426E-15,1.));
#4456 = PCURVE('',#4423,#4457);
#4457 = DEFINITIONAL_REPRESENTATION('',(#4458),#4462);
#4458 = LINE('',#4459,#4460);
#4459 = CARTESIAN_POINT('',(0.,6.));
#4460 = VECTOR('',#4461,1.);
#4461 = DIRECTION('',(1.,0.));
#4462 = ( GEOMETRIC_REPRESENTATION_CONTEXT(2) 
PARAMETRIC_REPRESENTATION_CONTEXT() REPRESENTATION_CONTEXT('2D SPACE',''
  ) );
#4463 = PCURVE('',#760,#4464);
#4464 = DEFINITIONAL_REPRESENTATION('',(#4465),#4473);
#4465 = ( BOUNDED_CURVE() B_SPLINE_CURVE(2,(#4466,#4467,#4468,#4469,
#4470,#4471,#4472),.UNSPECIFIED.,.T.,.F.) B_SPLINE_CURVE_WITH_KNOTS((1,2
    ,2,2,2,1),(-2.094395102393,0.,2.094395102393,4.188790204786,
6.28318530718,8.377580409573),.UNSPECIFIED.) CURVE() 
GEOMETRIC_REPRESENTATION_ITEM() RATIONAL_B_SPLINE_CURVE((1.,0.5,1.,0.5,
1.,0.5,1.)) REPRESENTATION_ITEM('') );
#4466 = CARTESIAN_POINT('',(20.9,-8.5));
#4467 = CARTESIAN_POINT('',(20.9,-5.72871870789));
#4468 = CARTESIAN_POINT('',(23.3,-7.114359353945));
#4469 = CARTESIAN_POINT('',(25.7,-8.5));
#4470 = CARTESIAN_POINT('',(23.3,-9.885640646055));
#4471 = CARTESIAN_POINT('',(20.9,-11.27128129211));
#4472 = CARTESIAN_POINT('',(20.9,-8.5));
#4473 = ( GEOMETRIC_REPRESENTATION_CONTEXT(2) 
PARAMETRIC_REPRESENTATION_CONTEXT() REPRESENTATION_CONTEXT('2D SPACE',''
  ) );
#4474 = ORIENTED_EDGE('',*,*,#4475,.F.);
#4475 = EDGE_CURVE('',#4476,#4448,#4478,.T.);
#4476 = VERTEX_POINT('',#4477);
#4477 = CARTESIAN_POINT('',(-19.8,162.,46.031397208143));
#4478 = SURFACE_CURVE('',#4479,(#4483,#4490),.PCURVE_S1.);
#4479 = LINE('',#4480,#4481);
#4480 = CARTESIAN_POINT('',(-22.5,162.,46.031397208143));
#4481 = VECTOR('',#4482,1.);
#4482 = DIRECTION('',(1.,6.450531537933E-16,2.775557561562E-17));
#4483 = PCURVE('',#4423,#4484);
#4484 = DEFINITIONAL_REPRESENTATION('',(#4485),#4489);
#4485 = LINE('',#4486,#4487);
#4486 = CARTESIAN_POINT('',(3.14159265359,0.));
#4487 = VECTOR('',#4488,1.);
#4488 = DIRECTION('',(0.,1.));
#4489 = ( GEOMETRIC_REPRESENTATION_CONTEXT(2) 
PARAMETRIC_REPRESENTATION_CONTEXT() REPRESENTATION_CONTEXT('2D SPACE',''
  ) );
#4490 = PCURVE('',#4435,#4491);
#4491 = DEFINITIONAL_REPRESENTATION('',(#4492),#4496);
#4492 = LINE('',#4493,#4494);
#4493 = CARTESIAN_POINT('',(3.14159265359,0.));
#4494 = VECTOR('',#4495,1.);
#4495 = DIRECTION('',(0.,1.));
#4496 = ( GEOMETRIC_REPRESENTATION_CONTEXT(2) 
PARAMETRIC_REPRESENTATION_CONTEXT() REPRESENTATION_CONTEXT('2D SPACE',''
  ) );
#4497 = ORIENTED_EDGE('',*,*,#4498,.T.);
#4498 = EDGE_CURVE('',#4476,#4413,#4499,.T.);
#4499 = SURFACE_CURVE('',#4500,(#4505,#4512),.PCURVE_S1.);
#4500 = CIRCLE('',#4501,1.6);
#4501 = AXIS2_PLACEMENT_3D('',#4502,#4503,#4504);
#4502 = CARTESIAN_POINT('',(-19.8,162.,47.631397208143));
#4503 = DIRECTION('',(1.,6.450531537933E-16,2.775557561562E-17));
#4504 = DIRECTION('',(2.775557561563E-17,-7.136298725426E-15,-1.));
#4505 = PCURVE('',#4423,#4506);
#4506 = DEFINITIONAL_REPRESENTATION('',(#4507),#4511);
#4507 = LINE('',#4508,#4509);
#4508 = CARTESIAN_POINT('',(3.14159265359,2.7));
#4509 = VECTOR('',#4510,1.);
#4510 = DIRECTION('',(1.,0.));
#4511 = ( GEOMETRIC_REPRESENTATION_CONTEXT(2) 
PARAMETRIC_REPRESENTATION_CONTEXT() REPRESENTATION_CONTEXT('2D SPACE',''
  ) );
#4512 = PCURVE('',#1057,#4513);
#4513 = DEFINITIONAL_REPRESENTATION('',(#4514),#4522);
#4514 = ( BOUNDED_CURVE() B_SPLINE_CURVE(2,(#4515,#4516,#4517,#4518,
#4519,#4520,#4521),.UNSPECIFIED.,.T.,.F.) B_SPLINE_CURVE_WITH_KNOTS((1,2
    ,2,2,2,1),(-2.094395102393,0.,2.094395102393,4.188790204786,
6.28318530718,8.377580409573),.UNSPECIFIED.) CURVE() 
GEOMETRIC_REPRESENTATION_ITEM() RATIONAL_B_SPLINE_CURVE((1.,0.5,1.,0.5,
1.,0.5,1.)) REPRESENTATION_ITEM('') );
#4515 = CARTESIAN_POINT('',(1.6,0.));
#4516 = CARTESIAN_POINT('',(1.6,-2.77128129211));
#4517 = CARTESIAN_POINT('',(-0.8,-1.385640646055));
#4518 = CARTESIAN_POINT('',(-3.2,-3.918869757272E-16));
#4519 = CARTESIAN_POINT('',(-0.8,1.385640646055));
#4520 = CARTESIAN_POINT('',(1.6,2.77128129211));
#4521 = CARTESIAN_POINT('',(1.6,0.));
#4522 = ( GEOMETRIC_REPRESENTATION_CONTEXT(2) 
PARAMETRIC_REPRESENTATION_CONTEXT() REPRESENTATION_CONTEXT('2D SPACE',''
  ) );
#4523 = ADVANCED_FACE('',(#4524),#4538,.F.);
#4524 = FACE_BOUND('',#4525,.F.);
#4525 = EDGE_LOOP('',(#4526,#4561,#4589,#4612));
#4526 = ORIENTED_EDGE('',*,*,#4527,.T.);
#4527 = EDGE_CURVE('',#4528,#4530,#4532,.T.);
#4528 = VERTEX_POINT('',#4529);
#4529 = CARTESIAN_POINT('',(-19.8,176.,63.231397208143));
#4530 = VERTEX_POINT('',#4531);
#4531 = CARTESIAN_POINT('',(-16.5,176.,63.231397208143));
#4532 = SURFACE_CURVE('',#4533,(#4537,#4549),.PCURVE_S1.);
#4533 = LINE('',#4534,#4535);
#4534 = CARTESIAN_POINT('',(-22.5,176.,63.231397208143));
#4535 = VECTOR('',#4536,1.);
#4536 = DIRECTION('',(1.,6.450531537933E-16,2.775557561562E-17));
#4537 = PCURVE('',#4538,#4543);
#4538 = CYLINDRICAL_SURFACE('',#4539,1.6);
#4539 = AXIS2_PLACEMENT_3D('',#4540,#4541,#4542);
#4540 = CARTESIAN_POINT('',(-22.5,176.,61.631397208143));
#4541 = DIRECTION('',(1.,6.450531537933E-16,2.775557561562E-17));
#4542 = DIRECTION('',(-2.775557561563E-17,7.136298725426E-15,1.));
#4543 = DEFINITIONAL_REPRESENTATION('',(#4544),#4548);
#4544 = LINE('',#4545,#4546);
#4545 = CARTESIAN_POINT('',(6.28318530718,0.));
#4546 = VECTOR('',#4547,1.);
#4547 = DIRECTION('',(0.,1.));
#4548 = ( GEOMETRIC_REPRESENTATION_CONTEXT(2) 
PARAMETRIC_REPRESENTATION_CONTEXT() REPRESENTATION_CONTEXT('2D SPACE',''
  ) );
#4549 = PCURVE('',#4550,#4555);
#4550 = CYLINDRICAL_SURFACE('',#4551,1.6);
#4551 = AXIS2_PLACEMENT_3D('',#4552,#4553,#4554);
#4552 = CARTESIAN_POINT('',(-22.5,176.,61.631397208143));
#4553 = DIRECTION('',(1.,6.450531537933E-16,2.775557561562E-17));
#4554 = DIRECTION('',(-2.775557561563E-17,7.136298725426E-15,1.));
#4555 = DEFINITIONAL_REPRESENTATION('',(#4556),#4560);
#4556 = LINE('',#4557,#4558);
#4557 = CARTESIAN_POINT('',(0.,0.));
#4558 = VECTOR('',#4559,1.);
#4559 = DIRECTION('',(0.,1.));
#4560 = ( GEOMETRIC_REPRESENTATION_CONTEXT(2) 
PARAMETRIC_REPRESENTATION_CONTEXT() REPRESENTATION_CONTEXT('2D SPACE',''
  ) );
#4561 = ORIENTED_EDGE('',*,*,#4562,.F.);
#4562 = EDGE_CURVE('',#4563,#4530,#4565,.T.);
#4563 = VERTEX_POINT('',#4564);
#4564 = CARTESIAN_POINT('',(-16.5,176.,60.031397208143));
#4565 = SURFACE_CURVE('',#4566,(#4571,#4578),.PCURVE_S1.);
#4566 = CIRCLE('',#4567,1.6);
#4567 = AXIS2_PLACEMENT_3D('',#4568,#4569,#4570);
#4568 = CARTESIAN_POINT('',(-16.5,176.,61.631397208143));
#4569 = DIRECTION('',(1.,6.450531537933E-16,2.775557561562E-17));
#4570 = DIRECTION('',(-2.775557561563E-17,7.136298725426E-15,1.));
#4571 = PCURVE('',#4538,#4572);
#4572 = DEFINITIONAL_REPRESENTATION('',(#4573),#4577);
#4573 = LINE('',#4574,#4575);
#4574 = CARTESIAN_POINT('',(0.,6.));
#4575 = VECTOR('',#4576,1.);
#4576 = DIRECTION('',(1.,0.));
#4577 = ( GEOMETRIC_REPRESENTATION_CONTEXT(2) 
PARAMETRIC_REPRESENTATION_CONTEXT() REPRESENTATION_CONTEXT('2D SPACE',''
  ) );
#4578 = PCURVE('',#760,#4579);
#4579 = DEFINITIONAL_REPRESENTATION('',(#4580),#4588);
#4580 = ( BOUNDED_CURVE() B_SPLINE_CURVE(2,(#4581,#4582,#4583,#4584,
#4585,#4586,#4587),.UNSPECIFIED.,.T.,.F.) B_SPLINE_CURVE_WITH_KNOTS((1,2
    ,2,2,2,1),(-2.094395102393,0.,2.094395102393,4.188790204786,
6.28318530718,8.377580409573),.UNSPECIFIED.) CURVE() 
GEOMETRIC_REPRESENTATION_ITEM() RATIONAL_B_SPLINE_CURVE((1.,0.5,1.,0.5,
1.,0.5,1.)) REPRESENTATION_ITEM('') );
#4581 = CARTESIAN_POINT('',(6.9,-22.5));
#4582 = CARTESIAN_POINT('',(6.9,-19.72871870789));
#4583 = CARTESIAN_POINT('',(9.3,-21.11435935394));
#4584 = CARTESIAN_POINT('',(11.7,-22.5));
#4585 = CARTESIAN_POINT('',(9.3,-23.88564064605));
#4586 = CARTESIAN_POINT('',(6.9,-25.27128129211));
#4587 = CARTESIAN_POINT('',(6.9,-22.5));
#4588 = ( GEOMETRIC_REPRESENTATION_CONTEXT(2) 
PARAMETRIC_REPRESENTATION_CONTEXT() REPRESENTATION_CONTEXT('2D SPACE',''
  ) );
#4589 = ORIENTED_EDGE('',*,*,#4590,.F.);
#4590 = EDGE_CURVE('',#4591,#4563,#4593,.T.);
#4591 = VERTEX_POINT('',#4592);
#4592 = CARTESIAN_POINT('',(-19.8,176.,60.031397208143));
#4593 = SURFACE_CURVE('',#4594,(#4598,#4605),.PCURVE_S1.);
#4594 = LINE('',#4595,#4596);
#4595 = CARTESIAN_POINT('',(-22.5,176.,60.031397208143));
#4596 = VECTOR('',#4597,1.);
#4597 = DIRECTION('',(1.,6.450531537933E-16,2.775557561562E-17));
#4598 = PCURVE('',#4538,#4599);
#4599 = DEFINITIONAL_REPRESENTATION('',(#4600),#4604);
#4600 = LINE('',#4601,#4602);
#4601 = CARTESIAN_POINT('',(3.14159265359,0.));
#4602 = VECTOR('',#4603,1.);
#4603 = DIRECTION('',(0.,1.));
#4604 = ( GEOMETRIC_REPRESENTATION_CONTEXT(2) 
PARAMETRIC_REPRESENTATION_CONTEXT() REPRESENTATION_CONTEXT('2D SPACE',''
  ) );
#4605 = PCURVE('',#4550,#4606);
#4606 = DEFINITIONAL_REPRESENTATION('',(#4607),#4611);
#4607 = LINE('',#4608,#4609);
#4608 = CARTESIAN_POINT('',(3.14159265359,0.));
#4609 = VECTOR('',#4610,1.);
#4610 = DIRECTION('',(0.,1.));
#4611 = ( GEOMETRIC_REPRESENTATION_CONTEXT(2) 
PARAMETRIC_REPRESENTATION_CONTEXT() REPRESENTATION_CONTEXT('2D SPACE',''
  ) );
#4612 = ORIENTED_EDGE('',*,*,#4613,.T.);
#4613 = EDGE_CURVE('',#4591,#4528,#4614,.T.);
#4614 = SURFACE_CURVE('',#4615,(#4620,#4627),.PCURVE_S1.);
#4615 = CIRCLE('',#4616,1.6);
#4616 = AXIS2_PLACEMENT_3D('',#4617,#4618,#4619);
#4617 = CARTESIAN_POINT('',(-19.8,176.,61.631397208143));
#4618 = DIRECTION('',(1.,6.450531537933E-16,2.775557561562E-17));
#4619 = DIRECTION('',(2.775557561563E-17,-7.136298725426E-15,-1.));
#4620 = PCURVE('',#4538,#4621);
#4621 = DEFINITIONAL_REPRESENTATION('',(#4622),#4626);
#4622 = LINE('',#4623,#4624);
#4623 = CARTESIAN_POINT('',(3.14159265359,2.7));
#4624 = VECTOR('',#4625,1.);
#4625 = DIRECTION('',(1.,0.));
#4626 = ( GEOMETRIC_REPRESENTATION_CONTEXT(2) 
PARAMETRIC_REPRESENTATION_CONTEXT() REPRESENTATION_CONTEXT('2D SPACE',''
  ) );
#4627 = PCURVE('',#4293,#4628);
#4628 = DEFINITIONAL_REPRESENTATION('',(#4629),#4637);
#4629 = ( BOUNDED_CURVE() B_SPLINE_CURVE(2,(#4630,#4631,#4632,#4633,
#4634,#4635,#4636),.UNSPECIFIED.,.T.,.F.) B_SPLINE_CURVE_WITH_KNOTS((1,2
    ,2,2,2,1),(-2.094395102393,0.,2.094395102393,4.188790204786,
6.28318530718,8.377580409573),.UNSPECIFIED.) CURVE() 
GEOMETRIC_REPRESENTATION_ITEM() RATIONAL_B_SPLINE_CURVE((1.,0.5,1.,0.5,
1.,0.5,1.)) REPRESENTATION_ITEM('') );
#4630 = CARTESIAN_POINT('',(1.6,0.));
#4631 = CARTESIAN_POINT('',(1.6,-2.77128129211));
#4632 = CARTESIAN_POINT('',(-0.8,-1.385640646055));
#4633 = CARTESIAN_POINT('',(-3.2,-3.918869757272E-16));
#4634 = CARTESIAN_POINT('',(-0.8,1.385640646055));
#4635 = CARTESIAN_POINT('',(1.6,2.77128129211));
#4636 = CARTESIAN_POINT('',(1.6,0.));
#4637 = ( GEOMETRIC_REPRESENTATION_CONTEXT(2) 
PARAMETRIC_REPRESENTATION_CONTEXT() REPRESENTATION_CONTEXT('2D SPACE',''
  ) );
#4638 = ADVANCED_FACE('',(#4639),#4653,.F.);
#4639 = FACE_BOUND('',#4640,.F.);
#4640 = EDGE_LOOP('',(#4641,#4676,#4704,#4727));
#4641 = ORIENTED_EDGE('',*,*,#4642,.T.);
#4642 = EDGE_CURVE('',#4643,#4645,#4647,.T.);
#4643 = VERTEX_POINT('',#4644);
#4644 = CARTESIAN_POINT('',(-19.8,190.,49.231397208143));
#4645 = VERTEX_POINT('',#4646);
#4646 = CARTESIAN_POINT('',(-16.5,190.,49.231397208143));
#4647 = SURFACE_CURVE('',#4648,(#4652,#4664),.PCURVE_S1.);
#4648 = LINE('',#4649,#4650);
#4649 = CARTESIAN_POINT('',(-22.5,190.,49.231397208143));
#4650 = VECTOR('',#4651,1.);
#4651 = DIRECTION('',(1.,6.450531537933E-16,2.775557561562E-17));
#4652 = PCURVE('',#4653,#4658);
#4653 = CYLINDRICAL_SURFACE('',#4654,1.6);
#4654 = AXIS2_PLACEMENT_3D('',#4655,#4656,#4657);
#4655 = CARTESIAN_POINT('',(-22.5,190.,47.631397208143));
#4656 = DIRECTION('',(1.,6.450531537933E-16,2.775557561562E-17));
#4657 = DIRECTION('',(-2.775557561563E-17,7.136298725426E-15,1.));
#4658 = DEFINITIONAL_REPRESENTATION('',(#4659),#4663);
#4659 = LINE('',#4660,#4661);
#4660 = CARTESIAN_POINT('',(6.28318530718,0.));
#4661 = VECTOR('',#4662,1.);
#4662 = DIRECTION('',(0.,1.));
#4663 = ( GEOMETRIC_REPRESENTATION_CONTEXT(2) 
PARAMETRIC_REPRESENTATION_CONTEXT() REPRESENTATION_CONTEXT('2D SPACE',''
  ) );
#4664 = PCURVE('',#4665,#4670);
#4665 = CYLINDRICAL_SURFACE('',#4666,1.6);
#4666 = AXIS2_PLACEMENT_3D('',#4667,#4668,#4669);
#4667 = CARTESIAN_POINT('',(-22.5,190.,47.631397208143));
#4668 = DIRECTION('',(1.,6.450531537933E-16,2.775557561562E-17));
#4669 = DIRECTION('',(-2.775557561563E-17,7.136298725426E-15,1.));
#4670 = DEFINITIONAL_REPRESENTATION('',(#4671),#4675);
#4671 = LINE('',#4672,#4673);
#4672 = CARTESIAN_POINT('',(0.,0.));
#4673 = VECTOR('',#4674,1.);
#4674 = DIRECTION('',(0.,1.));
#4675 = ( GEOMETRIC_REPRESENTATION_CONTEXT(2) 
PARAMETRIC_REPRESENTATION_CONTEXT() REPRESENTATION_CONTEXT('2D SPACE',''
  ) );
#4676 = ORIENTED_EDGE('',*,*,#4677,.F.);
#4677 = EDGE_CURVE('',#4678,#4645,#4680,.T.);
#4678 = VERTEX_POINT('',#4679);
#4679 = CARTESIAN_POINT('',(-16.5,190.,46.031397208143));
#4680 = SURFACE_CURVE('',#4681,(#4686,#4693),.PCURVE_S1.);
#4681 = CIRCLE('',#4682,1.6);
#4682 = AXIS2_PLACEMENT_3D('',#4683,#4684,#4685);
#4683 = CARTESIAN_POINT('',(-16.5,190.,47.631397208143));
#4684 = DIRECTION('',(1.,6.450531537933E-16,2.775557561562E-17));
#4685 = DIRECTION('',(-2.775557561563E-17,7.136298725426E-15,1.));
#4686 = PCURVE('',#4653,#4687);
#4687 = DEFINITIONAL_REPRESENTATION('',(#4688),#4692);
#4688 = LINE('',#4689,#4690);
#4689 = CARTESIAN_POINT('',(0.,6.));
#4690 = VECTOR('',#4691,1.);
#4691 = DIRECTION('',(1.,0.));
#4692 = ( GEOMETRIC_REPRESENTATION_CONTEXT(2) 
PARAMETRIC_REPRESENTATION_CONTEXT() REPRESENTATION_CONTEXT('2D SPACE',''
  ) );
#4693 = PCURVE('',#760,#4694);
#4694 = DEFINITIONAL_REPRESENTATION('',(#4695),#4703);
#4695 = ( BOUNDED_CURVE() B_SPLINE_CURVE(2,(#4696,#4697,#4698,#4699,
#4700,#4701,#4702),.UNSPECIFIED.,.T.,.F.) B_SPLINE_CURVE_WITH_KNOTS((1,2
    ,2,2,2,1),(-2.094395102393,0.,2.094395102393,4.188790204786,
6.28318530718,8.377580409573),.UNSPECIFIED.) CURVE() 
GEOMETRIC_REPRESENTATION_ITEM() RATIONAL_B_SPLINE_CURVE((1.,0.5,1.,0.5,
1.,0.5,1.)) REPRESENTATION_ITEM('') );
#4696 = CARTESIAN_POINT('',(20.9,-36.5));
#4697 = CARTESIAN_POINT('',(20.9,-33.72871870789));
#4698 = CARTESIAN_POINT('',(23.3,-35.11435935394));
#4699 = CARTESIAN_POINT('',(25.7,-36.5));
#4700 = CARTESIAN_POINT('',(23.3,-37.88564064605));
#4701 = CARTESIAN_POINT('',(20.9,-39.27128129211));
#4702 = CARTESIAN_POINT('',(20.9,-36.5));
#4703 = ( GEOMETRIC_REPRESENTATION_CONTEXT(2) 
PARAMETRIC_REPRESENTATION_CONTEXT() REPRESENTATION_CONTEXT('2D SPACE',''
  ) );
#4704 = ORIENTED_EDGE('',*,*,#4705,.F.);
#4705 = EDGE_CURVE('',#4706,#4678,#4708,.T.);
#4706 = VERTEX_POINT('',#4707);
#4707 = CARTESIAN_POINT('',(-19.8,190.,46.031397208143));
#4708 = SURFACE_CURVE('',#4709,(#4713,#4720),.PCURVE_S1.);
#4709 = LINE('',#4710,#4711);
#4710 = CARTESIAN_POINT('',(-22.5,190.,46.031397208143));
#4711 = VECTOR('',#4712,1.);
#4712 = DIRECTION('',(1.,6.450531537933E-16,2.775557561562E-17));
#4713 = PCURVE('',#4653,#4714);
#4714 = DEFINITIONAL_REPRESENTATION('',(#4715),#4719);
#4715 = LINE('',#4716,#4717);
#4716 = CARTESIAN_POINT('',(3.14159265359,0.));
#4717 = VECTOR('',#4718,1.);
#4718 = DIRECTION('',(0.,1.));
#4719 = ( GEOMETRIC_REPRESENTATION_CONTEXT(2) 
PARAMETRIC_REPRESENTATION_CONTEXT() REPRESENTATION_CONTEXT('2D SPACE',''
  ) );
#4720 = PCURVE('',#4665,#4721);
#4721 = DEFINITIONAL_REPRESENTATION('',(#4722),#4726);
#4722 = LINE('',#4723,#4724);
#4723 = CARTESIAN_POINT('',(3.14159265359,0.));
#4724 = VECTOR('',#4725,1.);
#4725 = DIRECTION('',(0.,1.));
#4726 = ( GEOMETRIC_REPRESENTATION_CONTEXT(2) 
PARAMETRIC_REPRESENTATION_CONTEXT() REPRESENTATION_CONTEXT('2D SPACE',''
  ) );
#4727 = ORIENTED_EDGE('',*,*,#4728,.T.);
#4728 = EDGE_CURVE('',#4706,#4643,#4729,.T.);
#4729 = SURFACE_CURVE('',#4730,(#4735,#4742),.PCURVE_S1.);
#4730 = CIRCLE('',#4731,1.6);
#4731 = AXIS2_PLACEMENT_3D('',#4732,#4733,#4734);
#4732 = CARTESIAN_POINT('',(-19.8,190.,47.631397208143));
#4733 = DIRECTION('',(1.,6.450531537933E-16,2.775557561562E-17));
#4734 = DIRECTION('',(2.775557561563E-17,-7.136298725426E-15,-1.));
#4735 = PCURVE('',#4653,#4736);
#4736 = DEFINITIONAL_REPRESENTATION('',(#4737),#4741);
#4737 = LINE('',#4738,#4739);
#4738 = CARTESIAN_POINT('',(3.14159265359,2.7));
#4739 = VECTOR('',#4740,1.);
#4740 = DIRECTION('',(1.,0.));
#4741 = ( GEOMETRIC_REPRESENTATION_CONTEXT(2) 
PARAMETRIC_REPRESENTATION_CONTEXT() REPRESENTATION_CONTEXT('2D SPACE',''
  ) );
#4742 = PCURVE('',#1483,#4743);
#4743 = DEFINITIONAL_REPRESENTATION('',(#4744),#4752);
#4744 = ( BOUNDED_CURVE() B_SPLINE_CURVE(2,(#4745,#4746,#4747,#4748,
#4749,#4750,#4751),.UNSPECIFIED.,.T.,.F.) B_SPLINE_CURVE_WITH_KNOTS((1,2
    ,2,2,2,1),(-2.094395102393,0.,2.094395102393,4.188790204786,
6.28318530718,8.377580409573),.UNSPECIFIED.) CURVE() 
GEOMETRIC_REPRESENTATION_ITEM() RATIONAL_B_SPLINE_CURVE((1.,0.5,1.,0.5,
1.,0.5,1.)) REPRESENTATION_ITEM('') );
#4745 = CARTESIAN_POINT('',(1.6,0.));
#4746 = CARTESIAN_POINT('',(1.6,-2.77128129211));
#4747 = CARTESIAN_POINT('',(-0.8,-1.385640646055));
#4748 = CARTESIAN_POINT('',(-3.2,-3.918869757272E-16));
#4749 = CARTESIAN_POINT('',(-0.8,1.385640646055));
#4750 = CARTESIAN_POINT('',(1.6,2.77128129211));
#4751 = CARTESIAN_POINT('',(1.6,0.));
#4752 = ( GEOMETRIC_REPRESENTATION_CONTEXT(2) 
PARAMETRIC_REPRESENTATION_CONTEXT() REPRESENTATION_CONTEXT('2D SPACE',''
  ) );
#4753 = ADVANCED_FACE('',(#4754),#4768,.F.);
#4754 = FACE_BOUND('',#4755,.F.);
#4755 = EDGE_LOOP('',(#4756,#4791,#4819,#4842));
#4756 = ORIENTED_EDGE('',*,*,#4757,.T.);
#4757 = EDGE_CURVE('',#4758,#4760,#4762,.T.);
#4758 = VERTEX_POINT('',#4759);
#4759 = CARTESIAN_POINT('',(-19.8,176.,35.231397208143));
#4760 = VERTEX_POINT('',#4761);
#4761 = CARTESIAN_POINT('',(-16.5,176.,35.231397208143));
#4762 = SURFACE_CURVE('',#4763,(#4767,#4779),.PCURVE_S1.);
#4763 = LINE('',#4764,#4765);
#4764 = CARTESIAN_POINT('',(-22.5,176.,35.231397208143));
#4765 = VECTOR('',#4766,1.);
#4766 = DIRECTION('',(1.,6.450531537933E-16,2.775557561562E-17));
#4767 = PCURVE('',#4768,#4773);
#4768 = CYLINDRICAL_SURFACE('',#4769,1.6);
#4769 = AXIS2_PLACEMENT_3D('',#4770,#4771,#4772);
#4770 = CARTESIAN_POINT('',(-22.5,176.,33.631397208143));
#4771 = DIRECTION('',(1.,6.450531537933E-16,2.775557561562E-17));
#4772 = DIRECTION('',(-2.775557561563E-17,7.136298725426E-15,1.));
#4773 = DEFINITIONAL_REPRESENTATION('',(#4774),#4778);
#4774 = LINE('',#4775,#4776);
#4775 = CARTESIAN_POINT('',(6.28318530718,0.));
#4776 = VECTOR('',#4777,1.);
#4777 = DIRECTION('',(0.,1.));
#4778 = ( GEOMETRIC_REPRESENTATION_CONTEXT(2) 
PARAMETRIC_REPRESENTATION_CONTEXT() REPRESENTATION_CONTEXT('2D SPACE',''
  ) );
#4779 = PCURVE('',#4780,#4785);
#4780 = CYLINDRICAL_SURFACE('',#4781,1.6);
#4781 = AXIS2_PLACEMENT_3D('',#4782,#4783,#4784);
#4782 = CARTESIAN_POINT('',(-22.5,176.,33.631397208143));
#4783 = DIRECTION('',(1.,6.450531537933E-16,2.775557561562E-17));
#4784 = DIRECTION('',(-2.775557561563E-17,7.136298725426E-15,1.));
#4785 = DEFINITIONAL_REPRESENTATION('',(#4786),#4790);
#4786 = LINE('',#4787,#4788);
#4787 = CARTESIAN_POINT('',(0.,0.));
#4788 = VECTOR('',#4789,1.);
#4789 = DIRECTION('',(0.,1.));
#4790 = ( GEOMETRIC_REPRESENTATION_CONTEXT(2) 
PARAMETRIC_REPRESENTATION_CONTEXT() REPRESENTATION_CONTEXT('2D SPACE',''
  ) );
#4791 = ORIENTED_EDGE('',*,*,#4792,.F.);
#4792 = EDGE_CURVE('',#4793,#4760,#4795,.T.);
#4793 = VERTEX_POINT('',#4794);
#4794 = CARTESIAN_POINT('',(-16.5,176.,32.031397208143));
#4795 = SURFACE_CURVE('',#4796,(#4801,#4808),.PCURVE_S1.);
#4796 = CIRCLE('',#4797,1.6);
#4797 = AXIS2_PLACEMENT_3D('',#4798,#4799,#4800);
#4798 = CARTESIAN_POINT('',(-16.5,176.,33.631397208143));
#4799 = DIRECTION('',(1.,6.450531537933E-16,2.775557561562E-17));
#4800 = DIRECTION('',(-2.775557561563E-17,7.136298725426E-15,1.));
#4801 = PCURVE('',#4768,#4802);
#4802 = DEFINITIONAL_REPRESENTATION('',(#4803),#4807);
#4803 = LINE('',#4804,#4805);
#4804 = CARTESIAN_POINT('',(0.,6.));
#4805 = VECTOR('',#4806,1.);
#4806 = DIRECTION('',(1.,0.));
#4807 = ( GEOMETRIC_REPRESENTATION_CONTEXT(2) 
PARAMETRIC_REPRESENTATION_CONTEXT() REPRESENTATION_CONTEXT('2D SPACE',''
  ) );
#4808 = PCURVE('',#760,#4809);
#4809 = DEFINITIONAL_REPRESENTATION('',(#4810),#4818);
#4810 = ( BOUNDED_CURVE() B_SPLINE_CURVE(2,(#4811,#4812,#4813,#4814,
#4815,#4816,#4817),.UNSPECIFIED.,.T.,.F.) B_SPLINE_CURVE_WITH_KNOTS((1,2
    ,2,2,2,1),(-2.094395102393,0.,2.094395102393,4.188790204786,
6.28318530718,8.377580409573),.UNSPECIFIED.) CURVE() 
GEOMETRIC_REPRESENTATION_ITEM() RATIONAL_B_SPLINE_CURVE((1.,0.5,1.,0.5,
1.,0.5,1.)) REPRESENTATION_ITEM('') );
#4811 = CARTESIAN_POINT('',(34.9,-22.5));
#4812 = CARTESIAN_POINT('',(34.9,-19.72871870789));
#4813 = CARTESIAN_POINT('',(37.3,-21.11435935394));
#4814 = CARTESIAN_POINT('',(39.7,-22.5));
#4815 = CARTESIAN_POINT('',(37.3,-23.88564064605));
#4816 = CARTESIAN_POINT('',(34.9,-25.27128129211));
#4817 = CARTESIAN_POINT('',(34.9,-22.5));
#4818 = ( GEOMETRIC_REPRESENTATION_CONTEXT(2) 
PARAMETRIC_REPRESENTATION_CONTEXT() REPRESENTATION_CONTEXT('2D SPACE',''
  ) );
#4819 = ORIENTED_EDGE('',*,*,#4820,.F.);
#4820 = EDGE_CURVE('',#4821,#4793,#4823,.T.);
#4821 = VERTEX_POINT('',#4822);
#4822 = CARTESIAN_POINT('',(-19.8,176.,32.031397208143));
#4823 = SURFACE_CURVE('',#4824,(#4828,#4835),.PCURVE_S1.);
#4824 = LINE('',#4825,#4826);
#4825 = CARTESIAN_POINT('',(-22.5,176.,32.031397208143));
#4826 = VECTOR('',#4827,1.);
#4827 = DIRECTION('',(1.,6.450531537933E-16,2.775557561562E-17));
#4828 = PCURVE('',#4768,#4829);
#4829 = DEFINITIONAL_REPRESENTATION('',(#4830),#4834);
#4830 = LINE('',#4831,#4832);
#4831 = CARTESIAN_POINT('',(3.14159265359,0.));
#4832 = VECTOR('',#4833,1.);
#4833 = DIRECTION('',(0.,1.));
#4834 = ( GEOMETRIC_REPRESENTATION_CONTEXT(2) 
PARAMETRIC_REPRESENTATION_CONTEXT() REPRESENTATION_CONTEXT('2D SPACE',''
  ) );
#4835 = PCURVE('',#4780,#4836);
#4836 = DEFINITIONAL_REPRESENTATION('',(#4837),#4841);
#4837 = LINE('',#4838,#4839);
#4838 = CARTESIAN_POINT('',(3.14159265359,0.));
#4839 = VECTOR('',#4840,1.);
#4840 = DIRECTION('',(0.,1.));
#4841 = ( GEOMETRIC_REPRESENTATION_CONTEXT(2) 
PARAMETRIC_REPRESENTATION_CONTEXT() REPRESENTATION_CONTEXT('2D SPACE',''
  ) );
#4842 = ORIENTED_EDGE('',*,*,#4843,.T.);
#4843 = EDGE_CURVE('',#4821,#4758,#4844,.T.);
#4844 = SURFACE_CURVE('',#4845,(#4850,#4857),.PCURVE_S1.);
#4845 = CIRCLE('',#4846,1.6);
#4846 = AXIS2_PLACEMENT_3D('',#4847,#4848,#4849);
#4847 = CARTESIAN_POINT('',(-19.8,176.,33.631397208143));
#4848 = DIRECTION('',(1.,6.450531537933E-16,2.775557561562E-17));
#4849 = DIRECTION('',(2.775557561563E-17,-7.136298725426E-15,-1.));
#4850 = PCURVE('',#4768,#4851);
#4851 = DEFINITIONAL_REPRESENTATION('',(#4852),#4856);
#4852 = LINE('',#4853,#4854);
#4853 = CARTESIAN_POINT('',(3.14159265359,2.7));
#4854 = VECTOR('',#4855,1.);
#4855 = DIRECTION('',(1.,0.));
#4856 = ( GEOMETRIC_REPRESENTATION_CONTEXT(2) 
PARAMETRIC_REPRESENTATION_CONTEXT() REPRESENTATION_CONTEXT('2D SPACE',''
  ) );
#4857 = PCURVE('',#1724,#4858);
#4858 = DEFINITIONAL_REPRESENTATION('',(#4859),#4867);
#4859 = ( BOUNDED_CURVE() B_SPLINE_CURVE(2,(#4860,#4861,#4862,#4863,
#4864,#4865,#4866),.UNSPECIFIED.,.T.,.F.) B_SPLINE_CURVE_WITH_KNOTS((1,2
    ,2,2,2,1),(-2.094395102393,0.,2.094395102393,4.188790204786,
6.28318530718,8.377580409573),.UNSPECIFIED.) CURVE() 
GEOMETRIC_REPRESENTATION_ITEM() RATIONAL_B_SPLINE_CURVE((1.,0.5,1.,0.5,
1.,0.5,1.)) REPRESENTATION_ITEM('') );
#4860 = CARTESIAN_POINT('',(1.6,0.));
#4861 = CARTESIAN_POINT('',(1.6,-2.77128129211));
#4862 = CARTESIAN_POINT('',(-0.8,-1.385640646055));
#4863 = CARTESIAN_POINT('',(-3.2,-3.918869757272E-16));
#4864 = CARTESIAN_POINT('',(-0.8,1.385640646055));
#4865 = CARTESIAN_POINT('',(1.6,2.77128129211));
#4866 = CARTESIAN_POINT('',(1.6,0.));
#4867 = ( GEOMETRIC_REPRESENTATION_CONTEXT(2) 
PARAMETRIC_REPRESENTATION_CONTEXT() REPRESENTATION_CONTEXT('2D SPACE',''
  ) );
#4868 = ADVANCED_FACE('',(#4869),#4883,.F.);
#4869 = FACE_BOUND('',#4870,.F.);
#4870 = EDGE_LOOP('',(#4871,#4906,#4934,#4957));
#4871 = ORIENTED_EDGE('',*,*,#4872,.T.);
#4872 = EDGE_CURVE('',#4873,#4875,#4877,.T.);
#4873 = VERTEX_POINT('',#4874);
#4874 = CARTESIAN_POINT('',(-21.,224.,58.731397208143));
#4875 = VERTEX_POINT('',#4876);
#4876 = CARTESIAN_POINT('',(-16.5,224.,58.731397208143));
#4877 = SURFACE_CURVE('',#4878,(#4882,#4894),.PCURVE_S1.);
#4878 = LINE('',#4879,#4880);
#4879 = CARTESIAN_POINT('',(-22.5,224.,58.731397208143));
#4880 = VECTOR('',#4881,1.);
#4881 = DIRECTION('',(1.,6.450531537933E-16,2.775557561562E-17));
#4882 = PCURVE('',#4883,#4888);
#4883 = CYLINDRICAL_SURFACE('',#4884,11.1);
#4884 = AXIS2_PLACEMENT_3D('',#4885,#4886,#4887);
#4885 = CARTESIAN_POINT('',(-22.5,224.,47.631397208143));
#4886 = DIRECTION('',(1.,6.450531537933E-16,2.775557561562E-17));
#4887 = DIRECTION('',(-2.775557561563E-17,7.136298725426E-15,1.));
#4888 = DEFINITIONAL_REPRESENTATION('',(#4889),#4893);
#4889 = LINE('',#4890,#4891);
#4890 = CARTESIAN_POINT('',(6.28318530718,0.));
#4891 = VECTOR('',#4892,1.);
#4892 = DIRECTION('',(0.,1.));
#4893 = ( GEOMETRIC_REPRESENTATION_CONTEXT(2) 
PARAMETRIC_REPRESENTATION_CONTEXT() REPRESENTATION_CONTEXT('2D SPACE',''
  ) );
#4894 = PCURVE('',#4895,#4900);
#4895 = CYLINDRICAL_SURFACE('',#4896,11.1);
#4896 = AXIS2_PLACEMENT_3D('',#4897,#4898,#4899);
#4897 = CARTESIAN_POINT('',(-22.5,224.,47.631397208143));
#4898 = DIRECTION('',(1.,6.450531537933E-16,2.775557561562E-17));
#4899 = DIRECTION('',(-2.775557561563E-17,7.136298725426E-15,1.));
#4900 = DEFINITIONAL_REPRESENTATION('',(#4901),#4905);
#4901 = LINE('',#4902,#4903);
#4902 = CARTESIAN_POINT('',(0.,0.));
#4903 = VECTOR('',#4904,1.);
#4904 = DIRECTION('',(0.,1.));
#4905 = ( GEOMETRIC_REPRESENTATION_CONTEXT(2) 
PARAMETRIC_REPRESENTATION_CONTEXT() REPRESENTATION_CONTEXT('2D SPACE',''
  ) );
#4906 = ORIENTED_EDGE('',*,*,#4907,.F.);
#4907 = EDGE_CURVE('',#4908,#4875,#4910,.T.);
#4908 = VERTEX_POINT('',#4909);
#4909 = CARTESIAN_POINT('',(-16.5,224.,36.531397208143));
#4910 = SURFACE_CURVE('',#4911,(#4916,#4923),.PCURVE_S1.);
#4911 = CIRCLE('',#4912,11.1);
#4912 = AXIS2_PLACEMENT_3D('',#4913,#4914,#4915);
#4913 = CARTESIAN_POINT('',(-16.5,224.,47.631397208143));
#4914 = DIRECTION('',(1.,6.450531537933E-16,2.775557561562E-17));
#4915 = DIRECTION('',(-2.775557561563E-17,7.136298725426E-15,1.));
#4916 = PCURVE('',#4883,#4917);
#4917 = DEFINITIONAL_REPRESENTATION('',(#4918),#4922);
#4918 = LINE('',#4919,#4920);
#4919 = CARTESIAN_POINT('',(0.,6.));
#4920 = VECTOR('',#4921,1.);
#4921 = DIRECTION('',(1.,0.));
#4922 = ( GEOMETRIC_REPRESENTATION_CONTEXT(2) 
PARAMETRIC_REPRESENTATION_CONTEXT() REPRESENTATION_CONTEXT('2D SPACE',''
  ) );
#4923 = PCURVE('',#760,#4924);
#4924 = DEFINITIONAL_REPRESENTATION('',(#4925),#4933);
#4925 = ( BOUNDED_CURVE() B_SPLINE_CURVE(2,(#4926,#4927,#4928,#4929,
#4930,#4931,#4932),.UNSPECIFIED.,.T.,.F.) B_SPLINE_CURVE_WITH_KNOTS((1,2
    ,2,2,2,1),(-2.094395102393,0.,2.094395102393,4.188790204786,
6.28318530718,8.377580409573),.UNSPECIFIED.) CURVE() 
GEOMETRIC_REPRESENTATION_ITEM() RATIONAL_B_SPLINE_CURVE((1.,0.5,1.,0.5,
1.,0.5,1.)) REPRESENTATION_ITEM('') );
#4926 = CARTESIAN_POINT('',(11.4,-70.5));
#4927 = CARTESIAN_POINT('',(11.4,-51.27423603598));
#4928 = CARTESIAN_POINT('',(28.05,-60.88711801799));
#4929 = CARTESIAN_POINT('',(44.7,-70.5));
#4930 = CARTESIAN_POINT('',(28.05,-80.112881982));
#4931 = CARTESIAN_POINT('',(11.4,-89.72576396401));
#4932 = CARTESIAN_POINT('',(11.4,-70.5));
#4933 = ( GEOMETRIC_REPRESENTATION_CONTEXT(2) 
PARAMETRIC_REPRESENTATION_CONTEXT() REPRESENTATION_CONTEXT('2D SPACE',''
  ) );
#4934 = ORIENTED_EDGE('',*,*,#4935,.F.);
#4935 = EDGE_CURVE('',#4936,#4908,#4938,.T.);
#4936 = VERTEX_POINT('',#4937);
#4937 = CARTESIAN_POINT('',(-21.,224.,36.531397208143));
#4938 = SURFACE_CURVE('',#4939,(#4943,#4950),.PCURVE_S1.);
#4939 = LINE('',#4940,#4941);
#4940 = CARTESIAN_POINT('',(-22.5,224.,36.531397208143));
#4941 = VECTOR('',#4942,1.);
#4942 = DIRECTION('',(1.,6.450531537933E-16,2.775557561562E-17));
#4943 = PCURVE('',#4883,#4944);
#4944 = DEFINITIONAL_REPRESENTATION('',(#4945),#4949);
#4945 = LINE('',#4946,#4947);
#4946 = CARTESIAN_POINT('',(3.14159265359,0.));
#4947 = VECTOR('',#4948,1.);
#4948 = DIRECTION('',(0.,1.));
#4949 = ( GEOMETRIC_REPRESENTATION_CONTEXT(2) 
PARAMETRIC_REPRESENTATION_CONTEXT() REPRESENTATION_CONTEXT('2D SPACE',''
  ) );
#4950 = PCURVE('',#4895,#4951);
#4951 = DEFINITIONAL_REPRESENTATION('',(#4952),#4956);
#4952 = LINE('',#4953,#4954);
#4953 = CARTESIAN_POINT('',(3.14159265359,0.));
#4954 = VECTOR('',#4955,1.);
#4955 = DIRECTION('',(0.,1.));
#4956 = ( GEOMETRIC_REPRESENTATION_CONTEXT(2) 
PARAMETRIC_REPRESENTATION_CONTEXT() REPRESENTATION_CONTEXT('2D SPACE',''
  ) );
#4957 = ORIENTED_EDGE('',*,*,#4958,.T.);
#4958 = EDGE_CURVE('',#4936,#4873,#4959,.T.);
#4959 = SURFACE_CURVE('',#4960,(#4965,#4972),.PCURVE_S1.);
#4960 = CIRCLE('',#4961,11.1);
#4961 = AXIS2_PLACEMENT_3D('',#4962,#4963,#4964);
#4962 = CARTESIAN_POINT('',(-21.,224.,47.631397208143));
#4963 = DIRECTION('',(1.,6.450531537933E-16,2.775557561562E-17));
#4964 = DIRECTION('',(2.775557561563E-17,-7.136298725426E-15,-1.));
#4965 = PCURVE('',#4883,#4966);
#4966 = DEFINITIONAL_REPRESENTATION('',(#4967),#4971);
#4967 = LINE('',#4968,#4969);
#4968 = CARTESIAN_POINT('',(3.14159265359,1.5));
#4969 = VECTOR('',#4970,1.);
#4970 = DIRECTION('',(1.,0.));
#4971 = ( GEOMETRIC_REPRESENTATION_CONTEXT(2) 
PARAMETRIC_REPRESENTATION_CONTEXT() REPRESENTATION_CONTEXT('2D SPACE',''
  ) );
#4972 = PCURVE('',#935,#4973);
#4973 = DEFINITIONAL_REPRESENTATION('',(#4974),#4982);
#4974 = ( BOUNDED_CURVE() B_SPLINE_CURVE(2,(#4975,#4976,#4977,#4978,
#4979,#4980,#4981),.UNSPECIFIED.,.T.,.F.) B_SPLINE_CURVE_WITH_KNOTS((1,2
    ,2,2,2,1),(-2.094395102393,0.,2.094395102393,4.188790204786,
6.28318530718,8.377580409573),.UNSPECIFIED.) CURVE() 
GEOMETRIC_REPRESENTATION_ITEM() RATIONAL_B_SPLINE_CURVE((1.,0.5,1.,0.5,
1.,0.5,1.)) REPRESENTATION_ITEM('') );
#4975 = CARTESIAN_POINT('',(11.1,0.));
#4976 = CARTESIAN_POINT('',(11.1,-19.22576396401));
#4977 = CARTESIAN_POINT('',(-5.55,-9.612881982007));
#4978 = CARTESIAN_POINT('',(-22.2,-2.718715894107E-15));
#4979 = CARTESIAN_POINT('',(-5.55,9.612881982007));
#4980 = CARTESIAN_POINT('',(11.1,19.225763964015));
#4981 = CARTESIAN_POINT('',(11.1,0.));
#4982 = ( GEOMETRIC_REPRESENTATION_CONTEXT(2) 
PARAMETRIC_REPRESENTATION_CONTEXT() REPRESENTATION_CONTEXT('2D SPACE',''
  ) );
#4983 = ADVANCED_FACE('',(#4984),#4998,.F.);
#4984 = FACE_BOUND('',#4985,.F.);
#4985 = EDGE_LOOP('',(#4986,#5021,#5049,#5072));
#4986 = ORIENTED_EDGE('',*,*,#4987,.T.);
#4987 = EDGE_CURVE('',#4988,#4990,#4992,.T.);
#4988 = VERTEX_POINT('',#4989);
#4989 = CARTESIAN_POINT('',(-17.6,201.5,46.031397208143));
#4990 = VERTEX_POINT('',#4991);
#4991 = CARTESIAN_POINT('',(-22.5,201.5,46.031397208143));
#4992 = SURFACE_CURVE('',#4993,(#4997,#5009),.PCURVE_S1.);
#4993 = LINE('',#4994,#4995);
#4994 = CARTESIAN_POINT('',(22.5,201.5,46.031397208143));
#4995 = VECTOR('',#4996,1.);
#4996 = DIRECTION('',(-1.,-6.450531537933E-16,-2.775557561562E-17));
#4997 = PCURVE('',#4998,#5003);
#4998 = CYLINDRICAL_SURFACE('',#4999,1.6);
#4999 = AXIS2_PLACEMENT_3D('',#5000,#5001,#5002);
#5000 = CARTESIAN_POINT('',(22.5,201.5,47.631397208143));
#5001 = DIRECTION('',(-1.,-6.450531537933E-16,-2.775557561562E-17));
#5002 = DIRECTION('',(2.775557561563E-17,-7.136298725426E-15,-1.));
#5003 = DEFINITIONAL_REPRESENTATION('',(#5004),#5008);
#5004 = LINE('',#5005,#5006);
#5005 = CARTESIAN_POINT('',(6.28318530718,0.));
#5006 = VECTOR('',#5007,1.);
#5007 = DIRECTION('',(0.,1.));
#5008 = ( GEOMETRIC_REPRESENTATION_CONTEXT(2) 
PARAMETRIC_REPRESENTATION_CONTEXT() REPRESENTATION_CONTEXT('2D SPACE',''
  ) );
#5009 = PCURVE('',#5010,#5015);
#5010 = CYLINDRICAL_SURFACE('',#5011,1.6);
#5011 = AXIS2_PLACEMENT_3D('',#5012,#5013,#5014);
#5012 = CARTESIAN_POINT('',(22.5,201.5,47.631397208143));
#5013 = DIRECTION('',(-1.,-6.450531537933E-16,-2.775557561562E-17));
#5014 = DIRECTION('',(2.775557561563E-17,-7.136298725426E-15,-1.));
#5015 = DEFINITIONAL_REPRESENTATION('',(#5016),#5020);
#5016 = LINE('',#5017,#5018);
#5017 = CARTESIAN_POINT('',(0.,0.));
#5018 = VECTOR('',#5019,1.);
#5019 = DIRECTION('',(0.,1.));
#5020 = ( GEOMETRIC_REPRESENTATION_CONTEXT(2) 
PARAMETRIC_REPRESENTATION_CONTEXT() REPRESENTATION_CONTEXT('2D SPACE',''
  ) );
#5021 = ORIENTED_EDGE('',*,*,#5022,.F.);
#5022 = EDGE_CURVE('',#5023,#4990,#5025,.T.);
#5023 = VERTEX_POINT('',#5024);
#5024 = CARTESIAN_POINT('',(-22.5,201.5,49.231397208143));
#5025 = SURFACE_CURVE('',#5026,(#5031,#5038),.PCURVE_S1.);
#5026 = CIRCLE('',#5027,1.6);
#5027 = AXIS2_PLACEMENT_3D('',#5028,#5029,#5030);
#5028 = CARTESIAN_POINT('',(-22.5,201.5,47.631397208143));
#5029 = DIRECTION('',(-1.,-6.450531537933E-16,-2.775557561562E-17));
#5030 = DIRECTION('',(2.775557561563E-17,-7.136298725426E-15,-1.));
#5031 = PCURVE('',#4998,#5032);
#5032 = DEFINITIONAL_REPRESENTATION('',(#5033),#5037);
#5033 = LINE('',#5034,#5035);
#5034 = CARTESIAN_POINT('',(0.,45.));
#5035 = VECTOR('',#5036,1.);
#5036 = DIRECTION('',(1.,0.));
#5037 = ( GEOMETRIC_REPRESENTATION_CONTEXT(2) 
PARAMETRIC_REPRESENTATION_CONTEXT() REPRESENTATION_CONTEXT('2D SPACE',''
  ) );
#5038 = PCURVE('',#881,#5039);
#5039 = DEFINITIONAL_REPRESENTATION('',(#5040),#5048);
#5040 = ( BOUNDED_CURVE() B_SPLINE_CURVE(2,(#5041,#5042,#5043,#5044,
#5045,#5046,#5047),.UNSPECIFIED.,.T.,.F.) B_SPLINE_CURVE_WITH_KNOTS((1,2
    ,2,2,2,1),(-2.094395102393,0.,2.094395102393,4.188790204786,
6.28318530718,8.377580409573),.UNSPECIFIED.) CURVE() 
GEOMETRIC_REPRESENTATION_ITEM() RATIONAL_B_SPLINE_CURVE((1.,0.5,1.,0.5,
1.,0.5,1.)) REPRESENTATION_ITEM('') );
#5041 = CARTESIAN_POINT('',(-24.1,42.));
#5042 = CARTESIAN_POINT('',(-24.1,44.77128129211));
#5043 = CARTESIAN_POINT('',(-21.7,43.385640646055));
#5044 = CARTESIAN_POINT('',(-19.3,42.));
#5045 = CARTESIAN_POINT('',(-21.7,40.614359353945));
#5046 = CARTESIAN_POINT('',(-24.1,39.22871870789));
#5047 = CARTESIAN_POINT('',(-24.1,42.));
#5048 = ( GEOMETRIC_REPRESENTATION_CONTEXT(2) 
PARAMETRIC_REPRESENTATION_CONTEXT() REPRESENTATION_CONTEXT('2D SPACE',''
  ) );
#5049 = ORIENTED_EDGE('',*,*,#5050,.F.);
#5050 = EDGE_CURVE('',#5051,#5023,#5053,.T.);
#5051 = VERTEX_POINT('',#5052);
#5052 = CARTESIAN_POINT('',(-17.6,201.5,49.231397208143));
#5053 = SURFACE_CURVE('',#5054,(#5058,#5065),.PCURVE_S1.);
#5054 = LINE('',#5055,#5056);
#5055 = CARTESIAN_POINT('',(22.5,201.5,49.231397208143));
#5056 = VECTOR('',#5057,1.);
#5057 = DIRECTION('',(-1.,-6.450531537933E-16,-2.775557561562E-17));
#5058 = PCURVE('',#4998,#5059);
#5059 = DEFINITIONAL_REPRESENTATION('',(#5060),#5064);
#5060 = LINE('',#5061,#5062);
#5061 = CARTESIAN_POINT('',(3.14159265359,0.));
#5062 = VECTOR('',#5063,1.);
#5063 = DIRECTION('',(0.,1.));
#5064 = ( GEOMETRIC_REPRESENTATION_CONTEXT(2) 
PARAMETRIC_REPRESENTATION_CONTEXT() REPRESENTATION_CONTEXT('2D SPACE',''
  ) );
#5065 = PCURVE('',#5010,#5066);
#5066 = DEFINITIONAL_REPRESENTATION('',(#5067),#5071);
#5067 = LINE('',#5068,#5069);
#5068 = CARTESIAN_POINT('',(3.14159265359,0.));
#5069 = VECTOR('',#5070,1.);
#5070 = DIRECTION('',(0.,1.));
#5071 = ( GEOMETRIC_REPRESENTATION_CONTEXT(2) 
PARAMETRIC_REPRESENTATION_CONTEXT() REPRESENTATION_CONTEXT('2D SPACE',''
  ) );
#5072 = ORIENTED_EDGE('',*,*,#5073,.T.);
#5073 = EDGE_CURVE('',#5051,#4988,#5074,.T.);
#5074 = SURFACE_CURVE('',#5075,(#5080,#5087),.PCURVE_S1.);
#5075 = CIRCLE('',#5076,1.6);
#5076 = AXIS2_PLACEMENT_3D('',#5077,#5078,#5079);
#5077 = CARTESIAN_POINT('',(-17.6,201.5,47.631397208143));
#5078 = DIRECTION('',(-1.,-6.450531537933E-16,-2.775557561562E-17));
#5079 = DIRECTION('',(-2.775557561563E-17,7.136298725426E-15,1.));
#5080 = PCURVE('',#4998,#5081);
#5081 = DEFINITIONAL_REPRESENTATION('',(#5082),#5086);
#5082 = LINE('',#5083,#5084);
#5083 = CARTESIAN_POINT('',(3.14159265359,40.1));
#5084 = VECTOR('',#5085,1.);
#5085 = DIRECTION('',(1.,0.));
#5086 = ( GEOMETRIC_REPRESENTATION_CONTEXT(2) 
PARAMETRIC_REPRESENTATION_CONTEXT() REPRESENTATION_CONTEXT('2D SPACE',''
  ) );
#5087 = PCURVE('',#814,#5088);
#5088 = DEFINITIONAL_REPRESENTATION('',(#5089),#5097);
#5089 = ( BOUNDED_CURVE() B_SPLINE_CURVE(2,(#5090,#5091,#5092,#5093,
#5094,#5095,#5096),.UNSPECIFIED.,.T.,.F.) B_SPLINE_CURVE_WITH_KNOTS((1,2
    ,2,2,2,1),(-2.094395102393,0.,2.094395102393,4.188790204786,
6.28318530718,8.377580409573),.UNSPECIFIED.) CURVE() 
GEOMETRIC_REPRESENTATION_ITEM() RATIONAL_B_SPLINE_CURVE((1.,0.5,1.,0.5,
1.,0.5,1.)) REPRESENTATION_ITEM('') );
#5090 = CARTESIAN_POINT('',(1.6,0.));
#5091 = CARTESIAN_POINT('',(1.6,-2.77128129211));
#5092 = CARTESIAN_POINT('',(-0.8,-1.385640646055));
#5093 = CARTESIAN_POINT('',(-3.2,-3.918869757272E-16));
#5094 = CARTESIAN_POINT('',(-0.8,1.385640646055));
#5095 = CARTESIAN_POINT('',(1.6,2.77128129211));
#5096 = CARTESIAN_POINT('',(1.6,0.));
#5097 = ( GEOMETRIC_REPRESENTATION_CONTEXT(2) 
PARAMETRIC_REPRESENTATION_CONTEXT() REPRESENTATION_CONTEXT('2D SPACE',''
  ) );
#5098 = ADVANCED_FACE('',(#5099),#5113,.F.);
#5099 = FACE_BOUND('',#5100,.T.);
#5100 = EDGE_LOOP('',(#5101,#5136,#5169,#5197,#5226));
#5101 = ORIENTED_EDGE('',*,*,#5102,.F.);
#5102 = EDGE_CURVE('',#5103,#5105,#5107,.T.);
#5103 = VERTEX_POINT('',#5104);
#5104 = CARTESIAN_POINT('',(22.5,165.91,66.616704685242));
#5105 = VERTEX_POINT('',#5106);
#5106 = CARTESIAN_POINT('',(22.5,165.91,63.866842619386));
#5107 = SURFACE_CURVE('',#5108,(#5112,#5124),.PCURVE_S1.);
#5108 = LINE('',#5109,#5110);
#5109 = CARTESIAN_POINT('',(22.5,165.91,47.631397208143));
#5110 = VECTOR('',#5111,1.);
#5111 = DIRECTION('',(2.775557561563E-17,-7.136298725426E-15,-1.));
#5112 = PCURVE('',#5113,#5118);
#5113 = PLANE('',#5114);
#5114 = AXIS2_PLACEMENT_3D('',#5115,#5116,#5117);
#5115 = CARTESIAN_POINT('',(22.5,243.5,70.131397208143));
#5116 = DIRECTION('',(-1.,-6.450531537933E-16,-2.775557561562E-17));
#5117 = DIRECTION('',(2.775557561563E-17,-7.136298725426E-15,-1.));
#5118 = DEFINITIONAL_REPRESENTATION('',(#5119),#5123);
#5119 = LINE('',#5120,#5121);
#5120 = CARTESIAN_POINT('',(22.5,77.59));
#5121 = VECTOR('',#5122,1.);
#5122 = DIRECTION('',(1.,0.));
#5123 = ( GEOMETRIC_REPRESENTATION_CONTEXT(2) 
PARAMETRIC_REPRESENTATION_CONTEXT() REPRESENTATION_CONTEXT('2D SPACE',''
  ) );
#5124 = PCURVE('',#5125,#5130);
#5125 = PLANE('',#5126);
#5126 = AXIS2_PLACEMENT_3D('',#5127,#5128,#5129);
#5127 = CARTESIAN_POINT('',(30.4,165.91,47.631397208143));
#5128 = DIRECTION('',(-6.450531537933E-16,1.,-7.136298725426E-15));
#5129 = DIRECTION('',(1.,6.450531537933E-16,2.775557561562E-17));
#5130 = DEFINITIONAL_REPRESENTATION('',(#5131),#5135);
#5131 = LINE('',#5132,#5133);
#5132 = CARTESIAN_POINT('',(-7.9,0.));
#5133 = VECTOR('',#5134,1.);
#5134 = DIRECTION('',(0.,1.));
#5135 = ( GEOMETRIC_REPRESENTATION_CONTEXT(2) 
PARAMETRIC_REPRESENTATION_CONTEXT() REPRESENTATION_CONTEXT('2D SPACE',''
  ) );
#5136 = ORIENTED_EDGE('',*,*,#5137,.T.);
#5137 = EDGE_CURVE('',#5103,#5138,#5140,.T.);
#5138 = VERTEX_POINT('',#5139);
#5139 = CARTESIAN_POINT('',(22.5,175.,26.154665613229));
#5140 = SURFACE_CURVE('',#5141,(#5146,#5157),.PCURVE_S1.);
#5141 = CIRCLE('',#5142,21.5);
#5142 = AXIS2_PLACEMENT_3D('',#5143,#5144,#5145);
#5143 = CARTESIAN_POINT('',(22.5,176.,47.631397208143));
#5144 = DIRECTION('',(1.,6.450531537933E-16,2.775557561562E-17));
#5145 = DIRECTION('',(2.775557561563E-17,-5.199863217359E-15,-1.));
#5146 = PCURVE('',#5113,#5147);
#5147 = DEFINITIONAL_REPRESENTATION('',(#5148),#5156);
#5148 = ( BOUNDED_CURVE() B_SPLINE_CURVE(2,(#5149,#5150,#5151,#5152,
#5153,#5154,#5155),.UNSPECIFIED.,.T.,.F.) B_SPLINE_CURVE_WITH_KNOTS((1,2
    ,2,2,2,1),(-2.094395102393,0.,2.094395102393,4.188790204786,
6.28318530718,8.377580409573),.UNSPECIFIED.) CURVE() 
GEOMETRIC_REPRESENTATION_ITEM() RATIONAL_B_SPLINE_CURVE((1.,0.5,1.,0.5,
1.,0.5,1.)) REPRESENTATION_ITEM('') );
#5149 = CARTESIAN_POINT('',(44.,67.5));
#5150 = CARTESIAN_POINT('',(44.,30.260907637269));
#5151 = CARTESIAN_POINT('',(11.75,48.880453818635));
#5152 = CARTESIAN_POINT('',(-20.5,67.5));
#5153 = CARTESIAN_POINT('',(11.75,86.119546181365));
#5154 = CARTESIAN_POINT('',(44.,104.73909236273));
#5155 = CARTESIAN_POINT('',(44.,67.5));
#5156 = ( GEOMETRIC_REPRESENTATION_CONTEXT(2) 
PARAMETRIC_REPRESENTATION_CONTEXT() REPRESENTATION_CONTEXT('2D SPACE',''
  ) );
#5157 = PCURVE('',#5158,#5163);
#5158 = CONICAL_SURFACE('',#5159,22.5,0.785398163397);
#5159 = AXIS2_PLACEMENT_3D('',#5160,#5161,#5162);
#5160 = CARTESIAN_POINT('',(21.5,176.,47.631397208143));
#5161 = DIRECTION('',(-1.,-6.450531537933E-16,-3.361508602337E-16));
#5162 = DIRECTION('',(3.361508602337E-16,-7.136298725426E-15,-1.));
#5163 = DEFINITIONAL_REPRESENTATION('',(#5164),#5168);
#5164 = LINE('',#5165,#5166);
#5165 = CARTESIAN_POINT('',(6.28318530718,-1.));
#5166 = VECTOR('',#5167,1.);
#5167 = DIRECTION('',(-1.,2.710624732316E-15));
#5168 = ( GEOMETRIC_REPRESENTATION_CONTEXT(2) 
PARAMETRIC_REPRESENTATION_CONTEXT() REPRESENTATION_CONTEXT('2D SPACE',''
  ) );
#5169 = ORIENTED_EDGE('',*,*,#5170,.T.);
#5170 = EDGE_CURVE('',#5138,#5171,#5173,.T.);
#5171 = VERTEX_POINT('',#5172);
#5172 = CARTESIAN_POINT('',(22.5,175.,29.559042629948));
#5173 = SURFACE_CURVE('',#5174,(#5178,#5185),.PCURVE_S1.);
#5174 = LINE('',#5175,#5176);
#5175 = CARTESIAN_POINT('',(22.5,175.,70.131397208143));
#5176 = VECTOR('',#5177,1.);
#5177 = DIRECTION('',(-2.775557561563E-17,7.136298725426E-15,1.));
#5178 = PCURVE('',#5113,#5179);
#5179 = DEFINITIONAL_REPRESENTATION('',(#5180),#5184);
#5180 = LINE('',#5181,#5182);
#5181 = CARTESIAN_POINT('',(0.,68.5));
#5182 = VECTOR('',#5183,1.);
#5183 = DIRECTION('',(-1.,0.));
#5184 = ( GEOMETRIC_REPRESENTATION_CONTEXT(2) 
PARAMETRIC_REPRESENTATION_CONTEXT() REPRESENTATION_CONTEXT('2D SPACE',''
  ) );
#5185 = PCURVE('',#5186,#5191);
#5186 = PLANE('',#5187);
#5187 = AXIS2_PLACEMENT_3D('',#5188,#5189,#5190);
#5188 = CARTESIAN_POINT('',(21.5,176.,47.631397208143));
#5189 = DIRECTION('',(-0.707106781187,-0.707106781187,5.026499065588E-15
    ));
#5190 = DIRECTION('',(2.775557561563E-17,-7.136298725426E-15,-1.));
#5191 = DEFINITIONAL_REPRESENTATION('',(#5192),#5196);
#5192 = LINE('',#5193,#5194);
#5193 = CARTESIAN_POINT('',(-22.5,1.414213562373));
#5194 = VECTOR('',#5195,1.);
#5195 = DIRECTION('',(-1.,0.));
#5196 = ( GEOMETRIC_REPRESENTATION_CONTEXT(2) 
PARAMETRIC_REPRESENTATION_CONTEXT() REPRESENTATION_CONTEXT('2D SPACE',''
  ) );
#5197 = ORIENTED_EDGE('',*,*,#5198,.T.);
#5198 = EDGE_CURVE('',#5171,#5199,#5201,.T.);
#5199 = VERTEX_POINT('',#5200);
#5200 = CARTESIAN_POINT('',(22.5,166.96961000235,63.317762513415));
#5201 = SURFACE_CURVE('',#5202,(#5207,#5214),.PCURVE_S1.);
#5202 = CIRCLE('',#5203,18.1);
#5203 = AXIS2_PLACEMENT_3D('',#5204,#5205,#5206);
#5204 = CARTESIAN_POINT('',(22.5,176.,47.631397208143));
#5205 = DIRECTION('',(-1.,-6.450531537933E-16,-2.775557561562E-17));
#5206 = DIRECTION('',(2.775557561563E-17,-7.136298725426E-15,-1.));
#5207 = PCURVE('',#5113,#5208);
#5208 = DEFINITIONAL_REPRESENTATION('',(#5209),#5213);
#5209 = CIRCLE('',#5210,18.1);
#5210 = AXIS2_PLACEMENT_2D('',#5211,#5212);
#5211 = CARTESIAN_POINT('',(22.5,67.5));
#5212 = DIRECTION('',(1.,0.));
#5213 = ( GEOMETRIC_REPRESENTATION_CONTEXT(2) 
PARAMETRIC_REPRESENTATION_CONTEXT() REPRESENTATION_CONTEXT('2D SPACE',''
  ) );
#5214 = PCURVE('',#5215,#5220);
#5215 = CYLINDRICAL_SURFACE('',#5216,18.1);
#5216 = AXIS2_PLACEMENT_3D('',#5217,#5218,#5219);
#5217 = CARTESIAN_POINT('',(72.811529493745,176.,47.631397208143));
#5218 = DIRECTION('',(-1.,-6.450531537933E-16,-2.775557561562E-17));
#5219 = DIRECTION('',(2.775557561563E-17,-7.136298725426E-15,-1.));
#5220 = DEFINITIONAL_REPRESENTATION('',(#5221),#5225);
#5221 = LINE('',#5222,#5223);
#5222 = CARTESIAN_POINT('',(0.,50.311529493745));
#5223 = VECTOR('',#5224,1.);
#5224 = DIRECTION('',(1.,0.));
#5225 = ( GEOMETRIC_REPRESENTATION_CONTEXT(2) 
PARAMETRIC_REPRESENTATION_CONTEXT() REPRESENTATION_CONTEXT('2D SPACE',''
  ) );
#5226 = ORIENTED_EDGE('',*,*,#5227,.T.);
#5227 = EDGE_CURVE('',#5199,#5105,#5228,.T.);
#5228 = SURFACE_CURVE('',#5229,(#5233,#5240),.PCURVE_S1.);
#5229 = LINE('',#5230,#5231);
#5230 = CARTESIAN_POINT('',(22.5,224.51661920809,33.497434427772));
#5231 = VECTOR('',#5232,1.);
#5232 = DIRECTION('',(5.599555506834E-16,-0.88787342409,0.460087799007)
  );
#5233 = PCURVE('',#5113,#5234);
#5234 = DEFINITIONAL_REPRESENTATION('',(#5235),#5239);
#5235 = LINE('',#5236,#5237);
#5236 = CARTESIAN_POINT('',(36.633962780371,18.983380791906));
#5237 = VECTOR('',#5238,1.);
#5238 = DIRECTION('',(-0.460087799007,0.88787342409));
#5239 = ( GEOMETRIC_REPRESENTATION_CONTEXT(2) 
PARAMETRIC_REPRESENTATION_CONTEXT() REPRESENTATION_CONTEXT('2D SPACE',''
  ) );
#5240 = PCURVE('',#5241,#5246);
#5241 = PLANE('',#5242);
#5242 = AXIS2_PLACEMENT_3D('',#5243,#5244,#5245);
#5243 = CARTESIAN_POINT('',(72.811529493745,166.96961000235,
    63.317762513415));
#5244 = DIRECTION('',(-3.214245237305E-16,0.460087799007,0.88787342409)
  );
#5245 = DIRECTION('',(-1.,-6.450531537933E-16,-2.775557561562E-17));
#5246 = DEFINITIONAL_REPRESENTATION('',(#5247),#5251);
#5247 = LINE('',#5248,#5249);
#5248 = CARTESIAN_POINT('',(50.311529493745,-64.81442922421));
#5249 = VECTOR('',#5250,1.);
#5250 = DIRECTION('',(0.,1.));
#5251 = ( GEOMETRIC_REPRESENTATION_CONTEXT(2) 
PARAMETRIC_REPRESENTATION_CONTEXT() REPRESENTATION_CONTEXT('2D SPACE',''
  ) );
#5252 = ADVANCED_FACE('',(#5253,#5306),#586,.F.);
#5253 = FACE_BOUND('',#5254,.T.);
#5254 = EDGE_LOOP('',(#5255,#5283,#5304,#5305));
#5255 = ORIENTED_EDGE('',*,*,#5256,.F.);
#5256 = EDGE_CURVE('',#5257,#652,#5259,.T.);
#5257 = VERTEX_POINT('',#5258);
#5258 = CARTESIAN_POINT('',(-8.28251169634,249.5,31.481397208143));
#5259 = SURFACE_CURVE('',#5260,(#5265,#5276),.PCURVE_S1.);
#5260 = CIRCLE('',#5261,18.15);
#5261 = AXIS2_PLACEMENT_3D('',#5262,#5263,#5264);
#5262 = CARTESIAN_POINT('',(-6.971893948175E-14,249.5,47.631397208143));
#5263 = DIRECTION('',(-6.450531537933E-16,1.,-7.136298725426E-15));
#5264 = DIRECTION('',(1.,6.450531537933E-16,2.775557561562E-17));
#5265 = PCURVE('',#586,#5266);
#5266 = DEFINITIONAL_REPRESENTATION('',(#5267),#5275);
#5267 = ( BOUNDED_CURVE() B_SPLINE_CURVE(2,(#5268,#5269,#5270,#5271,
#5272,#5273,#5274),.UNSPECIFIED.,.T.,.F.) B_SPLINE_CURVE_WITH_KNOTS((1,2
    ,2,2,2,1),(-2.094395102393,0.,2.094395102393,4.188790204786,
6.28318530718,8.377580409573),.UNSPECIFIED.) CURVE() 
GEOMETRIC_REPRESENTATION_ITEM() RATIONAL_B_SPLINE_CURVE((1.,0.5,1.,0.5,
1.,0.5,1.)) REPRESENTATION_ITEM('') );
#5268 = CARTESIAN_POINT('',(-18.15,0.));
#5269 = CARTESIAN_POINT('',(-18.15,31.436722157375));
#5270 = CARTESIAN_POINT('',(9.075,15.718361078688));
#5271 = CARTESIAN_POINT('',(36.3,4.445467880905E-15));
#5272 = CARTESIAN_POINT('',(9.075,-15.71836107868));
#5273 = CARTESIAN_POINT('',(-18.15,-31.43672215737));
#5274 = CARTESIAN_POINT('',(-18.15,0.));
#5275 = ( GEOMETRIC_REPRESENTATION_CONTEXT(2) 
PARAMETRIC_REPRESENTATION_CONTEXT() REPRESENTATION_CONTEXT('2D SPACE',''
  ) );
#5276 = PCURVE('',#667,#5277);
#5277 = DEFINITIONAL_REPRESENTATION('',(#5278),#5282);
#5278 = LINE('',#5279,#5280);
#5279 = CARTESIAN_POINT('',(3.14159265359,10.));
#5280 = VECTOR('',#5281,1.);
#5281 = DIRECTION('',(-1.,0.));
#5282 = ( GEOMETRIC_REPRESENTATION_CONTEXT(2) 
PARAMETRIC_REPRESENTATION_CONTEXT() REPRESENTATION_CONTEXT('2D SPACE',''
  ) );
#5283 = ORIENTED_EDGE('',*,*,#5284,.T.);
#5284 = EDGE_CURVE('',#5257,#570,#5285,.T.);
#5285 = SURFACE_CURVE('',#5286,(#5290,#5297),.PCURVE_S1.);
#5286 = LINE('',#5287,#5288);
#5287 = CARTESIAN_POINT('',(-6.927068693555E-14,249.5,31.481397208143));
#5288 = VECTOR('',#5289,1.);
#5289 = DIRECTION('',(1.,6.450531537933E-16,2.775557561562E-17));
#5290 = PCURVE('',#586,#5291);
#5291 = DEFINITIONAL_REPRESENTATION('',(#5292),#5296);
#5292 = LINE('',#5293,#5294);
#5293 = CARTESIAN_POINT('',(0.,16.15));
#5294 = VECTOR('',#5295,1.);
#5295 = DIRECTION('',(-1.,0.));
#5296 = ( GEOMETRIC_REPRESENTATION_CONTEXT(2) 
PARAMETRIC_REPRESENTATION_CONTEXT() REPRESENTATION_CONTEXT('2D SPACE',''
  ) );
#5297 = PCURVE('',#73,#5298);
#5298 = DEFINITIONAL_REPRESENTATION('',(#5299),#5303);
#5299 = LINE('',#5300,#5301);
#5300 = CARTESIAN_POINT('',(0.,10.));
#5301 = VECTOR('',#5302,1.);
#5302 = DIRECTION('',(1.,0.));
#5303 = ( GEOMETRIC_REPRESENTATION_CONTEXT(2) 
PARAMETRIC_REPRESENTATION_CONTEXT() REPRESENTATION_CONTEXT('2D SPACE',''
  ) );
#5304 = ORIENTED_EDGE('',*,*,#569,.F.);
#5305 = ORIENTED_EDGE('',*,*,#679,.F.);
#5306 = FACE_BOUND('',#5307,.T.);
#5307 = EDGE_LOOP('',(#5308,#5338,#5366,#5394,#5422,#5455,#5483,#5516,
    #5539,#5567));
#5308 = ORIENTED_EDGE('',*,*,#5309,.F.);
#5309 = EDGE_CURVE('',#5310,#5312,#5314,.T.);
#5310 = VERTEX_POINT('',#5311);
#5311 = CARTESIAN_POINT('',(-9.3,249.5,26.131397208143));
#5312 = VERTEX_POINT('',#5313);
#5313 = CARTESIAN_POINT('',(-9.3,249.5,30.131397208143));
#5314 = SURFACE_CURVE('',#5315,(#5319,#5326),.PCURVE_S1.);
#5315 = LINE('',#5316,#5317);
#5316 = CARTESIAN_POINT('',(-9.3,249.5,47.631397208143));
#5317 = VECTOR('',#5318,1.);
#5318 = DIRECTION('',(-1.819532179247E-16,7.136298725426E-15,1.));
#5319 = PCURVE('',#586,#5320);
#5320 = DEFINITIONAL_REPRESENTATION('',(#5321),#5325);
#5321 = LINE('',#5322,#5323);
#5322 = CARTESIAN_POINT('',(9.3,1.434038073474E-15));
#5323 = VECTOR('',#5324,1.);
#5324 = DIRECTION('',(1.54197642309E-16,-1.));
#5325 = ( GEOMETRIC_REPRESENTATION_CONTEXT(2) 
PARAMETRIC_REPRESENTATION_CONTEXT() REPRESENTATION_CONTEXT('2D SPACE',''
  ) );
#5326 = PCURVE('',#5327,#5332);
#5327 = PLANE('',#5328);
#5328 = AXIS2_PLACEMENT_3D('',#5329,#5330,#5331);
#5329 = CARTESIAN_POINT('',(-9.3,249.5,30.131397208143));
#5330 = DIRECTION('',(1.,6.450531537933E-16,1.819532179247E-16));
#5331 = DIRECTION('',(-1.819532179247E-16,7.136298725426E-15,1.));
#5332 = DEFINITIONAL_REPRESENTATION('',(#5333),#5337);
#5333 = LINE('',#5334,#5335);
#5334 = CARTESIAN_POINT('',(17.5,0.));
#5335 = VECTOR('',#5336,1.);
#5336 = DIRECTION('',(1.,0.));
#5337 = ( GEOMETRIC_REPRESENTATION_CONTEXT(2) 
PARAMETRIC_REPRESENTATION_CONTEXT() REPRESENTATION_CONTEXT('2D SPACE',''
  ) );
#5338 = ORIENTED_EDGE('',*,*,#5339,.T.);
#5339 = EDGE_CURVE('',#5310,#5340,#5342,.T.);
#5340 = VERTEX_POINT('',#5341);
#5341 = CARTESIAN_POINT('',(-22.5,249.5,26.131397208143));
#5342 = SURFACE_CURVE('',#5343,(#5347,#5354),.PCURVE_S1.);
#5343 = LINE('',#5344,#5345);
#5344 = CARTESIAN_POINT('',(-6.580694529637E-14,249.5,26.131397208143));
#5345 = VECTOR('',#5346,1.);
#5346 = DIRECTION('',(-1.,-6.450531537933E-16,-1.819532179247E-16));
#5347 = PCURVE('',#586,#5348);
#5348 = DEFINITIONAL_REPRESENTATION('',(#5349),#5353);
#5349 = LINE('',#5350,#5351);
#5350 = CARTESIAN_POINT('',(-3.315249309645E-15,21.5));
#5351 = VECTOR('',#5352,1.);
#5352 = DIRECTION('',(1.,1.54197642309E-16));
#5353 = ( GEOMETRIC_REPRESENTATION_CONTEXT(2) 
PARAMETRIC_REPRESENTATION_CONTEXT() REPRESENTATION_CONTEXT('2D SPACE',''
  ) );
#5354 = PCURVE('',#5355,#5360);
#5355 = PLANE('',#5356);
#5356 = AXIS2_PLACEMENT_3D('',#5357,#5358,#5359);
#5357 = CARTESIAN_POINT('',(22.5,248.5,25.131397208143));
#5358 = DIRECTION('',(3.274611050198E-16,-0.707106781187,0.707106781187)
  );
#5359 = DIRECTION('',(1.,6.450531537933E-16,1.819532179247E-16));
#5360 = DEFINITIONAL_REPRESENTATION('',(#5361),#5365);
#5361 = LINE('',#5362,#5363);
#5362 = CARTESIAN_POINT('',(-22.5,1.414213562373));
#5363 = VECTOR('',#5364,1.);
#5364 = DIRECTION('',(-1.,0.));
#5365 = ( GEOMETRIC_REPRESENTATION_CONTEXT(2) 
PARAMETRIC_REPRESENTATION_CONTEXT() REPRESENTATION_CONTEXT('2D SPACE',''
  ) );
#5366 = ORIENTED_EDGE('',*,*,#5367,.F.);
#5367 = EDGE_CURVE('',#5368,#5340,#5370,.T.);
#5368 = VERTEX_POINT('',#5369);
#5369 = CARTESIAN_POINT('',(-22.5,249.5,69.131397208143));
#5370 = SURFACE_CURVE('',#5371,(#5375,#5382),.PCURVE_S1.);
#5371 = LINE('',#5372,#5373);
#5372 = CARTESIAN_POINT('',(-22.5,249.5,70.131397208143));
#5373 = VECTOR('',#5374,1.);
#5374 = DIRECTION('',(2.775557561563E-17,-7.136298725426E-15,-1.));
#5375 = PCURVE('',#586,#5376);
#5376 = DEFINITIONAL_REPRESENTATION('',(#5377),#5381);
#5377 = LINE('',#5378,#5379);
#5378 = CARTESIAN_POINT('',(22.5,-22.5));
#5379 = VECTOR('',#5380,1.);
#5380 = DIRECTION('',(0.,1.));
#5381 = ( GEOMETRIC_REPRESENTATION_CONTEXT(2) 
PARAMETRIC_REPRESENTATION_CONTEXT() REPRESENTATION_CONTEXT('2D SPACE',''
  ) );
#5382 = PCURVE('',#5383,#5388);
#5383 = PLANE('',#5384);
#5384 = AXIS2_PLACEMENT_3D('',#5385,#5386,#5387);
#5385 = CARTESIAN_POINT('',(-22.5,243.5,70.131397208143));
#5386 = DIRECTION('',(1.,6.450531537933E-16,2.775557561562E-17));
#5387 = DIRECTION('',(-2.775557561563E-17,7.136298725426E-15,1.));
#5388 = DEFINITIONAL_REPRESENTATION('',(#5389),#5393);
#5389 = LINE('',#5390,#5391);
#5390 = CARTESIAN_POINT('',(-0.,-6.));
#5391 = VECTOR('',#5392,1.);
#5392 = DIRECTION('',(-1.,0.));
#5393 = ( GEOMETRIC_REPRESENTATION_CONTEXT(2) 
PARAMETRIC_REPRESENTATION_CONTEXT() REPRESENTATION_CONTEXT('2D SPACE',''
  ) );
#5394 = ORIENTED_EDGE('',*,*,#5395,.T.);
#5395 = EDGE_CURVE('',#5368,#5396,#5398,.T.);
#5396 = VERTEX_POINT('',#5397);
#5397 = CARTESIAN_POINT('',(17.5,249.5,69.131397208143));
#5398 = SURFACE_CURVE('',#5399,(#5403,#5410),.PCURVE_S1.);
#5399 = LINE('',#5400,#5401);
#5400 = CARTESIAN_POINT('',(-7.694618297677E-14,249.5,69.131397208143));
#5401 = VECTOR('',#5402,1.);
#5402 = DIRECTION('',(1.,6.450531537933E-16,3.361508602337E-16));
#5403 = PCURVE('',#586,#5404);
#5404 = DEFINITIONAL_REPRESENTATION('',(#5405),#5409);
#5405 = LINE('',#5406,#5407);
#5406 = CARTESIAN_POINT('',(6.630498619289E-15,-21.5));
#5407 = VECTOR('',#5408,1.);
#5408 = DIRECTION('',(-1.,-3.083952846181E-16));
#5409 = ( GEOMETRIC_REPRESENTATION_CONTEXT(2) 
PARAMETRIC_REPRESENTATION_CONTEXT() REPRESENTATION_CONTEXT('2D SPACE',''
  ) );
#5410 = PCURVE('',#5411,#5416);
#5411 = PLANE('',#5412);
#5412 = AXIS2_PLACEMENT_3D('',#5413,#5414,#5415);
#5413 = CARTESIAN_POINT('',(22.5,248.5,70.131397208143));
#5414 = DIRECTION('',(6.93816012046E-16,-0.707106781187,-0.707106781187)
  );
#5415 = DIRECTION('',(-1.,-6.450531537933E-16,-3.361508602337E-16));
#5416 = DEFINITIONAL_REPRESENTATION('',(#5417),#5421);
#5417 = LINE('',#5418,#5419);
#5418 = CARTESIAN_POINT('',(22.5,1.414213562373));
#5419 = VECTOR('',#5420,1.);
#5420 = DIRECTION('',(-1.,0.));
#5421 = ( GEOMETRIC_REPRESENTATION_CONTEXT(2) 
PARAMETRIC_REPRESENTATION_CONTEXT() REPRESENTATION_CONTEXT('2D SPACE',''
  ) );
#5422 = ORIENTED_EDGE('',*,*,#5423,.T.);
#5423 = EDGE_CURVE('',#5396,#5424,#5426,.T.);
#5424 = VERTEX_POINT('',#5425);
#5425 = CARTESIAN_POINT('',(21.5,249.5,65.131397208143));
#5426 = SURFACE_CURVE('',#5427,(#5432,#5443),.PCURVE_S1.);
#5427 = CIRCLE('',#5428,4.);
#5428 = AXIS2_PLACEMENT_3D('',#5429,#5430,#5431);
#5429 = CARTESIAN_POINT('',(17.5,249.5,65.131397208143));
#5430 = DIRECTION('',(-6.450531537933E-16,1.,-7.136298725426E-15));
#5431 = DIRECTION('',(-1.,-6.450531537933E-16,-2.775557561562E-17));
#5432 = PCURVE('',#586,#5433);
#5433 = DEFINITIONAL_REPRESENTATION('',(#5434),#5442);
#5434 = ( BOUNDED_CURVE() B_SPLINE_CURVE(2,(#5435,#5436,#5437,#5438,
#5439,#5440,#5441),.UNSPECIFIED.,.T.,.F.) B_SPLINE_CURVE_WITH_KNOTS((1,2
    ,2,2,2,1),(-2.094395102393,0.,2.094395102393,4.188790204786,
6.28318530718,8.377580409573),.UNSPECIFIED.) CURVE() 
GEOMETRIC_REPRESENTATION_ITEM() RATIONAL_B_SPLINE_CURVE((1.,0.5,1.,0.5,
1.,0.5,1.)) REPRESENTATION_ITEM('') );
#5435 = CARTESIAN_POINT('',(-13.5,-17.5));
#5436 = CARTESIAN_POINT('',(-13.5,-24.42820323027));
#5437 = CARTESIAN_POINT('',(-19.5,-20.96410161513));
#5438 = CARTESIAN_POINT('',(-25.5,-17.5));
#5439 = CARTESIAN_POINT('',(-19.5,-14.03589838486));
#5440 = CARTESIAN_POINT('',(-13.5,-10.57179676972));
#5441 = CARTESIAN_POINT('',(-13.5,-17.5));
#5442 = ( GEOMETRIC_REPRESENTATION_CONTEXT(2) 
PARAMETRIC_REPRESENTATION_CONTEXT() REPRESENTATION_CONTEXT('2D SPACE',''
  ) );
#5443 = PCURVE('',#5444,#5449);
#5444 = CONICAL_SURFACE('',#5445,4.,0.785398163397);
#5445 = AXIS2_PLACEMENT_3D('',#5446,#5447,#5448);
#5446 = CARTESIAN_POINT('',(17.5,249.5,65.131397208143));
#5447 = DIRECTION('',(6.450531537933E-16,-1.,7.136298725426E-15));
#5448 = DIRECTION('',(-1.,-6.450531537933E-16,-2.775557561562E-17));
#5449 = DEFINITIONAL_REPRESENTATION('',(#5450),#5454);
#5450 = LINE('',#5451,#5452);
#5451 = CARTESIAN_POINT('',(6.28318530718,0.));
#5452 = VECTOR('',#5453,1.);
#5453 = DIRECTION('',(-1.,0.));
#5454 = ( GEOMETRIC_REPRESENTATION_CONTEXT(2) 
PARAMETRIC_REPRESENTATION_CONTEXT() REPRESENTATION_CONTEXT('2D SPACE',''
  ) );
#5455 = ORIENTED_EDGE('',*,*,#5456,.T.);
#5456 = EDGE_CURVE('',#5424,#5457,#5459,.T.);
#5457 = VERTEX_POINT('',#5458);
#5458 = CARTESIAN_POINT('',(21.5,249.5,30.131397208143));
#5459 = SURFACE_CURVE('',#5460,(#5464,#5471),.PCURVE_S1.);
#5460 = LINE('',#5461,#5462);
#5461 = CARTESIAN_POINT('',(21.5,249.5,47.631397208143));
#5462 = VECTOR('',#5463,1.);
#5463 = DIRECTION('',(2.775557561563E-17,-7.136298725426E-15,-1.));
#5464 = PCURVE('',#586,#5465);
#5465 = DEFINITIONAL_REPRESENTATION('',(#5466),#5470);
#5466 = LINE('',#5467,#5468);
#5467 = CARTESIAN_POINT('',(-21.5,0.));
#5468 = VECTOR('',#5469,1.);
#5469 = DIRECTION('',(0.,1.));
#5470 = ( GEOMETRIC_REPRESENTATION_CONTEXT(2) 
PARAMETRIC_REPRESENTATION_CONTEXT() REPRESENTATION_CONTEXT('2D SPACE',''
  ) );
#5471 = PCURVE('',#5472,#5477);
#5472 = PLANE('',#5473);
#5473 = AXIS2_PLACEMENT_3D('',#5474,#5475,#5476);
#5474 = CARTESIAN_POINT('',(22.5,248.5,70.131397208143));
#5475 = DIRECTION('',(-0.707106781187,-0.707106781187,5.026499065588E-15
    ));
#5476 = DIRECTION('',(-2.775557561563E-17,7.136298725426E-15,1.));
#5477 = DEFINITIONAL_REPRESENTATION('',(#5478),#5482);
#5478 = LINE('',#5479,#5480);
#5479 = CARTESIAN_POINT('',(-22.5,1.414213562373));
#5480 = VECTOR('',#5481,1.);
#5481 = DIRECTION('',(-1.,0.));
#5482 = ( GEOMETRIC_REPRESENTATION_CONTEXT(2) 
PARAMETRIC_REPRESENTATION_CONTEXT() REPRESENTATION_CONTEXT('2D SPACE',''
  ) );
#5483 = ORIENTED_EDGE('',*,*,#5484,.T.);
#5484 = EDGE_CURVE('',#5457,#5485,#5487,.T.);
#5485 = VERTEX_POINT('',#5486);
#5486 = CARTESIAN_POINT('',(17.5,249.5,26.131397208143));
#5487 = SURFACE_CURVE('',#5488,(#5493,#5504),.PCURVE_S1.);
#5488 = CIRCLE('',#5489,4.);
#5489 = AXIS2_PLACEMENT_3D('',#5490,#5491,#5492);
#5490 = CARTESIAN_POINT('',(17.5,249.5,30.131397208143));
#5491 = DIRECTION('',(-6.450531537933E-16,1.,-7.136298725426E-15));
#5492 = DIRECTION('',(-1.,-6.450531537933E-16,-2.775557561562E-17));
#5493 = PCURVE('',#586,#5494);
#5494 = DEFINITIONAL_REPRESENTATION('',(#5495),#5503);
#5495 = ( BOUNDED_CURVE() B_SPLINE_CURVE(2,(#5496,#5497,#5498,#5499,
#5500,#5501,#5502),.UNSPECIFIED.,.T.,.F.) B_SPLINE_CURVE_WITH_KNOTS((1,2
    ,2,2,2,1),(-2.094395102393,0.,2.094395102393,4.188790204786,
6.28318530718,8.377580409573),.UNSPECIFIED.) CURVE() 
GEOMETRIC_REPRESENTATION_ITEM() RATIONAL_B_SPLINE_CURVE((1.,0.5,1.,0.5,
1.,0.5,1.)) REPRESENTATION_ITEM('') );
#5496 = CARTESIAN_POINT('',(-13.5,17.5));
#5497 = CARTESIAN_POINT('',(-13.5,10.571796769724));
#5498 = CARTESIAN_POINT('',(-19.5,14.035898384862));
#5499 = CARTESIAN_POINT('',(-25.5,17.5));
#5500 = CARTESIAN_POINT('',(-19.5,20.964101615138));
#5501 = CARTESIAN_POINT('',(-13.5,24.428203230276));
#5502 = CARTESIAN_POINT('',(-13.5,17.5));
#5503 = ( GEOMETRIC_REPRESENTATION_CONTEXT(2) 
PARAMETRIC_REPRESENTATION_CONTEXT() REPRESENTATION_CONTEXT('2D SPACE',''
  ) );
#5504 = PCURVE('',#5505,#5510);
#5505 = CONICAL_SURFACE('',#5506,4.,0.785398163397);
#5506 = AXIS2_PLACEMENT_3D('',#5507,#5508,#5509);
#5507 = CARTESIAN_POINT('',(17.5,249.5,30.131397208143));
#5508 = DIRECTION('',(6.450531537933E-16,-1.,7.136298725426E-15));
#5509 = DIRECTION('',(-1.,-6.450531537933E-16,-2.775557561562E-17));
#5510 = DEFINITIONAL_REPRESENTATION('',(#5511),#5515);
#5511 = LINE('',#5512,#5513);
#5512 = CARTESIAN_POINT('',(6.28318530718,0.));
#5513 = VECTOR('',#5514,1.);
#5514 = DIRECTION('',(-1.,0.));
#5515 = ( GEOMETRIC_REPRESENTATION_CONTEXT(2) 
PARAMETRIC_REPRESENTATION_CONTEXT() REPRESENTATION_CONTEXT('2D SPACE',''
  ) );
#5516 = ORIENTED_EDGE('',*,*,#5517,.T.);
#5517 = EDGE_CURVE('',#5485,#5518,#5520,.T.);
#5518 = VERTEX_POINT('',#5519);
#5519 = CARTESIAN_POINT('',(9.3,249.5,26.131397208143));
#5520 = SURFACE_CURVE('',#5521,(#5525,#5532),.PCURVE_S1.);
#5521 = LINE('',#5522,#5523);
#5522 = CARTESIAN_POINT('',(-6.580694529637E-14,249.5,26.131397208143));
#5523 = VECTOR('',#5524,1.);
#5524 = DIRECTION('',(-1.,-6.450531537933E-16,-1.819532179247E-16));
#5525 = PCURVE('',#586,#5526);
#5526 = DEFINITIONAL_REPRESENTATION('',(#5527),#5531);
#5527 = LINE('',#5528,#5529);
#5528 = CARTESIAN_POINT('',(-3.315249309645E-15,21.5));
#5529 = VECTOR('',#5530,1.);
#5530 = DIRECTION('',(1.,1.54197642309E-16));
#5531 = ( GEOMETRIC_REPRESENTATION_CONTEXT(2) 
PARAMETRIC_REPRESENTATION_CONTEXT() REPRESENTATION_CONTEXT('2D SPACE',''
  ) );
#5532 = PCURVE('',#5355,#5533);
#5533 = DEFINITIONAL_REPRESENTATION('',(#5534),#5538);
#5534 = LINE('',#5535,#5536);
#5535 = CARTESIAN_POINT('',(-22.5,1.414213562373));
#5536 = VECTOR('',#5537,1.);
#5537 = DIRECTION('',(-1.,0.));
#5538 = ( GEOMETRIC_REPRESENTATION_CONTEXT(2) 
PARAMETRIC_REPRESENTATION_CONTEXT() REPRESENTATION_CONTEXT('2D SPACE',''
  ) );
#5539 = ORIENTED_EDGE('',*,*,#5540,.F.);
#5540 = EDGE_CURVE('',#5541,#5518,#5543,.T.);
#5541 = VERTEX_POINT('',#5542);
#5542 = CARTESIAN_POINT('',(9.3,249.5,30.131397208143));
#5543 = SURFACE_CURVE('',#5544,(#5548,#5555),.PCURVE_S1.);
#5544 = LINE('',#5545,#5546);
#5545 = CARTESIAN_POINT('',(9.3,249.5,47.631397208143));
#5546 = VECTOR('',#5547,1.);
#5547 = DIRECTION('',(1.819532179247E-16,-7.136298725426E-15,-1.));
#5548 = PCURVE('',#586,#5549);
#5549 = DEFINITIONAL_REPRESENTATION('',(#5550),#5554);
#5550 = LINE('',#5551,#5552);
#5551 = CARTESIAN_POINT('',(-9.3,-1.434038073474E-15));
#5552 = VECTOR('',#5553,1.);
#5553 = DIRECTION('',(-1.54197642309E-16,1.));
#5554 = ( GEOMETRIC_REPRESENTATION_CONTEXT(2) 
PARAMETRIC_REPRESENTATION_CONTEXT() REPRESENTATION_CONTEXT('2D SPACE',''
  ) );
#5555 = PCURVE('',#5556,#5561);
#5556 = PLANE('',#5557);
#5557 = AXIS2_PLACEMENT_3D('',#5558,#5559,#5560);
#5558 = CARTESIAN_POINT('',(9.3,249.5,30.131397208143));
#5559 = DIRECTION('',(-1.,-6.450531537933E-16,-1.819532179247E-16));
#5560 = DIRECTION('',(1.819532179247E-16,-7.136298725426E-15,-1.));
#5561 = DEFINITIONAL_REPRESENTATION('',(#5562),#5566);
#5562 = LINE('',#5563,#5564);
#5563 = CARTESIAN_POINT('',(-17.5,0.));
#5564 = VECTOR('',#5565,1.);
#5565 = DIRECTION('',(1.,0.));
#5566 = ( GEOMETRIC_REPRESENTATION_CONTEXT(2) 
PARAMETRIC_REPRESENTATION_CONTEXT() REPRESENTATION_CONTEXT('2D SPACE',''
  ) );
#5567 = ORIENTED_EDGE('',*,*,#5568,.F.);
#5568 = EDGE_CURVE('',#5312,#5541,#5569,.T.);
#5569 = SURFACE_CURVE('',#5570,(#5574,#5581),.PCURVE_S1.);
#5570 = LINE('',#5571,#5572);
#5571 = CARTESIAN_POINT('',(-6.652624079696E-14,249.5,30.131397208143));
#5572 = VECTOR('',#5573,1.);
#5573 = DIRECTION('',(1.,6.450531537933E-16,1.824399248449E-16));
#5574 = PCURVE('',#586,#5575);
#5575 = DEFINITIONAL_REPRESENTATION('',(#5576),#5580);
#5576 = LINE('',#5577,#5578);
#5577 = CARTESIAN_POINT('',(-2.706976111512E-15,17.5));
#5578 = VECTOR('',#5579,1.);
#5579 = DIRECTION('',(-1.,-1.546843492293E-16));
#5580 = ( GEOMETRIC_REPRESENTATION_CONTEXT(2) 
PARAMETRIC_REPRESENTATION_CONTEXT() REPRESENTATION_CONTEXT('2D SPACE',''
  ) );
#5581 = PCURVE('',#5582,#5587);
#5582 = PLANE('',#5583);
#5583 = AXIS2_PLACEMENT_3D('',#5584,#5585,#5586);
#5584 = CARTESIAN_POINT('',(-6.652380726236E-14,249.5,30.131397208143));
#5585 = DIRECTION('',(1.824399248449E-16,-7.136298725426E-15,-1.));
#5586 = DIRECTION('',(1.,6.450531537933E-16,1.824399248449E-16));
#5587 = DEFINITIONAL_REPRESENTATION('',(#5588),#5592);
#5588 = LINE('',#5589,#5590);
#5589 = CARTESIAN_POINT('',(-2.433534601072E-18,0.));
#5590 = VECTOR('',#5591,1.);
#5591 = DIRECTION('',(1.,0.));
#5592 = ( GEOMETRIC_REPRESENTATION_CONTEXT(2) 
PARAMETRIC_REPRESENTATION_CONTEXT() REPRESENTATION_CONTEXT('2D SPACE',''
  ) );
#5593 = ADVANCED_FACE('',(#5594),#5355,.F.);
#5594 = FACE_BOUND('',#5595,.T.);
#5595 = EDGE_LOOP('',(#5596,#5597,#5620,#5648,#5669,#5670,#5693,#5721));
#5596 = ORIENTED_EDGE('',*,*,#5339,.F.);
#5597 = ORIENTED_EDGE('',*,*,#5598,.T.);
#5598 = EDGE_CURVE('',#5310,#5599,#5601,.T.);
#5599 = VERTEX_POINT('',#5600);
#5600 = CARTESIAN_POINT('',(-9.3,248.6,25.231397208142));
#5601 = SURFACE_CURVE('',#5602,(#5606,#5613),.PCURVE_S1.);
#5602 = LINE('',#5603,#5604);
#5603 = CARTESIAN_POINT('',(-9.3,248.5,25.131397208143));
#5604 = VECTOR('',#5605,1.);
#5605 = DIRECTION('',(5.847818135263E-16,-0.707106781187,-0.707106781187
    ));
#5606 = PCURVE('',#5355,#5607);
#5607 = DEFINITIONAL_REPRESENTATION('',(#5608),#5612);
#5608 = LINE('',#5609,#5610);
#5609 = CARTESIAN_POINT('',(-31.8,1.426167316638E-15));
#5610 = VECTOR('',#5611,1.);
#5611 = DIRECTION('',(0.,-1.));
#5612 = ( GEOMETRIC_REPRESENTATION_CONTEXT(2) 
PARAMETRIC_REPRESENTATION_CONTEXT() REPRESENTATION_CONTEXT('2D SPACE',''
  ) );
#5613 = PCURVE('',#5327,#5614);
#5614 = DEFINITIONAL_REPRESENTATION('',(#5615),#5619);
#5615 = LINE('',#5616,#5617);
#5616 = CARTESIAN_POINT('',(-5.,1.));
#5617 = VECTOR('',#5618,1.);
#5618 = DIRECTION('',(-0.707106781187,0.707106781187));
#5619 = ( GEOMETRIC_REPRESENTATION_CONTEXT(2) 
PARAMETRIC_REPRESENTATION_CONTEXT() REPRESENTATION_CONTEXT('2D SPACE',''
  ) );
#5620 = ORIENTED_EDGE('',*,*,#5621,.T.);
#5621 = EDGE_CURVE('',#5599,#5622,#5624,.T.);
#5622 = VERTEX_POINT('',#5623);
#5623 = CARTESIAN_POINT('',(9.3,248.6,25.231397208142));
#5624 = SURFACE_CURVE('',#5625,(#5629,#5636),.PCURVE_S1.);
#5625 = LINE('',#5626,#5627);
#5626 = CARTESIAN_POINT('',(22.5,248.6,25.231397208142));
#5627 = VECTOR('',#5628,1.);
#5628 = DIRECTION('',(1.,6.450531537933E-16,1.819532179247E-16));
#5629 = PCURVE('',#5355,#5630);
#5630 = DEFINITIONAL_REPRESENTATION('',(#5631),#5635);
#5631 = LINE('',#5632,#5633);
#5632 = CARTESIAN_POINT('',(1.541976423089E-17,0.141421356237));
#5633 = VECTOR('',#5634,1.);
#5634 = DIRECTION('',(1.,-2.465190328816E-32));
#5635 = ( GEOMETRIC_REPRESENTATION_CONTEXT(2) 
PARAMETRIC_REPRESENTATION_CONTEXT() REPRESENTATION_CONTEXT('2D SPACE',''
  ) );
#5636 = PCURVE('',#5637,#5642);
#5637 = PLANE('',#5638);
#5638 = AXIS2_PLACEMENT_3D('',#5639,#5640,#5641);
#5639 = CARTESIAN_POINT('',(-6.594325942395E-14,248.6,30.131397208143));
#5640 = DIRECTION('',(-6.450531537933E-16,1.,-7.136298725426E-15));
#5641 = DIRECTION('',(1.,6.450531537933E-16,2.775557561562E-17));
#5642 = DEFINITIONAL_REPRESENTATION('',(#5643),#5647);
#5643 = LINE('',#5644,#5645);
#5644 = CARTESIAN_POINT('',(22.5,4.9));
#5645 = VECTOR('',#5646,1.);
#5646 = DIRECTION('',(1.,-1.54197642309E-16));
#5647 = ( GEOMETRIC_REPRESENTATION_CONTEXT(2) 
PARAMETRIC_REPRESENTATION_CONTEXT() REPRESENTATION_CONTEXT('2D SPACE',''
  ) );
#5648 = ORIENTED_EDGE('',*,*,#5649,.T.);
#5649 = EDGE_CURVE('',#5622,#5518,#5650,.T.);
#5650 = SURFACE_CURVE('',#5651,(#5655,#5662),.PCURVE_S1.);
#5651 = LINE('',#5652,#5653);
#5652 = CARTESIAN_POINT('',(9.3,248.5,25.131397208143));
#5653 = VECTOR('',#5654,1.);
#5654 = DIRECTION('',(-5.847818135263E-16,0.707106781187,0.707106781187)
  );
#5655 = PCURVE('',#5355,#5656);
#5656 = DEFINITIONAL_REPRESENTATION('',(#5657),#5661);
#5657 = LINE('',#5658,#5659);
#5658 = CARTESIAN_POINT('',(-13.2,-1.622428873973E-15));
#5659 = VECTOR('',#5660,1.);
#5660 = DIRECTION('',(0.,1.));
#5661 = ( GEOMETRIC_REPRESENTATION_CONTEXT(2) 
PARAMETRIC_REPRESENTATION_CONTEXT() REPRESENTATION_CONTEXT('2D SPACE',''
  ) );
#5662 = PCURVE('',#5556,#5663);
#5663 = DEFINITIONAL_REPRESENTATION('',(#5664),#5668);
#5664 = LINE('',#5665,#5666);
#5665 = CARTESIAN_POINT('',(5.,1.));
#5666 = VECTOR('',#5667,1.);
#5667 = DIRECTION('',(-0.707106781187,-0.707106781187));
#5668 = ( GEOMETRIC_REPRESENTATION_CONTEXT(2) 
PARAMETRIC_REPRESENTATION_CONTEXT() REPRESENTATION_CONTEXT('2D SPACE',''
  ) );
#5669 = ORIENTED_EDGE('',*,*,#5517,.F.);
#5670 = ORIENTED_EDGE('',*,*,#5671,.F.);
#5671 = EDGE_CURVE('',#5672,#5485,#5674,.T.);
#5672 = VERTEX_POINT('',#5673);
#5673 = CARTESIAN_POINT('',(17.5,248.5,25.131397208143));
#5674 = SURFACE_CURVE('',#5675,(#5679,#5686),.PCURVE_S1.);
#5675 = LINE('',#5676,#5677);
#5676 = CARTESIAN_POINT('',(17.5,248.5,25.131397208143));
#5677 = VECTOR('',#5678,1.);
#5678 = DIRECTION('',(-4.757476150066E-16,0.707106781187,0.707106781187)
  );
#5679 = PCURVE('',#5355,#5680);
#5680 = DEFINITIONAL_REPRESENTATION('',(#5681),#5685);
#5681 = LINE('',#5682,#5683);
#5682 = CARTESIAN_POINT('',(-5.,7.806848614011E-16));
#5683 = VECTOR('',#5684,1.);
#5684 = DIRECTION('',(1.090341985197E-16,1.));
#5685 = ( GEOMETRIC_REPRESENTATION_CONTEXT(2) 
PARAMETRIC_REPRESENTATION_CONTEXT() REPRESENTATION_CONTEXT('2D SPACE',''
  ) );
#5686 = PCURVE('',#5505,#5687);
#5687 = DEFINITIONAL_REPRESENTATION('',(#5688),#5692);
#5688 = LINE('',#5689,#5690);
#5689 = CARTESIAN_POINT('',(1.570796326795,1.));
#5690 = VECTOR('',#5691,1.);
#5691 = DIRECTION('',(0.,-1.));
#5692 = ( GEOMETRIC_REPRESENTATION_CONTEXT(2) 
PARAMETRIC_REPRESENTATION_CONTEXT() REPRESENTATION_CONTEXT('2D SPACE',''
  ) );
#5693 = ORIENTED_EDGE('',*,*,#5694,.F.);
#5694 = EDGE_CURVE('',#5695,#5672,#5697,.T.);
#5695 = VERTEX_POINT('',#5696);
#5696 = CARTESIAN_POINT('',(-22.5,248.5,25.131397208143));
#5697 = SURFACE_CURVE('',#5698,(#5702,#5709),.PCURVE_S1.);
#5698 = LINE('',#5699,#5700);
#5699 = CARTESIAN_POINT('',(22.5,248.5,25.131397208143));
#5700 = VECTOR('',#5701,1.);
#5701 = DIRECTION('',(1.,6.450531537933E-16,1.819532179247E-16));
#5702 = PCURVE('',#5355,#5703);
#5703 = DEFINITIONAL_REPRESENTATION('',(#5704),#5708);
#5704 = LINE('',#5705,#5706);
#5705 = CARTESIAN_POINT('',(0.,0.));
#5706 = VECTOR('',#5707,1.);
#5707 = DIRECTION('',(1.,0.));
#5708 = ( GEOMETRIC_REPRESENTATION_CONTEXT(2) 
PARAMETRIC_REPRESENTATION_CONTEXT() REPRESENTATION_CONTEXT('2D SPACE',''
  ) );
#5709 = PCURVE('',#5710,#5715);
#5710 = PLANE('',#5711);
#5711 = AXIS2_PLACEMENT_3D('',#5712,#5713,#5714);
#5712 = CARTESIAN_POINT('',(22.5,243.5,25.131397208143));
#5713 = DIRECTION('',(-1.819532179247E-16,7.136298725426E-15,1.));
#5714 = DIRECTION('',(-1.,-6.450531537933E-16,-1.819532179247E-16));
#5715 = DEFINITIONAL_REPRESENTATION('',(#5716),#5720);
#5716 = LINE('',#5717,#5718);
#5717 = CARTESIAN_POINT('',(0.,-5.));
#5718 = VECTOR('',#5719,1.);
#5719 = DIRECTION('',(-1.,0.));
#5720 = ( GEOMETRIC_REPRESENTATION_CONTEXT(2) 
PARAMETRIC_REPRESENTATION_CONTEXT() REPRESENTATION_CONTEXT('2D SPACE',''
  ) );
#5721 = ORIENTED_EDGE('',*,*,#5722,.F.);
#5722 = EDGE_CURVE('',#5340,#5695,#5723,.T.);
#5723 = SURFACE_CURVE('',#5724,(#5728,#5735),.PCURVE_S1.);
#5724 = LINE('',#5725,#5726);
#5725 = CARTESIAN_POINT('',(-22.5,248.5,25.131397208143));
#5726 = VECTOR('',#5727,1.);
#5727 = DIRECTION('',(4.757476150066E-16,-0.707106781187,-0.707106781187
    ));
#5728 = PCURVE('',#5355,#5729);
#5729 = DEFINITIONAL_REPRESENTATION('',(#5730),#5734);
#5730 = LINE('',#5731,#5732);
#5731 = CARTESIAN_POINT('',(-45.,4.828034310453E-15));
#5732 = VECTOR('',#5733,1.);
#5733 = DIRECTION('',(-1.090341985197E-16,-1.));
#5734 = ( GEOMETRIC_REPRESENTATION_CONTEXT(2) 
PARAMETRIC_REPRESENTATION_CONTEXT() REPRESENTATION_CONTEXT('2D SPACE',''
  ) );
#5735 = PCURVE('',#5383,#5736);
#5736 = DEFINITIONAL_REPRESENTATION('',(#5737),#5741);
#5737 = LINE('',#5738,#5739);
#5738 = CARTESIAN_POINT('',(-45.,-5.));
#5739 = VECTOR('',#5740,1.);
#5740 = DIRECTION('',(-0.707106781187,0.707106781187));
#5741 = ( GEOMETRIC_REPRESENTATION_CONTEXT(2) 
PARAMETRIC_REPRESENTATION_CONTEXT() REPRESENTATION_CONTEXT('2D SPACE',''
  ) );
#5742 = ADVANCED_FACE('',(#5743),#5010,.F.);
#5743 = FACE_BOUND('',#5744,.F.);
#5744 = EDGE_LOOP('',(#5745,#5771,#5772,#5798));
#5745 = ORIENTED_EDGE('',*,*,#5746,.F.);
#5746 = EDGE_CURVE('',#4990,#5023,#5747,.T.);
#5747 = SURFACE_CURVE('',#5748,(#5753,#5760),.PCURVE_S1.);
#5748 = CIRCLE('',#5749,1.6);
#5749 = AXIS2_PLACEMENT_3D('',#5750,#5751,#5752);
#5750 = CARTESIAN_POINT('',(-22.5,201.5,47.631397208143));
#5751 = DIRECTION('',(-1.,-6.450531537933E-16,-2.775557561562E-17));
#5752 = DIRECTION('',(2.775557561563E-17,-7.136298725426E-15,-1.));
#5753 = PCURVE('',#5010,#5754);
#5754 = DEFINITIONAL_REPRESENTATION('',(#5755),#5759);
#5755 = LINE('',#5756,#5757);
#5756 = CARTESIAN_POINT('',(0.,45.));
#5757 = VECTOR('',#5758,1.);
#5758 = DIRECTION('',(1.,0.));
#5759 = ( GEOMETRIC_REPRESENTATION_CONTEXT(2) 
PARAMETRIC_REPRESENTATION_CONTEXT() REPRESENTATION_CONTEXT('2D SPACE',''
  ) );
#5760 = PCURVE('',#881,#5761);
#5761 = DEFINITIONAL_REPRESENTATION('',(#5762),#5770);
#5762 = ( BOUNDED_CURVE() B_SPLINE_CURVE(2,(#5763,#5764,#5765,#5766,
#5767,#5768,#5769),.UNSPECIFIED.,.T.,.F.) B_SPLINE_CURVE_WITH_KNOTS((1,2
    ,2,2,2,1),(-2.094395102393,0.,2.094395102393,4.188790204786,
6.28318530718,8.377580409573),.UNSPECIFIED.) CURVE() 
GEOMETRIC_REPRESENTATION_ITEM() RATIONAL_B_SPLINE_CURVE((1.,0.5,1.,0.5,
1.,0.5,1.)) REPRESENTATION_ITEM('') );
#5763 = CARTESIAN_POINT('',(-24.1,42.));
#5764 = CARTESIAN_POINT('',(-24.1,44.77128129211));
#5765 = CARTESIAN_POINT('',(-21.7,43.385640646055));
#5766 = CARTESIAN_POINT('',(-19.3,42.));
#5767 = CARTESIAN_POINT('',(-21.7,40.614359353945));
#5768 = CARTESIAN_POINT('',(-24.1,39.22871870789));
#5769 = CARTESIAN_POINT('',(-24.1,42.));
#5770 = ( GEOMETRIC_REPRESENTATION_CONTEXT(2) 
PARAMETRIC_REPRESENTATION_CONTEXT() REPRESENTATION_CONTEXT('2D SPACE',''
  ) );
#5771 = ORIENTED_EDGE('',*,*,#4987,.F.);
#5772 = ORIENTED_EDGE('',*,*,#5773,.T.);
#5773 = EDGE_CURVE('',#4988,#5051,#5774,.T.);
#5774 = SURFACE_CURVE('',#5775,(#5780,#5787),.PCURVE_S1.);
#5775 = CIRCLE('',#5776,1.6);
#5776 = AXIS2_PLACEMENT_3D('',#5777,#5778,#5779);
#5777 = CARTESIAN_POINT('',(-17.6,201.5,47.631397208143));
#5778 = DIRECTION('',(-1.,-6.450531537933E-16,-2.775557561562E-17));
#5779 = DIRECTION('',(-2.775557561563E-17,7.136298725426E-15,1.));
#5780 = PCURVE('',#5010,#5781);
#5781 = DEFINITIONAL_REPRESENTATION('',(#5782),#5786);
#5782 = LINE('',#5783,#5784);
#5783 = CARTESIAN_POINT('',(-3.14159265359,40.1));
#5784 = VECTOR('',#5785,1.);
#5785 = DIRECTION('',(1.,0.));
#5786 = ( GEOMETRIC_REPRESENTATION_CONTEXT(2) 
PARAMETRIC_REPRESENTATION_CONTEXT() REPRESENTATION_CONTEXT('2D SPACE',''
  ) );
#5787 = PCURVE('',#814,#5788);
#5788 = DEFINITIONAL_REPRESENTATION('',(#5789),#5797);
#5789 = ( BOUNDED_CURVE() B_SPLINE_CURVE(2,(#5790,#5791,#5792,#5793,
#5794,#5795,#5796),.UNSPECIFIED.,.T.,.F.) B_SPLINE_CURVE_WITH_KNOTS((1,2
    ,2,2,2,1),(-2.094395102393,0.,2.094395102393,4.188790204786,
6.28318530718,8.377580409573),.UNSPECIFIED.) CURVE() 
GEOMETRIC_REPRESENTATION_ITEM() RATIONAL_B_SPLINE_CURVE((1.,0.5,1.,0.5,
1.,0.5,1.)) REPRESENTATION_ITEM('') );
#5790 = CARTESIAN_POINT('',(1.6,0.));
#5791 = CARTESIAN_POINT('',(1.6,-2.77128129211));
#5792 = CARTESIAN_POINT('',(-0.8,-1.385640646055));
#5793 = CARTESIAN_POINT('',(-3.2,-3.918869757272E-16));
#5794 = CARTESIAN_POINT('',(-0.8,1.385640646055));
#5795 = CARTESIAN_POINT('',(1.6,2.77128129211));
#5796 = CARTESIAN_POINT('',(1.6,0.));
#5797 = ( GEOMETRIC_REPRESENTATION_CONTEXT(2) 
PARAMETRIC_REPRESENTATION_CONTEXT() REPRESENTATION_CONTEXT('2D SPACE',''
  ) );
#5798 = ORIENTED_EDGE('',*,*,#5050,.T.);
#5799 = ADVANCED_FACE('',(#5800,#6079,#6104,#6129,#6154,#6179,#6204),
  #2255,.T.);
#5800 = FACE_BOUND('',#5801,.T.);
#5801 = EDGE_LOOP('',(#5802,#5833,#5861,#5889,#5917,#5940,#5968,#5996,
    #6024,#6053));
#5802 = ORIENTED_EDGE('',*,*,#5803,.T.);
#5803 = EDGE_CURVE('',#5804,#5806,#5808,.T.);
#5804 = VERTEX_POINT('',#5805);
#5805 = CARTESIAN_POINT('',(21.5,243.5,65.131397208143));
#5806 = VERTEX_POINT('',#5807);
#5807 = CARTESIAN_POINT('',(17.5,243.5,69.131397208143));
#5808 = SURFACE_CURVE('',#5809,(#5814,#5821),.PCURVE_S1.);
#5809 = CIRCLE('',#5810,4.);
#5810 = AXIS2_PLACEMENT_3D('',#5811,#5812,#5813);
#5811 = CARTESIAN_POINT('',(17.5,243.5,65.131397208143));
#5812 = DIRECTION('',(6.450531537933E-16,-1.,7.136298725426E-15));
#5813 = DIRECTION('',(-1.,-6.450531537933E-16,-2.775557561562E-17));
#5814 = PCURVE('',#2255,#5815);
#5815 = DEFINITIONAL_REPRESENTATION('',(#5816),#5820);
#5816 = CIRCLE('',#5817,4.);
#5817 = AXIS2_PLACEMENT_2D('',#5818,#5819);
#5818 = CARTESIAN_POINT('',(-17.5,-17.5));
#5819 = DIRECTION('',(1.,0.));
#5820 = ( GEOMETRIC_REPRESENTATION_CONTEXT(2) 
PARAMETRIC_REPRESENTATION_CONTEXT() REPRESENTATION_CONTEXT('2D SPACE',''
  ) );
#5821 = PCURVE('',#5822,#5827);
#5822 = CONICAL_SURFACE('',#5823,4.,0.785398163397);
#5823 = AXIS2_PLACEMENT_3D('',#5824,#5825,#5826);
#5824 = CARTESIAN_POINT('',(17.5,243.5,65.131397208143));
#5825 = DIRECTION('',(-6.450531537933E-16,1.,-7.136298725426E-15));
#5826 = DIRECTION('',(1.,6.450531537933E-16,2.775557561562E-17));
#5827 = DEFINITIONAL_REPRESENTATION('',(#5828),#5832);
#5828 = LINE('',#5829,#5830);
#5829 = CARTESIAN_POINT('',(9.424777960769,-2.22044604925E-16));
#5830 = VECTOR('',#5831,1.);
#5831 = DIRECTION('',(-1.,0.));
#5832 = ( GEOMETRIC_REPRESENTATION_CONTEXT(2) 
PARAMETRIC_REPRESENTATION_CONTEXT() REPRESENTATION_CONTEXT('2D SPACE',''
  ) );
#5833 = ORIENTED_EDGE('',*,*,#5834,.T.);
#5834 = EDGE_CURVE('',#5806,#5835,#5837,.T.);
#5835 = VERTEX_POINT('',#5836);
#5836 = CARTESIAN_POINT('',(9.5,243.5,69.131397208143));
#5837 = SURFACE_CURVE('',#5838,(#5842,#5849),.PCURVE_S1.);
#5838 = LINE('',#5839,#5840);
#5839 = CARTESIAN_POINT('',(9.5,243.5,69.131397208143));
#5840 = VECTOR('',#5841,1.);
#5841 = DIRECTION('',(-1.,-6.450531537933E-16,-3.361508602337E-16));
#5842 = PCURVE('',#2255,#5843);
#5843 = DEFINITIONAL_REPRESENTATION('',(#5844),#5848);
#5844 = LINE('',#5845,#5846);
#5845 = CARTESIAN_POINT('',(-9.5,-21.5));
#5846 = VECTOR('',#5847,1.);
#5847 = DIRECTION('',(1.,3.083952846181E-16));
#5848 = ( GEOMETRIC_REPRESENTATION_CONTEXT(2) 
PARAMETRIC_REPRESENTATION_CONTEXT() REPRESENTATION_CONTEXT('2D SPACE',''
  ) );
#5849 = PCURVE('',#5850,#5855);
#5850 = PLANE('',#5851);
#5851 = AXIS2_PLACEMENT_3D('',#5852,#5853,#5854);
#5852 = CARTESIAN_POINT('',(-7.307586405401E-14,243.5,69.131397208143));
#5853 = DIRECTION('',(2.184269065001E-16,-0.707106781187,0.707106781187)
  );
#5854 = DIRECTION('',(1.,6.450531537933E-16,3.361508602337E-16));
#5855 = DEFINITIONAL_REPRESENTATION('',(#5856),#5860);
#5856 = LINE('',#5857,#5858);
#5857 = CARTESIAN_POINT('',(9.5,4.404981620196E-16));
#5858 = VECTOR('',#5859,1.);
#5859 = DIRECTION('',(-1.,0.));
#5860 = ( GEOMETRIC_REPRESENTATION_CONTEXT(2) 
PARAMETRIC_REPRESENTATION_CONTEXT() REPRESENTATION_CONTEXT('2D SPACE',''
  ) );
#5861 = ORIENTED_EDGE('',*,*,#5862,.F.);
#5862 = EDGE_CURVE('',#5863,#5835,#5865,.T.);
#5863 = VERTEX_POINT('',#5864);
#5864 = CARTESIAN_POINT('',(9.5,243.5,65.731397208143));
#5865 = SURFACE_CURVE('',#5866,(#5870,#5877),.PCURVE_S1.);
#5866 = LINE('',#5867,#5868);
#5867 = CARTESIAN_POINT('',(9.5,243.5,31.731397208143));
#5868 = VECTOR('',#5869,1.);
#5869 = DIRECTION('',(-3.361508602337E-16,7.136298725426E-15,1.));
#5870 = PCURVE('',#2255,#5871);
#5871 = DEFINITIONAL_REPRESENTATION('',(#5872),#5876);
#5872 = LINE('',#5873,#5874);
#5873 = CARTESIAN_POINT('',(-9.5,15.9));
#5874 = VECTOR('',#5875,1.);
#5875 = DIRECTION('',(3.083952846181E-16,-1.));
#5876 = ( GEOMETRIC_REPRESENTATION_CONTEXT(2) 
PARAMETRIC_REPRESENTATION_CONTEXT() REPRESENTATION_CONTEXT('2D SPACE',''
  ) );
#5877 = PCURVE('',#5878,#5883);
#5878 = PLANE('',#5879);
#5879 = AXIS2_PLACEMENT_3D('',#5880,#5881,#5882);
#5880 = CARTESIAN_POINT('',(9.5,249.5,31.731397208143));
#5881 = DIRECTION('',(-1.,-6.450531537933E-16,-3.361508602337E-16));
#5882 = DIRECTION('',(3.361508602337E-16,-7.136298725426E-15,-1.));
#5883 = DEFINITIONAL_REPRESENTATION('',(#5884),#5888);
#5884 = LINE('',#5885,#5886);
#5885 = CARTESIAN_POINT('',(0.,6.));
#5886 = VECTOR('',#5887,1.);
#5887 = DIRECTION('',(-1.,0.));
#5888 = ( GEOMETRIC_REPRESENTATION_CONTEXT(2) 
PARAMETRIC_REPRESENTATION_CONTEXT() REPRESENTATION_CONTEXT('2D SPACE',''
  ) );
#5889 = ORIENTED_EDGE('',*,*,#5890,.T.);
#5890 = EDGE_CURVE('',#5863,#5891,#5893,.T.);
#5891 = VERTEX_POINT('',#5892);
#5892 = CARTESIAN_POINT('',(-16.5,243.5,65.731397208143));
#5893 = SURFACE_CURVE('',#5894,(#5898,#5905),.PCURVE_S1.);
#5894 = LINE('',#5895,#5896);
#5895 = CARTESIAN_POINT('',(-6.5,243.5,65.731397208143));
#5896 = VECTOR('',#5897,1.);
#5897 = DIRECTION('',(-1.,-6.450531537933E-16,-2.775557561562E-17));
#5898 = PCURVE('',#2255,#5899);
#5899 = DEFINITIONAL_REPRESENTATION('',(#5900),#5904);
#5900 = LINE('',#5901,#5902);
#5901 = CARTESIAN_POINT('',(6.5,-18.1));
#5902 = VECTOR('',#5903,1.);
#5903 = DIRECTION('',(1.,-0.));
#5904 = ( GEOMETRIC_REPRESENTATION_CONTEXT(2) 
PARAMETRIC_REPRESENTATION_CONTEXT() REPRESENTATION_CONTEXT('2D SPACE',''
  ) );
#5905 = PCURVE('',#5906,#5911);
#5906 = PLANE('',#5907);
#5907 = AXIS2_PLACEMENT_3D('',#5908,#5909,#5910);
#5908 = CARTESIAN_POINT('',(-6.5,176.,65.731397208143));
#5909 = DIRECTION('',(-2.775557561563E-17,7.136298725426E-15,1.));
#5910 = DIRECTION('',(-1.,-6.450531537933E-16,-2.775557561562E-17));
#5911 = DEFINITIONAL_REPRESENTATION('',(#5912),#5916);
#5912 = LINE('',#5913,#5914);
#5913 = CARTESIAN_POINT('',(0.,-67.5));
#5914 = VECTOR('',#5915,1.);
#5915 = DIRECTION('',(1.,0.));
#5916 = ( GEOMETRIC_REPRESENTATION_CONTEXT(2) 
PARAMETRIC_REPRESENTATION_CONTEXT() REPRESENTATION_CONTEXT('2D SPACE',''
  ) );
#5917 = ORIENTED_EDGE('',*,*,#5918,.F.);
#5918 = EDGE_CURVE('',#5919,#5891,#5921,.T.);
#5919 = VERTEX_POINT('',#5920);
#5920 = CARTESIAN_POINT('',(-16.5,243.5,29.531397208143));
#5921 = SURFACE_CURVE('',#5922,(#5926,#5933),.PCURVE_S1.);
#5922 = LINE('',#5923,#5924);
#5923 = CARTESIAN_POINT('',(-16.5,243.5,70.131397208143));
#5924 = VECTOR('',#5925,1.);
#5925 = DIRECTION('',(-2.775557561563E-17,7.136298725426E-15,1.));
#5926 = PCURVE('',#2255,#5927);
#5927 = DEFINITIONAL_REPRESENTATION('',(#5928),#5932);
#5928 = LINE('',#5929,#5930);
#5929 = CARTESIAN_POINT('',(16.5,-22.5));
#5930 = VECTOR('',#5931,1.);
#5931 = DIRECTION('',(0.,-1.));
#5932 = ( GEOMETRIC_REPRESENTATION_CONTEXT(2) 
PARAMETRIC_REPRESENTATION_CONTEXT() REPRESENTATION_CONTEXT('2D SPACE',''
  ) );
#5933 = PCURVE('',#760,#5934);
#5934 = DEFINITIONAL_REPRESENTATION('',(#5935),#5939);
#5935 = LINE('',#5936,#5937);
#5936 = CARTESIAN_POINT('',(0.,-90.));
#5937 = VECTOR('',#5938,1.);
#5938 = DIRECTION('',(-1.,0.));
#5939 = ( GEOMETRIC_REPRESENTATION_CONTEXT(2) 
PARAMETRIC_REPRESENTATION_CONTEXT() REPRESENTATION_CONTEXT('2D SPACE',''
  ) );
#5940 = ORIENTED_EDGE('',*,*,#5941,.F.);
#5941 = EDGE_CURVE('',#5942,#5919,#5944,.T.);
#5942 = VERTEX_POINT('',#5943);
#5943 = CARTESIAN_POINT('',(9.5,243.5,29.531397208143));
#5944 = SURFACE_CURVE('',#5945,(#5949,#5956),.PCURVE_S1.);
#5945 = LINE('',#5946,#5947);
#5946 = CARTESIAN_POINT('',(-6.5,243.5,29.531397208143));
#5947 = VECTOR('',#5948,1.);
#5948 = DIRECTION('',(-1.,-6.450531537933E-16,-2.775557561562E-17));
#5949 = PCURVE('',#2255,#5950);
#5950 = DEFINITIONAL_REPRESENTATION('',(#5951),#5955);
#5951 = LINE('',#5952,#5953);
#5952 = CARTESIAN_POINT('',(6.5,18.1));
#5953 = VECTOR('',#5954,1.);
#5954 = DIRECTION('',(1.,-0.));
#5955 = ( GEOMETRIC_REPRESENTATION_CONTEXT(2) 
PARAMETRIC_REPRESENTATION_CONTEXT() REPRESENTATION_CONTEXT('2D SPACE',''
  ) );
#5956 = PCURVE('',#5957,#5962);
#5957 = PLANE('',#5958);
#5958 = AXIS2_PLACEMENT_3D('',#5959,#5960,#5961);
#5959 = CARTESIAN_POINT('',(-6.5,176.,29.531397208143));
#5960 = DIRECTION('',(2.775557561563E-17,-7.03350029722E-15,-1.));
#5961 = DIRECTION('',(6.450531537933E-16,-1.,7.03350029722E-15));
#5962 = DEFINITIONAL_REPRESENTATION('',(#5963),#5967);
#5963 = LINE('',#5964,#5965);
#5964 = CARTESIAN_POINT('',(-67.5,0.));
#5965 = VECTOR('',#5966,1.);
#5966 = DIRECTION('',(0.,1.));
#5967 = ( GEOMETRIC_REPRESENTATION_CONTEXT(2) 
PARAMETRIC_REPRESENTATION_CONTEXT() REPRESENTATION_CONTEXT('2D SPACE',''
  ) );
#5968 = ORIENTED_EDGE('',*,*,#5969,.T.);
#5969 = EDGE_CURVE('',#5942,#5970,#5972,.T.);
#5970 = VERTEX_POINT('',#5971);
#5971 = CARTESIAN_POINT('',(9.5,243.5,26.131397208143));
#5972 = SURFACE_CURVE('',#5973,(#5977,#5984),.PCURVE_S1.);
#5973 = LINE('',#5974,#5975);
#5974 = CARTESIAN_POINT('',(9.5,243.5,63.531397208143));
#5975 = VECTOR('',#5976,1.);
#5976 = DIRECTION('',(1.819532179247E-16,-7.136298725426E-15,-1.));
#5977 = PCURVE('',#2255,#5978);
#5978 = DEFINITIONAL_REPRESENTATION('',(#5979),#5983);
#5979 = LINE('',#5980,#5981);
#5980 = CARTESIAN_POINT('',(-9.5,-15.9));
#5981 = VECTOR('',#5982,1.);
#5982 = DIRECTION('',(-1.54197642309E-16,1.));
#5983 = ( GEOMETRIC_REPRESENTATION_CONTEXT(2) 
PARAMETRIC_REPRESENTATION_CONTEXT() REPRESENTATION_CONTEXT('2D SPACE',''
  ) );
#5984 = PCURVE('',#5985,#5990);
#5985 = PLANE('',#5986);
#5986 = AXIS2_PLACEMENT_3D('',#5987,#5988,#5989);
#5987 = CARTESIAN_POINT('',(9.5,249.5,63.531397208143));
#5988 = DIRECTION('',(1.,6.450531537933E-16,1.819532179247E-16));
#5989 = DIRECTION('',(-1.819532179247E-16,7.136298725426E-15,1.));
#5990 = DEFINITIONAL_REPRESENTATION('',(#5991),#5995);
#5991 = LINE('',#5992,#5993);
#5992 = CARTESIAN_POINT('',(0.,6.));
#5993 = VECTOR('',#5994,1.);
#5994 = DIRECTION('',(-1.,0.));
#5995 = ( GEOMETRIC_REPRESENTATION_CONTEXT(2) 
PARAMETRIC_REPRESENTATION_CONTEXT() REPRESENTATION_CONTEXT('2D SPACE',''
  ) );
#5996 = ORIENTED_EDGE('',*,*,#5997,.T.);
#5997 = EDGE_CURVE('',#5970,#5998,#6000,.T.);
#5998 = VERTEX_POINT('',#5999);
#5999 = CARTESIAN_POINT('',(17.5,243.5,26.131397208143));
#6000 = SURFACE_CURVE('',#6001,(#6005,#6012),.PCURVE_S1.);
#6001 = LINE('',#6002,#6003);
#6002 = CARTESIAN_POINT('',(17.5,243.5,26.131397208143));
#6003 = VECTOR('',#6004,1.);
#6004 = DIRECTION('',(1.,6.450531537933E-16,1.819532179247E-16));
#6005 = PCURVE('',#2255,#6006);
#6006 = DEFINITIONAL_REPRESENTATION('',(#6007),#6011);
#6007 = LINE('',#6008,#6009);
#6008 = CARTESIAN_POINT('',(-17.5,21.5));
#6009 = VECTOR('',#6010,1.);
#6010 = DIRECTION('',(-1.,-1.54197642309E-16));
#6011 = ( GEOMETRIC_REPRESENTATION_CONTEXT(2) 
PARAMETRIC_REPRESENTATION_CONTEXT() REPRESENTATION_CONTEXT('2D SPACE',''
  ) );
#6012 = PCURVE('',#6013,#6018);
#6013 = PLANE('',#6014);
#6014 = AXIS2_PLACEMENT_3D('',#6015,#6016,#6017);
#6015 = CARTESIAN_POINT('',(-6.193662637361E-14,243.5,26.131397208143));
#6016 = DIRECTION('',(5.847818135263E-16,-0.707106781187,-0.707106781187
    ));
#6017 = DIRECTION('',(-1.,-6.450531537933E-16,-1.819532179247E-16));
#6018 = DEFINITIONAL_REPRESENTATION('',(#6019),#6023);
#6019 = LINE('',#6020,#6021);
#6020 = CARTESIAN_POINT('',(-17.5,-6.040494597992E-16));
#6021 = VECTOR('',#6022,1.);
#6022 = DIRECTION('',(-1.,0.));
#6023 = ( GEOMETRIC_REPRESENTATION_CONTEXT(2) 
PARAMETRIC_REPRESENTATION_CONTEXT() REPRESENTATION_CONTEXT('2D SPACE',''
  ) );
#6024 = ORIENTED_EDGE('',*,*,#6025,.T.);
#6025 = EDGE_CURVE('',#5998,#6026,#6028,.T.);
#6026 = VERTEX_POINT('',#6027);
#6027 = CARTESIAN_POINT('',(21.5,243.5,30.131397208143));
#6028 = SURFACE_CURVE('',#6029,(#6034,#6041),.PCURVE_S1.);
#6029 = CIRCLE('',#6030,4.);
#6030 = AXIS2_PLACEMENT_3D('',#6031,#6032,#6033);
#6031 = CARTESIAN_POINT('',(17.5,243.5,30.131397208143));
#6032 = DIRECTION('',(6.450531537933E-16,-1.,7.136298725426E-15));
#6033 = DIRECTION('',(-1.,-6.450531537933E-16,-2.775557561562E-17));
#6034 = PCURVE('',#2255,#6035);
#6035 = DEFINITIONAL_REPRESENTATION('',(#6036),#6040);
#6036 = CIRCLE('',#6037,4.);
#6037 = AXIS2_PLACEMENT_2D('',#6038,#6039);
#6038 = CARTESIAN_POINT('',(-17.5,17.5));
#6039 = DIRECTION('',(1.,0.));
#6040 = ( GEOMETRIC_REPRESENTATION_CONTEXT(2) 
PARAMETRIC_REPRESENTATION_CONTEXT() REPRESENTATION_CONTEXT('2D SPACE',''
  ) );
#6041 = PCURVE('',#6042,#6047);
#6042 = CONICAL_SURFACE('',#6043,4.,0.785398163397);
#6043 = AXIS2_PLACEMENT_3D('',#6044,#6045,#6046);
#6044 = CARTESIAN_POINT('',(17.5,243.5,30.131397208143));
#6045 = DIRECTION('',(-6.450531537933E-16,1.,-7.136298725426E-15));
#6046 = DIRECTION('',(1.,6.450531537933E-16,2.775557561562E-17));
#6047 = DEFINITIONAL_REPRESENTATION('',(#6048),#6052);
#6048 = LINE('',#6049,#6050);
#6049 = CARTESIAN_POINT('',(3.14159265359,-2.22044604925E-16));
#6050 = VECTOR('',#6051,1.);
#6051 = DIRECTION('',(-1.,0.));
#6052 = ( GEOMETRIC_REPRESENTATION_CONTEXT(2) 
PARAMETRIC_REPRESENTATION_CONTEXT() REPRESENTATION_CONTEXT('2D SPACE',''
  ) );
#6053 = ORIENTED_EDGE('',*,*,#6054,.T.);
#6054 = EDGE_CURVE('',#6026,#5804,#6055,.T.);
#6055 = SURFACE_CURVE('',#6056,(#6060,#6067),.PCURVE_S1.);
#6056 = LINE('',#6057,#6058);
#6057 = CARTESIAN_POINT('',(21.5,243.5,65.131397208143));
#6058 = VECTOR('',#6059,1.);
#6059 = DIRECTION('',(-2.775557561563E-17,7.136298725426E-15,1.));
#6060 = PCURVE('',#2255,#6061);
#6061 = DEFINITIONAL_REPRESENTATION('',(#6062),#6066);
#6062 = LINE('',#6063,#6064);
#6063 = CARTESIAN_POINT('',(-21.5,-17.5));
#6064 = VECTOR('',#6065,1.);
#6065 = DIRECTION('',(0.,-1.));
#6066 = ( GEOMETRIC_REPRESENTATION_CONTEXT(2) 
PARAMETRIC_REPRESENTATION_CONTEXT() REPRESENTATION_CONTEXT('2D SPACE',''
  ) );
#6067 = PCURVE('',#6068,#6073);
#6068 = PLANE('',#6069);
#6069 = AXIS2_PLACEMENT_3D('',#6070,#6071,#6072);
#6070 = CARTESIAN_POINT('',(21.5,243.5,47.631397208143));
#6071 = DIRECTION('',(0.707106781187,-0.707106781187,5.065751377055E-15)
  );
#6072 = DIRECTION('',(2.775557561563E-17,-7.136298725426E-15,-1.));
#6073 = DEFINITIONAL_REPRESENTATION('',(#6074),#6078);
#6074 = LINE('',#6075,#6076);
#6075 = CARTESIAN_POINT('',(-17.5,-0.));
#6076 = VECTOR('',#6077,1.);
#6077 = DIRECTION('',(-1.,-0.));
#6078 = ( GEOMETRIC_REPRESENTATION_CONTEXT(2) 
PARAMETRIC_REPRESENTATION_CONTEXT() REPRESENTATION_CONTEXT('2D SPACE',''
  ) );
#6079 = FACE_BOUND('',#6080,.T.);
#6080 = EDGE_LOOP('',(#6081,#6103));
#6081 = ORIENTED_EDGE('',*,*,#6082,.F.);
#6082 = EDGE_CURVE('',#2659,#2692,#6083,.T.);
#6083 = SURFACE_CURVE('',#6084,(#6089,#6096),.PCURVE_S1.);
#6084 = CIRCLE('',#6085,3.25);
#6085 = AXIS2_PLACEMENT_3D('',#6086,#6087,#6088);
#6086 = CARTESIAN_POINT('',(-5.75,243.5,57.590689351664));
#6087 = DIRECTION('',(6.450531537933E-16,-1.,7.136298725426E-15));
#6088 = DIRECTION('',(-1.,-6.450531537933E-16,-2.775557561562E-17));
#6089 = PCURVE('',#2255,#6090);
#6090 = DEFINITIONAL_REPRESENTATION('',(#6091),#6095);
#6091 = CIRCLE('',#6092,3.25);
#6092 = AXIS2_PLACEMENT_2D('',#6093,#6094);
#6093 = CARTESIAN_POINT('',(5.75,-9.959292143521));
#6094 = DIRECTION('',(1.,0.));
#6095 = ( GEOMETRIC_REPRESENTATION_CONTEXT(2) 
PARAMETRIC_REPRESENTATION_CONTEXT() REPRESENTATION_CONTEXT('2D SPACE',''
  ) );
#6096 = PCURVE('',#2679,#6097);
#6097 = DEFINITIONAL_REPRESENTATION('',(#6098),#6102);
#6098 = LINE('',#6099,#6100);
#6099 = CARTESIAN_POINT('',(0.,1.2));
#6100 = VECTOR('',#6101,1.);
#6101 = DIRECTION('',(1.,0.));
#6102 = ( GEOMETRIC_REPRESENTATION_CONTEXT(2) 
PARAMETRIC_REPRESENTATION_CONTEXT() REPRESENTATION_CONTEXT('2D SPACE',''
  ) );
#6103 = ORIENTED_EDGE('',*,*,#2691,.F.);
#6104 = FACE_BOUND('',#6105,.T.);
#6105 = EDGE_LOOP('',(#6106,#6128));
#6106 = ORIENTED_EDGE('',*,*,#6107,.F.);
#6107 = EDGE_CURVE('',#2771,#2804,#6108,.T.);
#6108 = SURFACE_CURVE('',#6109,(#6114,#6121),.PCURVE_S1.);
#6109 = CIRCLE('',#6110,3.25);
#6110 = AXIS2_PLACEMENT_3D('',#6111,#6112,#6113);
#6111 = CARTESIAN_POINT('',(-10.5,243.5,47.631397208143));
#6112 = DIRECTION('',(6.450531537933E-16,-1.,7.136298725426E-15));
#6113 = DIRECTION('',(-1.,-6.450531537933E-16,-2.775557561562E-17));
#6114 = PCURVE('',#2255,#6115);
#6115 = DEFINITIONAL_REPRESENTATION('',(#6116),#6120);
#6116 = CIRCLE('',#6117,3.25);
#6117 = AXIS2_PLACEMENT_2D('',#6118,#6119);
#6118 = CARTESIAN_POINT('',(10.5,0.));
#6119 = DIRECTION('',(1.,0.));
#6120 = ( GEOMETRIC_REPRESENTATION_CONTEXT(2) 
PARAMETRIC_REPRESENTATION_CONTEXT() REPRESENTATION_CONTEXT('2D SPACE',''
  ) );
#6121 = PCURVE('',#2791,#6122);
#6122 = DEFINITIONAL_REPRESENTATION('',(#6123),#6127);
#6123 = LINE('',#6124,#6125);
#6124 = CARTESIAN_POINT('',(0.,1.2));
#6125 = VECTOR('',#6126,1.);
#6126 = DIRECTION('',(1.,0.));
#6127 = ( GEOMETRIC_REPRESENTATION_CONTEXT(2) 
PARAMETRIC_REPRESENTATION_CONTEXT() REPRESENTATION_CONTEXT('2D SPACE',''
  ) );
#6128 = ORIENTED_EDGE('',*,*,#2803,.F.);
#6129 = FACE_BOUND('',#6130,.T.);
#6130 = EDGE_LOOP('',(#6131,#6153));
#6131 = ORIENTED_EDGE('',*,*,#6132,.F.);
#6132 = EDGE_CURVE('',#2323,#2356,#6133,.T.);
#6133 = SURFACE_CURVE('',#6134,(#6139,#6146),.PCURVE_S1.);
#6134 = CIRCLE('',#6135,3.25);
#6135 = AXIS2_PLACEMENT_3D('',#6136,#6137,#6138);
#6136 = CARTESIAN_POINT('',(-5.75,243.5,37.672105064622));
#6137 = DIRECTION('',(6.450531537933E-16,-1.,7.136298725426E-15));
#6138 = DIRECTION('',(-1.,-6.450531537933E-16,-2.775557561562E-17));
#6139 = PCURVE('',#2255,#6140);
#6140 = DEFINITIONAL_REPRESENTATION('',(#6141),#6145);
#6141 = CIRCLE('',#6142,3.25);
#6142 = AXIS2_PLACEMENT_2D('',#6143,#6144);
#6143 = CARTESIAN_POINT('',(5.75,9.959292143521));
#6144 = DIRECTION('',(1.,0.));
#6145 = ( GEOMETRIC_REPRESENTATION_CONTEXT(2) 
PARAMETRIC_REPRESENTATION_CONTEXT() REPRESENTATION_CONTEXT('2D SPACE',''
  ) );
#6146 = PCURVE('',#2343,#6147);
#6147 = DEFINITIONAL_REPRESENTATION('',(#6148),#6152);
#6148 = LINE('',#6149,#6150);
#6149 = CARTESIAN_POINT('',(0.,1.2));
#6150 = VECTOR('',#6151,1.);
#6151 = DIRECTION('',(1.,0.));
#6152 = ( GEOMETRIC_REPRESENTATION_CONTEXT(2) 
PARAMETRIC_REPRESENTATION_CONTEXT() REPRESENTATION_CONTEXT('2D SPACE',''
  ) );
#6153 = ORIENTED_EDGE('',*,*,#2355,.F.);
#6154 = FACE_BOUND('',#6155,.T.);
#6155 = EDGE_LOOP('',(#6156,#6178));
#6156 = ORIENTED_EDGE('',*,*,#6157,.F.);
#6157 = EDGE_CURVE('',#2206,#2239,#6158,.T.);
#6158 = SURFACE_CURVE('',#6159,(#6164,#6171),.PCURVE_S1.);
#6159 = CIRCLE('',#6160,3.25);
#6160 = AXIS2_PLACEMENT_3D('',#6161,#6162,#6163);
#6161 = CARTESIAN_POINT('',(5.25,243.5,38.538130468406));
#6162 = DIRECTION('',(6.450531537933E-16,-1.,7.136298725426E-15));
#6163 = DIRECTION('',(-1.,-6.450531537933E-16,-2.775557561562E-17));
#6164 = PCURVE('',#2255,#6165);
#6165 = DEFINITIONAL_REPRESENTATION('',(#6166),#6170);
#6166 = CIRCLE('',#6167,3.25);
#6167 = AXIS2_PLACEMENT_2D('',#6168,#6169);
#6168 = CARTESIAN_POINT('',(-5.25,9.093266739737));
#6169 = DIRECTION('',(1.,0.));
#6170 = ( GEOMETRIC_REPRESENTATION_CONTEXT(2) 
PARAMETRIC_REPRESENTATION_CONTEXT() REPRESENTATION_CONTEXT('2D SPACE',''
  ) );
#6171 = PCURVE('',#2226,#6172);
#6172 = DEFINITIONAL_REPRESENTATION('',(#6173),#6177);
#6173 = LINE('',#6174,#6175);
#6174 = CARTESIAN_POINT('',(0.,1.2));
#6175 = VECTOR('',#6176,1.);
#6176 = DIRECTION('',(1.,0.));
#6177 = ( GEOMETRIC_REPRESENTATION_CONTEXT(2) 
PARAMETRIC_REPRESENTATION_CONTEXT() REPRESENTATION_CONTEXT('2D SPACE',''
  ) );
#6178 = ORIENTED_EDGE('',*,*,#2238,.F.);
#6179 = FACE_BOUND('',#6180,.T.);
#6180 = EDGE_LOOP('',(#6181,#6203));
#6181 = ORIENTED_EDGE('',*,*,#6182,.F.);
#6182 = EDGE_CURVE('',#2547,#2580,#6183,.T.);
#6183 = SURFACE_CURVE('',#6184,(#6189,#6196),.PCURVE_S1.);
#6184 = CIRCLE('',#6185,3.25);
#6185 = AXIS2_PLACEMENT_3D('',#6186,#6187,#6188);
#6186 = CARTESIAN_POINT('',(11.5,243.5,47.631397208143));
#6187 = DIRECTION('',(6.450531537933E-16,-1.,7.136298725426E-15));
#6188 = DIRECTION('',(-1.,-6.450531537933E-16,-2.775557561562E-17));
#6189 = PCURVE('',#2255,#6190);
#6190 = DEFINITIONAL_REPRESENTATION('',(#6191),#6195);
#6191 = CIRCLE('',#6192,3.25);
#6192 = AXIS2_PLACEMENT_2D('',#6193,#6194);
#6193 = CARTESIAN_POINT('',(-11.5,-4.770489558936E-14));
#6194 = DIRECTION('',(1.,0.));
#6195 = ( GEOMETRIC_REPRESENTATION_CONTEXT(2) 
PARAMETRIC_REPRESENTATION_CONTEXT() REPRESENTATION_CONTEXT('2D SPACE',''
  ) );
#6196 = PCURVE('',#2567,#6197);
#6197 = DEFINITIONAL_REPRESENTATION('',(#6198),#6202);
#6198 = LINE('',#6199,#6200);
#6199 = CARTESIAN_POINT('',(0.,1.2));
#6200 = VECTOR('',#6201,1.);
#6201 = DIRECTION('',(1.,0.));
#6202 = ( GEOMETRIC_REPRESENTATION_CONTEXT(2) 
PARAMETRIC_REPRESENTATION_CONTEXT() REPRESENTATION_CONTEXT('2D SPACE',''
  ) );
#6203 = ORIENTED_EDGE('',*,*,#2579,.F.);
#6204 = FACE_BOUND('',#6205,.T.);
#6205 = EDGE_LOOP('',(#6206,#6228));
#6206 = ORIENTED_EDGE('',*,*,#6207,.F.);
#6207 = EDGE_CURVE('',#2435,#2468,#6208,.T.);
#6208 = SURFACE_CURVE('',#6209,(#6214,#6221),.PCURVE_S1.);
#6209 = CIRCLE('',#6210,3.25);
#6210 = AXIS2_PLACEMENT_3D('',#6211,#6212,#6213);
#6211 = CARTESIAN_POINT('',(5.25,243.5,56.724663947879));
#6212 = DIRECTION('',(6.450531537933E-16,-1.,7.136298725426E-15));
#6213 = DIRECTION('',(-1.,-6.450531537933E-16,-2.775557561562E-17));
#6214 = PCURVE('',#2255,#6215);
#6215 = DEFINITIONAL_REPRESENTATION('',(#6216),#6220);
#6216 = CIRCLE('',#6217,3.25);
#6217 = AXIS2_PLACEMENT_2D('',#6218,#6219);
#6218 = CARTESIAN_POINT('',(-5.25,-9.093266739737));
#6219 = DIRECTION('',(1.,0.));
#6220 = ( GEOMETRIC_REPRESENTATION_CONTEXT(2) 
PARAMETRIC_REPRESENTATION_CONTEXT() REPRESENTATION_CONTEXT('2D SPACE',''
  ) );
#6221 = PCURVE('',#2455,#6222);
#6222 = DEFINITIONAL_REPRESENTATION('',(#6223),#6227);
#6223 = LINE('',#6224,#6225);
#6224 = CARTESIAN_POINT('',(0.,1.2));
#6225 = VECTOR('',#6226,1.);
#6226 = DIRECTION('',(1.,0.));
#6227 = ( GEOMETRIC_REPRESENTATION_CONTEXT(2) 
PARAMETRIC_REPRESENTATION_CONTEXT() REPRESENTATION_CONTEXT('2D SPACE',''
  ) );
#6228 = ORIENTED_EDGE('',*,*,#2467,.F.);
#6229 = ADVANCED_FACE('',(#6230),#6244,.T.);
#6230 = FACE_BOUND('',#6231,.T.);
#6231 = EDGE_LOOP('',(#6232,#6267,#6295,#6323));
#6232 = ORIENTED_EDGE('',*,*,#6233,.T.);
#6233 = EDGE_CURVE('',#6234,#6236,#6238,.T.);
#6234 = VERTEX_POINT('',#6235);
#6235 = CARTESIAN_POINT('',(-6.5,213.5,65.731397208143));
#6236 = VERTEX_POINT('',#6237);
#6237 = CARTESIAN_POINT('',(-6.5,213.5,69.131397208143));
#6238 = SURFACE_CURVE('',#6239,(#6243,#6255),.PCURVE_S1.);
#6239 = LINE('',#6240,#6241);
#6240 = CARTESIAN_POINT('',(-6.5,213.5,31.731397208143));
#6241 = VECTOR('',#6242,1.);
#6242 = DIRECTION('',(-3.361508602337E-16,7.136298725426E-15,1.));
#6243 = PCURVE('',#6244,#6249);
#6244 = PLANE('',#6245);
#6245 = AXIS2_PLACEMENT_3D('',#6246,#6247,#6248);
#6246 = CARTESIAN_POINT('',(-6.5,249.5,47.631397208143));
#6247 = DIRECTION('',(1.,6.450531537933E-16,2.775557561562E-17));
#6248 = DIRECTION('',(-2.775557561563E-17,7.136298725426E-15,1.));
#6249 = DEFINITIONAL_REPRESENTATION('',(#6250),#6254);
#6250 = LINE('',#6251,#6252);
#6251 = CARTESIAN_POINT('',(-15.9,36.));
#6252 = VECTOR('',#6253,1.);
#6253 = DIRECTION('',(1.,0.));
#6254 = ( GEOMETRIC_REPRESENTATION_CONTEXT(2) 
PARAMETRIC_REPRESENTATION_CONTEXT() REPRESENTATION_CONTEXT('2D SPACE',''
  ) );
#6255 = PCURVE('',#6256,#6261);
#6256 = PLANE('',#6257);
#6257 = AXIS2_PLACEMENT_3D('',#6258,#6259,#6260);
#6258 = CARTESIAN_POINT('',(14.75,234.75,31.731397208143));
#6259 = DIRECTION('',(-0.707106781187,0.707106781187,-5.283819774095E-15
    ));
#6260 = DIRECTION('',(0.707106781187,0.707106781187,-5.026499065588E-15)
  );
#6261 = DEFINITIONAL_REPRESENTATION('',(#6262),#6266);
#6262 = LINE('',#6263,#6264);
#6263 = CARTESIAN_POINT('',(-30.05203820042,7.105427357601E-15));
#6264 = VECTOR('',#6265,1.);
#6265 = DIRECTION('',(-2.180683970394E-16,-1.));
#6266 = ( GEOMETRIC_REPRESENTATION_CONTEXT(2) 
PARAMETRIC_REPRESENTATION_CONTEXT() REPRESENTATION_CONTEXT('2D SPACE',''
  ) );
#6267 = ORIENTED_EDGE('',*,*,#6268,.T.);
#6268 = EDGE_CURVE('',#6236,#6269,#6271,.T.);
#6269 = VERTEX_POINT('',#6270);
#6270 = CARTESIAN_POINT('',(-6.5,206.,69.131397208143));
#6271 = SURFACE_CURVE('',#6272,(#6276,#6283),.PCURVE_S1.);
#6272 = LINE('',#6273,#6274);
#6273 = CARTESIAN_POINT('',(-6.5,206.,69.131397208143));
#6274 = VECTOR('',#6275,1.);
#6275 = DIRECTION('',(6.450531537933E-16,-1.,7.136298725426E-15));
#6276 = PCURVE('',#6244,#6277);
#6277 = DEFINITIONAL_REPRESENTATION('',(#6278),#6282);
#6278 = LINE('',#6279,#6280);
#6279 = CARTESIAN_POINT('',(21.5,43.5));
#6280 = VECTOR('',#6281,1.);
#6281 = DIRECTION('',(0.,1.));
#6282 = ( GEOMETRIC_REPRESENTATION_CONTEXT(2) 
PARAMETRIC_REPRESENTATION_CONTEXT() REPRESENTATION_CONTEXT('2D SPACE',''
  ) );
#6283 = PCURVE('',#6284,#6289);
#6284 = PLANE('',#6285);
#6285 = AXIS2_PLACEMENT_3D('',#6286,#6287,#6288);
#6286 = CARTESIAN_POINT('',(-6.5,249.5,69.131397208143));
#6287 = DIRECTION('',(0.707106781187,5.502246680595E-15,0.707106781187)
  );
#6288 = DIRECTION('',(-6.450531537933E-16,1.,-7.136298725426E-15));
#6289 = DEFINITIONAL_REPRESENTATION('',(#6290),#6294);
#6290 = LINE('',#6291,#6292);
#6291 = CARTESIAN_POINT('',(-43.5,0.));
#6292 = VECTOR('',#6293,1.);
#6293 = DIRECTION('',(-1.,0.));
#6294 = ( GEOMETRIC_REPRESENTATION_CONTEXT(2) 
PARAMETRIC_REPRESENTATION_CONTEXT() REPRESENTATION_CONTEXT('2D SPACE',''
  ) );
#6295 = ORIENTED_EDGE('',*,*,#6296,.F.);
#6296 = EDGE_CURVE('',#6297,#6269,#6299,.T.);
#6297 = VERTEX_POINT('',#6298);
#6298 = CARTESIAN_POINT('',(-6.5,206.,65.731397208143));
#6299 = SURFACE_CURVE('',#6300,(#6304,#6311),.PCURVE_S1.);
#6300 = LINE('',#6301,#6302);
#6301 = CARTESIAN_POINT('',(-6.5,206.,31.731397208143));
#6302 = VECTOR('',#6303,1.);
#6303 = DIRECTION('',(-3.361508602337E-16,7.136298725426E-15,1.));
#6304 = PCURVE('',#6244,#6305);
#6305 = DEFINITIONAL_REPRESENTATION('',(#6306),#6310);
#6306 = LINE('',#6307,#6308);
#6307 = CARTESIAN_POINT('',(-15.9,43.5));
#6308 = VECTOR('',#6309,1.);
#6309 = DIRECTION('',(1.,0.));
#6310 = ( GEOMETRIC_REPRESENTATION_CONTEXT(2) 
PARAMETRIC_REPRESENTATION_CONTEXT() REPRESENTATION_CONTEXT('2D SPACE',''
  ) );
#6311 = PCURVE('',#6312,#6317);
#6312 = PLANE('',#6313);
#6313 = AXIS2_PLACEMENT_3D('',#6314,#6315,#6316);
#6314 = CARTESIAN_POINT('',(9.5,190.,31.731397208143));
#6315 = DIRECTION('',(0.707106781187,0.707106781187,-4.808430668549E-15)
  );
#6316 = DIRECTION('',(0.707106781187,-0.707106781187,5.065751377055E-15)
  );
#6317 = DEFINITIONAL_REPRESENTATION('',(#6318),#6322);
#6318 = LINE('',#6319,#6320);
#6319 = CARTESIAN_POINT('',(-22.62741699797,7.105427357601E-15));
#6320 = VECTOR('',#6321,1.);
#6321 = DIRECTION('',(-2.180683970394E-16,-1.));
#6322 = ( GEOMETRIC_REPRESENTATION_CONTEXT(2) 
PARAMETRIC_REPRESENTATION_CONTEXT() REPRESENTATION_CONTEXT('2D SPACE',''
  ) );
#6323 = ORIENTED_EDGE('',*,*,#6324,.T.);
#6324 = EDGE_CURVE('',#6297,#6234,#6325,.T.);
#6325 = SURFACE_CURVE('',#6326,(#6330,#6337),.PCURVE_S1.);
#6326 = LINE('',#6327,#6328);
#6327 = CARTESIAN_POINT('',(-6.5,176.,65.731397208143));
#6328 = VECTOR('',#6329,1.);
#6329 = DIRECTION('',(-6.450531537933E-16,1.,-7.136298725426E-15));
#6330 = PCURVE('',#6244,#6331);
#6331 = DEFINITIONAL_REPRESENTATION('',(#6332),#6336);
#6332 = LINE('',#6333,#6334);
#6333 = CARTESIAN_POINT('',(18.1,73.5));
#6334 = VECTOR('',#6335,1.);
#6335 = DIRECTION('',(0.,-1.));
#6336 = ( GEOMETRIC_REPRESENTATION_CONTEXT(2) 
PARAMETRIC_REPRESENTATION_CONTEXT() REPRESENTATION_CONTEXT('2D SPACE',''
  ) );
#6337 = PCURVE('',#5906,#6338);
#6338 = DEFINITIONAL_REPRESENTATION('',(#6339),#6343);
#6339 = LINE('',#6340,#6341);
#6340 = CARTESIAN_POINT('',(0.,0.));
#6341 = VECTOR('',#6342,1.);
#6342 = DIRECTION('',(0.,-1.));
#6343 = ( GEOMETRIC_REPRESENTATION_CONTEXT(2) 
PARAMETRIC_REPRESENTATION_CONTEXT() REPRESENTATION_CONTEXT('2D SPACE',''
  ) );
#6344 = ADVANCED_FACE('',(#6345,#6374,#6403,#6432,#6461,#6490,#6519,
    #6548,#6577,#6606,#6635,#6664),#760,.F.);
#6345 = FACE_BOUND('',#6346,.T.);
#6346 = EDGE_LOOP('',(#6347,#6373));
#6347 = ORIENTED_EDGE('',*,*,#6348,.F.);
#6348 = EDGE_CURVE('',#711,#744,#6349,.T.);
#6349 = SURFACE_CURVE('',#6350,(#6355,#6366),.PCURVE_S1.);
#6350 = CIRCLE('',#6351,3.1);
#6351 = AXIS2_PLACEMENT_3D('',#6352,#6353,#6354);
#6352 = CARTESIAN_POINT('',(-16.5,201.5,47.631397208143));
#6353 = DIRECTION('',(1.,6.450531537933E-16,2.775557561562E-17));
#6354 = DIRECTION('',(-2.775557561563E-17,7.136298725426E-15,1.));
#6355 = PCURVE('',#760,#6356);
#6356 = DEFINITIONAL_REPRESENTATION('',(#6357),#6365);
#6357 = ( BOUNDED_CURVE() B_SPLINE_CURVE(2,(#6358,#6359,#6360,#6361,
#6362,#6363,#6364),.UNSPECIFIED.,.T.,.F.) B_SPLINE_CURVE_WITH_KNOTS((1,2
    ,2,2,2,1),(-2.094395102393,0.,2.094395102393,4.188790204786,
6.28318530718,8.377580409573),.UNSPECIFIED.) CURVE() 
GEOMETRIC_REPRESENTATION_ITEM() RATIONAL_B_SPLINE_CURVE((1.,0.5,1.,0.5,
1.,0.5,1.)) REPRESENTATION_ITEM('') );
#6358 = CARTESIAN_POINT('',(19.4,-48.));
#6359 = CARTESIAN_POINT('',(19.4,-42.63064249653));
#6360 = CARTESIAN_POINT('',(24.05,-45.31532124826));
#6361 = CARTESIAN_POINT('',(28.7,-48.));
#6362 = CARTESIAN_POINT('',(24.05,-50.68467875173));
#6363 = CARTESIAN_POINT('',(19.4,-53.36935750346));
#6364 = CARTESIAN_POINT('',(19.4,-48.));
#6365 = ( GEOMETRIC_REPRESENTATION_CONTEXT(2) 
PARAMETRIC_REPRESENTATION_CONTEXT() REPRESENTATION_CONTEXT('2D SPACE',''
  ) );
#6366 = PCURVE('',#731,#6367);
#6367 = DEFINITIONAL_REPRESENTATION('',(#6368),#6372);
#6368 = LINE('',#6369,#6370);
#6369 = CARTESIAN_POINT('',(0.,1.1));
#6370 = VECTOR('',#6371,1.);
#6371 = DIRECTION('',(1.,0.));
#6372 = ( GEOMETRIC_REPRESENTATION_CONTEXT(2) 
PARAMETRIC_REPRESENTATION_CONTEXT() REPRESENTATION_CONTEXT('2D SPACE',''
  ) );
#6373 = ORIENTED_EDGE('',*,*,#743,.F.);
#6374 = FACE_BOUND('',#6375,.T.);
#6375 = EDGE_LOOP('',(#6376,#6402));
#6376 = ORIENTED_EDGE('',*,*,#6377,.F.);
#6377 = EDGE_CURVE('',#4415,#4448,#6378,.T.);
#6378 = SURFACE_CURVE('',#6379,(#6384,#6395),.PCURVE_S1.);
#6379 = CIRCLE('',#6380,1.6);
#6380 = AXIS2_PLACEMENT_3D('',#6381,#6382,#6383);
#6381 = CARTESIAN_POINT('',(-16.5,162.,47.631397208143));
#6382 = DIRECTION('',(1.,6.450531537933E-16,2.775557561562E-17));
#6383 = DIRECTION('',(-2.775557561563E-17,7.136298725426E-15,1.));
#6384 = PCURVE('',#760,#6385);
#6385 = DEFINITIONAL_REPRESENTATION('',(#6386),#6394);
#6386 = ( BOUNDED_CURVE() B_SPLINE_CURVE(2,(#6387,#6388,#6389,#6390,
#6391,#6392,#6393),.UNSPECIFIED.,.T.,.F.) B_SPLINE_CURVE_WITH_KNOTS((1,2
    ,2,2,2,1),(-2.094395102393,0.,2.094395102393,4.188790204786,
6.28318530718,8.377580409573),.UNSPECIFIED.) CURVE() 
GEOMETRIC_REPRESENTATION_ITEM() RATIONAL_B_SPLINE_CURVE((1.,0.5,1.,0.5,
1.,0.5,1.)) REPRESENTATION_ITEM('') );
#6387 = CARTESIAN_POINT('',(20.9,-8.5));
#6388 = CARTESIAN_POINT('',(20.9,-5.72871870789));
#6389 = CARTESIAN_POINT('',(23.3,-7.114359353945));
#6390 = CARTESIAN_POINT('',(25.7,-8.5));
#6391 = CARTESIAN_POINT('',(23.3,-9.885640646055));
#6392 = CARTESIAN_POINT('',(20.9,-11.27128129211));
#6393 = CARTESIAN_POINT('',(20.9,-8.5));
#6394 = ( GEOMETRIC_REPRESENTATION_CONTEXT(2) 
PARAMETRIC_REPRESENTATION_CONTEXT() REPRESENTATION_CONTEXT('2D SPACE',''
  ) );
#6395 = PCURVE('',#4435,#6396);
#6396 = DEFINITIONAL_REPRESENTATION('',(#6397),#6401);
#6397 = LINE('',#6398,#6399);
#6398 = CARTESIAN_POINT('',(0.,6.));
#6399 = VECTOR('',#6400,1.);
#6400 = DIRECTION('',(1.,0.));
#6401 = ( GEOMETRIC_REPRESENTATION_CONTEXT(2) 
PARAMETRIC_REPRESENTATION_CONTEXT() REPRESENTATION_CONTEXT('2D SPACE',''
  ) );
#6402 = ORIENTED_EDGE('',*,*,#4447,.F.);
#6403 = FACE_BOUND('',#6404,.T.);
#6404 = EDGE_LOOP('',(#6405,#6431));
#6405 = ORIENTED_EDGE('',*,*,#6406,.F.);
#6406 = EDGE_CURVE('',#4530,#4563,#6407,.T.);
#6407 = SURFACE_CURVE('',#6408,(#6413,#6424),.PCURVE_S1.);
#6408 = CIRCLE('',#6409,1.6);
#6409 = AXIS2_PLACEMENT_3D('',#6410,#6411,#6412);
#6410 = CARTESIAN_POINT('',(-16.5,176.,61.631397208143));
#6411 = DIRECTION('',(1.,6.450531537933E-16,2.775557561562E-17));
#6412 = DIRECTION('',(-2.775557561563E-17,7.136298725426E-15,1.));
#6413 = PCURVE('',#760,#6414);
#6414 = DEFINITIONAL_REPRESENTATION('',(#6415),#6423);
#6415 = ( BOUNDED_CURVE() B_SPLINE_CURVE(2,(#6416,#6417,#6418,#6419,
#6420,#6421,#6422),.UNSPECIFIED.,.T.,.F.) B_SPLINE_CURVE_WITH_KNOTS((1,2
    ,2,2,2,1),(-2.094395102393,0.,2.094395102393,4.188790204786,
6.28318530718,8.377580409573),.UNSPECIFIED.) CURVE() 
GEOMETRIC_REPRESENTATION_ITEM() RATIONAL_B_SPLINE_CURVE((1.,0.5,1.,0.5,
1.,0.5,1.)) REPRESENTATION_ITEM('') );
#6416 = CARTESIAN_POINT('',(6.9,-22.5));
#6417 = CARTESIAN_POINT('',(6.9,-19.72871870789));
#6418 = CARTESIAN_POINT('',(9.3,-21.11435935394));
#6419 = CARTESIAN_POINT('',(11.7,-22.5));
#6420 = CARTESIAN_POINT('',(9.3,-23.88564064605));
#6421 = CARTESIAN_POINT('',(6.9,-25.27128129211));
#6422 = CARTESIAN_POINT('',(6.9,-22.5));
#6423 = ( GEOMETRIC_REPRESENTATION_CONTEXT(2) 
PARAMETRIC_REPRESENTATION_CONTEXT() REPRESENTATION_CONTEXT('2D SPACE',''
  ) );
#6424 = PCURVE('',#4550,#6425);
#6425 = DEFINITIONAL_REPRESENTATION('',(#6426),#6430);
#6426 = LINE('',#6427,#6428);
#6427 = CARTESIAN_POINT('',(0.,6.));
#6428 = VECTOR('',#6429,1.);
#6429 = DIRECTION('',(1.,0.));
#6430 = ( GEOMETRIC_REPRESENTATION_CONTEXT(2) 
PARAMETRIC_REPRESENTATION_CONTEXT() REPRESENTATION_CONTEXT('2D SPACE',''
  ) );
#6431 = ORIENTED_EDGE('',*,*,#4562,.F.);
#6432 = FACE_BOUND('',#6433,.T.);
#6433 = EDGE_LOOP('',(#6434,#6460));
#6434 = ORIENTED_EDGE('',*,*,#6435,.F.);
#6435 = EDGE_CURVE('',#4645,#4678,#6436,.T.);
#6436 = SURFACE_CURVE('',#6437,(#6442,#6453),.PCURVE_S1.);
#6437 = CIRCLE('',#6438,1.6);
#6438 = AXIS2_PLACEMENT_3D('',#6439,#6440,#6441);
#6439 = CARTESIAN_POINT('',(-16.5,190.,47.631397208143));
#6440 = DIRECTION('',(1.,6.450531537933E-16,2.775557561562E-17));
#6441 = DIRECTION('',(-2.775557561563E-17,7.136298725426E-15,1.));
#6442 = PCURVE('',#760,#6443);
#6443 = DEFINITIONAL_REPRESENTATION('',(#6444),#6452);
#6444 = ( BOUNDED_CURVE() B_SPLINE_CURVE(2,(#6445,#6446,#6447,#6448,
#6449,#6450,#6451),.UNSPECIFIED.,.T.,.F.) B_SPLINE_CURVE_WITH_KNOTS((1,2
    ,2,2,2,1),(-2.094395102393,0.,2.094395102393,4.188790204786,
6.28318530718,8.377580409573),.UNSPECIFIED.) CURVE() 
GEOMETRIC_REPRESENTATION_ITEM() RATIONAL_B_SPLINE_CURVE((1.,0.5,1.,0.5,
1.,0.5,1.)) REPRESENTATION_ITEM('') );
#6445 = CARTESIAN_POINT('',(20.9,-36.5));
#6446 = CARTESIAN_POINT('',(20.9,-33.72871870789));
#6447 = CARTESIAN_POINT('',(23.3,-35.11435935394));
#6448 = CARTESIAN_POINT('',(25.7,-36.5));
#6449 = CARTESIAN_POINT('',(23.3,-37.88564064605));
#6450 = CARTESIAN_POINT('',(20.9,-39.27128129211));
#6451 = CARTESIAN_POINT('',(20.9,-36.5));
#6452 = ( GEOMETRIC_REPRESENTATION_CONTEXT(2) 
PARAMETRIC_REPRESENTATION_CONTEXT() REPRESENTATION_CONTEXT('2D SPACE',''
  ) );
#6453 = PCURVE('',#4665,#6454);
#6454 = DEFINITIONAL_REPRESENTATION('',(#6455),#6459);
#6455 = LINE('',#6456,#6457);
#6456 = CARTESIAN_POINT('',(0.,6.));
#6457 = VECTOR('',#6458,1.);
#6458 = DIRECTION('',(1.,0.));
#6459 = ( GEOMETRIC_REPRESENTATION_CONTEXT(2) 
PARAMETRIC_REPRESENTATION_CONTEXT() REPRESENTATION_CONTEXT('2D SPACE',''
  ) );
#6460 = ORIENTED_EDGE('',*,*,#4677,.F.);
#6461 = FACE_BOUND('',#6462,.T.);
#6462 = EDGE_LOOP('',(#6463,#6489));
#6463 = ORIENTED_EDGE('',*,*,#6464,.F.);
#6464 = EDGE_CURVE('',#4760,#4793,#6465,.T.);
#6465 = SURFACE_CURVE('',#6466,(#6471,#6482),.PCURVE_S1.);
#6466 = CIRCLE('',#6467,1.6);
#6467 = AXIS2_PLACEMENT_3D('',#6468,#6469,#6470);
#6468 = CARTESIAN_POINT('',(-16.5,176.,33.631397208143));
#6469 = DIRECTION('',(1.,6.450531537933E-16,2.775557561562E-17));
#6470 = DIRECTION('',(-2.775557561563E-17,7.136298725426E-15,1.));
#6471 = PCURVE('',#760,#6472);
#6472 = DEFINITIONAL_REPRESENTATION('',(#6473),#6481);
#6473 = ( BOUNDED_CURVE() B_SPLINE_CURVE(2,(#6474,#6475,#6476,#6477,
#6478,#6479,#6480),.UNSPECIFIED.,.T.,.F.) B_SPLINE_CURVE_WITH_KNOTS((1,2
    ,2,2,2,1),(-2.094395102393,0.,2.094395102393,4.188790204786,
6.28318530718,8.377580409573),.UNSPECIFIED.) CURVE() 
GEOMETRIC_REPRESENTATION_ITEM() RATIONAL_B_SPLINE_CURVE((1.,0.5,1.,0.5,
1.,0.5,1.)) REPRESENTATION_ITEM('') );
#6474 = CARTESIAN_POINT('',(34.9,-22.5));
#6475 = CARTESIAN_POINT('',(34.9,-19.72871870789));
#6476 = CARTESIAN_POINT('',(37.3,-21.11435935394));
#6477 = CARTESIAN_POINT('',(39.7,-22.5));
#6478 = CARTESIAN_POINT('',(37.3,-23.88564064605));
#6479 = CARTESIAN_POINT('',(34.9,-25.27128129211));
#6480 = CARTESIAN_POINT('',(34.9,-22.5));
#6481 = ( GEOMETRIC_REPRESENTATION_CONTEXT(2) 
PARAMETRIC_REPRESENTATION_CONTEXT() REPRESENTATION_CONTEXT('2D SPACE',''
  ) );
#6482 = PCURVE('',#4780,#6483);
#6483 = DEFINITIONAL_REPRESENTATION('',(#6484),#6488);
#6484 = LINE('',#6485,#6486);
#6485 = CARTESIAN_POINT('',(0.,6.));
#6486 = VECTOR('',#6487,1.);
#6487 = DIRECTION('',(1.,0.));
#6488 = ( GEOMETRIC_REPRESENTATION_CONTEXT(2) 
PARAMETRIC_REPRESENTATION_CONTEXT() REPRESENTATION_CONTEXT('2D SPACE',''
  ) );
#6489 = ORIENTED_EDGE('',*,*,#4792,.F.);
#6490 = FACE_BOUND('',#6491,.T.);
#6491 = EDGE_LOOP('',(#6492,#6518));
#6492 = ORIENTED_EDGE('',*,*,#6493,.F.);
#6493 = EDGE_CURVE('',#4310,#4333,#6494,.T.);
#6494 = SURFACE_CURVE('',#6495,(#6500,#6511),.PCURVE_S1.);
#6495 = CIRCLE('',#6496,11.1);
#6496 = AXIS2_PLACEMENT_3D('',#6497,#6498,#6499);
#6497 = CARTESIAN_POINT('',(-16.5,176.,47.631397208143));
#6498 = DIRECTION('',(1.,6.450531537933E-16,2.775557561562E-17));
#6499 = DIRECTION('',(-2.775557561563E-17,7.136298725426E-15,1.));
#6500 = PCURVE('',#760,#6501);
#6501 = DEFINITIONAL_REPRESENTATION('',(#6502),#6510);
#6502 = ( BOUNDED_CURVE() B_SPLINE_CURVE(2,(#6503,#6504,#6505,#6506,
#6507,#6508,#6509),.UNSPECIFIED.,.T.,.F.) B_SPLINE_CURVE_WITH_KNOTS((1,2
    ,2,2,2,1),(-2.094395102393,0.,2.094395102393,4.188790204786,
6.28318530718,8.377580409573),.UNSPECIFIED.) CURVE() 
GEOMETRIC_REPRESENTATION_ITEM() RATIONAL_B_SPLINE_CURVE((1.,0.5,1.,0.5,
1.,0.5,1.)) REPRESENTATION_ITEM('') );
#6503 = CARTESIAN_POINT('',(11.4,-22.5));
#6504 = CARTESIAN_POINT('',(11.4,-3.274236035985));
#6505 = CARTESIAN_POINT('',(28.05,-12.88711801799));
#6506 = CARTESIAN_POINT('',(44.7,-22.5));
#6507 = CARTESIAN_POINT('',(28.05,-32.112881982));
#6508 = CARTESIAN_POINT('',(11.4,-41.72576396401));
#6509 = CARTESIAN_POINT('',(11.4,-22.5));
#6510 = ( GEOMETRIC_REPRESENTATION_CONTEXT(2) 
PARAMETRIC_REPRESENTATION_CONTEXT() REPRESENTATION_CONTEXT('2D SPACE',''
  ) );
#6511 = PCURVE('',#973,#6512);
#6512 = DEFINITIONAL_REPRESENTATION('',(#6513),#6517);
#6513 = LINE('',#6514,#6515);
#6514 = CARTESIAN_POINT('',(0.,6.));
#6515 = VECTOR('',#6516,1.);
#6516 = DIRECTION('',(1.,0.));
#6517 = ( GEOMETRIC_REPRESENTATION_CONTEXT(2) 
PARAMETRIC_REPRESENTATION_CONTEXT() REPRESENTATION_CONTEXT('2D SPACE',''
  ) );
#6518 = ORIENTED_EDGE('',*,*,#4332,.F.);
#6519 = FACE_BOUND('',#6520,.T.);
#6520 = EDGE_LOOP('',(#6521,#6547));
#6521 = ORIENTED_EDGE('',*,*,#6522,.F.);
#6522 = EDGE_CURVE('',#3660,#3693,#6523,.T.);
#6523 = SURFACE_CURVE('',#6524,(#6529,#6540),.PCURVE_S1.);
#6524 = CIRCLE('',#6525,1.6);
#6525 = AXIS2_PLACEMENT_3D('',#6526,#6527,#6528);
#6526 = CARTESIAN_POINT('',(-16.5,237.,34.631397208143));
#6527 = DIRECTION('',(1.,6.450531537933E-16,2.775557561562E-17));
#6528 = DIRECTION('',(-2.775557561563E-17,7.136298725426E-15,1.));
#6529 = PCURVE('',#760,#6530);
#6530 = DEFINITIONAL_REPRESENTATION('',(#6531),#6539);
#6531 = ( BOUNDED_CURVE() B_SPLINE_CURVE(2,(#6532,#6533,#6534,#6535,
#6536,#6537,#6538),.UNSPECIFIED.,.T.,.F.) B_SPLINE_CURVE_WITH_KNOTS((1,2
    ,2,2,2,1),(-2.094395102393,0.,2.094395102393,4.188790204786,
6.28318530718,8.377580409573),.UNSPECIFIED.) CURVE() 
GEOMETRIC_REPRESENTATION_ITEM() RATIONAL_B_SPLINE_CURVE((1.,0.5,1.,0.5,
1.,0.5,1.)) REPRESENTATION_ITEM('') );
#6532 = CARTESIAN_POINT('',(33.9,-83.5));
#6533 = CARTESIAN_POINT('',(33.9,-80.72871870789));
#6534 = CARTESIAN_POINT('',(36.3,-82.11435935394));
#6535 = CARTESIAN_POINT('',(38.7,-83.5));
#6536 = CARTESIAN_POINT('',(36.3,-84.88564064605));
#6537 = CARTESIAN_POINT('',(33.9,-86.27128129211));
#6538 = CARTESIAN_POINT('',(33.9,-83.5));
#6539 = ( GEOMETRIC_REPRESENTATION_CONTEXT(2) 
PARAMETRIC_REPRESENTATION_CONTEXT() REPRESENTATION_CONTEXT('2D SPACE',''
  ) );
#6540 = PCURVE('',#3680,#6541);
#6541 = DEFINITIONAL_REPRESENTATION('',(#6542),#6546);
#6542 = LINE('',#6543,#6544);
#6543 = CARTESIAN_POINT('',(0.,6.));
#6544 = VECTOR('',#6545,1.);
#6545 = DIRECTION('',(1.,0.));
#6546 = ( GEOMETRIC_REPRESENTATION_CONTEXT(2) 
PARAMETRIC_REPRESENTATION_CONTEXT() REPRESENTATION_CONTEXT('2D SPACE',''
  ) );
#6547 = ORIENTED_EDGE('',*,*,#3692,.F.);
#6548 = FACE_BOUND('',#6549,.T.);
#6549 = EDGE_LOOP('',(#6550,#6576));
#6550 = ORIENTED_EDGE('',*,*,#6551,.F.);
#6551 = EDGE_CURVE('',#3775,#3808,#6552,.T.);
#6552 = SURFACE_CURVE('',#6553,(#6558,#6569),.PCURVE_S1.);
#6553 = CIRCLE('',#6554,1.6);
#6554 = AXIS2_PLACEMENT_3D('',#6555,#6556,#6557);
#6555 = CARTESIAN_POINT('',(-16.5,237.,60.631397208143));
#6556 = DIRECTION('',(1.,6.450531537933E-16,2.775557561562E-17));
#6557 = DIRECTION('',(-2.775557561563E-17,7.136298725426E-15,1.));
#6558 = PCURVE('',#760,#6559);
#6559 = DEFINITIONAL_REPRESENTATION('',(#6560),#6568);
#6560 = ( BOUNDED_CURVE() B_SPLINE_CURVE(2,(#6561,#6562,#6563,#6564,
#6565,#6566,#6567),.UNSPECIFIED.,.T.,.F.) B_SPLINE_CURVE_WITH_KNOTS((1,2
    ,2,2,2,1),(-2.094395102393,0.,2.094395102393,4.188790204786,
6.28318530718,8.377580409573),.UNSPECIFIED.) CURVE() 
GEOMETRIC_REPRESENTATION_ITEM() RATIONAL_B_SPLINE_CURVE((1.,0.5,1.,0.5,
1.,0.5,1.)) REPRESENTATION_ITEM('') );
#6561 = CARTESIAN_POINT('',(7.9,-83.5));
#6562 = CARTESIAN_POINT('',(7.9,-80.72871870789));
#6563 = CARTESIAN_POINT('',(10.3,-82.11435935394));
#6564 = CARTESIAN_POINT('',(12.7,-83.5));
#6565 = CARTESIAN_POINT('',(10.3,-84.88564064605));
#6566 = CARTESIAN_POINT('',(7.9,-86.27128129211));
#6567 = CARTESIAN_POINT('',(7.9,-83.5));
#6568 = ( GEOMETRIC_REPRESENTATION_CONTEXT(2) 
PARAMETRIC_REPRESENTATION_CONTEXT() REPRESENTATION_CONTEXT('2D SPACE',''
  ) );
#6569 = PCURVE('',#3795,#6570);
#6570 = DEFINITIONAL_REPRESENTATION('',(#6571),#6575);
#6571 = LINE('',#6572,#6573);
#6572 = CARTESIAN_POINT('',(0.,6.));
#6573 = VECTOR('',#6574,1.);
#6574 = DIRECTION('',(1.,0.));
#6575 = ( GEOMETRIC_REPRESENTATION_CONTEXT(2) 
PARAMETRIC_REPRESENTATION_CONTEXT() REPRESENTATION_CONTEXT('2D SPACE',''
  ) );
#6576 = ORIENTED_EDGE('',*,*,#3807,.F.);
#6577 = FACE_BOUND('',#6578,.T.);
#6578 = EDGE_LOOP('',(#6579,#6605));
#6579 = ORIENTED_EDGE('',*,*,#6580,.F.);
#6580 = EDGE_CURVE('',#3890,#3923,#6581,.T.);
#6581 = SURFACE_CURVE('',#6582,(#6587,#6598),.PCURVE_S1.);
#6582 = CIRCLE('',#6583,1.6);
#6583 = AXIS2_PLACEMENT_3D('',#6584,#6585,#6586);
#6584 = CARTESIAN_POINT('',(-16.5,211.,60.631397208143));
#6585 = DIRECTION('',(1.,6.450531537933E-16,2.775557561562E-17));
#6586 = DIRECTION('',(-2.775557561563E-17,7.136298725426E-15,1.));
#6587 = PCURVE('',#760,#6588);
#6588 = DEFINITIONAL_REPRESENTATION('',(#6589),#6597);
#6589 = ( BOUNDED_CURVE() B_SPLINE_CURVE(2,(#6590,#6591,#6592,#6593,
#6594,#6595,#6596),.UNSPECIFIED.,.T.,.F.) B_SPLINE_CURVE_WITH_KNOTS((1,2
    ,2,2,2,1),(-2.094395102393,0.,2.094395102393,4.188790204786,
6.28318530718,8.377580409573),.UNSPECIFIED.) CURVE() 
GEOMETRIC_REPRESENTATION_ITEM() RATIONAL_B_SPLINE_CURVE((1.,0.5,1.,0.5,
1.,0.5,1.)) REPRESENTATION_ITEM('') );
#6590 = CARTESIAN_POINT('',(7.9,-57.5));
#6591 = CARTESIAN_POINT('',(7.9,-54.72871870789));
#6592 = CARTESIAN_POINT('',(10.3,-56.11435935394));
#6593 = CARTESIAN_POINT('',(12.7,-57.5));
#6594 = CARTESIAN_POINT('',(10.3,-58.88564064605));
#6595 = CARTESIAN_POINT('',(7.9,-60.27128129211));
#6596 = CARTESIAN_POINT('',(7.9,-57.5));
#6597 = ( GEOMETRIC_REPRESENTATION_CONTEXT(2) 
PARAMETRIC_REPRESENTATION_CONTEXT() REPRESENTATION_CONTEXT('2D SPACE',''
  ) );
#6598 = PCURVE('',#3910,#6599);
#6599 = DEFINITIONAL_REPRESENTATION('',(#6600),#6604);
#6600 = LINE('',#6601,#6602);
#6601 = CARTESIAN_POINT('',(0.,6.));
#6602 = VECTOR('',#6603,1.);
#6603 = DIRECTION('',(1.,0.));
#6604 = ( GEOMETRIC_REPRESENTATION_CONTEXT(2) 
PARAMETRIC_REPRESENTATION_CONTEXT() REPRESENTATION_CONTEXT('2D SPACE',''
  ) );
#6605 = ORIENTED_EDGE('',*,*,#3922,.F.);
#6606 = FACE_BOUND('',#6607,.T.);
#6607 = EDGE_LOOP('',(#6608,#6634));
#6608 = ORIENTED_EDGE('',*,*,#6609,.F.);
#6609 = EDGE_CURVE('',#4005,#4038,#6610,.T.);
#6610 = SURFACE_CURVE('',#6611,(#6616,#6627),.PCURVE_S1.);
#6611 = CIRCLE('',#6612,1.6);
#6612 = AXIS2_PLACEMENT_3D('',#6613,#6614,#6615);
#6613 = CARTESIAN_POINT('',(-16.5,211.,34.631397208143));
#6614 = DIRECTION('',(1.,6.450531537933E-16,2.775557561562E-17));
#6615 = DIRECTION('',(-2.775557561563E-17,7.136298725426E-15,1.));
#6616 = PCURVE('',#760,#6617);
#6617 = DEFINITIONAL_REPRESENTATION('',(#6618),#6626);
#6618 = ( BOUNDED_CURVE() B_SPLINE_CURVE(2,(#6619,#6620,#6621,#6622,
#6623,#6624,#6625),.UNSPECIFIED.,.T.,.F.) B_SPLINE_CURVE_WITH_KNOTS((1,2
    ,2,2,2,1),(-2.094395102393,0.,2.094395102393,4.188790204786,
6.28318530718,8.377580409573),.UNSPECIFIED.) CURVE() 
GEOMETRIC_REPRESENTATION_ITEM() RATIONAL_B_SPLINE_CURVE((1.,0.5,1.,0.5,
1.,0.5,1.)) REPRESENTATION_ITEM('') );
#6619 = CARTESIAN_POINT('',(33.9,-57.5));
#6620 = CARTESIAN_POINT('',(33.9,-54.72871870789));
#6621 = CARTESIAN_POINT('',(36.3,-56.11435935394));
#6622 = CARTESIAN_POINT('',(38.7,-57.5));
#6623 = CARTESIAN_POINT('',(36.3,-58.88564064605));
#6624 = CARTESIAN_POINT('',(33.9,-60.27128129211));
#6625 = CARTESIAN_POINT('',(33.9,-57.5));
#6626 = ( GEOMETRIC_REPRESENTATION_CONTEXT(2) 
PARAMETRIC_REPRESENTATION_CONTEXT() REPRESENTATION_CONTEXT('2D SPACE',''
  ) );
#6627 = PCURVE('',#4025,#6628);
#6628 = DEFINITIONAL_REPRESENTATION('',(#6629),#6633);
#6629 = LINE('',#6630,#6631);
#6630 = CARTESIAN_POINT('',(0.,6.));
#6631 = VECTOR('',#6632,1.);
#6632 = DIRECTION('',(1.,0.));
#6633 = ( GEOMETRIC_REPRESENTATION_CONTEXT(2) 
PARAMETRIC_REPRESENTATION_CONTEXT() REPRESENTATION_CONTEXT('2D SPACE',''
  ) );
#6634 = ORIENTED_EDGE('',*,*,#4037,.F.);
#6635 = FACE_BOUND('',#6636,.T.);
#6636 = EDGE_LOOP('',(#6637,#6663));
#6637 = ORIENTED_EDGE('',*,*,#6638,.F.);
#6638 = EDGE_CURVE('',#4875,#4908,#6639,.T.);
#6639 = SURFACE_CURVE('',#6640,(#6645,#6656),.PCURVE_S1.);
#6640 = CIRCLE('',#6641,11.1);
#6641 = AXIS2_PLACEMENT_3D('',#6642,#6643,#6644);
#6642 = CARTESIAN_POINT('',(-16.5,224.,47.631397208143));
#6643 = DIRECTION('',(1.,6.450531537933E-16,2.775557561562E-17));
#6644 = DIRECTION('',(-2.775557561563E-17,7.136298725426E-15,1.));
#6645 = PCURVE('',#760,#6646);
#6646 = DEFINITIONAL_REPRESENTATION('',(#6647),#6655);
#6647 = ( BOUNDED_CURVE() B_SPLINE_CURVE(2,(#6648,#6649,#6650,#6651,
#6652,#6653,#6654),.UNSPECIFIED.,.T.,.F.) B_SPLINE_CURVE_WITH_KNOTS((1,2
    ,2,2,2,1),(-2.094395102393,0.,2.094395102393,4.188790204786,
6.28318530718,8.377580409573),.UNSPECIFIED.) CURVE() 
GEOMETRIC_REPRESENTATION_ITEM() RATIONAL_B_SPLINE_CURVE((1.,0.5,1.,0.5,
1.,0.5,1.)) REPRESENTATION_ITEM('') );
#6648 = CARTESIAN_POINT('',(11.4,-70.5));
#6649 = CARTESIAN_POINT('',(11.4,-51.27423603598));
#6650 = CARTESIAN_POINT('',(28.05,-60.88711801799));
#6651 = CARTESIAN_POINT('',(44.7,-70.5));
#6652 = CARTESIAN_POINT('',(28.05,-80.112881982));
#6653 = CARTESIAN_POINT('',(11.4,-89.72576396401));
#6654 = CARTESIAN_POINT('',(11.4,-70.5));
#6655 = ( GEOMETRIC_REPRESENTATION_CONTEXT(2) 
PARAMETRIC_REPRESENTATION_CONTEXT() REPRESENTATION_CONTEXT('2D SPACE',''
  ) );
#6656 = PCURVE('',#4895,#6657);
#6657 = DEFINITIONAL_REPRESENTATION('',(#6658),#6662);
#6658 = LINE('',#6659,#6660);
#6659 = CARTESIAN_POINT('',(0.,6.));
#6660 = VECTOR('',#6661,1.);
#6661 = DIRECTION('',(1.,0.));
#6662 = ( GEOMETRIC_REPRESENTATION_CONTEXT(2) 
PARAMETRIC_REPRESENTATION_CONTEXT() REPRESENTATION_CONTEXT('2D SPACE',''
  ) );
#6663 = ORIENTED_EDGE('',*,*,#4907,.F.);
#6664 = FACE_BOUND('',#6665,.T.);
#6665 = EDGE_LOOP('',(#6666,#6689,#6690,#6713));
#6666 = ORIENTED_EDGE('',*,*,#6667,.F.);
#6667 = EDGE_CURVE('',#5919,#6668,#6670,.T.);
#6668 = VERTEX_POINT('',#6669);
#6669 = CARTESIAN_POINT('',(-16.5,176.,29.531397208143));
#6670 = SURFACE_CURVE('',#6671,(#6675,#6682),.PCURVE_S1.);
#6671 = LINE('',#6672,#6673);
#6672 = CARTESIAN_POINT('',(-16.5,176.,29.531397208143));
#6673 = VECTOR('',#6674,1.);
#6674 = DIRECTION('',(6.450531537933E-16,-1.,7.03350029722E-15));
#6675 = PCURVE('',#760,#6676);
#6676 = DEFINITIONAL_REPRESENTATION('',(#6677),#6681);
#6677 = LINE('',#6678,#6679);
#6678 = CARTESIAN_POINT('',(40.6,-22.5));
#6679 = VECTOR('',#6680,1.);
#6680 = DIRECTION('',(1.02798428206E-16,1.));
#6681 = ( GEOMETRIC_REPRESENTATION_CONTEXT(2) 
PARAMETRIC_REPRESENTATION_CONTEXT() REPRESENTATION_CONTEXT('2D SPACE',''
  ) );
#6682 = PCURVE('',#5957,#6683);
#6683 = DEFINITIONAL_REPRESENTATION('',(#6684),#6688);
#6684 = LINE('',#6685,#6686);
#6685 = CARTESIAN_POINT('',(0.,10.));
#6686 = VECTOR('',#6687,1.);
#6687 = DIRECTION('',(1.,0.));
#6688 = ( GEOMETRIC_REPRESENTATION_CONTEXT(2) 
PARAMETRIC_REPRESENTATION_CONTEXT() REPRESENTATION_CONTEXT('2D SPACE',''
  ) );
#6689 = ORIENTED_EDGE('',*,*,#5918,.T.);
#6690 = ORIENTED_EDGE('',*,*,#6691,.F.);
#6691 = EDGE_CURVE('',#6692,#5891,#6694,.T.);
#6692 = VERTEX_POINT('',#6693);
#6693 = CARTESIAN_POINT('',(-16.5,176.,65.731397208143));
#6694 = SURFACE_CURVE('',#6695,(#6699,#6706),.PCURVE_S1.);
#6695 = LINE('',#6696,#6697);
#6696 = CARTESIAN_POINT('',(-16.5,176.,65.731397208143));
#6697 = VECTOR('',#6698,1.);
#6698 = DIRECTION('',(-6.450531537933E-16,1.,-7.136298725426E-15));
#6699 = PCURVE('',#760,#6700);
#6700 = DEFINITIONAL_REPRESENTATION('',(#6701),#6705);
#6701 = LINE('',#6702,#6703);
#6702 = CARTESIAN_POINT('',(4.4,-22.5));
#6703 = VECTOR('',#6704,1.);
#6704 = DIRECTION('',(0.,-1.));
#6705 = ( GEOMETRIC_REPRESENTATION_CONTEXT(2) 
PARAMETRIC_REPRESENTATION_CONTEXT() REPRESENTATION_CONTEXT('2D SPACE',''
  ) );
#6706 = PCURVE('',#5906,#6707);
#6707 = DEFINITIONAL_REPRESENTATION('',(#6708),#6712);
#6708 = LINE('',#6709,#6710);
#6709 = CARTESIAN_POINT('',(10.,0.));
#6710 = VECTOR('',#6711,1.);
#6711 = DIRECTION('',(0.,-1.));
#6712 = ( GEOMETRIC_REPRESENTATION_CONTEXT(2) 
PARAMETRIC_REPRESENTATION_CONTEXT() REPRESENTATION_CONTEXT('2D SPACE',''
  ) );
#6713 = ORIENTED_EDGE('',*,*,#6714,.T.);
#6714 = EDGE_CURVE('',#6692,#6668,#6715,.T.);
#6715 = SURFACE_CURVE('',#6716,(#6721,#6732),.PCURVE_S1.);
#6716 = CIRCLE('',#6717,18.1);
#6717 = AXIS2_PLACEMENT_3D('',#6718,#6719,#6720);
#6718 = CARTESIAN_POINT('',(-16.5,176.,47.631397208143));
#6719 = DIRECTION('',(1.,6.450531537933E-16,2.775557561562E-17));
#6720 = DIRECTION('',(-2.775557561563E-17,7.136298725426E-15,1.));
#6721 = PCURVE('',#760,#6722);
#6722 = DEFINITIONAL_REPRESENTATION('',(#6723),#6731);
#6723 = ( BOUNDED_CURVE() B_SPLINE_CURVE(2,(#6724,#6725,#6726,#6727,
#6728,#6729,#6730),.UNSPECIFIED.,.T.,.F.) B_SPLINE_CURVE_WITH_KNOTS((1,2
    ,2,2,2,1),(-2.094395102393,0.,2.094395102393,4.188790204786,
6.28318530718,8.377580409573),.UNSPECIFIED.) CURVE() 
GEOMETRIC_REPRESENTATION_ITEM() RATIONAL_B_SPLINE_CURVE((1.,0.5,1.,0.5,
1.,0.5,1.)) REPRESENTATION_ITEM('') );
#6724 = CARTESIAN_POINT('',(4.4,-22.5));
#6725 = CARTESIAN_POINT('',(4.4,8.850119616997));
#6726 = CARTESIAN_POINT('',(31.55,-6.824940191502));
#6727 = CARTESIAN_POINT('',(58.7,-22.5));
#6728 = CARTESIAN_POINT('',(31.55,-38.17505980849));
#6729 = CARTESIAN_POINT('',(4.4,-53.85011961699));
#6730 = CARTESIAN_POINT('',(4.4,-22.5));
#6731 = ( GEOMETRIC_REPRESENTATION_CONTEXT(2) 
PARAMETRIC_REPRESENTATION_CONTEXT() REPRESENTATION_CONTEXT('2D SPACE',''
  ) );
#6732 = PCURVE('',#5215,#6733);
#6733 = DEFINITIONAL_REPRESENTATION('',(#6734),#6738);
#6734 = LINE('',#6735,#6736);
#6735 = CARTESIAN_POINT('',(3.14159265359,89.311529493745));
#6736 = VECTOR('',#6737,1.);
#6737 = DIRECTION('',(-1.,0.));
#6738 = ( GEOMETRIC_REPRESENTATION_CONTEXT(2) 
PARAMETRIC_REPRESENTATION_CONTEXT() REPRESENTATION_CONTEXT('2D SPACE',''
  ) );
#6739 = ADVANCED_FACE('',(#6740,#6744,#6863,#6892,#6921,#6950,#6979,
    #7146),#881,.F.);
#6740 = FACE_BOUND('',#6741,.T.);
#6741 = EDGE_LOOP('',(#6742,#6743));
#6742 = ORIENTED_EDGE('',*,*,#5746,.F.);
#6743 = ORIENTED_EDGE('',*,*,#5022,.F.);
#6744 = FACE_BOUND('',#6745,.T.);
#6745 = EDGE_LOOP('',(#6746,#6776,#6809,#6837));
#6746 = ORIENTED_EDGE('',*,*,#6747,.F.);
#6747 = EDGE_CURVE('',#6748,#6750,#6752,.T.);
#6748 = VERTEX_POINT('',#6749);
#6749 = CARTESIAN_POINT('',(-22.5,176.,27.631397208143));
#6750 = VERTEX_POINT('',#6751);
#6751 = CARTESIAN_POINT('',(-22.5,247.,27.631397208143));
#6752 = SURFACE_CURVE('',#6753,(#6757,#6764),.PCURVE_S1.);
#6753 = LINE('',#6754,#6755);
#6754 = CARTESIAN_POINT('',(-22.5,249.5,27.631397208143));
#6755 = VECTOR('',#6756,1.);
#6756 = DIRECTION('',(-6.450531537933E-16,1.,-7.136298725426E-15));
#6757 = PCURVE('',#881,#6758);
#6758 = DEFINITIONAL_REPRESENTATION('',(#6759),#6763);
#6759 = LINE('',#6760,#6761);
#6760 = CARTESIAN_POINT('',(-42.5,-6.));
#6761 = VECTOR('',#6762,1.);
#6762 = DIRECTION('',(-0.,-1.));
#6763 = ( GEOMETRIC_REPRESENTATION_CONTEXT(2) 
PARAMETRIC_REPRESENTATION_CONTEXT() REPRESENTATION_CONTEXT('2D SPACE',''
  ) );
#6764 = PCURVE('',#6765,#6770);
#6765 = PLANE('',#6766);
#6766 = AXIS2_PLACEMENT_3D('',#6767,#6768,#6769);
#6767 = CARTESIAN_POINT('',(-23.5,249.5,27.631397208143));
#6768 = DIRECTION('',(2.775557561563E-17,-7.136298725426E-15,-1.));
#6769 = DIRECTION('',(1.,6.450531537933E-16,2.775557561562E-17));
#6770 = DEFINITIONAL_REPRESENTATION('',(#6771),#6775);
#6771 = LINE('',#6772,#6773);
#6772 = CARTESIAN_POINT('',(1.,0.));
#6773 = VECTOR('',#6774,1.);
#6774 = DIRECTION('',(-0.,-1.));
#6775 = ( GEOMETRIC_REPRESENTATION_CONTEXT(2) 
PARAMETRIC_REPRESENTATION_CONTEXT() REPRESENTATION_CONTEXT('2D SPACE',''
  ) );
#6776 = ORIENTED_EDGE('',*,*,#6777,.T.);
#6777 = EDGE_CURVE('',#6748,#6778,#6780,.T.);
#6778 = VERTEX_POINT('',#6779);
#6779 = CARTESIAN_POINT('',(-22.5,176.,67.631397208143));
#6780 = SURFACE_CURVE('',#6781,(#6786,#6797),.PCURVE_S1.);
#6781 = CIRCLE('',#6782,20.);
#6782 = AXIS2_PLACEMENT_3D('',#6783,#6784,#6785);
#6783 = CARTESIAN_POINT('',(-22.5,176.,47.631397208143));
#6784 = DIRECTION('',(-1.,-6.450531537933E-16,-2.775557561562E-17));
#6785 = DIRECTION('',(2.775557561563E-17,-7.136298725426E-15,-1.));
#6786 = PCURVE('',#881,#6787);
#6787 = DEFINITIONAL_REPRESENTATION('',(#6788),#6796);
#6788 = ( BOUNDED_CURVE() B_SPLINE_CURVE(2,(#6789,#6790,#6791,#6792,
#6793,#6794,#6795),.UNSPECIFIED.,.T.,.F.) B_SPLINE_CURVE_WITH_KNOTS((1,2
    ,2,2,2,1),(-2.094395102393,0.,2.094395102393,4.188790204786,
6.28318530718,8.377580409573),.UNSPECIFIED.) CURVE() 
GEOMETRIC_REPRESENTATION_ITEM() RATIONAL_B_SPLINE_CURVE((1.,0.5,1.,0.5,
1.,0.5,1.)) REPRESENTATION_ITEM('') );
#6789 = CARTESIAN_POINT('',(-42.5,67.5));
#6790 = CARTESIAN_POINT('',(-42.5,102.14101615137));
#6791 = CARTESIAN_POINT('',(-12.5,84.820508075689));
#6792 = CARTESIAN_POINT('',(17.5,67.5));
#6793 = CARTESIAN_POINT('',(-12.5,50.179491924311));
#6794 = CARTESIAN_POINT('',(-42.5,32.858983848622));
#6795 = CARTESIAN_POINT('',(-42.5,67.5));
#6796 = ( GEOMETRIC_REPRESENTATION_CONTEXT(2) 
PARAMETRIC_REPRESENTATION_CONTEXT() REPRESENTATION_CONTEXT('2D SPACE',''
  ) );
#6797 = PCURVE('',#6798,#6803);
#6798 = CYLINDRICAL_SURFACE('',#6799,20.);
#6799 = AXIS2_PLACEMENT_3D('',#6800,#6801,#6802);
#6800 = CARTESIAN_POINT('',(-23.5,176.,47.631397208143));
#6801 = DIRECTION('',(1.,6.450531537933E-16,2.775557561562E-17));
#6802 = DIRECTION('',(-2.775557561563E-17,7.136298725426E-15,1.));
#6803 = DEFINITIONAL_REPRESENTATION('',(#6804),#6808);
#6804 = LINE('',#6805,#6806);
#6805 = CARTESIAN_POINT('',(3.14159265359,1.));
#6806 = VECTOR('',#6807,1.);
#6807 = DIRECTION('',(-1.,0.));
#6808 = ( GEOMETRIC_REPRESENTATION_CONTEXT(2) 
PARAMETRIC_REPRESENTATION_CONTEXT() REPRESENTATION_CONTEXT('2D SPACE',''
  ) );
#6809 = ORIENTED_EDGE('',*,*,#6810,.T.);
#6810 = EDGE_CURVE('',#6778,#6811,#6813,.T.);
#6811 = VERTEX_POINT('',#6812);
#6812 = CARTESIAN_POINT('',(-22.5,247.,67.631397208143));
#6813 = SURFACE_CURVE('',#6814,(#6818,#6825),.PCURVE_S1.);
#6814 = LINE('',#6815,#6816);
#6815 = CARTESIAN_POINT('',(-22.5,249.5,67.631397208143));
#6816 = VECTOR('',#6817,1.);
#6817 = DIRECTION('',(-6.450531537933E-16,1.,-7.136298725426E-15));
#6818 = PCURVE('',#881,#6819);
#6819 = DEFINITIONAL_REPRESENTATION('',(#6820),#6824);
#6820 = LINE('',#6821,#6822);
#6821 = CARTESIAN_POINT('',(-2.5,-6.));
#6822 = VECTOR('',#6823,1.);
#6823 = DIRECTION('',(-0.,-1.));
#6824 = ( GEOMETRIC_REPRESENTATION_CONTEXT(2) 
PARAMETRIC_REPRESENTATION_CONTEXT() REPRESENTATION_CONTEXT('2D SPACE',''
  ) );
#6825 = PCURVE('',#6826,#6831);
#6826 = PLANE('',#6827);
#6827 = AXIS2_PLACEMENT_3D('',#6828,#6829,#6830);
#6828 = CARTESIAN_POINT('',(-23.5,249.5,67.631397208143));
#6829 = DIRECTION('',(2.775557561563E-17,-7.136298725426E-15,-1.));
#6830 = DIRECTION('',(1.,6.450531537933E-16,2.775557561562E-17));
#6831 = DEFINITIONAL_REPRESENTATION('',(#6832),#6836);
#6832 = LINE('',#6833,#6834);
#6833 = CARTESIAN_POINT('',(1.,0.));
#6834 = VECTOR('',#6835,1.);
#6835 = DIRECTION('',(-0.,-1.));
#6836 = ( GEOMETRIC_REPRESENTATION_CONTEXT(2) 
PARAMETRIC_REPRESENTATION_CONTEXT() REPRESENTATION_CONTEXT('2D SPACE',''
  ) );
#6837 = ORIENTED_EDGE('',*,*,#6838,.T.);
#6838 = EDGE_CURVE('',#6811,#6750,#6839,.T.);
#6839 = SURFACE_CURVE('',#6840,(#6844,#6851),.PCURVE_S1.);
#6840 = LINE('',#6841,#6842);
#6841 = CARTESIAN_POINT('',(-22.5,247.,47.631397208143));
#6842 = VECTOR('',#6843,1.);
#6843 = DIRECTION('',(2.775557561563E-17,-7.19050883405E-15,-1.));
#6844 = PCURVE('',#881,#6845);
#6845 = DEFINITIONAL_REPRESENTATION('',(#6846),#6850);
#6846 = LINE('',#6847,#6848);
#6847 = CARTESIAN_POINT('',(-22.5,-3.5));
#6848 = VECTOR('',#6849,1.);
#6849 = DIRECTION('',(-1.,5.421010862428E-17));
#6850 = ( GEOMETRIC_REPRESENTATION_CONTEXT(2) 
PARAMETRIC_REPRESENTATION_CONTEXT() REPRESENTATION_CONTEXT('2D SPACE',''
  ) );
#6851 = PCURVE('',#6852,#6857);
#6852 = PLANE('',#6853);
#6853 = AXIS2_PLACEMENT_3D('',#6854,#6855,#6856);
#6854 = CARTESIAN_POINT('',(-23.5,247.,47.631397208143));
#6855 = DIRECTION('',(6.450531537933E-16,-1.,7.19050883405E-15));
#6856 = DIRECTION('',(-2.775557561563E-17,7.19050883405E-15,1.));
#6857 = DEFINITIONAL_REPRESENTATION('',(#6858),#6862);
#6858 = LINE('',#6859,#6860);
#6859 = CARTESIAN_POINT('',(-0.,-1.));
#6860 = VECTOR('',#6861,1.);
#6861 = DIRECTION('',(-1.,0.));
#6862 = ( GEOMETRIC_REPRESENTATION_CONTEXT(2) 
PARAMETRIC_REPRESENTATION_CONTEXT() REPRESENTATION_CONTEXT('2D SPACE',''
  ) );
#6863 = FACE_BOUND('',#6864,.T.);
#6864 = EDGE_LOOP('',(#6865,#6891));
#6865 = ORIENTED_EDGE('',*,*,#6866,.F.);
#6866 = EDGE_CURVE('',#1858,#1891,#6867,.T.);
#6867 = SURFACE_CURVE('',#6868,(#6873,#6884),.PCURVE_S1.);
#6868 = CIRCLE('',#6869,3.1);
#6869 = AXIS2_PLACEMENT_3D('',#6870,#6871,#6872);
#6870 = CARTESIAN_POINT('',(-22.5,211.,60.631397208143));
#6871 = DIRECTION('',(-1.,-6.450531537933E-16,-2.775557561562E-17));
#6872 = DIRECTION('',(2.775557561563E-17,-7.136298725426E-15,-1.));
#6873 = PCURVE('',#881,#6874);
#6874 = DEFINITIONAL_REPRESENTATION('',(#6875),#6883);
#6875 = ( BOUNDED_CURVE() B_SPLINE_CURVE(2,(#6876,#6877,#6878,#6879,
#6880,#6881,#6882),.UNSPECIFIED.,.T.,.F.) B_SPLINE_CURVE_WITH_KNOTS((1,2
    ,2,2,2,1),(-2.094395102393,0.,2.094395102393,4.188790204786,
6.28318530718,8.377580409573),.UNSPECIFIED.) CURVE() 
GEOMETRIC_REPRESENTATION_ITEM() RATIONAL_B_SPLINE_CURVE((1.,0.5,1.,0.5,
1.,0.5,1.)) REPRESENTATION_ITEM('') );
#6876 = CARTESIAN_POINT('',(-12.6,32.5));
#6877 = CARTESIAN_POINT('',(-12.6,37.869357503464));
#6878 = CARTESIAN_POINT('',(-7.95,35.184678751732));
#6879 = CARTESIAN_POINT('',(-3.3,32.5));
#6880 = CARTESIAN_POINT('',(-7.95,29.815321248268));
#6881 = CARTESIAN_POINT('',(-12.6,27.130642496536));
#6882 = CARTESIAN_POINT('',(-12.6,32.5));
#6883 = ( GEOMETRIC_REPRESENTATION_CONTEXT(2) 
PARAMETRIC_REPRESENTATION_CONTEXT() REPRESENTATION_CONTEXT('2D SPACE',''
  ) );
#6884 = PCURVE('',#1878,#6885);
#6885 = DEFINITIONAL_REPRESENTATION('',(#6886),#6890);
#6886 = LINE('',#6887,#6888);
#6887 = CARTESIAN_POINT('',(0.,1.2));
#6888 = VECTOR('',#6889,1.);
#6889 = DIRECTION('',(1.,0.));
#6890 = ( GEOMETRIC_REPRESENTATION_CONTEXT(2) 
PARAMETRIC_REPRESENTATION_CONTEXT() REPRESENTATION_CONTEXT('2D SPACE',''
  ) );
#6891 = ORIENTED_EDGE('',*,*,#1890,.F.);
#6892 = FACE_BOUND('',#6893,.T.);
#6893 = EDGE_LOOP('',(#6894,#6920));
#6894 = ORIENTED_EDGE('',*,*,#6895,.F.);
#6895 = EDGE_CURVE('',#1974,#2007,#6896,.T.);
#6896 = SURFACE_CURVE('',#6897,(#6902,#6913),.PCURVE_S1.);
#6897 = CIRCLE('',#6898,3.1);
#6898 = AXIS2_PLACEMENT_3D('',#6899,#6900,#6901);
#6899 = CARTESIAN_POINT('',(-22.5,237.,60.631397208143));
#6900 = DIRECTION('',(-1.,-6.450531537933E-16,-2.775557561562E-17));
#6901 = DIRECTION('',(2.775557561563E-17,-7.136298725426E-15,-1.));
#6902 = PCURVE('',#881,#6903);
#6903 = DEFINITIONAL_REPRESENTATION('',(#6904),#6912);
#6904 = ( BOUNDED_CURVE() B_SPLINE_CURVE(2,(#6905,#6906,#6907,#6908,
#6909,#6910,#6911),.UNSPECIFIED.,.T.,.F.) B_SPLINE_CURVE_WITH_KNOTS((1,2
    ,2,2,2,1),(-2.094395102393,0.,2.094395102393,4.188790204786,
6.28318530718,8.377580409573),.UNSPECIFIED.) CURVE() 
GEOMETRIC_REPRESENTATION_ITEM() RATIONAL_B_SPLINE_CURVE((1.,0.5,1.,0.5,
1.,0.5,1.)) REPRESENTATION_ITEM('') );
#6905 = CARTESIAN_POINT('',(-12.6,6.5));
#6906 = CARTESIAN_POINT('',(-12.6,11.869357503464));
#6907 = CARTESIAN_POINT('',(-7.95,9.184678751732));
#6908 = CARTESIAN_POINT('',(-3.3,6.5));
#6909 = CARTESIAN_POINT('',(-7.95,3.815321248268));
#6910 = CARTESIAN_POINT('',(-12.6,1.130642496536));
#6911 = CARTESIAN_POINT('',(-12.6,6.5));
#6912 = ( GEOMETRIC_REPRESENTATION_CONTEXT(2) 
PARAMETRIC_REPRESENTATION_CONTEXT() REPRESENTATION_CONTEXT('2D SPACE',''
  ) );
#6913 = PCURVE('',#1994,#6914);
#6914 = DEFINITIONAL_REPRESENTATION('',(#6915),#6919);
#6915 = LINE('',#6916,#6917);
#6916 = CARTESIAN_POINT('',(0.,1.2));
#6917 = VECTOR('',#6918,1.);
#6918 = DIRECTION('',(1.,0.));
#6919 = ( GEOMETRIC_REPRESENTATION_CONTEXT(2) 
PARAMETRIC_REPRESENTATION_CONTEXT() REPRESENTATION_CONTEXT('2D SPACE',''
  ) );
#6920 = ORIENTED_EDGE('',*,*,#2006,.F.);
#6921 = FACE_BOUND('',#6922,.T.);
#6922 = EDGE_LOOP('',(#6923,#6949));
#6923 = ORIENTED_EDGE('',*,*,#6924,.F.);
#6924 = EDGE_CURVE('',#2090,#2123,#6925,.T.);
#6925 = SURFACE_CURVE('',#6926,(#6931,#6942),.PCURVE_S1.);
#6926 = CIRCLE('',#6927,3.1);
#6927 = AXIS2_PLACEMENT_3D('',#6928,#6929,#6930);
#6928 = CARTESIAN_POINT('',(-22.5,237.,34.631397208143));
#6929 = DIRECTION('',(-1.,-6.450531537933E-16,-2.775557561562E-17));
#6930 = DIRECTION('',(2.775557561563E-17,-7.136298725426E-15,-1.));
#6931 = PCURVE('',#881,#6932);
#6932 = DEFINITIONAL_REPRESENTATION('',(#6933),#6941);
#6933 = ( BOUNDED_CURVE() B_SPLINE_CURVE(2,(#6934,#6935,#6936,#6937,
#6938,#6939,#6940),.UNSPECIFIED.,.T.,.F.) B_SPLINE_CURVE_WITH_KNOTS((1,2
    ,2,2,2,1),(-2.094395102393,0.,2.094395102393,4.188790204786,
6.28318530718,8.377580409573),.UNSPECIFIED.) CURVE() 
GEOMETRIC_REPRESENTATION_ITEM() RATIONAL_B_SPLINE_CURVE((1.,0.5,1.,0.5,
1.,0.5,1.)) REPRESENTATION_ITEM('') );
#6934 = CARTESIAN_POINT('',(-38.6,6.5));
#6935 = CARTESIAN_POINT('',(-38.6,11.869357503464));
#6936 = CARTESIAN_POINT('',(-33.95,9.184678751732));
#6937 = CARTESIAN_POINT('',(-29.3,6.5));
#6938 = CARTESIAN_POINT('',(-33.95,3.815321248268));
#6939 = CARTESIAN_POINT('',(-38.6,1.130642496536));
#6940 = CARTESIAN_POINT('',(-38.6,6.5));
#6941 = ( GEOMETRIC_REPRESENTATION_CONTEXT(2) 
PARAMETRIC_REPRESENTATION_CONTEXT() REPRESENTATION_CONTEXT('2D SPACE',''
  ) );
#6942 = PCURVE('',#2110,#6943);
#6943 = DEFINITIONAL_REPRESENTATION('',(#6944),#6948);
#6944 = LINE('',#6945,#6946);
#6945 = CARTESIAN_POINT('',(0.,1.2));
#6946 = VECTOR('',#6947,1.);
#6947 = DIRECTION('',(1.,0.));
#6948 = ( GEOMETRIC_REPRESENTATION_CONTEXT(2) 
PARAMETRIC_REPRESENTATION_CONTEXT() REPRESENTATION_CONTEXT('2D SPACE',''
  ) );
#6949 = ORIENTED_EDGE('',*,*,#2122,.F.);
#6950 = FACE_BOUND('',#6951,.T.);
#6951 = EDGE_LOOP('',(#6952,#6978));
#6952 = ORIENTED_EDGE('',*,*,#6953,.F.);
#6953 = EDGE_CURVE('',#1742,#1775,#6954,.T.);
#6954 = SURFACE_CURVE('',#6955,(#6960,#6971),.PCURVE_S1.);
#6955 = CIRCLE('',#6956,3.1);
#6956 = AXIS2_PLACEMENT_3D('',#6957,#6958,#6959);
#6957 = CARTESIAN_POINT('',(-22.5,211.,34.631397208143));
#6958 = DIRECTION('',(-1.,-6.450531537933E-16,-2.775557561562E-17));
#6959 = DIRECTION('',(2.775557561563E-17,-7.136298725426E-15,-1.));
#6960 = PCURVE('',#881,#6961);
#6961 = DEFINITIONAL_REPRESENTATION('',(#6962),#6970);
#6962 = ( BOUNDED_CURVE() B_SPLINE_CURVE(2,(#6963,#6964,#6965,#6966,
#6967,#6968,#6969),.UNSPECIFIED.,.T.,.F.) B_SPLINE_CURVE_WITH_KNOTS((1,2
    ,2,2,2,1),(-2.094395102393,0.,2.094395102393,4.188790204786,
6.28318530718,8.377580409573),.UNSPECIFIED.) CURVE() 
GEOMETRIC_REPRESENTATION_ITEM() RATIONAL_B_SPLINE_CURVE((1.,0.5,1.,0.5,
1.,0.5,1.)) REPRESENTATION_ITEM('') );
#6963 = CARTESIAN_POINT('',(-38.6,32.5));
#6964 = CARTESIAN_POINT('',(-38.6,37.869357503464));
#6965 = CARTESIAN_POINT('',(-33.95,35.184678751732));
#6966 = CARTESIAN_POINT('',(-29.3,32.5));
#6967 = CARTESIAN_POINT('',(-33.95,29.815321248268));
#6968 = CARTESIAN_POINT('',(-38.6,27.130642496536));
#6969 = CARTESIAN_POINT('',(-38.6,32.5));
#6970 = ( GEOMETRIC_REPRESENTATION_CONTEXT(2) 
PARAMETRIC_REPRESENTATION_CONTEXT() REPRESENTATION_CONTEXT('2D SPACE',''
  ) );
#6971 = PCURVE('',#1762,#6972);
#6972 = DEFINITIONAL_REPRESENTATION('',(#6973),#6977);
#6973 = LINE('',#6974,#6975);
#6974 = CARTESIAN_POINT('',(0.,1.2));
#6975 = VECTOR('',#6976,1.);
#6976 = DIRECTION('',(1.,0.));
#6977 = ( GEOMETRIC_REPRESENTATION_CONTEXT(2) 
PARAMETRIC_REPRESENTATION_CONTEXT() REPRESENTATION_CONTEXT('2D SPACE',''
  ) );
#6978 = ORIENTED_EDGE('',*,*,#1774,.F.);
#6979 = FACE_BOUND('',#6980,.T.);
#6980 = EDGE_LOOP('',(#6981,#7009,#7010,#7036,#7037,#7065,#7091,#7092,
    #7120));
#6981 = ORIENTED_EDGE('',*,*,#6982,.F.);
#6982 = EDGE_CURVE('',#1097,#6983,#6985,.T.);
#6983 = VERTEX_POINT('',#6984);
#6984 = CARTESIAN_POINT('',(-22.5,172.90443239849,61.797111493857));
#6985 = SURFACE_CURVE('',#6986,(#6991,#7002),.PCURVE_S1.);
#6986 = CIRCLE('',#6987,14.5);
#6987 = AXIS2_PLACEMENT_3D('',#6988,#6989,#6990);
#6988 = CARTESIAN_POINT('',(-22.5,176.,47.631397208143));
#6989 = DIRECTION('',(-1.,-6.450531537933E-16,-2.775557561562E-17));
#6990 = DIRECTION('',(2.775557561563E-17,-7.136298725426E-15,-1.));
#6991 = PCURVE('',#881,#6992);
#6992 = DEFINITIONAL_REPRESENTATION('',(#6993),#7001);
#6993 = ( BOUNDED_CURVE() B_SPLINE_CURVE(2,(#6994,#6995,#6996,#6997,
#6998,#6999,#7000),.UNSPECIFIED.,.T.,.F.) B_SPLINE_CURVE_WITH_KNOTS((1,2
    ,2,2,2,1),(-2.094395102393,0.,2.094395102393,4.188790204786,
6.28318530718,8.377580409573),.UNSPECIFIED.) CURVE() 
GEOMETRIC_REPRESENTATION_ITEM() RATIONAL_B_SPLINE_CURVE((1.,0.5,1.,0.5,
1.,0.5,1.)) REPRESENTATION_ITEM('') );
#6994 = CARTESIAN_POINT('',(-37.,67.5));
#6995 = CARTESIAN_POINT('',(-37.,92.614736709749));
#6996 = CARTESIAN_POINT('',(-15.25,80.057368354874));
#6997 = CARTESIAN_POINT('',(6.5,67.5));
#6998 = CARTESIAN_POINT('',(-15.25,54.942631645126));
#6999 = CARTESIAN_POINT('',(-37.,42.385263290251));
#7000 = CARTESIAN_POINT('',(-37.,67.5));
#7001 = ( GEOMETRIC_REPRESENTATION_CONTEXT(2) 
PARAMETRIC_REPRESENTATION_CONTEXT() REPRESENTATION_CONTEXT('2D SPACE',''
  ) );
#7002 = PCURVE('',#1112,#7003);
#7003 = DEFINITIONAL_REPRESENTATION('',(#7004),#7008);
#7004 = LINE('',#7005,#7006);
#7005 = CARTESIAN_POINT('',(0.,1.5));
#7006 = VECTOR('',#7007,1.);
#7007 = DIRECTION('',(1.,0.));
#7008 = ( GEOMETRIC_REPRESENTATION_CONTEXT(2) 
PARAMETRIC_REPRESENTATION_CONTEXT() REPRESENTATION_CONTEXT('2D SPACE',''
  ) );
#7009 = ORIENTED_EDGE('',*,*,#1124,.F.);
#7010 = ORIENTED_EDGE('',*,*,#7011,.F.);
#7011 = EDGE_CURVE('',#1631,#1125,#7012,.T.);
#7012 = SURFACE_CURVE('',#7013,(#7018,#7029),.PCURVE_S1.);
#7013 = CIRCLE('',#7014,14.5);
#7014 = AXIS2_PLACEMENT_3D('',#7015,#7016,#7017);
#7015 = CARTESIAN_POINT('',(-22.5,176.,47.631397208143));
#7016 = DIRECTION('',(-1.,-6.450531537933E-16,-2.775557561562E-17));
#7017 = DIRECTION('',(2.775557561563E-17,-7.136298725426E-15,-1.));
#7018 = PCURVE('',#881,#7019);
#7019 = DEFINITIONAL_REPRESENTATION('',(#7020),#7028);
#7020 = ( BOUNDED_CURVE() B_SPLINE_CURVE(2,(#7021,#7022,#7023,#7024,
#7025,#7026,#7027),.UNSPECIFIED.,.T.,.F.) B_SPLINE_CURVE_WITH_KNOTS((1,2
    ,2,2,2,1),(-2.094395102393,0.,2.094395102393,4.188790204786,
6.28318530718,8.377580409573),.UNSPECIFIED.) CURVE() 
GEOMETRIC_REPRESENTATION_ITEM() RATIONAL_B_SPLINE_CURVE((1.,0.5,1.,0.5,
1.,0.5,1.)) REPRESENTATION_ITEM('') );
#7021 = CARTESIAN_POINT('',(-37.,67.5));
#7022 = CARTESIAN_POINT('',(-37.,92.614736709749));
#7023 = CARTESIAN_POINT('',(-15.25,80.057368354874));
#7024 = CARTESIAN_POINT('',(6.5,67.5));
#7025 = CARTESIAN_POINT('',(-15.25,54.942631645126));
#7026 = CARTESIAN_POINT('',(-37.,42.385263290251));
#7027 = CARTESIAN_POINT('',(-37.,67.5));
#7028 = ( GEOMETRIC_REPRESENTATION_CONTEXT(2) 
PARAMETRIC_REPRESENTATION_CONTEXT() REPRESENTATION_CONTEXT('2D SPACE',''
  ) );
#7029 = PCURVE('',#1168,#7030);
#7030 = DEFINITIONAL_REPRESENTATION('',(#7031),#7035);
#7031 = LINE('',#7032,#7033);
#7032 = CARTESIAN_POINT('',(2.775557561563E-17,1.5));
#7033 = VECTOR('',#7034,1.);
#7034 = DIRECTION('',(1.,0.));
#7035 = ( GEOMETRIC_REPRESENTATION_CONTEXT(2) 
PARAMETRIC_REPRESENTATION_CONTEXT() REPRESENTATION_CONTEXT('2D SPACE',''
  ) );
#7036 = ORIENTED_EDGE('',*,*,#1653,.F.);
#7037 = ORIENTED_EDGE('',*,*,#7038,.F.);
#7038 = EDGE_CURVE('',#7039,#1654,#7041,.T.);
#7039 = VERTEX_POINT('',#7040);
#7040 = CARTESIAN_POINT('',(-22.5,179.0955676015,33.465682922429));
#7041 = SURFACE_CURVE('',#7042,(#7047,#7058),.PCURVE_S1.);
#7042 = CIRCLE('',#7043,3.1);
#7043 = AXIS2_PLACEMENT_3D('',#7044,#7045,#7046);
#7044 = CARTESIAN_POINT('',(-22.5,176.,33.631397208143));
#7045 = DIRECTION('',(-1.,-6.450531537933E-16,-2.775557561562E-17));
#7046 = DIRECTION('',(2.775557561563E-17,-7.136298725426E-15,-1.));
#7047 = PCURVE('',#881,#7048);
#7048 = DEFINITIONAL_REPRESENTATION('',(#7049),#7057);
#7049 = ( BOUNDED_CURVE() B_SPLINE_CURVE(2,(#7050,#7051,#7052,#7053,
#7054,#7055,#7056),.UNSPECIFIED.,.T.,.F.) B_SPLINE_CURVE_WITH_KNOTS((1,2
    ,2,2,2,1),(-2.094395102393,0.,2.094395102393,4.188790204786,
6.28318530718,8.377580409573),.UNSPECIFIED.) CURVE() 
GEOMETRIC_REPRESENTATION_ITEM() RATIONAL_B_SPLINE_CURVE((1.,0.5,1.,0.5,
1.,0.5,1.)) REPRESENTATION_ITEM('') );
#7050 = CARTESIAN_POINT('',(-39.6,67.5));
#7051 = CARTESIAN_POINT('',(-39.6,72.869357503464));
#7052 = CARTESIAN_POINT('',(-34.95,70.184678751732));
#7053 = CARTESIAN_POINT('',(-30.3,67.5));
#7054 = CARTESIAN_POINT('',(-34.95,64.815321248268));
#7055 = CARTESIAN_POINT('',(-39.6,62.130642496536));
#7056 = CARTESIAN_POINT('',(-39.6,67.5));
#7057 = ( GEOMETRIC_REPRESENTATION_CONTEXT(2) 
PARAMETRIC_REPRESENTATION_CONTEXT() REPRESENTATION_CONTEXT('2D SPACE',''
  ) );
#7058 = PCURVE('',#1697,#7059);
#7059 = DEFINITIONAL_REPRESENTATION('',(#7060),#7064);
#7060 = LINE('',#7061,#7062);
#7061 = CARTESIAN_POINT('',(0.,2.7));
#7062 = VECTOR('',#7063,1.);
#7063 = DIRECTION('',(1.,0.));
#7064 = ( GEOMETRIC_REPRESENTATION_CONTEXT(2) 
PARAMETRIC_REPRESENTATION_CONTEXT() REPRESENTATION_CONTEXT('2D SPACE',''
  ) );
#7065 = ORIENTED_EDGE('',*,*,#7066,.F.);
#7066 = EDGE_CURVE('',#1328,#7039,#7067,.T.);
#7067 = SURFACE_CURVE('',#7068,(#7073,#7084),.PCURVE_S1.);
#7068 = CIRCLE('',#7069,14.5);
#7069 = AXIS2_PLACEMENT_3D('',#7070,#7071,#7072);
#7070 = CARTESIAN_POINT('',(-22.5,176.,47.631397208143));
#7071 = DIRECTION('',(-1.,-6.450531537933E-16,-2.775557561562E-17));
#7072 = DIRECTION('',(2.775557561563E-17,-7.136298725426E-15,-1.));
#7073 = PCURVE('',#881,#7074);
#7074 = DEFINITIONAL_REPRESENTATION('',(#7075),#7083);
#7075 = ( BOUNDED_CURVE() B_SPLINE_CURVE(2,(#7076,#7077,#7078,#7079,
#7080,#7081,#7082),.UNSPECIFIED.,.T.,.F.) B_SPLINE_CURVE_WITH_KNOTS((1,2
    ,2,2,2,1),(-2.094395102393,0.,2.094395102393,4.188790204786,
6.28318530718,8.377580409573),.UNSPECIFIED.) CURVE() 
GEOMETRIC_REPRESENTATION_ITEM() RATIONAL_B_SPLINE_CURVE((1.,0.5,1.,0.5,
1.,0.5,1.)) REPRESENTATION_ITEM('') );
#7076 = CARTESIAN_POINT('',(-37.,67.5));
#7077 = CARTESIAN_POINT('',(-37.,92.614736709749));
#7078 = CARTESIAN_POINT('',(-15.25,80.057368354874));
#7079 = CARTESIAN_POINT('',(6.5,67.5));
#7080 = CARTESIAN_POINT('',(-15.25,54.942631645126));
#7081 = CARTESIAN_POINT('',(-37.,42.385263290251));
#7082 = CARTESIAN_POINT('',(-37.,67.5));
#7083 = ( GEOMETRIC_REPRESENTATION_CONTEXT(2) 
PARAMETRIC_REPRESENTATION_CONTEXT() REPRESENTATION_CONTEXT('2D SPACE',''
  ) );
#7084 = PCURVE('',#1343,#7085);
#7085 = DEFINITIONAL_REPRESENTATION('',(#7086),#7090);
#7086 = LINE('',#7087,#7088);
#7087 = CARTESIAN_POINT('',(0.,1.5));
#7088 = VECTOR('',#7089,1.);
#7089 = DIRECTION('',(1.,0.));
#7090 = ( GEOMETRIC_REPRESENTATION_CONTEXT(2) 
PARAMETRIC_REPRESENTATION_CONTEXT() REPRESENTATION_CONTEXT('2D SPACE',''
  ) );
#7091 = ORIENTED_EDGE('',*,*,#1355,.F.);
#7092 = ORIENTED_EDGE('',*,*,#7093,.F.);
#7093 = EDGE_CURVE('',#7094,#1356,#7096,.T.);
#7094 = VERTEX_POINT('',#7095);
#7095 = CARTESIAN_POINT('',(-22.5,179.0955676015,61.797111493857));
#7096 = SURFACE_CURVE('',#7097,(#7102,#7113),.PCURVE_S1.);
#7097 = CIRCLE('',#7098,14.5);
#7098 = AXIS2_PLACEMENT_3D('',#7099,#7100,#7101);
#7099 = CARTESIAN_POINT('',(-22.5,176.,47.631397208143));
#7100 = DIRECTION('',(-1.,-6.450531537933E-16,-2.775557561562E-17));
#7101 = DIRECTION('',(2.775557561563E-17,-7.136298725426E-15,-1.));
#7102 = PCURVE('',#881,#7103);
#7103 = DEFINITIONAL_REPRESENTATION('',(#7104),#7112);
#7104 = ( BOUNDED_CURVE() B_SPLINE_CURVE(2,(#7105,#7106,#7107,#7108,
#7109,#7110,#7111),.UNSPECIFIED.,.T.,.F.) B_SPLINE_CURVE_WITH_KNOTS((1,2
    ,2,2,2,1),(-2.094395102393,0.,2.094395102393,4.188790204786,
6.28318530718,8.377580409573),.UNSPECIFIED.) CURVE() 
GEOMETRIC_REPRESENTATION_ITEM() RATIONAL_B_SPLINE_CURVE((1.,0.5,1.,0.5,
1.,0.5,1.)) REPRESENTATION_ITEM('') );
#7105 = CARTESIAN_POINT('',(-37.,67.5));
#7106 = CARTESIAN_POINT('',(-37.,92.614736709749));
#7107 = CARTESIAN_POINT('',(-15.25,80.057368354874));
#7108 = CARTESIAN_POINT('',(6.5,67.5));
#7109 = CARTESIAN_POINT('',(-15.25,54.942631645126));
#7110 = CARTESIAN_POINT('',(-37.,42.385263290251));
#7111 = CARTESIAN_POINT('',(-37.,67.5));
#7112 = ( GEOMETRIC_REPRESENTATION_CONTEXT(2) 
PARAMETRIC_REPRESENTATION_CONTEXT() REPRESENTATION_CONTEXT('2D SPACE',''
  ) );
#7113 = PCURVE('',#1399,#7114);
#7114 = DEFINITIONAL_REPRESENTATION('',(#7115),#7119);
#7115 = LINE('',#7116,#7117);
#7116 = CARTESIAN_POINT('',(0.,1.5));
#7117 = VECTOR('',#7118,1.);
#7118 = DIRECTION('',(1.,0.));
#7119 = ( GEOMETRIC_REPRESENTATION_CONTEXT(2) 
PARAMETRIC_REPRESENTATION_CONTEXT() REPRESENTATION_CONTEXT('2D SPACE',''
  ) );
#7120 = ORIENTED_EDGE('',*,*,#7121,.F.);
#7121 = EDGE_CURVE('',#6983,#7094,#7122,.T.);
#7122 = SURFACE_CURVE('',#7123,(#7128,#7139),.PCURVE_S1.);
#7123 = CIRCLE('',#7124,3.1);
#7124 = AXIS2_PLACEMENT_3D('',#7125,#7126,#7127);
#7125 = CARTESIAN_POINT('',(-22.5,176.,61.631397208143));
#7126 = DIRECTION('',(-1.,-6.450531537933E-16,-2.775557561562E-17));
#7127 = DIRECTION('',(2.775557561563E-17,-7.136298725426E-15,-1.));
#7128 = PCURVE('',#881,#7129);
#7129 = DEFINITIONAL_REPRESENTATION('',(#7130),#7138);
#7130 = ( BOUNDED_CURVE() B_SPLINE_CURVE(2,(#7131,#7132,#7133,#7134,
#7135,#7136,#7137),.UNSPECIFIED.,.T.,.F.) B_SPLINE_CURVE_WITH_KNOTS((1,2
    ,2,2,2,1),(-2.094395102393,0.,2.094395102393,4.188790204786,
6.28318530718,8.377580409573),.UNSPECIFIED.) CURVE() 
GEOMETRIC_REPRESENTATION_ITEM() RATIONAL_B_SPLINE_CURVE((1.,0.5,1.,0.5,
1.,0.5,1.)) REPRESENTATION_ITEM('') );
#7131 = CARTESIAN_POINT('',(-11.6,67.5));
#7132 = CARTESIAN_POINT('',(-11.6,72.869357503464));
#7133 = CARTESIAN_POINT('',(-6.95,70.184678751732));
#7134 = CARTESIAN_POINT('',(-2.3,67.5));
#7135 = CARTESIAN_POINT('',(-6.95,64.815321248268));
#7136 = CARTESIAN_POINT('',(-11.6,62.130642496537));
#7137 = CARTESIAN_POINT('',(-11.6,67.5));
#7138 = ( GEOMETRIC_REPRESENTATION_CONTEXT(2) 
PARAMETRIC_REPRESENTATION_CONTEXT() REPRESENTATION_CONTEXT('2D SPACE',''
  ) );
#7139 = PCURVE('',#4264,#7140);
#7140 = DEFINITIONAL_REPRESENTATION('',(#7141),#7145);
#7141 = LINE('',#7142,#7143);
#7142 = CARTESIAN_POINT('',(0.,2.7));
#7143 = VECTOR('',#7144,1.);
#7144 = DIRECTION('',(1.,0.));
#7145 = ( GEOMETRIC_REPRESENTATION_CONTEXT(2) 
PARAMETRIC_REPRESENTATION_CONTEXT() REPRESENTATION_CONTEXT('2D SPACE',''
  ) );
#7146 = FACE_BOUND('',#7147,.T.);
#7147 = EDGE_LOOP('',(#7148,#7174));
#7148 = ORIENTED_EDGE('',*,*,#7149,.F.);
#7149 = EDGE_CURVE('',#832,#865,#7150,.T.);
#7150 = SURFACE_CURVE('',#7151,(#7156,#7167),.PCURVE_S1.);
#7151 = CIRCLE('',#7152,14.5);
#7152 = AXIS2_PLACEMENT_3D('',#7153,#7154,#7155);
#7153 = CARTESIAN_POINT('',(-22.5,224.,47.631397208143));
#7154 = DIRECTION('',(-1.,-6.450531537933E-16,-2.775557561562E-17));
#7155 = DIRECTION('',(2.775557561563E-17,-7.136298725426E-15,-1.));
#7156 = PCURVE('',#881,#7157);
#7157 = DEFINITIONAL_REPRESENTATION('',(#7158),#7166);
#7158 = ( BOUNDED_CURVE() B_SPLINE_CURVE(2,(#7159,#7160,#7161,#7162,
#7163,#7164,#7165),.UNSPECIFIED.,.T.,.F.) B_SPLINE_CURVE_WITH_KNOTS((1,2
    ,2,2,2,1),(-2.094395102393,0.,2.094395102393,4.188790204786,
6.28318530718,8.377580409573),.UNSPECIFIED.) CURVE() 
GEOMETRIC_REPRESENTATION_ITEM() RATIONAL_B_SPLINE_CURVE((1.,0.5,1.,0.5,
1.,0.5,1.)) REPRESENTATION_ITEM('') );
#7159 = CARTESIAN_POINT('',(-37.,19.5));
#7160 = CARTESIAN_POINT('',(-37.,44.614736709749));
#7161 = CARTESIAN_POINT('',(-15.25,32.057368354874));
#7162 = CARTESIAN_POINT('',(6.5,19.5));
#7163 = CARTESIAN_POINT('',(-15.25,6.942631645126));
#7164 = CARTESIAN_POINT('',(-37.,-5.614736709749));
#7165 = CARTESIAN_POINT('',(-37.,19.5));
#7166 = ( GEOMETRIC_REPRESENTATION_CONTEXT(2) 
PARAMETRIC_REPRESENTATION_CONTEXT() REPRESENTATION_CONTEXT('2D SPACE',''
  ) );
#7167 = PCURVE('',#852,#7168);
#7168 = DEFINITIONAL_REPRESENTATION('',(#7169),#7173);
#7169 = LINE('',#7170,#7171);
#7170 = CARTESIAN_POINT('',(0.,1.5));
#7171 = VECTOR('',#7172,1.);
#7172 = DIRECTION('',(1.,0.));
#7173 = ( GEOMETRIC_REPRESENTATION_CONTEXT(2) 
PARAMETRIC_REPRESENTATION_CONTEXT() REPRESENTATION_CONTEXT('2D SPACE',''
  ) );
#7174 = ORIENTED_EDGE('',*,*,#864,.F.);
#7175 = ADVANCED_FACE('',(#7176),#4895,.F.);
#7176 = FACE_BOUND('',#7177,.F.);
#7177 = EDGE_LOOP('',(#7178,#7179,#7180,#7206));
#7178 = ORIENTED_EDGE('',*,*,#6638,.F.);
#7179 = ORIENTED_EDGE('',*,*,#4872,.F.);
#7180 = ORIENTED_EDGE('',*,*,#7181,.T.);
#7181 = EDGE_CURVE('',#4873,#4936,#7182,.T.);
#7182 = SURFACE_CURVE('',#7183,(#7188,#7195),.PCURVE_S1.);
#7183 = CIRCLE('',#7184,11.1);
#7184 = AXIS2_PLACEMENT_3D('',#7185,#7186,#7187);
#7185 = CARTESIAN_POINT('',(-21.,224.,47.631397208143));
#7186 = DIRECTION('',(1.,6.450531537933E-16,2.775557561562E-17));
#7187 = DIRECTION('',(2.775557561563E-17,-7.136298725426E-15,-1.));
#7188 = PCURVE('',#4895,#7189);
#7189 = DEFINITIONAL_REPRESENTATION('',(#7190),#7194);
#7190 = LINE('',#7191,#7192);
#7191 = CARTESIAN_POINT('',(-3.14159265359,1.5));
#7192 = VECTOR('',#7193,1.);
#7193 = DIRECTION('',(1.,0.));
#7194 = ( GEOMETRIC_REPRESENTATION_CONTEXT(2) 
PARAMETRIC_REPRESENTATION_CONTEXT() REPRESENTATION_CONTEXT('2D SPACE',''
  ) );
#7195 = PCURVE('',#935,#7196);
#7196 = DEFINITIONAL_REPRESENTATION('',(#7197),#7205);
#7197 = ( BOUNDED_CURVE() B_SPLINE_CURVE(2,(#7198,#7199,#7200,#7201,
#7202,#7203,#7204),.UNSPECIFIED.,.T.,.F.) B_SPLINE_CURVE_WITH_KNOTS((1,2
    ,2,2,2,1),(-2.094395102393,0.,2.094395102393,4.188790204786,
6.28318530718,8.377580409573),.UNSPECIFIED.) CURVE() 
GEOMETRIC_REPRESENTATION_ITEM() RATIONAL_B_SPLINE_CURVE((1.,0.5,1.,0.5,
1.,0.5,1.)) REPRESENTATION_ITEM('') );
#7198 = CARTESIAN_POINT('',(11.1,0.));
#7199 = CARTESIAN_POINT('',(11.1,-19.22576396401));
#7200 = CARTESIAN_POINT('',(-5.55,-9.612881982007));
#7201 = CARTESIAN_POINT('',(-22.2,-2.718715894107E-15));
#7202 = CARTESIAN_POINT('',(-5.55,9.612881982007));
#7203 = CARTESIAN_POINT('',(11.1,19.225763964015));
#7204 = CARTESIAN_POINT('',(11.1,0.));
#7205 = ( GEOMETRIC_REPRESENTATION_CONTEXT(2) 
PARAMETRIC_REPRESENTATION_CONTEXT() REPRESENTATION_CONTEXT('2D SPACE',''
  ) );
#7206 = ORIENTED_EDGE('',*,*,#4935,.T.);
#7207 = ADVANCED_FACE('',(#7208),#4780,.F.);
#7208 = FACE_BOUND('',#7209,.F.);
#7209 = EDGE_LOOP('',(#7210,#7211,#7212,#7238));
#7210 = ORIENTED_EDGE('',*,*,#6464,.F.);
#7211 = ORIENTED_EDGE('',*,*,#4757,.F.);
#7212 = ORIENTED_EDGE('',*,*,#7213,.T.);
#7213 = EDGE_CURVE('',#4758,#4821,#7214,.T.);
#7214 = SURFACE_CURVE('',#7215,(#7220,#7227),.PCURVE_S1.);
#7215 = CIRCLE('',#7216,1.6);
#7216 = AXIS2_PLACEMENT_3D('',#7217,#7218,#7219);
#7217 = CARTESIAN_POINT('',(-19.8,176.,33.631397208143));
#7218 = DIRECTION('',(1.,6.450531537933E-16,2.775557561562E-17));
#7219 = DIRECTION('',(2.775557561563E-17,-7.136298725426E-15,-1.));
#7220 = PCURVE('',#4780,#7221);
#7221 = DEFINITIONAL_REPRESENTATION('',(#7222),#7226);
#7222 = LINE('',#7223,#7224);
#7223 = CARTESIAN_POINT('',(-3.14159265359,2.7));
#7224 = VECTOR('',#7225,1.);
#7225 = DIRECTION('',(1.,0.));
#7226 = ( GEOMETRIC_REPRESENTATION_CONTEXT(2) 
PARAMETRIC_REPRESENTATION_CONTEXT() REPRESENTATION_CONTEXT('2D SPACE',''
  ) );
#7227 = PCURVE('',#1724,#7228);
#7228 = DEFINITIONAL_REPRESENTATION('',(#7229),#7237);
#7229 = ( BOUNDED_CURVE() B_SPLINE_CURVE(2,(#7230,#7231,#7232,#7233,
#7234,#7235,#7236),.UNSPECIFIED.,.T.,.F.) B_SPLINE_CURVE_WITH_KNOTS((1,2
    ,2,2,2,1),(-2.094395102393,0.,2.094395102393,4.188790204786,
6.28318530718,8.377580409573),.UNSPECIFIED.) CURVE() 
GEOMETRIC_REPRESENTATION_ITEM() RATIONAL_B_SPLINE_CURVE((1.,0.5,1.,0.5,
1.,0.5,1.)) REPRESENTATION_ITEM('') );
#7230 = CARTESIAN_POINT('',(1.6,0.));
#7231 = CARTESIAN_POINT('',(1.6,-2.77128129211));
#7232 = CARTESIAN_POINT('',(-0.8,-1.385640646055));
#7233 = CARTESIAN_POINT('',(-3.2,-3.918869757272E-16));
#7234 = CARTESIAN_POINT('',(-0.8,1.385640646055));
#7235 = CARTESIAN_POINT('',(1.6,2.77128129211));
#7236 = CARTESIAN_POINT('',(1.6,0.));
#7237 = ( GEOMETRIC_REPRESENTATION_CONTEXT(2) 
PARAMETRIC_REPRESENTATION_CONTEXT() REPRESENTATION_CONTEXT('2D SPACE',''
  ) );
#7238 = ORIENTED_EDGE('',*,*,#4820,.T.);
#7239 = ADVANCED_FACE('',(#7240),#4665,.F.);
#7240 = FACE_BOUND('',#7241,.F.);
#7241 = EDGE_LOOP('',(#7242,#7243,#7244,#7270));
#7242 = ORIENTED_EDGE('',*,*,#6435,.F.);
#7243 = ORIENTED_EDGE('',*,*,#4642,.F.);
#7244 = ORIENTED_EDGE('',*,*,#7245,.T.);
#7245 = EDGE_CURVE('',#4643,#4706,#7246,.T.);
#7246 = SURFACE_CURVE('',#7247,(#7252,#7259),.PCURVE_S1.);
#7247 = CIRCLE('',#7248,1.6);
#7248 = AXIS2_PLACEMENT_3D('',#7249,#7250,#7251);
#7249 = CARTESIAN_POINT('',(-19.8,190.,47.631397208143));
#7250 = DIRECTION('',(1.,6.450531537933E-16,2.775557561562E-17));
#7251 = DIRECTION('',(2.775557561563E-17,-7.136298725426E-15,-1.));
#7252 = PCURVE('',#4665,#7253);
#7253 = DEFINITIONAL_REPRESENTATION('',(#7254),#7258);
#7254 = LINE('',#7255,#7256);
#7255 = CARTESIAN_POINT('',(-3.14159265359,2.7));
#7256 = VECTOR('',#7257,1.);
#7257 = DIRECTION('',(1.,0.));
#7258 = ( GEOMETRIC_REPRESENTATION_CONTEXT(2) 
PARAMETRIC_REPRESENTATION_CONTEXT() REPRESENTATION_CONTEXT('2D SPACE',''
  ) );
#7259 = PCURVE('',#1483,#7260);
#7260 = DEFINITIONAL_REPRESENTATION('',(#7261),#7269);
#7261 = ( BOUNDED_CURVE() B_SPLINE_CURVE(2,(#7262,#7263,#7264,#7265,
#7266,#7267,#7268),.UNSPECIFIED.,.T.,.F.) B_SPLINE_CURVE_WITH_KNOTS((1,2
    ,2,2,2,1),(-2.094395102393,0.,2.094395102393,4.188790204786,
6.28318530718,8.377580409573),.UNSPECIFIED.) CURVE() 
GEOMETRIC_REPRESENTATION_ITEM() RATIONAL_B_SPLINE_CURVE((1.,0.5,1.,0.5,
1.,0.5,1.)) REPRESENTATION_ITEM('') );
#7262 = CARTESIAN_POINT('',(1.6,0.));
#7263 = CARTESIAN_POINT('',(1.6,-2.77128129211));
#7264 = CARTESIAN_POINT('',(-0.8,-1.385640646055));
#7265 = CARTESIAN_POINT('',(-3.2,-3.918869757272E-16));
#7266 = CARTESIAN_POINT('',(-0.8,1.385640646055));
#7267 = CARTESIAN_POINT('',(1.6,2.77128129211));
#7268 = CARTESIAN_POINT('',(1.6,0.));
#7269 = ( GEOMETRIC_REPRESENTATION_CONTEXT(2) 
PARAMETRIC_REPRESENTATION_CONTEXT() REPRESENTATION_CONTEXT('2D SPACE',''
  ) );
#7270 = ORIENTED_EDGE('',*,*,#4705,.T.);
#7271 = ADVANCED_FACE('',(#7272),#4550,.F.);
#7272 = FACE_BOUND('',#7273,.F.);
#7273 = EDGE_LOOP('',(#7274,#7275,#7276,#7302));
#7274 = ORIENTED_EDGE('',*,*,#6406,.F.);
#7275 = ORIENTED_EDGE('',*,*,#4527,.F.);
#7276 = ORIENTED_EDGE('',*,*,#7277,.T.);
#7277 = EDGE_CURVE('',#4528,#4591,#7278,.T.);
#7278 = SURFACE_CURVE('',#7279,(#7284,#7291),.PCURVE_S1.);
#7279 = CIRCLE('',#7280,1.6);
#7280 = AXIS2_PLACEMENT_3D('',#7281,#7282,#7283);
#7281 = CARTESIAN_POINT('',(-19.8,176.,61.631397208143));
#7282 = DIRECTION('',(1.,6.450531537933E-16,2.775557561562E-17));
#7283 = DIRECTION('',(2.775557561563E-17,-7.136298725426E-15,-1.));
#7284 = PCURVE('',#4550,#7285);
#7285 = DEFINITIONAL_REPRESENTATION('',(#7286),#7290);
#7286 = LINE('',#7287,#7288);
#7287 = CARTESIAN_POINT('',(-3.14159265359,2.7));
#7288 = VECTOR('',#7289,1.);
#7289 = DIRECTION('',(1.,0.));
#7290 = ( GEOMETRIC_REPRESENTATION_CONTEXT(2) 
PARAMETRIC_REPRESENTATION_CONTEXT() REPRESENTATION_CONTEXT('2D SPACE',''
  ) );
#7291 = PCURVE('',#4293,#7292);
#7292 = DEFINITIONAL_REPRESENTATION('',(#7293),#7301);
#7293 = ( BOUNDED_CURVE() B_SPLINE_CURVE(2,(#7294,#7295,#7296,#7297,
#7298,#7299,#7300),.UNSPECIFIED.,.T.,.F.) B_SPLINE_CURVE_WITH_KNOTS((1,2
    ,2,2,2,1),(-2.094395102393,0.,2.094395102393,4.188790204786,
6.28318530718,8.377580409573),.UNSPECIFIED.) CURVE() 
GEOMETRIC_REPRESENTATION_ITEM() RATIONAL_B_SPLINE_CURVE((1.,0.5,1.,0.5,
1.,0.5,1.)) REPRESENTATION_ITEM('') );
#7294 = CARTESIAN_POINT('',(1.6,0.));
#7295 = CARTESIAN_POINT('',(1.6,-2.77128129211));
#7296 = CARTESIAN_POINT('',(-0.8,-1.385640646055));
#7297 = CARTESIAN_POINT('',(-3.2,-3.918869757272E-16));
#7298 = CARTESIAN_POINT('',(-0.8,1.385640646055));
#7299 = CARTESIAN_POINT('',(1.6,2.77128129211));
#7300 = CARTESIAN_POINT('',(1.6,0.));
#7301 = ( GEOMETRIC_REPRESENTATION_CONTEXT(2) 
PARAMETRIC_REPRESENTATION_CONTEXT() REPRESENTATION_CONTEXT('2D SPACE',''
  ) );
#7302 = ORIENTED_EDGE('',*,*,#4590,.T.);
#7303 = ADVANCED_FACE('',(#7304),#4435,.F.);
#7304 = FACE_BOUND('',#7305,.F.);
#7305 = EDGE_LOOP('',(#7306,#7307,#7308,#7334));
#7306 = ORIENTED_EDGE('',*,*,#6377,.F.);
#7307 = ORIENTED_EDGE('',*,*,#4412,.F.);
#7308 = ORIENTED_EDGE('',*,*,#7309,.T.);
#7309 = EDGE_CURVE('',#4413,#4476,#7310,.T.);
#7310 = SURFACE_CURVE('',#7311,(#7316,#7323),.PCURVE_S1.);
#7311 = CIRCLE('',#7312,1.6);
#7312 = AXIS2_PLACEMENT_3D('',#7313,#7314,#7315);
#7313 = CARTESIAN_POINT('',(-19.8,162.,47.631397208143));
#7314 = DIRECTION('',(1.,6.450531537933E-16,2.775557561562E-17));
#7315 = DIRECTION('',(2.775557561563E-17,-7.136298725426E-15,-1.));
#7316 = PCURVE('',#4435,#7317);
#7317 = DEFINITIONAL_REPRESENTATION('',(#7318),#7322);
#7318 = LINE('',#7319,#7320);
#7319 = CARTESIAN_POINT('',(-3.14159265359,2.7));
#7320 = VECTOR('',#7321,1.);
#7321 = DIRECTION('',(1.,0.));
#7322 = ( GEOMETRIC_REPRESENTATION_CONTEXT(2) 
PARAMETRIC_REPRESENTATION_CONTEXT() REPRESENTATION_CONTEXT('2D SPACE',''
  ) );
#7323 = PCURVE('',#1057,#7324);
#7324 = DEFINITIONAL_REPRESENTATION('',(#7325),#7333);
#7325 = ( BOUNDED_CURVE() B_SPLINE_CURVE(2,(#7326,#7327,#7328,#7329,
#7330,#7331,#7332),.UNSPECIFIED.,.T.,.F.) B_SPLINE_CURVE_WITH_KNOTS((1,2
    ,2,2,2,1),(-2.094395102393,0.,2.094395102393,4.188790204786,
6.28318530718,8.377580409573),.UNSPECIFIED.) CURVE() 
GEOMETRIC_REPRESENTATION_ITEM() RATIONAL_B_SPLINE_CURVE((1.,0.5,1.,0.5,
1.,0.5,1.)) REPRESENTATION_ITEM('') );
#7326 = CARTESIAN_POINT('',(1.6,0.));
#7327 = CARTESIAN_POINT('',(1.6,-2.77128129211));
#7328 = CARTESIAN_POINT('',(-0.8,-1.385640646055));
#7329 = CARTESIAN_POINT('',(-3.2,-3.918869757272E-16));
#7330 = CARTESIAN_POINT('',(-0.8,1.385640646055));
#7331 = CARTESIAN_POINT('',(1.6,2.77128129211));
#7332 = CARTESIAN_POINT('',(1.6,0.));
#7333 = ( GEOMETRIC_REPRESENTATION_CONTEXT(2) 
PARAMETRIC_REPRESENTATION_CONTEXT() REPRESENTATION_CONTEXT('2D SPACE',''
  ) );
#7334 = ORIENTED_EDGE('',*,*,#4475,.T.);
#7335 = ADVANCED_FACE('',(#7336),#1002,.T.);
#7336 = FACE_BOUND('',#7337,.T.);
#7337 = EDGE_LOOP('',(#7338,#7339,#7363,#7387,#7413));
#7338 = ORIENTED_EDGE('',*,*,#1072,.F.);
#7339 = ORIENTED_EDGE('',*,*,#7340,.T.);
#7340 = EDGE_CURVE('',#1073,#7341,#7343,.T.);
#7341 = VERTEX_POINT('',#7342);
#7342 = CARTESIAN_POINT('',(-21.,172.90443239849,61.797111493857));
#7343 = SURFACE_CURVE('',#7344,(#7349,#7356),.PCURVE_S1.);
#7344 = CIRCLE('',#7345,14.5);
#7345 = AXIS2_PLACEMENT_3D('',#7346,#7347,#7348);
#7346 = CARTESIAN_POINT('',(-21.,176.,47.631397208143));
#7347 = DIRECTION('',(-1.,-6.450531537933E-16,-2.775557561562E-17));
#7348 = DIRECTION('',(2.775557561563E-17,-7.136298725426E-15,-1.));
#7349 = PCURVE('',#1002,#7350);
#7350 = DEFINITIONAL_REPRESENTATION('',(#7351),#7355);
#7351 = CIRCLE('',#7352,14.5);
#7352 = AXIS2_PLACEMENT_2D('',#7353,#7354);
#7353 = CARTESIAN_POINT('',(0.,0.));
#7354 = DIRECTION('',(1.,0.));
#7355 = ( GEOMETRIC_REPRESENTATION_CONTEXT(2) 
PARAMETRIC_REPRESENTATION_CONTEXT() REPRESENTATION_CONTEXT('2D SPACE',''
  ) );
#7356 = PCURVE('',#1112,#7357);
#7357 = DEFINITIONAL_REPRESENTATION('',(#7358),#7362);
#7358 = LINE('',#7359,#7360);
#7359 = CARTESIAN_POINT('',(0.,0.));
#7360 = VECTOR('',#7361,1.);
#7361 = DIRECTION('',(1.,0.));
#7362 = ( GEOMETRIC_REPRESENTATION_CONTEXT(2) 
PARAMETRIC_REPRESENTATION_CONTEXT() REPRESENTATION_CONTEXT('2D SPACE',''
  ) );
#7363 = ORIENTED_EDGE('',*,*,#7364,.F.);
#7364 = EDGE_CURVE('',#7365,#7341,#7367,.T.);
#7365 = VERTEX_POINT('',#7366);
#7366 = CARTESIAN_POINT('',(-21.,175.02552997135,58.688540065286));
#7367 = SURFACE_CURVE('',#7368,(#7373,#7380),.PCURVE_S1.);
#7368 = CIRCLE('',#7369,3.1);
#7369 = AXIS2_PLACEMENT_3D('',#7370,#7371,#7372);
#7370 = CARTESIAN_POINT('',(-21.,176.,61.631397208143));
#7371 = DIRECTION('',(-1.,-6.450531537933E-16,-2.775557561562E-17));
#7372 = DIRECTION('',(2.775557561563E-17,-7.136298725426E-15,-1.));
#7373 = PCURVE('',#1002,#7374);
#7374 = DEFINITIONAL_REPRESENTATION('',(#7375),#7379);
#7375 = CIRCLE('',#7376,3.1);
#7376 = AXIS2_PLACEMENT_2D('',#7377,#7378);
#7377 = CARTESIAN_POINT('',(-14.,1.42108547152E-14));
#7378 = DIRECTION('',(1.,0.));
#7379 = ( GEOMETRIC_REPRESENTATION_CONTEXT(2) 
PARAMETRIC_REPRESENTATION_CONTEXT() REPRESENTATION_CONTEXT('2D SPACE',''
  ) );
#7380 = PCURVE('',#4264,#7381);
#7381 = DEFINITIONAL_REPRESENTATION('',(#7382),#7386);
#7382 = LINE('',#7383,#7384);
#7383 = CARTESIAN_POINT('',(1.110223024625E-16,1.2));
#7384 = VECTOR('',#7385,1.);
#7385 = DIRECTION('',(1.,0.));
#7386 = ( GEOMETRIC_REPRESENTATION_CONTEXT(2) 
PARAMETRIC_REPRESENTATION_CONTEXT() REPRESENTATION_CONTEXT('2D SPACE',''
  ) );
#7387 = ORIENTED_EDGE('',*,*,#7388,.T.);
#7388 = EDGE_CURVE('',#7365,#953,#7389,.T.);
#7389 = SURFACE_CURVE('',#7390,(#7395,#7406),.PCURVE_S1.);
#7390 = CIRCLE('',#7391,11.1);
#7391 = AXIS2_PLACEMENT_3D('',#7392,#7393,#7394);
#7392 = CARTESIAN_POINT('',(-21.,176.,47.631397208143));
#7393 = DIRECTION('',(1.,6.450531537933E-16,2.775557561562E-17));
#7394 = DIRECTION('',(2.775557561563E-17,-7.136298725426E-15,-1.));
#7395 = PCURVE('',#1002,#7396);
#7396 = DEFINITIONAL_REPRESENTATION('',(#7397),#7405);
#7397 = ( BOUNDED_CURVE() B_SPLINE_CURVE(2,(#7398,#7399,#7400,#7401,
#7402,#7403,#7404),.UNSPECIFIED.,.T.,.F.) B_SPLINE_CURVE_WITH_KNOTS((1,2
    ,2,2,2,1),(-2.094395102393,0.,2.094395102393,4.188790204786,
6.28318530718,8.377580409573),.UNSPECIFIED.) CURVE() 
GEOMETRIC_REPRESENTATION_ITEM() RATIONAL_B_SPLINE_CURVE((1.,0.5,1.,0.5,
1.,0.5,1.)) REPRESENTATION_ITEM('') );
#7398 = CARTESIAN_POINT('',(11.1,0.));
#7399 = CARTESIAN_POINT('',(11.1,-19.22576396401));
#7400 = CARTESIAN_POINT('',(-5.55,-9.612881982007));
#7401 = CARTESIAN_POINT('',(-22.2,-2.718715894107E-15));
#7402 = CARTESIAN_POINT('',(-5.55,9.612881982007));
#7403 = CARTESIAN_POINT('',(11.1,19.225763964015));
#7404 = CARTESIAN_POINT('',(11.1,0.));
#7405 = ( GEOMETRIC_REPRESENTATION_CONTEXT(2) 
PARAMETRIC_REPRESENTATION_CONTEXT() REPRESENTATION_CONTEXT('2D SPACE',''
  ) );
#7406 = PCURVE('',#973,#7407);
#7407 = DEFINITIONAL_REPRESENTATION('',(#7408),#7412);
#7408 = LINE('',#7409,#7410);
#7409 = CARTESIAN_POINT('',(-3.14159265359,1.5));
#7410 = VECTOR('',#7411,1.);
#7411 = DIRECTION('',(1.,0.));
#7412 = ( GEOMETRIC_REPRESENTATION_CONTEXT(2) 
PARAMETRIC_REPRESENTATION_CONTEXT() REPRESENTATION_CONTEXT('2D SPACE',''
  ) );
#7413 = ORIENTED_EDGE('',*,*,#985,.F.);
#7414 = ADVANCED_FACE('',(#7415),#1197,.T.);
#7415 = FACE_BOUND('',#7416,.T.);
#7416 = EDGE_LOOP('',(#7417,#7441,#7467,#7468,#7490));
#7417 = ORIENTED_EDGE('',*,*,#7418,.F.);
#7418 = EDGE_CURVE('',#7419,#1181,#7421,.T.);
#7419 = VERTEX_POINT('',#7420);
#7420 = CARTESIAN_POINT('',(-21.,164.94285714285,46.656927179494));
#7421 = SURFACE_CURVE('',#7422,(#7427,#7434),.PCURVE_S1.);
#7422 = CIRCLE('',#7423,3.1);
#7423 = AXIS2_PLACEMENT_3D('',#7424,#7425,#7426);
#7424 = CARTESIAN_POINT('',(-21.,162.,47.631397208143));
#7425 = DIRECTION('',(-1.,-6.450531537933E-16,-2.775557561562E-17));
#7426 = DIRECTION('',(2.775557561563E-17,-7.136298725426E-15,-1.));
#7427 = PCURVE('',#1197,#7428);
#7428 = DEFINITIONAL_REPRESENTATION('',(#7429),#7433);
#7429 = CIRCLE('',#7430,3.1);
#7430 = AXIS2_PLACEMENT_2D('',#7431,#7432);
#7431 = CARTESIAN_POINT('',(-5.088522196199E-15,14.));
#7432 = DIRECTION('',(1.,0.));
#7433 = ( GEOMETRIC_REPRESENTATION_CONTEXT(2) 
PARAMETRIC_REPRESENTATION_CONTEXT() REPRESENTATION_CONTEXT('2D SPACE',''
  ) );
#7434 = PCURVE('',#1225,#7435);
#7435 = DEFINITIONAL_REPRESENTATION('',(#7436),#7440);
#7436 = LINE('',#7437,#7438);
#7437 = CARTESIAN_POINT('',(0.,1.2));
#7438 = VECTOR('',#7439,1.);
#7439 = DIRECTION('',(1.,0.));
#7440 = ( GEOMETRIC_REPRESENTATION_CONTEXT(2) 
PARAMETRIC_REPRESENTATION_CONTEXT() REPRESENTATION_CONTEXT('2D SPACE',''
  ) );
#7441 = ORIENTED_EDGE('',*,*,#7442,.T.);
#7442 = EDGE_CURVE('',#7419,#1579,#7443,.T.);
#7443 = SURFACE_CURVE('',#7444,(#7449,#7460),.PCURVE_S1.);
#7444 = CIRCLE('',#7445,11.1);
#7445 = AXIS2_PLACEMENT_3D('',#7446,#7447,#7448);
#7446 = CARTESIAN_POINT('',(-21.,176.,47.631397208143));
#7447 = DIRECTION('',(1.,6.450531537933E-16,2.775557561562E-17));
#7448 = DIRECTION('',(2.775557561563E-17,-8.386549879283E-15,-1.));
#7449 = PCURVE('',#1197,#7450);
#7450 = DEFINITIONAL_REPRESENTATION('',(#7451),#7459);
#7451 = ( BOUNDED_CURVE() B_SPLINE_CURVE(2,(#7452,#7453,#7454,#7455,
#7456,#7457,#7458),.UNSPECIFIED.,.T.,.F.) B_SPLINE_CURVE_WITH_KNOTS((1,2
    ,2,2,2,1),(-2.094395102393,0.,2.094395102393,4.188790204786,
6.28318530718,8.377580409573),.UNSPECIFIED.) CURVE() 
GEOMETRIC_REPRESENTATION_ITEM() RATIONAL_B_SPLINE_CURVE((1.,0.5,1.,0.5,
1.,0.5,1.)) REPRESENTATION_ITEM('') );
#7452 = CARTESIAN_POINT('',(11.1,1.387778780781E-14));
#7453 = CARTESIAN_POINT('',(11.1,-19.22576396401));
#7454 = CARTESIAN_POINT('',(-5.55,-9.612881982007));
#7455 = CARTESIAN_POINT('',(-22.2,-3.047429150974E-14));
#7456 = CARTESIAN_POINT('',(-5.55,9.612881982007));
#7457 = CARTESIAN_POINT('',(11.1,19.225763964015));
#7458 = CARTESIAN_POINT('',(11.1,1.387778780781E-14));
#7459 = ( GEOMETRIC_REPRESENTATION_CONTEXT(2) 
PARAMETRIC_REPRESENTATION_CONTEXT() REPRESENTATION_CONTEXT('2D SPACE',''
  ) );
#7460 = PCURVE('',#973,#7461);
#7461 = DEFINITIONAL_REPRESENTATION('',(#7462),#7466);
#7462 = LINE('',#7463,#7464);
#7463 = CARTESIAN_POINT('',(-3.14159265359,1.5));
#7464 = VECTOR('',#7465,1.);
#7465 = DIRECTION('',(1.,0.));
#7466 = ( GEOMETRIC_REPRESENTATION_CONTEXT(2) 
PARAMETRIC_REPRESENTATION_CONTEXT() REPRESENTATION_CONTEXT('2D SPACE',''
  ) );
#7467 = ORIENTED_EDGE('',*,*,#1606,.F.);
#7468 = ORIENTED_EDGE('',*,*,#7469,.T.);
#7469 = EDGE_CURVE('',#1607,#1153,#7470,.T.);
#7470 = SURFACE_CURVE('',#7471,(#7476,#7483),.PCURVE_S1.);
#7471 = CIRCLE('',#7472,14.5);
#7472 = AXIS2_PLACEMENT_3D('',#7473,#7474,#7475);
#7473 = CARTESIAN_POINT('',(-21.,176.,47.631397208143));
#7474 = DIRECTION('',(-1.,-6.450531537933E-16,-2.775557561562E-17));
#7475 = DIRECTION('',(2.775557561563E-17,-7.136298725426E-15,-1.));
#7476 = PCURVE('',#1197,#7477);
#7477 = DEFINITIONAL_REPRESENTATION('',(#7478),#7482);
#7478 = CIRCLE('',#7479,14.5);
#7479 = AXIS2_PLACEMENT_2D('',#7480,#7481);
#7480 = CARTESIAN_POINT('',(0.,0.));
#7481 = DIRECTION('',(1.,0.));
#7482 = ( GEOMETRIC_REPRESENTATION_CONTEXT(2) 
PARAMETRIC_REPRESENTATION_CONTEXT() REPRESENTATION_CONTEXT('2D SPACE',''
  ) );
#7483 = PCURVE('',#1168,#7484);
#7484 = DEFINITIONAL_REPRESENTATION('',(#7485),#7489);
#7485 = LINE('',#7486,#7487);
#7486 = CARTESIAN_POINT('',(-2.775557561563E-17,0.));
#7487 = VECTOR('',#7488,1.);
#7488 = DIRECTION('',(1.,0.));
#7489 = ( GEOMETRIC_REPRESENTATION_CONTEXT(2) 
PARAMETRIC_REPRESENTATION_CONTEXT() REPRESENTATION_CONTEXT('2D SPACE',''
  ) );
#7490 = ORIENTED_EDGE('',*,*,#1180,.F.);
#7491 = ADVANCED_FACE('',(#7492),#1428,.T.);
#7492 = FACE_BOUND('',#7493,.T.);
#7493 = EDGE_LOOP('',(#7494,#7518,#7540,#7541,#7563));
#7494 = ORIENTED_EDGE('',*,*,#7495,.F.);
#7495 = EDGE_CURVE('',#7496,#4221,#7498,.T.);
#7496 = VERTEX_POINT('',#7497);
#7497 = CARTESIAN_POINT('',(-21.,179.0955676015,61.797111493857));
#7498 = SURFACE_CURVE('',#7499,(#7504,#7511),.PCURVE_S1.);
#7499 = CIRCLE('',#7500,3.1);
#7500 = AXIS2_PLACEMENT_3D('',#7501,#7502,#7503);
#7501 = CARTESIAN_POINT('',(-21.,176.,61.631397208143));
#7502 = DIRECTION('',(-1.,-6.450531537933E-16,-2.775557561562E-17));
#7503 = DIRECTION('',(2.775557561563E-17,-7.136298725426E-15,-1.));
#7504 = PCURVE('',#1428,#7505);
#7505 = DEFINITIONAL_REPRESENTATION('',(#7506),#7510);
#7506 = CIRCLE('',#7507,3.1);
#7507 = AXIS2_PLACEMENT_2D('',#7508,#7509);
#7508 = CARTESIAN_POINT('',(-14.,1.42108547152E-14));
#7509 = DIRECTION('',(1.,0.));
#7510 = ( GEOMETRIC_REPRESENTATION_CONTEXT(2) 
PARAMETRIC_REPRESENTATION_CONTEXT() REPRESENTATION_CONTEXT('2D SPACE',''
  ) );
#7511 = PCURVE('',#4264,#7512);
#7512 = DEFINITIONAL_REPRESENTATION('',(#7513),#7517);
#7513 = LINE('',#7514,#7515);
#7514 = CARTESIAN_POINT('',(0.,1.2));
#7515 = VECTOR('',#7516,1.);
#7516 = DIRECTION('',(1.,0.));
#7517 = ( GEOMETRIC_REPRESENTATION_CONTEXT(2) 
PARAMETRIC_REPRESENTATION_CONTEXT() REPRESENTATION_CONTEXT('2D SPACE',''
  ) );
#7518 = ORIENTED_EDGE('',*,*,#7519,.T.);
#7519 = EDGE_CURVE('',#7496,#1384,#7520,.T.);
#7520 = SURFACE_CURVE('',#7521,(#7526,#7533),.PCURVE_S1.);
#7521 = CIRCLE('',#7522,14.5);
#7522 = AXIS2_PLACEMENT_3D('',#7523,#7524,#7525);
#7523 = CARTESIAN_POINT('',(-21.,176.,47.631397208143));
#7524 = DIRECTION('',(-1.,-6.450531537933E-16,-2.775557561562E-17));
#7525 = DIRECTION('',(2.775557561563E-17,-7.136298725426E-15,-1.));
#7526 = PCURVE('',#1428,#7527);
#7527 = DEFINITIONAL_REPRESENTATION('',(#7528),#7532);
#7528 = CIRCLE('',#7529,14.5);
#7529 = AXIS2_PLACEMENT_2D('',#7530,#7531);
#7530 = CARTESIAN_POINT('',(0.,0.));
#7531 = DIRECTION('',(1.,0.));
#7532 = ( GEOMETRIC_REPRESENTATION_CONTEXT(2) 
PARAMETRIC_REPRESENTATION_CONTEXT() REPRESENTATION_CONTEXT('2D SPACE',''
  ) );
#7533 = PCURVE('',#1399,#7534);
#7534 = DEFINITIONAL_REPRESENTATION('',(#7535),#7539);
#7535 = LINE('',#7536,#7537);
#7536 = CARTESIAN_POINT('',(0.,0.));
#7537 = VECTOR('',#7538,1.);
#7538 = DIRECTION('',(1.,0.));
#7539 = ( GEOMETRIC_REPRESENTATION_CONTEXT(2) 
PARAMETRIC_REPRESENTATION_CONTEXT() REPRESENTATION_CONTEXT('2D SPACE',''
  ) );
#7540 = ORIENTED_EDGE('',*,*,#1411,.F.);
#7541 = ORIENTED_EDGE('',*,*,#7542,.F.);
#7542 = EDGE_CURVE('',#4198,#1412,#7543,.T.);
#7543 = SURFACE_CURVE('',#7544,(#7549,#7556),.PCURVE_S1.);
#7544 = CIRCLE('',#7545,3.1);
#7545 = AXIS2_PLACEMENT_3D('',#7546,#7547,#7548);
#7546 = CARTESIAN_POINT('',(-21.,190.,47.631397208143));
#7547 = DIRECTION('',(-1.,-6.450531537933E-16,-2.775557561562E-17));
#7548 = DIRECTION('',(2.775557561563E-17,-7.136298725426E-15,-1.));
#7549 = PCURVE('',#1428,#7550);
#7550 = DEFINITIONAL_REPRESENTATION('',(#7551),#7555);
#7551 = CIRCLE('',#7552,3.1);
#7552 = AXIS2_PLACEMENT_2D('',#7553,#7554);
#7553 = CARTESIAN_POINT('',(3.374016677392E-15,-14.));
#7554 = DIRECTION('',(1.,0.));
#7555 = ( GEOMETRIC_REPRESENTATION_CONTEXT(2) 
PARAMETRIC_REPRESENTATION_CONTEXT() REPRESENTATION_CONTEXT('2D SPACE',''
  ) );
#7556 = PCURVE('',#1456,#7557);
#7557 = DEFINITIONAL_REPRESENTATION('',(#7558),#7562);
#7558 = LINE('',#7559,#7560);
#7559 = CARTESIAN_POINT('',(-2.22044604925E-16,1.2));
#7560 = VECTOR('',#7561,1.);
#7561 = DIRECTION('',(1.,0.));
#7562 = ( GEOMETRIC_REPRESENTATION_CONTEXT(2) 
PARAMETRIC_REPRESENTATION_CONTEXT() REPRESENTATION_CONTEXT('2D SPACE',''
  ) );
#7563 = ORIENTED_EDGE('',*,*,#4220,.T.);
#7564 = ADVANCED_FACE('',(#7565),#973,.F.);
#7565 = FACE_BOUND('',#7566,.F.);
#7566 = EDGE_LOOP('',(#7567,#7568,#7569,#7597,#7618,#7619,#7620,#7648,
    #7669,#7670,#7671,#7697));
#7567 = ORIENTED_EDGE('',*,*,#6493,.F.);
#7568 = ORIENTED_EDGE('',*,*,#4309,.F.);
#7569 = ORIENTED_EDGE('',*,*,#7570,.T.);
#7570 = EDGE_CURVE('',#4277,#7571,#7573,.T.);
#7571 = VERTEX_POINT('',#7572);
#7572 = CARTESIAN_POINT('',(-19.8,175.02552997135,58.688540065286));
#7573 = SURFACE_CURVE('',#7574,(#7579,#7586),.PCURVE_S1.);
#7574 = CIRCLE('',#7575,11.1);
#7575 = AXIS2_PLACEMENT_3D('',#7576,#7577,#7578);
#7576 = CARTESIAN_POINT('',(-19.8,176.,47.631397208143));
#7577 = DIRECTION('',(1.,6.450531537933E-16,2.775557561562E-17));
#7578 = DIRECTION('',(2.775557561563E-17,-7.136298725426E-15,-1.));
#7579 = PCURVE('',#973,#7580);
#7580 = DEFINITIONAL_REPRESENTATION('',(#7581),#7585);
#7581 = LINE('',#7582,#7583);
#7582 = CARTESIAN_POINT('',(-3.14159265359,2.7));
#7583 = VECTOR('',#7584,1.);
#7584 = DIRECTION('',(1.,0.));
#7585 = ( GEOMETRIC_REPRESENTATION_CONTEXT(2) 
PARAMETRIC_REPRESENTATION_CONTEXT() REPRESENTATION_CONTEXT('2D SPACE',''
  ) );
#7586 = PCURVE('',#4293,#7587);
#7587 = DEFINITIONAL_REPRESENTATION('',(#7588),#7596);
#7588 = ( BOUNDED_CURVE() B_SPLINE_CURVE(2,(#7589,#7590,#7591,#7592,
#7593,#7594,#7595),.UNSPECIFIED.,.T.,.F.) B_SPLINE_CURVE_WITH_KNOTS((1,2
    ,2,2,2,1),(-2.094395102393,0.,2.094395102393,4.188790204786,
6.28318530718,8.377580409573),.UNSPECIFIED.) CURVE() 
GEOMETRIC_REPRESENTATION_ITEM() RATIONAL_B_SPLINE_CURVE((1.,0.5,1.,0.5,
1.,0.5,1.)) REPRESENTATION_ITEM('') );
#7589 = CARTESIAN_POINT('',(25.1,-1.42108547152E-14));
#7590 = CARTESIAN_POINT('',(25.1,-19.22576396401));
#7591 = CARTESIAN_POINT('',(8.45,-9.612881982007));
#7592 = CARTESIAN_POINT('',(-8.2,-1.692957060931E-14));
#7593 = CARTESIAN_POINT('',(8.45,9.612881982007));
#7594 = CARTESIAN_POINT('',(25.1,19.225763964015));
#7595 = CARTESIAN_POINT('',(25.1,-1.42108547152E-14));
#7596 = ( GEOMETRIC_REPRESENTATION_CONTEXT(2) 
PARAMETRIC_REPRESENTATION_CONTEXT() REPRESENTATION_CONTEXT('2D SPACE',''
  ) );
#7597 = ORIENTED_EDGE('',*,*,#7598,.F.);
#7598 = EDGE_CURVE('',#7365,#7571,#7599,.T.);
#7599 = SURFACE_CURVE('',#7600,(#7604,#7611),.PCURVE_S1.);
#7600 = LINE('',#7601,#7602);
#7601 = CARTESIAN_POINT('',(-21.15,175.02552997135,58.688540065286));
#7602 = VECTOR('',#7603,1.);
#7603 = DIRECTION('',(1.,6.450531537933E-16,2.775557561562E-17));
#7604 = PCURVE('',#973,#7605);
#7605 = DEFINITIONAL_REPRESENTATION('',(#7606),#7610);
#7606 = LINE('',#7607,#7608);
#7607 = CARTESIAN_POINT('',(8.790325341825E-02,1.35));
#7608 = VECTOR('',#7609,1.);
#7609 = DIRECTION('',(0.,1.));
#7610 = ( GEOMETRIC_REPRESENTATION_CONTEXT(2) 
PARAMETRIC_REPRESENTATION_CONTEXT() REPRESENTATION_CONTEXT('2D SPACE',''
  ) );
#7611 = PCURVE('',#4264,#7612);
#7612 = DEFINITIONAL_REPRESENTATION('',(#7613),#7617);
#7613 = LINE('',#7614,#7615);
#7614 = CARTESIAN_POINT('',(0.319766779108,1.35));
#7615 = VECTOR('',#7616,1.);
#7616 = DIRECTION('',(0.,-1.));
#7617 = ( GEOMETRIC_REPRESENTATION_CONTEXT(2) 
PARAMETRIC_REPRESENTATION_CONTEXT() REPRESENTATION_CONTEXT('2D SPACE',''
  ) );
#7618 = ORIENTED_EDGE('',*,*,#7388,.T.);
#7619 = ORIENTED_EDGE('',*,*,#950,.F.);
#7620 = ORIENTED_EDGE('',*,*,#7621,.T.);
#7621 = EDGE_CURVE('',#951,#7622,#7624,.T.);
#7622 = VERTEX_POINT('',#7623);
#7623 = CARTESIAN_POINT('',(-19.8,164.94285714285,46.656927179494));
#7624 = SURFACE_CURVE('',#7625,(#7630,#7637),.PCURVE_S1.);
#7625 = CIRCLE('',#7626,11.1);
#7626 = AXIS2_PLACEMENT_3D('',#7627,#7628,#7629);
#7627 = CARTESIAN_POINT('',(-19.8,176.,47.631397208143));
#7628 = DIRECTION('',(1.,6.450531537933E-16,2.775557561562E-17));
#7629 = DIRECTION('',(2.775557561564E-17,-1.838855911014E-14,-1.));
#7630 = PCURVE('',#973,#7631);
#7631 = DEFINITIONAL_REPRESENTATION('',(#7632),#7636);
#7632 = LINE('',#7633,#7634);
#7633 = CARTESIAN_POINT('',(-3.14159265359,2.7));
#7634 = VECTOR('',#7635,1.);
#7635 = DIRECTION('',(1.,0.));
#7636 = ( GEOMETRIC_REPRESENTATION_CONTEXT(2) 
PARAMETRIC_REPRESENTATION_CONTEXT() REPRESENTATION_CONTEXT('2D SPACE',''
  ) );
#7637 = PCURVE('',#1057,#7638);
#7638 = DEFINITIONAL_REPRESENTATION('',(#7639),#7647);
#7639 = ( BOUNDED_CURVE() B_SPLINE_CURVE(2,(#7640,#7641,#7642,#7643,
#7644,#7645,#7646),.UNSPECIFIED.,.T.,.F.) B_SPLINE_CURVE_WITH_KNOTS((1,2
    ,2,2,2,1),(-2.094395102393,0.,2.094395102393,4.188790204786,
6.28318530718,8.377580409573),.UNSPECIFIED.) CURVE() 
GEOMETRIC_REPRESENTATION_ITEM() RATIONAL_B_SPLINE_CURVE((1.,0.5,1.,0.5,
1.,0.5,1.)) REPRESENTATION_ITEM('') );
#7640 = CARTESIAN_POINT('',(11.1,-14.));
#7641 = CARTESIAN_POINT('',(11.1,-33.22576396401));
#7642 = CARTESIAN_POINT('',(-5.55,-23.612881982));
#7643 = CARTESIAN_POINT('',(-22.2,-14.));
#7644 = CARTESIAN_POINT('',(-5.55,-4.387118017993));
#7645 = CARTESIAN_POINT('',(11.1,5.225763964015));
#7646 = CARTESIAN_POINT('',(11.1,-14.));
#7647 = ( GEOMETRIC_REPRESENTATION_CONTEXT(2) 
PARAMETRIC_REPRESENTATION_CONTEXT() REPRESENTATION_CONTEXT('2D SPACE',''
  ) );
#7648 = ORIENTED_EDGE('',*,*,#7649,.F.);
#7649 = EDGE_CURVE('',#7419,#7622,#7650,.T.);
#7650 = SURFACE_CURVE('',#7651,(#7655,#7662),.PCURVE_S1.);
#7651 = LINE('',#7652,#7653);
#7652 = CARTESIAN_POINT('',(-21.15,164.94285714285,46.656927179494));
#7653 = VECTOR('',#7654,1.);
#7654 = DIRECTION('',(1.,6.450531537933E-16,2.775557561562E-17));
#7655 = PCURVE('',#973,#7656);
#7656 = DEFINITIONAL_REPRESENTATION('',(#7657),#7661);
#7657 = LINE('',#7658,#7659);
#7658 = CARTESIAN_POINT('',(1.658699580213,1.35));
#7659 = VECTOR('',#7660,1.);
#7660 = DIRECTION('',(0.,1.));
#7661 = ( GEOMETRIC_REPRESENTATION_CONTEXT(2) 
PARAMETRIC_REPRESENTATION_CONTEXT() REPRESENTATION_CONTEXT('2D SPACE',''
  ) );
#7662 = PCURVE('',#1225,#7663);
#7663 = DEFINITIONAL_REPRESENTATION('',(#7664),#7668);
#7664 = LINE('',#7665,#7666);
#7665 = CARTESIAN_POINT('',(5.032155759492,1.35));
#7666 = VECTOR('',#7667,1.);
#7667 = DIRECTION('',(0.,-1.));
#7668 = ( GEOMETRIC_REPRESENTATION_CONTEXT(2) 
PARAMETRIC_REPRESENTATION_CONTEXT() REPRESENTATION_CONTEXT('2D SPACE',''
  ) );
#7669 = ORIENTED_EDGE('',*,*,#7442,.T.);
#7670 = ORIENTED_EDGE('',*,*,#1576,.F.);
#7671 = ORIENTED_EDGE('',*,*,#7672,.T.);
#7672 = EDGE_CURVE('',#1577,#4361,#7673,.T.);
#7673 = SURFACE_CURVE('',#7674,(#7679,#7686),.PCURVE_S1.);
#7674 = CIRCLE('',#7675,11.1);
#7675 = AXIS2_PLACEMENT_3D('',#7676,#7677,#7678);
#7676 = CARTESIAN_POINT('',(-19.8,176.,47.631397208143));
#7677 = DIRECTION('',(1.,6.450531537933E-16,2.775557561562E-17));
#7678 = DIRECTION('',(2.775557561564E-17,-2.714031718714E-14,-1.));
#7679 = PCURVE('',#973,#7680);
#7680 = DEFINITIONAL_REPRESENTATION('',(#7681),#7685);
#7681 = LINE('',#7682,#7683);
#7682 = CARTESIAN_POINT('',(-3.14159265359,2.7));
#7683 = VECTOR('',#7684,1.);
#7684 = DIRECTION('',(1.,0.));
#7685 = ( GEOMETRIC_REPRESENTATION_CONTEXT(2) 
PARAMETRIC_REPRESENTATION_CONTEXT() REPRESENTATION_CONTEXT('2D SPACE',''
  ) );
#7686 = PCURVE('',#1724,#7687);
#7687 = DEFINITIONAL_REPRESENTATION('',(#7688),#7696);
#7688 = ( BOUNDED_CURVE() B_SPLINE_CURVE(2,(#7689,#7690,#7691,#7692,
#7693,#7694,#7695),.UNSPECIFIED.,.T.,.F.) B_SPLINE_CURVE_WITH_KNOTS((1,2
    ,2,2,2,1),(-2.094395102393,0.,2.094395102393,4.188790204786,
6.28318530718,8.377580409573),.UNSPECIFIED.) CURVE() 
GEOMETRIC_REPRESENTATION_ITEM() RATIONAL_B_SPLINE_CURVE((1.,0.5,1.,0.5,
1.,0.5,1.)) REPRESENTATION_ITEM('') );
#7689 = CARTESIAN_POINT('',(-2.9,2.22044604925E-13));
#7690 = CARTESIAN_POINT('',(-2.9,-19.22576396401));
#7691 = CARTESIAN_POINT('',(-19.55,-9.612881982007));
#7692 = CARTESIAN_POINT('',(-36.2,-4.468079257442E-13));
#7693 = CARTESIAN_POINT('',(-19.55,9.612881982007));
#7694 = CARTESIAN_POINT('',(-2.9,19.225763964015));
#7695 = CARTESIAN_POINT('',(-2.9,2.22044604925E-13));
#7696 = ( GEOMETRIC_REPRESENTATION_CONTEXT(2) 
PARAMETRIC_REPRESENTATION_CONTEXT() REPRESENTATION_CONTEXT('2D SPACE',''
  ) );
#7697 = ORIENTED_EDGE('',*,*,#4360,.T.);
#7698 = ADVANCED_FACE('',(#7699),#4025,.F.);
#7699 = FACE_BOUND('',#7700,.F.);
#7700 = EDGE_LOOP('',(#7701,#7702,#7703,#7729));
#7701 = ORIENTED_EDGE('',*,*,#6609,.F.);
#7702 = ORIENTED_EDGE('',*,*,#4002,.F.);
#7703 = ORIENTED_EDGE('',*,*,#7704,.T.);
#7704 = EDGE_CURVE('',#4003,#4066,#7705,.T.);
#7705 = SURFACE_CURVE('',#7706,(#7711,#7718),.PCURVE_S1.);
#7706 = CIRCLE('',#7707,1.6);
#7707 = AXIS2_PLACEMENT_3D('',#7708,#7709,#7710);
#7708 = CARTESIAN_POINT('',(-21.3,211.,34.631397208143));
#7709 = DIRECTION('',(1.,6.450531537933E-16,2.775557561562E-17));
#7710 = DIRECTION('',(2.775557561563E-17,-7.136298725426E-15,-1.));
#7711 = PCURVE('',#4025,#7712);
#7712 = DEFINITIONAL_REPRESENTATION('',(#7713),#7717);
#7713 = LINE('',#7714,#7715);
#7714 = CARTESIAN_POINT('',(-3.14159265359,1.2));
#7715 = VECTOR('',#7716,1.);
#7716 = DIRECTION('',(1.,0.));
#7717 = ( GEOMETRIC_REPRESENTATION_CONTEXT(2) 
PARAMETRIC_REPRESENTATION_CONTEXT() REPRESENTATION_CONTEXT('2D SPACE',''
  ) );
#7718 = PCURVE('',#1840,#7719);
#7719 = DEFINITIONAL_REPRESENTATION('',(#7720),#7728);
#7720 = ( BOUNDED_CURVE() B_SPLINE_CURVE(2,(#7721,#7722,#7723,#7724,
#7725,#7726,#7727),.UNSPECIFIED.,.T.,.F.) B_SPLINE_CURVE_WITH_KNOTS((1,2
    ,2,2,2,1),(-2.094395102393,0.,2.094395102393,4.188790204786,
6.28318530718,8.377580409573),.UNSPECIFIED.) CURVE() 
GEOMETRIC_REPRESENTATION_ITEM() RATIONAL_B_SPLINE_CURVE((1.,0.5,1.,0.5,
1.,0.5,1.)) REPRESENTATION_ITEM('') );
#7721 = CARTESIAN_POINT('',(1.6,0.));
#7722 = CARTESIAN_POINT('',(1.6,-2.77128129211));
#7723 = CARTESIAN_POINT('',(-0.8,-1.385640646055));
#7724 = CARTESIAN_POINT('',(-3.2,-3.918869757272E-16));
#7725 = CARTESIAN_POINT('',(-0.8,1.385640646055));
#7726 = CARTESIAN_POINT('',(1.6,2.77128129211));
#7727 = CARTESIAN_POINT('',(1.6,0.));
#7728 = ( GEOMETRIC_REPRESENTATION_CONTEXT(2) 
PARAMETRIC_REPRESENTATION_CONTEXT() REPRESENTATION_CONTEXT('2D SPACE',''
  ) );
#7729 = ORIENTED_EDGE('',*,*,#4065,.T.);
#7730 = ADVANCED_FACE('',(#7731),#3910,.F.);
#7731 = FACE_BOUND('',#7732,.F.);
#7732 = EDGE_LOOP('',(#7733,#7734,#7735,#7761));
#7733 = ORIENTED_EDGE('',*,*,#6580,.F.);
#7734 = ORIENTED_EDGE('',*,*,#3887,.F.);
#7735 = ORIENTED_EDGE('',*,*,#7736,.T.);
#7736 = EDGE_CURVE('',#3888,#3951,#7737,.T.);
#7737 = SURFACE_CURVE('',#7738,(#7743,#7750),.PCURVE_S1.);
#7738 = CIRCLE('',#7739,1.6);
#7739 = AXIS2_PLACEMENT_3D('',#7740,#7741,#7742);
#7740 = CARTESIAN_POINT('',(-21.3,211.,60.631397208143));
#7741 = DIRECTION('',(1.,6.450531537933E-16,2.775557561562E-17));
#7742 = DIRECTION('',(2.775557561563E-17,-7.136298725426E-15,-1.));
#7743 = PCURVE('',#3910,#7744);
#7744 = DEFINITIONAL_REPRESENTATION('',(#7745),#7749);
#7745 = LINE('',#7746,#7747);
#7746 = CARTESIAN_POINT('',(-3.14159265359,1.2));
#7747 = VECTOR('',#7748,1.);
#7748 = DIRECTION('',(1.,0.));
#7749 = ( GEOMETRIC_REPRESENTATION_CONTEXT(2) 
PARAMETRIC_REPRESENTATION_CONTEXT() REPRESENTATION_CONTEXT('2D SPACE',''
  ) );
#7750 = PCURVE('',#1956,#7751);
#7751 = DEFINITIONAL_REPRESENTATION('',(#7752),#7760);
#7752 = ( BOUNDED_CURVE() B_SPLINE_CURVE(2,(#7753,#7754,#7755,#7756,
#7757,#7758,#7759),.UNSPECIFIED.,.T.,.F.) B_SPLINE_CURVE_WITH_KNOTS((1,2
    ,2,2,2,1),(-2.094395102393,0.,2.094395102393,4.188790204786,
6.28318530718,8.377580409573),.UNSPECIFIED.) CURVE() 
GEOMETRIC_REPRESENTATION_ITEM() RATIONAL_B_SPLINE_CURVE((1.,0.5,1.,0.5,
1.,0.5,1.)) REPRESENTATION_ITEM('') );
#7753 = CARTESIAN_POINT('',(1.6,0.));
#7754 = CARTESIAN_POINT('',(1.6,-2.77128129211));
#7755 = CARTESIAN_POINT('',(-0.8,-1.385640646055));
#7756 = CARTESIAN_POINT('',(-3.2,-3.918869757272E-16));
#7757 = CARTESIAN_POINT('',(-0.8,1.385640646055));
#7758 = CARTESIAN_POINT('',(1.6,2.77128129211));
#7759 = CARTESIAN_POINT('',(1.6,0.));
#7760 = ( GEOMETRIC_REPRESENTATION_CONTEXT(2) 
PARAMETRIC_REPRESENTATION_CONTEXT() REPRESENTATION_CONTEXT('2D SPACE',''
  ) );
#7761 = ORIENTED_EDGE('',*,*,#3950,.T.);
#7762 = ADVANCED_FACE('',(#7763),#3795,.F.);
#7763 = FACE_BOUND('',#7764,.F.);
#7764 = EDGE_LOOP('',(#7765,#7766,#7767,#7793));
#7765 = ORIENTED_EDGE('',*,*,#6551,.F.);
#7766 = ORIENTED_EDGE('',*,*,#3772,.F.);
#7767 = ORIENTED_EDGE('',*,*,#7768,.T.);
#7768 = EDGE_CURVE('',#3773,#3836,#7769,.T.);
#7769 = SURFACE_CURVE('',#7770,(#7775,#7782),.PCURVE_S1.);
#7770 = CIRCLE('',#7771,1.6);
#7771 = AXIS2_PLACEMENT_3D('',#7772,#7773,#7774);
#7772 = CARTESIAN_POINT('',(-21.3,237.,60.631397208143));
#7773 = DIRECTION('',(1.,6.450531537933E-16,2.775557561562E-17));
#7774 = DIRECTION('',(2.775557561563E-17,-7.136298725426E-15,-1.));
#7775 = PCURVE('',#3795,#7776);
#7776 = DEFINITIONAL_REPRESENTATION('',(#7777),#7781);
#7777 = LINE('',#7778,#7779);
#7778 = CARTESIAN_POINT('',(-3.14159265359,1.2));
#7779 = VECTOR('',#7780,1.);
#7780 = DIRECTION('',(1.,0.));
#7781 = ( GEOMETRIC_REPRESENTATION_CONTEXT(2) 
PARAMETRIC_REPRESENTATION_CONTEXT() REPRESENTATION_CONTEXT('2D SPACE',''
  ) );
#7782 = PCURVE('',#2072,#7783);
#7783 = DEFINITIONAL_REPRESENTATION('',(#7784),#7792);
#7784 = ( BOUNDED_CURVE() B_SPLINE_CURVE(2,(#7785,#7786,#7787,#7788,
#7789,#7790,#7791),.UNSPECIFIED.,.T.,.F.) B_SPLINE_CURVE_WITH_KNOTS((1,2
    ,2,2,2,1),(-2.094395102393,0.,2.094395102393,4.188790204786,
6.28318530718,8.377580409573),.UNSPECIFIED.) CURVE() 
GEOMETRIC_REPRESENTATION_ITEM() RATIONAL_B_SPLINE_CURVE((1.,0.5,1.,0.5,
1.,0.5,1.)) REPRESENTATION_ITEM('') );
#7785 = CARTESIAN_POINT('',(1.6,0.));
#7786 = CARTESIAN_POINT('',(1.6,-2.77128129211));
#7787 = CARTESIAN_POINT('',(-0.8,-1.385640646055));
#7788 = CARTESIAN_POINT('',(-3.2,-3.918869757272E-16));
#7789 = CARTESIAN_POINT('',(-0.8,1.385640646055));
#7790 = CARTESIAN_POINT('',(1.6,2.77128129211));
#7791 = CARTESIAN_POINT('',(1.6,0.));
#7792 = ( GEOMETRIC_REPRESENTATION_CONTEXT(2) 
PARAMETRIC_REPRESENTATION_CONTEXT() REPRESENTATION_CONTEXT('2D SPACE',''
  ) );
#7793 = ORIENTED_EDGE('',*,*,#3835,.T.);
#7794 = ADVANCED_FACE('',(#7795),#3680,.F.);
#7795 = FACE_BOUND('',#7796,.F.);
#7796 = EDGE_LOOP('',(#7797,#7798,#7799,#7825));
#7797 = ORIENTED_EDGE('',*,*,#6522,.F.);
#7798 = ORIENTED_EDGE('',*,*,#3657,.F.);
#7799 = ORIENTED_EDGE('',*,*,#7800,.T.);
#7800 = EDGE_CURVE('',#3658,#3721,#7801,.T.);
#7801 = SURFACE_CURVE('',#7802,(#7807,#7814),.PCURVE_S1.);
#7802 = CIRCLE('',#7803,1.6);
#7803 = AXIS2_PLACEMENT_3D('',#7804,#7805,#7806);
#7804 = CARTESIAN_POINT('',(-21.3,237.,34.631397208143));
#7805 = DIRECTION('',(1.,6.450531537933E-16,2.775557561562E-17));
#7806 = DIRECTION('',(2.775557561563E-17,-7.136298725426E-15,-1.));
#7807 = PCURVE('',#3680,#7808);
#7808 = DEFINITIONAL_REPRESENTATION('',(#7809),#7813);
#7809 = LINE('',#7810,#7811);
#7810 = CARTESIAN_POINT('',(-3.14159265359,1.2));
#7811 = VECTOR('',#7812,1.);
#7812 = DIRECTION('',(1.,0.));
#7813 = ( GEOMETRIC_REPRESENTATION_CONTEXT(2) 
PARAMETRIC_REPRESENTATION_CONTEXT() REPRESENTATION_CONTEXT('2D SPACE',''
  ) );
#7814 = PCURVE('',#2188,#7815);
#7815 = DEFINITIONAL_REPRESENTATION('',(#7816),#7824);
#7816 = ( BOUNDED_CURVE() B_SPLINE_CURVE(2,(#7817,#7818,#7819,#7820,
#7821,#7822,#7823),.UNSPECIFIED.,.T.,.F.) B_SPLINE_CURVE_WITH_KNOTS((1,2
    ,2,2,2,1),(-2.094395102393,0.,2.094395102393,4.188790204786,
6.28318530718,8.377580409573),.UNSPECIFIED.) CURVE() 
GEOMETRIC_REPRESENTATION_ITEM() RATIONAL_B_SPLINE_CURVE((1.,0.5,1.,0.5,
1.,0.5,1.)) REPRESENTATION_ITEM('') );
#7817 = CARTESIAN_POINT('',(1.6,0.));
#7818 = CARTESIAN_POINT('',(1.6,-2.77128129211));
#7819 = CARTESIAN_POINT('',(-0.8,-1.385640646055));
#7820 = CARTESIAN_POINT('',(-3.2,-3.918869757272E-16));
#7821 = CARTESIAN_POINT('',(-0.8,1.385640646055));
#7822 = CARTESIAN_POINT('',(1.6,2.77128129211));
#7823 = CARTESIAN_POINT('',(1.6,0.));
#7824 = ( GEOMETRIC_REPRESENTATION_CONTEXT(2) 
PARAMETRIC_REPRESENTATION_CONTEXT() REPRESENTATION_CONTEXT('2D SPACE',''
  ) );
#7825 = ORIENTED_EDGE('',*,*,#3720,.T.);
#7826 = ADVANCED_FACE('',(#7827),#3569,.F.);
#7827 = FACE_BOUND('',#7828,.F.);
#7828 = EDGE_LOOP('',(#7829,#7851,#7852,#7878));
#7829 = ORIENTED_EDGE('',*,*,#7830,.F.);
#7830 = EDGE_CURVE('',#3549,#3582,#7831,.T.);
#7831 = SURFACE_CURVE('',#7832,(#7837,#7844),.PCURVE_S1.);
#7832 = CIRCLE('',#7833,1.6);
#7833 = AXIS2_PLACEMENT_3D('',#7834,#7835,#7836);
#7834 = CARTESIAN_POINT('',(5.25,248.5,38.538130468406));
#7835 = DIRECTION('',(-6.450531537933E-16,1.,-7.136298725426E-15));
#7836 = DIRECTION('',(1.,6.450531537933E-16,2.775557561562E-17));
#7837 = PCURVE('',#3569,#7838);
#7838 = DEFINITIONAL_REPRESENTATION('',(#7839),#7843);
#7839 = LINE('',#7840,#7841);
#7840 = CARTESIAN_POINT('',(0.,95.));
#7841 = VECTOR('',#7842,1.);
#7842 = DIRECTION('',(1.,0.));
#7843 = ( GEOMETRIC_REPRESENTATION_CONTEXT(2) 
PARAMETRIC_REPRESENTATION_CONTEXT() REPRESENTATION_CONTEXT('2D SPACE',''
  ) );
#7844 = PCURVE('',#2976,#7845);
#7845 = DEFINITIONAL_REPRESENTATION('',(#7846),#7850);
#7846 = CIRCLE('',#7847,1.6);
#7847 = AXIS2_PLACEMENT_2D('',#7848,#7849);
#7848 = CARTESIAN_POINT('',(5.25,9.093266739737));
#7849 = DIRECTION('',(1.,0.));
#7850 = ( GEOMETRIC_REPRESENTATION_CONTEXT(2) 
PARAMETRIC_REPRESENTATION_CONTEXT() REPRESENTATION_CONTEXT('2D SPACE',''
  ) );
#7851 = ORIENTED_EDGE('',*,*,#3546,.F.);
#7852 = ORIENTED_EDGE('',*,*,#7853,.T.);
#7853 = EDGE_CURVE('',#3547,#3606,#7854,.T.);
#7854 = SURFACE_CURVE('',#7855,(#7860,#7867),.PCURVE_S1.);
#7855 = CIRCLE('',#7856,1.6);
#7856 = AXIS2_PLACEMENT_3D('',#7857,#7858,#7859);
#7857 = CARTESIAN_POINT('',(5.25,244.7,38.538130468406));
#7858 = DIRECTION('',(-6.450531537933E-16,1.,-7.136298725426E-15));
#7859 = DIRECTION('',(-1.,-6.450531537933E-16,-2.775557561562E-17));
#7860 = PCURVE('',#3569,#7861);
#7861 = DEFINITIONAL_REPRESENTATION('',(#7862),#7866);
#7862 = LINE('',#7863,#7864);
#7863 = CARTESIAN_POINT('',(-3.14159265359,91.2));
#7864 = VECTOR('',#7865,1.);
#7865 = DIRECTION('',(1.,0.));
#7866 = ( GEOMETRIC_REPRESENTATION_CONTEXT(2) 
PARAMETRIC_REPRESENTATION_CONTEXT() REPRESENTATION_CONTEXT('2D SPACE',''
  ) );
#7867 = PCURVE('',#2305,#7868);
#7868 = DEFINITIONAL_REPRESENTATION('',(#7869),#7877);
#7869 = ( BOUNDED_CURVE() B_SPLINE_CURVE(2,(#7870,#7871,#7872,#7873,
#7874,#7875,#7876),.UNSPECIFIED.,.T.,.F.) B_SPLINE_CURVE_WITH_KNOTS((1,2
    ,2,2,2,1),(-2.094395102393,0.,2.094395102393,4.188790204786,
6.28318530718,8.377580409573),.UNSPECIFIED.) CURVE() 
GEOMETRIC_REPRESENTATION_ITEM() RATIONAL_B_SPLINE_CURVE((1.,0.5,1.,0.5,
1.,0.5,1.)) REPRESENTATION_ITEM('') );
#7870 = CARTESIAN_POINT('',(1.6,0.));
#7871 = CARTESIAN_POINT('',(1.6,-2.77128129211));
#7872 = CARTESIAN_POINT('',(-0.8,-1.385640646055));
#7873 = CARTESIAN_POINT('',(-3.2,-3.918869757272E-16));
#7874 = CARTESIAN_POINT('',(-0.8,1.385640646055));
#7875 = CARTESIAN_POINT('',(1.6,2.77128129211));
#7876 = CARTESIAN_POINT('',(1.6,0.));
#7877 = ( GEOMETRIC_REPRESENTATION_CONTEXT(2) 
PARAMETRIC_REPRESENTATION_CONTEXT() REPRESENTATION_CONTEXT('2D SPACE',''
  ) );
#7878 = ORIENTED_EDGE('',*,*,#3605,.T.);
#7879 = ADVANCED_FACE('',(#7880),#3458,.F.);
#7880 = FACE_BOUND('',#7881,.F.);
#7881 = EDGE_LOOP('',(#7882,#7904,#7905,#7931));
#7882 = ORIENTED_EDGE('',*,*,#7883,.F.);
#7883 = EDGE_CURVE('',#3438,#3471,#7884,.T.);
#7884 = SURFACE_CURVE('',#7885,(#7890,#7897),.PCURVE_S1.);
#7885 = CIRCLE('',#7886,1.6);
#7886 = AXIS2_PLACEMENT_3D('',#7887,#7888,#7889);
#7887 = CARTESIAN_POINT('',(-5.75,248.5,37.672105064622));
#7888 = DIRECTION('',(-6.450531537933E-16,1.,-7.136298725426E-15));
#7889 = DIRECTION('',(1.,6.450531537933E-16,2.775557561562E-17));
#7890 = PCURVE('',#3458,#7891);
#7891 = DEFINITIONAL_REPRESENTATION('',(#7892),#7896);
#7892 = LINE('',#7893,#7894);
#7893 = CARTESIAN_POINT('',(0.,95.));
#7894 = VECTOR('',#7895,1.);
#7895 = DIRECTION('',(1.,0.));
#7896 = ( GEOMETRIC_REPRESENTATION_CONTEXT(2) 
PARAMETRIC_REPRESENTATION_CONTEXT() REPRESENTATION_CONTEXT('2D SPACE',''
  ) );
#7897 = PCURVE('',#2976,#7898);
#7898 = DEFINITIONAL_REPRESENTATION('',(#7899),#7903);
#7899 = CIRCLE('',#7900,1.6);
#7900 = AXIS2_PLACEMENT_2D('',#7901,#7902);
#7901 = CARTESIAN_POINT('',(-5.75,9.959292143521));
#7902 = DIRECTION('',(1.,0.));
#7903 = ( GEOMETRIC_REPRESENTATION_CONTEXT(2) 
PARAMETRIC_REPRESENTATION_CONTEXT() REPRESENTATION_CONTEXT('2D SPACE',''
  ) );
#7904 = ORIENTED_EDGE('',*,*,#3435,.F.);
#7905 = ORIENTED_EDGE('',*,*,#7906,.T.);
#7906 = EDGE_CURVE('',#3436,#3495,#7907,.T.);
#7907 = SURFACE_CURVE('',#7908,(#7913,#7920),.PCURVE_S1.);
#7908 = CIRCLE('',#7909,1.6);
#7909 = AXIS2_PLACEMENT_3D('',#7910,#7911,#7912);
#7910 = CARTESIAN_POINT('',(-5.75,244.7,37.672105064622));
#7911 = DIRECTION('',(-6.450531537933E-16,1.,-7.136298725426E-15));
#7912 = DIRECTION('',(-1.,-6.450531537933E-16,-2.775557561562E-17));
#7913 = PCURVE('',#3458,#7914);
#7914 = DEFINITIONAL_REPRESENTATION('',(#7915),#7919);
#7915 = LINE('',#7916,#7917);
#7916 = CARTESIAN_POINT('',(-3.14159265359,91.2));
#7917 = VECTOR('',#7918,1.);
#7918 = DIRECTION('',(1.,0.));
#7919 = ( GEOMETRIC_REPRESENTATION_CONTEXT(2) 
PARAMETRIC_REPRESENTATION_CONTEXT() REPRESENTATION_CONTEXT('2D SPACE',''
  ) );
#7920 = PCURVE('',#2417,#7921);
#7921 = DEFINITIONAL_REPRESENTATION('',(#7922),#7930);
#7922 = ( BOUNDED_CURVE() B_SPLINE_CURVE(2,(#7923,#7924,#7925,#7926,
#7927,#7928,#7929),.UNSPECIFIED.,.T.,.F.) B_SPLINE_CURVE_WITH_KNOTS((1,2
    ,2,2,2,1),(-2.094395102393,0.,2.094395102393,4.188790204786,
6.28318530718,8.377580409573),.UNSPECIFIED.) CURVE() 
GEOMETRIC_REPRESENTATION_ITEM() RATIONAL_B_SPLINE_CURVE((1.,0.5,1.,0.5,
1.,0.5,1.)) REPRESENTATION_ITEM('') );
#7923 = CARTESIAN_POINT('',(1.6,0.));
#7924 = CARTESIAN_POINT('',(1.6,-2.77128129211));
#7925 = CARTESIAN_POINT('',(-0.8,-1.385640646055));
#7926 = CARTESIAN_POINT('',(-3.2,-3.918869757272E-16));
#7927 = CARTESIAN_POINT('',(-0.8,1.385640646055));
#7928 = CARTESIAN_POINT('',(1.6,2.77128129211));
#7929 = CARTESIAN_POINT('',(1.6,0.));
#7930 = ( GEOMETRIC_REPRESENTATION_CONTEXT(2) 
PARAMETRIC_REPRESENTATION_CONTEXT() REPRESENTATION_CONTEXT('2D SPACE',''
  ) );
#7931 = ORIENTED_EDGE('',*,*,#3494,.T.);
#7932 = ADVANCED_FACE('',(#7933),#3347,.F.);
#7933 = FACE_BOUND('',#7934,.F.);
#7934 = EDGE_LOOP('',(#7935,#7957,#7958,#7984));
#7935 = ORIENTED_EDGE('',*,*,#7936,.F.);
#7936 = EDGE_CURVE('',#3327,#3360,#7937,.T.);
#7937 = SURFACE_CURVE('',#7938,(#7943,#7950),.PCURVE_S1.);
#7938 = CIRCLE('',#7939,1.6);
#7939 = AXIS2_PLACEMENT_3D('',#7940,#7941,#7942);
#7940 = CARTESIAN_POINT('',(5.25,248.5,56.724663947879));
#7941 = DIRECTION('',(-6.450531537933E-16,1.,-7.136298725426E-15));
#7942 = DIRECTION('',(1.,6.450531537933E-16,2.775557561562E-17));
#7943 = PCURVE('',#3347,#7944);
#7944 = DEFINITIONAL_REPRESENTATION('',(#7945),#7949);
#7945 = LINE('',#7946,#7947);
#7946 = CARTESIAN_POINT('',(0.,95.));
#7947 = VECTOR('',#7948,1.);
#7948 = DIRECTION('',(1.,0.));
#7949 = ( GEOMETRIC_REPRESENTATION_CONTEXT(2) 
PARAMETRIC_REPRESENTATION_CONTEXT() REPRESENTATION_CONTEXT('2D SPACE',''
  ) );
#7950 = PCURVE('',#2976,#7951);
#7951 = DEFINITIONAL_REPRESENTATION('',(#7952),#7956);
#7952 = CIRCLE('',#7953,1.6);
#7953 = AXIS2_PLACEMENT_2D('',#7954,#7955);
#7954 = CARTESIAN_POINT('',(5.25,-9.093266739737));
#7955 = DIRECTION('',(1.,0.));
#7956 = ( GEOMETRIC_REPRESENTATION_CONTEXT(2) 
PARAMETRIC_REPRESENTATION_CONTEXT() REPRESENTATION_CONTEXT('2D SPACE',''
  ) );
#7957 = ORIENTED_EDGE('',*,*,#3324,.F.);
#7958 = ORIENTED_EDGE('',*,*,#7959,.T.);
#7959 = EDGE_CURVE('',#3325,#3384,#7960,.T.);
#7960 = SURFACE_CURVE('',#7961,(#7966,#7973),.PCURVE_S1.);
#7961 = CIRCLE('',#7962,1.6);
#7962 = AXIS2_PLACEMENT_3D('',#7963,#7964,#7965);
#7963 = CARTESIAN_POINT('',(5.25,244.7,56.724663947879));
#7964 = DIRECTION('',(-6.450531537933E-16,1.,-7.136298725426E-15));
#7965 = DIRECTION('',(-1.,-6.450531537933E-16,-2.775557561562E-17));
#7966 = PCURVE('',#3347,#7967);
#7967 = DEFINITIONAL_REPRESENTATION('',(#7968),#7972);
#7968 = LINE('',#7969,#7970);
#7969 = CARTESIAN_POINT('',(-3.14159265359,91.2));
#7970 = VECTOR('',#7971,1.);
#7971 = DIRECTION('',(1.,0.));
#7972 = ( GEOMETRIC_REPRESENTATION_CONTEXT(2) 
PARAMETRIC_REPRESENTATION_CONTEXT() REPRESENTATION_CONTEXT('2D SPACE',''
  ) );
#7973 = PCURVE('',#2529,#7974);
#7974 = DEFINITIONAL_REPRESENTATION('',(#7975),#7983);
#7975 = ( BOUNDED_CURVE() B_SPLINE_CURVE(2,(#7976,#7977,#7978,#7979,
#7980,#7981,#7982),.UNSPECIFIED.,.T.,.F.) B_SPLINE_CURVE_WITH_KNOTS((1,2
    ,2,2,2,1),(-2.094395102393,0.,2.094395102393,4.188790204786,
6.28318530718,8.377580409573),.UNSPECIFIED.) CURVE() 
GEOMETRIC_REPRESENTATION_ITEM() RATIONAL_B_SPLINE_CURVE((1.,0.5,1.,0.5,
1.,0.5,1.)) REPRESENTATION_ITEM('') );
#7976 = CARTESIAN_POINT('',(1.6,0.));
#7977 = CARTESIAN_POINT('',(1.6,-2.77128129211));
#7978 = CARTESIAN_POINT('',(-0.8,-1.385640646055));
#7979 = CARTESIAN_POINT('',(-3.2,-3.918869757272E-16));
#7980 = CARTESIAN_POINT('',(-0.8,1.385640646055));
#7981 = CARTESIAN_POINT('',(1.6,2.77128129211));
#7982 = CARTESIAN_POINT('',(1.6,0.));
#7983 = ( GEOMETRIC_REPRESENTATION_CONTEXT(2) 
PARAMETRIC_REPRESENTATION_CONTEXT() REPRESENTATION_CONTEXT('2D SPACE',''
  ) );
#7984 = ORIENTED_EDGE('',*,*,#3383,.T.);
#7985 = ADVANCED_FACE('',(#7986),#3236,.F.);
#7986 = FACE_BOUND('',#7987,.F.);
#7987 = EDGE_LOOP('',(#7988,#8010,#8011,#8037));
#7988 = ORIENTED_EDGE('',*,*,#7989,.F.);
#7989 = EDGE_CURVE('',#3216,#3249,#7990,.T.);
#7990 = SURFACE_CURVE('',#7991,(#7996,#8003),.PCURVE_S1.);
#7991 = CIRCLE('',#7992,1.6);
#7992 = AXIS2_PLACEMENT_3D('',#7993,#7994,#7995);
#7993 = CARTESIAN_POINT('',(11.5,248.5,47.631397208143));
#7994 = DIRECTION('',(-6.450531537933E-16,1.,-7.136298725426E-15));
#7995 = DIRECTION('',(1.,6.450531537933E-16,2.775557561562E-17));
#7996 = PCURVE('',#3236,#7997);
#7997 = DEFINITIONAL_REPRESENTATION('',(#7998),#8002);
#7998 = LINE('',#7999,#8000);
#7999 = CARTESIAN_POINT('',(0.,95.));
#8000 = VECTOR('',#8001,1.);
#8001 = DIRECTION('',(1.,0.));
#8002 = ( GEOMETRIC_REPRESENTATION_CONTEXT(2) 
PARAMETRIC_REPRESENTATION_CONTEXT() REPRESENTATION_CONTEXT('2D SPACE',''
  ) );
#8003 = PCURVE('',#2976,#8004);
#8004 = DEFINITIONAL_REPRESENTATION('',(#8005),#8009);
#8005 = CIRCLE('',#8006,1.6);
#8006 = AXIS2_PLACEMENT_2D('',#8007,#8008);
#8007 = CARTESIAN_POINT('',(11.5,-4.770489558936E-14));
#8008 = DIRECTION('',(1.,0.));
#8009 = ( GEOMETRIC_REPRESENTATION_CONTEXT(2) 
PARAMETRIC_REPRESENTATION_CONTEXT() REPRESENTATION_CONTEXT('2D SPACE',''
  ) );
#8010 = ORIENTED_EDGE('',*,*,#3213,.F.);
#8011 = ORIENTED_EDGE('',*,*,#8012,.T.);
#8012 = EDGE_CURVE('',#3214,#3273,#8013,.T.);
#8013 = SURFACE_CURVE('',#8014,(#8019,#8026),.PCURVE_S1.);
#8014 = CIRCLE('',#8015,1.6);
#8015 = AXIS2_PLACEMENT_3D('',#8016,#8017,#8018);
#8016 = CARTESIAN_POINT('',(11.5,244.7,47.631397208143));
#8017 = DIRECTION('',(-6.450531537933E-16,1.,-7.136298725426E-15));
#8018 = DIRECTION('',(-1.,-6.450531537933E-16,-2.775557561562E-17));
#8019 = PCURVE('',#3236,#8020);
#8020 = DEFINITIONAL_REPRESENTATION('',(#8021),#8025);
#8021 = LINE('',#8022,#8023);
#8022 = CARTESIAN_POINT('',(-3.14159265359,91.2));
#8023 = VECTOR('',#8024,1.);
#8024 = DIRECTION('',(1.,0.));
#8025 = ( GEOMETRIC_REPRESENTATION_CONTEXT(2) 
PARAMETRIC_REPRESENTATION_CONTEXT() REPRESENTATION_CONTEXT('2D SPACE',''
  ) );
#8026 = PCURVE('',#2641,#8027);
#8027 = DEFINITIONAL_REPRESENTATION('',(#8028),#8036);
#8028 = ( BOUNDED_CURVE() B_SPLINE_CURVE(2,(#8029,#8030,#8031,#8032,
#8033,#8034,#8035),.UNSPECIFIED.,.T.,.F.) B_SPLINE_CURVE_WITH_KNOTS((1,2
    ,2,2,2,1),(-2.094395102393,0.,2.094395102393,4.188790204786,
6.28318530718,8.377580409573),.UNSPECIFIED.) CURVE() 
GEOMETRIC_REPRESENTATION_ITEM() RATIONAL_B_SPLINE_CURVE((1.,0.5,1.,0.5,
1.,0.5,1.)) REPRESENTATION_ITEM('') );
#8029 = CARTESIAN_POINT('',(1.6,0.));
#8030 = CARTESIAN_POINT('',(1.6,-2.77128129211));
#8031 = CARTESIAN_POINT('',(-0.8,-1.385640646055));
#8032 = CARTESIAN_POINT('',(-3.2,-3.918869757272E-16));
#8033 = CARTESIAN_POINT('',(-0.8,1.385640646055));
#8034 = CARTESIAN_POINT('',(1.6,2.77128129211));
#8035 = CARTESIAN_POINT('',(1.6,0.));
#8036 = ( GEOMETRIC_REPRESENTATION_CONTEXT(2) 
PARAMETRIC_REPRESENTATION_CONTEXT() REPRESENTATION_CONTEXT('2D SPACE',''
  ) );
#8037 = ORIENTED_EDGE('',*,*,#3272,.T.);
#8038 = ADVANCED_FACE('',(#8039),#3125,.F.);
#8039 = FACE_BOUND('',#8040,.F.);
#8040 = EDGE_LOOP('',(#8041,#8063,#8064,#8090));
#8041 = ORIENTED_EDGE('',*,*,#8042,.F.);
#8042 = EDGE_CURVE('',#3105,#3138,#8043,.T.);
#8043 = SURFACE_CURVE('',#8044,(#8049,#8056),.PCURVE_S1.);
#8044 = CIRCLE('',#8045,1.6);
#8045 = AXIS2_PLACEMENT_3D('',#8046,#8047,#8048);
#8046 = CARTESIAN_POINT('',(-5.75,248.5,57.590689351664));
#8047 = DIRECTION('',(-6.450531537933E-16,1.,-7.136298725426E-15));
#8048 = DIRECTION('',(1.,6.450531537933E-16,2.775557561562E-17));
#8049 = PCURVE('',#3125,#8050);
#8050 = DEFINITIONAL_REPRESENTATION('',(#8051),#8055);
#8051 = LINE('',#8052,#8053);
#8052 = CARTESIAN_POINT('',(0.,95.));
#8053 = VECTOR('',#8054,1.);
#8054 = DIRECTION('',(1.,0.));
#8055 = ( GEOMETRIC_REPRESENTATION_CONTEXT(2) 
PARAMETRIC_REPRESENTATION_CONTEXT() REPRESENTATION_CONTEXT('2D SPACE',''
  ) );
#8056 = PCURVE('',#2976,#8057);
#8057 = DEFINITIONAL_REPRESENTATION('',(#8058),#8062);
#8058 = CIRCLE('',#8059,1.6);
#8059 = AXIS2_PLACEMENT_2D('',#8060,#8061);
#8060 = CARTESIAN_POINT('',(-5.75,-9.959292143521));
#8061 = DIRECTION('',(1.,0.));
#8062 = ( GEOMETRIC_REPRESENTATION_CONTEXT(2) 
PARAMETRIC_REPRESENTATION_CONTEXT() REPRESENTATION_CONTEXT('2D SPACE',''
  ) );
#8063 = ORIENTED_EDGE('',*,*,#3102,.F.);
#8064 = ORIENTED_EDGE('',*,*,#8065,.T.);
#8065 = EDGE_CURVE('',#3103,#3162,#8066,.T.);
#8066 = SURFACE_CURVE('',#8067,(#8072,#8079),.PCURVE_S1.);
#8067 = CIRCLE('',#8068,1.6);
#8068 = AXIS2_PLACEMENT_3D('',#8069,#8070,#8071);
#8069 = CARTESIAN_POINT('',(-5.75,244.7,57.590689351664));
#8070 = DIRECTION('',(-6.450531537933E-16,1.,-7.136298725426E-15));
#8071 = DIRECTION('',(-1.,-6.450531537933E-16,-2.775557561562E-17));
#8072 = PCURVE('',#3125,#8073);
#8073 = DEFINITIONAL_REPRESENTATION('',(#8074),#8078);
#8074 = LINE('',#8075,#8076);
#8075 = CARTESIAN_POINT('',(-3.14159265359,91.2));
#8076 = VECTOR('',#8077,1.);
#8077 = DIRECTION('',(1.,0.));
#8078 = ( GEOMETRIC_REPRESENTATION_CONTEXT(2) 
PARAMETRIC_REPRESENTATION_CONTEXT() REPRESENTATION_CONTEXT('2D SPACE',''
  ) );
#8079 = PCURVE('',#2753,#8080);
#8080 = DEFINITIONAL_REPRESENTATION('',(#8081),#8089);
#8081 = ( BOUNDED_CURVE() B_SPLINE_CURVE(2,(#8082,#8083,#8084,#8085,
#8086,#8087,#8088),.UNSPECIFIED.,.T.,.F.) B_SPLINE_CURVE_WITH_KNOTS((1,2
    ,2,2,2,1),(-2.094395102393,0.,2.094395102393,4.188790204786,
6.28318530718,8.377580409573),.UNSPECIFIED.) CURVE() 
GEOMETRIC_REPRESENTATION_ITEM() RATIONAL_B_SPLINE_CURVE((1.,0.5,1.,0.5,
1.,0.5,1.)) REPRESENTATION_ITEM('') );
#8082 = CARTESIAN_POINT('',(1.6,0.));
#8083 = CARTESIAN_POINT('',(1.6,-2.77128129211));
#8084 = CARTESIAN_POINT('',(-0.8,-1.385640646055));
#8085 = CARTESIAN_POINT('',(-3.2,-3.918869757272E-16));
#8086 = CARTESIAN_POINT('',(-0.8,1.385640646055));
#8087 = CARTESIAN_POINT('',(1.6,2.77128129211));
#8088 = CARTESIAN_POINT('',(1.6,0.));
#8089 = ( GEOMETRIC_REPRESENTATION_CONTEXT(2) 
PARAMETRIC_REPRESENTATION_CONTEXT() REPRESENTATION_CONTEXT('2D SPACE',''
  ) );
#8090 = ORIENTED_EDGE('',*,*,#3161,.T.);
#8091 = ADVANCED_FACE('',(#8092),#3014,.F.);
#8092 = FACE_BOUND('',#8093,.F.);
#8093 = EDGE_LOOP('',(#8094,#8116,#8117,#8143));
#8094 = ORIENTED_EDGE('',*,*,#8095,.F.);
#8095 = EDGE_CURVE('',#2994,#3027,#8096,.T.);
#8096 = SURFACE_CURVE('',#8097,(#8102,#8109),.PCURVE_S1.);
#8097 = CIRCLE('',#8098,1.6);
#8098 = AXIS2_PLACEMENT_3D('',#8099,#8100,#8101);
#8099 = CARTESIAN_POINT('',(-10.5,248.5,47.631397208143));
#8100 = DIRECTION('',(-6.450531537933E-16,1.,-7.136298725426E-15));
#8101 = DIRECTION('',(1.,6.450531537933E-16,2.775557561562E-17));
#8102 = PCURVE('',#3014,#8103);
#8103 = DEFINITIONAL_REPRESENTATION('',(#8104),#8108);
#8104 = LINE('',#8105,#8106);
#8105 = CARTESIAN_POINT('',(0.,95.));
#8106 = VECTOR('',#8107,1.);
#8107 = DIRECTION('',(1.,0.));
#8108 = ( GEOMETRIC_REPRESENTATION_CONTEXT(2) 
PARAMETRIC_REPRESENTATION_CONTEXT() REPRESENTATION_CONTEXT('2D SPACE',''
  ) );
#8109 = PCURVE('',#2976,#8110);
#8110 = DEFINITIONAL_REPRESENTATION('',(#8111),#8115);
#8111 = CIRCLE('',#8112,1.6);
#8112 = AXIS2_PLACEMENT_2D('',#8113,#8114);
#8113 = CARTESIAN_POINT('',(-10.5,0.));
#8114 = DIRECTION('',(1.,0.));
#8115 = ( GEOMETRIC_REPRESENTATION_CONTEXT(2) 
PARAMETRIC_REPRESENTATION_CONTEXT() REPRESENTATION_CONTEXT('2D SPACE',''
  ) );
#8116 = ORIENTED_EDGE('',*,*,#2991,.F.);
#8117 = ORIENTED_EDGE('',*,*,#8118,.T.);
#8118 = EDGE_CURVE('',#2992,#3051,#8119,.T.);
#8119 = SURFACE_CURVE('',#8120,(#8125,#8132),.PCURVE_S1.);
#8120 = CIRCLE('',#8121,1.6);
#8121 = AXIS2_PLACEMENT_3D('',#8122,#8123,#8124);
#8122 = CARTESIAN_POINT('',(-10.5,244.7,47.631397208143));
#8123 = DIRECTION('',(-6.450531537933E-16,1.,-7.136298725426E-15));
#8124 = DIRECTION('',(-1.,-6.450531537933E-16,-2.775557561562E-17));
#8125 = PCURVE('',#3014,#8126);
#8126 = DEFINITIONAL_REPRESENTATION('',(#8127),#8131);
#8127 = LINE('',#8128,#8129);
#8128 = CARTESIAN_POINT('',(-3.14159265359,91.2));
#8129 = VECTOR('',#8130,1.);
#8130 = DIRECTION('',(1.,0.));
#8131 = ( GEOMETRIC_REPRESENTATION_CONTEXT(2) 
PARAMETRIC_REPRESENTATION_CONTEXT() REPRESENTATION_CONTEXT('2D SPACE',''
  ) );
#8132 = PCURVE('',#2865,#8133);
#8133 = DEFINITIONAL_REPRESENTATION('',(#8134),#8142);
#8134 = ( BOUNDED_CURVE() B_SPLINE_CURVE(2,(#8135,#8136,#8137,#8138,
#8139,#8140,#8141),.UNSPECIFIED.,.T.,.F.) B_SPLINE_CURVE_WITH_KNOTS((1,2
    ,2,2,2,1),(-2.094395102393,0.,2.094395102393,4.188790204786,
6.28318530718,8.377580409573),.UNSPECIFIED.) CURVE() 
GEOMETRIC_REPRESENTATION_ITEM() RATIONAL_B_SPLINE_CURVE((1.,0.5,1.,0.5,
1.,0.5,1.)) REPRESENTATION_ITEM('') );
#8135 = CARTESIAN_POINT('',(1.6,0.));
#8136 = CARTESIAN_POINT('',(1.6,-2.77128129211));
#8137 = CARTESIAN_POINT('',(-0.8,-1.385640646055));
#8138 = CARTESIAN_POINT('',(-3.2,-3.918869757272E-16));
#8139 = CARTESIAN_POINT('',(-0.8,1.385640646055));
#8140 = CARTESIAN_POINT('',(1.6,2.77128129211));
#8141 = CARTESIAN_POINT('',(1.6,0.));
#8142 = ( GEOMETRIC_REPRESENTATION_CONTEXT(2) 
PARAMETRIC_REPRESENTATION_CONTEXT() REPRESENTATION_CONTEXT('2D SPACE',''
  ) );
#8143 = ORIENTED_EDGE('',*,*,#3050,.T.);
#8144 = ADVANCED_FACE('',(#8145),#5710,.F.);
#8145 = FACE_BOUND('',#8146,.T.);
#8146 = EDGE_LOOP('',(#8147,#8170,#8171,#8199,#8222,#8250,#8278,#8306,
    #8334,#8362));
#8147 = ORIENTED_EDGE('',*,*,#8148,.T.);
#8148 = EDGE_CURVE('',#8149,#5695,#8151,.T.);
#8149 = VERTEX_POINT('',#8150);
#8150 = CARTESIAN_POINT('',(-22.5,176.,25.131397208143));
#8151 = SURFACE_CURVE('',#8152,(#8156,#8163),.PCURVE_S1.);
#8152 = LINE('',#8153,#8154);
#8153 = CARTESIAN_POINT('',(-22.5,243.5,25.131397208143));
#8154 = VECTOR('',#8155,1.);
#8155 = DIRECTION('',(-6.450531537933E-16,1.,-7.136298725426E-15));
#8156 = PCURVE('',#5710,#8157);
#8157 = DEFINITIONAL_REPRESENTATION('',(#8158),#8162);
#8158 = LINE('',#8159,#8160);
#8159 = CARTESIAN_POINT('',(45.,0.));
#8160 = VECTOR('',#8161,1.);
#8161 = DIRECTION('',(0.,-1.));
#8162 = ( GEOMETRIC_REPRESENTATION_CONTEXT(2) 
PARAMETRIC_REPRESENTATION_CONTEXT() REPRESENTATION_CONTEXT('2D SPACE',''
  ) );
#8163 = PCURVE('',#5383,#8164);
#8164 = DEFINITIONAL_REPRESENTATION('',(#8165),#8169);
#8165 = LINE('',#8166,#8167);
#8166 = CARTESIAN_POINT('',(-45.,0.));
#8167 = VECTOR('',#8168,1.);
#8168 = DIRECTION('',(0.,-1.));
#8169 = ( GEOMETRIC_REPRESENTATION_CONTEXT(2) 
PARAMETRIC_REPRESENTATION_CONTEXT() REPRESENTATION_CONTEXT('2D SPACE',''
  ) );
#8170 = ORIENTED_EDGE('',*,*,#5694,.T.);
#8171 = ORIENTED_EDGE('',*,*,#8172,.T.);
#8172 = EDGE_CURVE('',#5672,#8173,#8175,.T.);
#8173 = VERTEX_POINT('',#8174);
#8174 = CARTESIAN_POINT('',(17.5,244.5,25.131397208143));
#8175 = SURFACE_CURVE('',#8176,(#8180,#8187),.PCURVE_S1.);
#8176 = LINE('',#8177,#8178);
#8177 = CARTESIAN_POINT('',(17.5,243.5,25.131397208143));
#8178 = VECTOR('',#8179,1.);
#8179 = DIRECTION('',(6.450531537933E-16,-1.,7.136298725426E-15));
#8180 = PCURVE('',#5710,#8181);
#8181 = DEFINITIONAL_REPRESENTATION('',(#8182),#8186);
#8182 = LINE('',#8183,#8184);
#8183 = CARTESIAN_POINT('',(5.,0.));
#8184 = VECTOR('',#8185,1.);
#8185 = DIRECTION('',(0.,1.));
#8186 = ( GEOMETRIC_REPRESENTATION_CONTEXT(2) 
PARAMETRIC_REPRESENTATION_CONTEXT() REPRESENTATION_CONTEXT('2D SPACE',''
  ) );
#8187 = PCURVE('',#8188,#8193);
#8188 = CYLINDRICAL_SURFACE('',#8189,5.);
#8189 = AXIS2_PLACEMENT_3D('',#8190,#8191,#8192);
#8190 = CARTESIAN_POINT('',(17.5,243.5,30.131397208143));
#8191 = DIRECTION('',(-6.450531537933E-16,1.,-7.136298725426E-15));
#8192 = DIRECTION('',(1.,6.450531537933E-16,2.775557561562E-17));
#8193 = DEFINITIONAL_REPRESENTATION('',(#8194),#8198);
#8194 = LINE('',#8195,#8196);
#8195 = CARTESIAN_POINT('',(1.570796326795,0.));
#8196 = VECTOR('',#8197,1.);
#8197 = DIRECTION('',(0.,-1.));
#8198 = ( GEOMETRIC_REPRESENTATION_CONTEXT(2) 
PARAMETRIC_REPRESENTATION_CONTEXT() REPRESENTATION_CONTEXT('2D SPACE',''
  ) );
#8199 = ORIENTED_EDGE('',*,*,#8200,.T.);
#8200 = EDGE_CURVE('',#8173,#8201,#8203,.T.);
#8201 = VERTEX_POINT('',#8202);
#8202 = CARTESIAN_POINT('',(8.5,244.5,25.131397208143));
#8203 = SURFACE_CURVE('',#8204,(#8208,#8215),.PCURVE_S1.);
#8204 = LINE('',#8205,#8206);
#8205 = CARTESIAN_POINT('',(9.5,244.5,25.131397208143));
#8206 = VECTOR('',#8207,1.);
#8207 = DIRECTION('',(-1.,-6.450531537933E-16,-1.819532179247E-16));
#8208 = PCURVE('',#5710,#8209);
#8209 = DEFINITIONAL_REPRESENTATION('',(#8210),#8214);
#8210 = LINE('',#8211,#8212);
#8211 = CARTESIAN_POINT('',(13.,-1.));
#8212 = VECTOR('',#8213,1.);
#8213 = DIRECTION('',(1.,0.));
#8214 = ( GEOMETRIC_REPRESENTATION_CONTEXT(2) 
PARAMETRIC_REPRESENTATION_CONTEXT() REPRESENTATION_CONTEXT('2D SPACE',''
  ) );
#8215 = PCURVE('',#6013,#8216);
#8216 = DEFINITIONAL_REPRESENTATION('',(#8217),#8221);
#8217 = LINE('',#8218,#8219);
#8218 = CARTESIAN_POINT('',(-9.5,1.414213562373));
#8219 = VECTOR('',#8220,1.);
#8220 = DIRECTION('',(1.,0.));
#8221 = ( GEOMETRIC_REPRESENTATION_CONTEXT(2) 
PARAMETRIC_REPRESENTATION_CONTEXT() REPRESENTATION_CONTEXT('2D SPACE',''
  ) );
#8222 = ORIENTED_EDGE('',*,*,#8223,.T.);
#8223 = EDGE_CURVE('',#8201,#8224,#8226,.T.);
#8224 = VERTEX_POINT('',#8225);
#8225 = CARTESIAN_POINT('',(8.5,229.91421356237,25.131397208143));
#8226 = SURFACE_CURVE('',#8227,(#8231,#8238),.PCURVE_S1.);
#8227 = LINE('',#8228,#8229);
#8228 = CARTESIAN_POINT('',(8.5,229.5,25.131397208143));
#8229 = VECTOR('',#8230,1.);
#8230 = DIRECTION('',(6.450531537933E-16,-1.,7.136298725426E-15));
#8231 = PCURVE('',#5710,#8232);
#8232 = DEFINITIONAL_REPRESENTATION('',(#8233),#8237);
#8233 = LINE('',#8234,#8235);
#8234 = CARTESIAN_POINT('',(14.,14.));
#8235 = VECTOR('',#8236,1.);
#8236 = DIRECTION('',(0.,1.));
#8237 = ( GEOMETRIC_REPRESENTATION_CONTEXT(2) 
PARAMETRIC_REPRESENTATION_CONTEXT() REPRESENTATION_CONTEXT('2D SPACE',''
  ) );
#8238 = PCURVE('',#8239,#8244);
#8239 = PLANE('',#8240);
#8240 = AXIS2_PLACEMENT_3D('',#8241,#8242,#8243);
#8241 = CARTESIAN_POINT('',(8.5,243.5,25.131397208143));
#8242 = DIRECTION('',(0.707106781187,-4.590003762049E-15,-0.707106781187
    ));
#8243 = DIRECTION('',(-6.450531537933E-16,1.,-7.136298725426E-15));
#8244 = DEFINITIONAL_REPRESENTATION('',(#8245),#8249);
#8245 = LINE('',#8246,#8247);
#8246 = CARTESIAN_POINT('',(-14.,-0.));
#8247 = VECTOR('',#8248,1.);
#8248 = DIRECTION('',(-1.,-0.));
#8249 = ( GEOMETRIC_REPRESENTATION_CONTEXT(2) 
PARAMETRIC_REPRESENTATION_CONTEXT() REPRESENTATION_CONTEXT('2D SPACE',''
  ) );
#8250 = ORIENTED_EDGE('',*,*,#8251,.T.);
#8251 = EDGE_CURVE('',#8224,#8252,#8254,.T.);
#8252 = VERTEX_POINT('',#8253);
#8253 = CARTESIAN_POINT('',(-7.5,213.91421356237,25.131397208143));
#8254 = SURFACE_CURVE('',#8255,(#8259,#8266),.PCURVE_S1.);
#8255 = LINE('',#8256,#8257);
#8256 = CARTESIAN_POINT('',(-7.207106781187,214.20710678118,
    25.131397208143));
#8257 = VECTOR('',#8258,1.);
#8258 = DIRECTION('',(-0.707106781187,-0.707106781187,4.917464867068E-15
    ));
#8259 = PCURVE('',#5710,#8260);
#8260 = DEFINITIONAL_REPRESENTATION('',(#8261),#8265);
#8261 = LINE('',#8262,#8263);
#8262 = CARTESIAN_POINT('',(29.707106781187,29.292893218813));
#8263 = VECTOR('',#8264,1.);
#8264 = DIRECTION('',(0.707106781187,0.707106781187));
#8265 = ( GEOMETRIC_REPRESENTATION_CONTEXT(2) 
PARAMETRIC_REPRESENTATION_CONTEXT() REPRESENTATION_CONTEXT('2D SPACE',''
  ) );
#8266 = PCURVE('',#8267,#8272);
#8267 = PLANE('',#8268);
#8268 = AXIS2_PLACEMENT_3D('',#8269,#8270,#8271);
#8269 = CARTESIAN_POINT('',(22.292893218813,243.70710678118,
    25.131397208143));
#8270 = DIRECTION('',(0.5,-0.5,-0.707106781187));
#8271 = DIRECTION('',(0.707106781187,0.707106781187,-4.943232338741E-15)
  );
#8272 = DEFINITIONAL_REPRESENTATION('',(#8273),#8277);
#8273 = LINE('',#8274,#8275);
#8274 = CARTESIAN_POINT('',(-41.71930009,8.881784197001E-15));
#8275 = VECTOR('',#8276,1.);
#8276 = DIRECTION('',(-1.,1.110223024625E-16));
#8277 = ( GEOMETRIC_REPRESENTATION_CONTEXT(2) 
PARAMETRIC_REPRESENTATION_CONTEXT() REPRESENTATION_CONTEXT('2D SPACE',''
  ) );
#8278 = ORIENTED_EDGE('',*,*,#8279,.T.);
#8279 = EDGE_CURVE('',#8252,#8280,#8282,.T.);
#8280 = VERTEX_POINT('',#8281);
#8281 = CARTESIAN_POINT('',(-7.5,205.58578643762,25.131397208143));
#8282 = SURFACE_CURVE('',#8283,(#8287,#8294),.PCURVE_S1.);
#8283 = LINE('',#8284,#8285);
#8284 = CARTESIAN_POINT('',(-7.5,206.,25.131397208143));
#8285 = VECTOR('',#8286,1.);
#8286 = DIRECTION('',(6.450531537933E-16,-1.,7.136298725426E-15));
#8287 = PCURVE('',#5710,#8288);
#8288 = DEFINITIONAL_REPRESENTATION('',(#8289),#8293);
#8289 = LINE('',#8290,#8291);
#8290 = CARTESIAN_POINT('',(30.,37.5));
#8291 = VECTOR('',#8292,1.);
#8292 = DIRECTION('',(0.,1.));
#8293 = ( GEOMETRIC_REPRESENTATION_CONTEXT(2) 
PARAMETRIC_REPRESENTATION_CONTEXT() REPRESENTATION_CONTEXT('2D SPACE',''
  ) );
#8294 = PCURVE('',#8295,#8300);
#8295 = PLANE('',#8296);
#8296 = AXIS2_PLACEMENT_3D('',#8297,#8298,#8299);
#8297 = CARTESIAN_POINT('',(-6.5,249.5,26.131397208143));
#8298 = DIRECTION('',(0.707106781187,-4.590003762049E-15,-0.707106781187
    ));
#8299 = DIRECTION('',(6.450531537933E-16,-1.,7.136298725426E-15));
#8300 = DEFINITIONAL_REPRESENTATION('',(#8301),#8305);
#8301 = LINE('',#8302,#8303);
#8302 = CARTESIAN_POINT('',(43.5,1.414213562373));
#8303 = VECTOR('',#8304,1.);
#8304 = DIRECTION('',(1.,0.));
#8305 = ( GEOMETRIC_REPRESENTATION_CONTEXT(2) 
PARAMETRIC_REPRESENTATION_CONTEXT() REPRESENTATION_CONTEXT('2D SPACE',''
  ) );
#8306 = ORIENTED_EDGE('',*,*,#8307,.T.);
#8307 = EDGE_CURVE('',#8280,#8308,#8310,.T.);
#8308 = VERTEX_POINT('',#8309);
#8309 = CARTESIAN_POINT('',(8.5,189.58578643762,25.131397208143));
#8310 = SURFACE_CURVE('',#8311,(#8315,#8322),.PCURVE_S1.);
#8311 = LINE('',#8312,#8313);
#8312 = CARTESIAN_POINT('',(8.792893218813,189.29289321881,
    25.131397208143));
#8313 = VECTOR('',#8314,1.);
#8314 = DIRECTION('',(0.707106781187,-0.707106781187,5.174785575575E-15)
  );
#8315 = PCURVE('',#5710,#8316);
#8316 = DEFINITIONAL_REPRESENTATION('',(#8317),#8321);
#8317 = LINE('',#8318,#8319);
#8318 = CARTESIAN_POINT('',(13.707106781187,54.207106781187));
#8319 = VECTOR('',#8320,1.);
#8320 = DIRECTION('',(-0.707106781187,0.707106781187));
#8321 = ( GEOMETRIC_REPRESENTATION_CONTEXT(2) 
PARAMETRIC_REPRESENTATION_CONTEXT() REPRESENTATION_CONTEXT('2D SPACE',''
  ) );
#8322 = PCURVE('',#8323,#8328);
#8323 = PLANE('',#8324);
#8324 = AXIS2_PLACEMENT_3D('',#8325,#8326,#8327);
#8325 = CARTESIAN_POINT('',(-11.45710678118,209.54289321881,
    25.131397208143));
#8326 = DIRECTION('',(0.5,0.5,-0.707106781187));
#8327 = DIRECTION('',(-0.707106781187,0.707106781187,-5.149018103902E-15
    ));
#8328 = DEFINITIONAL_REPRESENTATION('',(#8329),#8333);
#8329 = LINE('',#8330,#8331);
#8330 = CARTESIAN_POINT('',(-28.63782463805,-7.105427357601E-15));
#8331 = VECTOR('',#8332,1.);
#8332 = DIRECTION('',(-1.,-1.110223024625E-16));
#8333 = ( GEOMETRIC_REPRESENTATION_CONTEXT(2) 
PARAMETRIC_REPRESENTATION_CONTEXT() REPRESENTATION_CONTEXT('2D SPACE',''
  ) );
#8334 = ORIENTED_EDGE('',*,*,#8335,.T.);
#8335 = EDGE_CURVE('',#8308,#8336,#8338,.T.);
#8336 = VERTEX_POINT('',#8337);
#8337 = CARTESIAN_POINT('',(8.5,176.,25.131397208143));
#8338 = SURFACE_CURVE('',#8339,(#8343,#8350),.PCURVE_S1.);
#8339 = LINE('',#8340,#8341);
#8340 = CARTESIAN_POINT('',(8.5,176.,25.131397208143));
#8341 = VECTOR('',#8342,1.);
#8342 = DIRECTION('',(6.450531537933E-16,-1.,7.136298725426E-15));
#8343 = PCURVE('',#5710,#8344);
#8344 = DEFINITIONAL_REPRESENTATION('',(#8345),#8349);
#8345 = LINE('',#8346,#8347);
#8346 = CARTESIAN_POINT('',(14.,67.5));
#8347 = VECTOR('',#8348,1.);
#8348 = DIRECTION('',(0.,1.));
#8349 = ( GEOMETRIC_REPRESENTATION_CONTEXT(2) 
PARAMETRIC_REPRESENTATION_CONTEXT() REPRESENTATION_CONTEXT('2D SPACE',''
  ) );
#8350 = PCURVE('',#8351,#8356);
#8351 = PLANE('',#8352);
#8352 = AXIS2_PLACEMENT_3D('',#8353,#8354,#8355);
#8353 = CARTESIAN_POINT('',(8.5,243.5,25.131397208143));
#8354 = DIRECTION('',(0.707106781187,-4.590003762049E-15,-0.707106781187
    ));
#8355 = DIRECTION('',(-6.450531537933E-16,1.,-7.136298725426E-15));
#8356 = DEFINITIONAL_REPRESENTATION('',(#8357),#8361);
#8357 = LINE('',#8358,#8359);
#8358 = CARTESIAN_POINT('',(-67.5,-0.));
#8359 = VECTOR('',#8360,1.);
#8360 = DIRECTION('',(-1.,-0.));
#8361 = ( GEOMETRIC_REPRESENTATION_CONTEXT(2) 
PARAMETRIC_REPRESENTATION_CONTEXT() REPRESENTATION_CONTEXT('2D SPACE',''
  ) );
#8362 = ORIENTED_EDGE('',*,*,#8363,.T.);
#8363 = EDGE_CURVE('',#8336,#8149,#8364,.T.);
#8364 = SURFACE_CURVE('',#8365,(#8369,#8376),.PCURVE_S1.);
#8365 = LINE('',#8366,#8367);
#8366 = CARTESIAN_POINT('',(22.5,176.,25.131397208143));
#8367 = VECTOR('',#8368,1.);
#8368 = DIRECTION('',(-1.,-6.450531537933E-16,-1.819532179247E-16));
#8369 = PCURVE('',#5710,#8370);
#8370 = DEFINITIONAL_REPRESENTATION('',(#8371),#8375);
#8371 = LINE('',#8372,#8373);
#8372 = CARTESIAN_POINT('',(0.,67.5));
#8373 = VECTOR('',#8374,1.);
#8374 = DIRECTION('',(1.,0.));
#8375 = ( GEOMETRIC_REPRESENTATION_CONTEXT(2) 
PARAMETRIC_REPRESENTATION_CONTEXT() REPRESENTATION_CONTEXT('2D SPACE',''
  ) );
#8376 = PCURVE('',#8377,#8382);
#8377 = CYLINDRICAL_SURFACE('',#8378,22.5);
#8378 = AXIS2_PLACEMENT_3D('',#8379,#8380,#8381);
#8379 = CARTESIAN_POINT('',(-2.230753267794E-14,176.,47.631397208143));
#8380 = DIRECTION('',(-1.,-6.450531537933E-16,-3.361508602337E-16));
#8381 = DIRECTION('',(3.361508602337E-16,-7.136298725426E-15,-1.));
#8382 = DEFINITIONAL_REPRESENTATION('',(#8383),#8387);
#8383 = LINE('',#8384,#8385);
#8384 = CARTESIAN_POINT('',(0.,-22.5));
#8385 = VECTOR('',#8386,1.);
#8386 = DIRECTION('',(0.,1.));
#8387 = ( GEOMETRIC_REPRESENTATION_CONTEXT(2) 
PARAMETRIC_REPRESENTATION_CONTEXT() REPRESENTATION_CONTEXT('2D SPACE',''
  ) );
#8388 = ADVANCED_FACE('',(#8389),#8403,.F.);
#8389 = FACE_BOUND('',#8390,.T.);
#8390 = EDGE_LOOP('',(#8391,#8421,#8444,#8472));
#8391 = ORIENTED_EDGE('',*,*,#8392,.T.);
#8392 = EDGE_CURVE('',#8393,#8395,#8397,.T.);
#8393 = VERTEX_POINT('',#8394);
#8394 = CARTESIAN_POINT('',(22.5,244.5,30.131397208143));
#8395 = VERTEX_POINT('',#8396);
#8396 = CARTESIAN_POINT('',(22.5,248.5,30.131397208143));
#8397 = SURFACE_CURVE('',#8398,(#8402,#8414),.PCURVE_S1.);
#8398 = LINE('',#8399,#8400);
#8399 = CARTESIAN_POINT('',(22.5,243.5,30.131397208143));
#8400 = VECTOR('',#8401,1.);
#8401 = DIRECTION('',(-6.450531537933E-16,1.,-7.136298725426E-15));
#8402 = PCURVE('',#8403,#8408);
#8403 = PLANE('',#8404);
#8404 = AXIS2_PLACEMENT_3D('',#8405,#8406,#8407);
#8405 = CARTESIAN_POINT('',(22.5,243.5,70.131397208143));
#8406 = DIRECTION('',(-1.,-6.450531537933E-16,-2.775557561562E-17));
#8407 = DIRECTION('',(2.775557561563E-17,-7.136298725426E-15,-1.));
#8408 = DEFINITIONAL_REPRESENTATION('',(#8409),#8413);
#8409 = LINE('',#8410,#8411);
#8410 = CARTESIAN_POINT('',(40.,0.));
#8411 = VECTOR('',#8412,1.);
#8412 = DIRECTION('',(0.,-1.));
#8413 = ( GEOMETRIC_REPRESENTATION_CONTEXT(2) 
PARAMETRIC_REPRESENTATION_CONTEXT() REPRESENTATION_CONTEXT('2D SPACE',''
  ) );
#8414 = PCURVE('',#8188,#8415);
#8415 = DEFINITIONAL_REPRESENTATION('',(#8416),#8420);
#8416 = LINE('',#8417,#8418);
#8417 = CARTESIAN_POINT('',(0.,0.));
#8418 = VECTOR('',#8419,1.);
#8419 = DIRECTION('',(0.,1.));
#8420 = ( GEOMETRIC_REPRESENTATION_CONTEXT(2) 
PARAMETRIC_REPRESENTATION_CONTEXT() REPRESENTATION_CONTEXT('2D SPACE',''
  ) );
#8421 = ORIENTED_EDGE('',*,*,#8422,.T.);
#8422 = EDGE_CURVE('',#8395,#8423,#8425,.T.);
#8423 = VERTEX_POINT('',#8424);
#8424 = CARTESIAN_POINT('',(22.5,248.5,65.131397208143));
#8425 = SURFACE_CURVE('',#8426,(#8430,#8437),.PCURVE_S1.);
#8426 = LINE('',#8427,#8428);
#8427 = CARTESIAN_POINT('',(22.5,248.5,70.131397208143));
#8428 = VECTOR('',#8429,1.);
#8429 = DIRECTION('',(-2.775557561563E-17,7.136298725426E-15,1.));
#8430 = PCURVE('',#8403,#8431);
#8431 = DEFINITIONAL_REPRESENTATION('',(#8432),#8436);
#8432 = LINE('',#8433,#8434);
#8433 = CARTESIAN_POINT('',(0.,-5.));
#8434 = VECTOR('',#8435,1.);
#8435 = DIRECTION('',(-1.,0.));
#8436 = ( GEOMETRIC_REPRESENTATION_CONTEXT(2) 
PARAMETRIC_REPRESENTATION_CONTEXT() REPRESENTATION_CONTEXT('2D SPACE',''
  ) );
#8437 = PCURVE('',#5472,#8438);
#8438 = DEFINITIONAL_REPRESENTATION('',(#8439),#8443);
#8439 = LINE('',#8440,#8441);
#8440 = CARTESIAN_POINT('',(0.,0.));
#8441 = VECTOR('',#8442,1.);
#8442 = DIRECTION('',(1.,0.));
#8443 = ( GEOMETRIC_REPRESENTATION_CONTEXT(2) 
PARAMETRIC_REPRESENTATION_CONTEXT() REPRESENTATION_CONTEXT('2D SPACE',''
  ) );
#8444 = ORIENTED_EDGE('',*,*,#8445,.T.);
#8445 = EDGE_CURVE('',#8423,#8446,#8448,.T.);
#8446 = VERTEX_POINT('',#8447);
#8447 = CARTESIAN_POINT('',(22.5,244.5,65.131397208143));
#8448 = SURFACE_CURVE('',#8449,(#8453,#8460),.PCURVE_S1.);
#8449 = LINE('',#8450,#8451);
#8450 = CARTESIAN_POINT('',(22.5,243.5,65.131397208143));
#8451 = VECTOR('',#8452,1.);
#8452 = DIRECTION('',(6.450531537933E-16,-1.,7.136298725426E-15));
#8453 = PCURVE('',#8403,#8454);
#8454 = DEFINITIONAL_REPRESENTATION('',(#8455),#8459);
#8455 = LINE('',#8456,#8457);
#8456 = CARTESIAN_POINT('',(5.,0.));
#8457 = VECTOR('',#8458,1.);
#8458 = DIRECTION('',(0.,1.));
#8459 = ( GEOMETRIC_REPRESENTATION_CONTEXT(2) 
PARAMETRIC_REPRESENTATION_CONTEXT() REPRESENTATION_CONTEXT('2D SPACE',''
  ) );
#8460 = PCURVE('',#8461,#8466);
#8461 = CYLINDRICAL_SURFACE('',#8462,5.);
#8462 = AXIS2_PLACEMENT_3D('',#8463,#8464,#8465);
#8463 = CARTESIAN_POINT('',(17.5,243.5,65.131397208143));
#8464 = DIRECTION('',(-6.450531537933E-16,1.,-7.136298725426E-15));
#8465 = DIRECTION('',(1.,6.450531537933E-16,2.775557561562E-17));
#8466 = DEFINITIONAL_REPRESENTATION('',(#8467),#8471);
#8467 = LINE('',#8468,#8469);
#8468 = CARTESIAN_POINT('',(6.28318530718,0.));
#8469 = VECTOR('',#8470,1.);
#8470 = DIRECTION('',(0.,-1.));
#8471 = ( GEOMETRIC_REPRESENTATION_CONTEXT(2) 
PARAMETRIC_REPRESENTATION_CONTEXT() REPRESENTATION_CONTEXT('2D SPACE',''
  ) );
#8472 = ORIENTED_EDGE('',*,*,#8473,.T.);
#8473 = EDGE_CURVE('',#8446,#8393,#8474,.T.);
#8474 = SURFACE_CURVE('',#8475,(#8479,#8486),.PCURVE_S1.);
#8475 = LINE('',#8476,#8477);
#8476 = CARTESIAN_POINT('',(22.5,244.5,30.131397208143));
#8477 = VECTOR('',#8478,1.);
#8478 = DIRECTION('',(2.775557561563E-17,-7.136298725426E-15,-1.));
#8479 = PCURVE('',#8403,#8480);
#8480 = DEFINITIONAL_REPRESENTATION('',(#8481),#8485);
#8481 = LINE('',#8482,#8483);
#8482 = CARTESIAN_POINT('',(40.,-1.));
#8483 = VECTOR('',#8484,1.);
#8484 = DIRECTION('',(1.,0.));
#8485 = ( GEOMETRIC_REPRESENTATION_CONTEXT(2) 
PARAMETRIC_REPRESENTATION_CONTEXT() REPRESENTATION_CONTEXT('2D SPACE',''
  ) );
#8486 = PCURVE('',#6068,#8487);
#8487 = DEFINITIONAL_REPRESENTATION('',(#8488),#8492);
#8488 = LINE('',#8489,#8490);
#8489 = CARTESIAN_POINT('',(17.5,1.414213562373));
#8490 = VECTOR('',#8491,1.);
#8491 = DIRECTION('',(1.,0.));
#8492 = ( GEOMETRIC_REPRESENTATION_CONTEXT(2) 
PARAMETRIC_REPRESENTATION_CONTEXT() REPRESENTATION_CONTEXT('2D SPACE',''
  ) );
#8493 = ADVANCED_FACE('',(#8494),#8508,.F.);
#8494 = FACE_BOUND('',#8495,.T.);
#8495 = EDGE_LOOP('',(#8496,#8526,#8549,#8572,#8595,#8623,#8651,#8674,
    #8702,#8730));
#8496 = ORIENTED_EDGE('',*,*,#8497,.T.);
#8497 = EDGE_CURVE('',#8498,#8500,#8502,.T.);
#8498 = VERTEX_POINT('',#8499);
#8499 = CARTESIAN_POINT('',(17.5,244.5,70.131397208143));
#8500 = VERTEX_POINT('',#8501);
#8501 = CARTESIAN_POINT('',(17.5,248.5,70.131397208143));
#8502 = SURFACE_CURVE('',#8503,(#8507,#8519),.PCURVE_S1.);
#8503 = LINE('',#8504,#8505);
#8504 = CARTESIAN_POINT('',(17.5,243.5,70.131397208143));
#8505 = VECTOR('',#8506,1.);
#8506 = DIRECTION('',(-6.450531537933E-16,1.,-7.136298725426E-15));
#8507 = PCURVE('',#8508,#8513);
#8508 = PLANE('',#8509);
#8509 = AXIS2_PLACEMENT_3D('',#8510,#8511,#8512);
#8510 = CARTESIAN_POINT('',(22.5,243.5,70.131397208143));
#8511 = DIRECTION('',(3.361508602337E-16,-7.136298725426E-15,-1.));
#8512 = DIRECTION('',(1.,6.450531537933E-16,3.361508602337E-16));
#8513 = DEFINITIONAL_REPRESENTATION('',(#8514),#8518);
#8514 = LINE('',#8515,#8516);
#8515 = CARTESIAN_POINT('',(-5.,0.));
#8516 = VECTOR('',#8517,1.);
#8517 = DIRECTION('',(-0.,-1.));
#8518 = ( GEOMETRIC_REPRESENTATION_CONTEXT(2) 
PARAMETRIC_REPRESENTATION_CONTEXT() REPRESENTATION_CONTEXT('2D SPACE',''
  ) );
#8519 = PCURVE('',#8461,#8520);
#8520 = DEFINITIONAL_REPRESENTATION('',(#8521),#8525);
#8521 = LINE('',#8522,#8523);
#8522 = CARTESIAN_POINT('',(4.712388980385,0.));
#8523 = VECTOR('',#8524,1.);
#8524 = DIRECTION('',(0.,1.));
#8525 = ( GEOMETRIC_REPRESENTATION_CONTEXT(2) 
PARAMETRIC_REPRESENTATION_CONTEXT() REPRESENTATION_CONTEXT('2D SPACE',''
  ) );
#8526 = ORIENTED_EDGE('',*,*,#8527,.T.);
#8527 = EDGE_CURVE('',#8500,#8528,#8530,.T.);
#8528 = VERTEX_POINT('',#8529);
#8529 = CARTESIAN_POINT('',(-22.5,248.5,70.131397208143));
#8530 = SURFACE_CURVE('',#8531,(#8535,#8542),.PCURVE_S1.);
#8531 = LINE('',#8532,#8533);
#8532 = CARTESIAN_POINT('',(22.5,248.5,70.131397208143));
#8533 = VECTOR('',#8534,1.);
#8534 = DIRECTION('',(-1.,-6.450531537933E-16,-3.361508602337E-16));
#8535 = PCURVE('',#8508,#8536);
#8536 = DEFINITIONAL_REPRESENTATION('',(#8537),#8541);
#8537 = LINE('',#8538,#8539);
#8538 = CARTESIAN_POINT('',(-0.,-5.));
#8539 = VECTOR('',#8540,1.);
#8540 = DIRECTION('',(-1.,0.));
#8541 = ( GEOMETRIC_REPRESENTATION_CONTEXT(2) 
PARAMETRIC_REPRESENTATION_CONTEXT() REPRESENTATION_CONTEXT('2D SPACE',''
  ) );
#8542 = PCURVE('',#5411,#8543);
#8543 = DEFINITIONAL_REPRESENTATION('',(#8544),#8548);
#8544 = LINE('',#8545,#8546);
#8545 = CARTESIAN_POINT('',(0.,0.));
#8546 = VECTOR('',#8547,1.);
#8547 = DIRECTION('',(1.,0.));
#8548 = ( GEOMETRIC_REPRESENTATION_CONTEXT(2) 
PARAMETRIC_REPRESENTATION_CONTEXT() REPRESENTATION_CONTEXT('2D SPACE',''
  ) );
#8549 = ORIENTED_EDGE('',*,*,#8550,.F.);
#8550 = EDGE_CURVE('',#8551,#8528,#8553,.T.);
#8551 = VERTEX_POINT('',#8552);
#8552 = CARTESIAN_POINT('',(-22.5,176.,70.131397208143));
#8553 = SURFACE_CURVE('',#8554,(#8558,#8565),.PCURVE_S1.);
#8554 = LINE('',#8555,#8556);
#8555 = CARTESIAN_POINT('',(-22.5,243.5,70.131397208143));
#8556 = VECTOR('',#8557,1.);
#8557 = DIRECTION('',(-6.450531537933E-16,1.,-7.136298725426E-15));
#8558 = PCURVE('',#8508,#8559);
#8559 = DEFINITIONAL_REPRESENTATION('',(#8560),#8564);
#8560 = LINE('',#8561,#8562);
#8561 = CARTESIAN_POINT('',(-45.,0.));
#8562 = VECTOR('',#8563,1.);
#8563 = DIRECTION('',(0.,-1.));
#8564 = ( GEOMETRIC_REPRESENTATION_CONTEXT(2) 
PARAMETRIC_REPRESENTATION_CONTEXT() REPRESENTATION_CONTEXT('2D SPACE',''
  ) );
#8565 = PCURVE('',#5383,#8566);
#8566 = DEFINITIONAL_REPRESENTATION('',(#8567),#8571);
#8567 = LINE('',#8568,#8569);
#8568 = CARTESIAN_POINT('',(0.,0.));
#8569 = VECTOR('',#8570,1.);
#8570 = DIRECTION('',(0.,-1.));
#8571 = ( GEOMETRIC_REPRESENTATION_CONTEXT(2) 
PARAMETRIC_REPRESENTATION_CONTEXT() REPRESENTATION_CONTEXT('2D SPACE',''
  ) );
#8572 = ORIENTED_EDGE('',*,*,#8573,.T.);
#8573 = EDGE_CURVE('',#8551,#8574,#8576,.T.);
#8574 = VERTEX_POINT('',#8575);
#8575 = CARTESIAN_POINT('',(8.5,176.,70.131397208143));
#8576 = SURFACE_CURVE('',#8577,(#8581,#8588),.PCURVE_S1.);
#8577 = LINE('',#8578,#8579);
#8578 = CARTESIAN_POINT('',(22.5,176.,70.131397208143));
#8579 = VECTOR('',#8580,1.);
#8580 = DIRECTION('',(1.,6.450531537933E-16,3.361508602337E-16));
#8581 = PCURVE('',#8508,#8582);
#8582 = DEFINITIONAL_REPRESENTATION('',(#8583),#8587);
#8583 = LINE('',#8584,#8585);
#8584 = CARTESIAN_POINT('',(0.,67.5));
#8585 = VECTOR('',#8586,1.);
#8586 = DIRECTION('',(1.,-0.));
#8587 = ( GEOMETRIC_REPRESENTATION_CONTEXT(2) 
PARAMETRIC_REPRESENTATION_CONTEXT() REPRESENTATION_CONTEXT('2D SPACE',''
  ) );
#8588 = PCURVE('',#8377,#8589);
#8589 = DEFINITIONAL_REPRESENTATION('',(#8590),#8594);
#8590 = LINE('',#8591,#8592);
#8591 = CARTESIAN_POINT('',(3.14159265359,-22.5));
#8592 = VECTOR('',#8593,1.);
#8593 = DIRECTION('',(0.,-1.));
#8594 = ( GEOMETRIC_REPRESENTATION_CONTEXT(2) 
PARAMETRIC_REPRESENTATION_CONTEXT() REPRESENTATION_CONTEXT('2D SPACE',''
  ) );
#8595 = ORIENTED_EDGE('',*,*,#8596,.T.);
#8596 = EDGE_CURVE('',#8574,#8597,#8599,.T.);
#8597 = VERTEX_POINT('',#8598);
#8598 = CARTESIAN_POINT('',(8.5,189.58578643762,70.131397208143));
#8599 = SURFACE_CURVE('',#8600,(#8604,#8611),.PCURVE_S1.);
#8600 = LINE('',#8601,#8602);
#8601 = CARTESIAN_POINT('',(8.5,190.,70.131397208143));
#8602 = VECTOR('',#8603,1.);
#8603 = DIRECTION('',(-6.450531537933E-16,1.,-7.136298725426E-15));
#8604 = PCURVE('',#8508,#8605);
#8605 = DEFINITIONAL_REPRESENTATION('',(#8606),#8610);
#8606 = LINE('',#8607,#8608);
#8607 = CARTESIAN_POINT('',(-14.,53.5));
#8608 = VECTOR('',#8609,1.);
#8609 = DIRECTION('',(-0.,-1.));
#8610 = ( GEOMETRIC_REPRESENTATION_CONTEXT(2) 
PARAMETRIC_REPRESENTATION_CONTEXT() REPRESENTATION_CONTEXT('2D SPACE',''
  ) );
#8611 = PCURVE('',#8612,#8617);
#8612 = PLANE('',#8613);
#8613 = AXIS2_PLACEMENT_3D('',#8614,#8615,#8616);
#8614 = CARTESIAN_POINT('',(8.5,243.5,70.131397208143));
#8615 = DIRECTION('',(0.707106781187,5.502246680595E-15,0.707106781187)
  );
#8616 = DIRECTION('',(6.450531537933E-16,-1.,7.136298725426E-15));
#8617 = DEFINITIONAL_REPRESENTATION('',(#8618),#8622);
#8618 = LINE('',#8619,#8620);
#8619 = CARTESIAN_POINT('',(53.5,0.));
#8620 = VECTOR('',#8621,1.);
#8621 = DIRECTION('',(-1.,0.));
#8622 = ( GEOMETRIC_REPRESENTATION_CONTEXT(2) 
PARAMETRIC_REPRESENTATION_CONTEXT() REPRESENTATION_CONTEXT('2D SPACE',''
  ) );
#8623 = ORIENTED_EDGE('',*,*,#8624,.T.);
#8624 = EDGE_CURVE('',#8597,#8625,#8627,.T.);
#8625 = VERTEX_POINT('',#8626);
#8626 = CARTESIAN_POINT('',(-7.5,205.58578643762,70.131397208143));
#8627 = SURFACE_CURVE('',#8628,(#8632,#8639),.PCURVE_S1.);
#8628 = LINE('',#8629,#8630);
#8629 = CARTESIAN_POINT('',(-7.207106781187,205.29289321881,
    70.131397208143));
#8630 = VECTOR('',#8631,1.);
#8631 = DIRECTION('',(-0.707106781187,0.707106781187,-5.283819774095E-15
    ));
#8632 = PCURVE('',#8508,#8633);
#8633 = DEFINITIONAL_REPRESENTATION('',(#8634),#8638);
#8634 = LINE('',#8635,#8636);
#8635 = CARTESIAN_POINT('',(-29.70710678118,38.207106781187));
#8636 = VECTOR('',#8637,1.);
#8637 = DIRECTION('',(-0.707106781187,-0.707106781187));
#8638 = ( GEOMETRIC_REPRESENTATION_CONTEXT(2) 
PARAMETRIC_REPRESENTATION_CONTEXT() REPRESENTATION_CONTEXT('2D SPACE',''
  ) );
#8639 = PCURVE('',#8640,#8645);
#8640 = PLANE('',#8641);
#8641 = AXIS2_PLACEMENT_3D('',#8642,#8643,#8644);
#8642 = CARTESIAN_POINT('',(-11.45710678118,209.54289321881,
    70.131397208143));
#8643 = DIRECTION('',(0.5,0.5,0.707106781187));
#8644 = DIRECTION('',(0.707106781187,-0.707106781187,5.28779598198E-15)
  );
#8645 = DEFINITIONAL_REPRESENTATION('',(#8646),#8650);
#8646 = LINE('',#8647,#8648);
#8647 = CARTESIAN_POINT('',(6.010407640086,0.));
#8648 = VECTOR('',#8649,1.);
#8649 = DIRECTION('',(-1.,0.));
#8650 = ( GEOMETRIC_REPRESENTATION_CONTEXT(2) 
PARAMETRIC_REPRESENTATION_CONTEXT() REPRESENTATION_CONTEXT('2D SPACE',''
  ) );
#8651 = ORIENTED_EDGE('',*,*,#8652,.T.);
#8652 = EDGE_CURVE('',#8625,#8653,#8655,.T.);
#8653 = VERTEX_POINT('',#8654);
#8654 = CARTESIAN_POINT('',(-7.5,213.91421356237,70.131397208143));
#8655 = SURFACE_CURVE('',#8656,(#8660,#8667),.PCURVE_S1.);
#8656 = LINE('',#8657,#8658);
#8657 = CARTESIAN_POINT('',(-7.5,213.5,70.131397208143));
#8658 = VECTOR('',#8659,1.);
#8659 = DIRECTION('',(-6.450531537933E-16,1.,-7.136298725426E-15));
#8660 = PCURVE('',#8508,#8661);
#8661 = DEFINITIONAL_REPRESENTATION('',(#8662),#8666);
#8662 = LINE('',#8663,#8664);
#8663 = CARTESIAN_POINT('',(-30.,30.));
#8664 = VECTOR('',#8665,1.);
#8665 = DIRECTION('',(-0.,-1.));
#8666 = ( GEOMETRIC_REPRESENTATION_CONTEXT(2) 
PARAMETRIC_REPRESENTATION_CONTEXT() REPRESENTATION_CONTEXT('2D SPACE',''
  ) );
#8667 = PCURVE('',#6284,#8668);
#8668 = DEFINITIONAL_REPRESENTATION('',(#8669),#8673);
#8669 = LINE('',#8670,#8671);
#8670 = CARTESIAN_POINT('',(-36.,1.414213562373));
#8671 = VECTOR('',#8672,1.);
#8672 = DIRECTION('',(1.,0.));
#8673 = ( GEOMETRIC_REPRESENTATION_CONTEXT(2) 
PARAMETRIC_REPRESENTATION_CONTEXT() REPRESENTATION_CONTEXT('2D SPACE',''
  ) );
#8674 = ORIENTED_EDGE('',*,*,#8675,.T.);
#8675 = EDGE_CURVE('',#8653,#8676,#8678,.T.);
#8676 = VERTEX_POINT('',#8677);
#8677 = CARTESIAN_POINT('',(8.5,229.91421356237,70.131397208143));
#8678 = SURFACE_CURVE('',#8679,(#8683,#8690),.PCURVE_S1.);
#8679 = LINE('',#8680,#8681);
#8680 = CARTESIAN_POINT('',(22.292893218813,243.70710678118,
    70.131397208143));
#8681 = VECTOR('',#8682,1.);
#8682 = DIRECTION('',(0.707106781187,0.707106781187,-4.808430668549E-15)
  );
#8683 = PCURVE('',#8508,#8684);
#8684 = DEFINITIONAL_REPRESENTATION('',(#8685),#8689);
#8685 = LINE('',#8686,#8687);
#8686 = CARTESIAN_POINT('',(-0.207106781187,-0.207106781187));
#8687 = VECTOR('',#8688,1.);
#8688 = DIRECTION('',(0.707106781187,-0.707106781187));
#8689 = ( GEOMETRIC_REPRESENTATION_CONTEXT(2) 
PARAMETRIC_REPRESENTATION_CONTEXT() REPRESENTATION_CONTEXT('2D SPACE',''
  ) );
#8690 = PCURVE('',#8691,#8696);
#8691 = PLANE('',#8692);
#8692 = AXIS2_PLACEMENT_3D('',#8693,#8694,#8695);
#8693 = CARTESIAN_POINT('',(14.75,234.75,69.131397208143));
#8694 = DIRECTION('',(-0.5,0.5,-0.707106781187));
#8695 = DIRECTION('',(-0.707106781187,-0.707106781187,4.859965611894E-15
    ));
#8696 = DEFINITIONAL_REPRESENTATION('',(#8697),#8701);
#8697 = LINE('',#8698,#8699);
#8698 = CARTESIAN_POINT('',(-11.66726188957,1.414213562373));
#8699 = VECTOR('',#8700,1.);
#8700 = DIRECTION('',(-1.,0.));
#8701 = ( GEOMETRIC_REPRESENTATION_CONTEXT(2) 
PARAMETRIC_REPRESENTATION_CONTEXT() REPRESENTATION_CONTEXT('2D SPACE',''
  ) );
#8702 = ORIENTED_EDGE('',*,*,#8703,.T.);
#8703 = EDGE_CURVE('',#8676,#8704,#8706,.T.);
#8704 = VERTEX_POINT('',#8705);
#8705 = CARTESIAN_POINT('',(8.5,244.5,70.131397208143));
#8706 = SURFACE_CURVE('',#8707,(#8711,#8718),.PCURVE_S1.);
#8707 = LINE('',#8708,#8709);
#8708 = CARTESIAN_POINT('',(8.5,243.5,70.131397208143));
#8709 = VECTOR('',#8710,1.);
#8710 = DIRECTION('',(-6.450531537933E-16,1.,-7.136298725426E-15));
#8711 = PCURVE('',#8508,#8712);
#8712 = DEFINITIONAL_REPRESENTATION('',(#8713),#8717);
#8713 = LINE('',#8714,#8715);
#8714 = CARTESIAN_POINT('',(-14.,0.));
#8715 = VECTOR('',#8716,1.);
#8716 = DIRECTION('',(-0.,-1.));
#8717 = ( GEOMETRIC_REPRESENTATION_CONTEXT(2) 
PARAMETRIC_REPRESENTATION_CONTEXT() REPRESENTATION_CONTEXT('2D SPACE',''
  ) );
#8718 = PCURVE('',#8719,#8724);
#8719 = PLANE('',#8720);
#8720 = AXIS2_PLACEMENT_3D('',#8721,#8722,#8723);
#8721 = CARTESIAN_POINT('',(9.5,249.5,69.131397208143));
#8722 = DIRECTION('',(-0.707106781187,-5.502246680595E-15,
    -0.707106781187));
#8723 = DIRECTION('',(6.450531537933E-16,-1.,7.136298725426E-15));
#8724 = DEFINITIONAL_REPRESENTATION('',(#8725),#8729);
#8725 = LINE('',#8726,#8727);
#8726 = CARTESIAN_POINT('',(6.,1.414213562373));
#8727 = VECTOR('',#8728,1.);
#8728 = DIRECTION('',(-1.,0.));
#8729 = ( GEOMETRIC_REPRESENTATION_CONTEXT(2) 
PARAMETRIC_REPRESENTATION_CONTEXT() REPRESENTATION_CONTEXT('2D SPACE',''
  ) );
#8730 = ORIENTED_EDGE('',*,*,#8731,.T.);
#8731 = EDGE_CURVE('',#8704,#8498,#8732,.T.);
#8732 = SURFACE_CURVE('',#8733,(#8737,#8744),.PCURVE_S1.);
#8733 = LINE('',#8734,#8735);
#8734 = CARTESIAN_POINT('',(17.5,244.5,70.131397208143));
#8735 = VECTOR('',#8736,1.);
#8736 = DIRECTION('',(1.,6.450531537933E-16,3.361508602337E-16));
#8737 = PCURVE('',#8508,#8738);
#8738 = DEFINITIONAL_REPRESENTATION('',(#8739),#8743);
#8739 = LINE('',#8740,#8741);
#8740 = CARTESIAN_POINT('',(-5.,-1.));
#8741 = VECTOR('',#8742,1.);
#8742 = DIRECTION('',(1.,0.));
#8743 = ( GEOMETRIC_REPRESENTATION_CONTEXT(2) 
PARAMETRIC_REPRESENTATION_CONTEXT() REPRESENTATION_CONTEXT('2D SPACE',''
  ) );
#8744 = PCURVE('',#5850,#8745);
#8745 = DEFINITIONAL_REPRESENTATION('',(#8746),#8750);
#8746 = LINE('',#8747,#8748);
#8747 = CARTESIAN_POINT('',(17.5,1.414213562373));
#8748 = VECTOR('',#8749,1.);
#8749 = DIRECTION('',(1.,0.));
#8750 = ( GEOMETRIC_REPRESENTATION_CONTEXT(2) 
PARAMETRIC_REPRESENTATION_CONTEXT() REPRESENTATION_CONTEXT('2D SPACE',''
  ) );
#8751 = ADVANCED_FACE('',(#8752,#8871),#5383,.F.);
#8752 = FACE_BOUND('',#8753,.T.);
#8753 = EDGE_LOOP('',(#8754,#8789,#8817,#8845));
#8754 = ORIENTED_EDGE('',*,*,#8755,.F.);
#8755 = EDGE_CURVE('',#8756,#8758,#8760,.T.);
#8756 = VERTEX_POINT('',#8757);
#8757 = CARTESIAN_POINT('',(-22.5,176.,26.631397208143));
#8758 = VERTEX_POINT('',#8759);
#8759 = CARTESIAN_POINT('',(-22.5,176.,68.631397208143));
#8760 = SURFACE_CURVE('',#8761,(#8766,#8777),.PCURVE_S1.);
#8761 = CIRCLE('',#8762,21.);
#8762 = AXIS2_PLACEMENT_3D('',#8763,#8764,#8765);
#8763 = CARTESIAN_POINT('',(-22.5,176.,47.631397208143));
#8764 = DIRECTION('',(-1.,-6.450531537933E-16,-2.775557561562E-17));
#8765 = DIRECTION('',(2.775557561563E-17,-7.136298725426E-15,-1.));
#8766 = PCURVE('',#5383,#8767);
#8767 = DEFINITIONAL_REPRESENTATION('',(#8768),#8776);
#8768 = ( BOUNDED_CURVE() B_SPLINE_CURVE(2,(#8769,#8770,#8771,#8772,
#8773,#8774,#8775),.UNSPECIFIED.,.T.,.F.) B_SPLINE_CURVE_WITH_KNOTS((1,2
    ,2,2,2,1),(-2.094395102393,0.,2.094395102393,4.188790204786,
6.28318530718,8.377580409573),.UNSPECIFIED.) CURVE() 
GEOMETRIC_REPRESENTATION_ITEM() RATIONAL_B_SPLINE_CURVE((1.,0.5,1.,0.5,
1.,0.5,1.)) REPRESENTATION_ITEM('') );
#8769 = CARTESIAN_POINT('',(-43.5,67.5));
#8770 = CARTESIAN_POINT('',(-43.5,103.87306695894));
#8771 = CARTESIAN_POINT('',(-12.,85.686533479473));
#8772 = CARTESIAN_POINT('',(19.5,67.5));
#8773 = CARTESIAN_POINT('',(-12.,49.313466520527));
#8774 = CARTESIAN_POINT('',(-43.5,31.126933041054));
#8775 = CARTESIAN_POINT('',(-43.5,67.5));
#8776 = ( GEOMETRIC_REPRESENTATION_CONTEXT(2) 
PARAMETRIC_REPRESENTATION_CONTEXT() REPRESENTATION_CONTEXT('2D SPACE',''
  ) );
#8777 = PCURVE('',#8778,#8783);
#8778 = CYLINDRICAL_SURFACE('',#8779,21.);
#8779 = AXIS2_PLACEMENT_3D('',#8780,#8781,#8782);
#8780 = CARTESIAN_POINT('',(-23.5,176.,47.631397208143));
#8781 = DIRECTION('',(1.,6.450531537933E-16,2.775557561562E-17));
#8782 = DIRECTION('',(-2.775557561563E-17,7.136298725426E-15,1.));
#8783 = DEFINITIONAL_REPRESENTATION('',(#8784),#8788);
#8784 = LINE('',#8785,#8786);
#8785 = CARTESIAN_POINT('',(3.14159265359,1.));
#8786 = VECTOR('',#8787,1.);
#8787 = DIRECTION('',(-1.,0.));
#8788 = ( GEOMETRIC_REPRESENTATION_CONTEXT(2) 
PARAMETRIC_REPRESENTATION_CONTEXT() REPRESENTATION_CONTEXT('2D SPACE',''
  ) );
#8789 = ORIENTED_EDGE('',*,*,#8790,.T.);
#8790 = EDGE_CURVE('',#8756,#8791,#8793,.T.);
#8791 = VERTEX_POINT('',#8792);
#8792 = CARTESIAN_POINT('',(-22.5,248.,26.631397208143));
#8793 = SURFACE_CURVE('',#8794,(#8798,#8805),.PCURVE_S1.);
#8794 = LINE('',#8795,#8796);
#8795 = CARTESIAN_POINT('',(-22.5,249.5,26.631397208143));
#8796 = VECTOR('',#8797,1.);
#8797 = DIRECTION('',(-6.450531537933E-16,1.,-7.280859015091E-15));
#8798 = PCURVE('',#5383,#8799);
#8799 = DEFINITIONAL_REPRESENTATION('',(#8800),#8804);
#8800 = LINE('',#8801,#8802);
#8801 = CARTESIAN_POINT('',(-43.5,-6.));
#8802 = VECTOR('',#8803,1.);
#8803 = DIRECTION('',(-1.445602896647E-16,-1.));
#8804 = ( GEOMETRIC_REPRESENTATION_CONTEXT(2) 
PARAMETRIC_REPRESENTATION_CONTEXT() REPRESENTATION_CONTEXT('2D SPACE',''
  ) );
#8805 = PCURVE('',#8806,#8811);
#8806 = PLANE('',#8807);
#8807 = AXIS2_PLACEMENT_3D('',#8808,#8809,#8810);
#8808 = CARTESIAN_POINT('',(-23.5,249.5,26.631397208143));
#8809 = DIRECTION('',(2.775557561563E-17,-7.280859015091E-15,-1.));
#8810 = DIRECTION('',(6.450531537933E-16,-1.,7.280859015091E-15));
#8811 = DEFINITIONAL_REPRESENTATION('',(#8812),#8816);
#8812 = LINE('',#8813,#8814);
#8813 = CARTESIAN_POINT('',(0.,-1.));
#8814 = VECTOR('',#8815,1.);
#8815 = DIRECTION('',(-1.,0.));
#8816 = ( GEOMETRIC_REPRESENTATION_CONTEXT(2) 
PARAMETRIC_REPRESENTATION_CONTEXT() REPRESENTATION_CONTEXT('2D SPACE',''
  ) );
#8817 = ORIENTED_EDGE('',*,*,#8818,.F.);
#8818 = EDGE_CURVE('',#8819,#8791,#8821,.T.);
#8819 = VERTEX_POINT('',#8820);
#8820 = CARTESIAN_POINT('',(-22.5,248.,68.631397208143));
#8821 = SURFACE_CURVE('',#8822,(#8826,#8833),.PCURVE_S1.);
#8822 = LINE('',#8823,#8824);
#8823 = CARTESIAN_POINT('',(-22.5,248.,47.631397208143));
#8824 = VECTOR('',#8825,1.);
#8825 = DIRECTION('',(2.775557561563E-17,-7.167275930354E-15,-1.));
#8826 = PCURVE('',#5383,#8827);
#8827 = DEFINITIONAL_REPRESENTATION('',(#8828),#8832);
#8828 = LINE('',#8829,#8830);
#8829 = CARTESIAN_POINT('',(-22.5,-4.5));
#8830 = VECTOR('',#8831,1.);
#8831 = DIRECTION('',(-1.,3.097720492816E-17));
#8832 = ( GEOMETRIC_REPRESENTATION_CONTEXT(2) 
PARAMETRIC_REPRESENTATION_CONTEXT() REPRESENTATION_CONTEXT('2D SPACE',''
  ) );
#8833 = PCURVE('',#8834,#8839);
#8834 = PLANE('',#8835);
#8835 = AXIS2_PLACEMENT_3D('',#8836,#8837,#8838);
#8836 = CARTESIAN_POINT('',(-23.5,248.,47.631397208143));
#8837 = DIRECTION('',(6.450531537933E-16,-1.,7.167275930354E-15));
#8838 = DIRECTION('',(-2.775557561563E-17,7.167275930354E-15,1.));
#8839 = DEFINITIONAL_REPRESENTATION('',(#8840),#8844);
#8840 = LINE('',#8841,#8842);
#8841 = CARTESIAN_POINT('',(-0.,-1.));
#8842 = VECTOR('',#8843,1.);
#8843 = DIRECTION('',(-1.,0.));
#8844 = ( GEOMETRIC_REPRESENTATION_CONTEXT(2) 
PARAMETRIC_REPRESENTATION_CONTEXT() REPRESENTATION_CONTEXT('2D SPACE',''
  ) );
#8845 = ORIENTED_EDGE('',*,*,#8846,.F.);
#8846 = EDGE_CURVE('',#8758,#8819,#8847,.T.);
#8847 = SURFACE_CURVE('',#8848,(#8852,#8859),.PCURVE_S1.);
#8848 = LINE('',#8849,#8850);
#8849 = CARTESIAN_POINT('',(-22.5,249.5,68.631397208143));
#8850 = VECTOR('',#8851,1.);
#8851 = DIRECTION('',(-6.450531537933E-16,1.,-7.136298725426E-15));
#8852 = PCURVE('',#5383,#8853);
#8853 = DEFINITIONAL_REPRESENTATION('',(#8854),#8858);
#8854 = LINE('',#8855,#8856);
#8855 = CARTESIAN_POINT('',(-1.5,-6.));
#8856 = VECTOR('',#8857,1.);
#8857 = DIRECTION('',(-0.,-1.));
#8858 = ( GEOMETRIC_REPRESENTATION_CONTEXT(2) 
PARAMETRIC_REPRESENTATION_CONTEXT() REPRESENTATION_CONTEXT('2D SPACE',''
  ) );
#8859 = PCURVE('',#8860,#8865);
#8860 = PLANE('',#8861);
#8861 = AXIS2_PLACEMENT_3D('',#8862,#8863,#8864);
#8862 = CARTESIAN_POINT('',(-23.5,249.5,68.631397208143));
#8863 = DIRECTION('',(2.775557561563E-17,-7.136298725426E-15,-1.));
#8864 = DIRECTION('',(1.,6.450531537933E-16,2.775557561562E-17));
#8865 = DEFINITIONAL_REPRESENTATION('',(#8866),#8870);
#8866 = LINE('',#8867,#8868);
#8867 = CARTESIAN_POINT('',(1.,0.));
#8868 = VECTOR('',#8869,1.);
#8869 = DIRECTION('',(-0.,-1.));
#8870 = ( GEOMETRIC_REPRESENTATION_CONTEXT(2) 
PARAMETRIC_REPRESENTATION_CONTEXT() REPRESENTATION_CONTEXT('2D SPACE',''
  ) );
#8871 = FACE_BOUND('',#8872,.T.);
#8872 = EDGE_LOOP('',(#8873,#8874,#8895,#8896,#8897,#8898));
#8873 = ORIENTED_EDGE('',*,*,#8550,.T.);
#8874 = ORIENTED_EDGE('',*,*,#8875,.T.);
#8875 = EDGE_CURVE('',#8528,#5368,#8876,.T.);
#8876 = SURFACE_CURVE('',#8877,(#8881,#8888),.PCURVE_S1.);
#8877 = LINE('',#8878,#8879);
#8878 = CARTESIAN_POINT('',(-22.5,248.5,70.131397208143));
#8879 = VECTOR('',#8880,1.);
#8880 = DIRECTION('',(-4.364953035395E-16,0.707106781187,-0.707106781187
    ));
#8881 = PCURVE('',#5383,#8882);
#8882 = DEFINITIONAL_REPRESENTATION('',(#8883),#8887);
#8883 = LINE('',#8884,#8885);
#8884 = CARTESIAN_POINT('',(7.105427357601E-15,-5.));
#8885 = VECTOR('',#8886,1.);
#8886 = DIRECTION('',(-0.707106781187,-0.707106781187));
#8887 = ( GEOMETRIC_REPRESENTATION_CONTEXT(2) 
PARAMETRIC_REPRESENTATION_CONTEXT() REPRESENTATION_CONTEXT('2D SPACE',''
  ) );
#8888 = PCURVE('',#5411,#8889);
#8889 = DEFINITIONAL_REPRESENTATION('',(#8890),#8894);
#8890 = LINE('',#8891,#8892);
#8891 = CARTESIAN_POINT('',(45.,-9.577563997971E-15));
#8892 = VECTOR('',#8893,1.);
#8893 = DIRECTION('',(2.180683970394E-16,1.));
#8894 = ( GEOMETRIC_REPRESENTATION_CONTEXT(2) 
PARAMETRIC_REPRESENTATION_CONTEXT() REPRESENTATION_CONTEXT('2D SPACE',''
  ) );
#8895 = ORIENTED_EDGE('',*,*,#5367,.T.);
#8896 = ORIENTED_EDGE('',*,*,#5722,.T.);
#8897 = ORIENTED_EDGE('',*,*,#8148,.F.);
#8898 = ORIENTED_EDGE('',*,*,#8899,.T.);
#8899 = EDGE_CURVE('',#8149,#8551,#8900,.T.);
#8900 = SURFACE_CURVE('',#8901,(#8906,#8917),.PCURVE_S1.);
#8901 = CIRCLE('',#8902,22.5);
#8902 = AXIS2_PLACEMENT_3D('',#8903,#8904,#8905);
#8903 = CARTESIAN_POINT('',(-22.5,176.,47.631397208143));
#8904 = DIRECTION('',(-1.,-6.450531537933E-16,-2.775557561562E-17));
#8905 = DIRECTION('',(-2.775557561563E-17,7.136298725426E-15,1.));
#8906 = PCURVE('',#5383,#8907);
#8907 = DEFINITIONAL_REPRESENTATION('',(#8908),#8916);
#8908 = ( BOUNDED_CURVE() B_SPLINE_CURVE(2,(#8909,#8910,#8911,#8912,
#8913,#8914,#8915),.UNSPECIFIED.,.T.,.F.) B_SPLINE_CURVE_WITH_KNOTS((1,2
    ,2,2,2,1),(-2.094395102393,0.,2.094395102393,4.188790204786,
6.28318530718,8.377580409573),.UNSPECIFIED.) CURVE() 
GEOMETRIC_REPRESENTATION_ITEM() RATIONAL_B_SPLINE_CURVE((1.,0.5,1.,0.5,
1.,0.5,1.)) REPRESENTATION_ITEM('') );
#8909 = CARTESIAN_POINT('',(7.105427357601E-15,67.5));
#8910 = CARTESIAN_POINT('',(7.105427357601E-15,28.5288568297));
#8911 = CARTESIAN_POINT('',(-33.75,48.01442841485));
#8912 = CARTESIAN_POINT('',(-67.5,67.5));
#8913 = CARTESIAN_POINT('',(-33.75,86.98557158515));
#8914 = CARTESIAN_POINT('',(-2.84217094304E-14,106.4711431703));
#8915 = CARTESIAN_POINT('',(7.105427357601E-15,67.5));
#8916 = ( GEOMETRIC_REPRESENTATION_CONTEXT(2) 
PARAMETRIC_REPRESENTATION_CONTEXT() REPRESENTATION_CONTEXT('2D SPACE',''
  ) );
#8917 = PCURVE('',#8377,#8918);
#8918 = DEFINITIONAL_REPRESENTATION('',(#8919),#8923);
#8919 = LINE('',#8920,#8921);
#8920 = CARTESIAN_POINT('',(-3.14159265359,22.5));
#8921 = VECTOR('',#8922,1.);
#8922 = DIRECTION('',(1.,-4.52345554697E-15));
#8923 = ( GEOMETRIC_REPRESENTATION_CONTEXT(2) 
PARAMETRIC_REPRESENTATION_CONTEXT() REPRESENTATION_CONTEXT('2D SPACE',''
  ) );
#8924 = ADVANCED_FACE('',(#8925,#8977,#9110),#185,.F.);
#8925 = FACE_BOUND('',#8926,.F.);
#8926 = EDGE_LOOP('',(#8927,#8953,#8954,#8976));
#8927 = ORIENTED_EDGE('',*,*,#8928,.T.);
#8928 = EDGE_CURVE('',#2911,#2883,#8929,.T.);
#8929 = SURFACE_CURVE('',#8930,(#8935,#8942),.PCURVE_S1.);
#8930 = CIRCLE('',#8931,14.15);
#8931 = AXIS2_PLACEMENT_3D('',#8932,#8933,#8934);
#8932 = CARTESIAN_POINT('',(-7.616947101968E-14,259.5,47.631397208142));
#8933 = DIRECTION('',(6.450531537933E-16,-1.,7.136298725426E-15));
#8934 = DIRECTION('',(1.,6.450531537933E-16,2.775557561562E-17));
#8935 = PCURVE('',#185,#8936);
#8936 = DEFINITIONAL_REPRESENTATION('',(#8937),#8941);
#8937 = LINE('',#8938,#8939);
#8938 = CARTESIAN_POINT('',(6.28318530718,11.));
#8939 = VECTOR('',#8940,1.);
#8940 = DIRECTION('',(-1.,0.));
#8941 = ( GEOMETRIC_REPRESENTATION_CONTEXT(2) 
PARAMETRIC_REPRESENTATION_CONTEXT() REPRESENTATION_CONTEXT('2D SPACE',''
  ) );
#8942 = PCURVE('',#529,#8943);
#8943 = DEFINITIONAL_REPRESENTATION('',(#8944),#8952);
#8944 = ( BOUNDED_CURVE() B_SPLINE_CURVE(2,(#8945,#8946,#8947,#8948,
#8949,#8950,#8951),.UNSPECIFIED.,.T.,.F.) B_SPLINE_CURVE_WITH_KNOTS((1,2
    ,2,2,2,1),(-2.094395102393,0.,2.094395102393,4.188790204786,
6.28318530718,8.377580409573),.UNSPECIFIED.) CURVE() 
GEOMETRIC_REPRESENTATION_ITEM() RATIONAL_B_SPLINE_CURVE((1.,0.5,1.,0.5,
1.,0.5,1.)) REPRESENTATION_ITEM('') );
#8945 = CARTESIAN_POINT('',(14.15,0.));
#8946 = CARTESIAN_POINT('',(14.15,-24.5085189271));
#8947 = CARTESIAN_POINT('',(-7.075,-12.25425946355));
#8948 = CARTESIAN_POINT('',(-28.3,-3.465750441587E-15));
#8949 = CARTESIAN_POINT('',(-7.075,12.25425946355));
#8950 = CARTESIAN_POINT('',(14.15,24.5085189271));
#8951 = CARTESIAN_POINT('',(14.15,0.));
#8952 = ( GEOMETRIC_REPRESENTATION_CONTEXT(2) 
PARAMETRIC_REPRESENTATION_CONTEXT() REPRESENTATION_CONTEXT('2D SPACE',''
  ) );
#8953 = ORIENTED_EDGE('',*,*,#2880,.F.);
#8954 = ORIENTED_EDGE('',*,*,#8955,.T.);
#8955 = EDGE_CURVE('',#2881,#2939,#8956,.T.);
#8956 = SURFACE_CURVE('',#8957,(#8962,#8969),.PCURVE_S1.);
#8957 = CIRCLE('',#8958,14.15);
#8958 = AXIS2_PLACEMENT_3D('',#8959,#8960,#8961);
#8959 = CARTESIAN_POINT('',(-6.907388632795E-14,248.5,47.631397208143));
#8960 = DIRECTION('',(-6.450531537933E-16,1.,-7.136298725426E-15));
#8961 = DIRECTION('',(1.,6.450531537933E-16,2.775557561562E-17));
#8962 = PCURVE('',#185,#8963);
#8963 = DEFINITIONAL_REPRESENTATION('',(#8964),#8968);
#8964 = LINE('',#8965,#8966);
#8965 = CARTESIAN_POINT('',(0.,0.));
#8966 = VECTOR('',#8967,1.);
#8967 = DIRECTION('',(1.,0.));
#8968 = ( GEOMETRIC_REPRESENTATION_CONTEXT(2) 
PARAMETRIC_REPRESENTATION_CONTEXT() REPRESENTATION_CONTEXT('2D SPACE',''
  ) );
#8969 = PCURVE('',#2976,#8970);
#8970 = DEFINITIONAL_REPRESENTATION('',(#8971),#8975);
#8971 = CIRCLE('',#8972,14.15);
#8972 = AXIS2_PLACEMENT_2D('',#8973,#8974);
#8973 = CARTESIAN_POINT('',(0.,0.));
#8974 = DIRECTION('',(1.,0.));
#8975 = ( GEOMETRIC_REPRESENTATION_CONTEXT(2) 
PARAMETRIC_REPRESENTATION_CONTEXT() REPRESENTATION_CONTEXT('2D SPACE',''
  ) );
#8976 = ORIENTED_EDGE('',*,*,#2938,.T.);
#8977 = FACE_BOUND('',#8978,.F.);
#8978 = EDGE_LOOP('',(#8979,#8980));
#8979 = ORIENTED_EDGE('',*,*,#108,.F.);
#8980 = ORIENTED_EDGE('',*,*,#8981,.F.);
#8981 = EDGE_CURVE('',#22,#86,#8982,.T.);
#8982 = SURFACE_CURVE('',#8983,(#9008,#9059),.PCURVE_S1.);
#8983 = B_SPLINE_CURVE_WITH_KNOTS('',3,(#8984,#8985,#8986,#8987,#8988,
    #8989,#8990,#8991,#8992,#8993,#8994,#8995,#8996,#8997,#8998,#8999,
    #9000,#9001,#9002,#9003,#9004,#9005,#9006,#9007),.UNSPECIFIED.,.F.,
  .F.,(4,2,2,2,2,2,2,2,2,2,2,4),(0.,2.723958647513E-04,
    5.447917295026E-04,1.089583459005E-03,1.634375188508E-03,
    1.906771053259E-03,2.179166918011E-03,2.723958647513E-03,
    3.268750377016E-03,3.813542106518E-03,4.08593797127E-03,
    4.358333836021E-03),.UNSPECIFIED.);
#8984 = CARTESIAN_POINT('',(-3.399999999998,255.,33.8959503643));
#8985 = CARTESIAN_POINT('',(-3.399999999998,254.90788278686,
    33.8959503643));
#8986 = CARTESIAN_POINT('',(-3.409329711643,254.81740910292,
    33.898250271676));
#8987 = CARTESIAN_POINT('',(-3.445831657204,254.63960966796,
    33.907363615518));
#8988 = CARTESIAN_POINT('',(-3.473511807026,254.55132549466,
    33.914306481672));
#8989 = CARTESIAN_POINT('',(-3.580779464122,254.30118170268,
    33.941767281941));
#8990 = CARTESIAN_POINT('',(-3.686496993765,254.14959743229,
    33.969404720114));
#8991 = CARTESIAN_POINT('',(-3.943440938308,253.9028739127,
    34.041343036283));
#8992 = CARTESIAN_POINT('',(-4.096693102027,253.8057800059,
    34.086335884173));
#8993 = CARTESIAN_POINT('',(-4.340625127336,253.71060865601,
    34.163333365685));
#8994 = CARTESIAN_POINT('',(-4.425763089007,253.68666312188,
    34.191040454354));
#8995 = CARTESIAN_POINT('',(-4.596040435116,253.6560209145,
    34.248311580832));
#8996 = CARTESIAN_POINT('',(-4.681596249885,253.64899707207,
    34.277989806922));
#8997 = CARTESIAN_POINT('',(-4.939434632047,253.65234779807,
    34.370257883206));
#8998 = CARTESIAN_POINT('',(-5.108552361233,253.68720181108,
    34.434639634404));
#8999 = CARTESIAN_POINT('',(-5.42584844669,253.81880240532,
    34.561895063032));
#9000 = CARTESIAN_POINT('',(-5.569993957892,253.91333642988,
    34.623078260504));
#9001 = CARTESIAN_POINT('',(-5.820322808852,254.15878843894,
    34.733140080328));
#9002 = CARTESIAN_POINT('',(-5.921008221231,254.30438018809,
    34.779538228368));
#9003 = CARTESIAN_POINT('',(-6.027292825711,254.55369872101,
    34.829218854787));
#9004 = CARTESIAN_POINT('',(-6.054101654176,254.63947667277,
    34.841918748939));
#9005 = CARTESIAN_POINT('',(-6.090505544877,254.81641601906,
    34.859214610585));
#9006 = CARTESIAN_POINT('',(-6.100000000009,254.90883145897,
    34.863762344947));
#9007 = CARTESIAN_POINT('',(-6.10000000001,255.,34.863762344947));
#9008 = PCURVE('',#185,#9009);
#9009 = DEFINITIONAL_REPRESENTATION('',(#9010),#9058);
#9010 = B_SPLINE_CURVE_WITH_KNOTS('',3,(#9011,#9012,#9013,#9014,#9015,
    #9016,#9017,#9018,#9019,#9020,#9021,#9022,#9023,#9024,#9025,#9026,
    #9027,#9028,#9029,#9030,#9031,#9032,#9033,#9034,#9035,#9036,#9037,
    #9038,#9039,#9040,#9041,#9042,#9043,#9044,#9045,#9046,#9047,#9048,
    #9049,#9050,#9051,#9052,#9053,#9054,#9055,#9056,#9057),
  .UNSPECIFIED.,.F.,.F.,(4,1,1,1,1,1,1,1,1,1,1,1,1,1,1,1,1,1,1,1,1,1,1,1
    ,1,1,1,1,1,1,1,1,1,1,1,1,1,1,1,1,1,1,1,1,4),(0.,9.905304172775E-05,
    1.981060834555E-04,2.971591251833E-04,3.96212166911E-04,
    4.952652086388E-04,5.943182503665E-04,6.933712920943E-04,
    7.92424333822E-04,8.914773755498E-04,9.905304172775E-04,
    1.089583459005E-03,1.188636500733E-03,1.287689542461E-03,
    1.386742584189E-03,1.485795625916E-03,1.584848667644E-03,
    1.683901709372E-03,1.7829547511E-03,1.882007792827E-03,
    1.981060834555E-03,2.080113876283E-03,2.179166918011E-03,
    2.278219959738E-03,2.377273001466E-03,2.476326043194E-03,
    2.575379084922E-03,2.674432126649E-03,2.773485168377E-03,
    2.872538210105E-03,2.971591251833E-03,3.07064429356E-03,
    3.169697335288E-03,3.268750377016E-03,3.367803418744E-03,
    3.466856460471E-03,3.565909502199E-03,3.664962543927E-03,
    3.764015585655E-03,3.863068627382E-03,3.96212166911E-03,
    4.061174710838E-03,4.160227752566E-03,4.259280794293E-03,
    4.358333836021E-03),.QUASI_UNIFORM_KNOTS.);
#9011 = CARTESIAN_POINT('',(1.813453384661,6.500000000008));
#9012 = CARTESIAN_POINT('',(1.813453481268,6.466500555024));
#9013 = CARTESIAN_POINT('',(1.813632717942,6.399948131246));
#9014 = CARTESIAN_POINT('',(1.81443360461,6.301373478632));
#9015 = CARTESIAN_POINT('',(1.815752117109,6.204146822416));
#9016 = CARTESIAN_POINT('',(1.81760642449,6.10773417492));
#9017 = CARTESIAN_POINT('',(1.819972858647,6.01331655027));
#9018 = CARTESIAN_POINT('',(1.822819903973,5.922311962623));
#9019 = CARTESIAN_POINT('',(1.826152090853,5.834533571201));
#9020 = CARTESIAN_POINT('',(1.829937280287,5.750475685166));
#9021 = CARTESIAN_POINT('',(1.834147196519,5.670606709325));
#9022 = CARTESIAN_POINT('',(1.83875418374,5.595381213308));
#9023 = CARTESIAN_POINT('',(1.843724482405,5.525335011805));
#9024 = CARTESIAN_POINT('',(1.849048395978,5.460692774449));
#9025 = CARTESIAN_POINT('',(1.854705403082,5.401475078861));
#9026 = CARTESIAN_POINT('',(1.860651067745,5.348012715213));
#9027 = CARTESIAN_POINT('',(1.866846919126,5.300558492393));
#9028 = CARTESIAN_POINT('',(1.873254803076,5.259366931873));
#9029 = CARTESIAN_POINT('',(1.879829676807,5.224763686067));
#9030 = CARTESIAN_POINT('',(1.886614289579,5.196408564547));
#9031 = CARTESIAN_POINT('',(1.893514212154,5.174606166362));
#9032 = CARTESIAN_POINT('',(1.900449482318,5.159568934768));
#9033 = CARTESIAN_POINT('',(1.907424042114,5.151047193537));
#9034 = CARTESIAN_POINT('',(1.914447877591,5.149036987763));
#9035 = CARTESIAN_POINT('',(1.921480712458,5.15348873985));
#9036 = CARTESIAN_POINT('',(1.928460697576,5.164352610092));
#9037 = CARTESIAN_POINT('',(1.935377341053,5.181564579853));
#9038 = CARTESIAN_POINT('',(1.942206883844,5.205068364635));
#9039 = CARTESIAN_POINT('',(1.948927095167,5.234790922313));
#9040 = CARTESIAN_POINT('',(1.955522777623,5.270718507135));
#9041 = CARTESIAN_POINT('',(1.961903980249,5.312292908496));
#9042 = CARTESIAN_POINT('',(1.968064397605,5.359546159937));
#9043 = CARTESIAN_POINT('',(1.973989019178,5.412456870972));
#9044 = CARTESIAN_POINT('',(1.979660569988,5.47096134741));
#9045 = CARTESIAN_POINT('',(1.985079226057,5.535218533911));
#9046 = CARTESIAN_POINT('',(1.990177340752,5.604539123429));
#9047 = CARTESIAN_POINT('',(1.994884207265,5.678173417193));
#9048 = CARTESIAN_POINT('',(1.999196879666,5.756215816721));
#9049 = CARTESIAN_POINT('',(2.00309476557,5.838552614648));
#9050 = CARTESIAN_POINT('',(2.006559825195,5.92505843885));
#9051 = CARTESIAN_POINT('',(2.009581199406,6.015862685119));
#9052 = CARTESIAN_POINT('',(2.012064607121,6.108620470367));
#9053 = CARTESIAN_POINT('',(2.014018398024,6.203490022707));
#9054 = CARTESIAN_POINT('',(2.015439055161,6.300729289703));
#9055 = CARTESIAN_POINT('',(2.016305981947,6.400227309378));
#9056 = CARTESIAN_POINT('',(2.016502775924,6.466843913451));
#9057 = CARTESIAN_POINT('',(2.01650275931,6.500000000008));
#9058 = ( GEOMETRIC_REPRESENTATION_CONTEXT(2) 
PARAMETRIC_REPRESENTATION_CONTEXT() REPRESENTATION_CONTEXT('2D SPACE',''
  ) );
#9059 = PCURVE('',#44,#9060);
#9060 = DEFINITIONAL_REPRESENTATION('',(#9061),#9109);
#9061 = B_SPLINE_CURVE_WITH_KNOTS('',3,(#9062,#9063,#9064,#9065,#9066,
    #9067,#9068,#9069,#9070,#9071,#9072,#9073,#9074,#9075,#9076,#9077,
    #9078,#9079,#9080,#9081,#9082,#9083,#9084,#9085,#9086,#9087,#9088,
    #9089,#9090,#9091,#9092,#9093,#9094,#9095,#9096,#9097,#9098,#9099,
    #9100,#9101,#9102,#9103,#9104,#9105,#9106,#9107,#9108),
  .UNSPECIFIED.,.F.,.F.,(4,1,1,1,1,1,1,1,1,1,1,1,1,1,1,1,1,1,1,1,1,1,1,1
    ,1,1,1,1,1,1,1,1,1,1,1,1,1,1,1,1,1,1,1,1,4),(0.,9.905304172775E-05,
    1.981060834555E-04,2.971591251833E-04,3.96212166911E-04,
    4.952652086388E-04,5.943182503665E-04,6.933712920943E-04,
    7.92424333822E-04,8.914773755498E-04,9.905304172775E-04,
    1.089583459005E-03,1.188636500733E-03,1.287689542461E-03,
    1.386742584189E-03,1.485795625916E-03,1.584848667644E-03,
    1.683901709372E-03,1.7829547511E-03,1.882007792827E-03,
    1.981060834555E-03,2.080113876283E-03,2.179166918011E-03,
    2.278219959738E-03,2.377273001466E-03,2.476326043194E-03,
    2.575379084922E-03,2.674432126649E-03,2.773485168377E-03,
    2.872538210105E-03,2.971591251833E-03,3.07064429356E-03,
    3.169697335288E-03,3.268750377016E-03,3.367803418744E-03,
    3.466856460471E-03,3.565909502199E-03,3.664962543927E-03,
    3.764015585655E-03,3.863068627382E-03,3.96212166911E-03,
    4.061174710838E-03,4.160227752566E-03,4.259280794293E-03,
    4.358333836021E-03),.QUASI_UNIFORM_KNOTS.);
#9062 = CARTESIAN_POINT('',(0.,2.585446843842));
#9063 = CARTESIAN_POINT('',(2.481368313009E-02,2.585446498332));
#9064 = CARTESIAN_POINT('',(7.411230135483E-02,2.584839569245));
#9065 = CARTESIAN_POINT('',(0.147532873081,2.582111110409));
#9066 = CARTESIAN_POINT('',(0.220740163668,2.577599988693));
#9067 = CARTESIAN_POINT('',(0.294555096668,2.571219969768));
#9068 = CARTESIAN_POINT('',(0.368465038303,2.563004451699));
#9069 = CARTESIAN_POINT('',(0.441761944257,2.553020412689));
#9070 = CARTESIAN_POINT('',(0.515001212253,2.541195951092));
#9071 = CARTESIAN_POINT('',(0.588099951686,2.52757664029));
#9072 = CARTESIAN_POINT('',(0.660983121252,2.512197481601));
#9073 = CARTESIAN_POINT('',(0.733578944113,2.495088954377));
#9074 = CARTESIAN_POINT('',(0.805729566909,2.476310197897));
#9075 = CARTESIAN_POINT('',(0.877627118454,2.4558102337));
#9076 = CARTESIAN_POINT('',(0.949484487766,2.433598959255));
#9077 = CARTESIAN_POINT('',(1.021150594893,2.409796148363));
#9078 = CARTESIAN_POINT('',(1.09254110661,2.38449375982));
#9079 = CARTESIAN_POINT('',(1.163566562251,2.357785136109));
#9080 = CARTESIAN_POINT('',(1.234061806246,2.329785899971));
#9081 = CARTESIAN_POINT('',(1.304875536927,2.300277524833));
#9082 = CARTESIAN_POINT('',(1.375376018561,2.269642071383));
#9083 = CARTESIAN_POINT('',(1.445087186304,2.238196390818));
#9084 = CARTESIAN_POINT('',(1.514417728244,2.205924687068));
#9085 = CARTESIAN_POINT('',(1.583795261355,2.172770078579));
#9086 = CARTESIAN_POINT('',(1.653147502608,2.138903253372));
#9087 = CARTESIAN_POINT('',(1.722191681365,2.104636089202));
#9088 = CARTESIAN_POINT('',(1.791156452342,2.070051416443));
#9089 = CARTESIAN_POINT('',(1.860138204386,2.03529013526));
#9090 = CARTESIAN_POINT('',(1.929246357838,2.000489914036));
#9091 = CARTESIAN_POINT('',(1.998669398289,1.965743278485));
#9092 = CARTESIAN_POINT('',(2.067774758787,1.931578411956));
#9093 = CARTESIAN_POINT('',(2.136858742417,1.898092104423));
#9094 = CARTESIAN_POINT('',(2.206140118864,1.86542239266));
#9095 = CARTESIAN_POINT('',(2.275810399171,1.83372262206));
#9096 = CARTESIAN_POINT('',(2.3463005241,1.80304365675));
#9097 = CARTESIAN_POINT('',(2.417136217894,1.7738309773));
#9098 = CARTESIAN_POINT('',(2.487804931012,1.74656386275));
#9099 = CARTESIAN_POINT('',(2.558715419043,1.721326974906));
#9100 = CARTESIAN_POINT('',(2.630064580138,1.698307459583));
#9101 = CARTESIAN_POINT('',(2.702068210274,1.677677143802));
#9102 = CARTESIAN_POINT('',(2.775145722371,1.65956664575));
#9103 = CARTESIAN_POINT('',(2.847729001617,1.644594557351));
#9104 = CARTESIAN_POINT('',(2.920349825304,1.632755386516));
#9105 = CARTESIAN_POINT('',(2.993574380043,1.62412013387));
#9106 = CARTESIAN_POINT('',(3.067684260662,1.618837760109));
#9107 = CARTESIAN_POINT('',(3.117034069429,1.617634751683));
#9108 = CARTESIAN_POINT('',(3.14159265359,1.617634863195));
#9109 = ( GEOMETRIC_REPRESENTATION_CONTEXT(2) 
PARAMETRIC_REPRESENTATION_CONTEXT() REPRESENTATION_CONTEXT('2D SPACE',''
  ) );
#9110 = FACE_BOUND('',#9111,.F.);
#9111 = EDGE_LOOP('',(#9112,#9113));
#9112 = ORIENTED_EDGE('',*,*,#326,.F.);
#9113 = ORIENTED_EDGE('',*,*,#9114,.F.);
#9114 = EDGE_CURVE('',#245,#304,#9115,.T.);
#9115 = SURFACE_CURVE('',#9116,(#9139,#9190),.PCURVE_S1.);
#9116 = B_SPLINE_CURVE_WITH_KNOTS('',3,(#9117,#9118,#9119,#9120,#9121,
    #9122,#9123,#9124,#9125,#9126,#9127,#9128,#9129,#9130,#9131,#9132,
    #9133,#9134,#9135,#9136,#9137,#9138),.UNSPECIFIED.,.F.,.F.,(4,2,2,2,
    2,2,2,2,2,2,4),(0.,2.72341626176E-04,5.446832523521E-04,
    1.089366504704E-03,1.634049757056E-03,2.178733009408E-03,
    2.72341626176E-03,3.268099514112E-03,3.812782766465E-03,
    4.085124392641E-03,4.357466018817E-03),.UNSPECIFIED.);
#9117 = CARTESIAN_POINT('',(6.100000000002,255.,34.863762344944));
#9118 = CARTESIAN_POINT('',(6.100000000002,254.9078395798,
    34.863762344944));
#9119 = CARTESIAN_POINT('',(6.090663132821,254.8174910775,34.85928980813
    ));
#9120 = CARTESIAN_POINT('',(6.054316127992,254.64021314538,
    34.842020325069));
#9121 = CARTESIAN_POINT('',(6.02679754094,254.5524309015,34.828986522115
    ));
#9122 = CARTESIAN_POINT('',(5.921259064356,254.30518172298,
    34.779657131967));
#9123 = CARTESIAN_POINT('',(5.81831448733,254.15660315624,
    34.732247288133));
#9124 = CARTESIAN_POINT('',(5.570281452476,253.91383591542,
    34.623214526747));
#9125 = CARTESIAN_POINT('',(5.423545317162,253.81762954628,
    34.560950885137));
#9126 = CARTESIAN_POINT('',(5.107905281242,253.68715309584,
    34.434400787451));
#9127 = CARTESIAN_POINT('',(4.937975719034,253.65217172783,
    34.369717853895));
#9128 = CARTESIAN_POINT('',(4.594629691419,253.64802515208,
    34.246886701763));
#9129 = CARTESIAN_POINT('',(4.42213074843,253.67873702121,
    34.189054343424));
#9130 = CARTESIAN_POINT('',(4.095537202011,253.80630299016,
    34.08597742595));
#9131 = CARTESIAN_POINT('',(3.94470283316,253.90161660925,34.04169450944
    ));
#9132 = CARTESIAN_POINT('',(3.684879262635,254.15119648044,
    33.968953623598));
#9133 = CARTESIAN_POINT('',(3.580725221191,254.3011114447,
    33.941752133595));
#9134 = CARTESIAN_POINT('',(3.473198657405,254.55215458936,
    33.914226948559));
#9135 = CARTESIAN_POINT('',(3.446115290329,254.63853859821,
    33.907434694572));
#9136 = CARTESIAN_POINT('',(3.409417649421,254.81667339959,
    33.898271964414));
#9137 = CARTESIAN_POINT('',(3.399999999991,254.90906998353,
    33.895950364299));
#9138 = CARTESIAN_POINT('',(3.399999999991,255.,33.895950364299));
#9139 = PCURVE('',#185,#9140);
#9140 = DEFINITIONAL_REPRESENTATION('',(#9141),#9189);
#9141 = B_SPLINE_CURVE_WITH_KNOTS('',3,(#9142,#9143,#9144,#9145,#9146,
    #9147,#9148,#9149,#9150,#9151,#9152,#9153,#9154,#9155,#9156,#9157,
    #9158,#9159,#9160,#9161,#9162,#9163,#9164,#9165,#9166,#9167,#9168,
    #9169,#9170,#9171,#9172,#9173,#9174,#9175,#9176,#9177,#9178,#9179,
    #9180,#9181,#9182,#9183,#9184,#9185,#9186,#9187,#9188),
  .UNSPECIFIED.,.F.,.F.,(4,1,1,1,1,1,1,1,1,1,1,1,1,1,1,1,1,1,1,1,1,1,1,1
    ,1,1,1,1,1,1,1,1,1,1,1,1,1,1,1,1,1,1,1,1,4),(0.,9.903331860947E-05,
    1.980666372189E-04,2.970999558284E-04,3.961332744379E-04,
    4.951665930473E-04,5.941999116568E-04,6.932332302663E-04,
    7.922665488757E-04,8.912998674852E-04,9.903331860947E-04,
    1.089366504704E-03,1.188399823314E-03,1.287433141923E-03,
    1.386466460533E-03,1.485499779142E-03,1.584533097751E-03,
    1.683566416361E-03,1.78259973497E-03,1.88163305358E-03,
    1.980666372189E-03,2.079699690799E-03,2.178733009408E-03,
    2.277766328018E-03,2.376799646627E-03,2.475832965237E-03,
    2.574866283846E-03,2.673899602456E-03,2.772932921065E-03,
    2.871966239675E-03,2.970999558284E-03,3.070032876894E-03,
    3.169066195503E-03,3.268099514112E-03,3.367132832722E-03,
    3.466166151331E-03,3.565199469941E-03,3.66423278855E-03,
    3.76326610716E-03,3.862299425769E-03,3.961332744379E-03,
    4.060366062988E-03,4.159399381598E-03,4.258432700207E-03,
    4.357466018817E-03),.QUASI_UNIFORM_KNOTS.);
#9142 = CARTESIAN_POINT('',(1.12508989428,6.500000000008));
#9143 = CARTESIAN_POINT('',(1.125089995649,6.466485155548));
#9144 = CARTESIAN_POINT('',(1.125283126677,6.399944484751));
#9145 = CARTESIAN_POINT('',(1.126142938836,6.301517855237));
#9146 = CARTESIAN_POINT('',(1.127554803086,6.204534767191));
#9147 = CARTESIAN_POINT('',(1.129533535856,6.108557936757));
#9148 = CARTESIAN_POINT('',(1.132043217878,6.014845238624));
#9149 = CARTESIAN_POINT('',(1.135039509228,5.924904827182));
#9150 = CARTESIAN_POINT('',(1.138520883457,5.838363430619));
#9151 = CARTESIAN_POINT('',(1.142449877795,5.755642848184));
#9152 = CARTESIAN_POINT('',(1.14679250362,5.67713486817));
#9153 = CARTESIAN_POINT('',(1.151515217821,5.603217878113));
#9154 = CARTESIAN_POINT('',(1.156579463739,5.53435387953));
#9155 = CARTESIAN_POINT('',(1.16196657395,5.470683818781));
#9156 = CARTESIAN_POINT('',(1.167658361528,5.412162917873));
#9157 = CARTESIAN_POINT('',(1.173616818786,5.359067475149));
#9158 = CARTESIAN_POINT('',(1.179809105758,5.311590100834));
#9159 = CARTESIAN_POINT('',(1.186201783812,5.269937081294));
#9160 = CARTESIAN_POINT('',(1.192758962417,5.234343686455));
#9161 = CARTESIAN_POINT('',(1.199467740625,5.204795611322));
#9162 = CARTESIAN_POINT('',(1.206298149869,5.181393285311));
#9163 = CARTESIAN_POINT('',(1.213222065469,5.164231305862));
#9164 = CARTESIAN_POINT('',(1.220210162105,5.153404521868));
#9165 = CARTESIAN_POINT('',(1.227236195225,5.14901260838));
#9166 = CARTESIAN_POINT('',(1.234263004003,5.151135684374));
#9167 = CARTESIAN_POINT('',(1.241255965356,5.159768823829));
#9168 = CARTESIAN_POINT('',(1.24819121336,5.174925641594));
#9169 = CARTESIAN_POINT('',(1.255042376752,5.196618479578));
#9170 = CARTESIAN_POINT('',(1.261782160831,5.224846230581));
#9171 = CARTESIAN_POINT('',(1.26838935925,5.259662856778));
#9172 = CARTESIAN_POINT('',(1.274784236923,5.300675779824));
#9173 = CARTESIAN_POINT('',(1.280951794003,5.34783505873));
#9174 = CARTESIAN_POINT('',(1.286870360435,5.40106991247));
#9175 = CARTESIAN_POINT('',(1.292516230443,5.460268895529));
#9176 = CARTESIAN_POINT('',(1.297880179959,5.525504060383));
#9177 = CARTESIAN_POINT('',(1.302896805166,5.596154132032));
#9178 = CARTESIAN_POINT('',(1.307505575624,5.671395647608));
#9179 = CARTESIAN_POINT('',(1.311702143747,5.751096008276));
#9180 = CARTESIAN_POINT('',(1.315467266401,5.834947739268));
#9181 = CARTESIAN_POINT('',(1.318784832834,5.922652005508));
#9182 = CARTESIAN_POINT('',(1.321640845712,6.014050289095));
#9183 = CARTESIAN_POINT('',(1.323983801019,6.107461001238));
#9184 = CARTESIAN_POINT('',(1.325821361556,6.202999004167));
#9185 = CARTESIAN_POINT('',(1.327152388967,6.300831590314));
#9186 = CARTESIAN_POINT('',(1.327957896095,6.400424143437));
#9187 = CARTESIAN_POINT('',(1.328139304953,6.466932361719));
#9188 = CARTESIAN_POINT('',(1.328139268929,6.500000000008));
#9189 = ( GEOMETRIC_REPRESENTATION_CONTEXT(2) 
PARAMETRIC_REPRESENTATION_CONTEXT() REPRESENTATION_CONTEXT('2D SPACE',''
  ) );
#9190 = PCURVE('',#267,#9191);
#9191 = DEFINITIONAL_REPRESENTATION('',(#9192),#9240);
#9192 = B_SPLINE_CURVE_WITH_KNOTS('',3,(#9193,#9194,#9195,#9196,#9197,
    #9198,#9199,#9200,#9201,#9202,#9203,#9204,#9205,#9206,#9207,#9208,
    #9209,#9210,#9211,#9212,#9213,#9214,#9215,#9216,#9217,#9218,#9219,
    #9220,#9221,#9222,#9223,#9224,#9225,#9226,#9227,#9228,#9229,#9230,
    #9231,#9232,#9233,#9234,#9235,#9236,#9237,#9238,#9239),
  .UNSPECIFIED.,.F.,.F.,(4,1,1,1,1,1,1,1,1,1,1,1,1,1,1,1,1,1,1,1,1,1,1,1
    ,1,1,1,1,1,1,1,1,1,1,1,1,1,1,1,1,1,1,1,1,4),(0.,9.903331860947E-05,
    1.980666372189E-04,2.970999558284E-04,3.961332744379E-04,
    4.951665930473E-04,5.941999116568E-04,6.932332302663E-04,
    7.922665488757E-04,8.912998674852E-04,9.903331860947E-04,
    1.089366504704E-03,1.188399823314E-03,1.287433141923E-03,
    1.386466460533E-03,1.485499779142E-03,1.584533097751E-03,
    1.683566416361E-03,1.78259973497E-03,1.88163305358E-03,
    1.980666372189E-03,2.079699690799E-03,2.178733009408E-03,
    2.277766328018E-03,2.376799646627E-03,2.475832965237E-03,
    2.574866283846E-03,2.673899602456E-03,2.772932921065E-03,
    2.871966239675E-03,2.970999558284E-03,3.070032876894E-03,
    3.169066195503E-03,3.268099514112E-03,3.367132832722E-03,
    3.466166151331E-03,3.565199469941E-03,3.66423278855E-03,
    3.76326610716E-03,3.862299425769E-03,3.961332744379E-03,
    4.060366062988E-03,4.159399381598E-03,4.258432700207E-03,
    4.357466018817E-03),.QUASI_UNIFORM_KNOTS.);
#9193 = CARTESIAN_POINT('',(0.,1.617634863199));
#9194 = CARTESIAN_POINT('',(2.482484797224E-02,1.617635458981));
#9195 = CARTESIAN_POINT('',(7.411518813947E-02,1.61881618774));
#9196 = CARTESIAN_POINT('',(0.147425344332,1.624055178187));
#9197 = CARTESIAN_POINT('',(0.220447041427,1.632637527617));
#9198 = CARTESIAN_POINT('',(0.293922538477,1.644627081872));
#9199 = CARTESIAN_POINT('',(0.367259663407,1.659757323654));
#9200 = CARTESIAN_POINT('',(0.439652213816,1.677717023213));
#9201 = CARTESIAN_POINT('',(0.511755238244,1.698438458013));
#9202 = CARTESIAN_POINT('',(0.583516162416,1.721635728732));
#9203 = CARTESIAN_POINT('',(0.654889433181,1.747044849448));
#9204 = CARTESIAN_POINT('',(0.725826050711,1.774402772486));
#9205 = CARTESIAN_POINT('',(0.796192030958,1.803420783788));
#9206 = CARTESIAN_POINT('',(0.866166310014,1.833911896576));
#9207 = CARTESIAN_POINT('',(0.936007894571,1.865713704572));
#9208 = CARTESIAN_POINT('',(1.005650223246,1.898562015997));
#9209 = CARTESIAN_POINT('',(1.075095851303,1.932218509236));
#9210 = CARTESIAN_POINT('',(1.14432989969,1.966443167514));
#9211 = CARTESIAN_POINT('',(1.213313197337,2.000976884535));
#9212 = CARTESIAN_POINT('',(1.282279374563,2.035706876373));
#9213 = CARTESIAN_POINT('',(1.351256557141,2.070462706924));
#9214 = CARTESIAN_POINT('',(1.420290390307,2.105076972984));
#9215 = CARTESIAN_POINT('',(1.489414644992,2.139378100819));
#9216 = CARTESIAN_POINT('',(1.55869831148,2.173208165914));
#9217 = CARTESIAN_POINT('',(1.62811184098,2.206358817409));
#9218 = CARTESIAN_POINT('',(1.697638041019,2.238692658861));
#9219 = CARTESIAN_POINT('',(1.767368107978,2.270122295135));
#9220 = CARTESIAN_POINT('',(1.837375710202,2.3005481695));
#9221 = CARTESIAN_POINT('',(1.907730354198,2.329869370293));
#9222 = CARTESIAN_POINT('',(1.978587169549,2.358002567176));
#9223 = CARTESIAN_POINT('',(2.049434510281,2.384661663254));
#9224 = CARTESIAN_POINT('',(2.120458560767,2.409851710968));
#9225 = CARTESIAN_POINT('',(2.19179200372,2.433544139169));
#9226 = CARTESIAN_POINT('',(2.263544607965,2.455706034079));
#9227 = CARTESIAN_POINT('',(2.33603712394,2.476355476031));
#9228 = CARTESIAN_POINT('',(2.408834853976,2.495310911542));
#9229 = CARTESIAN_POINT('',(2.481443903218,2.512425815295));
#9230 = CARTESIAN_POINT('',(2.554136066327,2.527753759674));
#9231 = CARTESIAN_POINT('',(2.626989026416,2.541295699357));
#9232 = CARTESIAN_POINT('',(2.700109073928,2.553062962141));
#9233 = CARTESIAN_POINT('',(2.773712669706,2.563078001053));
#9234 = CARTESIAN_POINT('',(2.846836593399,2.571212026548));
#9235 = CARTESIAN_POINT('',(2.919979964788,2.577534080585));
#9236 = CARTESIAN_POINT('',(2.99365232342,2.582088476231));
#9237 = CARTESIAN_POINT('',(3.067830733279,2.584832627458));
#9238 = CARTESIAN_POINT('',(3.117098853026,2.585446958975));
#9239 = CARTESIAN_POINT('',(3.14159265359,2.585446843844));
#9240 = ( GEOMETRIC_REPRESENTATION_CONTEXT(2) 
PARAMETRIC_REPRESENTATION_CONTEXT() REPRESENTATION_CONTEXT('2D SPACE',''
  ) );
#9241 = ADVANCED_FACE('',(#9242,#9246,#9250,#9254,#9258,#9262,#9266),
  #2976,.T.);
#9242 = FACE_BOUND('',#9243,.T.);
#9243 = EDGE_LOOP('',(#9244,#9245));
#9244 = ORIENTED_EDGE('',*,*,#8095,.F.);
#9245 = ORIENTED_EDGE('',*,*,#3026,.F.);
#9246 = FACE_BOUND('',#9247,.T.);
#9247 = EDGE_LOOP('',(#9248,#9249));
#9248 = ORIENTED_EDGE('',*,*,#8042,.F.);
#9249 = ORIENTED_EDGE('',*,*,#3137,.F.);
#9250 = FACE_BOUND('',#9251,.T.);
#9251 = EDGE_LOOP('',(#9252,#9253));
#9252 = ORIENTED_EDGE('',*,*,#7989,.F.);
#9253 = ORIENTED_EDGE('',*,*,#3248,.F.);
#9254 = FACE_BOUND('',#9255,.T.);
#9255 = EDGE_LOOP('',(#9256,#9257));
#9256 = ORIENTED_EDGE('',*,*,#7936,.F.);
#9257 = ORIENTED_EDGE('',*,*,#3359,.F.);
#9258 = FACE_BOUND('',#9259,.T.);
#9259 = EDGE_LOOP('',(#9260,#9261));
#9260 = ORIENTED_EDGE('',*,*,#7883,.F.);
#9261 = ORIENTED_EDGE('',*,*,#3470,.F.);
#9262 = FACE_BOUND('',#9263,.T.);
#9263 = EDGE_LOOP('',(#9264,#9265));
#9264 = ORIENTED_EDGE('',*,*,#7830,.F.);
#9265 = ORIENTED_EDGE('',*,*,#3581,.F.);
#9266 = FACE_BOUND('',#9267,.T.);
#9267 = EDGE_LOOP('',(#9268,#9269));
#9268 = ORIENTED_EDGE('',*,*,#8955,.T.);
#9269 = ORIENTED_EDGE('',*,*,#2961,.T.);
#9270 = ADVANCED_FACE('',(#9271,#9296),#2865,.T.);
#9271 = FACE_BOUND('',#9272,.T.);
#9272 = EDGE_LOOP('',(#9273,#9295));
#9273 = ORIENTED_EDGE('',*,*,#9274,.T.);
#9274 = EDGE_CURVE('',#2769,#2828,#9275,.T.);
#9275 = SURFACE_CURVE('',#9276,(#9281,#9288),.PCURVE_S1.);
#9276 = CIRCLE('',#9277,3.25);
#9277 = AXIS2_PLACEMENT_3D('',#9278,#9279,#9280);
#9278 = CARTESIAN_POINT('',(-10.5,244.7,47.631397208143));
#9279 = DIRECTION('',(6.450531537933E-16,-1.,7.136298725426E-15));
#9280 = DIRECTION('',(-1.,-6.450531537933E-16,-2.775557561562E-17));
#9281 = PCURVE('',#2865,#9282);
#9282 = DEFINITIONAL_REPRESENTATION('',(#9283),#9287);
#9283 = CIRCLE('',#9284,3.25);
#9284 = AXIS2_PLACEMENT_2D('',#9285,#9286);
#9285 = CARTESIAN_POINT('',(0.,0.));
#9286 = DIRECTION('',(1.,0.));
#9287 = ( GEOMETRIC_REPRESENTATION_CONTEXT(2) 
PARAMETRIC_REPRESENTATION_CONTEXT() REPRESENTATION_CONTEXT('2D SPACE',''
  ) );
#9288 = PCURVE('',#2791,#9289);
#9289 = DEFINITIONAL_REPRESENTATION('',(#9290),#9294);
#9290 = LINE('',#9291,#9292);
#9291 = CARTESIAN_POINT('',(0.,0.));
#9292 = VECTOR('',#9293,1.);
#9293 = DIRECTION('',(1.,0.));
#9294 = ( GEOMETRIC_REPRESENTATION_CONTEXT(2) 
PARAMETRIC_REPRESENTATION_CONTEXT() REPRESENTATION_CONTEXT('2D SPACE',''
  ) );
#9295 = ORIENTED_EDGE('',*,*,#2850,.T.);
#9296 = FACE_BOUND('',#9297,.T.);
#9297 = EDGE_LOOP('',(#9298,#9299));
#9298 = ORIENTED_EDGE('',*,*,#8118,.T.);
#9299 = ORIENTED_EDGE('',*,*,#3073,.T.);
#9300 = ADVANCED_FACE('',(#9301),#2791,.F.);
#9301 = FACE_BOUND('',#9302,.F.);
#9302 = EDGE_LOOP('',(#9303,#9304,#9305,#9306));
#9303 = ORIENTED_EDGE('',*,*,#6107,.F.);
#9304 = ORIENTED_EDGE('',*,*,#2768,.F.);
#9305 = ORIENTED_EDGE('',*,*,#9274,.T.);
#9306 = ORIENTED_EDGE('',*,*,#2827,.T.);
#9307 = ADVANCED_FACE('',(#9308,#9333),#2753,.T.);
#9308 = FACE_BOUND('',#9309,.T.);
#9309 = EDGE_LOOP('',(#9310,#9332));
#9310 = ORIENTED_EDGE('',*,*,#9311,.T.);
#9311 = EDGE_CURVE('',#2657,#2716,#9312,.T.);
#9312 = SURFACE_CURVE('',#9313,(#9318,#9325),.PCURVE_S1.);
#9313 = CIRCLE('',#9314,3.25);
#9314 = AXIS2_PLACEMENT_3D('',#9315,#9316,#9317);
#9315 = CARTESIAN_POINT('',(-5.75,244.7,57.590689351664));
#9316 = DIRECTION('',(6.450531537933E-16,-1.,7.136298725426E-15));
#9317 = DIRECTION('',(-1.,-6.450531537933E-16,-2.775557561562E-17));
#9318 = PCURVE('',#2753,#9319);
#9319 = DEFINITIONAL_REPRESENTATION('',(#9320),#9324);
#9320 = CIRCLE('',#9321,3.25);
#9321 = AXIS2_PLACEMENT_2D('',#9322,#9323);
#9322 = CARTESIAN_POINT('',(0.,0.));
#9323 = DIRECTION('',(1.,0.));
#9324 = ( GEOMETRIC_REPRESENTATION_CONTEXT(2) 
PARAMETRIC_REPRESENTATION_CONTEXT() REPRESENTATION_CONTEXT('2D SPACE',''
  ) );
#9325 = PCURVE('',#2679,#9326);
#9326 = DEFINITIONAL_REPRESENTATION('',(#9327),#9331);
#9327 = LINE('',#9328,#9329);
#9328 = CARTESIAN_POINT('',(0.,0.));
#9329 = VECTOR('',#9330,1.);
#9330 = DIRECTION('',(1.,0.));
#9331 = ( GEOMETRIC_REPRESENTATION_CONTEXT(2) 
PARAMETRIC_REPRESENTATION_CONTEXT() REPRESENTATION_CONTEXT('2D SPACE',''
  ) );
#9332 = ORIENTED_EDGE('',*,*,#2738,.T.);
#9333 = FACE_BOUND('',#9334,.T.);
#9334 = EDGE_LOOP('',(#9335,#9336));
#9335 = ORIENTED_EDGE('',*,*,#8065,.T.);
#9336 = ORIENTED_EDGE('',*,*,#3184,.T.);
#9337 = ADVANCED_FACE('',(#9338),#2679,.F.);
#9338 = FACE_BOUND('',#9339,.F.);
#9339 = EDGE_LOOP('',(#9340,#9341,#9342,#9343));
#9340 = ORIENTED_EDGE('',*,*,#6082,.F.);
#9341 = ORIENTED_EDGE('',*,*,#2656,.F.);
#9342 = ORIENTED_EDGE('',*,*,#9311,.T.);
#9343 = ORIENTED_EDGE('',*,*,#2715,.T.);
#9344 = ADVANCED_FACE('',(#9345,#9370),#2641,.T.);
#9345 = FACE_BOUND('',#9346,.T.);
#9346 = EDGE_LOOP('',(#9347,#9369));
#9347 = ORIENTED_EDGE('',*,*,#9348,.T.);
#9348 = EDGE_CURVE('',#2545,#2604,#9349,.T.);
#9349 = SURFACE_CURVE('',#9350,(#9355,#9362),.PCURVE_S1.);
#9350 = CIRCLE('',#9351,3.25);
#9351 = AXIS2_PLACEMENT_3D('',#9352,#9353,#9354);
#9352 = CARTESIAN_POINT('',(11.5,244.7,47.631397208143));
#9353 = DIRECTION('',(6.450531537933E-16,-1.,7.136298725426E-15));
#9354 = DIRECTION('',(-1.,-6.450531537933E-16,-2.775557561562E-17));
#9355 = PCURVE('',#2641,#9356);
#9356 = DEFINITIONAL_REPRESENTATION('',(#9357),#9361);
#9357 = CIRCLE('',#9358,3.25);
#9358 = AXIS2_PLACEMENT_2D('',#9359,#9360);
#9359 = CARTESIAN_POINT('',(0.,0.));
#9360 = DIRECTION('',(1.,0.));
#9361 = ( GEOMETRIC_REPRESENTATION_CONTEXT(2) 
PARAMETRIC_REPRESENTATION_CONTEXT() REPRESENTATION_CONTEXT('2D SPACE',''
  ) );
#9362 = PCURVE('',#2567,#9363);
#9363 = DEFINITIONAL_REPRESENTATION('',(#9364),#9368);
#9364 = LINE('',#9365,#9366);
#9365 = CARTESIAN_POINT('',(0.,0.));
#9366 = VECTOR('',#9367,1.);
#9367 = DIRECTION('',(1.,0.));
#9368 = ( GEOMETRIC_REPRESENTATION_CONTEXT(2) 
PARAMETRIC_REPRESENTATION_CONTEXT() REPRESENTATION_CONTEXT('2D SPACE',''
  ) );
#9369 = ORIENTED_EDGE('',*,*,#2626,.T.);
#9370 = FACE_BOUND('',#9371,.T.);
#9371 = EDGE_LOOP('',(#9372,#9373));
#9372 = ORIENTED_EDGE('',*,*,#8012,.T.);
#9373 = ORIENTED_EDGE('',*,*,#3295,.T.);
#9374 = ADVANCED_FACE('',(#9375),#2567,.F.);
#9375 = FACE_BOUND('',#9376,.F.);
#9376 = EDGE_LOOP('',(#9377,#9378,#9379,#9380));
#9377 = ORIENTED_EDGE('',*,*,#6182,.F.);
#9378 = ORIENTED_EDGE('',*,*,#2544,.F.);
#9379 = ORIENTED_EDGE('',*,*,#9348,.T.);
#9380 = ORIENTED_EDGE('',*,*,#2603,.T.);
#9381 = ADVANCED_FACE('',(#9382,#9407),#2529,.T.);
#9382 = FACE_BOUND('',#9383,.T.);
#9383 = EDGE_LOOP('',(#9384,#9406));
#9384 = ORIENTED_EDGE('',*,*,#9385,.T.);
#9385 = EDGE_CURVE('',#2433,#2492,#9386,.T.);
#9386 = SURFACE_CURVE('',#9387,(#9392,#9399),.PCURVE_S1.);
#9387 = CIRCLE('',#9388,3.25);
#9388 = AXIS2_PLACEMENT_3D('',#9389,#9390,#9391);
#9389 = CARTESIAN_POINT('',(5.25,244.7,56.724663947879));
#9390 = DIRECTION('',(6.450531537933E-16,-1.,7.136298725426E-15));
#9391 = DIRECTION('',(-1.,-6.450531537933E-16,-2.775557561562E-17));
#9392 = PCURVE('',#2529,#9393);
#9393 = DEFINITIONAL_REPRESENTATION('',(#9394),#9398);
#9394 = CIRCLE('',#9395,3.25);
#9395 = AXIS2_PLACEMENT_2D('',#9396,#9397);
#9396 = CARTESIAN_POINT('',(0.,0.));
#9397 = DIRECTION('',(1.,0.));
#9398 = ( GEOMETRIC_REPRESENTATION_CONTEXT(2) 
PARAMETRIC_REPRESENTATION_CONTEXT() REPRESENTATION_CONTEXT('2D SPACE',''
  ) );
#9399 = PCURVE('',#2455,#9400);
#9400 = DEFINITIONAL_REPRESENTATION('',(#9401),#9405);
#9401 = LINE('',#9402,#9403);
#9402 = CARTESIAN_POINT('',(0.,0.));
#9403 = VECTOR('',#9404,1.);
#9404 = DIRECTION('',(1.,0.));
#9405 = ( GEOMETRIC_REPRESENTATION_CONTEXT(2) 
PARAMETRIC_REPRESENTATION_CONTEXT() REPRESENTATION_CONTEXT('2D SPACE',''
  ) );
#9406 = ORIENTED_EDGE('',*,*,#2514,.T.);
#9407 = FACE_BOUND('',#9408,.T.);
#9408 = EDGE_LOOP('',(#9409,#9410));
#9409 = ORIENTED_EDGE('',*,*,#7959,.T.);
#9410 = ORIENTED_EDGE('',*,*,#3406,.T.);
#9411 = ADVANCED_FACE('',(#9412),#2455,.F.);
#9412 = FACE_BOUND('',#9413,.F.);
#9413 = EDGE_LOOP('',(#9414,#9415,#9416,#9417));
#9414 = ORIENTED_EDGE('',*,*,#6207,.F.);
#9415 = ORIENTED_EDGE('',*,*,#2432,.F.);
#9416 = ORIENTED_EDGE('',*,*,#9385,.T.);
#9417 = ORIENTED_EDGE('',*,*,#2491,.T.);
#9418 = ADVANCED_FACE('',(#9419,#9444),#2417,.T.);
#9419 = FACE_BOUND('',#9420,.T.);
#9420 = EDGE_LOOP('',(#9421,#9443));
#9421 = ORIENTED_EDGE('',*,*,#9422,.T.);
#9422 = EDGE_CURVE('',#2321,#2380,#9423,.T.);
#9423 = SURFACE_CURVE('',#9424,(#9429,#9436),.PCURVE_S1.);
#9424 = CIRCLE('',#9425,3.25);
#9425 = AXIS2_PLACEMENT_3D('',#9426,#9427,#9428);
#9426 = CARTESIAN_POINT('',(-5.75,244.7,37.672105064622));
#9427 = DIRECTION('',(6.450531537933E-16,-1.,7.136298725426E-15));
#9428 = DIRECTION('',(-1.,-6.450531537933E-16,-2.775557561562E-17));
#9429 = PCURVE('',#2417,#9430);
#9430 = DEFINITIONAL_REPRESENTATION('',(#9431),#9435);
#9431 = CIRCLE('',#9432,3.25);
#9432 = AXIS2_PLACEMENT_2D('',#9433,#9434);
#9433 = CARTESIAN_POINT('',(0.,0.));
#9434 = DIRECTION('',(1.,0.));
#9435 = ( GEOMETRIC_REPRESENTATION_CONTEXT(2) 
PARAMETRIC_REPRESENTATION_CONTEXT() REPRESENTATION_CONTEXT('2D SPACE',''
  ) );
#9436 = PCURVE('',#2343,#9437);
#9437 = DEFINITIONAL_REPRESENTATION('',(#9438),#9442);
#9438 = LINE('',#9439,#9440);
#9439 = CARTESIAN_POINT('',(0.,0.));
#9440 = VECTOR('',#9441,1.);
#9441 = DIRECTION('',(1.,0.));
#9442 = ( GEOMETRIC_REPRESENTATION_CONTEXT(2) 
PARAMETRIC_REPRESENTATION_CONTEXT() REPRESENTATION_CONTEXT('2D SPACE',''
  ) );
#9443 = ORIENTED_EDGE('',*,*,#2402,.T.);
#9444 = FACE_BOUND('',#9445,.T.);
#9445 = EDGE_LOOP('',(#9446,#9447));
#9446 = ORIENTED_EDGE('',*,*,#7906,.T.);
#9447 = ORIENTED_EDGE('',*,*,#3517,.T.);
#9448 = ADVANCED_FACE('',(#9449),#2343,.F.);
#9449 = FACE_BOUND('',#9450,.F.);
#9450 = EDGE_LOOP('',(#9451,#9452,#9453,#9454));
#9451 = ORIENTED_EDGE('',*,*,#6132,.F.);
#9452 = ORIENTED_EDGE('',*,*,#2320,.F.);
#9453 = ORIENTED_EDGE('',*,*,#9422,.T.);
#9454 = ORIENTED_EDGE('',*,*,#2379,.T.);
#9455 = ADVANCED_FACE('',(#9456,#9481),#2305,.T.);
#9456 = FACE_BOUND('',#9457,.T.);
#9457 = EDGE_LOOP('',(#9458,#9480));
#9458 = ORIENTED_EDGE('',*,*,#9459,.T.);
#9459 = EDGE_CURVE('',#2204,#2268,#9460,.T.);
#9460 = SURFACE_CURVE('',#9461,(#9466,#9473),.PCURVE_S1.);
#9461 = CIRCLE('',#9462,3.25);
#9462 = AXIS2_PLACEMENT_3D('',#9463,#9464,#9465);
#9463 = CARTESIAN_POINT('',(5.25,244.7,38.538130468406));
#9464 = DIRECTION('',(6.450531537933E-16,-1.,7.136298725426E-15));
#9465 = DIRECTION('',(-1.,-6.450531537933E-16,-2.775557561562E-17));
#9466 = PCURVE('',#2305,#9467);
#9467 = DEFINITIONAL_REPRESENTATION('',(#9468),#9472);
#9468 = CIRCLE('',#9469,3.25);
#9469 = AXIS2_PLACEMENT_2D('',#9470,#9471);
#9470 = CARTESIAN_POINT('',(0.,0.));
#9471 = DIRECTION('',(1.,0.));
#9472 = ( GEOMETRIC_REPRESENTATION_CONTEXT(2) 
PARAMETRIC_REPRESENTATION_CONTEXT() REPRESENTATION_CONTEXT('2D SPACE',''
  ) );
#9473 = PCURVE('',#2226,#9474);
#9474 = DEFINITIONAL_REPRESENTATION('',(#9475),#9479);
#9475 = LINE('',#9476,#9477);
#9476 = CARTESIAN_POINT('',(0.,0.));
#9477 = VECTOR('',#9478,1.);
#9478 = DIRECTION('',(1.,0.));
#9479 = ( GEOMETRIC_REPRESENTATION_CONTEXT(2) 
PARAMETRIC_REPRESENTATION_CONTEXT() REPRESENTATION_CONTEXT('2D SPACE',''
  ) );
#9480 = ORIENTED_EDGE('',*,*,#2290,.T.);
#9481 = FACE_BOUND('',#9482,.T.);
#9482 = EDGE_LOOP('',(#9483,#9484));
#9483 = ORIENTED_EDGE('',*,*,#7853,.T.);
#9484 = ORIENTED_EDGE('',*,*,#3628,.T.);
#9485 = ADVANCED_FACE('',(#9486),#2226,.F.);
#9486 = FACE_BOUND('',#9487,.F.);
#9487 = EDGE_LOOP('',(#9488,#9489,#9490,#9491));
#9488 = ORIENTED_EDGE('',*,*,#6157,.F.);
#9489 = ORIENTED_EDGE('',*,*,#2203,.F.);
#9490 = ORIENTED_EDGE('',*,*,#9459,.T.);
#9491 = ORIENTED_EDGE('',*,*,#2267,.T.);
#9492 = ADVANCED_FACE('',(#9493,#9518),#2188,.T.);
#9493 = FACE_BOUND('',#9494,.T.);
#9494 = EDGE_LOOP('',(#9495,#9517));
#9495 = ORIENTED_EDGE('',*,*,#9496,.T.);
#9496 = EDGE_CURVE('',#2088,#2151,#9497,.T.);
#9497 = SURFACE_CURVE('',#9498,(#9503,#9510),.PCURVE_S1.);
#9498 = CIRCLE('',#9499,3.1);
#9499 = AXIS2_PLACEMENT_3D('',#9500,#9501,#9502);
#9500 = CARTESIAN_POINT('',(-21.3,237.,34.631397208143));
#9501 = DIRECTION('',(-1.,-6.450531537933E-16,-2.775557561562E-17));
#9502 = DIRECTION('',(2.775557561563E-17,-7.136298725426E-15,-1.));
#9503 = PCURVE('',#2188,#9504);
#9504 = DEFINITIONAL_REPRESENTATION('',(#9505),#9509);
#9505 = CIRCLE('',#9506,3.1);
#9506 = AXIS2_PLACEMENT_2D('',#9507,#9508);
#9507 = CARTESIAN_POINT('',(0.,0.));
#9508 = DIRECTION('',(1.,0.));
#9509 = ( GEOMETRIC_REPRESENTATION_CONTEXT(2) 
PARAMETRIC_REPRESENTATION_CONTEXT() REPRESENTATION_CONTEXT('2D SPACE',''
  ) );
#9510 = PCURVE('',#2110,#9511);
#9511 = DEFINITIONAL_REPRESENTATION('',(#9512),#9516);
#9512 = LINE('',#9513,#9514);
#9513 = CARTESIAN_POINT('',(0.,0.));
#9514 = VECTOR('',#9515,1.);
#9515 = DIRECTION('',(1.,0.));
#9516 = ( GEOMETRIC_REPRESENTATION_CONTEXT(2) 
PARAMETRIC_REPRESENTATION_CONTEXT() REPRESENTATION_CONTEXT('2D SPACE',''
  ) );
#9517 = ORIENTED_EDGE('',*,*,#2173,.T.);
#9518 = FACE_BOUND('',#9519,.T.);
#9519 = EDGE_LOOP('',(#9520,#9521));
#9520 = ORIENTED_EDGE('',*,*,#7800,.T.);
#9521 = ORIENTED_EDGE('',*,*,#3743,.T.);
#9522 = ADVANCED_FACE('',(#9523),#2110,.F.);
#9523 = FACE_BOUND('',#9524,.F.);
#9524 = EDGE_LOOP('',(#9525,#9526,#9527,#9528));
#9525 = ORIENTED_EDGE('',*,*,#6924,.F.);
#9526 = ORIENTED_EDGE('',*,*,#2087,.F.);
#9527 = ORIENTED_EDGE('',*,*,#9496,.T.);
#9528 = ORIENTED_EDGE('',*,*,#2150,.T.);
#9529 = ADVANCED_FACE('',(#9530,#9555),#2072,.T.);
#9530 = FACE_BOUND('',#9531,.T.);
#9531 = EDGE_LOOP('',(#9532,#9554));
#9532 = ORIENTED_EDGE('',*,*,#9533,.T.);
#9533 = EDGE_CURVE('',#1972,#2035,#9534,.T.);
#9534 = SURFACE_CURVE('',#9535,(#9540,#9547),.PCURVE_S1.);
#9535 = CIRCLE('',#9536,3.1);
#9536 = AXIS2_PLACEMENT_3D('',#9537,#9538,#9539);
#9537 = CARTESIAN_POINT('',(-21.3,237.,60.631397208143));
#9538 = DIRECTION('',(-1.,-6.450531537933E-16,-2.775557561562E-17));
#9539 = DIRECTION('',(2.775557561563E-17,-7.136298725426E-15,-1.));
#9540 = PCURVE('',#2072,#9541);
#9541 = DEFINITIONAL_REPRESENTATION('',(#9542),#9546);
#9542 = CIRCLE('',#9543,3.1);
#9543 = AXIS2_PLACEMENT_2D('',#9544,#9545);
#9544 = CARTESIAN_POINT('',(0.,0.));
#9545 = DIRECTION('',(1.,0.));
#9546 = ( GEOMETRIC_REPRESENTATION_CONTEXT(2) 
PARAMETRIC_REPRESENTATION_CONTEXT() REPRESENTATION_CONTEXT('2D SPACE',''
  ) );
#9547 = PCURVE('',#1994,#9548);
#9548 = DEFINITIONAL_REPRESENTATION('',(#9549),#9553);
#9549 = LINE('',#9550,#9551);
#9550 = CARTESIAN_POINT('',(0.,0.));
#9551 = VECTOR('',#9552,1.);
#9552 = DIRECTION('',(1.,0.));
#9553 = ( GEOMETRIC_REPRESENTATION_CONTEXT(2) 
PARAMETRIC_REPRESENTATION_CONTEXT() REPRESENTATION_CONTEXT('2D SPACE',''
  ) );
#9554 = ORIENTED_EDGE('',*,*,#2057,.T.);
#9555 = FACE_BOUND('',#9556,.T.);
#9556 = EDGE_LOOP('',(#9557,#9558));
#9557 = ORIENTED_EDGE('',*,*,#7768,.T.);
#9558 = ORIENTED_EDGE('',*,*,#3858,.T.);
#9559 = ADVANCED_FACE('',(#9560),#1994,.F.);
#9560 = FACE_BOUND('',#9561,.F.);
#9561 = EDGE_LOOP('',(#9562,#9563,#9564,#9565));
#9562 = ORIENTED_EDGE('',*,*,#6895,.F.);
#9563 = ORIENTED_EDGE('',*,*,#1971,.F.);
#9564 = ORIENTED_EDGE('',*,*,#9533,.T.);
#9565 = ORIENTED_EDGE('',*,*,#2034,.T.);
#9566 = ADVANCED_FACE('',(#9567,#9592),#1956,.T.);
#9567 = FACE_BOUND('',#9568,.T.);
#9568 = EDGE_LOOP('',(#9569,#9591));
#9569 = ORIENTED_EDGE('',*,*,#9570,.T.);
#9570 = EDGE_CURVE('',#1856,#1919,#9571,.T.);
#9571 = SURFACE_CURVE('',#9572,(#9577,#9584),.PCURVE_S1.);
#9572 = CIRCLE('',#9573,3.1);
#9573 = AXIS2_PLACEMENT_3D('',#9574,#9575,#9576);
#9574 = CARTESIAN_POINT('',(-21.3,211.,60.631397208143));
#9575 = DIRECTION('',(-1.,-6.450531537933E-16,-2.775557561562E-17));
#9576 = DIRECTION('',(2.775557561563E-17,-7.136298725426E-15,-1.));
#9577 = PCURVE('',#1956,#9578);
#9578 = DEFINITIONAL_REPRESENTATION('',(#9579),#9583);
#9579 = CIRCLE('',#9580,3.1);
#9580 = AXIS2_PLACEMENT_2D('',#9581,#9582);
#9581 = CARTESIAN_POINT('',(0.,0.));
#9582 = DIRECTION('',(1.,0.));
#9583 = ( GEOMETRIC_REPRESENTATION_CONTEXT(2) 
PARAMETRIC_REPRESENTATION_CONTEXT() REPRESENTATION_CONTEXT('2D SPACE',''
  ) );
#9584 = PCURVE('',#1878,#9585);
#9585 = DEFINITIONAL_REPRESENTATION('',(#9586),#9590);
#9586 = LINE('',#9587,#9588);
#9587 = CARTESIAN_POINT('',(0.,0.));
#9588 = VECTOR('',#9589,1.);
#9589 = DIRECTION('',(1.,0.));
#9590 = ( GEOMETRIC_REPRESENTATION_CONTEXT(2) 
PARAMETRIC_REPRESENTATION_CONTEXT() REPRESENTATION_CONTEXT('2D SPACE',''
  ) );
#9591 = ORIENTED_EDGE('',*,*,#1941,.T.);
#9592 = FACE_BOUND('',#9593,.T.);
#9593 = EDGE_LOOP('',(#9594,#9595));
#9594 = ORIENTED_EDGE('',*,*,#7736,.T.);
#9595 = ORIENTED_EDGE('',*,*,#3973,.T.);
#9596 = ADVANCED_FACE('',(#9597),#1878,.F.);
#9597 = FACE_BOUND('',#9598,.F.);
#9598 = EDGE_LOOP('',(#9599,#9600,#9601,#9602));
#9599 = ORIENTED_EDGE('',*,*,#6866,.F.);
#9600 = ORIENTED_EDGE('',*,*,#1855,.F.);
#9601 = ORIENTED_EDGE('',*,*,#9570,.T.);
#9602 = ORIENTED_EDGE('',*,*,#1918,.T.);
#9603 = ADVANCED_FACE('',(#9604,#9629),#1840,.T.);
#9604 = FACE_BOUND('',#9605,.T.);
#9605 = EDGE_LOOP('',(#9606,#9628));
#9606 = ORIENTED_EDGE('',*,*,#9607,.T.);
#9607 = EDGE_CURVE('',#1740,#1803,#9608,.T.);
#9608 = SURFACE_CURVE('',#9609,(#9614,#9621),.PCURVE_S1.);
#9609 = CIRCLE('',#9610,3.1);
#9610 = AXIS2_PLACEMENT_3D('',#9611,#9612,#9613);
#9611 = CARTESIAN_POINT('',(-21.3,211.,34.631397208143));
#9612 = DIRECTION('',(-1.,-6.450531537933E-16,-2.775557561562E-17));
#9613 = DIRECTION('',(2.775557561563E-17,-7.136298725426E-15,-1.));
#9614 = PCURVE('',#1840,#9615);
#9615 = DEFINITIONAL_REPRESENTATION('',(#9616),#9620);
#9616 = CIRCLE('',#9617,3.1);
#9617 = AXIS2_PLACEMENT_2D('',#9618,#9619);
#9618 = CARTESIAN_POINT('',(0.,0.));
#9619 = DIRECTION('',(1.,0.));
#9620 = ( GEOMETRIC_REPRESENTATION_CONTEXT(2) 
PARAMETRIC_REPRESENTATION_CONTEXT() REPRESENTATION_CONTEXT('2D SPACE',''
  ) );
#9621 = PCURVE('',#1762,#9622);
#9622 = DEFINITIONAL_REPRESENTATION('',(#9623),#9627);
#9623 = LINE('',#9624,#9625);
#9624 = CARTESIAN_POINT('',(0.,0.));
#9625 = VECTOR('',#9626,1.);
#9626 = DIRECTION('',(1.,0.));
#9627 = ( GEOMETRIC_REPRESENTATION_CONTEXT(2) 
PARAMETRIC_REPRESENTATION_CONTEXT() REPRESENTATION_CONTEXT('2D SPACE',''
  ) );
#9628 = ORIENTED_EDGE('',*,*,#1825,.T.);
#9629 = FACE_BOUND('',#9630,.T.);
#9630 = EDGE_LOOP('',(#9631,#9632));
#9631 = ORIENTED_EDGE('',*,*,#7704,.T.);
#9632 = ORIENTED_EDGE('',*,*,#4088,.T.);
#9633 = ADVANCED_FACE('',(#9634),#1762,.F.);
#9634 = FACE_BOUND('',#9635,.F.);
#9635 = EDGE_LOOP('',(#9636,#9637,#9638,#9639));
#9636 = ORIENTED_EDGE('',*,*,#6953,.F.);
#9637 = ORIENTED_EDGE('',*,*,#1739,.F.);
#9638 = ORIENTED_EDGE('',*,*,#9607,.T.);
#9639 = ORIENTED_EDGE('',*,*,#1802,.T.);
#9640 = ADVANCED_FACE('',(#9641),#8377,.T.);
#9641 = FACE_BOUND('',#9642,.T.);
#9642 = EDGE_LOOP('',(#9643,#9644,#9645,#9674,#9702,#9726,#9754,#9977,
    #10204,#10232,#10261,#10289,#10316));
#9643 = ORIENTED_EDGE('',*,*,#8899,.F.);
#9644 = ORIENTED_EDGE('',*,*,#8363,.F.);
#9645 = ORIENTED_EDGE('',*,*,#9646,.T.);
#9646 = EDGE_CURVE('',#8336,#9647,#9649,.T.);
#9647 = VERTEX_POINT('',#9648);
#9648 = CARTESIAN_POINT('',(8.5,174.95348837209,25.155747864628));
#9649 = SURFACE_CURVE('',#9650,(#9655,#9662),.PCURVE_S1.);
#9650 = CIRCLE('',#9651,22.5);
#9651 = AXIS2_PLACEMENT_3D('',#9652,#9653,#9654);
#9652 = CARTESIAN_POINT('',(8.5,176.,47.631397208143));
#9653 = DIRECTION('',(-1.,-6.450531537933E-16,-3.361508602337E-16));
#9654 = DIRECTION('',(-3.361508602337E-16,7.136298725426E-15,1.));
#9655 = PCURVE('',#8377,#9656);
#9656 = DEFINITIONAL_REPRESENTATION('',(#9657),#9661);
#9657 = LINE('',#9658,#9659);
#9658 = CARTESIAN_POINT('',(-3.14159265359,-8.5));
#9659 = VECTOR('',#9660,1.);
#9660 = DIRECTION('',(1.,0.));
#9661 = ( GEOMETRIC_REPRESENTATION_CONTEXT(2) 
PARAMETRIC_REPRESENTATION_CONTEXT() REPRESENTATION_CONTEXT('2D SPACE',''
  ) );
#9662 = PCURVE('',#9663,#9668);
#9663 = CONICAL_SURFACE('',#9664,22.5,0.785398163397);
#9664 = AXIS2_PLACEMENT_3D('',#9665,#9666,#9667);
#9665 = CARTESIAN_POINT('',(8.5,176.,47.631397208143));
#9666 = DIRECTION('',(-1.,-6.450531537933E-16,-3.361508602337E-16));
#9667 = DIRECTION('',(3.361508602337E-16,-7.136298725426E-15,-1.));
#9668 = DEFINITIONAL_REPRESENTATION('',(#9669),#9673);
#9669 = LINE('',#9670,#9671);
#9670 = CARTESIAN_POINT('',(-3.14159265359,0.));
#9671 = VECTOR('',#9672,1.);
#9672 = DIRECTION('',(1.,0.));
#9673 = ( GEOMETRIC_REPRESENTATION_CONTEXT(2) 
PARAMETRIC_REPRESENTATION_CONTEXT() REPRESENTATION_CONTEXT('2D SPACE',''
  ) );
#9674 = ORIENTED_EDGE('',*,*,#9675,.T.);
#9675 = EDGE_CURVE('',#9647,#9676,#9678,.T.);
#9676 = VERTEX_POINT('',#9677);
#9677 = CARTESIAN_POINT('',(21.5,174.95348837209,25.155747864628));
#9678 = SURFACE_CURVE('',#9679,(#9683,#9690),.PCURVE_S1.);
#9679 = LINE('',#9680,#9681);
#9680 = CARTESIAN_POINT('',(-1.407726819074E-14,174.95348837209,
    25.155747864628));
#9681 = VECTOR('',#9682,1.);
#9682 = DIRECTION('',(1.,6.450531537933E-16,3.361508602337E-16));
#9683 = PCURVE('',#8377,#9684);
#9684 = DEFINITIONAL_REPRESENTATION('',(#9685),#9689);
#9685 = LINE('',#9686,#9687);
#9686 = CARTESIAN_POINT('',(4.652841426549E-02,0.));
#9687 = VECTOR('',#9688,1.);
#9688 = DIRECTION('',(0.,-1.));
#9689 = ( GEOMETRIC_REPRESENTATION_CONTEXT(2) 
PARAMETRIC_REPRESENTATION_CONTEXT() REPRESENTATION_CONTEXT('2D SPACE',''
  ) );
#9690 = PCURVE('',#9691,#9696);
#9691 = PLANE('',#9692);
#9692 = AXIS2_PLACEMENT_3D('',#9693,#9694,#9695);
#9693 = CARTESIAN_POINT('',(-1.50881108773E-14,176.,26.154665613229));
#9694 = DIRECTION('',(2.022281768292E-16,-0.690466643689,0.723364233256)
  );
#9695 = DIRECTION('',(-1.,-6.450531537933E-16,-3.361508602337E-16));
#9696 = DEFINITIONAL_REPRESENTATION('',(#9697),#9701);
#9697 = LINE('',#9698,#9699);
#9698 = CARTESIAN_POINT('',(-1.33120277756E-30,1.446728466511));
#9699 = VECTOR('',#9700,1.);
#9700 = DIRECTION('',(-1.,-4.930380657631E-32));
#9701 = ( GEOMETRIC_REPRESENTATION_CONTEXT(2) 
PARAMETRIC_REPRESENTATION_CONTEXT() REPRESENTATION_CONTEXT('2D SPACE',''
  ) );
#9702 = ORIENTED_EDGE('',*,*,#9703,.T.);
#9703 = EDGE_CURVE('',#9676,#9704,#9706,.T.);
#9704 = VERTEX_POINT('',#9705);
#9705 = CARTESIAN_POINT('',(21.5,166.18296625479,67.876788003224));
#9706 = SURFACE_CURVE('',#9707,(#9712,#9719),.PCURVE_S1.);
#9707 = CIRCLE('',#9708,22.5);
#9708 = AXIS2_PLACEMENT_3D('',#9709,#9710,#9711);
#9709 = CARTESIAN_POINT('',(21.5,176.,47.631397208143));
#9710 = DIRECTION('',(-1.,-6.450531537933E-16,-3.361508602337E-16));
#9711 = DIRECTION('',(3.361508602337E-16,-7.136298725426E-15,-1.));
#9712 = PCURVE('',#8377,#9713);
#9713 = DEFINITIONAL_REPRESENTATION('',(#9714),#9718);
#9714 = LINE('',#9715,#9716);
#9715 = CARTESIAN_POINT('',(6.938893903907E-18,-21.5));
#9716 = VECTOR('',#9717,1.);
#9717 = DIRECTION('',(1.,0.));
#9718 = ( GEOMETRIC_REPRESENTATION_CONTEXT(2) 
PARAMETRIC_REPRESENTATION_CONTEXT() REPRESENTATION_CONTEXT('2D SPACE',''
  ) );
#9719 = PCURVE('',#5158,#9720);
#9720 = DEFINITIONAL_REPRESENTATION('',(#9721),#9725);
#9721 = LINE('',#9722,#9723);
#9722 = CARTESIAN_POINT('',(6.938893903907E-18,-1.7763568394E-15));
#9723 = VECTOR('',#9724,1.);
#9724 = DIRECTION('',(1.,0.));
#9725 = ( GEOMETRIC_REPRESENTATION_CONTEXT(2) 
PARAMETRIC_REPRESENTATION_CONTEXT() REPRESENTATION_CONTEXT('2D SPACE',''
  ) );
#9726 = ORIENTED_EDGE('',*,*,#9727,.T.);
#9727 = EDGE_CURVE('',#9704,#9728,#9730,.T.);
#9728 = VERTEX_POINT('',#9729);
#9729 = CARTESIAN_POINT('',(27.4,166.18296625479,67.876788003224));
#9730 = SURFACE_CURVE('',#9731,(#9735,#9742),.PCURVE_S1.);
#9731 = LINE('',#9732,#9733);
#9732 = CARTESIAN_POINT('',(-2.278052963123E-14,166.18296625479,
    67.876788003224));
#9733 = VECTOR('',#9734,1.);
#9734 = DIRECTION('',(1.,6.450531537933E-16,3.361508602337E-16));
#9735 = PCURVE('',#8377,#9736);
#9736 = DEFINITIONAL_REPRESENTATION('',(#9737),#9741);
#9737 = LINE('',#9738,#9739);
#9738 = CARTESIAN_POINT('',(2.690096103294,0.));
#9739 = VECTOR('',#9740,1.);
#9740 = DIRECTION('',(0.,-1.));
#9741 = ( GEOMETRIC_REPRESENTATION_CONTEXT(2) 
PARAMETRIC_REPRESENTATION_CONTEXT() REPRESENTATION_CONTEXT('2D SPACE',''
  ) );
#9742 = PCURVE('',#9743,#9748);
#9743 = PLANE('',#9744);
#9744 = AXIS2_PLACEMENT_3D('',#9745,#9746,#9747);
#9745 = CARTESIAN_POINT('',(-2.23470889692E-14,165.91,67.111170689854));
#9746 = DIRECTION('',(-4.947033479113E-16,0.941924338737,-0.335825162986
    ));
#9747 = DIRECTION('',(-1.,-6.450531537933E-16,-3.361508602337E-16));
#9748 = DEFINITIONAL_REPRESENTATION('',(#9749),#9753);
#9749 = LINE('',#9750,#9751);
#9750 = CARTESIAN_POINT('',(-3.451266460342E-31,0.812822518629));
#9751 = VECTOR('',#9752,1.);
#9752 = DIRECTION('',(-1.,-4.930380657631E-32));
#9753 = ( GEOMETRIC_REPRESENTATION_CONTEXT(2) 
PARAMETRIC_REPRESENTATION_CONTEXT() REPRESENTATION_CONTEXT('2D SPACE',''
  ) );
#9754 = ORIENTED_EDGE('',*,*,#9755,.T.);
#9755 = EDGE_CURVE('',#9728,#9756,#9758,.T.);
#9756 = VERTEX_POINT('',#9757);
#9757 = CARTESIAN_POINT('',(29.755784255512,168.63134035558,
    68.890580048617));
#9758 = SURFACE_CURVE('',#9759,(#9774,#9825),.PCURVE_S1.);
#9759 = B_SPLINE_CURVE_WITH_KNOTS('',3,(#9760,#9761,#9762,#9763,#9764,
    #9765,#9766,#9767,#9768,#9769,#9770,#9771,#9772,#9773),
  .UNSPECIFIED.,.F.,.F.,(4,2,2,2,2,2,4),(0.,0.125,0.25,0.5,0.625,0.75,1.
    ),.UNSPECIFIED.);
#9760 = CARTESIAN_POINT('',(27.4,166.18296625479,67.876788003224));
#9761 = CARTESIAN_POINT('',(27.560473534818,166.18300865373,
    67.87680856256));
#9762 = CARTESIAN_POINT('',(27.720291327825,166.20006868851,
    67.885106122932));
#9763 = CARTESIAN_POINT('',(28.032179621941,166.26696515674,
    67.917338429952));
#9764 = CARTESIAN_POINT('',(28.186793292694,166.31784095741,
    67.941760039732));
#9765 = CARTESIAN_POINT('',(28.617808136571,166.51042030198,
    68.032819841436));
#9766 = CARTESIAN_POINT('',(28.879891254441,166.70030759957,
    68.1210847058));
#9767 = CARTESIAN_POINT('',(29.197530893739,167.04091419485,
    68.271168879837));
#9768 = CARTESIAN_POINT('',(29.293896061761,167.1668726418,
    68.325505240837));
#9769 = CARTESIAN_POINT('',(29.457844096728,167.4293061319,
    68.435566329122));
#9770 = CARTESIAN_POINT('',(29.52717898309,167.56759247393,
    68.492101173453));
#9771 = CARTESIAN_POINT('',(29.697037044936,168.00385946669,
    68.664932408559));
#9772 = CARTESIAN_POINT('',(29.755776340684,168.3162942194,
    68.781381695735));
#9773 = CARTESIAN_POINT('',(29.755784255512,168.63134035558,
    68.890580048617));
#9774 = PCURVE('',#8377,#9775);
#9775 = DEFINITIONAL_REPRESENTATION('',(#9776),#9824);
#9776 = B_SPLINE_CURVE_WITH_KNOTS('',3,(#9777,#9778,#9779,#9780,#9781,
    #9782,#9783,#9784,#9785,#9786,#9787,#9788,#9789,#9790,#9791,#9792,
    #9793,#9794,#9795,#9796,#9797,#9798,#9799,#9800,#9801,#9802,#9803,
    #9804,#9805,#9806,#9807,#9808,#9809,#9810,#9811,#9812,#9813,#9814,
    #9815,#9816,#9817,#9818,#9819,#9820,#9821,#9822,#9823),
  .UNSPECIFIED.,.F.,.F.,(4,1,1,1,1,1,1,1,1,1,1,1,1,1,1,1,1,1,1,1,1,1,1,1
    ,1,1,1,1,1,1,1,1,1,1,1,1,1,1,1,1,1,1,1,1,4),(0.,2.272727272727E-02,
    4.545454545455E-02,6.818181818182E-02,9.090909090909E-02,
    0.113636363636,0.136363636364,0.159090909091,0.181818181818,
    0.204545454545,0.227272727273,0.25,0.272727272727,0.295454545455,
    0.318181818182,0.340909090909,0.363636363636,0.386363636364,
    0.409090909091,0.431818181818,0.454545454545,0.477272727273,0.5,
    0.522727272727,0.545454545455,0.568181818182,0.590909090909,
    0.613636363636,0.636363636364,0.659090909091,0.681818181818,
    0.704545454545,0.727272727273,0.75,0.772727272727,0.795454545455,
    0.818181818182,0.840909090909,0.863636363636,0.886363636364,
    0.909090909091,0.931818181818,0.954545454545,0.977272727273,1.),
  .QUASI_UNIFORM_KNOTS.);
#9777 = CARTESIAN_POINT('',(2.690096103294,-27.4));
#9778 = CARTESIAN_POINT('',(2.690096484077,-27.42917700633));
#9779 = CARTESIAN_POINT('',(2.690152852963,-27.48748768968));
#9780 = CARTESIAN_POINT('',(2.690402996515,-27.57470744945));
#9781 = CARTESIAN_POINT('',(2.690817512334,-27.66156558542));
#9782 = CARTESIAN_POINT('',(2.691395134251,-27.74794352333));
#9783 = CARTESIAN_POINT('',(2.692134776606,-27.83373463298));
#9784 = CARTESIAN_POINT('',(2.693034681553,-27.91878772358));
#9785 = CARTESIAN_POINT('',(2.694102393734,-28.0034674035));
#9786 = CARTESIAN_POINT('',(2.695328581064,-28.08734835329));
#9787 = CARTESIAN_POINT('',(2.696705901938,-28.17009464636));
#9788 = CARTESIAN_POINT('',(2.698227555302,-28.25139556768));
#9789 = CARTESIAN_POINT('',(2.69988259677,-28.33075016323));
#9790 = CARTESIAN_POINT('',(2.701676124831,-28.40839322329));
#9791 = CARTESIAN_POINT('',(2.70361508017,-28.48479371415));
#9792 = CARTESIAN_POINT('',(2.705690317753,-28.55968271827));
#9793 = CARTESIAN_POINT('',(2.70789700718,-28.63298904555));
#9794 = CARTESIAN_POINT('',(2.710229163852,-28.70458847996));
#9795 = CARTESIAN_POINT('',(2.712681125154,-28.77437118171));
#9796 = CARTESIAN_POINT('',(2.715247115964,-28.84222283202));
#9797 = CARTESIAN_POINT('',(2.717921512109,-28.90803265181));
#9798 = CARTESIAN_POINT('',(2.720698222981,-28.97168018222));
#9799 = CARTESIAN_POINT('',(2.723572899905,-29.0330801438));
#9800 = CARTESIAN_POINT('',(2.72653472268,-29.09201621917));
#9801 = CARTESIAN_POINT('',(2.729597048031,-29.14876106334));
#9802 = CARTESIAN_POINT('',(2.732766104458,-29.20352407521));
#9803 = CARTESIAN_POINT('',(2.736024038939,-29.25602719687));
#9804 = CARTESIAN_POINT('',(2.739359176599,-29.30611810377));
#9805 = CARTESIAN_POINT('',(2.742759235696,-29.35362899468));
#9806 = CARTESIAN_POINT('',(2.746208216001,-29.39832824176));
#9807 = CARTESIAN_POINT('',(2.749720336689,-29.44053726934));
#9808 = CARTESIAN_POINT('',(2.753294671168,-29.48022994938));
#9809 = CARTESIAN_POINT('',(2.756931507445,-29.51741183112));
#9810 = CARTESIAN_POINT('',(2.760629917382,-29.55207031397));
#9811 = CARTESIAN_POINT('',(2.764392652202,-29.58423371944));
#9812 = CARTESIAN_POINT('',(2.768208991319,-29.61378483047));
#9813 = CARTESIAN_POINT('',(2.772064221845,-29.6405902569));
#9814 = CARTESIAN_POINT('',(2.775957087431,-29.66466155155));
#9815 = CARTESIAN_POINT('',(2.779882725847,-29.68597142987));
#9816 = CARTESIAN_POINT('',(2.783837241537,-29.70450301375));
#9817 = CARTESIAN_POINT('',(2.787816481156,-29.7202366367));
#9818 = CARTESIAN_POINT('',(2.791816362476,-29.73315337936));
#9819 = CARTESIAN_POINT('',(2.795832787049,-29.74323412217));
#9820 = CARTESIAN_POINT('',(2.799861664624,-29.75045979923));
#9821 = CARTESIAN_POINT('',(2.803898906891,-29.75481133026));
#9822 = CARTESIAN_POINT('',(2.806593257112,-29.75578353598));
#9823 = CARTESIAN_POINT('',(2.807940465478,-29.75578425551));
#9824 = ( GEOMETRIC_REPRESENTATION_CONTEXT(2) 
PARAMETRIC_REPRESENTATION_CONTEXT() REPRESENTATION_CONTEXT('2D SPACE',''
  ) );
#9825 = PCURVE('',#9826,#9927);
#9826 = B_SPLINE_SURFACE_WITH_KNOTS('',1,3,(
    (#9827,#9828,#9829,#9830,#9831,#9832,#9833,#9834,#9835,#9836,#9837
      ,#9838,#9839,#9840,#9841,#9842,#9843,#9844,#9845,#9846,#9847,#9848
      ,#9849,#9850,#9851,#9852,#9853,#9854,#9855,#9856,#9857,#9858,#9859
      ,#9860,#9861,#9862,#9863,#9864,#9865,#9866,#9867,#9868,#9869,#9870
      ,#9871,#9872,#9873,#9874,#9875,#9876)
    ,(#9877,#9878,#9879,#9880,#9881,#9882,#9883,#9884,#9885,#9886,#9887
      ,#9888,#9889,#9890,#9891,#9892,#9893,#9894,#9895,#9896,#9897,#9898
      ,#9899,#9900,#9901,#9902,#9903,#9904,#9905,#9906,#9907,#9908,#9909
      ,#9910,#9911,#9912,#9913,#9914,#9915,#9916,#9917,#9918,#9919,#9920
      ,#9921,#9922,#9923,#9924,#9925,#9926
    )),.UNSPECIFIED.,.F.,.F.,.F.,(2,2),(4,2,2,2,2,2,2,2,2,2,2,2,2,2,2,2,
    2,2,2,2,2,2,2,2,4),(0.,1.),(0.,2.392060646011E-04,4.784121292023E-04
    ,5.980151615029E-04,7.176181938034E-04,8.37221226104E-04,
    9.568242584046E-04,1.196030323006E-03,1.315633355306E-03,
    1.435236387607E-03,1.554839419907E-03,1.674442452208E-03,
    1.913648516809E-03,2.15285458141E-03,2.272457613711E-03,
    2.392060646011E-03,2.511663678312E-03,2.631266710613E-03,
    2.870472775214E-03,2.990075807514E-03,3.109678839815E-03,
    3.229281872115E-03,3.348884904416E-03,3.588090969017E-03,
    3.827297033618E-03),.UNSPECIFIED.);
#9827 = CARTESIAN_POINT('',(27.4,166.18296625479,67.876788003224));
#9828 = CARTESIAN_POINT('',(27.480949958553,166.18296891623,
    67.876788949167));
#9829 = CARTESIAN_POINT('',(27.561090438944,166.18729037761,
    67.87888638612));
#9830 = CARTESIAN_POINT('',(27.71982036884,166.20421688397,
    67.887080900052));
#9831 = CARTESIAN_POINT('',(27.798409996373,166.21682086796,
    67.893177744186));
#9832 = CARTESIAN_POINT('',(27.915148214138,166.24186494996,
    67.905244542569));
#9833 = CARTESIAN_POINT('',(27.953869584265,166.25123786166,
    67.909754389964));
#9834 = CARTESIAN_POINT('',(28.030928074927,166.27204566519,
    67.919744544004));
#9835 = CARTESIAN_POINT('',(28.069238292532,166.28347190159,
    67.92522072502));
#9836 = CARTESIAN_POINT('',(28.145577828164,166.30844876364,
    67.937160592311));
#9837 = CARTESIAN_POINT('',(28.183352283361,166.32192242751,
    67.943587325871));
#9838 = CARTESIAN_POINT('',(28.257686711203,166.35062906343,
    67.957240189102));
#9839 = CARTESIAN_POINT('',(28.294340802566,166.36589278269,
    67.964481015278));
#9840 = CARTESIAN_POINT('',(28.402713116826,166.4143166514,
    67.987377890346));
#9841 = CARTESIAN_POINT('',(28.472909005534,166.45012495407,
    68.004216414263));
#9842 = CARTESIAN_POINT('',(28.575199740081,166.50898656088,
    68.031670052635));
#9843 = CARTESIAN_POINT('',(28.608796508134,166.52946748105,
    68.041188162457));
#9844 = CARTESIAN_POINT('',(28.674994586811,166.57214907009,
    68.060939047356));
#9845 = CARTESIAN_POINT('',(28.707585185464,166.59434275502,
    68.071168604615));
#9846 = CARTESIAN_POINT('',(28.771811167467,166.64048989918,
    68.092340896915));
#9847 = CARTESIAN_POINT('',(28.803396479485,166.66441848445,
    68.103271700326));
#9848 = CARTESIAN_POINT('',(28.86489254521,166.71346479088,
    68.125566809734));
#9849 = CARTESIAN_POINT('',(28.894938787962,166.73867877109,
    68.136975339411));
#9850 = CARTESIAN_POINT('',(28.982853622653,166.81621699858,
    68.171877709161));
#9851 = CARTESIAN_POINT('',(29.038638190235,166.87053058917,
    68.19609143205));
#9852 = CARTESIAN_POINT('',(29.144663837711,166.98422673701,
    68.246190211599));
#9853 = CARTESIAN_POINT('',(29.194918924035,167.04362870009,
    68.272083793184));
#9854 = CARTESIAN_POINT('',(29.266171266481,167.13655380145,
    68.31207582812));
#9855 = CARTESIAN_POINT('',(29.289276595219,167.16824284851,
    68.325630424092));
#9856 = CARTESIAN_POINT('',(29.333855619455,167.23257013772,
    68.352965523187));
#9857 = CARTESIAN_POINT('',(29.355274369673,167.26512024687,
    68.36670897016));
#9858 = CARTESIAN_POINT('',(29.396465788816,167.33105852682,
    68.3943625998));
#9859 = CARTESIAN_POINT('',(29.416229664822,167.36443337209,
    68.408267163597));
#9860 = CARTESIAN_POINT('',(29.454123003644,167.43198568027,
    68.436215561104));
#9861 = CARTESIAN_POINT('',(29.472252365249,167.4661631839,
    68.450259425556));
#9862 = CARTESIAN_POINT('',(29.524213727608,167.56989500557,
    68.492579044614));
#9863 = CARTESIAN_POINT('',(29.555626686329,167.64065429589,
    68.521045212762));
#9864 = CARTESIAN_POINT('',(29.597884162393,167.74919505934,
    68.564044771351));
#9865 = CARTESIAN_POINT('',(29.611164587676,167.78579820802,
    68.578436688133));
#9866 = CARTESIAN_POINT('',(29.63607105992,167.85978119469,
    68.607298070253));
#9867 = CARTESIAN_POINT('',(29.647726404643,167.89726481715,
    68.621807345734));
#9868 = CARTESIAN_POINT('',(29.669266834196,167.9727302576,68.6507828462
    ));
#9869 = CARTESIAN_POINT('',(29.679122998781,168.01059024578,
    68.665202978162));
#9870 = CARTESIAN_POINT('',(29.697059793898,168.08666641109,
    68.693942279533));
#9871 = CARTESIAN_POINT('',(29.705135726676,168.12486532837,
    68.708254863262));
#9872 = CARTESIAN_POINT('',(29.726704156539,168.23994429409,
    68.751014480307));
#9873 = CARTESIAN_POINT('',(29.737542984272,168.31730574259,
    68.779283160726));
#9874 = CARTESIAN_POINT('',(29.752082624138,168.47333278585,
    68.835315510252));
#9875 = CARTESIAN_POINT('',(29.755782262226,168.5519985212,
    68.863079298052));
#9876 = CARTESIAN_POINT('',(29.755784255512,168.63134035558,
    68.890580048617));
#9877 = CARTESIAN_POINT('',(27.4,165.91,67.111170689854));
#9878 = CARTESIAN_POINT('',(27.503086636686,165.91000326107,
    67.111171600025));
#9879 = CARTESIAN_POINT('',(27.605142434294,165.91529836043,
    67.113189718477));
#9880 = CARTESIAN_POINT('',(27.807278851729,165.93603845855,
    67.12107434154));
#9881 = CARTESIAN_POINT('',(27.907359698295,165.95148215726,
    67.126940622112));
#9882 = CARTESIAN_POINT('',(28.056021296855,165.98216874473,
    67.138551091948));
#9883 = CARTESIAN_POINT('',(28.105331461872,165.99365340106,
    67.14289039103));
#9884 = CARTESIAN_POINT('',(28.203462464932,166.01914926404,
    67.152502748713));
#9885 = CARTESIAN_POINT('',(28.252249043137,166.03314986516,
    67.157771837703));
#9886 = CARTESIAN_POINT('',(28.349464484814,166.06375408783,
    67.169260176583));
#9887 = CARTESIAN_POINT('',(28.397568790344,166.08026340787,
    67.175443871195));
#9888 = CARTESIAN_POINT('',(28.492230804917,166.11543773345,
    67.188580425871));
#9889 = CARTESIAN_POINT('',(28.538908370502,166.13414041364,
    67.195547426664));
#9890 = CARTESIAN_POINT('',(28.676916314996,166.19347432265,
    67.217578413582));
#9891 = CARTESIAN_POINT('',(28.766308060288,166.23735034142,
    67.233780157229));
#9892 = CARTESIAN_POINT('',(28.896571348583,166.30947364168,
    67.260195584925));
#9893 = CARTESIAN_POINT('',(28.939355531355,166.33456897352,
    67.269353749624));
#9894 = CARTESIAN_POINT('',(29.023656220422,166.38686685034,
    67.288357717875));
#9895 = CARTESIAN_POINT('',(29.065159085436,166.41406083787,
    67.298200425297));
#9896 = CARTESIAN_POINT('',(29.146948385775,166.47060506959,
    67.318572047769));
#9897 = CARTESIAN_POINT('',(29.187171057198,166.49992483563,
    67.329089482408));
#9898 = CARTESIAN_POINT('',(29.265483914899,166.56002141941,
    67.35054146056));
#9899 = CARTESIAN_POINT('',(29.303746641227,166.59091618367,
    67.361518555353));
#9900 = CARTESIAN_POINT('',(29.415702777896,166.68592400227,
    67.39510102672));
#9901 = CARTESIAN_POINT('',(29.48674226394,166.75247460486,
    67.418399062397));
#9902 = CARTESIAN_POINT('',(29.621761819185,166.89178682983,
    67.466603262909));
#9903 = CARTESIAN_POINT('',(29.685759725025,166.96457223022,
    67.491517630282));
#9904 = CARTESIAN_POINT('',(29.776496823233,167.07843363073,
    67.52999729163));
#9905 = CARTESIAN_POINT('',(29.805920564413,167.11726231347,
    67.543039295207));
#9906 = CARTESIAN_POINT('',(29.862690225045,167.19608273047,
    67.569340666411));
#9907 = CARTESIAN_POINT('',(29.88996617381,167.23596647514,
    67.582564379235));
#9908 = CARTESIAN_POINT('',(29.942421850572,167.31676084385,
    67.609172235155));
#9909 = CARTESIAN_POINT('',(29.967590381128,167.35765514009,
    67.62255097187));
#9910 = CARTESIAN_POINT('',(30.01584608035,167.44042718236,
    67.64944244846));
#9911 = CARTESIAN_POINT('',(30.038933120128,167.48230497827,
    67.662955217914));
#9912 = CARTESIAN_POINT('',(30.105103902412,167.60940788501,
    67.703674441437));
#9913 = CARTESIAN_POINT('',(30.145107088587,167.69610945193,
    67.731064108202));
#9914 = CARTESIAN_POINT('',(30.198920347546,167.82910476921,
    67.772437558071));
#9915 = CARTESIAN_POINT('',(30.215832454736,167.87395471515,
    67.786285217605));
#9916 = CARTESIAN_POINT('',(30.247549882407,167.96460628671,
    67.814055152588));
#9917 = CARTESIAN_POINT('',(30.262392512451,168.01053507976,
    67.828015732683));
#9918 = CARTESIAN_POINT('',(30.289823415136,168.1030031063,
    67.855895470412));
#9919 = CARTESIAN_POINT('',(30.302374858965,168.14939306138,
    67.869770278117));
#9920 = CARTESIAN_POINT('',(30.325216672779,168.2426094109,
    67.897422749063));
#9921 = CARTESIAN_POINT('',(30.335501060356,168.2894146568,
    67.911194075672));
#9922 = CARTESIAN_POINT('',(30.362967620352,168.43042125258,
    67.952336657835));
#9923 = CARTESIAN_POINT('',(30.376770447636,168.52521246337,
    67.979536305238));
#9924 = CARTESIAN_POINT('',(30.395286115825,168.71639285924,
    68.033449686684));
#9925 = CARTESIAN_POINT('',(30.399997461627,168.81278221654,
    68.060163534927));
#9926 = CARTESIAN_POINT('',(30.4,168.91,68.086624293181));
#9927 = DEFINITIONAL_REPRESENTATION('',(#9928),#9976);
#9928 = B_SPLINE_CURVE_WITH_KNOTS('',3,(#9929,#9930,#9931,#9932,#9933,
    #9934,#9935,#9936,#9937,#9938,#9939,#9940,#9941,#9942,#9943,#9944,
    #9945,#9946,#9947,#9948,#9949,#9950,#9951,#9952,#9953,#9954,#9955,
    #9956,#9957,#9958,#9959,#9960,#9961,#9962,#9963,#9964,#9965,#9966,
    #9967,#9968,#9969,#9970,#9971,#9972,#9973,#9974,#9975),
  .UNSPECIFIED.,.F.,.F.,(4,1,1,1,1,1,1,1,1,1,1,1,1,1,1,1,1,1,1,1,1,1,1,1
    ,1,1,1,1,1,1,1,1,1,1,1,1,1,1,1,1,1,1,1,1,4),(0.,2.272727272727E-02,
    4.545454545455E-02,6.818181818182E-02,9.090909090909E-02,
    0.113636363636,0.136363636364,0.159090909091,0.181818181818,
    0.204545454545,0.227272727273,0.25,0.272727272727,0.295454545455,
    0.318181818182,0.340909090909,0.363636363636,0.386363636364,
    0.409090909091,0.431818181818,0.454545454545,0.477272727273,0.5,
    0.522727272727,0.545454545455,0.568181818182,0.590909090909,
    0.613636363636,0.636363636364,0.659090909091,0.681818181818,
    0.704545454545,0.727272727273,0.75,0.772727272727,0.795454545455,
    0.818181818182,0.840909090909,0.863636363636,0.886363636364,
    0.909090909091,0.931818181818,0.954545454545,0.977272727273,1.),
  .QUASI_UNIFORM_KNOTS.);
#9929 = CARTESIAN_POINT('',(0.,0.));
#9930 = CARTESIAN_POINT('',(-5.810123886593E-06,2.873887532704E-05));
#9931 = CARTESIAN_POINT('',(-1.111733604888E-05,8.638317689444E-05));
#9932 = CARTESIAN_POINT('',(-8.863439214343E-06,1.732287284174E-04));
#9933 = CARTESIAN_POINT('',(-8.731030301883E-06,2.603340609585E-04));
#9934 = CARTESIAN_POINT('',(-1.041497295301E-05,3.475755324136E-04));
#9935 = CARTESIAN_POINT('',(-2.793399631502E-06,4.348425990315E-04));
#9936 = CARTESIAN_POINT('',(-2.980366259996E-06,5.219824002528E-04));
#9937 = CARTESIAN_POINT('',(-9.854073067531E-06,6.093836659154E-04));
#9938 = CARTESIAN_POINT('',(-8.165057823061E-06,6.966284275344E-04));
#9939 = CARTESIAN_POINT('',(-7.300823718195E-06,7.832291920088E-04));
#9940 = CARTESIAN_POINT('',(-1.176069071868E-05,8.701890550677E-04));
#9941 = CARTESIAN_POINT('',(5.841753660904E-06,9.568288549484E-04));
#9942 = CARTESIAN_POINT('',(-1.160632397048E-05,1.043441075566E-03));
#9943 = CARTESIAN_POINT('',(-6.829484443681E-06,1.130493044596E-03));
#9944 = CARTESIAN_POINT('',(-8.016862642131E-06,1.217674412123E-03));
#9945 = CARTESIAN_POINT('',(-7.61728538138E-06,1.304849504087E-03));
#9946 = CARTESIAN_POINT('',(-7.644786270291E-06,1.391903248153E-03));
#9947 = CARTESIAN_POINT('',(-7.593042504037E-06,1.478469561936E-03));
#9948 = CARTESIAN_POINT('',(-7.472042142586E-06,1.565131553133E-03));
#9949 = CARTESIAN_POINT('',(-7.746959844678E-06,1.652227486859E-03));
#9950 = CARTESIAN_POINT('',(-6.546011114588E-06,1.739464319563E-03));
#9951 = CARTESIAN_POINT('',(-1.089012612617E-05,1.826696919095E-03));
#9952 = CARTESIAN_POINT('',(5.433606379881E-06,1.9136299148E-03));
#9953 = CARTESIAN_POINT('',(-1.084429939236E-05,2.000674522561E-03));
#9954 = CARTESIAN_POINT('',(-6.538686543262E-06,2.088053351497E-03));
#9955 = CARTESIAN_POINT('',(-7.43930554901E-06,2.175337494008E-03));
#9956 = CARTESIAN_POINT('',(-8.132711793486E-06,2.262048774749E-03));
#9957 = CARTESIAN_POINT('',(-4.482871636686E-06,2.348776252474E-03));
#9958 = CARTESIAN_POINT('',(1.495260601212E-06,2.435329535892E-03));
#9959 = CARTESIAN_POINT('',(1.173646600686E-05,2.522043270792E-03));
#9960 = CARTESIAN_POINT('',(1.800603957137E-05,2.608915338119E-03));
#9961 = CARTESIAN_POINT('',(1.384685776028E-05,2.69594516159E-03));
#9962 = CARTESIAN_POINT('',(3.21542691833E-06,2.783107770822E-03));
#9963 = CARTESIAN_POINT('',(-1.496532348752E-06,2.870485200637E-03));
#9964 = CARTESIAN_POINT('',(2.770702425959E-06,2.957788077911E-03));
#9965 = CARTESIAN_POINT('',(6.677297413208E-06,3.044683096663E-03));
#9966 = CARTESIAN_POINT('',(1.036653340736E-05,3.131144585523E-03));
#9967 = CARTESIAN_POINT('',(1.32526473006E-05,3.21802939888E-03));
#9968 = CARTESIAN_POINT('',(1.449162100443E-05,3.305110397013E-03));
#9969 = CARTESIAN_POINT('',(1.374512743391E-05,3.392340344702E-03));
#9970 = CARTESIAN_POINT('',(1.008532911559E-05,3.479616055067E-03));
#9971 = CARTESIAN_POINT('',(8.28622650062E-06,3.566848233147E-03));
#9972 = CARTESIAN_POINT('',(3.119259988591E-06,3.653944592792E-03));
#9973 = CARTESIAN_POINT('',(-3.510937385651E-08,3.740813694819E-03));
#9974 = CARTESIAN_POINT('',(-4.928349910513E-07,3.798514633636E-03));
#9975 = CARTESIAN_POINT('',(0.,3.827297033618E-03));
#9976 = ( GEOMETRIC_REPRESENTATION_CONTEXT(2) 
PARAMETRIC_REPRESENTATION_CONTEXT() REPRESENTATION_CONTEXT('2D SPACE',''
  ) );
#9977 = ORIENTED_EDGE('',*,*,#9978,.T.);
#9978 = EDGE_CURVE('',#9756,#9979,#9981,.T.);
#9979 = VERTEX_POINT('',#9980);
#9980 = CARTESIAN_POINT('',(27.4,171.07971445636,69.586824559235));
#9981 = SURFACE_CURVE('',#9982,(#9997,#10048),.PCURVE_S1.);
#9982 = B_SPLINE_CURVE_WITH_KNOTS('',3,(#9983,#9984,#9985,#9986,#9987,
    #9988,#9989,#9990,#9991,#9992,#9993,#9994,#9995,#9996),
  .UNSPECIFIED.,.F.,.F.,(4,2,2,2,2,2,4),(0.,0.25,0.375,0.5,0.625,0.75,1.
    ),.UNSPECIFIED.);
#9983 = CARTESIAN_POINT('',(29.755784255512,168.63134035558,
    68.890580048617));
#9984 = CARTESIAN_POINT('',(29.7557772588,168.9424610005,68.998417784337
    ));
#9985 = CARTESIAN_POINT('',(29.699285039161,169.25132784905,
    69.097636306182));
#9986 = CARTESIAN_POINT('',(29.528754765347,169.69187980276,
    69.229571176814));
#9987 = CARTESIAN_POINT('',(29.459400843412,169.83089491922,
    69.269591435853));
#9988 = CARTESIAN_POINT('',(29.292138084676,170.09860982686,
    69.344133124148));
#9989 = CARTESIAN_POINT('',(29.195299502478,170.22479595679,
    69.377919687557));
#9990 = CARTESIAN_POINT('',(28.978811818491,170.45563621142,
    69.437915771827));
#9991 = CARTESIAN_POINT('',(28.861912233963,170.55816707236,
    69.46360926559));
#9992 = CARTESIAN_POINT('',(28.60295597821,170.74275896442,
    69.508792977006));
#9993 = CARTESIAN_POINT('',(28.464463420255,170.82154210344,
    69.527465815419));
#9994 = CARTESIAN_POINT('',(28.033041542296,171.01192213272,
    69.571909183796));
#9995 = CARTESIAN_POINT('',(27.718551937105,171.07963079436,
    69.586805810298));
#9996 = CARTESIAN_POINT('',(27.4,171.07971445636,69.586824559235));
#9997 = PCURVE('',#8377,#9998);
#9998 = DEFINITIONAL_REPRESENTATION('',(#9999),#10047);
#9999 = B_SPLINE_CURVE_WITH_KNOTS('',3,(#10000,#10001,#10002,#10003,
    #10004,#10005,#10006,#10007,#10008,#10009,#10010,#10011,#10012,
    #10013,#10014,#10015,#10016,#10017,#10018,#10019,#10020,#10021,
    #10022,#10023,#10024,#10025,#10026,#10027,#10028,#10029,#10030,
    #10031,#10032,#10033,#10034,#10035,#10036,#10037,#10038,#10039,
    #10040,#10041,#10042,#10043,#10044,#10045,#10046),.UNSPECIFIED.,.F.,
  .F.,(4,1,1,1,1,1,1,1,1,1,1,1,1,1,1,1,1,1,1,1,1,1,1,1,1,1,1,1,1,1,1,1,1
    ,1,1,1,1,1,1,1,1,1,1,1,4),(0.,2.272727272727E-02,4.545454545455E-02,
    6.818181818182E-02,9.090909090909E-02,0.113636363636,0.136363636364,
    0.159090909091,0.181818181818,0.204545454545,0.227272727273,0.25,
    0.272727272727,0.295454545455,0.318181818182,0.340909090909,
    0.363636363636,0.386363636364,0.409090909091,0.431818181818,
    0.454545454545,0.477272727273,0.5,0.522727272727,0.545454545455,
    0.568181818182,0.590909090909,0.613636363636,0.636363636364,
    0.659090909091,0.681818181818,0.704545454545,0.727272727273,0.75,
    0.772727272727,0.795454545455,0.818181818182,0.840909090909,
    0.863636363636,0.886363636364,0.909090909091,0.931818181818,
    0.954545454545,0.977272727273,1.),.QUASI_UNIFORM_KNOTS.);
#10000 = CARTESIAN_POINT('',(2.807940465478,-29.75578425551));
#10001 = CARTESIAN_POINT('',(2.809270887635,-29.75578361944));
#10002 = CARTESIAN_POINT('',(2.811928095209,-29.7548487072));
#10003 = CARTESIAN_POINT('',(2.815900440324,-29.75064222114));
#10004 = CARTESIAN_POINT('',(2.819856764867,-29.74362841781));
#10005 = CARTESIAN_POINT('',(2.823794508556,-29.73380410526));
#10006 = CARTESIAN_POINT('',(2.827711111222,-29.72116606328));
#10007 = CARTESIAN_POINT('',(2.831603998741,-29.70571117717));
#10008 = CARTESIAN_POINT('',(2.835470635739,-29.68743593835));
#10009 = CARTESIAN_POINT('',(2.839308331296,-29.66633830826));
#10010 = CARTESIAN_POINT('',(2.843114965805,-29.64241076221));
#10011 = CARTESIAN_POINT('',(2.846886280118,-29.61566624992));
#10012 = CARTESIAN_POINT('',(2.850625994254,-29.58604130968));
#10013 = CARTESIAN_POINT('',(2.854308045457,-29.55375765106));
#10014 = CARTESIAN_POINT('',(2.85791368401,-29.51897621484));
#10015 = CARTESIAN_POINT('',(2.861453843715,-29.48157374918));
#10016 = CARTESIAN_POINT('',(2.864931806509,-29.44149998823));
#10017 = CARTESIAN_POINT('',(2.868351752384,-29.39869691473));
#10018 = CARTESIAN_POINT('',(2.87172189149,-29.35306453112));
#10019 = CARTESIAN_POINT('',(2.875014874094,-29.30485381207));
#10020 = CARTESIAN_POINT('',(2.878227469984,-29.25411990984));
#10021 = CARTESIAN_POINT('',(2.881354574197,-29.2009242659));
#10022 = CARTESIAN_POINT('',(2.8843905451,-29.14535586419));
#10023 = CARTESIAN_POINT('',(2.887333731109,-29.08738722949));
#10024 = CARTESIAN_POINT('',(2.890167028555,-29.02742918075));
#10025 = CARTESIAN_POINT('',(2.892882869693,-28.96568544372));
#10026 = CARTESIAN_POINT('',(2.895489065801,-28.90192401454));
#10027 = CARTESIAN_POINT('',(2.897989657036,-28.8360203725));
#10028 = CARTESIAN_POINT('',(2.900388364471,-28.76785579388));
#10029 = CARTESIAN_POINT('',(2.90269393009,-28.69718088392));
#10030 = CARTESIAN_POINT('',(2.904872044884,-28.62482769499));
#10031 = CARTESIAN_POINT('',(2.906922646539,-28.55087446677));
#10032 = CARTESIAN_POINT('',(2.908842160627,-28.47547256059));
#10033 = CARTESIAN_POINT('',(2.91062820799,-28.39873882657));
#10034 = CARTESIAN_POINT('',(2.912277122285,-28.32085503811));
#10035 = CARTESIAN_POINT('',(2.913789173062,-28.24177778659));
#10036 = CARTESIAN_POINT('',(2.915165764065,-28.16143343266));
#10037 = CARTESIAN_POINT('',(2.916404431098,-28.0799721001));
#10038 = CARTESIAN_POINT('',(2.91750374599,-27.99748395553));
#10039 = CARTESIAN_POINT('',(2.918462002312,-27.91407523104));
#10040 = CARTESIAN_POINT('',(2.919277567338,-27.829847854));
#10041 = CARTESIAN_POINT('',(2.919948787624,-27.74490490523));
#10042 = CARTESIAN_POINT('',(2.920474014278,-27.65934915646));
#10043 = CARTESIAN_POINT('',(2.920851596269,-27.57328346226));
#10044 = CARTESIAN_POINT('',(2.921079882405,-27.48681065499));
#10045 = CARTESIAN_POINT('',(2.921131441534,-27.42895926701));
#10046 = CARTESIAN_POINT('',(2.921131787947,-27.4));
#10047 = ( GEOMETRIC_REPRESENTATION_CONTEXT(2) 
PARAMETRIC_REPRESENTATION_CONTEXT() REPRESENTATION_CONTEXT('2D SPACE',''
  ) );
#10048 = PCURVE('',#10049,#10154);
#10049 = B_SPLINE_SURFACE_WITH_KNOTS('',1,3,(
    (#10050,#10051,#10052,#10053,#10054,#10055,#10056,#10057,#10058
      ,#10059,#10060,#10061,#10062,#10063,#10064,#10065,#10066,#10067
      ,#10068,#10069,#10070,#10071,#10072,#10073,#10074,#10075,#10076
      ,#10077,#10078,#10079,#10080,#10081,#10082,#10083,#10084,#10085
      ,#10086,#10087,#10088,#10089,#10090,#10091,#10092,#10093,#10094
      ,#10095,#10096,#10097,#10098,#10099,#10100,#10101)
    ,(#10102,#10103,#10104,#10105,#10106,#10107,#10108,#10109,#10110
      ,#10111,#10112,#10113,#10114,#10115,#10116,#10117,#10118,#10119
      ,#10120,#10121,#10122,#10123,#10124,#10125,#10126,#10127,#10128
      ,#10129,#10130,#10131,#10132,#10133,#10134,#10135,#10136,#10137
      ,#10138,#10139,#10140,#10141,#10142,#10143,#10144,#10145,#10146
      ,#10147,#10148,#10149,#10150,#10151,#10152,#10153
  )),.UNSPECIFIED.,.F.,.F.,.F.,(2,2),(4,2,2,2,2,2,2,2,2,2,2,2,2,2,2,2,2,
    2,2,2,2,2,2,2,2,4),(0.,1.),(0.,2.349455736373E-04,4.698911472746E-04
    ,5.873639340933E-04,7.048367209119E-04,8.223095077306E-04,
    9.397822945493E-04,1.174727868187E-03,1.409673441824E-03,
    1.527146228643E-03,1.644619015461E-03,1.76209180228E-03,
    1.879564589099E-03,2.114510162736E-03,2.231982949554E-03,
    2.349455736373E-03,2.466928523192E-03,2.58440131001E-03,
    2.701874096829E-03,2.819346883648E-03,3.054292457285E-03,
    3.171765244104E-03,3.289238030922E-03,3.406710817741E-03,
    3.52418360456E-03,3.759129178197E-03),.UNSPECIFIED.);
#10050 = CARTESIAN_POINT('',(29.755784255512,168.63134035558,
    68.890580048617));
#10051 = CARTESIAN_POINT('',(29.755782502063,168.70931044999,
    68.917605296417));
#10052 = CARTESIAN_POINT('',(29.752208734134,168.78683884,
    68.943997085528));
#10053 = CARTESIAN_POINT('',(29.738051669187,168.94102170108,
    68.995559570473));
#10054 = CARTESIAN_POINT('',(29.727469764694,169.01767642185,
    69.020730274545));
#10055 = CARTESIAN_POINT('',(29.706309415574,169.13198902197,
    69.057596783773));
#10056 = CARTESIAN_POINT('',(29.698373450344,169.1699814389,
    69.069737280048));
#10057 = CARTESIAN_POINT('',(29.680713190587,169.24573736974,
    69.093725015822));
#10058 = CARTESIAN_POINT('',(29.670989000808,169.28350090248,
    69.105572255814));
#10059 = CARTESIAN_POINT('',(29.649716989911,169.35879174583,
    69.128976305572));
#10060 = CARTESIAN_POINT('',(29.638175512597,169.39629899233,
    69.140526947928));
#10061 = CARTESIAN_POINT('',(29.613194821883,169.4711479622,
    69.163364695405));
#10062 = CARTESIAN_POINT('',(29.599798198603,169.5083465432,
    69.1746076264));
#10063 = CARTESIAN_POINT('',(29.557198172649,169.61839436816,
    69.207563407011));
#10064 = CARTESIAN_POINT('',(29.525495991728,169.69007376556,
    69.228622314762));
#10065 = CARTESIAN_POINT('',(29.455557488107,169.82999397023,
    69.269010954941));
#10066 = CARTESIAN_POINT('',(29.417321992303,169.89824774151,
    69.288344930336));
#10067 = CARTESIAN_POINT('',(29.354993199914,169.9980046888,
    69.316120954832));
#10068 = CARTESIAN_POINT('',(29.333386534503,170.0308191026,
    69.325175241503));
#10069 = CARTESIAN_POINT('',(29.288482102673,170.09555174367,
    69.342883034366));
#10070 = CARTESIAN_POINT('',(29.265175526765,170.12747970546,
    69.351539060434));
#10071 = CARTESIAN_POINT('',(29.216864660466,170.19037375007,
    69.368446384652));
#10072 = CARTESIAN_POINT('',(29.191757053479,170.22145304526,
    69.376727211475));
#10073 = CARTESIAN_POINT('',(29.140392966705,170.28192002838,
    69.392705426077));
#10074 = CARTESIAN_POINT('',(29.114030028897,170.31145451709,
    69.400442639431));
#10075 = CARTESIAN_POINT('',(29.033106923658,170.39773921813,
    69.422867910214));
#10076 = CARTESIAN_POINT('',(28.976541614877,170.45240761541,
    69.436833757559));
#10077 = CARTESIAN_POINT('',(28.887896769467,170.52998960954,
    69.456375965554));
#10078 = CARTESIAN_POINT('',(28.857708778395,170.55512007053,
    69.462657230846));
#10079 = CARTESIAN_POINT('',(28.796043298361,170.60390497642,
    69.474766686645));
#10080 = CARTESIAN_POINT('',(28.764565878627,170.62755950482,
    69.480594884581));
#10081 = CARTESIAN_POINT('',(28.700302333546,170.67336653197,
    69.491807358015));
#10082 = CARTESIAN_POINT('',(28.66750603907,170.69552413721,
    69.49719282533));
#10083 = CARTESIAN_POINT('',(28.600616139645,170.73827933326,
    69.507520740665));
#10084 = CARTESIAN_POINT('',(28.566395722214,170.75894180197,
    69.512478486151));
#10085 = CARTESIAN_POINT('',(28.497455116562,170.798194188,
    69.52184310555));
#10086 = CARTESIAN_POINT('',(28.462590212247,170.81688220683,
    69.526273822468));
#10087 = CARTESIAN_POINT('',(28.392164178469,170.85235362447,
    69.534640549941));
#10088 = CARTESIAN_POINT('',(28.35658945775,170.86914616196,
    69.538578757882));
#10089 = CARTESIAN_POINT('',(28.248789467306,170.91671401567,
    69.549683298871));
#10090 = CARTESIAN_POINT('',(28.175490857918,170.94468597662,
    69.556141601891));
#10091 = CARTESIAN_POINT('',(28.063382971995,170.98098724566,
    69.564469611434));
#10092 = CARTESIAN_POINT('',(28.025653100051,170.99214340674,
    69.567018505849));
#10093 = CARTESIAN_POINT('',(27.949461740256,171.01253770273,
    69.571664508582));
#10094 = CARTESIAN_POINT('',(27.911019997087,171.02177149319,
    69.573760634606));
#10095 = CARTESIAN_POINT('',(27.833309957549,171.03829479668,
    69.577502857717));
#10096 = CARTESIAN_POINT('',(27.794193631047,171.04554584734,
    69.579140247643));
#10097 = CARTESIAN_POINT('',(27.715911607055,171.05794856998,
    69.581936336084));
#10098 = CARTESIAN_POINT('',(27.676649250637,171.06312108824,
    69.583099746668));
#10099 = CARTESIAN_POINT('',(27.55860949703,171.07554099671,
    69.58589050894));
#10100 = CARTESIAN_POINT('',(27.479503458611,171.07971215409,
    69.586823781146));
#10101 = CARTESIAN_POINT('',(27.4,171.07971445636,69.586824559235));
#10102 = CARTESIAN_POINT('',(30.4,168.91,68.086624293181));
#10103 = CARTESIAN_POINT('',(30.39999776705,169.00553698643,
    68.112627530696));
#10104 = CARTESIAN_POINT('',(30.395446712021,169.10053275114,
    68.138021264946));
#10105 = CARTESIAN_POINT('',(30.377418238172,169.28945346514,
    68.187633818098));
#10106 = CARTESIAN_POINT('',(30.363942592682,169.38337872037,
    68.211852644924));
#10107 = CARTESIAN_POINT('',(30.336995707706,169.52344628613,
    68.247324978162));
#10108 = CARTESIAN_POINT('',(30.326889563379,169.56999850654,
    68.259006358867));
#10109 = CARTESIAN_POINT('',(30.304399906635,169.66282247182,
    68.282086953554));
#10110 = CARTESIAN_POINT('',(30.29201652761,169.70909423976,
    68.293486168011));
#10111 = CARTESIAN_POINT('',(30.264927445687,169.80134833197,
    68.316005149859));
#10112 = CARTESIAN_POINT('',(30.250229821378,169.84730607161,
    68.327118983074));
#10113 = CARTESIAN_POINT('',(30.218417879359,169.93901873495,
    68.349093078422));
#10114 = CARTESIAN_POINT('',(30.201357798522,169.98459826585,
    68.359910836955));
#10115 = CARTESIAN_POINT('',(30.147108315541,170.11944019006,
    68.391620333096));
#10116 = CARTESIAN_POINT('',(30.106736816101,170.20726916688,
    68.411882858865));
#10117 = CARTESIAN_POINT('',(30.017672840749,170.37871380595,
    68.450744127087));
#10118 = CARTESIAN_POINT('',(29.968981417866,170.46234535301,
    68.469346952046));
#10119 = CARTESIAN_POINT('',(29.889608115013,170.58457783447,
    68.496072574232));
#10120 = CARTESIAN_POINT('',(29.862092863528,170.62478543239,
    68.504784456121));
#10121 = CARTESIAN_POINT('',(29.80490880893,170.70410252824,
    68.521822595682));
#10122 = CARTESIAN_POINT('',(29.775228787272,170.74322395389,
    68.530151277936));
#10123 = CARTESIAN_POINT('',(29.713706770322,170.82028821207,
    68.546419220071));
#10124 = CARTESIAN_POINT('',(29.681733205348,170.85836976405,
    68.554386891942));
#10125 = CARTESIAN_POINT('',(29.616323030387,170.93246013663,
    68.569760860479));
#10126 = CARTESIAN_POINT('',(29.582750850236,170.96864883268,
    68.57720547664));
#10127 = CARTESIAN_POINT('',(29.479698410205,171.07437373111,
    68.598782693872));
#10128 = CARTESIAN_POINT('',(29.407664680484,171.14135907938,
    68.612220396582));
#10129 = CARTESIAN_POINT('',(29.294778903441,171.23642052538,
    68.631023579437));
#10130 = CARTESIAN_POINT('',(29.256335666118,171.26721295329,
    68.637067306935));
#10131 = CARTESIAN_POINT('',(29.177807065857,171.32698924222,
    68.648718821017));
#10132 = CARTESIAN_POINT('',(29.137721791078,171.35597320556,
    68.654326614749));
#10133 = CARTESIAN_POINT('',(29.055884655613,171.41210069091,
    68.665115067532));
#10134 = CARTESIAN_POINT('',(29.014119844935,171.4392504699,
    68.670296873329));
#10135 = CARTESIAN_POINT('',(28.928938148945,171.4916385376,
    68.680234219231));
#10136 = CARTESIAN_POINT('',(28.885359772846,171.51695632139,
    68.685004478301));
#10137 = CARTESIAN_POINT('',(28.797566581908,171.56505238565,
    68.694014957104));
#10138 = CARTESIAN_POINT('',(28.753167476726,171.58795087019,
    68.698278118177));
#10139 = CARTESIAN_POINT('',(28.663482650604,171.63141410275,
    68.706328442204));
#10140 = CARTESIAN_POINT('',(28.618179621726,171.65199004842,
    68.710117719447));
#10141 = CARTESIAN_POINT('',(28.480900509444,171.71027507973,
    68.720802321452));
#10142 = CARTESIAN_POINT('',(28.387557569546,171.7445492059,
    68.727016391666));
#10143 = CARTESIAN_POINT('',(28.244792519235,171.78902925782,
    68.735029461954));
#10144 = CARTESIAN_POINT('',(28.196744988749,171.80269893487,
    68.73748196516));
#10145 = CARTESIAN_POINT('',(28.099718243261,171.82768812583,
    68.741952270611));
#10146 = CARTESIAN_POINT('',(28.050764172344,171.83900231649,
    68.743969127709));
#10147 = CARTESIAN_POINT('',(27.951803447029,171.85924836894,
    68.747569831656));
#10148 = CARTESIAN_POINT('',(27.901990320367,171.86813310269,
    68.749145300619));
#10149 = CARTESIAN_POINT('',(27.802301195005,171.88333019528,
    68.751835649747));
#10150 = CARTESIAN_POINT('',(27.752302104902,171.88966809714,
    68.752955063785));
#10151 = CARTESIAN_POINT('',(27.601983050859,171.90488624759,
    68.755640288162));
#10152 = CARTESIAN_POINT('',(27.501244575039,171.90999717902,
    68.756538266934));
#10153 = CARTESIAN_POINT('',(27.4,171.91,68.756539015598));
#10154 = DEFINITIONAL_REPRESENTATION('',(#10155),#10203);
#10155 = B_SPLINE_CURVE_WITH_KNOTS('',3,(#10156,#10157,#10158,#10159,
    #10160,#10161,#10162,#10163,#10164,#10165,#10166,#10167,#10168,
    #10169,#10170,#10171,#10172,#10173,#10174,#10175,#10176,#10177,
    #10178,#10179,#10180,#10181,#10182,#10183,#10184,#10185,#10186,
    #10187,#10188,#10189,#10190,#10191,#10192,#10193,#10194,#10195,
    #10196,#10197,#10198,#10199,#10200,#10201,#10202),.UNSPECIFIED.,.F.,
  .F.,(4,1,1,1,1,1,1,1,1,1,1,1,1,1,1,1,1,1,1,1,1,1,1,1,1,1,1,1,1,1,1,1,1
    ,1,1,1,1,1,1,1,1,1,1,1,4),(0.,2.272727272727E-02,4.545454545455E-02,
    6.818181818182E-02,9.090909090909E-02,0.113636363636,0.136363636364,
    0.159090909091,0.181818181818,0.204545454545,0.227272727273,0.25,
    0.272727272727,0.295454545455,0.318181818182,0.340909090909,
    0.363636363636,0.386363636364,0.409090909091,0.431818181818,
    0.454545454545,0.477272727273,0.5,0.522727272727,0.545454545455,
    0.568181818182,0.590909090909,0.613636363636,0.636363636364,
    0.659090909091,0.681818181818,0.704545454545,0.727272727273,0.75,
    0.772727272727,0.795454545455,0.818181818182,0.840909090909,
    0.863636363636,0.886363636364,0.909090909091,0.931818181818,
    0.954545454545,0.977272727273,1.),.QUASI_UNIFORM_KNOTS.);
#10156 = CARTESIAN_POINT('',(0.,0.));
#10157 = CARTESIAN_POINT('',(-2.809086255715E-07,2.840887864501E-05));
#10158 = CARTESIAN_POINT('',(6.038205687807E-06,8.530504325774E-05));
#10159 = CARTESIAN_POINT('',(2.731615659233E-05,1.708269503878E-04));
#10160 = CARTESIAN_POINT('',(5.196897549292E-05,2.564685557704E-04));
#10161 = CARTESIAN_POINT('',(7.01053875787E-05,3.421732981515E-04));
#10162 = CARTESIAN_POINT('',(8.246531558903E-05,4.278869179302E-04));
#10163 = CARTESIAN_POINT('',(8.316928976001E-05,5.13552958178E-04));
#10164 = CARTESIAN_POINT('',(7.304748669952E-05,5.991233033004E-04));
#10165 = CARTESIAN_POINT('',(5.42387094686E-05,6.84521459177E-04));
#10166 = CARTESIAN_POINT('',(3.05918372721E-05,7.69775100238E-04));
#10167 = CARTESIAN_POINT('',(9.066788687396E-06,8.545715717557E-04));
#10168 = CARTESIAN_POINT('',(-4.502234816699E-06,9.397228701506E-04));
#10169 = CARTESIAN_POINT('',(8.942150564337E-06,1.025230714937E-03));
#10170 = CARTESIAN_POINT('',(2.506806853859E-05,1.110446260716E-03));
#10171 = CARTESIAN_POINT('',(2.99030633354E-05,1.195702430518E-03));
#10172 = CARTESIAN_POINT('',(1.745757665787E-05,1.281070542385E-03));
#10173 = CARTESIAN_POINT('',(-7.234661683992E-07,1.366662304562E-03));
#10174 = CARTESIAN_POINT('',(4.751310639505E-07,1.452682162316E-03));
#10175 = CARTESIAN_POINT('',(-3.168355339724E-06,1.538476960333E-03));
#10176 = CARTESIAN_POINT('',(-4.856021444089E-06,1.62400043469E-03));
#10177 = CARTESIAN_POINT('',(-4.033687379703E-06,1.708945590224E-03));
#10178 = CARTESIAN_POINT('',(1.822748409609E-07,1.793961076393E-03));
#10179 = CARTESIAN_POINT('',(-3.007081582832E-06,1.879570718791E-03));
#10180 = CARTESIAN_POINT('',(1.184605153284E-05,1.965143583032E-03));
#10181 = CARTESIAN_POINT('',(3.495640880713E-05,2.050344765847E-03));
#10182 = CARTESIAN_POINT('',(4.043271483553E-05,2.135524754833E-03));
#10183 = CARTESIAN_POINT('',(2.548779369539E-05,2.220825418538E-03));
#10184 = CARTESIAN_POINT('',(-7.751615174033E-07,2.306393383729E-03));
#10185 = CARTESIAN_POINT('',(6.840948180851E-07,2.392515801587E-03));
#10186 = CARTESIAN_POINT('',(-6.816113867589E-06,2.478141016852E-03));
#10187 = CARTESIAN_POINT('',(-4.801691249887E-06,2.563034314169E-03));
#10188 = CARTESIAN_POINT('',(-5.519224619902E-06,2.64835512957E-03));
#10189 = CARTESIAN_POINT('',(-4.843162443627E-06,2.733836030732E-03));
#10190 = CARTESIAN_POINT('',(3.128210637128E-06,2.81934032388E-03));
#10191 = CARTESIAN_POINT('',(-7.669680122934E-06,2.904883975636E-03));
#10192 = CARTESIAN_POINT('',(-4.830873421279E-06,2.990556051542E-03));
#10193 = CARTESIAN_POINT('',(-5.650588379782E-06,3.076201978478E-03));
#10194 = CARTESIAN_POINT('',(-5.495504709285E-06,3.161707658567E-03));
#10195 = CARTESIAN_POINT('',(-5.604454182762E-06,3.247030560913E-03));
#10196 = CARTESIAN_POINT('',(-5.656288007035E-06,3.331846241634E-03));
#10197 = CARTESIAN_POINT('',(-5.697703155931E-06,3.416880787623E-03));
#10198 = CARTESIAN_POINT('',(-5.864068644146E-06,3.502275008631E-03));
#10199 = CARTESIAN_POINT('',(-5.568325927711E-06,3.587853836694E-03));
#10200 = CARTESIAN_POINT('',(-7.024555915304E-06,3.673511263833E-03));
#10201 = CARTESIAN_POINT('',(-3.65140916359E-06,3.730603196429E-03));
#10202 = CARTESIAN_POINT('',(0.,3.759129178197E-03));
#10203 = ( GEOMETRIC_REPRESENTATION_CONTEXT(2) 
PARAMETRIC_REPRESENTATION_CONTEXT() REPRESENTATION_CONTEXT('2D SPACE',''
  ) );
#10204 = ORIENTED_EDGE('',*,*,#10205,.T.);
#10205 = EDGE_CURVE('',#9979,#10206,#10208,.T.);
#10206 = VERTEX_POINT('',#10207);
#10207 = CARTESIAN_POINT('',(21.5,171.07971445636,69.586824559235));
#10208 = SURFACE_CURVE('',#10209,(#10213,#10220),.PCURVE_S1.);
#10209 = LINE('',#10210,#10211);
#10210 = CARTESIAN_POINT('',(-2.651402276132E-14,171.07971445636,
    69.586824559235));
#10211 = VECTOR('',#10212,1.);
#10212 = DIRECTION('',(-1.,-6.450531537933E-16,-3.361508602337E-16));
#10213 = PCURVE('',#8377,#10214);
#10214 = DEFINITIONAL_REPRESENTATION('',(#10215),#10219);
#10215 = LINE('',#10216,#10217);
#10216 = CARTESIAN_POINT('',(2.921131787947,0.));
#10217 = VECTOR('',#10218,1.);
#10218 = DIRECTION('',(0.,1.));
#10219 = ( GEOMETRIC_REPRESENTATION_CONTEXT(2) 
PARAMETRIC_REPRESENTATION_CONTEXT() REPRESENTATION_CONTEXT('2D SPACE',''
  ) );
#10220 = PCURVE('',#10221,#10226);
#10221 = PLANE('',#10222);
#10222 = AXIS2_PLACEMENT_3D('',#10223,#10224,#10225);
#10223 = CARTESIAN_POINT('',(-2.651402276132E-14,171.07971445636,
    69.586824559235));
#10224 = DIRECTION('',(6.93816012046E-16,-0.707106781187,-0.707106781187
    ));
#10225 = DIRECTION('',(-1.,-6.450531537933E-16,-3.361508602337E-16));
#10226 = DEFINITIONAL_REPRESENTATION('',(#10227),#10231);
#10227 = LINE('',#10228,#10229);
#10228 = CARTESIAN_POINT('',(0.,0.));
#10229 = VECTOR('',#10230,1.);
#10230 = DIRECTION('',(1.,0.));
#10231 = ( GEOMETRIC_REPRESENTATION_CONTEXT(2) 
PARAMETRIC_REPRESENTATION_CONTEXT() REPRESENTATION_CONTEXT('2D SPACE',''
  ) );
#10232 = ORIENTED_EDGE('',*,*,#10233,.T.);
#10233 = EDGE_CURVE('',#10206,#10234,#10236,.T.);
#10234 = VERTEX_POINT('',#10235);
#10235 = CARTESIAN_POINT('',(21.5,174.95348837209,70.107046551658));
#10236 = SURFACE_CURVE('',#10237,(#10242,#10249),.PCURVE_S1.);
#10237 = CIRCLE('',#10238,22.5);
#10238 = AXIS2_PLACEMENT_3D('',#10239,#10240,#10241);
#10239 = CARTESIAN_POINT('',(21.5,176.,47.631397208143));
#10240 = DIRECTION('',(-1.,-6.450531537933E-16,-3.361508602337E-16));
#10241 = DIRECTION('',(3.361508602337E-16,-7.136298725426E-15,-1.));
#10242 = PCURVE('',#8377,#10243);
#10243 = DEFINITIONAL_REPRESENTATION('',(#10244),#10248);
#10244 = LINE('',#10245,#10246);
#10245 = CARTESIAN_POINT('',(0.,-21.5));
#10246 = VECTOR('',#10247,1.);
#10247 = DIRECTION('',(1.,0.));
#10248 = ( GEOMETRIC_REPRESENTATION_CONTEXT(2) 
PARAMETRIC_REPRESENTATION_CONTEXT() REPRESENTATION_CONTEXT('2D SPACE',''
  ) );
#10249 = PCURVE('',#10250,#10255);
#10250 = CONICAL_SURFACE('',#10251,22.5,0.785398163397);
#10251 = AXIS2_PLACEMENT_3D('',#10252,#10253,#10254);
#10252 = CARTESIAN_POINT('',(21.5,176.,47.631397208143));
#10253 = DIRECTION('',(-1.,-6.450531537933E-16,-3.361508602337E-16));
#10254 = DIRECTION('',(3.361508602337E-16,-7.136298725426E-15,-1.));
#10255 = DEFINITIONAL_REPRESENTATION('',(#10256),#10260);
#10256 = LINE('',#10257,#10258);
#10257 = CARTESIAN_POINT('',(0.,2.983326221879E-14));
#10258 = VECTOR('',#10259,1.);
#10259 = DIRECTION('',(1.,-1.021291211232E-14));
#10260 = ( GEOMETRIC_REPRESENTATION_CONTEXT(2) 
PARAMETRIC_REPRESENTATION_CONTEXT() REPRESENTATION_CONTEXT('2D SPACE',''
  ) );
#10261 = ORIENTED_EDGE('',*,*,#10262,.T.);
#10262 = EDGE_CURVE('',#10234,#10263,#10265,.T.);
#10263 = VERTEX_POINT('',#10264);
#10264 = CARTESIAN_POINT('',(8.5,174.95348837209,70.107046551658));
#10265 = SURFACE_CURVE('',#10266,(#10270,#10277),.PCURVE_S1.);
#10266 = LINE('',#10267,#10268);
#10267 = CARTESIAN_POINT('',(-2.918768591301E-14,174.95348837209,
    70.107046551658));
#10268 = VECTOR('',#10269,1.);
#10269 = DIRECTION('',(-1.,-6.450531537933E-16,-3.361508602337E-16));
#10270 = PCURVE('',#8377,#10271);
#10271 = DEFINITIONAL_REPRESENTATION('',(#10272),#10276);
#10272 = LINE('',#10273,#10274);
#10273 = CARTESIAN_POINT('',(3.095064239324,0.));
#10274 = VECTOR('',#10275,1.);
#10275 = DIRECTION('',(0.,1.));
#10276 = ( GEOMETRIC_REPRESENTATION_CONTEXT(2) 
PARAMETRIC_REPRESENTATION_CONTEXT() REPRESENTATION_CONTEXT('2D SPACE',''
  ) );
#10277 = PCURVE('',#10278,#10283);
#10278 = PLANE('',#10279);
#10279 = AXIS2_PLACEMENT_3D('',#10280,#10281,#10282);
#10280 = CARTESIAN_POINT('',(-2.918768591301E-14,174.95348837209,
    70.107046551658));
#10281 = DIRECTION('',(6.885471953716E-16,-0.690466643689,
    -0.723364233256));
#10282 = DIRECTION('',(-1.,-6.450531537933E-16,-3.361508602337E-16));
#10283 = DEFINITIONAL_REPRESENTATION('',(#10284),#10288);
#10284 = LINE('',#10285,#10286);
#10285 = CARTESIAN_POINT('',(1.577721810442E-30,-3.359548081487E-46));
#10286 = VECTOR('',#10287,1.);
#10287 = DIRECTION('',(1.,4.930380657631E-32));
#10288 = ( GEOMETRIC_REPRESENTATION_CONTEXT(2) 
PARAMETRIC_REPRESENTATION_CONTEXT() REPRESENTATION_CONTEXT('2D SPACE',''
  ) );
#10289 = ORIENTED_EDGE('',*,*,#10290,.T.);
#10290 = EDGE_CURVE('',#10263,#8574,#10291,.T.);
#10291 = SURFACE_CURVE('',#10292,(#10297,#10304),.PCURVE_S1.);
#10292 = CIRCLE('',#10293,22.5);
#10293 = AXIS2_PLACEMENT_3D('',#10294,#10295,#10296);
#10294 = CARTESIAN_POINT('',(8.5,176.,47.631397208143));
#10295 = DIRECTION('',(-1.,-6.450531537933E-16,-3.361508602337E-16));
#10296 = DIRECTION('',(-3.361508602337E-16,-1.876890518249E-14,1.));
#10297 = PCURVE('',#8377,#10298);
#10298 = DEFINITIONAL_REPRESENTATION('',(#10299),#10303);
#10299 = LINE('',#10300,#10301);
#10300 = CARTESIAN_POINT('',(-3.14159265359,-8.5));
#10301 = VECTOR('',#10302,1.);
#10302 = DIRECTION('',(1.,0.));
#10303 = ( GEOMETRIC_REPRESENTATION_CONTEXT(2) 
PARAMETRIC_REPRESENTATION_CONTEXT() REPRESENTATION_CONTEXT('2D SPACE',''
  ) );
#10304 = PCURVE('',#10305,#10310);
#10305 = CONICAL_SURFACE('',#10306,22.5,0.785398163397);
#10306 = AXIS2_PLACEMENT_3D('',#10307,#10308,#10309);
#10307 = CARTESIAN_POINT('',(8.5,176.,47.631397208143));
#10308 = DIRECTION('',(-1.,-6.450531537933E-16,-3.361508602337E-16));
#10309 = DIRECTION('',(3.361508602337E-16,-7.136298725426E-15,-1.));
#10310 = DEFINITIONAL_REPRESENTATION('',(#10311),#10315);
#10311 = LINE('',#10312,#10313);
#10312 = CARTESIAN_POINT('',(-3.14159265359,0.));
#10313 = VECTOR('',#10314,1.);
#10314 = DIRECTION('',(1.,0.));
#10315 = ( GEOMETRIC_REPRESENTATION_CONTEXT(2) 
PARAMETRIC_REPRESENTATION_CONTEXT() REPRESENTATION_CONTEXT('2D SPACE',''
  ) );
#10316 = ORIENTED_EDGE('',*,*,#8573,.F.);
#10317 = ADVANCED_FACE('',(#10318),#10332,.F.);
#10318 = FACE_BOUND('',#10319,.T.);
#10319 = EDGE_LOOP('',(#10320,#10350,#10373,#10401));
#10320 = ORIENTED_EDGE('',*,*,#10321,.T.);
#10321 = EDGE_CURVE('',#10322,#10324,#10326,.T.);
#10322 = VERTEX_POINT('',#10323);
#10323 = CARTESIAN_POINT('',(21.5,176.,29.531397208143));
#10324 = VERTEX_POINT('',#10325);
#10325 = CARTESIAN_POINT('',(21.5,176.,26.154665613229));
#10326 = SURFACE_CURVE('',#10327,(#10331,#10343),.PCURVE_S1.);
#10327 = LINE('',#10328,#10329);
#10328 = CARTESIAN_POINT('',(21.5,176.,47.631397208143));
#10329 = VECTOR('',#10330,1.);
#10330 = DIRECTION('',(2.775557561563E-17,-7.136298725426E-15,-1.));
#10331 = PCURVE('',#10332,#10337);
#10332 = PLANE('',#10333);
#10333 = AXIS2_PLACEMENT_3D('',#10334,#10335,#10336);
#10334 = CARTESIAN_POINT('',(72.811529493745,176.,47.631397208143));
#10335 = DIRECTION('',(6.450531537933E-16,-1.,7.136298725426E-15));
#10336 = DIRECTION('',(-1.,-6.450531537933E-16,-2.775557561562E-17));
#10337 = DEFINITIONAL_REPRESENTATION('',(#10338),#10342);
#10338 = LINE('',#10339,#10340);
#10339 = CARTESIAN_POINT('',(51.311529493745,0.));
#10340 = VECTOR('',#10341,1.);
#10341 = DIRECTION('',(0.,1.));
#10342 = ( GEOMETRIC_REPRESENTATION_CONTEXT(2) 
PARAMETRIC_REPRESENTATION_CONTEXT() REPRESENTATION_CONTEXT('2D SPACE',''
  ) );
#10343 = PCURVE('',#5186,#10344);
#10344 = DEFINITIONAL_REPRESENTATION('',(#10345),#10349);
#10345 = LINE('',#10346,#10347);
#10346 = CARTESIAN_POINT('',(0.,0.));
#10347 = VECTOR('',#10348,1.);
#10348 = DIRECTION('',(1.,0.));
#10349 = ( GEOMETRIC_REPRESENTATION_CONTEXT(2) 
PARAMETRIC_REPRESENTATION_CONTEXT() REPRESENTATION_CONTEXT('2D SPACE',''
  ) );
#10350 = ORIENTED_EDGE('',*,*,#10351,.T.);
#10351 = EDGE_CURVE('',#10324,#10352,#10354,.T.);
#10352 = VERTEX_POINT('',#10353);
#10353 = CARTESIAN_POINT('',(9.5,176.,26.154665613229));
#10354 = SURFACE_CURVE('',#10355,(#10359,#10366),.PCURVE_S1.);
#10355 = LINE('',#10356,#10357);
#10356 = CARTESIAN_POINT('',(9.5,176.,26.154665613229));
#10357 = VECTOR('',#10358,1.);
#10358 = DIRECTION('',(-1.,-6.450531537933E-16,-3.36484983067E-16));
#10359 = PCURVE('',#10332,#10360);
#10360 = DEFINITIONAL_REPRESENTATION('',(#10361),#10365);
#10361 = LINE('',#10362,#10363);
#10362 = CARTESIAN_POINT('',(63.311529493745,21.476731594915));
#10363 = VECTOR('',#10364,1.);
#10364 = DIRECTION('',(1.,3.087294074513E-16));
#10365 = ( GEOMETRIC_REPRESENTATION_CONTEXT(2) 
PARAMETRIC_REPRESENTATION_CONTEXT() REPRESENTATION_CONTEXT('2D SPACE',''
  ) );
#10366 = PCURVE('',#9691,#10367);
#10367 = DEFINITIONAL_REPRESENTATION('',(#10368),#10372);
#10368 = LINE('',#10369,#10370);
#10369 = CARTESIAN_POINT('',(-9.5,-4.301320473412E-16));
#10370 = VECTOR('',#10371,1.);
#10371 = DIRECTION('',(1.,2.307006712378E-19));
#10372 = ( GEOMETRIC_REPRESENTATION_CONTEXT(2) 
PARAMETRIC_REPRESENTATION_CONTEXT() REPRESENTATION_CONTEXT('2D SPACE',''
  ) );
#10373 = ORIENTED_EDGE('',*,*,#10374,.F.);
#10374 = EDGE_CURVE('',#10375,#10352,#10377,.T.);
#10375 = VERTEX_POINT('',#10376);
#10376 = CARTESIAN_POINT('',(9.5,176.,29.531397208143));
#10377 = SURFACE_CURVE('',#10378,(#10382,#10389),.PCURVE_S1.);
#10378 = LINE('',#10379,#10380);
#10379 = CARTESIAN_POINT('',(9.5,176.,63.531397208143));
#10380 = VECTOR('',#10381,1.);
#10381 = DIRECTION('',(1.819532179247E-16,-7.136298725426E-15,-1.));
#10382 = PCURVE('',#10332,#10383);
#10383 = DEFINITIONAL_REPRESENTATION('',(#10384),#10388);
#10384 = LINE('',#10385,#10386);
#10385 = CARTESIAN_POINT('',(63.311529493745,-15.9));
#10386 = VECTOR('',#10387,1.);
#10387 = DIRECTION('',(-1.54197642309E-16,1.));
#10388 = ( GEOMETRIC_REPRESENTATION_CONTEXT(2) 
PARAMETRIC_REPRESENTATION_CONTEXT() REPRESENTATION_CONTEXT('2D SPACE',''
  ) );
#10389 = PCURVE('',#10390,#10395);
#10390 = PLANE('',#10391);
#10391 = AXIS2_PLACEMENT_3D('',#10392,#10393,#10394);
#10392 = CARTESIAN_POINT('',(9.5,249.5,63.531397208143));
#10393 = DIRECTION('',(1.,6.450531537933E-16,1.819532179247E-16));
#10394 = DIRECTION('',(-1.819532179247E-16,7.136298725426E-15,1.));
#10395 = DEFINITIONAL_REPRESENTATION('',(#10396),#10400);
#10396 = LINE('',#10397,#10398);
#10397 = CARTESIAN_POINT('',(0.,73.5));
#10398 = VECTOR('',#10399,1.);
#10399 = DIRECTION('',(-1.,0.));
#10400 = ( GEOMETRIC_REPRESENTATION_CONTEXT(2) 
PARAMETRIC_REPRESENTATION_CONTEXT() REPRESENTATION_CONTEXT('2D SPACE',''
  ) );
#10401 = ORIENTED_EDGE('',*,*,#10402,.F.);
#10402 = EDGE_CURVE('',#10322,#10375,#10403,.T.);
#10403 = SURFACE_CURVE('',#10404,(#10408,#10415),.PCURVE_S1.);
#10404 = LINE('',#10405,#10406);
#10405 = CARTESIAN_POINT('',(72.811529493745,176.,29.531397208143));
#10406 = VECTOR('',#10407,1.);
#10407 = DIRECTION('',(-1.,-6.450531537933E-16,-2.775557561562E-17));
#10408 = PCURVE('',#10332,#10409);
#10409 = DEFINITIONAL_REPRESENTATION('',(#10410),#10414);
#10410 = LINE('',#10411,#10412);
#10411 = CARTESIAN_POINT('',(0.,18.1));
#10412 = VECTOR('',#10413,1.);
#10413 = DIRECTION('',(1.,-0.));
#10414 = ( GEOMETRIC_REPRESENTATION_CONTEXT(2) 
PARAMETRIC_REPRESENTATION_CONTEXT() REPRESENTATION_CONTEXT('2D SPACE',''
  ) );
#10415 = PCURVE('',#5215,#10416);
#10416 = DEFINITIONAL_REPRESENTATION('',(#10417),#10421);
#10417 = LINE('',#10418,#10419);
#10418 = CARTESIAN_POINT('',(0.,0.));
#10419 = VECTOR('',#10420,1.);
#10420 = DIRECTION('',(0.,1.));
#10421 = ( GEOMETRIC_REPRESENTATION_CONTEXT(2) 
PARAMETRIC_REPRESENTATION_CONTEXT() REPRESENTATION_CONTEXT('2D SPACE',''
  ) );
#10422 = ADVANCED_FACE('',(#10423),#10437,.F.);
#10423 = FACE_BOUND('',#10424,.T.);
#10424 = EDGE_LOOP('',(#10425,#10460,#10483,#10511));
#10425 = ORIENTED_EDGE('',*,*,#10426,.T.);
#10426 = EDGE_CURVE('',#10427,#10429,#10431,.T.);
#10427 = VERTEX_POINT('',#10428);
#10428 = CARTESIAN_POINT('',(9.5,176.,65.731397208143));
#10429 = VERTEX_POINT('',#10430);
#10430 = CARTESIAN_POINT('',(9.5,176.,69.108128803058));
#10431 = SURFACE_CURVE('',#10432,(#10436,#10448),.PCURVE_S1.);
#10432 = LINE('',#10433,#10434);
#10433 = CARTESIAN_POINT('',(9.5,176.,31.731397208143));
#10434 = VECTOR('',#10435,1.);
#10435 = DIRECTION('',(-3.361508602337E-16,7.136298725426E-15,1.));
#10436 = PCURVE('',#10437,#10442);
#10437 = PLANE('',#10438);
#10438 = AXIS2_PLACEMENT_3D('',#10439,#10440,#10441);
#10439 = CARTESIAN_POINT('',(72.811529493745,176.,47.631397208143));
#10440 = DIRECTION('',(6.450531537933E-16,-1.,7.136298725426E-15));
#10441 = DIRECTION('',(-1.,-6.450531537933E-16,-2.775557561562E-17));
#10442 = DEFINITIONAL_REPRESENTATION('',(#10443),#10447);
#10443 = LINE('',#10444,#10445);
#10444 = CARTESIAN_POINT('',(63.311529493745,15.9));
#10445 = VECTOR('',#10446,1.);
#10446 = DIRECTION('',(3.083952846181E-16,-1.));
#10447 = ( GEOMETRIC_REPRESENTATION_CONTEXT(2) 
PARAMETRIC_REPRESENTATION_CONTEXT() REPRESENTATION_CONTEXT('2D SPACE',''
  ) );
#10448 = PCURVE('',#10449,#10454);
#10449 = PLANE('',#10450);
#10450 = AXIS2_PLACEMENT_3D('',#10451,#10452,#10453);
#10451 = CARTESIAN_POINT('',(9.5,176.,31.731397208143));
#10452 = DIRECTION('',(1.,6.450531537933E-16,3.361508602337E-16));
#10453 = DIRECTION('',(-3.361508602337E-16,7.136298725426E-15,1.));
#10454 = DEFINITIONAL_REPRESENTATION('',(#10455),#10459);
#10455 = LINE('',#10456,#10457);
#10456 = CARTESIAN_POINT('',(0.,0.));
#10457 = VECTOR('',#10458,1.);
#10458 = DIRECTION('',(1.,0.));
#10459 = ( GEOMETRIC_REPRESENTATION_CONTEXT(2) 
PARAMETRIC_REPRESENTATION_CONTEXT() REPRESENTATION_CONTEXT('2D SPACE',''
  ) );
#10460 = ORIENTED_EDGE('',*,*,#10461,.T.);
#10461 = EDGE_CURVE('',#10429,#10462,#10464,.T.);
#10462 = VERTEX_POINT('',#10463);
#10463 = CARTESIAN_POINT('',(21.5,176.,69.108128803058));
#10464 = SURFACE_CURVE('',#10465,(#10469,#10476),.PCURVE_S1.);
#10465 = LINE('',#10466,#10467);
#10466 = CARTESIAN_POINT('',(22.5,176.,69.108128803058));
#10467 = VECTOR('',#10468,1.);
#10468 = DIRECTION('',(1.,6.450531537933E-16,3.36484983067E-16));
#10469 = PCURVE('',#10437,#10470);
#10470 = DEFINITIONAL_REPRESENTATION('',(#10471),#10475);
#10471 = LINE('',#10472,#10473);
#10472 = CARTESIAN_POINT('',(50.311529493745,-21.47673159491));
#10473 = VECTOR('',#10474,1.);
#10474 = DIRECTION('',(-1.,-3.087294074513E-16));
#10475 = ( GEOMETRIC_REPRESENTATION_CONTEXT(2) 
PARAMETRIC_REPRESENTATION_CONTEXT() REPRESENTATION_CONTEXT('2D SPACE',''
  ) );
#10476 = PCURVE('',#10278,#10477);
#10477 = DEFINITIONAL_REPRESENTATION('',(#10478),#10482);
#10478 = LINE('',#10479,#10480);
#10479 = CARTESIAN_POINT('',(-22.5,1.446728466511));
#10480 = VECTOR('',#10481,1.);
#10481 = DIRECTION('',(-1.,-2.307006712378E-19));
#10482 = ( GEOMETRIC_REPRESENTATION_CONTEXT(2) 
PARAMETRIC_REPRESENTATION_CONTEXT() REPRESENTATION_CONTEXT('2D SPACE',''
  ) );
#10483 = ORIENTED_EDGE('',*,*,#10484,.T.);
#10484 = EDGE_CURVE('',#10462,#10485,#10487,.T.);
#10485 = VERTEX_POINT('',#10486);
#10486 = CARTESIAN_POINT('',(21.5,176.,65.731397208143));
#10487 = SURFACE_CURVE('',#10488,(#10492,#10499),.PCURVE_S1.);
#10488 = LINE('',#10489,#10490);
#10489 = CARTESIAN_POINT('',(21.5,176.,47.631397208143));
#10490 = VECTOR('',#10491,1.);
#10491 = DIRECTION('',(2.775557561563E-17,-7.136298725426E-15,-1.));
#10492 = PCURVE('',#10437,#10493);
#10493 = DEFINITIONAL_REPRESENTATION('',(#10494),#10498);
#10494 = LINE('',#10495,#10496);
#10495 = CARTESIAN_POINT('',(51.311529493745,0.));
#10496 = VECTOR('',#10497,1.);
#10497 = DIRECTION('',(0.,1.));
#10498 = ( GEOMETRIC_REPRESENTATION_CONTEXT(2) 
PARAMETRIC_REPRESENTATION_CONTEXT() REPRESENTATION_CONTEXT('2D SPACE',''
  ) );
#10499 = PCURVE('',#10500,#10505);
#10500 = PLANE('',#10501);
#10501 = AXIS2_PLACEMENT_3D('',#10502,#10503,#10504);
#10502 = CARTESIAN_POINT('',(21.5,176.,47.631397208143));
#10503 = DIRECTION('',(-0.707106781187,-0.707106781187,
    5.026499065588E-15));
#10504 = DIRECTION('',(2.775557561563E-17,-7.136298725426E-15,-1.));
#10505 = DEFINITIONAL_REPRESENTATION('',(#10506),#10510);
#10506 = LINE('',#10507,#10508);
#10507 = CARTESIAN_POINT('',(0.,0.));
#10508 = VECTOR('',#10509,1.);
#10509 = DIRECTION('',(1.,0.));
#10510 = ( GEOMETRIC_REPRESENTATION_CONTEXT(2) 
PARAMETRIC_REPRESENTATION_CONTEXT() REPRESENTATION_CONTEXT('2D SPACE',''
  ) );
#10511 = ORIENTED_EDGE('',*,*,#10512,.T.);
#10512 = EDGE_CURVE('',#10485,#10427,#10513,.T.);
#10513 = SURFACE_CURVE('',#10514,(#10518,#10525),.PCURVE_S1.);
#10514 = LINE('',#10515,#10516);
#10515 = CARTESIAN_POINT('',(72.811529493745,176.,65.731397208143));
#10516 = VECTOR('',#10517,1.);
#10517 = DIRECTION('',(-1.,-6.450531537933E-16,-2.775557561562E-17));
#10518 = PCURVE('',#10437,#10519);
#10519 = DEFINITIONAL_REPRESENTATION('',(#10520),#10524);
#10520 = LINE('',#10521,#10522);
#10521 = CARTESIAN_POINT('',(0.,-18.1));
#10522 = VECTOR('',#10523,1.);
#10523 = DIRECTION('',(1.,-0.));
#10524 = ( GEOMETRIC_REPRESENTATION_CONTEXT(2) 
PARAMETRIC_REPRESENTATION_CONTEXT() REPRESENTATION_CONTEXT('2D SPACE',''
  ) );
#10525 = PCURVE('',#5215,#10526);
#10526 = DEFINITIONAL_REPRESENTATION('',(#10527),#10531);
#10527 = LINE('',#10528,#10529);
#10528 = CARTESIAN_POINT('',(3.14159265359,0.));
#10529 = VECTOR('',#10530,1.);
#10530 = DIRECTION('',(0.,1.));
#10531 = ( GEOMETRIC_REPRESENTATION_CONTEXT(2) 
PARAMETRIC_REPRESENTATION_CONTEXT() REPRESENTATION_CONTEXT('2D SPACE',''
  ) );
#10532 = ADVANCED_FACE('',(#10533),#5215,.F.);
#10533 = FACE_BOUND('',#10534,.F.);
#10534 = EDGE_LOOP('',(#10535,#10766,#10997,#11025,#11054,#11099,#11100,
    #11121,#11122,#11143,#11144,#11189,#11190));
#10535 = ORIENTED_EDGE('',*,*,#10536,.F.);
#10536 = EDGE_CURVE('',#10537,#10539,#10541,.T.);
#10537 = VERTEX_POINT('',#10538);
#10538 = CARTESIAN_POINT('',(29.656486645937,169.14978263932,
    64.385039263276));
#10539 = VERTEX_POINT('',#10540);
#10540 = CARTESIAN_POINT('',(27.4,166.96961000235,63.317762513415));
#10541 = SURFACE_CURVE('',#10542,(#10563,#10614),.PCURVE_S1.);
#10542 = B_SPLINE_CURVE_WITH_KNOTS('',3,(#10543,#10544,#10545,#10546,
    #10547,#10548,#10549,#10550,#10551,#10552,#10553,#10554,#10555,
    #10556,#10557,#10558,#10559,#10560,#10561,#10562),.UNSPECIFIED.,.F.,
  .F.,(4,2,2,2,2,2,2,2,2,4),(0.,0.25,0.5,0.5625,0.625,0.6875,0.75,0.8125
    ,0.875,1.),.UNSPECIFIED.);
#10543 = CARTESIAN_POINT('',(29.656486645937,169.14978263932,
    64.385039263276));
#10544 = CARTESIAN_POINT('',(29.656428904361,168.87132283885,
    64.271182816232));
#10545 = CARTESIAN_POINT('',(29.601488765572,168.5967013943,
    64.15053867008));
#10546 = CARTESIAN_POINT('',(29.387852191722,168.08142176236,
    63.909818003144));
#10547 = CARTESIAN_POINT('',(29.23238817158,167.84626313337,
    63.792455931235));
#10548 = CARTESIAN_POINT('',(28.97870096659,167.59042611765,
    63.65926028666));
#10549 = CARTESIAN_POINT('',(28.925948273047,167.54213705867,
    63.633812966162));
#10550 = CARTESIAN_POINT('',(28.814254659467,167.44945892479,
    63.584484776009));
#10551 = CARTESIAN_POINT('',(28.757262930114,167.40659844324,
    63.561421542074));
#10552 = CARTESIAN_POINT('',(28.634954753776,167.32367507359,
    63.516409369509));
#10553 = CARTESIAN_POINT('',(28.573376761508,167.28609938019,
    63.495811512204));
#10554 = CARTESIAN_POINT('',(28.440459383158,167.21380256048,
    63.455885818416));
#10555 = CARTESIAN_POINT('',(28.372508438818,167.18110341525,
    63.437668296085));
#10556 = CARTESIAN_POINT('',(28.232648192842,167.12212562624,
    63.404617845724));
#10557 = CARTESIAN_POINT('',(28.16194993554,167.0963265361,
    63.390054387134));
#10558 = CARTESIAN_POINT('',(28.015782444791,167.05104855661,
    63.364386285257));
#10559 = CARTESIAN_POINT('',(27.943630234738,167.03246569456,
    63.353790664596));
#10560 = CARTESIAN_POINT('',(27.712901788065,166.98533203536,
    63.326844687009));
#10561 = CARTESIAN_POINT('',(27.557328203893,166.96964420049,
    63.317782200736));
#10562 = CARTESIAN_POINT('',(27.4,166.96961000235,63.317762513415));
#10563 = PCURVE('',#5215,#10564);
#10564 = DEFINITIONAL_REPRESENTATION('',(#10565),#10613);
#10565 = B_SPLINE_CURVE_WITH_KNOTS('',3,(#10566,#10567,#10568,#10569,
    #10570,#10571,#10572,#10573,#10574,#10575,#10576,#10577,#10578,
    #10579,#10580,#10581,#10582,#10583,#10584,#10585,#10586,#10587,
    #10588,#10589,#10590,#10591,#10592,#10593,#10594,#10595,#10596,
    #10597,#10598,#10599,#10600,#10601,#10602,#10603,#10604,#10605,
    #10606,#10607,#10608,#10609,#10610,#10611,#10612),.UNSPECIFIED.,.F.,
  .F.,(4,1,1,1,1,1,1,1,1,1,1,1,1,1,1,1,1,1,1,1,1,1,1,1,1,1,1,1,1,1,1,1,1
    ,1,1,1,1,1,1,1,1,1,1,1,4),(0.,2.272727272727E-02,4.545454545455E-02,
    6.818181818182E-02,9.090909090909E-02,0.113636363636,0.136363636364,
    0.159090909091,0.181818181818,0.204545454545,0.227272727273,0.25,
    0.272727272727,0.295454545455,0.318181818182,0.340909090909,
    0.363636363636,0.386363636364,0.409090909091,0.431818181818,
    0.454545454545,0.477272727273,0.5,0.522727272727,0.545454545455,
    0.568181818182,0.590909090909,0.613636363636,0.636363636364,
    0.659090909091,0.681818181818,0.704545454545,0.727272727273,0.75,
    0.772727272727,0.795454545455,0.818181818182,0.840909090909,
    0.863636363636,0.886363636364,0.909090909091,0.931818181818,
    0.954545454545,0.977272727273,1.),.QUASI_UNIFORM_KNOTS.);
#10566 = CARTESIAN_POINT('',(2.753455224921,43.155042847808));
#10567 = CARTESIAN_POINT('',(2.75194423889,43.155048097043));
#10568 = CARTESIAN_POINT('',(2.748923163476,43.1559657426));
#10569 = CARTESIAN_POINT('',(2.74439784463,43.160050109135));
#10570 = CARTESIAN_POINT('',(2.739882422161,43.166828831786));
#10571 = CARTESIAN_POINT('',(2.735380505988,43.176288365028));
#10572 = CARTESIAN_POINT('',(2.730895708606,43.18841517612));
#10573 = CARTESIAN_POINT('',(2.726431651404,43.20319568463));
#10574 = CARTESIAN_POINT('',(2.721991940061,43.220616488095));
#10575 = CARTESIAN_POINT('',(2.717580252111,43.240663519882));
#10576 = CARTESIAN_POINT('',(2.71320000686,43.263325192056));
#10577 = CARTESIAN_POINT('',(2.708855593891,43.288580666067));
#10578 = CARTESIAN_POINT('',(2.704547785052,43.316443627128));
#10579 = CARTESIAN_POINT('',(2.700290854165,43.346798916009));
#10580 = CARTESIAN_POINT('',(2.696098002711,43.379539686097));
#10581 = CARTESIAN_POINT('',(2.691968938272,43.414687939632));
#10582 = CARTESIAN_POINT('',(2.687906995599,43.452231139642));
#10583 = CARTESIAN_POINT('',(2.683914544039,43.492166057155));
#10584 = CARTESIAN_POINT('',(2.679994233783,43.53448677042));
#10585 = CARTESIAN_POINT('',(2.676148600677,43.579188820793));
#10586 = CARTESIAN_POINT('',(2.672380398137,43.626264589978));
#10587 = CARTESIAN_POINT('',(2.668691662259,43.675717635184));
#10588 = CARTESIAN_POINT('',(2.665087117265,43.727509971256));
#10589 = CARTESIAN_POINT('',(2.661561486615,43.781758606988));
#10590 = CARTESIAN_POINT('',(2.658146841296,43.838002117738));
#10591 = CARTESIAN_POINT('',(2.654861925998,43.895986943549));
#10592 = CARTESIAN_POINT('',(2.651666293382,43.956472441896));
#10593 = CARTESIAN_POINT('',(2.648619928537,44.018261058962));
#10594 = CARTESIAN_POINT('',(2.645699902179,44.081938166241));
#10595 = CARTESIAN_POINT('',(2.642852374886,44.148737492044));
#10596 = CARTESIAN_POINT('',(2.640185199664,44.21618939484));
#10597 = CARTESIAN_POINT('',(2.637635395766,44.28606055697));
#10598 = CARTESIAN_POINT('',(2.635176112719,44.359192286827));
#10599 = CARTESIAN_POINT('',(2.632900575123,44.433147731315));
#10600 = CARTESIAN_POINT('',(2.630780324375,44.508769706545));
#10601 = CARTESIAN_POINT('',(2.62883178403,44.585480509997));
#10602 = CARTESIAN_POINT('',(2.627062130538,44.663034663424));
#10603 = CARTESIAN_POINT('',(2.625448913825,44.742582848739));
#10604 = CARTESIAN_POINT('',(2.624027961421,44.822092415445));
#10605 = CARTESIAN_POINT('',(2.622786500524,44.902726404051));
#10606 = CARTESIAN_POINT('',(2.621693124346,44.986776273163));
#10607 = CARTESIAN_POINT('',(2.620801173129,45.070985728505));
#10608 = CARTESIAN_POINT('',(2.620106435014,45.155593700519));
#10609 = CARTESIAN_POINT('',(2.619610038088,45.240536162094));
#10610 = CARTESIAN_POINT('',(2.619311679705,45.325830291234));
#10611 = CARTESIAN_POINT('',(2.619244855307,45.382924365765));
#10612 = CARTESIAN_POINT('',(2.619244458903,45.411529493745));
#10613 = ( GEOMETRIC_REPRESENTATION_CONTEXT(2) 
PARAMETRIC_REPRESENTATION_CONTEXT() REPRESENTATION_CONTEXT('2D SPACE',''
  ) );
#10614 = PCURVE('',#10615,#10716);
#10615 = B_SPLINE_SURFACE_WITH_KNOTS('',1,3,(
    (#10616,#10617,#10618,#10619,#10620,#10621,#10622,#10623,#10624
      ,#10625,#10626,#10627,#10628,#10629,#10630,#10631,#10632,#10633
      ,#10634,#10635,#10636,#10637,#10638,#10639,#10640,#10641,#10642
      ,#10643,#10644,#10645,#10646,#10647,#10648,#10649,#10650,#10651
      ,#10652,#10653,#10654,#10655,#10656,#10657,#10658,#10659,#10660
      ,#10661,#10662,#10663,#10664,#10665)
    ,(#10666,#10667,#10668,#10669,#10670,#10671,#10672,#10673,#10674
      ,#10675,#10676,#10677,#10678,#10679,#10680,#10681,#10682,#10683
      ,#10684,#10685,#10686,#10687,#10688,#10689,#10690,#10691,#10692
      ,#10693,#10694,#10695,#10696,#10697,#10698,#10699,#10700,#10701
      ,#10702,#10703,#10704,#10705,#10706,#10707,#10708,#10709,#10710
      ,#10711,#10712,#10713,#10714,#10715
    )),.UNSPECIFIED.,.F.,.F.,.F.,(2,2),(4,2,2,2,2,2,2,2,2,2,2,2,2,2,2,2,
    2,2,2,2,2,2,2,2,4),(0.,1.),(0.,4.651032616594E-04,6.97654892489E-04,
    8.139307079039E-04,9.302065233187E-04,1.046482338734E-03,
    1.162758154148E-03,1.395309784978E-03,1.511585600393E-03,
    1.627861415808E-03,1.744137231223E-03,1.860413046637E-03,
    2.092964677467E-03,2.325516308297E-03,2.441792123712E-03,
    2.558067939127E-03,2.674343754541E-03,2.790619569956E-03,
    2.906895385371E-03,3.023171200786E-03,3.255722831616E-03,
    3.37199864703E-03,3.488274462445E-03,3.60455027786E-03,
    3.720826093275E-03),.UNSPECIFIED.);
#10616 = CARTESIAN_POINT('',(29.656486645937,169.14978263932,
    64.385039263276));
#10617 = CARTESIAN_POINT('',(29.656457477559,169.00911775943,
    64.327523872365));
#10618 = CARTESIAN_POINT('',(29.642528373238,168.87131280076,
    64.269111965561));
#10619 = CARTESIAN_POINT('',(29.602011785415,168.66867739083,
    64.180329394787));
#10620 = CARTESIAN_POINT('',(29.585205906892,168.60177914877,
    64.150525544912));
#10621 = CARTESIAN_POINT('',(29.555034884073,168.50248945196,
    64.105578788685));
#10622 = CARTESIAN_POINT('',(29.544135320243,168.4695347035,
    64.090540224677));
#10623 = CARTESIAN_POINT('',(29.520673386377,168.40402765563,
    64.060411395943));
#10624 = CARTESIAN_POINT('',(29.508056614359,168.37134630552,
    64.045260710475));
#10625 = CARTESIAN_POINT('',(29.481284342936,168.30677685114,
    64.01509596275));
#10626 = CARTESIAN_POINT('',(29.467150206625,168.27492053878,
    64.000097824355));
#10627 = CARTESIAN_POINT('',(29.437381703864,168.21199554609,
    63.970252713451));
#10628 = CARTESIAN_POINT('',(29.421751499382,168.18093571114,
    63.955409929699));
#10629 = CARTESIAN_POINT('',(29.372637861471,168.08894807113,
    63.91113584095));
#10630 = CARTESIAN_POINT('',(29.336936663789,168.02920962349,
    63.881957559439));
#10631 = CARTESIAN_POINT('',(29.278903885271,167.94196778446,
    63.838777313887));
#10632 = CARTESIAN_POINT('',(29.258811591989,167.91328207781,
    63.824481989434));
#10633 = CARTESIAN_POINT('',(29.217106065999,167.8567066735,
    63.796104917495));
#10634 = CARTESIAN_POINT('',(29.195492962341,167.82881692083,
    63.78202312636));
#10635 = CARTESIAN_POINT('',(29.150708876039,167.77384538086,
    63.754093344025));
#10636 = CARTESIAN_POINT('',(29.127538529657,167.74676539525,
    63.740246198819));
#10637 = CARTESIAN_POINT('',(29.079586634689,167.69342465416,
    63.712805973512));
#10638 = CARTESIAN_POINT('',(29.054787914259,167.66715671227,
    63.699208536469));
#10639 = CARTESIAN_POINT('',(28.978739394246,167.59046713784,
    63.659281173789));
#10640 = CARTESIAN_POINT('',(28.925639856573,167.54187929213,
    63.633675740938));
#10641 = CARTESIAN_POINT('',(28.81456307594,167.44971669134,
    63.584622001232));
#10642 = CARTESIAN_POINT('',(28.756595478336,167.40614415597,
    63.561174935477));
#10643 = CARTESIAN_POINT('',(28.665865523749,167.34463305964,
    63.527785715948));
#10644 = CARTESIAN_POINT('',(28.634991472555,167.32477165121,
    63.516953304074));
#10645 = CARTESIAN_POINT('',(28.571942776786,167.28636425519,
    63.495918364633));
#10646 = CARTESIAN_POINT('',(28.539768283594,167.26781808613,
    63.485715723879));
#10647 = CARTESIAN_POINT('',(28.474067861072,167.23208385453,
    63.465981606741));
#10648 = CARTESIAN_POINT('',(28.440538642303,167.21489405534,
    63.456449166868));
#10649 = CARTESIAN_POINT('',(28.372076400672,167.18193613902,
    63.438107969734));
#10650 = CARTESIAN_POINT('',(28.337502337963,167.16634081342,
    63.429395508886));
#10651 = CARTESIAN_POINT('',(28.267654293696,167.13688822807,
    63.412890632923));
#10652 = CARTESIAN_POINT('',(28.232383410236,167.12303251888,
    63.405099076717));
#10653 = CARTESIAN_POINT('',(28.161147166993,167.097056462,
    63.390452341652));
#10654 = CARTESIAN_POINT('',(28.125181802272,167.08493613496,
    63.383597154847));
#10655 = CARTESIAN_POINT('',(28.016234965954,167.05119036913,
    63.364466698893));
#10656 = CARTESIAN_POINT('',(27.942200615341,167.03217200125,
    63.353622779466));
#10657 = CARTESIAN_POINT('',(27.8289808211,167.00904571162,
    63.340401618368));
#10658 = CARTESIAN_POINT('',(27.790864176549,167.00223711007,
    63.336501756673));
#10659 = CARTESIAN_POINT('',(27.713911748948,166.99048118761,
    63.32976071162));
#10660 = CARTESIAN_POINT('',(27.674990704338,166.9855251921,
    63.326914564277));
#10661 = CARTESIAN_POINT('',(27.596647017065,166.97757144765,
    63.322343768374));
#10662 = CARTESIAN_POINT('',(27.557445202766,166.97459113517,
    63.320629187416));
#10663 = CARTESIAN_POINT('',(27.478839136291,166.9706093099,
    63.318337924586));
#10664 = CARTESIAN_POINT('',(27.439458611586,166.96961015113,
    63.317762572105));
#10665 = CARTESIAN_POINT('',(27.4,166.96961000235,63.317762513415));
#10666 = CARTESIAN_POINT('',(30.4,168.91,64.971477955479));
#10667 = CARTESIAN_POINT('',(30.399961220629,168.71643980549,
    64.911949315716));
#10668 = CARTESIAN_POINT('',(30.381442470235,168.52681497074,
    64.851492778731));
#10669 = CARTESIAN_POINT('',(30.327575648693,168.24798098324,
    64.759602493553));
#10670 = CARTESIAN_POINT('',(30.305232225717,168.15592647216,
    64.728755400025));
#10671 = CARTESIAN_POINT('',(30.265119837452,168.01930009434,
    64.682235343088));
#10672 = CARTESIAN_POINT('',(30.250628862489,167.97395311414,
    64.666670374387));
#10673 = CARTESIAN_POINT('',(30.219436210973,167.88381293887,
    64.635486926551));
#10674 = CARTESIAN_POINT('',(30.202662206959,167.83884216515,
    64.619805911729));
#10675 = CARTESIAN_POINT('',(30.167068460188,167.74999215399,
    64.588585287607));
#10676 = CARTESIAN_POINT('',(30.148277119673,167.70615666341,
    64.573062159563));
#10677 = CARTESIAN_POINT('',(30.108699882003,167.61956949371,
    64.54217236072));
#10678 = CARTESIAN_POINT('',(30.087919518189,167.57682998618,
    64.526810025299));
#10679 = CARTESIAN_POINT('',(30.022622914729,167.45025151467,
    64.480986181659));
#10680 = CARTESIAN_POINT('',(29.975158156522,167.36804915148,
    64.450786553674));
#10681 = CARTESIAN_POINT('',(29.898003551655,167.24800108159,
    64.40609484174));
#10682 = CARTESIAN_POINT('',(29.871290838796,167.20852846438,
    64.391299128694));
#10683 = CARTESIAN_POINT('',(29.81584332343,167.13067856843,
    64.361928755543));
#10684 = CARTESIAN_POINT('',(29.787108692498,167.092301214,
    64.347354050261));
#10685 = CARTESIAN_POINT('',(29.72756822983,167.01665829604,
    64.318446623485));
#10686 = CARTESIAN_POINT('',(29.696763244003,166.97939521172,
    64.304114777598));
#10687 = CARTESIAN_POINT('',(29.633011178303,166.90599633469,
    64.275714044134));
#10688 = CARTESIAN_POINT('',(29.600041268454,166.86985065323,
    64.261640647107));
#10689 = CARTESIAN_POINT('',(29.498934727251,166.7643228985,
    64.220315680832));
#10690 = CARTESIAN_POINT('',(29.428338868285,166.69746418527,
    64.193813964267));
#10691 = CARTESIAN_POINT('',(29.280662239,166.5706449611,64.143043164421
    ));
#10692 = CARTESIAN_POINT('',(29.203594292187,166.51068750458,
    64.118775365686));
#10693 = CARTESIAN_POINT('',(29.082968777185,166.42604590975,
    64.084217401465));
#10694 = CARTESIAN_POINT('',(29.041921712382,166.39871586062,
    64.073005815591));
#10695 = CARTESIAN_POINT('',(28.958098443299,166.34586583117,
    64.051234576405));
#10696 = CARTESIAN_POINT('',(28.91532244028,166.32034560116,
    64.040674805942));
#10697 = CARTESIAN_POINT('',(28.827973699299,166.27117394705,
    64.020249922593));
#10698 = CARTESIAN_POINT('',(28.783396588023,166.24752013326,
    64.010383812492));
#10699 = CARTESIAN_POINT('',(28.692376007307,166.20216879398,
    63.991400606437));
#10700 = CARTESIAN_POINT('',(28.646409775548,166.18070903616,
    63.982383177623));
#10701 = CARTESIAN_POINT('',(28.55354676961,166.14018116484,
    63.965300570689));
#10702 = CARTESIAN_POINT('',(28.506654114352,166.12111518499,
    63.957236281545));
#10703 = CARTESIAN_POINT('',(28.411945497258,166.08537114835,
    63.942076857232));
#10704 = CARTESIAN_POINT('',(28.364129528855,166.06869311997,
    63.934981713838));
#10705 = CARTESIAN_POINT('',(28.219284661485,166.02225766995,
    63.91518162202));
#10706 = CARTESIAN_POINT('',(28.120855959397,165.9960876765,
    63.903958125788));
#10707 = CARTESIAN_POINT('',(27.970330192566,165.96426502736,
    63.89027417574));
#10708 = CARTESIAN_POINT('',(27.919654096672,165.95489613413,
    63.886237804635));
#10709 = CARTESIAN_POINT('',(27.81734580993,165.93871954023,
    63.879260798372));
#10710 = CARTESIAN_POINT('',(27.765600263799,165.93189990298,
    63.876315025472));
#10711 = CARTESIAN_POINT('',(27.661442296703,165.92095524983,
    63.87158423501));
#10712 = CARTESIAN_POINT('',(27.609323467147,165.91685422713,
    63.869809637453));
#10713 = CARTESIAN_POINT('',(27.504816666786,165.91137508497,
    63.867438172051));
#10714 = CARTESIAN_POINT('',(27.452460241664,165.91000020472,
    63.866842680131));
#10715 = CARTESIAN_POINT('',(27.4,165.91,63.866842619386));
#10716 = DEFINITIONAL_REPRESENTATION('',(#10717),#10765);
#10717 = B_SPLINE_CURVE_WITH_KNOTS('',3,(#10718,#10719,#10720,#10721,
    #10722,#10723,#10724,#10725,#10726,#10727,#10728,#10729,#10730,
    #10731,#10732,#10733,#10734,#10735,#10736,#10737,#10738,#10739,
    #10740,#10741,#10742,#10743,#10744,#10745,#10746,#10747,#10748,
    #10749,#10750,#10751,#10752,#10753,#10754,#10755,#10756,#10757,
    #10758,#10759,#10760,#10761,#10762,#10763,#10764),.UNSPECIFIED.,.F.,
  .F.,(4,1,1,1,1,1,1,1,1,1,1,1,1,1,1,1,1,1,1,1,1,1,1,1,1,1,1,1,1,1,1,1,1
    ,1,1,1,1,1,1,1,1,1,1,1,4),(0.,2.272727272727E-02,4.545454545455E-02,
    6.818181818182E-02,9.090909090909E-02,0.113636363636,0.136363636364,
    0.159090909091,0.181818181818,0.204545454545,0.227272727273,0.25,
    0.272727272727,0.295454545455,0.318181818182,0.340909090909,
    0.363636363636,0.386363636364,0.409090909091,0.431818181818,
    0.454545454545,0.477272727273,0.5,0.522727272727,0.545454545455,
    0.568181818182,0.590909090909,0.613636363636,0.636363636364,
    0.659090909091,0.681818181818,0.704545454545,0.727272727273,0.75,
    0.772727272727,0.795454545455,0.818181818182,0.840909090909,
    0.863636363636,0.886363636364,0.909090909091,0.931818181818,
    0.954545454545,0.977272727273,1.),.QUASI_UNIFORM_KNOTS.);
#10718 = CARTESIAN_POINT('',(0.,0.));
#10719 = CARTESIAN_POINT('',(-1.300284305436E-06,2.79002327114E-05));
#10720 = CARTESIAN_POINT('',(-3.853114689475E-06,8.383761882414E-05));
#10721 = CARTESIAN_POINT('',(-6.807031378316E-06,1.680863174773E-04));
#10722 = CARTESIAN_POINT('',(-5.894374748701E-06,2.526102596602E-04));
#10723 = CARTESIAN_POINT('',(-6.030856155232E-06,3.373393862086E-04));
#10724 = CARTESIAN_POINT('',(-5.876285242235E-06,4.222026632513E-04));
#10725 = CARTESIAN_POINT('',(-5.873409638955E-06,5.071343866075E-04));
#10726 = CARTESIAN_POINT('',(-5.589311315835E-06,5.920342569946E-04));
#10727 = CARTESIAN_POINT('',(-6.311157428269E-06,6.76870330335E-04));
#10728 = CARTESIAN_POINT('',(-2.547476178551E-06,7.615484697716E-04));
#10729 = CARTESIAN_POINT('',(2.109133895508E-07,8.46018288424E-04));
#10730 = CARTESIAN_POINT('',(-2.58500764903E-06,9.301406848019E-04));
#10731 = CARTESIAN_POINT('',(1.012911731649E-05,1.014658112281E-03));
#10732 = CARTESIAN_POINT('',(4.253844121691E-05,1.09928072431E-03));
#10733 = CARTESIAN_POINT('',(7.713304132297E-05,1.18401329686E-03));
#10734 = CARTESIAN_POINT('',(1.03291889675E-04,1.268797393503E-03));
#10735 = CARTESIAN_POINT('',(1.200339929748E-04,1.353591739975E-03));
#10736 = CARTESIAN_POINT('',(1.199849604017E-04,1.438351123042E-03));
#10737 = CARTESIAN_POINT('',(1.044466801313E-04,1.523035573894E-03));
#10738 = CARTESIAN_POINT('',(7.651861905714E-05,1.607590808513E-03));
#10739 = CARTESIAN_POINT('',(4.293151454703E-05,1.692010948874E-03));
#10740 = CARTESIAN_POINT('',(1.147370218527E-05,1.776106445995E-03));
#10741 = CARTESIAN_POINT('',(-4.710624678537E-06,1.860356166751E-03));
#10742 = CARTESIAN_POINT('',(7.36879663879E-06,1.944947166827E-03));
#10743 = CARTESIAN_POINT('',(3.610499175934E-06,2.02922899967E-03));
#10744 = CARTESIAN_POINT('',(-3.515082909046E-06,2.114324936183E-03));
#10745 = CARTESIAN_POINT('',(2.012718707597E-05,2.198574313851E-03));
#10746 = CARTESIAN_POINT('',(7.585371305685E-07,2.282709391919E-03));
#10747 = CARTESIAN_POINT('',(3.082675051461E-06,2.368324288484E-03));
#10748 = CARTESIAN_POINT('',(2.820865784689E-05,2.452218307105E-03));
#10749 = CARTESIAN_POINT('',(-5.151129627311E-06,2.536510044843E-03));
#10750 = CARTESIAN_POINT('',(3.507895664847E-06,2.622203596681E-03));
#10751 = CARTESIAN_POINT('',(3.298600763007E-06,2.706082253961E-03));
#10752 = CARTESIAN_POINT('',(-2.91211276643E-06,2.790621176438E-03));
#10753 = CARTESIAN_POINT('',(8.34985034129E-06,2.875150460025E-03));
#10754 = CARTESIAN_POINT('',(5.130376548397E-06,2.959395981687E-03));
#10755 = CARTESIAN_POINT('',(-5.12146440451E-06,3.044589218927E-03));
#10756 = CARTESIAN_POINT('',(2.895373224912E-05,3.128575964776E-03));
#10757 = CARTESIAN_POINT('',(2.628597067235E-06,3.212553094822E-03));
#10758 = CARTESIAN_POINT('',(-2.726967064126E-07,3.298866412028E-03));
#10759 = CARTESIAN_POINT('',(1.130877825233E-05,3.384143267537E-03));
#10760 = CARTESIAN_POINT('',(1.518006455678E-05,3.468473630216E-03));
#10761 = CARTESIAN_POINT('',(9.701650854618E-06,3.552392365576E-03));
#10762 = CARTESIAN_POINT('',(-1.064833226675E-06,3.636574468015E-03));
#10763 = CARTESIAN_POINT('',(-2.534443406993E-06,3.69273150921E-03));
#10764 = CARTESIAN_POINT('',(0.,3.720826093275E-03));
#10765 = ( GEOMETRIC_REPRESENTATION_CONTEXT(2) 
PARAMETRIC_REPRESENTATION_CONTEXT() REPRESENTATION_CONTEXT('2D SPACE',''
  ) );
#10766 = ORIENTED_EDGE('',*,*,#10767,.F.);
#10767 = EDGE_CURVE('',#10768,#10537,#10770,.T.);
#10768 = VERTEX_POINT('',#10769);
#10769 = CARTESIAN_POINT('',(27.4,171.32995527629,65.118554846782));
#10770 = SURFACE_CURVE('',#10771,(#10790,#10841),.PCURVE_S1.);
#10771 = B_SPLINE_CURVE_WITH_KNOTS('',3,(#10772,#10773,#10774,#10775,
    #10776,#10777,#10778,#10779,#10780,#10781,#10782,#10783,#10784,
    #10785,#10786,#10787,#10788,#10789),.UNSPECIFIED.,.F.,.F.,(4,2,2,2,2
    ,2,2,2,4),(0.,0.125,0.25,0.375,0.5,0.625,0.75,0.875,1.),
  .UNSPECIFIED.);
#10772 = CARTESIAN_POINT('',(27.4,171.32995527629,65.118554846782));
#10773 = CARTESIAN_POINT('',(27.55251603323,171.32991820188,
    65.11854494585));
#10774 = CARTESIAN_POINT('',(27.703638325271,171.3150891113,
    65.114604445203));
#10775 = CARTESIAN_POINT('',(28.000851057472,171.25635048929,
    65.098758618744));
#10776 = CARTESIAN_POINT('',(28.147598796417,171.21196992173,
    65.086719979538));
#10777 = CARTESIAN_POINT('',(28.424889748746,171.09755875413,
    65.054932868701));
#10778 = CARTESIAN_POINT('',(28.556239121218,171.02761006173,
    65.035210444141));
#10779 = CARTESIAN_POINT('',(28.804092006268,170.86266763108,
    64.987237521506));
#10780 = CARTESIAN_POINT('',(28.919222557148,170.76808463857,
    64.959079095183));
#10781 = CARTESIAN_POINT('',(29.124415692329,170.56315305978,
    64.895874995676));
#10782 = CARTESIAN_POINT('',(29.217559204094,170.44944828776,
    64.859772161791));
#10783 = CARTESIAN_POINT('',(29.375485964191,170.21276558743,
    64.781716322018));
#10784 = CARTESIAN_POINT('',(29.442375161777,170.08714043272,
    64.738908631345));
#10785 = CARTESIAN_POINT('',(29.549283661914,169.82826526778,
    64.647229416779));
#10786 = CARTESIAN_POINT('',(29.589882462281,169.69321384347,
    64.597695997111));
#10787 = CARTESIAN_POINT('',(29.643162067574,169.4233561064,
    64.494925940811));
#10788 = CARTESIAN_POINT('',(29.65648352791,169.28715733523,
    64.441208932161));
#10789 = CARTESIAN_POINT('',(29.656486645937,169.14978263932,
    64.385039263276));
#10790 = PCURVE('',#5215,#10791);
#10791 = DEFINITIONAL_REPRESENTATION('',(#10792),#10840);
#10792 = B_SPLINE_CURVE_WITH_KNOTS('',3,(#10793,#10794,#10795,#10796,
    #10797,#10798,#10799,#10800,#10801,#10802,#10803,#10804,#10805,
    #10806,#10807,#10808,#10809,#10810,#10811,#10812,#10813,#10814,
    #10815,#10816,#10817,#10818,#10819,#10820,#10821,#10822,#10823,
    #10824,#10825,#10826,#10827,#10828,#10829,#10830,#10831,#10832,
    #10833,#10834,#10835,#10836,#10837,#10838,#10839),.UNSPECIFIED.,.F.,
  .F.,(4,1,1,1,1,1,1,1,1,1,1,1,1,1,1,1,1,1,1,1,1,1,1,1,1,1,1,1,1,1,1,1,1
    ,1,1,1,1,1,1,1,1,1,1,1,4),(0.,2.272727272727E-02,4.545454545455E-02,
    6.818181818182E-02,9.090909090909E-02,0.113636363636,0.136363636364,
    0.159090909091,0.181818181818,0.204545454545,0.227272727273,0.25,
    0.272727272727,0.295454545455,0.318181818182,0.340909090909,
    0.363636363636,0.386363636364,0.409090909091,0.431818181818,
    0.454545454545,0.477272727273,0.5,0.522727272727,0.545454545455,
    0.568181818182,0.590909090909,0.613636363636,0.636363636364,
    0.659090909091,0.681818181818,0.704545454545,0.727272727273,0.75,
    0.772727272727,0.795454545455,0.818181818182,0.840909090909,
    0.863636363636,0.886363636364,0.909090909091,0.931818181818,
    0.954545454545,0.977272727273,1.),.QUASI_UNIFORM_KNOTS.);
#10793 = CARTESIAN_POINT('',(2.880627113017,45.411529493745));
#10794 = CARTESIAN_POINT('',(2.880626727534,45.383799305885));
#10795 = CARTESIAN_POINT('',(2.880570049122,45.328431080863));
#10796 = CARTESIAN_POINT('',(2.880317768668,45.245695642218));
#10797 = CARTESIAN_POINT('',(2.879898678894,45.16331763996));
#10798 = CARTESIAN_POINT('',(2.879313254258,45.081337294136));
#10799 = CARTESIAN_POINT('',(2.878561889927,44.999796003895));
#10800 = CARTESIAN_POINT('',(2.877645275559,44.918730769433));
#10801 = CARTESIAN_POINT('',(2.876559463299,44.838120314599));
#10802 = CARTESIAN_POINT('',(2.875309807945,44.758222967072));
#10803 = CARTESIAN_POINT('',(2.873900364092,44.679256814901));
#10804 = CARTESIAN_POINT('',(2.872335583068,44.601442167736));
#10805 = CARTESIAN_POINT('',(2.87061961875,44.525030688455));
#10806 = CARTESIAN_POINT('',(2.868757407011,44.450146405423));
#10807 = CARTESIAN_POINT('',(2.866749720674,44.376692242687));
#10808 = CARTESIAN_POINT('',(2.86459660713,44.304700811391));
#10809 = CARTESIAN_POINT('',(2.862298186352,44.234166185408));
#10810 = CARTESIAN_POINT('',(2.859854988234,44.165106900598));
#10811 = CARTESIAN_POINT('',(2.857265805022,44.097482182141));
#10812 = CARTESIAN_POINT('',(2.854540436679,44.03168455737));
#10813 = CARTESIAN_POINT('',(2.851687531645,43.967828288077));
#10814 = CARTESIAN_POINT('',(2.848715947444,43.906060606083));
#10815 = CARTESIAN_POINT('',(2.845632412328,43.846487165583));
#10816 = CARTESIAN_POINT('',(2.84245192791,43.789346961249));
#10817 = CARTESIAN_POINT('',(2.839158492418,43.734387203463));
#10818 = CARTESIAN_POINT('',(2.835741137769,43.681391285998));
#10819 = CARTESIAN_POINT('',(2.832219786114,43.630632316736));
#10820 = CARTESIAN_POINT('',(2.82860642881,43.582257308738));
#10821 = CARTESIAN_POINT('',(2.824913855576,43.536427940237));
#10822 = CARTESIAN_POINT('',(2.821159549091,43.493373323597));
#10823 = CARTESIAN_POINT('',(2.817317699101,43.45270971283));
#10824 = CARTESIAN_POINT('',(2.813398092867,43.41452192872));
#10825 = CARTESIAN_POINT('',(2.809407185233,43.37885076789));
#10826 = CARTESIAN_POINT('',(2.805351189402,43.345742663586));
#10827 = CARTESIAN_POINT('',(2.801240580187,43.315265526724));
#10828 = CARTESIAN_POINT('',(2.797068983446,43.287395720916));
#10829 = CARTESIAN_POINT('',(2.792835000753,43.262100220129));
#10830 = CARTESIAN_POINT('',(2.788554068711,43.239438000031));
#10831 = CARTESIAN_POINT('',(2.784237369458,43.219444968223));
#10832 = CARTESIAN_POINT('',(2.779896252634,43.202157302876));
#10833 = CARTESIAN_POINT('',(2.775545623932,43.187633167956));
#10834 = CARTESIAN_POINT('',(2.771172368865,43.175742234884));
#10835 = CARTESIAN_POINT('',(2.766777163966,43.166495221468));
#10836 = CARTESIAN_POINT('',(2.762359831038,43.159889255617));
#10837 = CARTESIAN_POINT('',(2.757920417961,43.155925107891));
#10838 = CARTESIAN_POINT('',(2.7549460777,43.155043414722));
#10839 = CARTESIAN_POINT('',(2.753455224921,43.155042847808));
#10840 = ( GEOMETRIC_REPRESENTATION_CONTEXT(2) 
PARAMETRIC_REPRESENTATION_CONTEXT() REPRESENTATION_CONTEXT('2D SPACE',''
  ) );
#10841 = PCURVE('',#10842,#10947);
#10842 = B_SPLINE_SURFACE_WITH_KNOTS('',1,3,(
    (#10843,#10844,#10845,#10846,#10847,#10848,#10849,#10850,#10851
      ,#10852,#10853,#10854,#10855,#10856,#10857,#10858,#10859,#10860
      ,#10861,#10862,#10863,#10864,#10865,#10866,#10867,#10868,#10869
      ,#10870,#10871,#10872,#10873,#10874,#10875,#10876,#10877,#10878
      ,#10879,#10880,#10881,#10882,#10883,#10884,#10885,#10886,#10887
      ,#10888,#10889,#10890,#10891,#10892,#10893,#10894)
    ,(#10895,#10896,#10897,#10898,#10899,#10900,#10901,#10902,#10903
      ,#10904,#10905,#10906,#10907,#10908,#10909,#10910,#10911,#10912
      ,#10913,#10914,#10915,#10916,#10917,#10918,#10919,#10920,#10921
      ,#10922,#10923,#10924,#10925,#10926,#10927,#10928,#10929,#10930
      ,#10931,#10932,#10933,#10934,#10935,#10936,#10937,#10938,#10939
      ,#10940,#10941,#10942,#10943,#10944,#10945,#10946
  )),.UNSPECIFIED.,.F.,.F.,.F.,(2,2),(4,2,2,2,2,2,2,2,2,2,2,2,2,2,2,2,2,
    2,2,2,2,2,2,2,2,4),(0.,1.),(0.,2.268808882439E-04,4.537617764878E-04
    ,5.672022206098E-04,6.806426647317E-04,7.940831088537E-04,
    9.075235529756E-04,1.020963997098E-03,1.13440444122E-03,
    1.361285329463E-03,1.474725773585E-03,1.588166217707E-03,
    1.701606661829E-03,1.815047105951E-03,2.041927994195E-03,
    2.155368438317E-03,2.268808882439E-03,2.382249326561E-03,
    2.495689770683E-03,2.722570658927E-03,2.836011103049E-03,
    2.949451547171E-03,3.062891991293E-03,3.176332435415E-03,
    3.403213323659E-03,3.630094211902E-03),.UNSPECIFIED.);
#10843 = CARTESIAN_POINT('',(27.4,171.32995527629,65.118554846782));
#10844 = CARTESIAN_POINT('',(27.476725434509,171.32995305172,
    65.118553987131));
#10845 = CARTESIAN_POINT('',(27.552760672714,171.32618466275,
    65.117549123554));
#10846 = CARTESIAN_POINT('',(27.703499334793,171.31138480856,
    65.113586611641));
#10847 = CARTESIAN_POINT('',(27.778202964814,171.30035440302,
    65.110629507493));
#10848 = CARTESIAN_POINT('',(27.889265554651,171.27840249894,
    65.104707544214));
#10849 = CARTESIAN_POINT('',(27.926120645795,171.27018257982,
    65.10248523046));
#10850 = CARTESIAN_POINT('',(27.999496282092,171.25192324089,
    65.097531770435));
#10851 = CARTESIAN_POINT('',(28.036028091894,171.24187930723,
    65.094799393889));
#10852 = CARTESIAN_POINT('',(28.108706570951,171.21996237586,
    65.088813110205));
#10853 = CARTESIAN_POINT('',(28.144986758327,171.20803607916,
    65.085544452158));
#10854 = CARTESIAN_POINT('',(28.216320849393,171.18262016185,
    65.078546681039));
#10855 = CARTESIAN_POINT('',(28.251528358915,171.16908910925,
    65.074806307753));
#10856 = CARTESIAN_POINT('',(28.320960186249,171.14043956661,
    65.066846540486));
#10857 = CARTESIAN_POINT('',(28.355198450572,171.1253172976,
    65.062626125209));
#10858 = CARTESIAN_POINT('',(28.42273175509,171.09350157842,
    65.053697464175));
#10859 = CARTESIAN_POINT('',(28.456026749011,171.07680804785,
    65.0489892063));
#10860 = CARTESIAN_POINT('',(28.554504312595,171.02438893947,
    65.034115785177));
#10861 = CARTESIAN_POINT('',(28.618304086559,170.98630874591,
    65.023197804145));
#10862 = CARTESIAN_POINT('',(28.711096302335,170.92455389665,
    65.005237072162));
#10863 = CARTESIAN_POINT('',(28.741580744088,170.9031582742,
    64.998974425988));
#10864 = CARTESIAN_POINT('',(28.801533741271,170.85881858267,
    64.985900603664));
#10865 = CARTESIAN_POINT('',(28.830759195159,170.8360528264,
    64.979141844715));
#10866 = CARTESIAN_POINT('',(28.887784084751,170.78933882216,
    64.965167843461));
#10867 = CARTESIAN_POINT('',(28.91557724874,170.76539511906,
    64.957953942038));
#10868 = CARTESIAN_POINT('',(28.969752399377,170.71636177612,
    64.943064475889));
#10869 = CARTESIAN_POINT('',(28.996134289953,170.69127205211,
    64.935388899564));
#10870 = CARTESIAN_POINT('',(29.073188794308,170.6143124433,
    64.91165333716));
#10871 = CARTESIAN_POINT('',(29.121791304897,170.56072980548,
    64.894877575502));
#10872 = CARTESIAN_POINT('',(29.190483230588,170.47709953596,
    64.868230767924));
#10873 = CARTESIAN_POINT('',(29.212709714913,170.44862985828,
    64.859084664371));
#10874 = CARTESIAN_POINT('',(29.255717483583,170.39064245444,
    64.840291427374));
#10875 = CARTESIAN_POINT('',(29.276580936789,170.3609946192,
    64.830601023113));
#10876 = CARTESIAN_POINT('',(29.316464231496,170.30121925599,
    64.810887460695));
#10877 = CARTESIAN_POINT('',(29.33555910094,170.27099875663,
    64.800834624363));
#10878 = CARTESIAN_POINT('',(29.372061486361,170.2099585491,
    64.780346342106));
#10879 = CARTESIAN_POINT('',(29.389475099798,170.17913124439,
    64.769908492818));
#10880 = CARTESIAN_POINT('',(29.43925071358,170.08575233164,
    64.738004175592));
#10881 = CARTESIAN_POINT('',(29.469151904582,170.02230543975,
    64.715947687975));
#10882 = CARTESIAN_POINT('',(29.509168165477,169.92540155549,
    64.681629692106));
#10883 = CARTESIAN_POINT('',(29.521699719283,169.89281082292,
    64.669984647866));
#10884 = CARTESIAN_POINT('',(29.545147296773,169.82705391215,
    64.646271822597));
#10885 = CARTESIAN_POINT('',(29.556059414528,169.79389949874,
    64.634208322506));
#10886 = CARTESIAN_POINT('',(29.576272594925,169.72696768488,
    64.609628516745));
#10887 = CARTESIAN_POINT('',(29.585547451419,169.69325625375,
    64.597135613995));
#10888 = CARTESIAN_POINT('',(29.602318117111,169.62587573479,
    64.571935307918));
#10889 = CARTESIAN_POINT('',(29.609846893681,169.59209909538,
    64.559188486251));
#10890 = CARTESIAN_POINT('',(29.62987300742,169.49065673405,
    64.520555934382));
#10891 = CARTESIAN_POINT('',(29.639845300165,169.42277805613,
    64.494241264671));
#10892 = CARTESIAN_POINT('',(29.653150762254,169.2866051741,
    64.440492595006));
#10893 = CARTESIAN_POINT('',(29.656485090761,169.21830090223,
    64.413054953068));
#10894 = CARTESIAN_POINT('',(29.656486645937,169.14978263932,
    64.385039263276));
#10895 = CARTESIAN_POINT('',(27.4,171.91,65.730669264782));
#10896 = CARTESIAN_POINT('',(27.502006499326,171.90999693891,
    65.73066837504));
#10897 = CARTESIAN_POINT('',(27.603095382357,171.90481149316,
    65.729628337566));
#10898 = CARTESIAN_POINT('',(27.803502500677,171.88444633409,
    65.725527123256));
#10899 = CARTESIAN_POINT('',(27.902821010035,171.8692680789,
    65.722466509657));
#10900 = CARTESIAN_POINT('',(28.050478772651,171.83906142869,
    65.716337256024));
#10901 = CARTESIAN_POINT('',(28.099477632729,171.82775050912,
    65.714037153168));
#10902 = CARTESIAN_POINT('',(28.197030573841,171.80262496821,
    65.708910303941));
#10903 = CARTESIAN_POINT('',(28.24559963123,171.78880413564,
    65.706082284231));
#10904 = CARTESIAN_POINT('',(28.342225701483,171.7586456092,
    65.699886458743));
#10905 = CARTESIAN_POINT('',(28.390460226744,171.74223457391,
    65.696503385721));
#10906 = CARTESIAN_POINT('',(28.485298932563,171.70726131049,
    65.689260667042));
#10907 = CARTESIAN_POINT('',(28.532107332141,171.68864207037,
    65.685389367023));
#10908 = CARTESIAN_POINT('',(28.624416977482,171.64921921622,
    65.677150978815));
#10909 = CARTESIAN_POINT('',(28.669936765138,171.62841040215,
    65.672782833582));
#10910 = CARTESIAN_POINT('',(28.759722323549,171.58463076933,
    65.663541636786));
#10911 = CARTESIAN_POINT('',(28.803988032785,171.56165983993,
    65.658668572679));
#10912 = CARTESIAN_POINT('',(28.934913997395,171.48952916437,
    65.643274527468));
#10913 = CARTESIAN_POINT('',(29.019735825273,171.43712937789,
    65.631974377204));
#10914 = CARTESIAN_POINT('',(29.143103117445,171.35215236981,
    65.613384953971));
#10915 = CARTESIAN_POINT('',(29.183632196322,171.32271118417,
    65.606903092296));
#10916 = CARTESIAN_POINT('',(29.263339732758,171.26169809175,
    65.593371638416));
#10917 = CARTESIAN_POINT('',(29.302194986709,171.23037155014,
    65.586376298207));
#10918 = CARTESIAN_POINT('',(29.3780096028,171.16609131364,
    65.571913155845));
#10919 = CARTESIAN_POINT('',(29.414960626693,171.13314387265,
    65.564446741513));
#10920 = CARTESIAN_POINT('',(29.486986513574,171.06567213838,
    65.54903608964));
#10921 = CARTESIAN_POINT('',(29.522061248837,171.03114772929,
    65.541091840096));
#10922 = CARTESIAN_POINT('',(29.624505246668,170.92524839704,
    65.516525446274));
#10923 = CARTESIAN_POINT('',(29.689122306128,170.85151666097,
    65.499162471657));
#10924 = CARTESIAN_POINT('',(29.780448251903,170.73643824732,
    65.471582928443));
#10925 = CARTESIAN_POINT('',(29.809998372706,170.69726289413,
    65.462116677844));
#10926 = CARTESIAN_POINT('',(29.867177220291,170.61747003344,
    65.442665608879));
#10927 = CARTESIAN_POINT('',(29.894915190615,170.5766734909,
    65.432636005059));
#10928 = CARTESIAN_POINT('',(29.947940048677,170.4944203305,
    65.41223239592));
#10929 = CARTESIAN_POINT('',(29.973326686101,170.45283578047,
    65.401827673582));
#10930 = CARTESIAN_POINT('',(30.021856623763,170.36884214644,
    65.380622226578));
#10931 = CARTESIAN_POINT('',(30.045008030577,170.32642260931,
    65.369819014424));
#10932 = CARTESIAN_POINT('',(30.111184731253,170.19792969388,
    65.336797929512));
#10933 = CARTESIAN_POINT('',(30.150938377998,170.11062437116,
    65.313969384231));
#10934 = CARTESIAN_POINT('',(30.204140014666,169.97728096163,
    65.278450133103));
#10935 = CARTESIAN_POINT('',(30.220800721028,169.93243488107,
    65.266397469763));
#10936 = CARTESIAN_POINT('',(30.251974285736,169.841950885,
    65.241854608959));
#10937 = CARTESIAN_POINT('',(30.266481951148,169.79632915829,
    65.229368842282));
#10938 = CARTESIAN_POINT('',(30.293355383482,169.70422845113,
    65.203928653502));
#10939 = CARTESIAN_POINT('',(30.305686309318,169.65784024697,
    65.190998453505));
#10940 = CARTESIAN_POINT('',(30.327982916819,169.56512210463,
    65.164916044629));
#10941 = CARTESIAN_POINT('',(30.337992428619,169.51864417141,
    65.151723037625));
#10942 = CARTESIAN_POINT('',(30.364617155748,169.3790556458,
    65.111738205272));
#10943 = CARTESIAN_POINT('',(30.37787532339,169.28565201789,
    65.084502425963));
#10944 = CARTESIAN_POINT('',(30.395564941159,169.09827298232,
    65.028872356455));
#10945 = CARTESIAN_POINT('',(30.399997932394,169.00428372104,
    65.000474296788));
#10946 = CARTESIAN_POINT('',(30.4,168.91,64.971477955479));
#10947 = DEFINITIONAL_REPRESENTATION('',(#10948),#10996);
#10948 = B_SPLINE_CURVE_WITH_KNOTS('',3,(#10949,#10950,#10951,#10952,
    #10953,#10954,#10955,#10956,#10957,#10958,#10959,#10960,#10961,
    #10962,#10963,#10964,#10965,#10966,#10967,#10968,#10969,#10970,
    #10971,#10972,#10973,#10974,#10975,#10976,#10977,#10978,#10979,
    #10980,#10981,#10982,#10983,#10984,#10985,#10986,#10987,#10988,
    #10989,#10990,#10991,#10992,#10993,#10994,#10995),.UNSPECIFIED.,.F.,
  .F.,(4,1,1,1,1,1,1,1,1,1,1,1,1,1,1,1,1,1,1,1,1,1,1,1,1,1,1,1,1,1,1,1,1
    ,1,1,1,1,1,1,1,1,1,1,1,4),(0.,2.272727272727E-02,4.545454545455E-02,
    6.818181818182E-02,9.090909090909E-02,0.113636363636,0.136363636364,
    0.159090909091,0.181818181818,0.204545454545,0.227272727273,0.25,
    0.272727272727,0.295454545455,0.318181818182,0.340909090909,
    0.363636363636,0.386363636364,0.409090909091,0.431818181818,
    0.454545454545,0.477272727273,0.5,0.522727272727,0.545454545455,
    0.568181818182,0.590909090909,0.613636363636,0.636363636364,
    0.659090909091,0.681818181818,0.704545454545,0.727272727273,0.75,
    0.772727272727,0.795454545455,0.818181818182,0.840909090909,
    0.863636363636,0.886363636364,0.909090909091,0.931818181818,
    0.954545454545,0.977272727273,1.),.QUASI_UNIFORM_KNOTS.);
#10949 = CARTESIAN_POINT('',(0.,0.));
#10950 = CARTESIAN_POINT('',(-2.500607748888E-06,2.73332195338E-05));
#10951 = CARTESIAN_POINT('',(-5.191241920174E-06,8.208687406433E-05));
#10952 = CARTESIAN_POINT('',(-5.107498168418E-06,1.644356170024E-04));
#10953 = CARTESIAN_POINT('',(5.850785745452E-06,2.469583429755E-04));
#10954 = CARTESIAN_POINT('',(9.543255401323E-07,3.296138988884E-04));
#10955 = CARTESIAN_POINT('',(4.155250427636E-07,4.123606834409E-04));
#10956 = CARTESIAN_POINT('',(-4.845352861191E-06,4.951623079224E-04));
#10957 = CARTESIAN_POINT('',(-8.061870110359E-06,5.780439531498E-04));
#10958 = CARTESIAN_POINT('',(-7.237147927454E-06,6.607749658455E-04));
#10959 = CARTESIAN_POINT('',(-6.740491960565E-06,7.429446983124E-04));
#10960 = CARTESIAN_POINT('',(-9.031051889303E-06,8.251187330786E-04));
#10961 = CARTESIAN_POINT('',(9.939894181532E-08,9.075277746075E-04));
#10962 = CARTESIAN_POINT('',(8.633456085505E-06,9.899114863451E-04));
#10963 = CARTESIAN_POINT('',(2.357579457921E-05,1.072368677652E-03));
#10964 = CARTESIAN_POINT('',(2.406905557205E-05,1.1548668465E-03));
#10965 = CARTESIAN_POINT('',(1.210703752799E-05,1.237398406321E-03));
#10966 = CARTESIAN_POINT('',(-3.723199422423E-07,1.319950355702E-03));
#10967 = CARTESIAN_POINT('',(-2.044239051729E-06,1.402654460741E-03));
#10968 = CARTESIAN_POINT('',(-8.017217905687E-06,1.484770118429E-03));
#10969 = CARTESIAN_POINT('',(-6.670386863973E-06,1.567131958515E-03));
#10970 = CARTESIAN_POINT('',(-6.031540571689E-06,1.64981075067E-03));
#10971 = CARTESIAN_POINT('',(-9.921616728737E-06,1.73255938079E-03));
#10972 = CARTESIAN_POINT('',(4.971419160505E-06,1.815031497017E-03));
#10973 = CARTESIAN_POINT('',(-9.964059863177E-06,1.897597266847E-03));
#10974 = CARTESIAN_POINT('',(-6.038986686608E-06,1.980569065031E-03));
#10975 = CARTESIAN_POINT('',(-6.953750504297E-06,2.063530349256E-03));
#10976 = CARTESIAN_POINT('',(-7.411353476643E-06,2.146150373844E-03));
#10977 = CARTESIAN_POINT('',(-4.89969695363E-06,2.228031164204E-03));
#10978 = CARTESIAN_POINT('',(-1.761522119811E-08,2.309603599877E-03));
#10979 = CARTESIAN_POINT('',(-8.974399761617E-06,2.391780910176E-03));
#10980 = CARTESIAN_POINT('',(-6.538872665209E-06,2.474296960348E-03));
#10981 = CARTESIAN_POINT('',(-7.732871221619E-06,2.557033859958E-03));
#10982 = CARTESIAN_POINT('',(-5.849130296242E-06,2.639860755027E-03));
#10983 = CARTESIAN_POINT('',(4.101635894228E-06,2.722571681295E-03));
#10984 = CARTESIAN_POINT('',(-1.055741321189E-05,2.805276473354E-03));
#10985 = CARTESIAN_POINT('',(-6.870337647346E-06,2.888051311658E-03));
#10986 = CARTESIAN_POINT('',(-7.632852387027E-06,2.970485270092E-03));
#10987 = CARTESIAN_POINT('',(-7.805638706778E-06,3.052713462864E-03));
#10988 = CARTESIAN_POINT('',(-5.249822060071E-06,3.135196815752E-03));
#10989 = CARTESIAN_POINT('',(1.777170434701E-06,3.217475910494E-03));
#10990 = CARTESIAN_POINT('',(1.037009759033E-05,3.299849961861E-03));
#10991 = CARTESIAN_POINT('',(1.836157531445E-05,3.382289817651E-03));
#10992 = CARTESIAN_POINT('',(1.415899623814E-05,3.464813758996E-03));
#10993 = CARTESIAN_POINT('',(4.074018683653E-06,3.547411513725E-03));
#10994 = CARTESIAN_POINT('',(-5.14606299607E-08,3.602525538311E-03));
#10995 = CARTESIAN_POINT('',(0.,3.630094211902E-03));
#10996 = ( GEOMETRIC_REPRESENTATION_CONTEXT(2) 
PARAMETRIC_REPRESENTATION_CONTEXT() REPRESENTATION_CONTEXT('2D SPACE',''
  ) );
#10997 = ORIENTED_EDGE('',*,*,#10998,.F.);
#10998 = EDGE_CURVE('',#10999,#10768,#11001,.T.);
#10999 = VERTEX_POINT('',#11000);
#11000 = CARTESIAN_POINT('',(22.5,171.32995527629,65.118554846782));
#11001 = SURFACE_CURVE('',#11002,(#11006,#11013),.PCURVE_S1.);
#11002 = LINE('',#11003,#11004);
#11003 = CARTESIAN_POINT('',(72.811529493745,171.32995527629,
    65.118554846782));
#11004 = VECTOR('',#11005,1.);
#11005 = DIRECTION('',(1.,6.450531537933E-16,2.775557561562E-17));
#11006 = PCURVE('',#5215,#11007);
#11007 = DEFINITIONAL_REPRESENTATION('',(#11008),#11012);
#11008 = LINE('',#11009,#11010);
#11009 = CARTESIAN_POINT('',(2.880627113017,0.));
#11010 = VECTOR('',#11011,1.);
#11011 = DIRECTION('',(0.,-1.));
#11012 = ( GEOMETRIC_REPRESENTATION_CONTEXT(2) 
PARAMETRIC_REPRESENTATION_CONTEXT() REPRESENTATION_CONTEXT('2D SPACE',''
  ) );
#11013 = PCURVE('',#11014,#11019);
#11014 = PLANE('',#11015);
#11015 = AXIS2_PLACEMENT_3D('',#11016,#11017,#11018);
#11016 = CARTESIAN_POINT('',(72.811529493745,171.91,65.730669264782));
#11017 = DIRECTION('',(4.491306846073E-16,-0.725865733016,0.687836417787
    ));
#11018 = DIRECTION('',(-1.,-6.450531537933E-16,-2.775557561562E-17));
#11019 = DEFINITIONAL_REPRESENTATION('',(#11020),#11024);
#11020 = LINE('',#11021,#11022);
#11021 = CARTESIAN_POINT('',(0.,0.843288765619));
#11022 = VECTOR('',#11023,1.);
#11023 = DIRECTION('',(-1.,0.));
#11024 = ( GEOMETRIC_REPRESENTATION_CONTEXT(2) 
PARAMETRIC_REPRESENTATION_CONTEXT() REPRESENTATION_CONTEXT('2D SPACE',''
  ) );
#11025 = ORIENTED_EDGE('',*,*,#11026,.T.);
#11026 = EDGE_CURVE('',#10999,#11027,#11029,.T.);
#11027 = VERTEX_POINT('',#11028);
#11028 = CARTESIAN_POINT('',(22.5,175.,65.703751786338));
#11029 = SURFACE_CURVE('',#11030,(#11035,#11042),.PCURVE_S1.);
#11030 = CIRCLE('',#11031,18.1);
#11031 = AXIS2_PLACEMENT_3D('',#11032,#11033,#11034);
#11032 = CARTESIAN_POINT('',(22.5,176.,47.631397208143));
#11033 = DIRECTION('',(-1.,-6.450531537933E-16,-2.775557561562E-17));
#11034 = DIRECTION('',(2.775557561563E-17,-7.136298725426E-15,-1.));
#11035 = PCURVE('',#5215,#11036);
#11036 = DEFINITIONAL_REPRESENTATION('',(#11037),#11041);
#11037 = LINE('',#11038,#11039);
#11038 = CARTESIAN_POINT('',(0.,50.311529493745));
#11039 = VECTOR('',#11040,1.);
#11040 = DIRECTION('',(1.,0.));
#11041 = ( GEOMETRIC_REPRESENTATION_CONTEXT(2) 
PARAMETRIC_REPRESENTATION_CONTEXT() REPRESENTATION_CONTEXT('2D SPACE',''
  ) );
#11042 = PCURVE('',#11043,#11048);
#11043 = PLANE('',#11044);
#11044 = AXIS2_PLACEMENT_3D('',#11045,#11046,#11047);
#11045 = CARTESIAN_POINT('',(22.5,243.5,70.131397208143));
#11046 = DIRECTION('',(-1.,-6.450531537933E-16,-2.775557561562E-17));
#11047 = DIRECTION('',(2.775557561563E-17,-7.136298725426E-15,-1.));
#11048 = DEFINITIONAL_REPRESENTATION('',(#11049),#11053);
#11049 = CIRCLE('',#11050,18.1);
#11050 = AXIS2_PLACEMENT_2D('',#11051,#11052);
#11051 = CARTESIAN_POINT('',(22.5,67.5));
#11052 = DIRECTION('',(1.,0.));
#11053 = ( GEOMETRIC_REPRESENTATION_CONTEXT(2) 
PARAMETRIC_REPRESENTATION_CONTEXT() REPRESENTATION_CONTEXT('2D SPACE',''
  ) );
#11054 = ORIENTED_EDGE('',*,*,#11055,.F.);
#11055 = EDGE_CURVE('',#10485,#11027,#11056,.T.);
#11056 = SURFACE_CURVE('',#11057,(#11062,#11091),.PCURVE_S1.);
#11057 = ( BOUNDED_CURVE() B_SPLINE_CURVE(3,(#11058,#11059,#11060,#11061
),.UNSPECIFIED.,.F.,.F.) B_SPLINE_CURVE_WITH_KNOTS((4,4),(1.570796326795
,1.626073091162),.PIECEWISE_BEZIER_KNOTS.) CURVE() 
GEOMETRIC_REPRESENTATION_ITEM() RATIONAL_B_SPLINE_CURVE((1.,
0.999745389485,0.999745389485,1.)) REPRESENTATION_ITEM('') );
#11058 = CARTESIAN_POINT('',(21.5,176.,65.731397208143));
#11059 = CARTESIAN_POINT('',(21.833545611449,175.66645438855,
    65.731397208143));
#11060 = CARTESIAN_POINT('',(22.166963836568,175.33303616343,
    65.722179720672));
#11061 = CARTESIAN_POINT('',(22.5,175.,65.703751786338));
#11062 = PCURVE('',#5215,#11063);
#11063 = DEFINITIONAL_REPRESENTATION('',(#11064),#11090);
#11064 = B_SPLINE_CURVE_WITH_KNOTS('',3,(#11065,#11066,#11067,#11068,
    #11069,#11070,#11071,#11072,#11073,#11074,#11075,#11076,#11077,
    #11078,#11079,#11080,#11081,#11082,#11083,#11084,#11085,#11086,
    #11087,#11088,#11089),.UNSPECIFIED.,.F.,.F.,(4,1,1,1,1,1,1,1,1,1,1,1
    ,1,1,1,1,1,1,1,1,1,1,4),(1.570796326795,1.573308906993,
    1.575821487192,1.57833406739,1.580846647589,1.583359227787,
    1.585871807986,1.588384388184,1.590896968383,1.593409548581,
    1.59592212878,1.598434708978,1.600947289177,1.603459869375,
    1.605972449574,1.608485029772,1.610997609971,1.613510190169,
    1.616022770368,1.618535350566,1.621047930765,1.623560510963,
    1.626073091162),.QUASI_UNIFORM_KNOTS.);
#11065 = CARTESIAN_POINT('',(3.14159265359,51.311529493745));
#11066 = CARTESIAN_POINT('',(3.140755233481,51.296372189786));
#11067 = CARTESIAN_POINT('',(3.139080364189,51.266057055589));
#11068 = CARTESIAN_POINT('',(3.13656798095,51.220583205988));
#11069 = CARTESIAN_POINT('',(3.134055526337,51.175108638588));
#11070 = CARTESIAN_POINT('',(3.131543008276,51.129633783985));
#11071 = CARTESIAN_POINT('',(3.129030434695,51.084159072819));
#11072 = CARTESIAN_POINT('',(3.126517813525,51.038684935764));
#11073 = CARTESIAN_POINT('',(3.124005152695,50.993211803516));
#11074 = CARTESIAN_POINT('',(3.121492460136,50.947740106782));
#11075 = CARTESIAN_POINT('',(3.11897974378,50.90227027626));
#11076 = CARTESIAN_POINT('',(3.11646701156,50.856802742632));
#11077 = CARTESIAN_POINT('',(3.113954271406,50.811337936544));
#11078 = CARTESIAN_POINT('',(3.111441531253,50.765876288599));
#11079 = CARTESIAN_POINT('',(3.108928799032,50.720418229339));
#11080 = CARTESIAN_POINT('',(3.106416082677,50.674964189232));
#11081 = CARTESIAN_POINT('',(3.103903390118,50.629514598659));
#11082 = CARTESIAN_POINT('',(3.101390729288,50.584069887901));
#11083 = CARTESIAN_POINT('',(3.098878108117,50.538630487125));
#11084 = CARTESIAN_POINT('',(3.096365534537,50.49319682637));
#11085 = CARTESIAN_POINT('',(3.093853016476,50.447769335534));
#11086 = CARTESIAN_POINT('',(3.091340561862,50.402348444356));
#11087 = CARTESIAN_POINT('',(3.088828178624,50.356934582426));
#11088 = CARTESIAN_POINT('',(3.087153309331,50.326663646862));
#11089 = CARTESIAN_POINT('',(3.086315889223,50.311529493745));
#11090 = ( GEOMETRIC_REPRESENTATION_CONTEXT(2) 
PARAMETRIC_REPRESENTATION_CONTEXT() REPRESENTATION_CONTEXT('2D SPACE',''
  ) );
#11091 = PCURVE('',#10500,#11092);
#11092 = DEFINITIONAL_REPRESENTATION('',(#11093),#11098);
#11093 = ( BOUNDED_CURVE() B_SPLINE_CURVE(3,(#11094,#11095,#11096,#11097
),.UNSPECIFIED.,.F.,.F.) B_SPLINE_CURVE_WITH_KNOTS((4,4),(1.570796326795
,1.626073091162),.PIECEWISE_BEZIER_KNOTS.) CURVE() 
GEOMETRIC_REPRESENTATION_ITEM() RATIONAL_B_SPLINE_CURVE((1.,
0.999745389485,0.999745389485,1.)) REPRESENTATION_ITEM('') );
#11094 = CARTESIAN_POINT('',(-18.1,1.42108547152E-14));
#11095 = CARTESIAN_POINT('',(-18.1,0.471704727381));
#11096 = CARTESIAN_POINT('',(-18.09078251252,0.943229303288));
#11097 = CARTESIAN_POINT('',(-18.07235457819,1.414213562373));
#11098 = ( GEOMETRIC_REPRESENTATION_CONTEXT(2) 
PARAMETRIC_REPRESENTATION_CONTEXT() REPRESENTATION_CONTEXT('2D SPACE',''
  ) );
#11099 = ORIENTED_EDGE('',*,*,#10512,.T.);
#11100 = ORIENTED_EDGE('',*,*,#11101,.T.);
#11101 = EDGE_CURVE('',#10427,#6692,#11102,.T.);
#11102 = SURFACE_CURVE('',#11103,(#11107,#11114),.PCURVE_S1.);
#11103 = LINE('',#11104,#11105);
#11104 = CARTESIAN_POINT('',(-6.5,176.,65.731397208143));
#11105 = VECTOR('',#11106,1.);
#11106 = DIRECTION('',(-1.,-6.450531537933E-16,-2.775557561562E-17));
#11107 = PCURVE('',#5215,#11108);
#11108 = DEFINITIONAL_REPRESENTATION('',(#11109),#11113);
#11109 = LINE('',#11110,#11111);
#11110 = CARTESIAN_POINT('',(3.14159265359,79.311529493745));
#11111 = VECTOR('',#11112,1.);
#11112 = DIRECTION('',(0.,1.));
#11113 = ( GEOMETRIC_REPRESENTATION_CONTEXT(2) 
PARAMETRIC_REPRESENTATION_CONTEXT() REPRESENTATION_CONTEXT('2D SPACE',''
  ) );
#11114 = PCURVE('',#5906,#11115);
#11115 = DEFINITIONAL_REPRESENTATION('',(#11116),#11120);
#11116 = LINE('',#11117,#11118);
#11117 = CARTESIAN_POINT('',(0.,0.));
#11118 = VECTOR('',#11119,1.);
#11119 = DIRECTION('',(1.,0.));
#11120 = ( GEOMETRIC_REPRESENTATION_CONTEXT(2) 
PARAMETRIC_REPRESENTATION_CONTEXT() REPRESENTATION_CONTEXT('2D SPACE',''
  ) );
#11121 = ORIENTED_EDGE('',*,*,#6714,.T.);
#11122 = ORIENTED_EDGE('',*,*,#11123,.F.);
#11123 = EDGE_CURVE('',#10375,#6668,#11124,.T.);
#11124 = SURFACE_CURVE('',#11125,(#11129,#11136),.PCURVE_S1.);
#11125 = LINE('',#11126,#11127);
#11126 = CARTESIAN_POINT('',(-6.5,176.,29.531397208143));
#11127 = VECTOR('',#11128,1.);
#11128 = DIRECTION('',(-1.,-6.450531537933E-16,-2.775557561562E-17));
#11129 = PCURVE('',#5215,#11130);
#11130 = DEFINITIONAL_REPRESENTATION('',(#11131),#11135);
#11131 = LINE('',#11132,#11133);
#11132 = CARTESIAN_POINT('',(0.,79.311529493745));
#11133 = VECTOR('',#11134,1.);
#11134 = DIRECTION('',(0.,1.));
#11135 = ( GEOMETRIC_REPRESENTATION_CONTEXT(2) 
PARAMETRIC_REPRESENTATION_CONTEXT() REPRESENTATION_CONTEXT('2D SPACE',''
  ) );
#11136 = PCURVE('',#5957,#11137);
#11137 = DEFINITIONAL_REPRESENTATION('',(#11138),#11142);
#11138 = LINE('',#11139,#11140);
#11139 = CARTESIAN_POINT('',(0.,0.));
#11140 = VECTOR('',#11141,1.);
#11141 = DIRECTION('',(0.,1.));
#11142 = ( GEOMETRIC_REPRESENTATION_CONTEXT(2) 
PARAMETRIC_REPRESENTATION_CONTEXT() REPRESENTATION_CONTEXT('2D SPACE',''
  ) );
#11143 = ORIENTED_EDGE('',*,*,#10402,.F.);
#11144 = ORIENTED_EDGE('',*,*,#11145,.F.);
#11145 = EDGE_CURVE('',#5171,#10322,#11146,.T.);
#11146 = SURFACE_CURVE('',#11147,(#11152,#11181),.PCURVE_S1.);
#11147 = ( BOUNDED_CURVE() B_SPLINE_CURVE(3,(#11148,#11149,#11150,#11151
),.UNSPECIFIED.,.F.,.F.) B_SPLINE_CURVE_WITH_KNOTS((4,4),(4.657112216018
,4.712388980385),.PIECEWISE_BEZIER_KNOTS.) CURVE() 
GEOMETRIC_REPRESENTATION_ITEM() RATIONAL_B_SPLINE_CURVE((1.,
0.999745389485,0.999745389485,1.)) REPRESENTATION_ITEM('') );
#11148 = CARTESIAN_POINT('',(22.5,175.,29.559042629948));
#11149 = CARTESIAN_POINT('',(22.166963836568,175.33303616343,
    29.540614695614));
#11150 = CARTESIAN_POINT('',(21.833545611449,175.66645438855,
    29.531397208143));
#11151 = CARTESIAN_POINT('',(21.5,176.,29.531397208143));
#11152 = PCURVE('',#5215,#11153);
#11153 = DEFINITIONAL_REPRESENTATION('',(#11154),#11180);
#11154 = B_SPLINE_CURVE_WITH_KNOTS('',3,(#11155,#11156,#11157,#11158,
    #11159,#11160,#11161,#11162,#11163,#11164,#11165,#11166,#11167,
    #11168,#11169,#11170,#11171,#11172,#11173,#11174,#11175,#11176,
    #11177,#11178,#11179),.UNSPECIFIED.,.F.,.F.,(4,1,1,1,1,1,1,1,1,1,1,1
    ,1,1,1,1,1,1,1,1,1,1,4),(4.657112216018,4.659624796216,
    4.662137376415,4.664649956613,4.667162536812,4.66967511701,
    4.672187697209,4.674700277407,4.677212857606,4.679725437804,
    4.682238018003,4.684750598201,4.6872631784,4.689775758598,
    4.692288338797,4.694800918995,4.697313499194,4.699826079392,
    4.702338659591,4.704851239789,4.707363819988,4.709876400186,
    4.712388980385),.QUASI_UNIFORM_KNOTS.);
#11155 = CARTESIAN_POINT('',(5.527676436698E-02,50.311529493745));
#11156 = CARTESIAN_POINT('',(5.443934425854E-02,50.326663646862));
#11157 = CARTESIAN_POINT('',(5.276447496629E-02,50.356934582426));
#11158 = CARTESIAN_POINT('',(5.025209172768E-02,50.402348444356));
#11159 = CARTESIAN_POINT('',(4.773963711418E-02,50.447769335534));
#11160 = CARTESIAN_POINT('',(4.522711905303E-02,50.49319682637));
#11161 = CARTESIAN_POINT('',(4.271454547254E-02,50.538630487125));
#11162 = CARTESIAN_POINT('',(4.020192430209E-02,50.584069887901));
#11163 = CARTESIAN_POINT('',(3.768926347196E-02,50.629514598659));
#11164 = CARTESIAN_POINT('',(3.517657091319E-02,50.674964189232));
#11165 = CARTESIAN_POINT('',(3.266385455742E-02,50.720418229339));
#11166 = CARTESIAN_POINT('',(3.015112233672E-02,50.765876288599));
#11167 = CARTESIAN_POINT('',(2.763838218349E-02,50.811337936544));
#11168 = CARTESIAN_POINT('',(2.512564203026E-02,50.856802742632));
#11169 = CARTESIAN_POINT('',(2.261290980956E-02,50.90227027626));
#11170 = CARTESIAN_POINT('',(2.010019345379E-02,50.947740106782));
#11171 = CARTESIAN_POINT('',(1.758750089502E-02,50.993211803516));
#11172 = CARTESIAN_POINT('',(1.507484006489E-02,51.038684935764));
#11173 = CARTESIAN_POINT('',(1.256221889445E-02,51.084159072819));
#11174 = CARTESIAN_POINT('',(1.004964531395E-02,51.129633783986));
#11175 = CARTESIAN_POINT('',(7.537127252807E-03,51.175108638588));
#11176 = CARTESIAN_POINT('',(5.024672639304E-03,51.220583205988));
#11177 = CARTESIAN_POINT('',(2.512289400692E-03,51.266057055589));
#11178 = CARTESIAN_POINT('',(8.374201084395E-04,51.296372189786));
#11179 = CARTESIAN_POINT('',(0.,51.311529493745));
#11180 = ( GEOMETRIC_REPRESENTATION_CONTEXT(2) 
PARAMETRIC_REPRESENTATION_CONTEXT() REPRESENTATION_CONTEXT('2D SPACE',''
  ) );
#11181 = PCURVE('',#5186,#11182);
#11182 = DEFINITIONAL_REPRESENTATION('',(#11183),#11188);
#11183 = ( BOUNDED_CURVE() B_SPLINE_CURVE(3,(#11184,#11185,#11186,#11187
),.UNSPECIFIED.,.F.,.F.) B_SPLINE_CURVE_WITH_KNOTS((4,4),(4.657112216018
,4.712388980385),.PIECEWISE_BEZIER_KNOTS.) CURVE() 
GEOMETRIC_REPRESENTATION_ITEM() RATIONAL_B_SPLINE_CURVE((1.,
0.999745389485,0.999745389485,1.)) REPRESENTATION_ITEM('') );
#11184 = CARTESIAN_POINT('',(18.072354578195,1.414213562373));
#11185 = CARTESIAN_POINT('',(18.090782512529,0.943229303288));
#11186 = CARTESIAN_POINT('',(18.1,0.471704727381));
#11187 = CARTESIAN_POINT('',(18.1,1.42108547152E-14));
#11188 = ( GEOMETRIC_REPRESENTATION_CONTEXT(2) 
PARAMETRIC_REPRESENTATION_CONTEXT() REPRESENTATION_CONTEXT('2D SPACE',''
  ) );
#11189 = ORIENTED_EDGE('',*,*,#5198,.T.);
#11190 = ORIENTED_EDGE('',*,*,#11191,.F.);
#11191 = EDGE_CURVE('',#10539,#5199,#11192,.T.);
#11192 = SURFACE_CURVE('',#11193,(#11197,#11204),.PCURVE_S1.);
#11193 = LINE('',#11194,#11195);
#11194 = CARTESIAN_POINT('',(72.811529493745,166.96961000235,
    63.317762513415));
#11195 = VECTOR('',#11196,1.);
#11196 = DIRECTION('',(-1.,-6.450531537933E-16,-2.775557561562E-17));
#11197 = PCURVE('',#5215,#11198);
#11198 = DEFINITIONAL_REPRESENTATION('',(#11199),#11203);
#11199 = LINE('',#11200,#11201);
#11200 = CARTESIAN_POINT('',(2.619244458903,0.));
#11201 = VECTOR('',#11202,1.);
#11202 = DIRECTION('',(0.,1.));
#11203 = ( GEOMETRIC_REPRESENTATION_CONTEXT(2) 
PARAMETRIC_REPRESENTATION_CONTEXT() REPRESENTATION_CONTEXT('2D SPACE',''
  ) );
#11204 = PCURVE('',#5241,#11205);
#11205 = DEFINITIONAL_REPRESENTATION('',(#11206),#11210);
#11206 = LINE('',#11207,#11208);
#11207 = CARTESIAN_POINT('',(0.,-1.63456021698E-15));
#11208 = VECTOR('',#11209,1.);
#11209 = DIRECTION('',(1.,0.));
#11210 = ( GEOMETRIC_REPRESENTATION_CONTEXT(2) 
PARAMETRIC_REPRESENTATION_CONTEXT() REPRESENTATION_CONTEXT('2D SPACE',''
  ) );
#11211 = ADVANCED_FACE('',(#11212),#11043,.F.);
#11212 = FACE_BOUND('',#11213,.T.);
#11213 = EDGE_LOOP('',(#11214,#11237,#11265,#11293,#11314));
#11214 = ORIENTED_EDGE('',*,*,#11215,.T.);
#11215 = EDGE_CURVE('',#11027,#11216,#11218,.T.);
#11216 = VERTEX_POINT('',#11217);
#11217 = CARTESIAN_POINT('',(22.5,175.,69.108128803058));
#11218 = SURFACE_CURVE('',#11219,(#11223,#11230),.PCURVE_S1.);
#11219 = LINE('',#11220,#11221);
#11220 = CARTESIAN_POINT('',(22.5,175.,70.131397208143));
#11221 = VECTOR('',#11222,1.);
#11222 = DIRECTION('',(-2.775557561563E-17,7.136298725426E-15,1.));
#11223 = PCURVE('',#11043,#11224);
#11224 = DEFINITIONAL_REPRESENTATION('',(#11225),#11229);
#11225 = LINE('',#11226,#11227);
#11226 = CARTESIAN_POINT('',(0.,68.5));
#11227 = VECTOR('',#11228,1.);
#11228 = DIRECTION('',(-1.,0.));
#11229 = ( GEOMETRIC_REPRESENTATION_CONTEXT(2) 
PARAMETRIC_REPRESENTATION_CONTEXT() REPRESENTATION_CONTEXT('2D SPACE',''
  ) );
#11230 = PCURVE('',#10500,#11231);
#11231 = DEFINITIONAL_REPRESENTATION('',(#11232),#11236);
#11232 = LINE('',#11233,#11234);
#11233 = CARTESIAN_POINT('',(-22.5,1.414213562373));
#11234 = VECTOR('',#11235,1.);
#11235 = DIRECTION('',(-1.,0.));
#11236 = ( GEOMETRIC_REPRESENTATION_CONTEXT(2) 
PARAMETRIC_REPRESENTATION_CONTEXT() REPRESENTATION_CONTEXT('2D SPACE',''
  ) );
#11237 = ORIENTED_EDGE('',*,*,#11238,.T.);
#11238 = EDGE_CURVE('',#11216,#11239,#11241,.T.);
#11239 = VERTEX_POINT('',#11240);
#11240 = CARTESIAN_POINT('',(22.5,171.91,68.738786909383));
#11241 = SURFACE_CURVE('',#11242,(#11247,#11258),.PCURVE_S1.);
#11242 = CIRCLE('',#11243,21.5);
#11243 = AXIS2_PLACEMENT_3D('',#11244,#11245,#11246);
#11244 = CARTESIAN_POINT('',(22.5,176.,47.631397208143));
#11245 = DIRECTION('',(1.,6.450531537933E-16,2.775557561562E-17));
#11246 = DIRECTION('',(2.775557561563E-17,-7.136298725426E-15,-1.));
#11247 = PCURVE('',#11043,#11248);
#11248 = DEFINITIONAL_REPRESENTATION('',(#11249),#11257);
#11249 = ( BOUNDED_CURVE() B_SPLINE_CURVE(2,(#11250,#11251,#11252,#11253
    ,#11254,#11255,#11256),.UNSPECIFIED.,.T.,.F.) 
B_SPLINE_CURVE_WITH_KNOTS((1,2,2,2,2,1),(-2.094395102393,0.,
    2.094395102393,4.188790204786,6.28318530718,8.377580409573),
.UNSPECIFIED.) CURVE() GEOMETRIC_REPRESENTATION_ITEM() 
RATIONAL_B_SPLINE_CURVE((1.,0.5,1.,0.5,1.,0.5,1.)) REPRESENTATION_ITEM(
  '') );
#11250 = CARTESIAN_POINT('',(44.,67.5));
#11251 = CARTESIAN_POINT('',(44.,30.260907637269));
#11252 = CARTESIAN_POINT('',(11.75,48.880453818635));
#11253 = CARTESIAN_POINT('',(-20.5,67.5));
#11254 = CARTESIAN_POINT('',(11.75,86.119546181365));
#11255 = CARTESIAN_POINT('',(44.,104.73909236273));
#11256 = CARTESIAN_POINT('',(44.,67.5));
#11257 = ( GEOMETRIC_REPRESENTATION_CONTEXT(2) 
PARAMETRIC_REPRESENTATION_CONTEXT() REPRESENTATION_CONTEXT('2D SPACE',''
  ) );
#11258 = PCURVE('',#10250,#11259);
#11259 = DEFINITIONAL_REPRESENTATION('',(#11260),#11264);
#11260 = LINE('',#11261,#11262);
#11261 = CARTESIAN_POINT('',(6.28318530718,-1.));
#11262 = VECTOR('',#11263,1.);
#11263 = DIRECTION('',(-1.,-1.192168443468E-14));
#11264 = ( GEOMETRIC_REPRESENTATION_CONTEXT(2) 
PARAMETRIC_REPRESENTATION_CONTEXT() REPRESENTATION_CONTEXT('2D SPACE',''
  ) );
#11265 = ORIENTED_EDGE('',*,*,#11266,.T.);
#11266 = EDGE_CURVE('',#11239,#11267,#11269,.T.);
#11267 = VERTEX_POINT('',#11268);
#11268 = CARTESIAN_POINT('',(22.5,171.91,65.730669264782));
#11269 = SURFACE_CURVE('',#11270,(#11274,#11281),.PCURVE_S1.);
#11270 = LINE('',#11271,#11272);
#11271 = CARTESIAN_POINT('',(22.5,171.91,47.631397208143));
#11272 = VECTOR('',#11273,1.);
#11273 = DIRECTION('',(2.775557561563E-17,-7.136298725426E-15,-1.));
#11274 = PCURVE('',#11043,#11275);
#11275 = DEFINITIONAL_REPRESENTATION('',(#11276),#11280);
#11276 = LINE('',#11277,#11278);
#11277 = CARTESIAN_POINT('',(22.5,71.59));
#11278 = VECTOR('',#11279,1.);
#11279 = DIRECTION('',(1.,0.));
#11280 = ( GEOMETRIC_REPRESENTATION_CONTEXT(2) 
PARAMETRIC_REPRESENTATION_CONTEXT() REPRESENTATION_CONTEXT('2D SPACE',''
  ) );
#11281 = PCURVE('',#11282,#11287);
#11282 = PLANE('',#11283);
#11283 = AXIS2_PLACEMENT_3D('',#11284,#11285,#11286);
#11284 = CARTESIAN_POINT('',(30.4,171.91,47.631397208143));
#11285 = DIRECTION('',(-6.450531537933E-16,1.,-7.136298725426E-15));
#11286 = DIRECTION('',(1.,6.450531537933E-16,2.775557561562E-17));
#11287 = DEFINITIONAL_REPRESENTATION('',(#11288),#11292);
#11288 = LINE('',#11289,#11290);
#11289 = CARTESIAN_POINT('',(-7.9,0.));
#11290 = VECTOR('',#11291,1.);
#11291 = DIRECTION('',(0.,1.));
#11292 = ( GEOMETRIC_REPRESENTATION_CONTEXT(2) 
PARAMETRIC_REPRESENTATION_CONTEXT() REPRESENTATION_CONTEXT('2D SPACE',''
  ) );
#11293 = ORIENTED_EDGE('',*,*,#11294,.T.);
#11294 = EDGE_CURVE('',#11267,#10999,#11295,.T.);
#11295 = SURFACE_CURVE('',#11296,(#11300,#11307),.PCURVE_S1.);
#11296 = LINE('',#11297,#11298);
#11297 = CARTESIAN_POINT('',(22.5,207.97776648707,103.79256171826));
#11298 = VECTOR('',#11299,1.);
#11299 = DIRECTION('',(4.638378718267E-16,-0.687836417787,
    -0.725865733016));
#11300 = PCURVE('',#11043,#11301);
#11301 = DEFINITIONAL_REPRESENTATION('',(#11302),#11306);
#11302 = LINE('',#11303,#11304);
#11303 = CARTESIAN_POINT('',(-33.66116451012,35.522233512922));
#11304 = VECTOR('',#11305,1.);
#11305 = DIRECTION('',(0.725865733016,0.687836417787));
#11306 = ( GEOMETRIC_REPRESENTATION_CONTEXT(2) 
PARAMETRIC_REPRESENTATION_CONTEXT() REPRESENTATION_CONTEXT('2D SPACE',''
  ) );
#11307 = PCURVE('',#11014,#11308);
#11308 = DEFINITIONAL_REPRESENTATION('',(#11309),#11313);
#11309 = LINE('',#11310,#11311);
#11310 = CARTESIAN_POINT('',(50.311529493745,-52.43654676375));
#11311 = VECTOR('',#11312,1.);
#11312 = DIRECTION('',(0.,1.));
#11313 = ( GEOMETRIC_REPRESENTATION_CONTEXT(2) 
PARAMETRIC_REPRESENTATION_CONTEXT() REPRESENTATION_CONTEXT('2D SPACE',''
  ) );
#11314 = ORIENTED_EDGE('',*,*,#11026,.T.);
#11315 = ADVANCED_FACE('',(#11316),#1168,.F.);
#11316 = FACE_BOUND('',#11317,.F.);
#11317 = EDGE_LOOP('',(#11318,#11319,#11320,#11321));
#11318 = ORIENTED_EDGE('',*,*,#1630,.F.);
#11319 = ORIENTED_EDGE('',*,*,#7469,.T.);
#11320 = ORIENTED_EDGE('',*,*,#1152,.F.);
#11321 = ORIENTED_EDGE('',*,*,#7011,.F.);
#11322 = ADVANCED_FACE('',(#11323),#1343,.F.);
#11323 = FACE_BOUND('',#11324,.F.);
#11324 = EDGE_LOOP('',(#11325,#11348,#11349,#11350));
#11325 = ORIENTED_EDGE('',*,*,#11326,.F.);
#11326 = EDGE_CURVE('',#7039,#11327,#11329,.T.);
#11327 = VERTEX_POINT('',#11328);
#11328 = CARTESIAN_POINT('',(-21.,179.0955676015,33.465682922429));
#11329 = SURFACE_CURVE('',#11330,(#11334,#11341),.PCURVE_S1.);
#11330 = LINE('',#11331,#11332);
#11331 = CARTESIAN_POINT('',(-21.15,179.0955676015,33.465682922429));
#11332 = VECTOR('',#11333,1.);
#11333 = DIRECTION('',(1.,6.450531537933E-16,2.775557561562E-17));
#11334 = PCURVE('',#1343,#11335);
#11335 = DEFINITIONAL_REPRESENTATION('',(#11336),#11340);
#11336 = LINE('',#11337,#11338);
#11337 = CARTESIAN_POINT('',(6.068042013355,0.15));
#11338 = VECTOR('',#11339,1.);
#11339 = DIRECTION('',(0.,-1.));
#11340 = ( GEOMETRIC_REPRESENTATION_CONTEXT(2) 
PARAMETRIC_REPRESENTATION_CONTEXT() REPRESENTATION_CONTEXT('2D SPACE',''
  ) );
#11341 = PCURVE('',#1697,#11342);
#11342 = DEFINITIONAL_REPRESENTATION('',(#11343),#11347);
#11343 = LINE('',#11344,#11345);
#11344 = CARTESIAN_POINT('',(4.765870693504,1.35));
#11345 = VECTOR('',#11346,1.);
#11346 = DIRECTION('',(0.,-1.));
#11347 = ( GEOMETRIC_REPRESENTATION_CONTEXT(2) 
PARAMETRIC_REPRESENTATION_CONTEXT() REPRESENTATION_CONTEXT('2D SPACE',''
  ) );
#11348 = ORIENTED_EDGE('',*,*,#7066,.F.);
#11349 = ORIENTED_EDGE('',*,*,#1327,.F.);
#11350 = ORIENTED_EDGE('',*,*,#11351,.T.);
#11351 = EDGE_CURVE('',#1299,#11327,#11352,.T.);
#11352 = SURFACE_CURVE('',#11353,(#11358,#11365),.PCURVE_S1.);
#11353 = CIRCLE('',#11354,14.5);
#11354 = AXIS2_PLACEMENT_3D('',#11355,#11356,#11357);
#11355 = CARTESIAN_POINT('',(-21.,176.,47.631397208143));
#11356 = DIRECTION('',(-1.,-6.450531537933E-16,-2.775557561562E-17));
#11357 = DIRECTION('',(2.775557561563E-17,-7.136298725426E-15,-1.));
#11358 = PCURVE('',#1343,#11359);
#11359 = DEFINITIONAL_REPRESENTATION('',(#11360),#11364);
#11360 = LINE('',#11361,#11362);
#11361 = CARTESIAN_POINT('',(0.,0.));
#11362 = VECTOR('',#11363,1.);
#11363 = DIRECTION('',(1.,0.));
#11364 = ( GEOMETRIC_REPRESENTATION_CONTEXT(2) 
PARAMETRIC_REPRESENTATION_CONTEXT() REPRESENTATION_CONTEXT('2D SPACE',''
  ) );
#11365 = PCURVE('',#1315,#11366);
#11366 = DEFINITIONAL_REPRESENTATION('',(#11367),#11371);
#11367 = CIRCLE('',#11368,14.5);
#11368 = AXIS2_PLACEMENT_2D('',#11369,#11370);
#11369 = CARTESIAN_POINT('',(0.,0.));
#11370 = DIRECTION('',(1.,0.));
#11371 = ( GEOMETRIC_REPRESENTATION_CONTEXT(2) 
PARAMETRIC_REPRESENTATION_CONTEXT() REPRESENTATION_CONTEXT('2D SPACE',''
  ) );
#11372 = ADVANCED_FACE('',(#11373),#1399,.F.);
#11373 = FACE_BOUND('',#11374,.F.);
#11374 = EDGE_LOOP('',(#11375,#11376,#11377,#11398));
#11375 = ORIENTED_EDGE('',*,*,#1383,.F.);
#11376 = ORIENTED_EDGE('',*,*,#7093,.F.);
#11377 = ORIENTED_EDGE('',*,*,#11378,.F.);
#11378 = EDGE_CURVE('',#7496,#7094,#11379,.T.);
#11379 = SURFACE_CURVE('',#11380,(#11384,#11391),.PCURVE_S1.);
#11380 = LINE('',#11381,#11382);
#11381 = CARTESIAN_POINT('',(-21.15,179.0955676015,61.797111493857));
#11382 = VECTOR('',#11383,1.);
#11383 = DIRECTION('',(-1.,-6.450531537933E-16,-2.775557561562E-17));
#11384 = PCURVE('',#1399,#11385);
#11385 = DEFINITIONAL_REPRESENTATION('',(#11386),#11390);
#11386 = LINE('',#11387,#11388);
#11387 = CARTESIAN_POINT('',(3.356735947414,0.15));
#11388 = VECTOR('',#11389,1.);
#11389 = DIRECTION('',(0.,1.));
#11390 = ( GEOMETRIC_REPRESENTATION_CONTEXT(2) 
PARAMETRIC_REPRESENTATION_CONTEXT() REPRESENTATION_CONTEXT('2D SPACE',''
  ) );
#11391 = PCURVE('',#4264,#11392);
#11392 = DEFINITIONAL_REPRESENTATION('',(#11393),#11397);
#11393 = LINE('',#11394,#11395);
#11394 = CARTESIAN_POINT('',(4.658907267265,1.35));
#11395 = VECTOR('',#11396,1.);
#11396 = DIRECTION('',(0.,1.));
#11397 = ( GEOMETRIC_REPRESENTATION_CONTEXT(2) 
PARAMETRIC_REPRESENTATION_CONTEXT() REPRESENTATION_CONTEXT('2D SPACE',''
  ) );
#11398 = ORIENTED_EDGE('',*,*,#7519,.T.);
#11399 = ADVANCED_FACE('',(#11400),#1112,.F.);
#11400 = FACE_BOUND('',#11401,.F.);
#11401 = EDGE_LOOP('',(#11402,#11423,#11424,#11425));
#11402 = ORIENTED_EDGE('',*,*,#11403,.F.);
#11403 = EDGE_CURVE('',#6983,#7341,#11404,.T.);
#11404 = SURFACE_CURVE('',#11405,(#11409,#11416),.PCURVE_S1.);
#11405 = LINE('',#11406,#11407);
#11406 = CARTESIAN_POINT('',(-21.15,172.90443239849,61.797111493857));
#11407 = VECTOR('',#11408,1.);
#11408 = DIRECTION('',(1.,6.450531537933E-16,2.775557561562E-17));
#11409 = PCURVE('',#1112,#11410);
#11410 = DEFINITIONAL_REPRESENTATION('',(#11411),#11415);
#11411 = LINE('',#11412,#11413);
#11412 = CARTESIAN_POINT('',(2.926449359766,0.15));
#11413 = VECTOR('',#11414,1.);
#11414 = DIRECTION('',(0.,-1.));
#11415 = ( GEOMETRIC_REPRESENTATION_CONTEXT(2) 
PARAMETRIC_REPRESENTATION_CONTEXT() REPRESENTATION_CONTEXT('2D SPACE',''
  ) );
#11416 = PCURVE('',#4264,#11417);
#11417 = DEFINITIONAL_REPRESENTATION('',(#11418),#11422);
#11418 = LINE('',#11419,#11420);
#11419 = CARTESIAN_POINT('',(1.624278039914,1.35));
#11420 = VECTOR('',#11421,1.);
#11421 = DIRECTION('',(0.,-1.));
#11422 = ( GEOMETRIC_REPRESENTATION_CONTEXT(2) 
PARAMETRIC_REPRESENTATION_CONTEXT() REPRESENTATION_CONTEXT('2D SPACE',''
  ) );
#11423 = ORIENTED_EDGE('',*,*,#6982,.F.);
#11424 = ORIENTED_EDGE('',*,*,#1096,.F.);
#11425 = ORIENTED_EDGE('',*,*,#7340,.T.);
#11426 = ADVANCED_FACE('',(#11427),#1315,.T.);
#11427 = FACE_BOUND('',#11428,.T.);
#11428 = EDGE_LOOP('',(#11429,#11430,#11431,#11453,#11454));
#11429 = ORIENTED_EDGE('',*,*,#1298,.F.);
#11430 = ORIENTED_EDGE('',*,*,#11351,.T.);
#11431 = ORIENTED_EDGE('',*,*,#11432,.F.);
#11432 = EDGE_CURVE('',#4118,#11327,#11433,.T.);
#11433 = SURFACE_CURVE('',#11434,(#11439,#11446),.PCURVE_S1.);
#11434 = CIRCLE('',#11435,3.1);
#11435 = AXIS2_PLACEMENT_3D('',#11436,#11437,#11438);
#11436 = CARTESIAN_POINT('',(-21.,176.,33.631397208143));
#11437 = DIRECTION('',(-1.,-6.450531537933E-16,-2.775557561562E-17));
#11438 = DIRECTION('',(2.775557561563E-17,-7.136298725426E-15,-1.));
#11439 = PCURVE('',#1315,#11440);
#11440 = DEFINITIONAL_REPRESENTATION('',(#11441),#11445);
#11441 = CIRCLE('',#11442,3.1);
#11442 = AXIS2_PLACEMENT_2D('',#11443,#11444);
#11443 = CARTESIAN_POINT('',(14.,0.));
#11444 = DIRECTION('',(1.,0.));
#11445 = ( GEOMETRIC_REPRESENTATION_CONTEXT(2) 
PARAMETRIC_REPRESENTATION_CONTEXT() REPRESENTATION_CONTEXT('2D SPACE',''
  ) );
#11446 = PCURVE('',#1697,#11447);
#11447 = DEFINITIONAL_REPRESENTATION('',(#11448),#11452);
#11448 = LINE('',#11449,#11450);
#11449 = CARTESIAN_POINT('',(-4.440892098501E-16,1.2));
#11450 = VECTOR('',#11451,1.);
#11451 = DIRECTION('',(1.,0.));
#11452 = ( GEOMETRIC_REPRESENTATION_CONTEXT(2) 
PARAMETRIC_REPRESENTATION_CONTEXT() REPRESENTATION_CONTEXT('2D SPACE',''
  ) );
#11453 = ORIENTED_EDGE('',*,*,#4142,.T.);
#11454 = ORIENTED_EDGE('',*,*,#1528,.F.);
#11455 = ADVANCED_FACE('',(#11456,#11460),#1724,.T.);
#11456 = FACE_BOUND('',#11457,.T.);
#11457 = EDGE_LOOP('',(#11458,#11459));
#11458 = ORIENTED_EDGE('',*,*,#7213,.T.);
#11459 = ORIENTED_EDGE('',*,*,#4843,.T.);
#11460 = FACE_BOUND('',#11461,.T.);
#11461 = EDGE_LOOP('',(#11462,#11463,#11464,#11486));
#11462 = ORIENTED_EDGE('',*,*,#7672,.T.);
#11463 = ORIENTED_EDGE('',*,*,#4383,.T.);
#11464 = ORIENTED_EDGE('',*,*,#11465,.T.);
#11465 = EDGE_CURVE('',#4120,#1682,#11466,.T.);
#11466 = SURFACE_CURVE('',#11467,(#11472,#11479),.PCURVE_S1.);
#11467 = CIRCLE('',#11468,3.1);
#11468 = AXIS2_PLACEMENT_3D('',#11469,#11470,#11471);
#11469 = CARTESIAN_POINT('',(-19.8,176.,33.631397208143));
#11470 = DIRECTION('',(-1.,-6.450531537933E-16,-2.775557561562E-17));
#11471 = DIRECTION('',(2.775557561563E-17,-7.136298725426E-15,-1.));
#11472 = PCURVE('',#1724,#11473);
#11473 = DEFINITIONAL_REPRESENTATION('',(#11474),#11478);
#11474 = CIRCLE('',#11475,3.1);
#11475 = AXIS2_PLACEMENT_2D('',#11476,#11477);
#11476 = CARTESIAN_POINT('',(0.,0.));
#11477 = DIRECTION('',(1.,0.));
#11478 = ( GEOMETRIC_REPRESENTATION_CONTEXT(2) 
PARAMETRIC_REPRESENTATION_CONTEXT() REPRESENTATION_CONTEXT('2D SPACE',''
  ) );
#11479 = PCURVE('',#1697,#11480);
#11480 = DEFINITIONAL_REPRESENTATION('',(#11481),#11485);
#11481 = LINE('',#11482,#11483);
#11482 = CARTESIAN_POINT('',(0.,0.));
#11483 = VECTOR('',#11484,1.);
#11484 = DIRECTION('',(1.,0.));
#11485 = ( GEOMETRIC_REPRESENTATION_CONTEXT(2) 
PARAMETRIC_REPRESENTATION_CONTEXT() REPRESENTATION_CONTEXT('2D SPACE',''
  ) );
#11486 = ORIENTED_EDGE('',*,*,#1709,.T.);
#11487 = ADVANCED_FACE('',(#11488),#1697,.F.);
#11488 = FACE_BOUND('',#11489,.F.);
#11489 = EDGE_LOOP('',(#11490,#11491,#11492,#11493,#11494,#11495));
#11490 = ORIENTED_EDGE('',*,*,#7038,.F.);
#11491 = ORIENTED_EDGE('',*,*,#11326,.T.);
#11492 = ORIENTED_EDGE('',*,*,#11432,.F.);
#11493 = ORIENTED_EDGE('',*,*,#4117,.T.);
#11494 = ORIENTED_EDGE('',*,*,#11465,.T.);
#11495 = ORIENTED_EDGE('',*,*,#1681,.T.);
#11496 = ADVANCED_FACE('',(#11497,#11501),#1483,.T.);
#11497 = FACE_BOUND('',#11498,.T.);
#11498 = EDGE_LOOP('',(#11499,#11500));
#11499 = ORIENTED_EDGE('',*,*,#7245,.T.);
#11500 = ORIENTED_EDGE('',*,*,#4728,.T.);
#11501 = FACE_BOUND('',#11502,.T.);
#11502 = EDGE_LOOP('',(#11503,#11504,#11526,#11527));
#11503 = ORIENTED_EDGE('',*,*,#4169,.T.);
#11504 = ORIENTED_EDGE('',*,*,#11505,.T.);
#11505 = EDGE_CURVE('',#4170,#1441,#11506,.T.);
#11506 = SURFACE_CURVE('',#11507,(#11512,#11519),.PCURVE_S1.);
#11507 = CIRCLE('',#11508,3.1);
#11508 = AXIS2_PLACEMENT_3D('',#11509,#11510,#11511);
#11509 = CARTESIAN_POINT('',(-19.8,190.,47.631397208143));
#11510 = DIRECTION('',(-1.,-6.450531537933E-16,-2.775557561562E-17));
#11511 = DIRECTION('',(2.775557561563E-17,-7.136298725426E-15,-1.));
#11512 = PCURVE('',#1483,#11513);
#11513 = DEFINITIONAL_REPRESENTATION('',(#11514),#11518);
#11514 = CIRCLE('',#11515,3.1);
#11515 = AXIS2_PLACEMENT_2D('',#11516,#11517);
#11516 = CARTESIAN_POINT('',(0.,0.));
#11517 = DIRECTION('',(1.,0.));
#11518 = ( GEOMETRIC_REPRESENTATION_CONTEXT(2) 
PARAMETRIC_REPRESENTATION_CONTEXT() REPRESENTATION_CONTEXT('2D SPACE',''
  ) );
#11519 = PCURVE('',#1456,#11520);
#11520 = DEFINITIONAL_REPRESENTATION('',(#11521),#11525);
#11521 = LINE('',#11522,#11523);
#11522 = CARTESIAN_POINT('',(0.,0.));
#11523 = VECTOR('',#11524,1.);
#11524 = DIRECTION('',(1.,0.));
#11525 = ( GEOMETRIC_REPRESENTATION_CONTEXT(2) 
PARAMETRIC_REPRESENTATION_CONTEXT() REPRESENTATION_CONTEXT('2D SPACE',''
  ) );
#11526 = ORIENTED_EDGE('',*,*,#1468,.T.);
#11527 = ORIENTED_EDGE('',*,*,#1551,.T.);
#11528 = ADVANCED_FACE('',(#11529),#1456,.F.);
#11529 = FACE_BOUND('',#11530,.F.);
#11530 = EDGE_LOOP('',(#11531,#11532,#11533,#11534));
#11531 = ORIENTED_EDGE('',*,*,#7542,.F.);
#11532 = ORIENTED_EDGE('',*,*,#4197,.T.);
#11533 = ORIENTED_EDGE('',*,*,#11505,.T.);
#11534 = ORIENTED_EDGE('',*,*,#1440,.T.);
#11535 = ADVANCED_FACE('',(#11536,#11540),#4293,.T.);
#11536 = FACE_BOUND('',#11537,.T.);
#11537 = EDGE_LOOP('',(#11538,#11539));
#11538 = ORIENTED_EDGE('',*,*,#7277,.T.);
#11539 = ORIENTED_EDGE('',*,*,#4613,.T.);
#11540 = FACE_BOUND('',#11541,.T.);
#11541 = EDGE_LOOP('',(#11542,#11543,#11544));
#11542 = ORIENTED_EDGE('',*,*,#4276,.T.);
#11543 = ORIENTED_EDGE('',*,*,#7570,.T.);
#11544 = ORIENTED_EDGE('',*,*,#11545,.T.);
#11545 = EDGE_CURVE('',#7571,#4249,#11546,.T.);
#11546 = SURFACE_CURVE('',#11547,(#11552,#11559),.PCURVE_S1.);
#11547 = CIRCLE('',#11548,3.1);
#11548 = AXIS2_PLACEMENT_3D('',#11549,#11550,#11551);
#11549 = CARTESIAN_POINT('',(-19.8,176.,61.631397208143));
#11550 = DIRECTION('',(-1.,-6.450531537933E-16,-2.775557561562E-17));
#11551 = DIRECTION('',(2.775557561563E-17,-7.136298725426E-15,-1.));
#11552 = PCURVE('',#4293,#11553);
#11553 = DEFINITIONAL_REPRESENTATION('',(#11554),#11558);
#11554 = CIRCLE('',#11555,3.1);
#11555 = AXIS2_PLACEMENT_2D('',#11556,#11557);
#11556 = CARTESIAN_POINT('',(0.,0.));
#11557 = DIRECTION('',(1.,0.));
#11558 = ( GEOMETRIC_REPRESENTATION_CONTEXT(2) 
PARAMETRIC_REPRESENTATION_CONTEXT() REPRESENTATION_CONTEXT('2D SPACE',''
  ) );
#11559 = PCURVE('',#4264,#11560);
#11560 = DEFINITIONAL_REPRESENTATION('',(#11561),#11565);
#11561 = LINE('',#11562,#11563);
#11562 = CARTESIAN_POINT('',(1.665334536938E-16,0.));
#11563 = VECTOR('',#11564,1.);
#11564 = DIRECTION('',(1.,0.));
#11565 = ( GEOMETRIC_REPRESENTATION_CONTEXT(2) 
PARAMETRIC_REPRESENTATION_CONTEXT() REPRESENTATION_CONTEXT('2D SPACE',''
  ) );
#11566 = ADVANCED_FACE('',(#11567),#4264,.F.);
#11567 = FACE_BOUND('',#11568,.F.);
#11568 = EDGE_LOOP('',(#11569,#11570,#11571,#11572,#11573,#11574,#11575,
    #11576));
#11569 = ORIENTED_EDGE('',*,*,#7598,.T.);
#11570 = ORIENTED_EDGE('',*,*,#11545,.T.);
#11571 = ORIENTED_EDGE('',*,*,#4248,.T.);
#11572 = ORIENTED_EDGE('',*,*,#7495,.F.);
#11573 = ORIENTED_EDGE('',*,*,#11378,.T.);
#11574 = ORIENTED_EDGE('',*,*,#7121,.F.);
#11575 = ORIENTED_EDGE('',*,*,#11403,.T.);
#11576 = ORIENTED_EDGE('',*,*,#7364,.F.);
#11577 = ADVANCED_FACE('',(#11578,#11582),#1057,.T.);
#11578 = FACE_BOUND('',#11579,.T.);
#11579 = EDGE_LOOP('',(#11580,#11581));
#11580 = ORIENTED_EDGE('',*,*,#7309,.T.);
#11581 = ORIENTED_EDGE('',*,*,#4498,.T.);
#11582 = FACE_BOUND('',#11583,.T.);
#11583 = EDGE_LOOP('',(#11584,#11585,#11607,#11608));
#11584 = ORIENTED_EDGE('',*,*,#7621,.T.);
#11585 = ORIENTED_EDGE('',*,*,#11586,.T.);
#11586 = EDGE_CURVE('',#7622,#1210,#11587,.T.);
#11587 = SURFACE_CURVE('',#11588,(#11593,#11600),.PCURVE_S1.);
#11588 = CIRCLE('',#11589,3.1);
#11589 = AXIS2_PLACEMENT_3D('',#11590,#11591,#11592);
#11590 = CARTESIAN_POINT('',(-19.8,162.,47.631397208143));
#11591 = DIRECTION('',(-1.,-6.450531537933E-16,-2.775557561562E-17));
#11592 = DIRECTION('',(2.775557561563E-17,-7.136298725426E-15,-1.));
#11593 = PCURVE('',#1057,#11594);
#11594 = DEFINITIONAL_REPRESENTATION('',(#11595),#11599);
#11595 = CIRCLE('',#11596,3.1);
#11596 = AXIS2_PLACEMENT_2D('',#11597,#11598);
#11597 = CARTESIAN_POINT('',(0.,0.));
#11598 = DIRECTION('',(1.,0.));
#11599 = ( GEOMETRIC_REPRESENTATION_CONTEXT(2) 
PARAMETRIC_REPRESENTATION_CONTEXT() REPRESENTATION_CONTEXT('2D SPACE',''
  ) );
#11600 = PCURVE('',#1225,#11601);
#11601 = DEFINITIONAL_REPRESENTATION('',(#11602),#11606);
#11602 = LINE('',#11603,#11604);
#11603 = CARTESIAN_POINT('',(-8.881784197001E-16,0.));
#11604 = VECTOR('',#11605,1.);
#11605 = DIRECTION('',(1.,0.));
#11606 = ( GEOMETRIC_REPRESENTATION_CONTEXT(2) 
PARAMETRIC_REPRESENTATION_CONTEXT() REPRESENTATION_CONTEXT('2D SPACE',''
  ) );
#11607 = ORIENTED_EDGE('',*,*,#1237,.T.);
#11608 = ORIENTED_EDGE('',*,*,#1042,.T.);
#11609 = ADVANCED_FACE('',(#11610),#1225,.F.);
#11610 = FACE_BOUND('',#11611,.F.);
#11611 = EDGE_LOOP('',(#11612,#11613,#11614,#11615));
#11612 = ORIENTED_EDGE('',*,*,#7418,.F.);
#11613 = ORIENTED_EDGE('',*,*,#7649,.T.);
#11614 = ORIENTED_EDGE('',*,*,#11586,.T.);
#11615 = ORIENTED_EDGE('',*,*,#1209,.T.);
#11616 = ADVANCED_FACE('',(#11617,#11642),#935,.T.);
#11617 = FACE_BOUND('',#11618,.T.);
#11618 = EDGE_LOOP('',(#11619,#11641));
#11619 = ORIENTED_EDGE('',*,*,#11620,.T.);
#11620 = EDGE_CURVE('',#830,#898,#11621,.T.);
#11621 = SURFACE_CURVE('',#11622,(#11627,#11634),.PCURVE_S1.);
#11622 = CIRCLE('',#11623,14.5);
#11623 = AXIS2_PLACEMENT_3D('',#11624,#11625,#11626);
#11624 = CARTESIAN_POINT('',(-21.,224.,47.631397208143));
#11625 = DIRECTION('',(-1.,-6.450531537933E-16,-2.775557561562E-17));
#11626 = DIRECTION('',(2.775557561563E-17,-7.136298725426E-15,-1.));
#11627 = PCURVE('',#935,#11628);
#11628 = DEFINITIONAL_REPRESENTATION('',(#11629),#11633);
#11629 = CIRCLE('',#11630,14.5);
#11630 = AXIS2_PLACEMENT_2D('',#11631,#11632);
#11631 = CARTESIAN_POINT('',(0.,0.));
#11632 = DIRECTION('',(1.,0.));
#11633 = ( GEOMETRIC_REPRESENTATION_CONTEXT(2) 
PARAMETRIC_REPRESENTATION_CONTEXT() REPRESENTATION_CONTEXT('2D SPACE',''
  ) );
#11634 = PCURVE('',#852,#11635);
#11635 = DEFINITIONAL_REPRESENTATION('',(#11636),#11640);
#11636 = LINE('',#11637,#11638);
#11637 = CARTESIAN_POINT('',(0.,0.));
#11638 = VECTOR('',#11639,1.);
#11639 = DIRECTION('',(1.,0.));
#11640 = ( GEOMETRIC_REPRESENTATION_CONTEXT(2) 
PARAMETRIC_REPRESENTATION_CONTEXT() REPRESENTATION_CONTEXT('2D SPACE',''
  ) );
#11641 = ORIENTED_EDGE('',*,*,#920,.T.);
#11642 = FACE_BOUND('',#11643,.T.);
#11643 = EDGE_LOOP('',(#11644,#11645));
#11644 = ORIENTED_EDGE('',*,*,#7181,.T.);
#11645 = ORIENTED_EDGE('',*,*,#4958,.T.);
#11646 = ADVANCED_FACE('',(#11647),#852,.F.);
#11647 = FACE_BOUND('',#11648,.F.);
#11648 = EDGE_LOOP('',(#11649,#11650,#11651,#11652));
#11649 = ORIENTED_EDGE('',*,*,#7149,.F.);
#11650 = ORIENTED_EDGE('',*,*,#829,.F.);
#11651 = ORIENTED_EDGE('',*,*,#11620,.T.);
#11652 = ORIENTED_EDGE('',*,*,#897,.T.);
#11653 = ADVANCED_FACE('',(#11654),#8806,.T.);
#11654 = FACE_BOUND('',#11655,.T.);
#11655 = EDGE_LOOP('',(#11656,#11657,#11680,#11708));
#11656 = ORIENTED_EDGE('',*,*,#8790,.F.);
#11657 = ORIENTED_EDGE('',*,*,#11658,.F.);
#11658 = EDGE_CURVE('',#11659,#8756,#11661,.T.);
#11659 = VERTEX_POINT('',#11660);
#11660 = CARTESIAN_POINT('',(-23.5,176.,26.631397208143));
#11661 = SURFACE_CURVE('',#11662,(#11666,#11673),.PCURVE_S1.);
#11662 = LINE('',#11663,#11664);
#11663 = CARTESIAN_POINT('',(-23.5,176.,26.631397208143));
#11664 = VECTOR('',#11665,1.);
#11665 = DIRECTION('',(1.,6.450531537933E-16,2.775557561562E-17));
#11666 = PCURVE('',#8806,#11667);
#11667 = DEFINITIONAL_REPRESENTATION('',(#11668),#11672);
#11668 = LINE('',#11669,#11670);
#11669 = CARTESIAN_POINT('',(73.5,0.));
#11670 = VECTOR('',#11671,1.);
#11671 = DIRECTION('',(0.,-1.));
#11672 = ( GEOMETRIC_REPRESENTATION_CONTEXT(2) 
PARAMETRIC_REPRESENTATION_CONTEXT() REPRESENTATION_CONTEXT('2D SPACE',''
  ) );
#11673 = PCURVE('',#8778,#11674);
#11674 = DEFINITIONAL_REPRESENTATION('',(#11675),#11679);
#11675 = LINE('',#11676,#11677);
#11676 = CARTESIAN_POINT('',(3.14159265359,0.));
#11677 = VECTOR('',#11678,1.);
#11678 = DIRECTION('',(0.,1.));
#11679 = ( GEOMETRIC_REPRESENTATION_CONTEXT(2) 
PARAMETRIC_REPRESENTATION_CONTEXT() REPRESENTATION_CONTEXT('2D SPACE',''
  ) );
#11680 = ORIENTED_EDGE('',*,*,#11681,.T.);
#11681 = EDGE_CURVE('',#11659,#11682,#11684,.T.);
#11682 = VERTEX_POINT('',#11683);
#11683 = CARTESIAN_POINT('',(-23.5,248.,26.631397208143));
#11684 = SURFACE_CURVE('',#11685,(#11689,#11696),.PCURVE_S1.);
#11685 = LINE('',#11686,#11687);
#11686 = CARTESIAN_POINT('',(-23.5,249.5,26.631397208143));
#11687 = VECTOR('',#11688,1.);
#11688 = DIRECTION('',(-6.450531537933E-16,1.,-7.280859015091E-15));
#11689 = PCURVE('',#8806,#11690);
#11690 = DEFINITIONAL_REPRESENTATION('',(#11691),#11695);
#11691 = LINE('',#11692,#11693);
#11692 = CARTESIAN_POINT('',(0.,0.));
#11693 = VECTOR('',#11694,1.);
#11694 = DIRECTION('',(-1.,0.));
#11695 = ( GEOMETRIC_REPRESENTATION_CONTEXT(2) 
PARAMETRIC_REPRESENTATION_CONTEXT() REPRESENTATION_CONTEXT('2D SPACE',''
  ) );
#11696 = PCURVE('',#11697,#11702);
#11697 = PLANE('',#11698);
#11698 = AXIS2_PLACEMENT_3D('',#11699,#11700,#11701);
#11699 = CARTESIAN_POINT('',(-23.5,249.5,47.631397208143));
#11700 = DIRECTION('',(-1.,-6.450531537933E-16,-2.775557561562E-17));
#11701 = DIRECTION('',(2.775557561563E-17,-7.136298725426E-15,-1.));
#11702 = DEFINITIONAL_REPRESENTATION('',(#11703),#11707);
#11703 = LINE('',#11704,#11705);
#11704 = CARTESIAN_POINT('',(21.,3.035766082959E-15));
#11705 = VECTOR('',#11706,1.);
#11706 = DIRECTION('',(1.445602896647E-16,-1.));
#11707 = ( GEOMETRIC_REPRESENTATION_CONTEXT(2) 
PARAMETRIC_REPRESENTATION_CONTEXT() REPRESENTATION_CONTEXT('2D SPACE',''
  ) );
#11708 = ORIENTED_EDGE('',*,*,#11709,.T.);
#11709 = EDGE_CURVE('',#11682,#8791,#11710,.T.);
#11710 = SURFACE_CURVE('',#11711,(#11715,#11722),.PCURVE_S1.);
#11711 = LINE('',#11712,#11713);
#11712 = CARTESIAN_POINT('',(-23.5,248.,26.631397208143));
#11713 = VECTOR('',#11714,1.);
#11714 = DIRECTION('',(1.,6.450531537933E-16,2.775557561562E-17));
#11715 = PCURVE('',#8806,#11716);
#11716 = DEFINITIONAL_REPRESENTATION('',(#11717),#11721);
#11717 = LINE('',#11718,#11719);
#11718 = CARTESIAN_POINT('',(1.5,0.));
#11719 = VECTOR('',#11720,1.);
#11720 = DIRECTION('',(0.,-1.));
#11721 = ( GEOMETRIC_REPRESENTATION_CONTEXT(2) 
PARAMETRIC_REPRESENTATION_CONTEXT() REPRESENTATION_CONTEXT('2D SPACE',''
  ) );
#11722 = PCURVE('',#8834,#11723);
#11723 = DEFINITIONAL_REPRESENTATION('',(#11724),#11728);
#11724 = LINE('',#11725,#11726);
#11725 = CARTESIAN_POINT('',(-21.,0.));
#11726 = VECTOR('',#11727,1.);
#11727 = DIRECTION('',(0.,-1.));
#11728 = ( GEOMETRIC_REPRESENTATION_CONTEXT(2) 
PARAMETRIC_REPRESENTATION_CONTEXT() REPRESENTATION_CONTEXT('2D SPACE',''
  ) );
#11729 = ADVANCED_FACE('',(#11730),#8778,.T.);
#11730 = FACE_BOUND('',#11731,.T.);
#11731 = EDGE_LOOP('',(#11732,#11733,#11756,#11778));
#11732 = ORIENTED_EDGE('',*,*,#8755,.T.);
#11733 = ORIENTED_EDGE('',*,*,#11734,.F.);
#11734 = EDGE_CURVE('',#11735,#8758,#11737,.T.);
#11735 = VERTEX_POINT('',#11736);
#11736 = CARTESIAN_POINT('',(-23.5,176.,68.631397208143));
#11737 = SURFACE_CURVE('',#11738,(#11742,#11749),.PCURVE_S1.);
#11738 = LINE('',#11739,#11740);
#11739 = CARTESIAN_POINT('',(-23.5,176.,68.631397208143));
#11740 = VECTOR('',#11741,1.);
#11741 = DIRECTION('',(1.,6.450531537933E-16,2.775557561562E-17));
#11742 = PCURVE('',#8778,#11743);
#11743 = DEFINITIONAL_REPRESENTATION('',(#11744),#11748);
#11744 = LINE('',#11745,#11746);
#11745 = CARTESIAN_POINT('',(0.,0.));
#11746 = VECTOR('',#11747,1.);
#11747 = DIRECTION('',(0.,1.));
#11748 = ( GEOMETRIC_REPRESENTATION_CONTEXT(2) 
PARAMETRIC_REPRESENTATION_CONTEXT() REPRESENTATION_CONTEXT('2D SPACE',''
  ) );
#11749 = PCURVE('',#8860,#11750);
#11750 = DEFINITIONAL_REPRESENTATION('',(#11751),#11755);
#11751 = LINE('',#11752,#11753);
#11752 = CARTESIAN_POINT('',(0.,73.5));
#11753 = VECTOR('',#11754,1.);
#11754 = DIRECTION('',(1.,-0.));
#11755 = ( GEOMETRIC_REPRESENTATION_CONTEXT(2) 
PARAMETRIC_REPRESENTATION_CONTEXT() REPRESENTATION_CONTEXT('2D SPACE',''
  ) );
#11756 = ORIENTED_EDGE('',*,*,#11757,.F.);
#11757 = EDGE_CURVE('',#11659,#11735,#11758,.T.);
#11758 = SURFACE_CURVE('',#11759,(#11764,#11771),.PCURVE_S1.);
#11759 = CIRCLE('',#11760,21.);
#11760 = AXIS2_PLACEMENT_3D('',#11761,#11762,#11763);
#11761 = CARTESIAN_POINT('',(-23.5,176.,47.631397208143));
#11762 = DIRECTION('',(-1.,-6.450531537933E-16,-2.775557561562E-17));
#11763 = DIRECTION('',(2.775557561563E-17,-7.136298725426E-15,-1.));
#11764 = PCURVE('',#8778,#11765);
#11765 = DEFINITIONAL_REPRESENTATION('',(#11766),#11770);
#11766 = LINE('',#11767,#11768);
#11767 = CARTESIAN_POINT('',(3.14159265359,0.));
#11768 = VECTOR('',#11769,1.);
#11769 = DIRECTION('',(-1.,0.));
#11770 = ( GEOMETRIC_REPRESENTATION_CONTEXT(2) 
PARAMETRIC_REPRESENTATION_CONTEXT() REPRESENTATION_CONTEXT('2D SPACE',''
  ) );
#11771 = PCURVE('',#11697,#11772);
#11772 = DEFINITIONAL_REPRESENTATION('',(#11773),#11777);
#11773 = CIRCLE('',#11774,21.);
#11774 = AXIS2_PLACEMENT_2D('',#11775,#11776);
#11775 = CARTESIAN_POINT('',(3.469446951954E-15,73.5));
#11776 = DIRECTION('',(1.,0.));
#11777 = ( GEOMETRIC_REPRESENTATION_CONTEXT(2) 
PARAMETRIC_REPRESENTATION_CONTEXT() REPRESENTATION_CONTEXT('2D SPACE',''
  ) );
#11778 = ORIENTED_EDGE('',*,*,#11658,.T.);
#11779 = ADVANCED_FACE('',(#11780),#8860,.F.);
#11780 = FACE_BOUND('',#11781,.T.);
#11781 = EDGE_LOOP('',(#11782,#11783,#11806,#11827));
#11782 = ORIENTED_EDGE('',*,*,#8846,.T.);
#11783 = ORIENTED_EDGE('',*,*,#11784,.F.);
#11784 = EDGE_CURVE('',#11785,#8819,#11787,.T.);
#11785 = VERTEX_POINT('',#11786);
#11786 = CARTESIAN_POINT('',(-23.5,248.,68.631397208143));
#11787 = SURFACE_CURVE('',#11788,(#11792,#11799),.PCURVE_S1.);
#11788 = LINE('',#11789,#11790);
#11789 = CARTESIAN_POINT('',(-23.5,248.,68.631397208143));
#11790 = VECTOR('',#11791,1.);
#11791 = DIRECTION('',(1.,6.450531537933E-16,2.775557561562E-17));
#11792 = PCURVE('',#8860,#11793);
#11793 = DEFINITIONAL_REPRESENTATION('',(#11794),#11798);
#11794 = LINE('',#11795,#11796);
#11795 = CARTESIAN_POINT('',(0.,1.5));
#11796 = VECTOR('',#11797,1.);
#11797 = DIRECTION('',(1.,-0.));
#11798 = ( GEOMETRIC_REPRESENTATION_CONTEXT(2) 
PARAMETRIC_REPRESENTATION_CONTEXT() REPRESENTATION_CONTEXT('2D SPACE',''
  ) );
#11799 = PCURVE('',#8834,#11800);
#11800 = DEFINITIONAL_REPRESENTATION('',(#11801),#11805);
#11801 = LINE('',#11802,#11803);
#11802 = CARTESIAN_POINT('',(21.,0.));
#11803 = VECTOR('',#11804,1.);
#11804 = DIRECTION('',(0.,-1.));
#11805 = ( GEOMETRIC_REPRESENTATION_CONTEXT(2) 
PARAMETRIC_REPRESENTATION_CONTEXT() REPRESENTATION_CONTEXT('2D SPACE',''
  ) );
#11806 = ORIENTED_EDGE('',*,*,#11807,.F.);
#11807 = EDGE_CURVE('',#11735,#11785,#11808,.T.);
#11808 = SURFACE_CURVE('',#11809,(#11813,#11820),.PCURVE_S1.);
#11809 = LINE('',#11810,#11811);
#11810 = CARTESIAN_POINT('',(-23.5,249.5,68.631397208143));
#11811 = VECTOR('',#11812,1.);
#11812 = DIRECTION('',(-6.450531537933E-16,1.,-7.136298725426E-15));
#11813 = PCURVE('',#8860,#11814);
#11814 = DEFINITIONAL_REPRESENTATION('',(#11815),#11819);
#11815 = LINE('',#11816,#11817);
#11816 = CARTESIAN_POINT('',(0.,0.));
#11817 = VECTOR('',#11818,1.);
#11818 = DIRECTION('',(-0.,-1.));
#11819 = ( GEOMETRIC_REPRESENTATION_CONTEXT(2) 
PARAMETRIC_REPRESENTATION_CONTEXT() REPRESENTATION_CONTEXT('2D SPACE',''
  ) );
#11820 = PCURVE('',#11697,#11821);
#11821 = DEFINITIONAL_REPRESENTATION('',(#11822),#11826);
#11822 = LINE('',#11823,#11824);
#11823 = CARTESIAN_POINT('',(-21.,0.));
#11824 = VECTOR('',#11825,1.);
#11825 = DIRECTION('',(0.,-1.));
#11826 = ( GEOMETRIC_REPRESENTATION_CONTEXT(2) 
PARAMETRIC_REPRESENTATION_CONTEXT() REPRESENTATION_CONTEXT('2D SPACE',''
  ) );
#11827 = ORIENTED_EDGE('',*,*,#11734,.T.);
#11828 = ADVANCED_FACE('',(#11829),#6798,.F.);
#11829 = FACE_BOUND('',#11830,.F.);
#11830 = EDGE_LOOP('',(#11831,#11854,#11878,#11899));
#11831 = ORIENTED_EDGE('',*,*,#11832,.F.);
#11832 = EDGE_CURVE('',#11833,#6778,#11835,.T.);
#11833 = VERTEX_POINT('',#11834);
#11834 = CARTESIAN_POINT('',(-23.5,176.,67.631397208143));
#11835 = SURFACE_CURVE('',#11836,(#11840,#11847),.PCURVE_S1.);
#11836 = LINE('',#11837,#11838);
#11837 = CARTESIAN_POINT('',(-23.5,176.,67.631397208143));
#11838 = VECTOR('',#11839,1.);
#11839 = DIRECTION('',(1.,6.450531537933E-16,2.775557561562E-17));
#11840 = PCURVE('',#6798,#11841);
#11841 = DEFINITIONAL_REPRESENTATION('',(#11842),#11846);
#11842 = LINE('',#11843,#11844);
#11843 = CARTESIAN_POINT('',(0.,0.));
#11844 = VECTOR('',#11845,1.);
#11845 = DIRECTION('',(0.,1.));
#11846 = ( GEOMETRIC_REPRESENTATION_CONTEXT(2) 
PARAMETRIC_REPRESENTATION_CONTEXT() REPRESENTATION_CONTEXT('2D SPACE',''
  ) );
#11847 = PCURVE('',#6826,#11848);
#11848 = DEFINITIONAL_REPRESENTATION('',(#11849),#11853);
#11849 = LINE('',#11850,#11851);
#11850 = CARTESIAN_POINT('',(0.,73.5));
#11851 = VECTOR('',#11852,1.);
#11852 = DIRECTION('',(1.,-0.));
#11853 = ( GEOMETRIC_REPRESENTATION_CONTEXT(2) 
PARAMETRIC_REPRESENTATION_CONTEXT() REPRESENTATION_CONTEXT('2D SPACE',''
  ) );
#11854 = ORIENTED_EDGE('',*,*,#11855,.F.);
#11855 = EDGE_CURVE('',#11856,#11833,#11858,.T.);
#11856 = VERTEX_POINT('',#11857);
#11857 = CARTESIAN_POINT('',(-23.5,176.,27.631397208143));
#11858 = SURFACE_CURVE('',#11859,(#11864,#11871),.PCURVE_S1.);
#11859 = CIRCLE('',#11860,20.);
#11860 = AXIS2_PLACEMENT_3D('',#11861,#11862,#11863);
#11861 = CARTESIAN_POINT('',(-23.5,176.,47.631397208143));
#11862 = DIRECTION('',(-1.,-6.450531537933E-16,-2.775557561562E-17));
#11863 = DIRECTION('',(2.775557561563E-17,-7.136298725426E-15,-1.));
#11864 = PCURVE('',#6798,#11865);
#11865 = DEFINITIONAL_REPRESENTATION('',(#11866),#11870);
#11866 = LINE('',#11867,#11868);
#11867 = CARTESIAN_POINT('',(3.14159265359,0.));
#11868 = VECTOR('',#11869,1.);
#11869 = DIRECTION('',(-1.,0.));
#11870 = ( GEOMETRIC_REPRESENTATION_CONTEXT(2) 
PARAMETRIC_REPRESENTATION_CONTEXT() REPRESENTATION_CONTEXT('2D SPACE',''
  ) );
#11871 = PCURVE('',#11697,#11872);
#11872 = DEFINITIONAL_REPRESENTATION('',(#11873),#11877);
#11873 = CIRCLE('',#11874,20.);
#11874 = AXIS2_PLACEMENT_2D('',#11875,#11876);
#11875 = CARTESIAN_POINT('',(3.469446951954E-15,73.5));
#11876 = DIRECTION('',(1.,0.));
#11877 = ( GEOMETRIC_REPRESENTATION_CONTEXT(2) 
PARAMETRIC_REPRESENTATION_CONTEXT() REPRESENTATION_CONTEXT('2D SPACE',''
  ) );
#11878 = ORIENTED_EDGE('',*,*,#11879,.T.);
#11879 = EDGE_CURVE('',#11856,#6748,#11880,.T.);
#11880 = SURFACE_CURVE('',#11881,(#11885,#11892),.PCURVE_S1.);
#11881 = LINE('',#11882,#11883);
#11882 = CARTESIAN_POINT('',(-23.5,176.,27.631397208143));
#11883 = VECTOR('',#11884,1.);
#11884 = DIRECTION('',(1.,6.450531537933E-16,2.775557561562E-17));
#11885 = PCURVE('',#6798,#11886);
#11886 = DEFINITIONAL_REPRESENTATION('',(#11887),#11891);
#11887 = LINE('',#11888,#11889);
#11888 = CARTESIAN_POINT('',(3.14159265359,0.));
#11889 = VECTOR('',#11890,1.);
#11890 = DIRECTION('',(0.,1.));
#11891 = ( GEOMETRIC_REPRESENTATION_CONTEXT(2) 
PARAMETRIC_REPRESENTATION_CONTEXT() REPRESENTATION_CONTEXT('2D SPACE',''
  ) );
#11892 = PCURVE('',#6765,#11893);
#11893 = DEFINITIONAL_REPRESENTATION('',(#11894),#11898);
#11894 = LINE('',#11895,#11896);
#11895 = CARTESIAN_POINT('',(0.,73.5));
#11896 = VECTOR('',#11897,1.);
#11897 = DIRECTION('',(1.,-0.));
#11898 = ( GEOMETRIC_REPRESENTATION_CONTEXT(2) 
PARAMETRIC_REPRESENTATION_CONTEXT() REPRESENTATION_CONTEXT('2D SPACE',''
  ) );
#11899 = ORIENTED_EDGE('',*,*,#6777,.T.);
#11900 = ADVANCED_FACE('',(#11901),#6765,.F.);
#11901 = FACE_BOUND('',#11902,.T.);
#11902 = EDGE_LOOP('',(#11903,#11904,#11927,#11948));
#11903 = ORIENTED_EDGE('',*,*,#6747,.T.);
#11904 = ORIENTED_EDGE('',*,*,#11905,.F.);
#11905 = EDGE_CURVE('',#11906,#6750,#11908,.T.);
#11906 = VERTEX_POINT('',#11907);
#11907 = CARTESIAN_POINT('',(-23.5,247.,27.631397208143));
#11908 = SURFACE_CURVE('',#11909,(#11913,#11920),.PCURVE_S1.);
#11909 = LINE('',#11910,#11911);
#11910 = CARTESIAN_POINT('',(-23.5,247.,27.631397208143));
#11911 = VECTOR('',#11912,1.);
#11912 = DIRECTION('',(1.,6.450531537933E-16,2.775557561562E-17));
#11913 = PCURVE('',#6765,#11914);
#11914 = DEFINITIONAL_REPRESENTATION('',(#11915),#11919);
#11915 = LINE('',#11916,#11917);
#11916 = CARTESIAN_POINT('',(0.,2.5));
#11917 = VECTOR('',#11918,1.);
#11918 = DIRECTION('',(1.,-0.));
#11919 = ( GEOMETRIC_REPRESENTATION_CONTEXT(2) 
PARAMETRIC_REPRESENTATION_CONTEXT() REPRESENTATION_CONTEXT('2D SPACE',''
  ) );
#11920 = PCURVE('',#6852,#11921);
#11921 = DEFINITIONAL_REPRESENTATION('',(#11922),#11926);
#11922 = LINE('',#11923,#11924);
#11923 = CARTESIAN_POINT('',(-20.,0.));
#11924 = VECTOR('',#11925,1.);
#11925 = DIRECTION('',(0.,-1.));
#11926 = ( GEOMETRIC_REPRESENTATION_CONTEXT(2) 
PARAMETRIC_REPRESENTATION_CONTEXT() REPRESENTATION_CONTEXT('2D SPACE',''
  ) );
#11927 = ORIENTED_EDGE('',*,*,#11928,.F.);
#11928 = EDGE_CURVE('',#11856,#11906,#11929,.T.);
#11929 = SURFACE_CURVE('',#11930,(#11934,#11941),.PCURVE_S1.);
#11930 = LINE('',#11931,#11932);
#11931 = CARTESIAN_POINT('',(-23.5,249.5,27.631397208143));
#11932 = VECTOR('',#11933,1.);
#11933 = DIRECTION('',(-6.450531537933E-16,1.,-7.136298725426E-15));
#11934 = PCURVE('',#6765,#11935);
#11935 = DEFINITIONAL_REPRESENTATION('',(#11936),#11940);
#11936 = LINE('',#11937,#11938);
#11937 = CARTESIAN_POINT('',(0.,0.));
#11938 = VECTOR('',#11939,1.);
#11939 = DIRECTION('',(-0.,-1.));
#11940 = ( GEOMETRIC_REPRESENTATION_CONTEXT(2) 
PARAMETRIC_REPRESENTATION_CONTEXT() REPRESENTATION_CONTEXT('2D SPACE',''
  ) );
#11941 = PCURVE('',#11697,#11942);
#11942 = DEFINITIONAL_REPRESENTATION('',(#11943),#11947);
#11943 = LINE('',#11944,#11945);
#11944 = CARTESIAN_POINT('',(20.,0.));
#11945 = VECTOR('',#11946,1.);
#11946 = DIRECTION('',(0.,-1.));
#11947 = ( GEOMETRIC_REPRESENTATION_CONTEXT(2) 
PARAMETRIC_REPRESENTATION_CONTEXT() REPRESENTATION_CONTEXT('2D SPACE',''
  ) );
#11948 = ORIENTED_EDGE('',*,*,#11879,.T.);
#11949 = ADVANCED_FACE('',(#11950),#6852,.T.);
#11950 = FACE_BOUND('',#11951,.T.);
#11951 = EDGE_LOOP('',(#11952,#11953,#11976,#11997));
#11952 = ORIENTED_EDGE('',*,*,#6838,.F.);
#11953 = ORIENTED_EDGE('',*,*,#11954,.F.);
#11954 = EDGE_CURVE('',#11955,#6811,#11957,.T.);
#11955 = VERTEX_POINT('',#11956);
#11956 = CARTESIAN_POINT('',(-23.5,247.,67.631397208143));
#11957 = SURFACE_CURVE('',#11958,(#11962,#11969),.PCURVE_S1.);
#11958 = LINE('',#11959,#11960);
#11959 = CARTESIAN_POINT('',(-23.5,247.,67.631397208143));
#11960 = VECTOR('',#11961,1.);
#11961 = DIRECTION('',(1.,6.450531537933E-16,2.775557561562E-17));
#11962 = PCURVE('',#6852,#11963);
#11963 = DEFINITIONAL_REPRESENTATION('',(#11964),#11968);
#11964 = LINE('',#11965,#11966);
#11965 = CARTESIAN_POINT('',(20.,0.));
#11966 = VECTOR('',#11967,1.);
#11967 = DIRECTION('',(0.,-1.));
#11968 = ( GEOMETRIC_REPRESENTATION_CONTEXT(2) 
PARAMETRIC_REPRESENTATION_CONTEXT() REPRESENTATION_CONTEXT('2D SPACE',''
  ) );
#11969 = PCURVE('',#6826,#11970);
#11970 = DEFINITIONAL_REPRESENTATION('',(#11971),#11975);
#11971 = LINE('',#11972,#11973);
#11972 = CARTESIAN_POINT('',(0.,2.5));
#11973 = VECTOR('',#11974,1.);
#11974 = DIRECTION('',(1.,-0.));
#11975 = ( GEOMETRIC_REPRESENTATION_CONTEXT(2) 
PARAMETRIC_REPRESENTATION_CONTEXT() REPRESENTATION_CONTEXT('2D SPACE',''
  ) );
#11976 = ORIENTED_EDGE('',*,*,#11977,.T.);
#11977 = EDGE_CURVE('',#11955,#11906,#11978,.T.);
#11978 = SURFACE_CURVE('',#11979,(#11983,#11990),.PCURVE_S1.);
#11979 = LINE('',#11980,#11981);
#11980 = CARTESIAN_POINT('',(-23.5,247.,47.631397208143));
#11981 = VECTOR('',#11982,1.);
#11982 = DIRECTION('',(2.775557561563E-17,-7.19050883405E-15,-1.));
#11983 = PCURVE('',#6852,#11984);
#11984 = DEFINITIONAL_REPRESENTATION('',(#11985),#11989);
#11985 = LINE('',#11986,#11987);
#11986 = CARTESIAN_POINT('',(0.,0.));
#11987 = VECTOR('',#11988,1.);
#11988 = DIRECTION('',(-1.,0.));
#11989 = ( GEOMETRIC_REPRESENTATION_CONTEXT(2) 
PARAMETRIC_REPRESENTATION_CONTEXT() REPRESENTATION_CONTEXT('2D SPACE',''
  ) );
#11990 = PCURVE('',#11697,#11991);
#11991 = DEFINITIONAL_REPRESENTATION('',(#11992),#11996);
#11992 = LINE('',#11993,#11994);
#11993 = CARTESIAN_POINT('',(-1.355252715607E-16,2.5));
#11994 = VECTOR('',#11995,1.);
#11995 = DIRECTION('',(1.,5.421010862428E-17));
#11996 = ( GEOMETRIC_REPRESENTATION_CONTEXT(2) 
PARAMETRIC_REPRESENTATION_CONTEXT() REPRESENTATION_CONTEXT('2D SPACE',''
  ) );
#11997 = ORIENTED_EDGE('',*,*,#11905,.T.);
#11998 = ADVANCED_FACE('',(#11999),#6826,.T.);
#11999 = FACE_BOUND('',#12000,.T.);
#12000 = EDGE_LOOP('',(#12001,#12002,#12003,#12024));
#12001 = ORIENTED_EDGE('',*,*,#6810,.F.);
#12002 = ORIENTED_EDGE('',*,*,#11832,.F.);
#12003 = ORIENTED_EDGE('',*,*,#12004,.T.);
#12004 = EDGE_CURVE('',#11833,#11955,#12005,.T.);
#12005 = SURFACE_CURVE('',#12006,(#12010,#12017),.PCURVE_S1.);
#12006 = LINE('',#12007,#12008);
#12007 = CARTESIAN_POINT('',(-23.5,249.5,67.631397208143));
#12008 = VECTOR('',#12009,1.);
#12009 = DIRECTION('',(-6.450531537933E-16,1.,-7.136298725426E-15));
#12010 = PCURVE('',#6826,#12011);
#12011 = DEFINITIONAL_REPRESENTATION('',(#12012),#12016);
#12012 = LINE('',#12013,#12014);
#12013 = CARTESIAN_POINT('',(0.,0.));
#12014 = VECTOR('',#12015,1.);
#12015 = DIRECTION('',(-0.,-1.));
#12016 = ( GEOMETRIC_REPRESENTATION_CONTEXT(2) 
PARAMETRIC_REPRESENTATION_CONTEXT() REPRESENTATION_CONTEXT('2D SPACE',''
  ) );
#12017 = PCURVE('',#11697,#12018);
#12018 = DEFINITIONAL_REPRESENTATION('',(#12019),#12023);
#12019 = LINE('',#12020,#12021);
#12020 = CARTESIAN_POINT('',(-20.,0.));
#12021 = VECTOR('',#12022,1.);
#12022 = DIRECTION('',(0.,-1.));
#12023 = ( GEOMETRIC_REPRESENTATION_CONTEXT(2) 
PARAMETRIC_REPRESENTATION_CONTEXT() REPRESENTATION_CONTEXT('2D SPACE',''
  ) );
#12024 = ORIENTED_EDGE('',*,*,#11954,.T.);
#12025 = ADVANCED_FACE('',(#12026),#8834,.F.);
#12026 = FACE_BOUND('',#12027,.T.);
#12027 = EDGE_LOOP('',(#12028,#12029,#12030,#12051));
#12028 = ORIENTED_EDGE('',*,*,#8818,.T.);
#12029 = ORIENTED_EDGE('',*,*,#11709,.F.);
#12030 = ORIENTED_EDGE('',*,*,#12031,.F.);
#12031 = EDGE_CURVE('',#11785,#11682,#12032,.T.);
#12032 = SURFACE_CURVE('',#12033,(#12037,#12044),.PCURVE_S1.);
#12033 = LINE('',#12034,#12035);
#12034 = CARTESIAN_POINT('',(-23.5,248.,47.631397208143));
#12035 = VECTOR('',#12036,1.);
#12036 = DIRECTION('',(2.775557561563E-17,-7.167275930354E-15,-1.));
#12037 = PCURVE('',#8834,#12038);
#12038 = DEFINITIONAL_REPRESENTATION('',(#12039),#12043);
#12039 = LINE('',#12040,#12041);
#12040 = CARTESIAN_POINT('',(0.,0.));
#12041 = VECTOR('',#12042,1.);
#12042 = DIRECTION('',(-1.,0.));
#12043 = ( GEOMETRIC_REPRESENTATION_CONTEXT(2) 
PARAMETRIC_REPRESENTATION_CONTEXT() REPRESENTATION_CONTEXT('2D SPACE',''
  ) );
#12044 = PCURVE('',#11697,#12045);
#12045 = DEFINITIONAL_REPRESENTATION('',(#12046),#12050);
#12046 = LINE('',#12047,#12048);
#12047 = CARTESIAN_POINT('',(-4.646580739224E-17,1.5));
#12048 = VECTOR('',#12049,1.);
#12049 = DIRECTION('',(1.,3.097720492816E-17));
#12050 = ( GEOMETRIC_REPRESENTATION_CONTEXT(2) 
PARAMETRIC_REPRESENTATION_CONTEXT() REPRESENTATION_CONTEXT('2D SPACE',''
  ) );
#12051 = ORIENTED_EDGE('',*,*,#11784,.T.);
#12052 = ADVANCED_FACE('',(#12053,#12059),#11697,.T.);
#12053 = FACE_BOUND('',#12054,.T.);
#12054 = EDGE_LOOP('',(#12055,#12056,#12057,#12058));
#12055 = ORIENTED_EDGE('',*,*,#11855,.F.);
#12056 = ORIENTED_EDGE('',*,*,#11928,.T.);
#12057 = ORIENTED_EDGE('',*,*,#11977,.F.);
#12058 = ORIENTED_EDGE('',*,*,#12004,.F.);
#12059 = FACE_BOUND('',#12060,.T.);
#12060 = EDGE_LOOP('',(#12061,#12062,#12063,#12064));
#12061 = ORIENTED_EDGE('',*,*,#11681,.F.);
#12062 = ORIENTED_EDGE('',*,*,#11757,.T.);
#12063 = ORIENTED_EDGE('',*,*,#11807,.T.);
#12064 = ORIENTED_EDGE('',*,*,#12031,.T.);
#12065 = ADVANCED_FACE('',(#12066),#5906,.F.);
#12066 = FACE_BOUND('',#12067,.T.);
#12067 = EDGE_LOOP('',(#12068,#12069,#12070,#12093,#12114,#12115,#12138,
    #12159));
#12068 = ORIENTED_EDGE('',*,*,#6691,.T.);
#12069 = ORIENTED_EDGE('',*,*,#5890,.F.);
#12070 = ORIENTED_EDGE('',*,*,#12071,.F.);
#12071 = EDGE_CURVE('',#12072,#5863,#12074,.T.);
#12072 = VERTEX_POINT('',#12073);
#12073 = CARTESIAN_POINT('',(9.5,229.5,65.731397208143));
#12074 = SURFACE_CURVE('',#12075,(#12079,#12086),.PCURVE_S1.);
#12075 = LINE('',#12076,#12077);
#12076 = CARTESIAN_POINT('',(9.5,249.5,65.731397208143));
#12077 = VECTOR('',#12078,1.);
#12078 = DIRECTION('',(-6.450531537933E-16,1.,-7.136298725426E-15));
#12079 = PCURVE('',#5906,#12080);
#12080 = DEFINITIONAL_REPRESENTATION('',(#12081),#12085);
#12081 = LINE('',#12082,#12083);
#12082 = CARTESIAN_POINT('',(-16.,-73.5));
#12083 = VECTOR('',#12084,1.);
#12084 = DIRECTION('',(0.,-1.));
#12085 = ( GEOMETRIC_REPRESENTATION_CONTEXT(2) 
PARAMETRIC_REPRESENTATION_CONTEXT() REPRESENTATION_CONTEXT('2D SPACE',''
  ) );
#12086 = PCURVE('',#5878,#12087);
#12087 = DEFINITIONAL_REPRESENTATION('',(#12088),#12092);
#12088 = LINE('',#12089,#12090);
#12089 = CARTESIAN_POINT('',(-34.,0.));
#12090 = VECTOR('',#12091,1.);
#12091 = DIRECTION('',(0.,-1.));
#12092 = ( GEOMETRIC_REPRESENTATION_CONTEXT(2) 
PARAMETRIC_REPRESENTATION_CONTEXT() REPRESENTATION_CONTEXT('2D SPACE',''
  ) );
#12093 = ORIENTED_EDGE('',*,*,#12094,.F.);
#12094 = EDGE_CURVE('',#6234,#12072,#12095,.T.);
#12095 = SURFACE_CURVE('',#12096,(#12100,#12107),.PCURVE_S1.);
#12096 = LINE('',#12097,#12098);
#12097 = CARTESIAN_POINT('',(14.75,234.75,65.731397208143));
#12098 = VECTOR('',#12099,1.);
#12099 = DIRECTION('',(0.707106781187,0.707106781187,-5.026499065588E-15
    ));
#12100 = PCURVE('',#5906,#12101);
#12101 = DEFINITIONAL_REPRESENTATION('',(#12102),#12106);
#12102 = LINE('',#12103,#12104);
#12103 = CARTESIAN_POINT('',(-21.25,-58.75));
#12104 = VECTOR('',#12105,1.);
#12105 = DIRECTION('',(-0.707106781187,-0.707106781187));
#12106 = ( GEOMETRIC_REPRESENTATION_CONTEXT(2) 
PARAMETRIC_REPRESENTATION_CONTEXT() REPRESENTATION_CONTEXT('2D SPACE',''
  ) );
#12107 = PCURVE('',#6256,#12108);
#12108 = DEFINITIONAL_REPRESENTATION('',(#12109),#12113);
#12109 = LINE('',#12110,#12111);
#12110 = CARTESIAN_POINT('',(-1.262177448354E-29,-34.));
#12111 = VECTOR('',#12112,1.);
#12112 = DIRECTION('',(1.,0.));
#12113 = ( GEOMETRIC_REPRESENTATION_CONTEXT(2) 
PARAMETRIC_REPRESENTATION_CONTEXT() REPRESENTATION_CONTEXT('2D SPACE',''
  ) );
#12114 = ORIENTED_EDGE('',*,*,#6324,.F.);
#12115 = ORIENTED_EDGE('',*,*,#12116,.T.);
#12116 = EDGE_CURVE('',#6297,#12117,#12119,.T.);
#12117 = VERTEX_POINT('',#12118);
#12118 = CARTESIAN_POINT('',(9.5,190.,65.731397208143));
#12119 = SURFACE_CURVE('',#12120,(#12124,#12131),.PCURVE_S1.);
#12120 = LINE('',#12121,#12122);
#12121 = CARTESIAN_POINT('',(9.5,190.,65.731397208143));
#12122 = VECTOR('',#12123,1.);
#12123 = DIRECTION('',(0.707106781187,-0.707106781187,5.065751377055E-15
    ));
#12124 = PCURVE('',#5906,#12125);
#12125 = DEFINITIONAL_REPRESENTATION('',(#12126),#12130);
#12126 = LINE('',#12127,#12128);
#12127 = CARTESIAN_POINT('',(-16.,-14.));
#12128 = VECTOR('',#12129,1.);
#12129 = DIRECTION('',(-0.707106781187,0.707106781187));
#12130 = ( GEOMETRIC_REPRESENTATION_CONTEXT(2) 
PARAMETRIC_REPRESENTATION_CONTEXT() REPRESENTATION_CONTEXT('2D SPACE',''
  ) );
#12131 = PCURVE('',#6312,#12132);
#12132 = DEFINITIONAL_REPRESENTATION('',(#12133),#12137);
#12133 = LINE('',#12134,#12135);
#12134 = CARTESIAN_POINT('',(2.512147933894E-15,-34.));
#12135 = VECTOR('',#12136,1.);
#12136 = DIRECTION('',(1.,-1.232595164408E-32));
#12137 = ( GEOMETRIC_REPRESENTATION_CONTEXT(2) 
PARAMETRIC_REPRESENTATION_CONTEXT() REPRESENTATION_CONTEXT('2D SPACE',''
  ) );
#12138 = ORIENTED_EDGE('',*,*,#12139,.T.);
#12139 = EDGE_CURVE('',#12117,#10427,#12140,.T.);
#12140 = SURFACE_CURVE('',#12141,(#12145,#12152),.PCURVE_S1.);
#12141 = LINE('',#12142,#12143);
#12142 = CARTESIAN_POINT('',(9.5,176.,65.731397208143));
#12143 = VECTOR('',#12144,1.);
#12144 = DIRECTION('',(6.450531537933E-16,-1.,7.136298725426E-15));
#12145 = PCURVE('',#5906,#12146);
#12146 = DEFINITIONAL_REPRESENTATION('',(#12147),#12151);
#12147 = LINE('',#12148,#12149);
#12148 = CARTESIAN_POINT('',(-16.,0.));
#12149 = VECTOR('',#12150,1.);
#12150 = DIRECTION('',(0.,1.));
#12151 = ( GEOMETRIC_REPRESENTATION_CONTEXT(2) 
PARAMETRIC_REPRESENTATION_CONTEXT() REPRESENTATION_CONTEXT('2D SPACE',''
  ) );
#12152 = PCURVE('',#10449,#12153);
#12153 = DEFINITIONAL_REPRESENTATION('',(#12154),#12158);
#12154 = LINE('',#12155,#12156);
#12155 = CARTESIAN_POINT('',(34.,0.));
#12156 = VECTOR('',#12157,1.);
#12157 = DIRECTION('',(0.,1.));
#12158 = ( GEOMETRIC_REPRESENTATION_CONTEXT(2) 
PARAMETRIC_REPRESENTATION_CONTEXT() REPRESENTATION_CONTEXT('2D SPACE',''
  ) );
#12159 = ORIENTED_EDGE('',*,*,#11101,.T.);
#12160 = ADVANCED_FACE('',(#12161),#5957,.F.);
#12161 = FACE_BOUND('',#12162,.T.);
#12162 = EDGE_LOOP('',(#12163,#12164,#12165,#12188,#12216,#12244,#12272,
    #12293));
#12163 = ORIENTED_EDGE('',*,*,#6667,.T.);
#12164 = ORIENTED_EDGE('',*,*,#11123,.F.);
#12165 = ORIENTED_EDGE('',*,*,#12166,.T.);
#12166 = EDGE_CURVE('',#10375,#12167,#12169,.T.);
#12167 = VERTEX_POINT('',#12168);
#12168 = CARTESIAN_POINT('',(9.5,190.,29.531397208143));
#12169 = SURFACE_CURVE('',#12170,(#12174,#12181),.PCURVE_S1.);
#12170 = LINE('',#12171,#12172);
#12171 = CARTESIAN_POINT('',(9.5,249.5,29.531397208143));
#12172 = VECTOR('',#12173,1.);
#12173 = DIRECTION('',(-6.450531537933E-16,1.,-7.03350029722E-15));
#12174 = PCURVE('',#5957,#12175);
#12175 = DEFINITIONAL_REPRESENTATION('',(#12176),#12180);
#12176 = LINE('',#12177,#12178);
#12177 = CARTESIAN_POINT('',(-73.5,-16.));
#12178 = VECTOR('',#12179,1.);
#12179 = DIRECTION('',(-1.,1.585127526245E-32));
#12180 = ( GEOMETRIC_REPRESENTATION_CONTEXT(2) 
PARAMETRIC_REPRESENTATION_CONTEXT() REPRESENTATION_CONTEXT('2D SPACE',''
  ) );
#12181 = PCURVE('',#10390,#12182);
#12182 = DEFINITIONAL_REPRESENTATION('',(#12183),#12187);
#12183 = LINE('',#12184,#12185);
#12184 = CARTESIAN_POINT('',(-34.,-3.495146559005E-15));
#12185 = VECTOR('',#12186,1.);
#12186 = DIRECTION('',(1.02798428206E-16,-1.));
#12187 = ( GEOMETRIC_REPRESENTATION_CONTEXT(2) 
PARAMETRIC_REPRESENTATION_CONTEXT() REPRESENTATION_CONTEXT('2D SPACE',''
  ) );
#12188 = ORIENTED_EDGE('',*,*,#12189,.T.);
#12189 = EDGE_CURVE('',#12167,#12190,#12192,.T.);
#12190 = VERTEX_POINT('',#12191);
#12191 = CARTESIAN_POINT('',(-6.5,206.,29.531397208143));
#12192 = SURFACE_CURVE('',#12193,(#12197,#12204),.PCURVE_S1.);
#12193 = LINE('',#12194,#12195);
#12194 = CARTESIAN_POINT('',(-25.,224.5,29.531397208143));
#12195 = VECTOR('',#12196,1.);
#12196 = DIRECTION('',(-0.707106781187,0.707106781187,
    -4.993061911376E-15));
#12197 = PCURVE('',#5957,#12198);
#12198 = DEFINITIONAL_REPRESENTATION('',(#12199),#12203);
#12199 = LINE('',#12200,#12201);
#12200 = CARTESIAN_POINT('',(-48.5,18.5));
#12201 = VECTOR('',#12202,1.);
#12202 = DIRECTION('',(-0.707106781187,0.707106781187));
#12203 = ( GEOMETRIC_REPRESENTATION_CONTEXT(2) 
PARAMETRIC_REPRESENTATION_CONTEXT() REPRESENTATION_CONTEXT('2D SPACE',''
  ) );
#12204 = PCURVE('',#12205,#12210);
#12205 = PLANE('',#12206);
#12206 = AXIS2_PLACEMENT_3D('',#12207,#12208,#12209);
#12207 = CARTESIAN_POINT('',(-25.,224.5,63.531397208143));
#12208 = DIRECTION('',(0.707106781187,0.707106781187,-4.917464867068E-15
    ));
#12209 = DIRECTION('',(0.707106781187,-0.707106781187,5.065751377055E-15
    ));
#12210 = DEFINITIONAL_REPRESENTATION('',(#12211),#12215);
#12211 = LINE('',#12212,#12213);
#12212 = CARTESIAN_POINT('',(-2.512147933894E-15,34.));
#12213 = VECTOR('',#12214,1.);
#12214 = DIRECTION('',(-1.,-7.26894656798E-17));
#12215 = ( GEOMETRIC_REPRESENTATION_CONTEXT(2) 
PARAMETRIC_REPRESENTATION_CONTEXT() REPRESENTATION_CONTEXT('2D SPACE',''
  ) );
#12216 = ORIENTED_EDGE('',*,*,#12217,.F.);
#12217 = EDGE_CURVE('',#12218,#12190,#12220,.T.);
#12218 = VERTEX_POINT('',#12219);
#12219 = CARTESIAN_POINT('',(-6.5,213.5,29.531397208143));
#12220 = SURFACE_CURVE('',#12221,(#12225,#12232),.PCURVE_S1.);
#12221 = LINE('',#12222,#12223);
#12222 = CARTESIAN_POINT('',(-6.5,176.,29.531397208143));
#12223 = VECTOR('',#12224,1.);
#12224 = DIRECTION('',(6.450531537933E-16,-1.,7.03350029722E-15));
#12225 = PCURVE('',#5957,#12226);
#12226 = DEFINITIONAL_REPRESENTATION('',(#12227),#12231);
#12227 = LINE('',#12228,#12229);
#12228 = CARTESIAN_POINT('',(0.,0.));
#12229 = VECTOR('',#12230,1.);
#12230 = DIRECTION('',(1.,0.));
#12231 = ( GEOMETRIC_REPRESENTATION_CONTEXT(2) 
PARAMETRIC_REPRESENTATION_CONTEXT() REPRESENTATION_CONTEXT('2D SPACE',''
  ) );
#12232 = PCURVE('',#12233,#12238);
#12233 = PLANE('',#12234);
#12234 = AXIS2_PLACEMENT_3D('',#12235,#12236,#12237);
#12235 = CARTESIAN_POINT('',(-6.5,249.5,47.631397208143));
#12236 = DIRECTION('',(1.,6.450531537933E-16,2.775557561562E-17));
#12237 = DIRECTION('',(-2.775557561563E-17,7.136298725426E-15,1.));
#12238 = DEFINITIONAL_REPRESENTATION('',(#12239),#12243);
#12239 = LINE('',#12240,#12241);
#12240 = CARTESIAN_POINT('',(-18.1,73.5));
#12241 = VECTOR('',#12242,1.);
#12242 = DIRECTION('',(-1.02798428206E-16,1.));
#12243 = ( GEOMETRIC_REPRESENTATION_CONTEXT(2) 
PARAMETRIC_REPRESENTATION_CONTEXT() REPRESENTATION_CONTEXT('2D SPACE',''
  ) );
#12244 = ORIENTED_EDGE('',*,*,#12245,.T.);
#12245 = EDGE_CURVE('',#12218,#12246,#12248,.T.);
#12246 = VERTEX_POINT('',#12247);
#12247 = CARTESIAN_POINT('',(9.5,229.5,29.531397208143));
#12248 = SURFACE_CURVE('',#12249,(#12253,#12260),.PCURVE_S1.);
#12249 = LINE('',#12250,#12251);
#12250 = CARTESIAN_POINT('',(14.75,234.75,29.531397208143));
#12251 = VECTOR('',#12252,1.);
#12252 = DIRECTION('',(0.707106781187,0.707106781187,-4.953809599908E-15
    ));
#12253 = PCURVE('',#5957,#12254);
#12254 = DEFINITIONAL_REPRESENTATION('',(#12255),#12259);
#12255 = LINE('',#12256,#12257);
#12256 = CARTESIAN_POINT('',(-58.75,-21.25));
#12257 = VECTOR('',#12258,1.);
#12258 = DIRECTION('',(-0.707106781187,-0.707106781187));
#12259 = ( GEOMETRIC_REPRESENTATION_CONTEXT(2) 
PARAMETRIC_REPRESENTATION_CONTEXT() REPRESENTATION_CONTEXT('2D SPACE',''
  ) );
#12260 = PCURVE('',#12261,#12266);
#12261 = PLANE('',#12262);
#12262 = AXIS2_PLACEMENT_3D('',#12263,#12264,#12265);
#12263 = CARTESIAN_POINT('',(14.75,234.75,63.531397208143));
#12264 = DIRECTION('',(0.707106781187,-0.707106781187,5.174785575575E-15
    ));
#12265 = DIRECTION('',(-0.707106781187,-0.707106781187,
    5.026499065588E-15));
#12266 = DEFINITIONAL_REPRESENTATION('',(#12267),#12271);
#12267 = LINE('',#12268,#12269);
#12268 = CARTESIAN_POINT('',(-2.512147933894E-15,34.));
#12269 = VECTOR('',#12270,1.);
#12270 = DIRECTION('',(-1.,-7.26894656798E-17));
#12271 = ( GEOMETRIC_REPRESENTATION_CONTEXT(2) 
PARAMETRIC_REPRESENTATION_CONTEXT() REPRESENTATION_CONTEXT('2D SPACE',''
  ) );
#12272 = ORIENTED_EDGE('',*,*,#12273,.T.);
#12273 = EDGE_CURVE('',#12246,#5942,#12274,.T.);
#12274 = SURFACE_CURVE('',#12275,(#12279,#12286),.PCURVE_S1.);
#12275 = LINE('',#12276,#12277);
#12276 = CARTESIAN_POINT('',(9.5,249.5,29.531397208143));
#12277 = VECTOR('',#12278,1.);
#12278 = DIRECTION('',(-6.450531537933E-16,1.,-7.03350029722E-15));
#12279 = PCURVE('',#5957,#12280);
#12280 = DEFINITIONAL_REPRESENTATION('',(#12281),#12285);
#12281 = LINE('',#12282,#12283);
#12282 = CARTESIAN_POINT('',(-73.5,-16.));
#12283 = VECTOR('',#12284,1.);
#12284 = DIRECTION('',(-1.,1.585127526245E-32));
#12285 = ( GEOMETRIC_REPRESENTATION_CONTEXT(2) 
PARAMETRIC_REPRESENTATION_CONTEXT() REPRESENTATION_CONTEXT('2D SPACE',''
  ) );
#12286 = PCURVE('',#5985,#12287);
#12287 = DEFINITIONAL_REPRESENTATION('',(#12288),#12292);
#12288 = LINE('',#12289,#12290);
#12289 = CARTESIAN_POINT('',(-34.,-3.495146559005E-15));
#12290 = VECTOR('',#12291,1.);
#12291 = DIRECTION('',(1.02798428206E-16,-1.));
#12292 = ( GEOMETRIC_REPRESENTATION_CONTEXT(2) 
PARAMETRIC_REPRESENTATION_CONTEXT() REPRESENTATION_CONTEXT('2D SPACE',''
  ) );
#12293 = ORIENTED_EDGE('',*,*,#5941,.T.);
#12294 = ADVANCED_FACE('',(#12295),#12233,.T.);
#12295 = FACE_BOUND('',#12296,.T.);
#12296 = EDGE_LOOP('',(#12297,#12320,#12343,#12364));
#12297 = ORIENTED_EDGE('',*,*,#12298,.T.);
#12298 = EDGE_CURVE('',#12190,#12299,#12301,.T.);
#12299 = VERTEX_POINT('',#12300);
#12300 = CARTESIAN_POINT('',(-6.5,206.,26.131397208143));
#12301 = SURFACE_CURVE('',#12302,(#12306,#12313),.PCURVE_S1.);
#12302 = LINE('',#12303,#12304);
#12303 = CARTESIAN_POINT('',(-6.5,206.,63.531397208143));
#12304 = VECTOR('',#12305,1.);
#12305 = DIRECTION('',(1.819532179247E-16,-7.136298725426E-15,-1.));
#12306 = PCURVE('',#12233,#12307);
#12307 = DEFINITIONAL_REPRESENTATION('',(#12308),#12312);
#12308 = LINE('',#12309,#12310);
#12309 = CARTESIAN_POINT('',(15.9,43.5));
#12310 = VECTOR('',#12311,1.);
#12311 = DIRECTION('',(-1.,0.));
#12312 = ( GEOMETRIC_REPRESENTATION_CONTEXT(2) 
PARAMETRIC_REPRESENTATION_CONTEXT() REPRESENTATION_CONTEXT('2D SPACE',''
  ) );
#12313 = PCURVE('',#12205,#12314);
#12314 = DEFINITIONAL_REPRESENTATION('',(#12315),#12319);
#12315 = LINE('',#12316,#12317);
#12316 = CARTESIAN_POINT('',(26.162950903902,-3.552713678801E-15));
#12317 = VECTOR('',#12318,1.);
#12318 = DIRECTION('',(1.090341985197E-16,1.));
#12319 = ( GEOMETRIC_REPRESENTATION_CONTEXT(2) 
PARAMETRIC_REPRESENTATION_CONTEXT() REPRESENTATION_CONTEXT('2D SPACE',''
  ) );
#12320 = ORIENTED_EDGE('',*,*,#12321,.T.);
#12321 = EDGE_CURVE('',#12299,#12322,#12324,.T.);
#12322 = VERTEX_POINT('',#12323);
#12323 = CARTESIAN_POINT('',(-6.5,213.5,26.131397208143));
#12324 = SURFACE_CURVE('',#12325,(#12329,#12336),.PCURVE_S1.);
#12325 = LINE('',#12326,#12327);
#12326 = CARTESIAN_POINT('',(-6.5,213.5,26.131397208143));
#12327 = VECTOR('',#12328,1.);
#12328 = DIRECTION('',(-6.450531537933E-16,1.,-7.136298725426E-15));
#12329 = PCURVE('',#12233,#12330);
#12330 = DEFINITIONAL_REPRESENTATION('',(#12331),#12335);
#12331 = LINE('',#12332,#12333);
#12332 = CARTESIAN_POINT('',(-21.5,36.));
#12333 = VECTOR('',#12334,1.);
#12334 = DIRECTION('',(0.,-1.));
#12335 = ( GEOMETRIC_REPRESENTATION_CONTEXT(2) 
PARAMETRIC_REPRESENTATION_CONTEXT() REPRESENTATION_CONTEXT('2D SPACE',''
  ) );
#12336 = PCURVE('',#8295,#12337);
#12337 = DEFINITIONAL_REPRESENTATION('',(#12338),#12342);
#12338 = LINE('',#12339,#12340);
#12339 = CARTESIAN_POINT('',(36.,0.));
#12340 = VECTOR('',#12341,1.);
#12341 = DIRECTION('',(-1.,0.));
#12342 = ( GEOMETRIC_REPRESENTATION_CONTEXT(2) 
PARAMETRIC_REPRESENTATION_CONTEXT() REPRESENTATION_CONTEXT('2D SPACE',''
  ) );
#12343 = ORIENTED_EDGE('',*,*,#12344,.F.);
#12344 = EDGE_CURVE('',#12218,#12322,#12345,.T.);
#12345 = SURFACE_CURVE('',#12346,(#12350,#12357),.PCURVE_S1.);
#12346 = LINE('',#12347,#12348);
#12347 = CARTESIAN_POINT('',(-6.5,213.5,63.531397208143));
#12348 = VECTOR('',#12349,1.);
#12349 = DIRECTION('',(1.819532179247E-16,-7.136298725426E-15,-1.));
#12350 = PCURVE('',#12233,#12351);
#12351 = DEFINITIONAL_REPRESENTATION('',(#12352),#12356);
#12352 = LINE('',#12353,#12354);
#12353 = CARTESIAN_POINT('',(15.9,36.));
#12354 = VECTOR('',#12355,1.);
#12355 = DIRECTION('',(-1.,0.));
#12356 = ( GEOMETRIC_REPRESENTATION_CONTEXT(2) 
PARAMETRIC_REPRESENTATION_CONTEXT() REPRESENTATION_CONTEXT('2D SPACE',''
  ) );
#12357 = PCURVE('',#12261,#12358);
#12358 = DEFINITIONAL_REPRESENTATION('',(#12359),#12363);
#12359 = LINE('',#12360,#12361);
#12360 = CARTESIAN_POINT('',(30.052038200428,3.552713678801E-15));
#12361 = VECTOR('',#12362,1.);
#12362 = DIRECTION('',(-1.090341985197E-16,1.));
#12363 = ( GEOMETRIC_REPRESENTATION_CONTEXT(2) 
PARAMETRIC_REPRESENTATION_CONTEXT() REPRESENTATION_CONTEXT('2D SPACE',''
  ) );
#12364 = ORIENTED_EDGE('',*,*,#12217,.T.);
#12365 = ADVANCED_FACE('',(#12366),#5878,.F.);
#12366 = FACE_BOUND('',#12367,.T.);
#12367 = EDGE_LOOP('',(#12368,#12369,#12392,#12413));
#12368 = ORIENTED_EDGE('',*,*,#5862,.T.);
#12369 = ORIENTED_EDGE('',*,*,#12370,.T.);
#12370 = EDGE_CURVE('',#5835,#12371,#12373,.T.);
#12371 = VERTEX_POINT('',#12372);
#12372 = CARTESIAN_POINT('',(9.5,229.5,69.131397208143));
#12373 = SURFACE_CURVE('',#12374,(#12378,#12385),.PCURVE_S1.);
#12374 = LINE('',#12375,#12376);
#12375 = CARTESIAN_POINT('',(9.5,249.5,69.131397208143));
#12376 = VECTOR('',#12377,1.);
#12377 = DIRECTION('',(6.450531537933E-16,-1.,7.136298725426E-15));
#12378 = PCURVE('',#5878,#12379);
#12379 = DEFINITIONAL_REPRESENTATION('',(#12380),#12384);
#12380 = LINE('',#12381,#12382);
#12381 = CARTESIAN_POINT('',(-37.4,0.));
#12382 = VECTOR('',#12383,1.);
#12383 = DIRECTION('',(0.,1.));
#12384 = ( GEOMETRIC_REPRESENTATION_CONTEXT(2) 
PARAMETRIC_REPRESENTATION_CONTEXT() REPRESENTATION_CONTEXT('2D SPACE',''
  ) );
#12385 = PCURVE('',#8719,#12386);
#12386 = DEFINITIONAL_REPRESENTATION('',(#12387),#12391);
#12387 = LINE('',#12388,#12389);
#12388 = CARTESIAN_POINT('',(0.,0.));
#12389 = VECTOR('',#12390,1.);
#12390 = DIRECTION('',(1.,0.));
#12391 = ( GEOMETRIC_REPRESENTATION_CONTEXT(2) 
PARAMETRIC_REPRESENTATION_CONTEXT() REPRESENTATION_CONTEXT('2D SPACE',''
  ) );
#12392 = ORIENTED_EDGE('',*,*,#12393,.F.);
#12393 = EDGE_CURVE('',#12072,#12371,#12394,.T.);
#12394 = SURFACE_CURVE('',#12395,(#12399,#12406),.PCURVE_S1.);
#12395 = LINE('',#12396,#12397);
#12396 = CARTESIAN_POINT('',(9.5,229.5,31.731397208143));
#12397 = VECTOR('',#12398,1.);
#12398 = DIRECTION('',(-3.361508602337E-16,7.136298725426E-15,1.));
#12399 = PCURVE('',#5878,#12400);
#12400 = DEFINITIONAL_REPRESENTATION('',(#12401),#12405);
#12401 = LINE('',#12402,#12403);
#12402 = CARTESIAN_POINT('',(0.,20.));
#12403 = VECTOR('',#12404,1.);
#12404 = DIRECTION('',(-1.,0.));
#12405 = ( GEOMETRIC_REPRESENTATION_CONTEXT(2) 
PARAMETRIC_REPRESENTATION_CONTEXT() REPRESENTATION_CONTEXT('2D SPACE',''
  ) );
#12406 = PCURVE('',#6256,#12407);
#12407 = DEFINITIONAL_REPRESENTATION('',(#12408),#12412);
#12408 = LINE('',#12409,#12410);
#12409 = CARTESIAN_POINT('',(-7.424621202459,9.860761315263E-32));
#12410 = VECTOR('',#12411,1.);
#12411 = DIRECTION('',(-2.180683970394E-16,-1.));
#12412 = ( GEOMETRIC_REPRESENTATION_CONTEXT(2) 
PARAMETRIC_REPRESENTATION_CONTEXT() REPRESENTATION_CONTEXT('2D SPACE',''
  ) );
#12413 = ORIENTED_EDGE('',*,*,#12071,.T.);
#12414 = ADVANCED_FACE('',(#12415),#6256,.F.);
#12415 = FACE_BOUND('',#12416,.T.);
#12416 = EDGE_LOOP('',(#12417,#12418,#12439,#12440));
#12417 = ORIENTED_EDGE('',*,*,#12393,.T.);
#12418 = ORIENTED_EDGE('',*,*,#12419,.T.);
#12419 = EDGE_CURVE('',#12371,#6236,#12420,.T.);
#12420 = SURFACE_CURVE('',#12421,(#12425,#12432),.PCURVE_S1.);
#12421 = LINE('',#12422,#12423);
#12422 = CARTESIAN_POINT('',(14.75,234.75,69.131397208143));
#12423 = VECTOR('',#12424,1.);
#12424 = DIRECTION('',(-0.707106781187,-0.707106781187,
    4.808430668549E-15));
#12425 = PCURVE('',#6256,#12426);
#12426 = DEFINITIONAL_REPRESENTATION('',(#12427),#12431);
#12427 = LINE('',#12428,#12429);
#12428 = CARTESIAN_POINT('',(-8.792517768629E-15,-37.4));
#12429 = VECTOR('',#12430,1.);
#12430 = DIRECTION('',(-1.,2.180683970394E-16));
#12431 = ( GEOMETRIC_REPRESENTATION_CONTEXT(2) 
PARAMETRIC_REPRESENTATION_CONTEXT() REPRESENTATION_CONTEXT('2D SPACE',''
  ) );
#12432 = PCURVE('',#8691,#12433);
#12433 = DEFINITIONAL_REPRESENTATION('',(#12434),#12438);
#12434 = LINE('',#12435,#12436);
#12435 = CARTESIAN_POINT('',(0.,0.));
#12436 = VECTOR('',#12437,1.);
#12437 = DIRECTION('',(1.,0.));
#12438 = ( GEOMETRIC_REPRESENTATION_CONTEXT(2) 
PARAMETRIC_REPRESENTATION_CONTEXT() REPRESENTATION_CONTEXT('2D SPACE',''
  ) );
#12439 = ORIENTED_EDGE('',*,*,#6233,.F.);
#12440 = ORIENTED_EDGE('',*,*,#12094,.T.);
#12441 = ADVANCED_FACE('',(#12442),#5985,.T.);
#12442 = FACE_BOUND('',#12443,.T.);
#12443 = EDGE_LOOP('',(#12444,#12467,#12488,#12489));
#12444 = ORIENTED_EDGE('',*,*,#12445,.T.);
#12445 = EDGE_CURVE('',#12246,#12446,#12448,.T.);
#12446 = VERTEX_POINT('',#12447);
#12447 = CARTESIAN_POINT('',(9.5,229.5,26.131397208143));
#12448 = SURFACE_CURVE('',#12449,(#12453,#12460),.PCURVE_S1.);
#12449 = LINE('',#12450,#12451);
#12450 = CARTESIAN_POINT('',(9.5,229.5,63.531397208143));
#12451 = VECTOR('',#12452,1.);
#12452 = DIRECTION('',(1.819532179247E-16,-7.136298725426E-15,-1.));
#12453 = PCURVE('',#5985,#12454);
#12454 = DEFINITIONAL_REPRESENTATION('',(#12455),#12459);
#12455 = LINE('',#12456,#12457);
#12456 = CARTESIAN_POINT('',(0.,20.));
#12457 = VECTOR('',#12458,1.);
#12458 = DIRECTION('',(-1.,0.));
#12459 = ( GEOMETRIC_REPRESENTATION_CONTEXT(2) 
PARAMETRIC_REPRESENTATION_CONTEXT() REPRESENTATION_CONTEXT('2D SPACE',''
  ) );
#12460 = PCURVE('',#12261,#12461);
#12461 = DEFINITIONAL_REPRESENTATION('',(#12462),#12466);
#12462 = LINE('',#12463,#12464);
#12463 = CARTESIAN_POINT('',(7.424621202459,3.552713678801E-15));
#12464 = VECTOR('',#12465,1.);
#12465 = DIRECTION('',(-1.090341985197E-16,1.));
#12466 = ( GEOMETRIC_REPRESENTATION_CONTEXT(2) 
PARAMETRIC_REPRESENTATION_CONTEXT() REPRESENTATION_CONTEXT('2D SPACE',''
  ) );
#12467 = ORIENTED_EDGE('',*,*,#12468,.T.);
#12468 = EDGE_CURVE('',#12446,#5970,#12469,.T.);
#12469 = SURFACE_CURVE('',#12470,(#12474,#12481),.PCURVE_S1.);
#12470 = LINE('',#12471,#12472);
#12471 = CARTESIAN_POINT('',(9.5,243.5,26.131397208143));
#12472 = VECTOR('',#12473,1.);
#12473 = DIRECTION('',(-6.450531537933E-16,1.,-7.136298725426E-15));
#12474 = PCURVE('',#5985,#12475);
#12475 = DEFINITIONAL_REPRESENTATION('',(#12476),#12480);
#12476 = LINE('',#12477,#12478);
#12477 = CARTESIAN_POINT('',(-37.4,6.));
#12478 = VECTOR('',#12479,1.);
#12479 = DIRECTION('',(0.,-1.));
#12480 = ( GEOMETRIC_REPRESENTATION_CONTEXT(2) 
PARAMETRIC_REPRESENTATION_CONTEXT() REPRESENTATION_CONTEXT('2D SPACE',''
  ) );
#12481 = PCURVE('',#8239,#12482);
#12482 = DEFINITIONAL_REPRESENTATION('',(#12483),#12487);
#12483 = LINE('',#12484,#12485);
#12484 = CARTESIAN_POINT('',(-0.,1.414213562373));
#12485 = VECTOR('',#12486,1.);
#12486 = DIRECTION('',(1.,0.));
#12487 = ( GEOMETRIC_REPRESENTATION_CONTEXT(2) 
PARAMETRIC_REPRESENTATION_CONTEXT() REPRESENTATION_CONTEXT('2D SPACE',''
  ) );
#12488 = ORIENTED_EDGE('',*,*,#5969,.F.);
#12489 = ORIENTED_EDGE('',*,*,#12273,.F.);
#12490 = ADVANCED_FACE('',(#12491),#12261,.T.);
#12491 = FACE_BOUND('',#12492,.T.);
#12492 = EDGE_LOOP('',(#12493,#12494,#12515,#12516));
#12493 = ORIENTED_EDGE('',*,*,#12344,.T.);
#12494 = ORIENTED_EDGE('',*,*,#12495,.T.);
#12495 = EDGE_CURVE('',#12322,#12446,#12496,.T.);
#12496 = SURFACE_CURVE('',#12497,(#12501,#12508),.PCURVE_S1.);
#12497 = LINE('',#12498,#12499);
#12498 = CARTESIAN_POINT('',(9.5,229.5,26.131397208143));
#12499 = VECTOR('',#12500,1.);
#12500 = DIRECTION('',(0.707106781187,0.707106781187,-4.917464867068E-15
    ));
#12501 = PCURVE('',#12261,#12502);
#12502 = DEFINITIONAL_REPRESENTATION('',(#12503),#12507);
#12503 = LINE('',#12504,#12505);
#12504 = CARTESIAN_POINT('',(7.424621202459,37.4));
#12505 = VECTOR('',#12506,1.);
#12506 = DIRECTION('',(-1.,-1.090341985197E-16));
#12507 = ( GEOMETRIC_REPRESENTATION_CONTEXT(2) 
PARAMETRIC_REPRESENTATION_CONTEXT() REPRESENTATION_CONTEXT('2D SPACE',''
  ) );
#12508 = PCURVE('',#8267,#12509);
#12509 = DEFINITIONAL_REPRESENTATION('',(#12510),#12514);
#12510 = LINE('',#12511,#12512);
#12511 = CARTESIAN_POINT('',(-19.09188309203,1.414213562373));
#12512 = VECTOR('',#12513,1.);
#12513 = DIRECTION('',(1.,-1.110223024625E-16));
#12514 = ( GEOMETRIC_REPRESENTATION_CONTEXT(2) 
PARAMETRIC_REPRESENTATION_CONTEXT() REPRESENTATION_CONTEXT('2D SPACE',''
  ) );
#12515 = ORIENTED_EDGE('',*,*,#12445,.F.);
#12516 = ORIENTED_EDGE('',*,*,#12245,.F.);
#12517 = ADVANCED_FACE('',(#12518),#6312,.T.);
#12518 = FACE_BOUND('',#12519,.T.);
#12519 = EDGE_LOOP('',(#12520,#12521,#12544,#12565));
#12520 = ORIENTED_EDGE('',*,*,#6296,.T.);
#12521 = ORIENTED_EDGE('',*,*,#12522,.T.);
#12522 = EDGE_CURVE('',#6269,#12523,#12525,.T.);
#12523 = VERTEX_POINT('',#12524);
#12524 = CARTESIAN_POINT('',(9.5,190.,69.131397208143));
#12525 = SURFACE_CURVE('',#12526,(#12530,#12537),.PCURVE_S1.);
#12526 = LINE('',#12527,#12528);
#12527 = CARTESIAN_POINT('',(9.5,190.,69.131397208143));
#12528 = VECTOR('',#12529,1.);
#12529 = DIRECTION('',(0.707106781187,-0.707106781187,5.283819774095E-15
    ));
#12530 = PCURVE('',#6312,#12531);
#12531 = DEFINITIONAL_REPRESENTATION('',(#12532),#12536);
#12532 = LINE('',#12533,#12534);
#12533 = CARTESIAN_POINT('',(-8.792517768629E-15,-37.4));
#12534 = VECTOR('',#12535,1.);
#12535 = DIRECTION('',(1.,-2.180683970394E-16));
#12536 = ( GEOMETRIC_REPRESENTATION_CONTEXT(2) 
PARAMETRIC_REPRESENTATION_CONTEXT() REPRESENTATION_CONTEXT('2D SPACE',''
  ) );
#12537 = PCURVE('',#8640,#12538);
#12538 = DEFINITIONAL_REPRESENTATION('',(#12539),#12543);
#12539 = LINE('',#12540,#12541);
#12540 = CARTESIAN_POINT('',(28.637824638056,1.414213562373));
#12541 = VECTOR('',#12542,1.);
#12542 = DIRECTION('',(1.,0.));
#12543 = ( GEOMETRIC_REPRESENTATION_CONTEXT(2) 
PARAMETRIC_REPRESENTATION_CONTEXT() REPRESENTATION_CONTEXT('2D SPACE',''
  ) );
#12544 = ORIENTED_EDGE('',*,*,#12545,.F.);
#12545 = EDGE_CURVE('',#12117,#12523,#12546,.T.);
#12546 = SURFACE_CURVE('',#12547,(#12551,#12558),.PCURVE_S1.);
#12547 = LINE('',#12548,#12549);
#12548 = CARTESIAN_POINT('',(9.5,190.,31.731397208143));
#12549 = VECTOR('',#12550,1.);
#12550 = DIRECTION('',(-3.361508602337E-16,7.136298725426E-15,1.));
#12551 = PCURVE('',#6312,#12552);
#12552 = DEFINITIONAL_REPRESENTATION('',(#12553),#12557);
#12553 = LINE('',#12554,#12555);
#12554 = CARTESIAN_POINT('',(0.,0.));
#12555 = VECTOR('',#12556,1.);
#12556 = DIRECTION('',(-2.180683970394E-16,-1.));
#12557 = ( GEOMETRIC_REPRESENTATION_CONTEXT(2) 
PARAMETRIC_REPRESENTATION_CONTEXT() REPRESENTATION_CONTEXT('2D SPACE',''
  ) );
#12558 = PCURVE('',#10449,#12559);
#12559 = DEFINITIONAL_REPRESENTATION('',(#12560),#12564);
#12560 = LINE('',#12561,#12562);
#12561 = CARTESIAN_POINT('',(0.,-14.));
#12562 = VECTOR('',#12563,1.);
#12563 = DIRECTION('',(1.,0.));
#12564 = ( GEOMETRIC_REPRESENTATION_CONTEXT(2) 
PARAMETRIC_REPRESENTATION_CONTEXT() REPRESENTATION_CONTEXT('2D SPACE',''
  ) );
#12565 = ORIENTED_EDGE('',*,*,#12116,.F.);
#12566 = ADVANCED_FACE('',(#12567),#10449,.T.);
#12567 = FACE_BOUND('',#12568,.T.);
#12568 = EDGE_LOOP('',(#12569,#12570,#12593,#12617,#12638,#12639));
#12569 = ORIENTED_EDGE('',*,*,#12545,.T.);
#12570 = ORIENTED_EDGE('',*,*,#12571,.T.);
#12571 = EDGE_CURVE('',#12523,#12572,#12574,.T.);
#12572 = VERTEX_POINT('',#12573);
#12573 = CARTESIAN_POINT('',(9.5,176.,69.131397208143));
#12574 = SURFACE_CURVE('',#12575,(#12579,#12586),.PCURVE_S1.);
#12575 = LINE('',#12576,#12577);
#12576 = CARTESIAN_POINT('',(9.5,176.,69.131397208143));
#12577 = VECTOR('',#12578,1.);
#12578 = DIRECTION('',(6.450531537933E-16,-1.,7.136298725426E-15));
#12579 = PCURVE('',#10449,#12580);
#12580 = DEFINITIONAL_REPRESENTATION('',(#12581),#12585);
#12581 = LINE('',#12582,#12583);
#12582 = CARTESIAN_POINT('',(37.4,0.));
#12583 = VECTOR('',#12584,1.);
#12584 = DIRECTION('',(0.,1.));
#12585 = ( GEOMETRIC_REPRESENTATION_CONTEXT(2) 
PARAMETRIC_REPRESENTATION_CONTEXT() REPRESENTATION_CONTEXT('2D SPACE',''
  ) );
#12586 = PCURVE('',#8612,#12587);
#12587 = DEFINITIONAL_REPRESENTATION('',(#12588),#12592);
#12588 = LINE('',#12589,#12590);
#12589 = CARTESIAN_POINT('',(67.5,1.414213562373));
#12590 = VECTOR('',#12591,1.);
#12591 = DIRECTION('',(1.,0.));
#12592 = ( GEOMETRIC_REPRESENTATION_CONTEXT(2) 
PARAMETRIC_REPRESENTATION_CONTEXT() REPRESENTATION_CONTEXT('2D SPACE',''
  ) );
#12593 = ORIENTED_EDGE('',*,*,#12594,.T.);
#12594 = EDGE_CURVE('',#12572,#12595,#12597,.T.);
#12595 = VERTEX_POINT('',#12596);
#12596 = CARTESIAN_POINT('',(9.5,175.97563742223,69.131383404995));
#12597 = SURFACE_CURVE('',#12598,(#12603,#12610),.PCURVE_S1.);
#12598 = CIRCLE('',#12599,21.5);
#12599 = AXIS2_PLACEMENT_3D('',#12600,#12601,#12602);
#12600 = CARTESIAN_POINT('',(9.5,176.,47.631397208143));
#12601 = DIRECTION('',(1.,6.450531537933E-16,3.361508602337E-16));
#12602 = DIRECTION('',(-3.361508602337E-16,7.136298725426E-15,1.));
#12603 = PCURVE('',#10449,#12604);
#12604 = DEFINITIONAL_REPRESENTATION('',(#12605),#12609);
#12605 = CIRCLE('',#12606,21.5);
#12606 = AXIS2_PLACEMENT_2D('',#12607,#12608);
#12607 = CARTESIAN_POINT('',(15.9,0.));
#12608 = DIRECTION('',(1.,0.));
#12609 = ( GEOMETRIC_REPRESENTATION_CONTEXT(2) 
PARAMETRIC_REPRESENTATION_CONTEXT() REPRESENTATION_CONTEXT('2D SPACE',''
  ) );
#12610 = PCURVE('',#10305,#12611);
#12611 = DEFINITIONAL_REPRESENTATION('',(#12612),#12616);
#12612 = LINE('',#12613,#12614);
#12613 = CARTESIAN_POINT('',(3.14159265359,-1.));
#12614 = VECTOR('',#12615,1.);
#12615 = DIRECTION('',(-1.,0.));
#12616 = ( GEOMETRIC_REPRESENTATION_CONTEXT(2) 
PARAMETRIC_REPRESENTATION_CONTEXT() REPRESENTATION_CONTEXT('2D SPACE',''
  ) );
#12617 = ORIENTED_EDGE('',*,*,#12618,.T.);
#12618 = EDGE_CURVE('',#12595,#10429,#12619,.T.);
#12619 = SURFACE_CURVE('',#12620,(#12624,#12631),.PCURVE_S1.);
#12620 = LINE('',#12621,#12622);
#12621 = CARTESIAN_POINT('',(9.5,174.95348837209,70.107046551658));
#12622 = VECTOR('',#12623,1.);
#12623 = DIRECTION('',(-2.345074237642E-16,0.723364233256,
    -0.690466643689));
#12624 = PCURVE('',#10449,#12625);
#12625 = DEFINITIONAL_REPRESENTATION('',(#12626),#12630);
#12626 = LINE('',#12627,#12628);
#12627 = CARTESIAN_POINT('',(38.375649343515,1.046511627907));
#12628 = VECTOR('',#12629,1.);
#12629 = DIRECTION('',(-0.690466643689,-0.723364233256));
#12630 = ( GEOMETRIC_REPRESENTATION_CONTEXT(2) 
PARAMETRIC_REPRESENTATION_CONTEXT() REPRESENTATION_CONTEXT('2D SPACE',''
  ) );
#12631 = PCURVE('',#10278,#12632);
#12632 = DEFINITIONAL_REPRESENTATION('',(#12633),#12637);
#12633 = LINE('',#12634,#12635);
#12634 = CARTESIAN_POINT('',(-9.5,2.022898242446E-15));
#12635 = VECTOR('',#12636,1.);
#12636 = DIRECTION('',(-7.395570986447E-32,1.));
#12637 = ( GEOMETRIC_REPRESENTATION_CONTEXT(2) 
PARAMETRIC_REPRESENTATION_CONTEXT() REPRESENTATION_CONTEXT('2D SPACE',''
  ) );
#12638 = ORIENTED_EDGE('',*,*,#10426,.F.);
#12639 = ORIENTED_EDGE('',*,*,#12139,.F.);
#12640 = ADVANCED_FACE('',(#12641),#10390,.T.);
#12641 = FACE_BOUND('',#12642,.T.);
#12642 = EDGE_LOOP('',(#12643,#12644,#12667,#12691,#12714,#12735));
#12643 = ORIENTED_EDGE('',*,*,#10374,.T.);
#12644 = ORIENTED_EDGE('',*,*,#12645,.T.);
#12645 = EDGE_CURVE('',#10352,#12646,#12648,.T.);
#12646 = VERTEX_POINT('',#12647);
#12647 = CARTESIAN_POINT('',(9.5,175.97563742223,26.131411011292));
#12648 = SURFACE_CURVE('',#12649,(#12653,#12660),.PCURVE_S1.);
#12649 = LINE('',#12650,#12651);
#12650 = CARTESIAN_POINT('',(9.5,176.,26.154665613229));
#12651 = VECTOR('',#12652,1.);
#12652 = DIRECTION('',(5.922410076916E-16,-0.723364233256,
    -0.690466643689));
#12653 = PCURVE('',#10390,#12654);
#12654 = DEFINITIONAL_REPRESENTATION('',(#12655),#12659);
#12655 = LINE('',#12656,#12657);
#12656 = CARTESIAN_POINT('',(-37.37673159491,73.5));
#12657 = VECTOR('',#12658,1.);
#12658 = DIRECTION('',(-0.690466643689,0.723364233256));
#12659 = ( GEOMETRIC_REPRESENTATION_CONTEXT(2) 
PARAMETRIC_REPRESENTATION_CONTEXT() REPRESENTATION_CONTEXT('2D SPACE',''
  ) );
#12660 = PCURVE('',#9691,#12661);
#12661 = DEFINITIONAL_REPRESENTATION('',(#12662),#12666);
#12662 = LINE('',#12663,#12664);
#12663 = CARTESIAN_POINT('',(-9.5,-4.301320473412E-16));
#12664 = VECTOR('',#12665,1.);
#12665 = DIRECTION('',(1.064683285498E-16,1.));
#12666 = ( GEOMETRIC_REPRESENTATION_CONTEXT(2) 
PARAMETRIC_REPRESENTATION_CONTEXT() REPRESENTATION_CONTEXT('2D SPACE',''
  ) );
#12667 = ORIENTED_EDGE('',*,*,#12668,.T.);
#12668 = EDGE_CURVE('',#12646,#12669,#12671,.T.);
#12669 = VERTEX_POINT('',#12670);
#12670 = CARTESIAN_POINT('',(9.5,176.,26.131397208143));
#12671 = SURFACE_CURVE('',#12672,(#12677,#12684),.PCURVE_S1.);
#12672 = CIRCLE('',#12673,21.5);
#12673 = AXIS2_PLACEMENT_3D('',#12674,#12675,#12676);
#12674 = CARTESIAN_POINT('',(9.5,176.,47.631397208143));
#12675 = DIRECTION('',(1.,6.450531537933E-16,1.819532179247E-16));
#12676 = DIRECTION('',(-1.819532179247E-16,7.136298725426E-15,1.));
#12677 = PCURVE('',#10390,#12678);
#12678 = DEFINITIONAL_REPRESENTATION('',(#12679),#12683);
#12679 = CIRCLE('',#12680,21.5);
#12680 = AXIS2_PLACEMENT_2D('',#12681,#12682);
#12681 = CARTESIAN_POINT('',(-15.9,73.5));
#12682 = DIRECTION('',(1.,0.));
#12683 = ( GEOMETRIC_REPRESENTATION_CONTEXT(2) 
PARAMETRIC_REPRESENTATION_CONTEXT() REPRESENTATION_CONTEXT('2D SPACE',''
  ) );
#12684 = PCURVE('',#9663,#12685);
#12685 = DEFINITIONAL_REPRESENTATION('',(#12686),#12690);
#12686 = LINE('',#12687,#12688);
#12687 = CARTESIAN_POINT('',(3.14159265359,-1.));
#12688 = VECTOR('',#12689,1.);
#12689 = DIRECTION('',(-1.,0.));
#12690 = ( GEOMETRIC_REPRESENTATION_CONTEXT(2) 
PARAMETRIC_REPRESENTATION_CONTEXT() REPRESENTATION_CONTEXT('2D SPACE',''
  ) );
#12691 = ORIENTED_EDGE('',*,*,#12692,.T.);
#12692 = EDGE_CURVE('',#12669,#12693,#12695,.T.);
#12693 = VERTEX_POINT('',#12694);
#12694 = CARTESIAN_POINT('',(9.5,190.,26.131397208143));
#12695 = SURFACE_CURVE('',#12696,(#12700,#12707),.PCURVE_S1.);
#12696 = LINE('',#12697,#12698);
#12697 = CARTESIAN_POINT('',(9.5,190.,26.131397208143));
#12698 = VECTOR('',#12699,1.);
#12699 = DIRECTION('',(-6.450531537933E-16,1.,-7.136298725426E-15));
#12700 = PCURVE('',#10390,#12701);
#12701 = DEFINITIONAL_REPRESENTATION('',(#12702),#12706);
#12702 = LINE('',#12703,#12704);
#12703 = CARTESIAN_POINT('',(-37.4,59.5));
#12704 = VECTOR('',#12705,1.);
#12705 = DIRECTION('',(0.,-1.));
#12706 = ( GEOMETRIC_REPRESENTATION_CONTEXT(2) 
PARAMETRIC_REPRESENTATION_CONTEXT() REPRESENTATION_CONTEXT('2D SPACE',''
  ) );
#12707 = PCURVE('',#8351,#12708);
#12708 = DEFINITIONAL_REPRESENTATION('',(#12709),#12713);
#12709 = LINE('',#12710,#12711);
#12710 = CARTESIAN_POINT('',(-53.5,1.414213562373));
#12711 = VECTOR('',#12712,1.);
#12712 = DIRECTION('',(1.,0.));
#12713 = ( GEOMETRIC_REPRESENTATION_CONTEXT(2) 
PARAMETRIC_REPRESENTATION_CONTEXT() REPRESENTATION_CONTEXT('2D SPACE',''
  ) );
#12714 = ORIENTED_EDGE('',*,*,#12715,.F.);
#12715 = EDGE_CURVE('',#12167,#12693,#12716,.T.);
#12716 = SURFACE_CURVE('',#12717,(#12721,#12728),.PCURVE_S1.);
#12717 = LINE('',#12718,#12719);
#12718 = CARTESIAN_POINT('',(9.5,190.,63.531397208143));
#12719 = VECTOR('',#12720,1.);
#12720 = DIRECTION('',(1.819532179247E-16,-7.136298725426E-15,-1.));
#12721 = PCURVE('',#10390,#12722);
#12722 = DEFINITIONAL_REPRESENTATION('',(#12723),#12727);
#12723 = LINE('',#12724,#12725);
#12724 = CARTESIAN_POINT('',(0.,59.5));
#12725 = VECTOR('',#12726,1.);
#12726 = DIRECTION('',(-1.,0.));
#12727 = ( GEOMETRIC_REPRESENTATION_CONTEXT(2) 
PARAMETRIC_REPRESENTATION_CONTEXT() REPRESENTATION_CONTEXT('2D SPACE',''
  ) );
#12728 = PCURVE('',#12205,#12729);
#12729 = DEFINITIONAL_REPRESENTATION('',(#12730),#12734);
#12730 = LINE('',#12731,#12732);
#12731 = CARTESIAN_POINT('',(48.790367901872,-3.552713678801E-15));
#12732 = VECTOR('',#12733,1.);
#12733 = DIRECTION('',(1.090341985197E-16,1.));
#12734 = ( GEOMETRIC_REPRESENTATION_CONTEXT(2) 
PARAMETRIC_REPRESENTATION_CONTEXT() REPRESENTATION_CONTEXT('2D SPACE',''
  ) );
#12735 = ORIENTED_EDGE('',*,*,#12166,.F.);
#12736 = ADVANCED_FACE('',(#12737),#12205,.T.);
#12737 = FACE_BOUND('',#12738,.T.);
#12738 = EDGE_LOOP('',(#12739,#12740,#12761,#12762));
#12739 = ORIENTED_EDGE('',*,*,#12715,.T.);
#12740 = ORIENTED_EDGE('',*,*,#12741,.T.);
#12741 = EDGE_CURVE('',#12693,#12299,#12742,.T.);
#12742 = SURFACE_CURVE('',#12743,(#12747,#12754),.PCURVE_S1.);
#12743 = LINE('',#12744,#12745);
#12744 = CARTESIAN_POINT('',(-6.5,206.,26.131397208143));
#12745 = VECTOR('',#12746,1.);
#12746 = DIRECTION('',(-0.707106781187,0.707106781187,
    -5.174785575575E-15));
#12747 = PCURVE('',#12205,#12748);
#12748 = DEFINITIONAL_REPRESENTATION('',(#12749),#12753);
#12749 = LINE('',#12750,#12751);
#12750 = CARTESIAN_POINT('',(26.162950903902,37.4));
#12751 = VECTOR('',#12752,1.);
#12752 = DIRECTION('',(-1.,1.090341985197E-16));
#12753 = ( GEOMETRIC_REPRESENTATION_CONTEXT(2) 
PARAMETRIC_REPRESENTATION_CONTEXT() REPRESENTATION_CONTEXT('2D SPACE',''
  ) );
#12754 = PCURVE('',#8323,#12755);
#12755 = DEFINITIONAL_REPRESENTATION('',(#12756),#12760);
#12756 = LINE('',#12757,#12758);
#12757 = CARTESIAN_POINT('',(-6.010407640086,1.414213562373));
#12758 = VECTOR('',#12759,1.);
#12759 = DIRECTION('',(1.,1.110223024625E-16));
#12760 = ( GEOMETRIC_REPRESENTATION_CONTEXT(2) 
PARAMETRIC_REPRESENTATION_CONTEXT() REPRESENTATION_CONTEXT('2D SPACE',''
  ) );
#12761 = ORIENTED_EDGE('',*,*,#12298,.F.);
#12762 = ORIENTED_EDGE('',*,*,#12189,.F.);
#12763 = ADVANCED_FACE('',(#12764,#12789),#814,.T.);
#12764 = FACE_BOUND('',#12765,.T.);
#12765 = EDGE_LOOP('',(#12766,#12788));
#12766 = ORIENTED_EDGE('',*,*,#12767,.T.);
#12767 = EDGE_CURVE('',#709,#777,#12768,.T.);
#12768 = SURFACE_CURVE('',#12769,(#12774,#12781),.PCURVE_S1.);
#12769 = CIRCLE('',#12770,3.1);
#12770 = AXIS2_PLACEMENT_3D('',#12771,#12772,#12773);
#12771 = CARTESIAN_POINT('',(-17.6,201.5,47.631397208143));
#12772 = DIRECTION('',(1.,6.450531537933E-16,2.775557561562E-17));
#12773 = DIRECTION('',(-2.775557561563E-17,7.136298725426E-15,1.));
#12774 = PCURVE('',#814,#12775);
#12775 = DEFINITIONAL_REPRESENTATION('',(#12776),#12780);
#12776 = CIRCLE('',#12777,3.1);
#12777 = AXIS2_PLACEMENT_2D('',#12778,#12779);
#12778 = CARTESIAN_POINT('',(0.,0.));
#12779 = DIRECTION('',(1.,0.));
#12780 = ( GEOMETRIC_REPRESENTATION_CONTEXT(2) 
PARAMETRIC_REPRESENTATION_CONTEXT() REPRESENTATION_CONTEXT('2D SPACE',''
  ) );
#12781 = PCURVE('',#731,#12782);
#12782 = DEFINITIONAL_REPRESENTATION('',(#12783),#12787);
#12783 = LINE('',#12784,#12785);
#12784 = CARTESIAN_POINT('',(0.,0.));
#12785 = VECTOR('',#12786,1.);
#12786 = DIRECTION('',(1.,0.));
#12787 = ( GEOMETRIC_REPRESENTATION_CONTEXT(2) 
PARAMETRIC_REPRESENTATION_CONTEXT() REPRESENTATION_CONTEXT('2D SPACE',''
  ) );
#12788 = ORIENTED_EDGE('',*,*,#799,.T.);
#12789 = FACE_BOUND('',#12790,.T.);
#12790 = EDGE_LOOP('',(#12791,#12792));
#12791 = ORIENTED_EDGE('',*,*,#5773,.T.);
#12792 = ORIENTED_EDGE('',*,*,#5073,.T.);
#12793 = ADVANCED_FACE('',(#12794),#731,.F.);
#12794 = FACE_BOUND('',#12795,.F.);
#12795 = EDGE_LOOP('',(#12796,#12797,#12798,#12799));
#12796 = ORIENTED_EDGE('',*,*,#6348,.F.);
#12797 = ORIENTED_EDGE('',*,*,#708,.F.);
#12798 = ORIENTED_EDGE('',*,*,#12767,.T.);
#12799 = ORIENTED_EDGE('',*,*,#776,.T.);
#12800 = ADVANCED_FACE('',(#12801),#8188,.T.);
#12801 = FACE_BOUND('',#12802,.T.);
#12802 = EDGE_LOOP('',(#12803,#12804,#12826,#12827));
#12803 = ORIENTED_EDGE('',*,*,#8172,.F.);
#12804 = ORIENTED_EDGE('',*,*,#12805,.T.);
#12805 = EDGE_CURVE('',#5672,#8395,#12806,.T.);
#12806 = SURFACE_CURVE('',#12807,(#12812,#12819),.PCURVE_S1.);
#12807 = CIRCLE('',#12808,5.);
#12808 = AXIS2_PLACEMENT_3D('',#12809,#12810,#12811);
#12809 = CARTESIAN_POINT('',(17.5,248.5,30.131397208143));
#12810 = DIRECTION('',(6.450531537933E-16,-1.,7.136298725426E-15));
#12811 = DIRECTION('',(-1.,-6.450531537933E-16,-2.775557561562E-17));
#12812 = PCURVE('',#8188,#12813);
#12813 = DEFINITIONAL_REPRESENTATION('',(#12814),#12818);
#12814 = LINE('',#12815,#12816);
#12815 = CARTESIAN_POINT('',(3.14159265359,5.));
#12816 = VECTOR('',#12817,1.);
#12817 = DIRECTION('',(-1.,0.));
#12818 = ( GEOMETRIC_REPRESENTATION_CONTEXT(2) 
PARAMETRIC_REPRESENTATION_CONTEXT() REPRESENTATION_CONTEXT('2D SPACE',''
  ) );
#12819 = PCURVE('',#5505,#12820);
#12820 = DEFINITIONAL_REPRESENTATION('',(#12821),#12825);
#12821 = LINE('',#12822,#12823);
#12822 = CARTESIAN_POINT('',(0.,1.));
#12823 = VECTOR('',#12824,1.);
#12824 = DIRECTION('',(1.,0.));
#12825 = ( GEOMETRIC_REPRESENTATION_CONTEXT(2) 
PARAMETRIC_REPRESENTATION_CONTEXT() REPRESENTATION_CONTEXT('2D SPACE',''
  ) );
#12826 = ORIENTED_EDGE('',*,*,#8392,.F.);
#12827 = ORIENTED_EDGE('',*,*,#12828,.T.);
#12828 = EDGE_CURVE('',#8393,#8173,#12829,.T.);
#12829 = SURFACE_CURVE('',#12830,(#12835,#12842),.PCURVE_S1.);
#12830 = CIRCLE('',#12831,5.);
#12831 = AXIS2_PLACEMENT_3D('',#12832,#12833,#12834);
#12832 = CARTESIAN_POINT('',(17.5,244.5,30.131397208143));
#12833 = DIRECTION('',(-6.450531537933E-16,1.,-7.136298725426E-15));
#12834 = DIRECTION('',(-1.,-6.450531537933E-16,-2.775557561562E-17));
#12835 = PCURVE('',#8188,#12836);
#12836 = DEFINITIONAL_REPRESENTATION('',(#12837),#12841);
#12837 = LINE('',#12838,#12839);
#12838 = CARTESIAN_POINT('',(-3.14159265359,1.));
#12839 = VECTOR('',#12840,1.);
#12840 = DIRECTION('',(1.,0.));
#12841 = ( GEOMETRIC_REPRESENTATION_CONTEXT(2) 
PARAMETRIC_REPRESENTATION_CONTEXT() REPRESENTATION_CONTEXT('2D SPACE',''
  ) );
#12842 = PCURVE('',#6042,#12843);
#12843 = DEFINITIONAL_REPRESENTATION('',(#12844),#12848);
#12844 = LINE('',#12845,#12846);
#12845 = CARTESIAN_POINT('',(-3.14159265359,1.));
#12846 = VECTOR('',#12847,1.);
#12847 = DIRECTION('',(1.,0.));
#12848 = ( GEOMETRIC_REPRESENTATION_CONTEXT(2) 
PARAMETRIC_REPRESENTATION_CONTEXT() REPRESENTATION_CONTEXT('2D SPACE',''
  ) );
#12849 = ADVANCED_FACE('',(#12850),#8461,.T.);
#12850 = FACE_BOUND('',#12851,.T.);
#12851 = EDGE_LOOP('',(#12852,#12853,#12875,#12876));
#12852 = ORIENTED_EDGE('',*,*,#8445,.F.);
#12853 = ORIENTED_EDGE('',*,*,#12854,.T.);
#12854 = EDGE_CURVE('',#8423,#8500,#12855,.T.);
#12855 = SURFACE_CURVE('',#12856,(#12861,#12868),.PCURVE_S1.);
#12856 = CIRCLE('',#12857,5.);
#12857 = AXIS2_PLACEMENT_3D('',#12858,#12859,#12860);
#12858 = CARTESIAN_POINT('',(17.5,248.5,65.131397208143));
#12859 = DIRECTION('',(6.450531537933E-16,-1.,7.136298725426E-15));
#12860 = DIRECTION('',(-1.,-6.450531537933E-16,-2.775557561562E-17));
#12861 = PCURVE('',#8461,#12862);
#12862 = DEFINITIONAL_REPRESENTATION('',(#12863),#12867);
#12863 = LINE('',#12864,#12865);
#12864 = CARTESIAN_POINT('',(9.424777960769,5.));
#12865 = VECTOR('',#12866,1.);
#12866 = DIRECTION('',(-1.,0.));
#12867 = ( GEOMETRIC_REPRESENTATION_CONTEXT(2) 
PARAMETRIC_REPRESENTATION_CONTEXT() REPRESENTATION_CONTEXT('2D SPACE',''
  ) );
#12868 = PCURVE('',#5444,#12869);
#12869 = DEFINITIONAL_REPRESENTATION('',(#12870),#12874);
#12870 = LINE('',#12871,#12872);
#12871 = CARTESIAN_POINT('',(0.,1.));
#12872 = VECTOR('',#12873,1.);
#12873 = DIRECTION('',(1.,0.));
#12874 = ( GEOMETRIC_REPRESENTATION_CONTEXT(2) 
PARAMETRIC_REPRESENTATION_CONTEXT() REPRESENTATION_CONTEXT('2D SPACE',''
  ) );
#12875 = ORIENTED_EDGE('',*,*,#8497,.F.);
#12876 = ORIENTED_EDGE('',*,*,#12877,.T.);
#12877 = EDGE_CURVE('',#8498,#8446,#12878,.T.);
#12878 = SURFACE_CURVE('',#12879,(#12884,#12891),.PCURVE_S1.);
#12879 = CIRCLE('',#12880,5.);
#12880 = AXIS2_PLACEMENT_3D('',#12881,#12882,#12883);
#12881 = CARTESIAN_POINT('',(17.5,244.5,65.131397208143));
#12882 = DIRECTION('',(-6.450531537933E-16,1.,-7.136298725426E-15));
#12883 = DIRECTION('',(-1.,-6.450531537933E-16,-2.775557561562E-17));
#12884 = PCURVE('',#8461,#12885);
#12885 = DEFINITIONAL_REPRESENTATION('',(#12886),#12890);
#12886 = LINE('',#12887,#12888);
#12887 = CARTESIAN_POINT('',(3.14159265359,1.));
#12888 = VECTOR('',#12889,1.);
#12889 = DIRECTION('',(1.,0.));
#12890 = ( GEOMETRIC_REPRESENTATION_CONTEXT(2) 
PARAMETRIC_REPRESENTATION_CONTEXT() REPRESENTATION_CONTEXT('2D SPACE',''
  ) );
#12891 = PCURVE('',#5822,#12892);
#12892 = DEFINITIONAL_REPRESENTATION('',(#12893),#12897);
#12893 = LINE('',#12894,#12895);
#12894 = CARTESIAN_POINT('',(3.14159265359,1.));
#12895 = VECTOR('',#12896,1.);
#12896 = DIRECTION('',(1.,0.));
#12897 = ( GEOMETRIC_REPRESENTATION_CONTEXT(2) 
PARAMETRIC_REPRESENTATION_CONTEXT() REPRESENTATION_CONTEXT('2D SPACE',''
  ) );
#12898 = ADVANCED_FACE('',(#12899),#5505,.T.);
#12899 = FACE_BOUND('',#12900,.T.);
#12900 = EDGE_LOOP('',(#12901,#12902,#12903,#12924));
#12901 = ORIENTED_EDGE('',*,*,#5671,.T.);
#12902 = ORIENTED_EDGE('',*,*,#5484,.F.);
#12903 = ORIENTED_EDGE('',*,*,#12904,.F.);
#12904 = EDGE_CURVE('',#8395,#5457,#12905,.T.);
#12905 = SURFACE_CURVE('',#12906,(#12910,#12917),.PCURVE_S1.);
#12906 = LINE('',#12907,#12908);
#12907 = CARTESIAN_POINT('',(22.5,248.5,30.131397208143));
#12908 = VECTOR('',#12909,1.);
#12909 = DIRECTION('',(-0.707106781187,0.707106781187,
    -5.065751377055E-15));
#12910 = PCURVE('',#5505,#12911);
#12911 = DEFINITIONAL_REPRESENTATION('',(#12912),#12916);
#12912 = LINE('',#12913,#12914);
#12913 = CARTESIAN_POINT('',(3.14159265359,1.));
#12914 = VECTOR('',#12915,1.);
#12915 = DIRECTION('',(0.,-1.));
#12916 = ( GEOMETRIC_REPRESENTATION_CONTEXT(2) 
PARAMETRIC_REPRESENTATION_CONTEXT() REPRESENTATION_CONTEXT('2D SPACE',''
  ) );
#12917 = PCURVE('',#5472,#12918);
#12918 = DEFINITIONAL_REPRESENTATION('',(#12919),#12923);
#12919 = LINE('',#12920,#12921);
#12920 = CARTESIAN_POINT('',(-40.,0.));
#12921 = VECTOR('',#12922,1.);
#12922 = DIRECTION('',(0.,1.));
#12923 = ( GEOMETRIC_REPRESENTATION_CONTEXT(2) 
PARAMETRIC_REPRESENTATION_CONTEXT() REPRESENTATION_CONTEXT('2D SPACE',''
  ) );
#12924 = ORIENTED_EDGE('',*,*,#12805,.F.);
#12925 = ADVANCED_FACE('',(#12926),#5472,.F.);
#12926 = FACE_BOUND('',#12927,.T.);
#12927 = EDGE_LOOP('',(#12928,#12929,#12930,#12951));
#12928 = ORIENTED_EDGE('',*,*,#12904,.T.);
#12929 = ORIENTED_EDGE('',*,*,#5456,.F.);
#12930 = ORIENTED_EDGE('',*,*,#12931,.F.);
#12931 = EDGE_CURVE('',#8423,#5424,#12932,.T.);
#12932 = SURFACE_CURVE('',#12933,(#12937,#12944),.PCURVE_S1.);
#12933 = LINE('',#12934,#12935);
#12934 = CARTESIAN_POINT('',(22.5,248.5,65.131397208143));
#12935 = VECTOR('',#12936,1.);
#12936 = DIRECTION('',(-0.707106781187,0.707106781187,
    -5.065751377055E-15));
#12937 = PCURVE('',#5472,#12938);
#12938 = DEFINITIONAL_REPRESENTATION('',(#12939),#12943);
#12939 = LINE('',#12940,#12941);
#12940 = CARTESIAN_POINT('',(-5.,0.));
#12941 = VECTOR('',#12942,1.);
#12942 = DIRECTION('',(0.,1.));
#12943 = ( GEOMETRIC_REPRESENTATION_CONTEXT(2) 
PARAMETRIC_REPRESENTATION_CONTEXT() REPRESENTATION_CONTEXT('2D SPACE',''
  ) );
#12944 = PCURVE('',#5444,#12945);
#12945 = DEFINITIONAL_REPRESENTATION('',(#12946),#12950);
#12946 = LINE('',#12947,#12948);
#12947 = CARTESIAN_POINT('',(3.14159265359,1.));
#12948 = VECTOR('',#12949,1.);
#12949 = DIRECTION('',(0.,-1.));
#12950 = ( GEOMETRIC_REPRESENTATION_CONTEXT(2) 
PARAMETRIC_REPRESENTATION_CONTEXT() REPRESENTATION_CONTEXT('2D SPACE',''
  ) );
#12951 = ORIENTED_EDGE('',*,*,#8422,.F.);
#12952 = ADVANCED_FACE('',(#12953),#5444,.T.);
#12953 = FACE_BOUND('',#12954,.T.);
#12954 = EDGE_LOOP('',(#12955,#12956,#12957,#12978));
#12955 = ORIENTED_EDGE('',*,*,#12931,.T.);
#12956 = ORIENTED_EDGE('',*,*,#5423,.F.);
#12957 = ORIENTED_EDGE('',*,*,#12958,.F.);
#12958 = EDGE_CURVE('',#8500,#5396,#12959,.T.);
#12959 = SURFACE_CURVE('',#12960,(#12964,#12971),.PCURVE_S1.);
#12960 = LINE('',#12961,#12962);
#12961 = CARTESIAN_POINT('',(17.5,248.5,70.131397208143));
#12962 = VECTOR('',#12963,1.);
#12963 = DIRECTION('',(-4.364953035395E-16,0.707106781187,
    -0.707106781187));
#12964 = PCURVE('',#5444,#12965);
#12965 = DEFINITIONAL_REPRESENTATION('',(#12966),#12970);
#12966 = LINE('',#12967,#12968);
#12967 = CARTESIAN_POINT('',(4.712388980385,1.));
#12968 = VECTOR('',#12969,1.);
#12969 = DIRECTION('',(0.,-1.));
#12970 = ( GEOMETRIC_REPRESENTATION_CONTEXT(2) 
PARAMETRIC_REPRESENTATION_CONTEXT() REPRESENTATION_CONTEXT('2D SPACE',''
  ) );
#12971 = PCURVE('',#5411,#12972);
#12972 = DEFINITIONAL_REPRESENTATION('',(#12973),#12977);
#12973 = LINE('',#12974,#12975);
#12974 = CARTESIAN_POINT('',(5.,-1.639874345736E-15));
#12975 = VECTOR('',#12976,1.);
#12976 = DIRECTION('',(2.180683970394E-16,1.));
#12977 = ( GEOMETRIC_REPRESENTATION_CONTEXT(2) 
PARAMETRIC_REPRESENTATION_CONTEXT() REPRESENTATION_CONTEXT('2D SPACE',''
  ) );
#12978 = ORIENTED_EDGE('',*,*,#12854,.F.);
#12979 = ADVANCED_FACE('',(#12980),#5411,.F.);
#12980 = FACE_BOUND('',#12981,.T.);
#12981 = EDGE_LOOP('',(#12982,#12983,#12984,#12985));
#12982 = ORIENTED_EDGE('',*,*,#12958,.T.);
#12983 = ORIENTED_EDGE('',*,*,#5395,.F.);
#12984 = ORIENTED_EDGE('',*,*,#8875,.F.);
#12985 = ORIENTED_EDGE('',*,*,#8527,.F.);
#12986 = ADVANCED_FACE('',(#12987),#5186,.F.);
#12987 = FACE_BOUND('',#12988,.T.);
#12988 = EDGE_LOOP('',(#12989,#12990,#13037,#13058,#13059));
#12989 = ORIENTED_EDGE('',*,*,#5170,.F.);
#12990 = ORIENTED_EDGE('',*,*,#12991,.T.);
#12991 = EDGE_CURVE('',#5138,#12992,#12994,.T.);
#12992 = VERTEX_POINT('',#12993);
#12993 = CARTESIAN_POINT('',(22.020386847209,175.47961315279,
    25.657945229094));
#12994 = SURFACE_CURVE('',#12995,(#13000,#13008),.PCURVE_S1.);
#12995 = B_SPLINE_CURVE_WITH_KNOTS('',3,(#12996,#12997,#12998,#12999),
  .UNSPECIFIED.,.F.,.F.,(4,4),(0.,8.407072574179E-04),
  .PIECEWISE_BEZIER_KNOTS.);
#12996 = CARTESIAN_POINT('',(22.5,175.,26.154665613229));
#12997 = CARTESIAN_POINT('',(22.340774137652,175.15922586234,
    25.987853364028));
#12998 = CARTESIAN_POINT('',(22.180888843353,175.31911115664,
    25.822293321359));
#12999 = CARTESIAN_POINT('',(22.020386847209,175.47961315279,
    25.657945229094));
#13000 = PCURVE('',#5186,#13001);
#13001 = DEFINITIONAL_REPRESENTATION('',(#13002),#13007);
#13002 = B_SPLINE_CURVE_WITH_KNOTS('',3,(#13003,#13004,#13005,#13006),
  .UNSPECIFIED.,.F.,.F.,(4,4),(0.,8.407072574179E-04),
  .PIECEWISE_BEZIER_KNOTS.);
#13003 = CARTESIAN_POINT('',(21.476731594915,1.414213562373));
#13004 = CARTESIAN_POINT('',(21.643543844115,1.189034188361));
#13005 = CARTESIAN_POINT('',(21.809103886784,0.962922236739));
#13006 = CARTESIAN_POINT('',(21.973451979049,0.735938137004));
#13007 = ( GEOMETRIC_REPRESENTATION_CONTEXT(2) 
PARAMETRIC_REPRESENTATION_CONTEXT() REPRESENTATION_CONTEXT('2D SPACE',''
  ) );
#13008 = PCURVE('',#5158,#13009);
#13009 = DEFINITIONAL_REPRESENTATION('',(#13010),#13036);
#13010 = B_SPLINE_CURVE_WITH_KNOTS('',3,(#13011,#13012,#13013,#13014,
    #13015,#13016,#13017,#13018,#13019,#13020,#13021,#13022,#13023,
    #13024,#13025,#13026,#13027,#13028,#13029,#13030,#13031,#13032,
    #13033,#13034,#13035),.UNSPECIFIED.,.F.,.F.,(4,1,1,1,1,1,1,1,1,1,1,1
    ,1,1,1,1,1,1,1,1,1,1,4),(0.,3.821396624627E-05,7.642793249253E-05,
    1.146418987388E-04,1.528558649851E-04,1.910698312313E-04,
    2.292837974776E-04,2.674977637239E-04,3.057117299701E-04,
    3.439256962164E-04,3.821396624627E-04,4.203536287089E-04,
    4.585675949552E-04,4.967815612015E-04,5.349955274477E-04,
    5.73209493694E-04,6.114234599403E-04,6.496374261865E-04,
    6.878513924328E-04,7.260653586791E-04,7.642793249253E-04,
    8.024932911716E-04,8.407072574179E-04),.QUASI_UNIFORM_KNOTS.);
#13011 = CARTESIAN_POINT('',(4.652841426549E-02,-1.));
#13012 = CARTESIAN_POINT('',(4.617574566383E-02,-0.992762460797));
#13013 = CARTESIAN_POINT('',(4.54710053584E-02,-0.978284656624));
#13014 = CARTESIAN_POINT('',(4.441568128651E-02,-0.956559797753));
#13015 = CARTESIAN_POINT('',(4.336213928734E-02,-0.934826810981));
#13016 = CARTESIAN_POINT('',(4.23103750687E-02,-0.913085720927));
#13017 = CARTESIAN_POINT('',(4.126038435234E-02,-0.891336552151));
#13018 = CARTESIAN_POINT('',(4.021216287585E-02,-0.869579329145));
#13019 = CARTESIAN_POINT('',(3.916570639211E-02,-0.847814076335));
#13020 = CARTESIAN_POINT('',(3.812101066933E-02,-0.826040818084));
#13021 = CARTESIAN_POINT('',(3.707807149105E-02,-0.804259578687));
#13022 = CARTESIAN_POINT('',(3.603688465601E-02,-0.782470382376));
#13023 = CARTESIAN_POINT('',(3.499744597816E-02,-0.760673253321));
#13024 = CARTESIAN_POINT('',(3.395975128658E-02,-0.738868215626));
#13025 = CARTESIAN_POINT('',(3.292379642542E-02,-0.717055293332));
#13026 = CARTESIAN_POINT('',(3.188957725391E-02,-0.695234510418));
#13027 = CARTESIAN_POINT('',(3.085708964623E-02,-0.6734058908));
#13028 = CARTESIAN_POINT('',(2.982632949152E-02,-0.651569458332));
#13029 = CARTESIAN_POINT('',(2.87972926938E-02,-0.629725236808));
#13030 = CARTESIAN_POINT('',(2.776997517197E-02,-0.607873249957));
#13031 = CARTESIAN_POINT('',(2.674437285959E-02,-0.586013521452));
#13032 = CARTESIAN_POINT('',(2.572048170538E-02,-0.564146074901));
#13033 = CARTESIAN_POINT('',(2.469829767127E-02,-0.542270933858));
#13034 = CARTESIAN_POINT('',(2.401797704996E-02,-0.527682392483));
#13035 = CARTESIAN_POINT('',(2.367809991905E-02,-0.520386847209));
#13036 = ( GEOMETRIC_REPRESENTATION_CONTEXT(2) 
PARAMETRIC_REPRESENTATION_CONTEXT() REPRESENTATION_CONTEXT('2D SPACE',''
  ) );
#13037 = ORIENTED_EDGE('',*,*,#13038,.F.);
#13038 = EDGE_CURVE('',#10324,#12992,#13039,.T.);
#13039 = SURFACE_CURVE('',#13040,(#13044,#13051),.PCURVE_S1.);
#13040 = LINE('',#13041,#13042);
#13041 = CARTESIAN_POINT('',(14.458015267176,183.04198473282,
    32.876390768889));
#13042 = VECTOR('',#13043,1.);
#13043 = DIRECTION('',(0.586098498873,-0.586098498873,-0.559443562155));
#13044 = PCURVE('',#5186,#13045);
#13045 = DEFINITIONAL_REPRESENTATION('',(#13046),#13050);
#13046 = LINE('',#13047,#13048);
#13047 = CARTESIAN_POINT('',(14.755006439254,-9.958870315185));
#13048 = VECTOR('',#13049,1.);
#13049 = DIRECTION('',(0.559443562155,0.828868445993));
#13050 = ( GEOMETRIC_REPRESENTATION_CONTEXT(2) 
PARAMETRIC_REPRESENTATION_CONTEXT() REPRESENTATION_CONTEXT('2D SPACE',''
  ) );
#13051 = PCURVE('',#9691,#13052);
#13052 = DEFINITIONAL_REPRESENTATION('',(#13053),#13057);
#13053 = LINE('',#13054,#13055);
#13054 = CARTESIAN_POINT('',(-14.45801526717,-9.735046894883));
#13055 = VECTOR('',#13056,1.);
#13056 = DIRECTION('',(-0.586098498873,0.810239809944));
#13057 = ( GEOMETRIC_REPRESENTATION_CONTEXT(2) 
PARAMETRIC_REPRESENTATION_CONTEXT() REPRESENTATION_CONTEXT('2D SPACE',''
  ) );
#13058 = ORIENTED_EDGE('',*,*,#10321,.F.);
#13059 = ORIENTED_EDGE('',*,*,#11145,.F.);
#13060 = ADVANCED_FACE('',(#13061),#9691,.F.);
#13061 = FACE_BOUND('',#13062,.T.);
#13062 = EDGE_LOOP('',(#13063,#13064,#13109,#13110,#13155,#13156));
#13063 = ORIENTED_EDGE('',*,*,#13038,.T.);
#13064 = ORIENTED_EDGE('',*,*,#13065,.T.);
#13065 = EDGE_CURVE('',#12992,#9676,#13066,.T.);
#13066 = SURFACE_CURVE('',#13067,(#13072,#13080),.PCURVE_S1.);
#13067 = B_SPLINE_CURVE_WITH_KNOTS('',3,(#13068,#13069,#13070,#13071),
  .UNSPECIFIED.,.F.,.F.,(4,4),(0.,8.94322060831E-04),
  .PIECEWISE_BEZIER_KNOTS.);
#13068 = CARTESIAN_POINT('',(22.020386847209,175.47961315279,
    25.657945229094));
#13069 = CARTESIAN_POINT('',(21.848227015297,175.30356795527,
    25.489906319955));
#13070 = CARTESIAN_POINT('',(21.674720272454,175.12820864454,
    25.322522104436));
#13071 = CARTESIAN_POINT('',(21.5,174.95348837209,25.155747864628));
#13072 = PCURVE('',#9691,#13073);
#13073 = DEFINITIONAL_REPRESENTATION('',(#13074),#13079);
#13074 = B_SPLINE_CURVE_WITH_KNOTS('',3,(#13075,#13076,#13077,#13078),
  .UNSPECIFIED.,.F.,.F.,(4,4),(0.,8.94322060831E-04),
  .PIECEWISE_BEZIER_KNOTS.);
#13075 = CARTESIAN_POINT('',(-22.0203868472,0.719398089213));
#13076 = CARTESIAN_POINT('',(-21.84822701529,0.962768150134));
#13077 = CARTESIAN_POINT('',(-21.67472027245,1.205190020979));
#13078 = CARTESIAN_POINT('',(-21.5,1.446728466511));
#13079 = ( GEOMETRIC_REPRESENTATION_CONTEXT(2) 
PARAMETRIC_REPRESENTATION_CONTEXT() REPRESENTATION_CONTEXT('2D SPACE',''
  ) );
#13080 = PCURVE('',#5158,#13081);
#13081 = DEFINITIONAL_REPRESENTATION('',(#13082),#13108);
#13082 = B_SPLINE_CURVE_WITH_KNOTS('',3,(#13083,#13084,#13085,#13086,
    #13087,#13088,#13089,#13090,#13091,#13092,#13093,#13094,#13095,
    #13096,#13097,#13098,#13099,#13100,#13101,#13102,#13103,#13104,
    #13105,#13106,#13107),.UNSPECIFIED.,.F.,.F.,(4,1,1,1,1,1,1,1,1,1,1,1
    ,1,1,1,1,1,1,1,1,1,1,4),(0.,4.065100276505E-05,8.130200553009E-05,
    1.219530082951E-04,1.626040110602E-04,2.032550138252E-04,
    2.439060165903E-04,2.845570193553E-04,3.252080221204E-04,
    3.658590248854E-04,4.065100276505E-04,4.471610304155E-04,
    4.878120331806E-04,5.284630359456E-04,5.691140387106E-04,
    6.097650414757E-04,6.504160442407E-04,6.910670470058E-04,
    7.317180497708E-04,7.723690525359E-04,8.130200553009E-04,
    8.53671058066E-04,8.94322060831E-04),.QUASI_UNIFORM_KNOTS.);
#13083 = CARTESIAN_POINT('',(2.367809991905E-02,-0.520386847209));
#13084 = CARTESIAN_POINT('',(2.403383737899E-02,-0.512561400281));
#13085 = CARTESIAN_POINT('',(2.474442638355E-02,-0.496904937232));
#13086 = CARTESIAN_POINT('',(2.580766058034E-02,-0.473403612717));
#13087 = CARTESIAN_POINT('',(2.686825391139E-02,-0.449885736013));
#13088 = CARTESIAN_POINT('',(2.792621479161E-02,-0.426351384495));
#13089 = CARTESIAN_POINT('',(2.898155161662E-02,-0.402800635299));
#13090 = CARTESIAN_POINT('',(3.00342727599E-02,-0.379233565282));
#13091 = CARTESIAN_POINT('',(3.108438657353E-02,-0.355650251038));
#13092 = CARTESIAN_POINT('',(3.213190138792E-02,-0.332050768892));
#13093 = CARTESIAN_POINT('',(3.31768255118E-02,-0.308435194907));
#13094 = CARTESIAN_POINT('',(3.421916723219E-02,-0.28480360488));
#13095 = CARTESIAN_POINT('',(3.525893481434E-02,-0.261156074347));
#13096 = CARTESIAN_POINT('',(3.629613650168E-02,-0.237492678581));
#13097 = CARTESIAN_POINT('',(3.73307805158E-02,-0.213813492596));
#13098 = CARTESIAN_POINT('',(3.836287505639E-02,-0.190118591148));
#13099 = CARTESIAN_POINT('',(3.939242830121E-02,-0.166408048734));
#13100 = CARTESIAN_POINT('',(4.041944840604E-02,-0.142681939595));
#13101 = CARTESIAN_POINT('',(4.144394350469E-02,-0.118940337716));
#13102 = CARTESIAN_POINT('',(4.246592170887E-02,-9.518331683036E-02));
#13103 = CARTESIAN_POINT('',(4.34853911084E-02,-7.141095041671E-02));
#13104 = CARTESIAN_POINT('',(4.450235977039E-02,-4.762331169731E-02));
#13105 = CARTESIAN_POINT('',(4.551683574205E-02,-2.382047366834E-02));
#13106 = CARTESIAN_POINT('',(4.619149660746E-02,-7.9418305454E-03));
#13107 = CARTESIAN_POINT('',(4.652841426549E-02,-1.7763568394E-15));
#13108 = ( GEOMETRIC_REPRESENTATION_CONTEXT(2) 
PARAMETRIC_REPRESENTATION_CONTEXT() REPRESENTATION_CONTEXT('2D SPACE',''
  ) );
#13109 = ORIENTED_EDGE('',*,*,#9675,.F.);
#13110 = ORIENTED_EDGE('',*,*,#13111,.F.);
#13111 = EDGE_CURVE('',#12646,#9647,#13112,.T.);
#13112 = SURFACE_CURVE('',#13113,(#13118,#13126),.PCURVE_S1.);
#13113 = B_SPLINE_CURVE_WITH_KNOTS('',3,(#13114,#13115,#13116,#13117),
  .UNSPECIFIED.,.F.,.F.,(4,4),(0.,1.731100013421E-03),
  .PIECEWISE_BEZIER_KNOTS.);
#13114 = CARTESIAN_POINT('',(9.5,175.97563742223,26.131411011292));
#13115 = CARTESIAN_POINT('',(9.171854909216,175.6322651209,
    25.803654800058));
#13116 = CARTESIAN_POINT('',(8.838216547886,175.29170491997,
    25.478582798846));
#13117 = CARTESIAN_POINT('',(8.5,174.95348837209,25.155747864628));
#13118 = PCURVE('',#9691,#13119);
#13119 = DEFINITIONAL_REPRESENTATION('',(#13120),#13125);
#13120 = B_SPLINE_CURVE_WITH_KNOTS('',3,(#13121,#13122,#13123,#13124),
  .UNSPECIFIED.,.F.,.F.,(4,4),(0.,1.731100013421E-03),
  .PIECEWISE_BEZIER_KNOTS.);
#13121 = CARTESIAN_POINT('',(-9.5,3.367954433357E-02));
#13122 = CARTESIAN_POINT('',(-9.171854909216,0.508367516924));
#13123 = CARTESIAN_POINT('',(-8.838216547886,0.97916795918));
#13124 = CARTESIAN_POINT('',(-8.5,1.446728466511));
#13125 = ( GEOMETRIC_REPRESENTATION_CONTEXT(2) 
PARAMETRIC_REPRESENTATION_CONTEXT() REPRESENTATION_CONTEXT('2D SPACE',''
  ) );
#13126 = PCURVE('',#9663,#13127);
#13127 = DEFINITIONAL_REPRESENTATION('',(#13128),#13154);
#13128 = B_SPLINE_CURVE_WITH_KNOTS('',3,(#13129,#13130,#13131,#13132,
    #13133,#13134,#13135,#13136,#13137,#13138,#13139,#13140,#13141,
    #13142,#13143,#13144,#13145,#13146,#13147,#13148,#13149,#13150,
    #13151,#13152,#13153),.UNSPECIFIED.,.F.,.F.,(4,1,1,1,1,1,1,1,1,1,1,1
    ,1,1,1,1,1,1,1,1,1,1,4),(0.,7.868636424643E-05,1.573727284929E-04,
    2.360590927393E-04,3.147454569857E-04,3.934318212321E-04,
    4.721181854786E-04,5.50804549725E-04,6.294909139714E-04,
    7.081772782178E-04,7.868636424643E-04,8.655500067107E-04,
    9.442363709571E-04,1.022922735204E-03,1.10160909945E-03,
    1.180295463696E-03,1.258981827943E-03,1.337668192189E-03,
    1.416354556436E-03,1.495040920682E-03,1.573727284929E-03,
    1.652413649175E-03,1.731100013421E-03),.QUASI_UNIFORM_KNOTS.);
#13129 = CARTESIAN_POINT('',(1.133143394274E-03,-1.));
#13130 = CARTESIAN_POINT('',(1.858303379091E-03,-0.985084313678));
#13131 = CARTESIAN_POINT('',(3.305065073216E-03,-0.955230186314));
#13132 = CARTESIAN_POINT('',(5.464600685783E-03,-0.910381286843));
#13133 = CARTESIAN_POINT('',(7.613597401039E-03,-0.86546523645));
#13134 = CARTESIAN_POINT('',(9.752122783357E-03,-0.820482586463));
#13135 = CARTESIAN_POINT('',(1.188024408856E-02,-0.775433884212));
#13136 = CARTESIAN_POINT('',(1.399802821913E-02,-0.7303196725));
#13137 = CARTESIAN_POINT('',(1.610554173409E-02,-0.685140489794));
#13138 = CARTESIAN_POINT('',(1.820285084431E-02,-0.639896870229));
#13139 = CARTESIAN_POINT('',(2.029002141185E-02,-0.594589343654));
#13140 = CARTESIAN_POINT('',(2.23671189485E-02,-0.549218435674));
#13141 = CARTESIAN_POINT('',(2.443420861449E-02,-0.503784667686));
#13142 = CARTESIAN_POINT('',(2.649135521743E-02,-0.458288556923));
#13143 = CARTESIAN_POINT('',(2.853862321123E-02,-0.41273061649));
#13144 = CARTESIAN_POINT('',(3.057607669524E-02,-0.367111355401));
#13145 = CARTESIAN_POINT('',(3.260377941334E-02,-0.321431278624));
#13146 = CARTESIAN_POINT('',(3.462179475326E-02,-0.275690887114));
#13147 = CARTESIAN_POINT('',(3.663018574607E-02,-0.229890677852));
#13148 = CARTESIAN_POINT('',(3.862901506481E-02,-0.184031143879));
#13149 = CARTESIAN_POINT('',(4.061834502727E-02,-0.138112774364));
#13150 = CARTESIAN_POINT('',(4.259823758343E-02,-9.213605451515E-02));
#13151 = CARTESIAN_POINT('',(4.456875436064E-02,-4.610146609033E-02));
#13152 = CARTESIAN_POINT('',(4.587622244929E-02,-1.537347913616E-02));
#13153 = CARTESIAN_POINT('',(4.652841426549E-02,-1.7763568394E-15));
#13154 = ( GEOMETRIC_REPRESENTATION_CONTEXT(2) 
PARAMETRIC_REPRESENTATION_CONTEXT() REPRESENTATION_CONTEXT('2D SPACE',''
  ) );
#13155 = ORIENTED_EDGE('',*,*,#12645,.F.);
#13156 = ORIENTED_EDGE('',*,*,#10351,.F.);
#13157 = ADVANCED_FACE('',(#13158),#9663,.T.);
#13158 = FACE_BOUND('',#13159,.T.);
#13159 = EDGE_LOOP('',(#13160,#13161,#13162,#13183));
#13160 = ORIENTED_EDGE('',*,*,#13111,.T.);
#13161 = ORIENTED_EDGE('',*,*,#9646,.F.);
#13162 = ORIENTED_EDGE('',*,*,#13163,.F.);
#13163 = EDGE_CURVE('',#12669,#8336,#13164,.T.);
#13164 = SURFACE_CURVE('',#13165,(#13169,#13176),.PCURVE_S1.);
#13165 = LINE('',#13166,#13167);
#13166 = CARTESIAN_POINT('',(9.5,176.,26.131397208143));
#13167 = VECTOR('',#13168,1.);
#13168 = DIRECTION('',(-0.707106781187,-5.502246680595E-15,
    -0.707106781187));
#13169 = PCURVE('',#9663,#13170);
#13170 = DEFINITIONAL_REPRESENTATION('',(#13171),#13175);
#13171 = LINE('',#13172,#13173);
#13172 = CARTESIAN_POINT('',(0.,-1.));
#13173 = VECTOR('',#13174,1.);
#13174 = DIRECTION('',(0.,1.));
#13175 = ( GEOMETRIC_REPRESENTATION_CONTEXT(2) 
PARAMETRIC_REPRESENTATION_CONTEXT() REPRESENTATION_CONTEXT('2D SPACE',''
  ) );
#13176 = PCURVE('',#8351,#13177);
#13177 = DEFINITIONAL_REPRESENTATION('',(#13178),#13182);
#13178 = LINE('',#13179,#13180);
#13179 = CARTESIAN_POINT('',(-67.5,1.414213562373));
#13180 = VECTOR('',#13181,1.);
#13181 = DIRECTION('',(0.,-1.));
#13182 = ( GEOMETRIC_REPRESENTATION_CONTEXT(2) 
PARAMETRIC_REPRESENTATION_CONTEXT() REPRESENTATION_CONTEXT('2D SPACE',''
  ) );
#13183 = ORIENTED_EDGE('',*,*,#12668,.F.);
#13184 = ADVANCED_FACE('',(#13185),#8351,.T.);
#13185 = FACE_BOUND('',#13186,.T.);
#13186 = EDGE_LOOP('',(#13187,#13188,#13189,#13210));
#13187 = ORIENTED_EDGE('',*,*,#13163,.T.);
#13188 = ORIENTED_EDGE('',*,*,#8335,.F.);
#13189 = ORIENTED_EDGE('',*,*,#13190,.F.);
#13190 = EDGE_CURVE('',#12693,#8308,#13191,.T.);
#13191 = SURFACE_CURVE('',#13192,(#13196,#13203),.PCURVE_S1.);
#13192 = LINE('',#13193,#13194);
#13193 = CARTESIAN_POINT('',(18.783789559493,193.84547154576,
    35.415186767636));
#13194 = VECTOR('',#13195,1.);
#13195 = DIRECTION('',(-0.678598344546,-0.281084637715,-0.678598344546)
  );
#13196 = PCURVE('',#8351,#13197);
#13197 = DEFINITIONAL_REPRESENTATION('',(#13198),#13202);
#13198 = LINE('',#13199,#13200);
#13199 = CARTESIAN_POINT('',(-49.65452845424,14.543474667626));
#13200 = VECTOR('',#13201,1.);
#13201 = DIRECTION('',(-0.281084637715,-0.959682982261));
#13202 = ( GEOMETRIC_REPRESENTATION_CONTEXT(2) 
PARAMETRIC_REPRESENTATION_CONTEXT() REPRESENTATION_CONTEXT('2D SPACE',''
  ) );
#13203 = PCURVE('',#8323,#13204);
#13204 = DEFINITIONAL_REPRESENTATION('',(#13205),#13209);
#13205 = LINE('',#13206,#13207);
#13206 = CARTESIAN_POINT('',(-32.48329618381,14.543474667626));
#13207 = VECTOR('',#13208,1.);
#13208 = DIRECTION('',(0.281084637715,-0.959682982261));
#13209 = ( GEOMETRIC_REPRESENTATION_CONTEXT(2) 
PARAMETRIC_REPRESENTATION_CONTEXT() REPRESENTATION_CONTEXT('2D SPACE',''
  ) );
#13210 = ORIENTED_EDGE('',*,*,#12692,.F.);
#13211 = ADVANCED_FACE('',(#13212),#8323,.T.);
#13212 = FACE_BOUND('',#13213,.T.);
#13213 = EDGE_LOOP('',(#13214,#13215,#13216,#13237));
#13214 = ORIENTED_EDGE('',*,*,#13190,.T.);
#13215 = ORIENTED_EDGE('',*,*,#8307,.F.);
#13216 = ORIENTED_EDGE('',*,*,#13217,.F.);
#13217 = EDGE_CURVE('',#12299,#8280,#13218,.T.);
#13218 = SURFACE_CURVE('',#13219,(#13223,#13230),.PCURVE_S1.);
#13219 = LINE('',#13220,#13221);
#13220 = CARTESIAN_POINT('',(1.797345287628,209.43687294982,
    34.428742495771));
#13221 = VECTOR('',#13222,1.);
#13222 = DIRECTION('',(-0.678598344546,-0.281084637715,-0.678598344546)
  );
#13223 = PCURVE('',#8323,#13224);
#13224 = DEFINITIONAL_REPRESENTATION('',(#13225),#13229);
#13225 = LINE('',#13226,#13227);
#13226 = CARTESIAN_POINT('',(-9.447280589914,13.148431799829));
#13227 = VECTOR('',#13228,1.);
#13228 = DIRECTION('',(0.281084637715,-0.959682982261));
#13229 = ( GEOMETRIC_REPRESENTATION_CONTEXT(2) 
PARAMETRIC_REPRESENTATION_CONTEXT() REPRESENTATION_CONTEXT('2D SPACE',''
  ) );
#13230 = PCURVE('',#8295,#13231);
#13231 = DEFINITIONAL_REPRESENTATION('',(#13232),#13236);
#13232 = LINE('',#13233,#13234);
#13233 = CARTESIAN_POINT('',(40.063127050172,-11.73421823745));
#13234 = VECTOR('',#13235,1.);
#13235 = DIRECTION('',(0.281084637715,0.959682982261));
#13236 = ( GEOMETRIC_REPRESENTATION_CONTEXT(2) 
PARAMETRIC_REPRESENTATION_CONTEXT() REPRESENTATION_CONTEXT('2D SPACE',''
  ) );
#13237 = ORIENTED_EDGE('',*,*,#12741,.F.);
#13238 = ADVANCED_FACE('',(#13239),#8295,.T.);
#13239 = FACE_BOUND('',#13240,.T.);
#13240 = EDGE_LOOP('',(#13241,#13242,#13243,#13264));
#13241 = ORIENTED_EDGE('',*,*,#13217,.T.);
#13242 = ORIENTED_EDGE('',*,*,#8279,.F.);
#13243 = ORIENTED_EDGE('',*,*,#13244,.F.);
#13244 = EDGE_CURVE('',#12322,#8252,#13245,.T.);
#13245 = SURFACE_CURVE('',#13246,(#13250,#13257),.PCURVE_S1.);
#13246 = LINE('',#13247,#13248);
#13247 = CARTESIAN_POINT('',(0.53669680356,210.58530474965,
    33.168094011702));
#13248 = VECTOR('',#13249,1.);
#13249 = DIRECTION('',(-0.678598344546,0.281084637715,-0.678598344546));
#13250 = PCURVE('',#8295,#13251);
#13251 = DEFINITIONAL_REPRESENTATION('',(#13252),#13256);
#13252 = LINE('',#13253,#13254);
#13253 = CARTESIAN_POINT('',(38.914695250342,-9.951392053901));
#13254 = VECTOR('',#13255,1.);
#13255 = DIRECTION('',(-0.281084637715,0.959682982261));
#13256 = ( GEOMETRIC_REPRESENTATION_CONTEXT(2) 
PARAMETRIC_REPRESENTATION_CONTEXT() REPRESENTATION_CONTEXT('2D SPACE',''
  ) );
#13257 = PCURVE('',#8267,#13258);
#13258 = DEFINITIONAL_REPRESENTATION('',(#13259),#13263);
#13259 = LINE('',#13260,#13261);
#13260 = CARTESIAN_POINT('',(-38.80460483966,11.365605616274));
#13261 = VECTOR('',#13262,1.);
#13262 = DIRECTION('',(-0.281084637715,-0.959682982261));
#13263 = ( GEOMETRIC_REPRESENTATION_CONTEXT(2) 
PARAMETRIC_REPRESENTATION_CONTEXT() REPRESENTATION_CONTEXT('2D SPACE',''
  ) );
#13264 = ORIENTED_EDGE('',*,*,#12321,.F.);
#13265 = ADVANCED_FACE('',(#13266),#8267,.T.);
#13266 = FACE_BOUND('',#13267,.T.);
#13267 = EDGE_LOOP('',(#13268,#13269,#13270,#13291));
#13268 = ORIENTED_EDGE('',*,*,#13244,.T.);
#13269 = ORIENTED_EDGE('',*,*,#8251,.F.);
#13270 = ORIENTED_EDGE('',*,*,#13271,.F.);
#13271 = EDGE_CURVE('',#12446,#8224,#13272,.T.);
#13272 = SURFACE_CURVE('',#13273,(#13277,#13284),.PCURVE_S1.);
#13273 = LINE('',#13274,#13275);
#13274 = CARTESIAN_POINT('',(12.220662509322,228.37306468999,
    28.852059717465));
#13275 = VECTOR('',#13276,1.);
#13276 = DIRECTION('',(-0.678598344546,0.281084637715,-0.678598344546));
#13277 = PCURVE('',#8267,#13278);
#13278 = DEFINITIONAL_REPRESENTATION('',(#13279),#13283);
#13279 = LINE('',#13280,#13281);
#13280 = CARTESIAN_POINT('',(-17.96494778203,5.261811381696));
#13281 = VECTOR('',#13282,1.);
#13282 = DIRECTION('',(-0.281084637715,-0.959682982261));
#13283 = ( GEOMETRIC_REPRESENTATION_CONTEXT(2) 
PARAMETRIC_REPRESENTATION_CONTEXT() REPRESENTATION_CONTEXT('2D SPACE',''
  ) );
#13284 = PCURVE('',#8239,#13285);
#13285 = DEFINITIONAL_REPRESENTATION('',(#13286),#13290);
#13286 = LINE('',#13287,#13288);
#13287 = CARTESIAN_POINT('',(-15.12693531,5.261811381696));
#13288 = VECTOR('',#13289,1.);
#13289 = DIRECTION('',(0.281084637715,-0.959682982261));
#13290 = ( GEOMETRIC_REPRESENTATION_CONTEXT(2) 
PARAMETRIC_REPRESENTATION_CONTEXT() REPRESENTATION_CONTEXT('2D SPACE',''
  ) );
#13291 = ORIENTED_EDGE('',*,*,#12495,.F.);
#13292 = ADVANCED_FACE('',(#13293),#10500,.F.);
#13293 = FACE_BOUND('',#13294,.T.);
#13294 = EDGE_LOOP('',(#13295,#13318,#13363,#13364,#13365));
#13295 = ORIENTED_EDGE('',*,*,#13296,.F.);
#13296 = EDGE_CURVE('',#13297,#10462,#13299,.T.);
#13297 = VERTEX_POINT('',#13298);
#13298 = CARTESIAN_POINT('',(22.020386847209,175.47961315279,
    69.604849187192));
#13299 = SURFACE_CURVE('',#13300,(#13304,#13311),.PCURVE_S1.);
#13300 = LINE('',#13301,#13302);
#13301 = CARTESIAN_POINT('',(14.458015267176,183.04198473282,
    62.386403647397));
#13302 = VECTOR('',#13303,1.);
#13303 = DIRECTION('',(-0.586098498873,0.586098498873,-0.559443562155));
#13304 = PCURVE('',#10500,#13305);
#13305 = DEFINITIONAL_REPRESENTATION('',(#13306),#13310);
#13306 = LINE('',#13307,#13308);
#13307 = CARTESIAN_POINT('',(-14.75500643925,-9.958870315185));
#13308 = VECTOR('',#13309,1.);
#13309 = DIRECTION('',(0.559443562155,-0.828868445993));
#13310 = ( GEOMETRIC_REPRESENTATION_CONTEXT(2) 
PARAMETRIC_REPRESENTATION_CONTEXT() REPRESENTATION_CONTEXT('2D SPACE',''
  ) );
#13311 = PCURVE('',#10278,#13312);
#13312 = DEFINITIONAL_REPRESENTATION('',(#13313),#13317);
#13313 = LINE('',#13314,#13315);
#13314 = CARTESIAN_POINT('',(-14.45801526717,11.181775361394));
#13315 = VECTOR('',#13316,1.);
#13316 = DIRECTION('',(0.586098498873,0.810239809944));
#13317 = ( GEOMETRIC_REPRESENTATION_CONTEXT(2) 
PARAMETRIC_REPRESENTATION_CONTEXT() REPRESENTATION_CONTEXT('2D SPACE',''
  ) );
#13318 = ORIENTED_EDGE('',*,*,#13319,.T.);
#13319 = EDGE_CURVE('',#13297,#11216,#13320,.T.);
#13320 = SURFACE_CURVE('',#13321,(#13326,#13334),.PCURVE_S1.);
#13321 = B_SPLINE_CURVE_WITH_KNOTS('',3,(#13322,#13323,#13324,#13325),
  .UNSPECIFIED.,.F.,.F.,(4,4),(0.,8.407072574179E-04),
  .PIECEWISE_BEZIER_KNOTS.);
#13322 = CARTESIAN_POINT('',(22.020386847209,175.47961315279,
    69.604849187192));
#13323 = CARTESIAN_POINT('',(22.180888843353,175.31911115664,
    69.440501094927));
#13324 = CARTESIAN_POINT('',(22.340774137652,175.15922586234,
    69.274941052258));
#13325 = CARTESIAN_POINT('',(22.5,175.,69.108128803058));
#13326 = PCURVE('',#10500,#13327);
#13327 = DEFINITIONAL_REPRESENTATION('',(#13328),#13333);
#13328 = B_SPLINE_CURVE_WITH_KNOTS('',3,(#13329,#13330,#13331,#13332),
  .UNSPECIFIED.,.F.,.F.,(4,4),(0.,8.407072574179E-04),
  .PIECEWISE_BEZIER_KNOTS.);
#13329 = CARTESIAN_POINT('',(-21.97345197904,0.735938137004));
#13330 = CARTESIAN_POINT('',(-21.80910388678,0.962922236739));
#13331 = CARTESIAN_POINT('',(-21.64354384411,1.189034188361));
#13332 = CARTESIAN_POINT('',(-21.47673159491,1.414213562373));
#13333 = ( GEOMETRIC_REPRESENTATION_CONTEXT(2) 
PARAMETRIC_REPRESENTATION_CONTEXT() REPRESENTATION_CONTEXT('2D SPACE',''
  ) );
#13334 = PCURVE('',#10250,#13335);
#13335 = DEFINITIONAL_REPRESENTATION('',(#13336),#13362);
#13336 = B_SPLINE_CURVE_WITH_KNOTS('',3,(#13337,#13338,#13339,#13340,
    #13341,#13342,#13343,#13344,#13345,#13346,#13347,#13348,#13349,
    #13350,#13351,#13352,#13353,#13354,#13355,#13356,#13357,#13358,
    #13359,#13360,#13361),.UNSPECIFIED.,.F.,.F.,(4,1,1,1,1,1,1,1,1,1,1,1
    ,1,1,1,1,1,1,1,1,1,1,4),(0.,3.821396624627E-05,7.642793249254E-05,
    1.146418987388E-04,1.528558649851E-04,1.910698312313E-04,
    2.292837974776E-04,2.674977637239E-04,3.057117299701E-04,
    3.439256962164E-04,3.821396624627E-04,4.203536287089E-04,
    4.585675949552E-04,4.967815612015E-04,5.349955274477E-04,
    5.73209493694E-04,6.114234599403E-04,6.496374261866E-04,
    6.878513924328E-04,7.260653586791E-04,7.642793249254E-04,
    8.024932911716E-04,8.407072574179E-04),.QUASI_UNIFORM_KNOTS.);
#13337 = CARTESIAN_POINT('',(3.117914553671,-0.520386847209));
#13338 = CARTESIAN_POINT('',(3.11757467654,-0.527682392483));
#13339 = CARTESIAN_POINT('',(3.116894355919,-0.542270933858));
#13340 = CARTESIAN_POINT('',(3.115872171884,-0.564146074901));
#13341 = CARTESIAN_POINT('',(3.11484828073,-0.586013521452));
#13342 = CARTESIAN_POINT('',(3.113822678418,-0.607873249958));
#13343 = CARTESIAN_POINT('',(3.112795360896,-0.629725236808));
#13344 = CARTESIAN_POINT('',(3.111766324098,-0.651569458333));
#13345 = CARTESIAN_POINT('',(3.110735563944,-0.6734058908));
#13346 = CARTESIAN_POINT('',(3.109703076336,-0.695234510418));
#13347 = CARTESIAN_POINT('',(3.108668857164,-0.717055293332));
#13348 = CARTESIAN_POINT('',(3.107632902303,-0.738868215626));
#13349 = CARTESIAN_POINT('',(3.106595207612,-0.760673253321));
#13350 = CARTESIAN_POINT('',(3.105555768934,-0.782470382376));
#13351 = CARTESIAN_POINT('',(3.104514582099,-0.804259578687));
#13352 = CARTESIAN_POINT('',(3.10347164292,-0.826040818084));
#13353 = CARTESIAN_POINT('',(3.102426947198,-0.847814076335));
#13354 = CARTESIAN_POINT('',(3.101380490714,-0.869579329145));
#13355 = CARTESIAN_POINT('',(3.100332269237,-0.891336552151));
#13356 = CARTESIAN_POINT('',(3.099282278521,-0.913085720927));
#13357 = CARTESIAN_POINT('',(3.098230514302,-0.934826810981));
#13358 = CARTESIAN_POINT('',(3.097176972303,-0.956559797753));
#13359 = CARTESIAN_POINT('',(3.096121648231,-0.978284656625));
#13360 = CARTESIAN_POINT('',(3.095416907926,-0.992762460797));
#13361 = CARTESIAN_POINT('',(3.095064239324,-1.));
#13362 = ( GEOMETRIC_REPRESENTATION_CONTEXT(2) 
PARAMETRIC_REPRESENTATION_CONTEXT() REPRESENTATION_CONTEXT('2D SPACE',''
  ) );
#13363 = ORIENTED_EDGE('',*,*,#11215,.F.);
#13364 = ORIENTED_EDGE('',*,*,#11055,.F.);
#13365 = ORIENTED_EDGE('',*,*,#10484,.F.);
#13366 = ADVANCED_FACE('',(#13367),#8239,.T.);
#13367 = FACE_BOUND('',#13368,.T.);
#13368 = EDGE_LOOP('',(#13369,#13370,#13371,#13392));
#13369 = ORIENTED_EDGE('',*,*,#13271,.T.);
#13370 = ORIENTED_EDGE('',*,*,#8223,.F.);
#13371 = ORIENTED_EDGE('',*,*,#13372,.F.);
#13372 = EDGE_CURVE('',#5970,#8201,#13373,.T.);
#13373 = SURFACE_CURVE('',#13374,(#13378,#13385),.PCURVE_S1.);
#13374 = LINE('',#13375,#13376);
#13375 = CARTESIAN_POINT('',(6.333333333333,246.66666666666,
    22.964730541476));
#13376 = VECTOR('',#13377,1.);
#13377 = DIRECTION('',(-0.57735026919,0.57735026919,-0.57735026919));
#13378 = PCURVE('',#8239,#13379);
#13379 = DEFINITIONAL_REPRESENTATION('',(#13380),#13384);
#13380 = LINE('',#13381,#13382);
#13381 = CARTESIAN_POINT('',(3.166666666667,-3.064129385142));
#13382 = VECTOR('',#13383,1.);
#13383 = DIRECTION('',(0.57735026919,-0.816496580928));
#13384 = ( GEOMETRIC_REPRESENTATION_CONTEXT(2) 
PARAMETRIC_REPRESENTATION_CONTEXT() REPRESENTATION_CONTEXT('2D SPACE',''
  ) );
#13385 = PCURVE('',#6013,#13386);
#13386 = DEFINITIONAL_REPRESENTATION('',(#13387),#13391);
#13387 = LINE('',#13388,#13389);
#13388 = CARTESIAN_POINT('',(-6.333333333333,4.478342947515));
#13389 = VECTOR('',#13390,1.);
#13390 = DIRECTION('',(0.57735026919,0.816496580928));
#13391 = ( GEOMETRIC_REPRESENTATION_CONTEXT(2) 
PARAMETRIC_REPRESENTATION_CONTEXT() REPRESENTATION_CONTEXT('2D SPACE',''
  ) );
#13392 = ORIENTED_EDGE('',*,*,#12468,.F.);
#13393 = ADVANCED_FACE('',(#13394),#10278,.F.);
#13394 = FACE_BOUND('',#13395,.T.);
#13395 = EDGE_LOOP('',(#13396,#13397,#13442,#13443,#13444,#13445));
#13396 = ORIENTED_EDGE('',*,*,#10262,.F.);
#13397 = ORIENTED_EDGE('',*,*,#13398,.T.);
#13398 = EDGE_CURVE('',#10234,#13297,#13399,.T.);
#13399 = SURFACE_CURVE('',#13400,(#13405,#13413),.PCURVE_S1.);
#13400 = B_SPLINE_CURVE_WITH_KNOTS('',3,(#13401,#13402,#13403,#13404),
  .UNSPECIFIED.,.F.,.F.,(4,4),(0.,8.94322060831E-04),
  .PIECEWISE_BEZIER_KNOTS.);
#13401 = CARTESIAN_POINT('',(21.5,174.95348837209,70.107046551658));
#13402 = CARTESIAN_POINT('',(21.674720272454,175.12820864454,
    69.94027231185));
#13403 = CARTESIAN_POINT('',(21.848227015297,175.30356795527,
    69.772888096331));
#13404 = CARTESIAN_POINT('',(22.020386847209,175.47961315279,
    69.604849187192));
#13405 = PCURVE('',#10278,#13406);
#13406 = DEFINITIONAL_REPRESENTATION('',(#13407),#13412);
#13407 = B_SPLINE_CURVE_WITH_KNOTS('',3,(#13408,#13409,#13410,#13411),
  .UNSPECIFIED.,.F.,.F.,(4,4),(0.,8.94322060831E-04),
  .PIECEWISE_BEZIER_KNOTS.);
#13408 = CARTESIAN_POINT('',(-21.5,-1.42108547152E-14));
#13409 = CARTESIAN_POINT('',(-21.67472027245,0.241538445532));
#13410 = CARTESIAN_POINT('',(-21.84822701529,0.483960316377));
#13411 = CARTESIAN_POINT('',(-22.0203868472,0.727330377298));
#13412 = ( GEOMETRIC_REPRESENTATION_CONTEXT(2) 
PARAMETRIC_REPRESENTATION_CONTEXT() REPRESENTATION_CONTEXT('2D SPACE',''
  ) );
#13413 = PCURVE('',#10250,#13414);
#13414 = DEFINITIONAL_REPRESENTATION('',(#13415),#13441);
#13415 = B_SPLINE_CURVE_WITH_KNOTS('',3,(#13416,#13417,#13418,#13419,
    #13420,#13421,#13422,#13423,#13424,#13425,#13426,#13427,#13428,
    #13429,#13430,#13431,#13432,#13433,#13434,#13435,#13436,#13437,
    #13438,#13439,#13440),.UNSPECIFIED.,.F.,.F.,(4,1,1,1,1,1,1,1,1,1,1,1
    ,1,1,1,1,1,1,1,1,1,1,4),(0.,4.065100276505E-05,8.130200553009E-05,
    1.219530082951E-04,1.626040110602E-04,2.032550138252E-04,
    2.439060165903E-04,2.845570193553E-04,3.252080221204E-04,
    3.658590248854E-04,4.065100276505E-04,4.471610304155E-04,
    4.878120331806E-04,5.284630359456E-04,5.691140387107E-04,
    6.097650414757E-04,6.504160442408E-04,6.910670470058E-04,
    7.317180497708E-04,7.723690525359E-04,8.130200553009E-04,
    8.53671058066E-04,8.94322060831E-04),.QUASI_UNIFORM_KNOTS.);
#13416 = CARTESIAN_POINT('',(3.095064239324,-3.552713678801E-15));
#13417 = CARTESIAN_POINT('',(3.095401156982,-7.941830545399E-03));
#13418 = CARTESIAN_POINT('',(3.096075817848,-2.382047366833E-02));
#13419 = CARTESIAN_POINT('',(3.097090293819,-4.762331169731E-02));
#13420 = CARTESIAN_POINT('',(3.098107262481,-7.141095041671E-02));
#13421 = CARTESIAN_POINT('',(3.099126731881,-9.518331683036E-02));
#13422 = CARTESIAN_POINT('',(3.100148710085,-0.118940337716));
#13423 = CARTESIAN_POINT('',(3.101173205184,-0.142681939595));
#13424 = CARTESIAN_POINT('',(3.102200225289,-0.166408048734));
#13425 = CARTESIAN_POINT('',(3.103229778533,-0.190118591148));
#13426 = CARTESIAN_POINT('',(3.104261873074,-0.213813492596));
#13427 = CARTESIAN_POINT('',(3.105296517088,-0.237492678581));
#13428 = CARTESIAN_POINT('',(3.106333718775,-0.261156074347));
#13429 = CARTESIAN_POINT('',(3.107373486358,-0.28480360488));
#13430 = CARTESIAN_POINT('',(3.108415828078,-0.308435194907));
#13431 = CARTESIAN_POINT('',(3.109460752202,-0.332050768892));
#13432 = CARTESIAN_POINT('',(3.110508267016,-0.355650251038));
#13433 = CARTESIAN_POINT('',(3.11155838083,-0.379233565282));
#13434 = CARTESIAN_POINT('',(3.112611101973,-0.402800635299));
#13435 = CARTESIAN_POINT('',(3.113666438798,-0.426351384495));
#13436 = CARTESIAN_POINT('',(3.114724399678,-0.449885736013));
#13437 = CARTESIAN_POINT('',(3.115784993009,-0.473403612717));
#13438 = CARTESIAN_POINT('',(3.116848227206,-0.496904937232));
#13439 = CARTESIAN_POINT('',(3.117558816211,-0.512561400281));
#13440 = CARTESIAN_POINT('',(3.117914553671,-0.520386847209));
#13441 = ( GEOMETRIC_REPRESENTATION_CONTEXT(2) 
PARAMETRIC_REPRESENTATION_CONTEXT() REPRESENTATION_CONTEXT('2D SPACE',''
  ) );
#13442 = ORIENTED_EDGE('',*,*,#13296,.T.);
#13443 = ORIENTED_EDGE('',*,*,#10461,.F.);
#13444 = ORIENTED_EDGE('',*,*,#12618,.F.);
#13445 = ORIENTED_EDGE('',*,*,#13446,.F.);
#13446 = EDGE_CURVE('',#10263,#12595,#13447,.T.);
#13447 = SURFACE_CURVE('',#13448,(#13453,#13461),.PCURVE_S1.);
#13448 = B_SPLINE_CURVE_WITH_KNOTS('',3,(#13449,#13450,#13451,#13452),
  .UNSPECIFIED.,.F.,.F.,(4,4),(0.,1.731100013421E-03),
  .PIECEWISE_BEZIER_KNOTS.);
#13449 = CARTESIAN_POINT('',(8.5,174.95348837209,70.107046551658));
#13450 = CARTESIAN_POINT('',(8.838216547886,175.29170491998,
    69.78421161744));
#13451 = CARTESIAN_POINT('',(9.171854909216,175.6322651209,
    69.459139616228));
#13452 = CARTESIAN_POINT('',(9.5,175.97563742223,69.131383404995));
#13453 = PCURVE('',#10278,#13454);
#13454 = DEFINITIONAL_REPRESENTATION('',(#13455),#13460);
#13455 = B_SPLINE_CURVE_WITH_KNOTS('',3,(#13456,#13457,#13458,#13459),
  .UNSPECIFIED.,.F.,.F.,(4,4),(0.,1.731100013421E-03),
  .PIECEWISE_BEZIER_KNOTS.);
#13456 = CARTESIAN_POINT('',(-8.5,-1.42108547152E-14));
#13457 = CARTESIAN_POINT('',(-8.838216547886,0.467560507331));
#13458 = CARTESIAN_POINT('',(-9.171854909216,0.938360949588));
#13459 = CARTESIAN_POINT('',(-9.5,1.413048922178));
#13460 = ( GEOMETRIC_REPRESENTATION_CONTEXT(2) 
PARAMETRIC_REPRESENTATION_CONTEXT() REPRESENTATION_CONTEXT('2D SPACE',''
  ) );
#13461 = PCURVE('',#10305,#13462);
#13462 = DEFINITIONAL_REPRESENTATION('',(#13463),#13489);
#13463 = B_SPLINE_CURVE_WITH_KNOTS('',3,(#13464,#13465,#13466,#13467,
    #13468,#13469,#13470,#13471,#13472,#13473,#13474,#13475,#13476,
    #13477,#13478,#13479,#13480,#13481,#13482,#13483,#13484,#13485,
    #13486,#13487,#13488),.UNSPECIFIED.,.F.,.F.,(4,1,1,1,1,1,1,1,1,1,1,1
    ,1,1,1,1,1,1,1,1,1,1,4),(0.,7.868636424643E-05,1.573727284929E-04,
    2.360590927393E-04,3.147454569857E-04,3.934318212321E-04,
    4.721181854786E-04,5.50804549725E-04,6.294909139714E-04,
    7.081772782178E-04,7.868636424643E-04,8.655500067107E-04,
    9.442363709571E-04,1.022922735204E-03,1.10160909945E-03,
    1.180295463696E-03,1.258981827943E-03,1.337668192189E-03,
    1.416354556436E-03,1.495040920682E-03,1.573727284929E-03,
    1.652413649175E-03,1.731100013421E-03),.QUASI_UNIFORM_KNOTS.);
#13464 = CARTESIAN_POINT('',(3.095064239324,-3.552713678801E-15));
#13465 = CARTESIAN_POINT('',(3.095716431141,-1.537347913617E-02));
#13466 = CARTESIAN_POINT('',(3.097023899229,-4.610146609033E-02));
#13467 = CARTESIAN_POINT('',(3.098994416006,-9.213605451514E-02));
#13468 = CARTESIAN_POINT('',(3.100974308563,-0.138112774364));
#13469 = CARTESIAN_POINT('',(3.102963638525,-0.184031143879));
#13470 = CARTESIAN_POINT('',(3.104962467844,-0.229890677852));
#13471 = CARTESIAN_POINT('',(3.106970858837,-0.275690887114));
#13472 = CARTESIAN_POINT('',(3.108988874176,-0.321431278624));
#13473 = CARTESIAN_POINT('',(3.111016576895,-0.367111355401));
#13474 = CARTESIAN_POINT('',(3.113054030379,-0.41273061649));
#13475 = CARTESIAN_POINT('',(3.115101298372,-0.458288556923));
#13476 = CARTESIAN_POINT('',(3.117158444975,-0.503784667686));
#13477 = CARTESIAN_POINT('',(3.119225534641,-0.549218435674));
#13478 = CARTESIAN_POINT('',(3.121302632178,-0.594589343654));
#13479 = CARTESIAN_POINT('',(3.123389802745,-0.639896870229));
#13480 = CARTESIAN_POINT('',(3.125487111856,-0.685140489794));
#13481 = CARTESIAN_POINT('',(3.127594625371,-0.7303196725));
#13482 = CARTESIAN_POINT('',(3.129712409501,-0.775433884212));
#13483 = CARTESIAN_POINT('',(3.131840530806,-0.820482586463));
#13484 = CARTESIAN_POINT('',(3.133979056189,-0.86546523645));
#13485 = CARTESIAN_POINT('',(3.136128052904,-0.910381286843));
#13486 = CARTESIAN_POINT('',(3.138287588517,-0.955230186314));
#13487 = CARTESIAN_POINT('',(3.139734350211,-0.985084313678));
#13488 = CARTESIAN_POINT('',(3.140459510196,-1.));
#13489 = ( GEOMETRIC_REPRESENTATION_CONTEXT(2) 
PARAMETRIC_REPRESENTATION_CONTEXT() REPRESENTATION_CONTEXT('2D SPACE',''
  ) );
#13490 = ADVANCED_FACE('',(#13491),#6013,.T.);
#13491 = FACE_BOUND('',#13492,.T.);
#13492 = EDGE_LOOP('',(#13493,#13494,#13495,#13516));
#13493 = ORIENTED_EDGE('',*,*,#13372,.T.);
#13494 = ORIENTED_EDGE('',*,*,#8200,.F.);
#13495 = ORIENTED_EDGE('',*,*,#13496,.F.);
#13496 = EDGE_CURVE('',#5998,#8173,#13497,.T.);
#13497 = SURFACE_CURVE('',#13498,(#13502,#13509),.PCURVE_S1.);
#13498 = LINE('',#13499,#13500);
#13499 = CARTESIAN_POINT('',(17.5,243.5,26.131397208143));
#13500 = VECTOR('',#13501,1.);
#13501 = DIRECTION('',(-4.364953035395E-16,0.707106781187,
    -0.707106781187));
#13502 = PCURVE('',#6013,#13503);
#13503 = DEFINITIONAL_REPRESENTATION('',(#13504),#13508);
#13504 = LINE('',#13505,#13506);
#13505 = CARTESIAN_POINT('',(-17.5,-6.040494597992E-16));
#13506 = VECTOR('',#13507,1.);
#13507 = DIRECTION('',(1.090341985197E-16,1.));
#13508 = ( GEOMETRIC_REPRESENTATION_CONTEXT(2) 
PARAMETRIC_REPRESENTATION_CONTEXT() REPRESENTATION_CONTEXT('2D SPACE',''
  ) );
#13509 = PCURVE('',#6042,#13510);
#13510 = DEFINITIONAL_REPRESENTATION('',(#13511),#13515);
#13511 = LINE('',#13512,#13513);
#13512 = CARTESIAN_POINT('',(1.570796326795,1.554312234475E-15));
#13513 = VECTOR('',#13514,1.);
#13514 = DIRECTION('',(0.,1.));
#13515 = ( GEOMETRIC_REPRESENTATION_CONTEXT(2) 
PARAMETRIC_REPRESENTATION_CONTEXT() REPRESENTATION_CONTEXT('2D SPACE',''
  ) );
#13516 = ORIENTED_EDGE('',*,*,#5997,.F.);
#13517 = ADVANCED_FACE('',(#13518),#10305,.T.);
#13518 = FACE_BOUND('',#13519,.T.);
#13519 = EDGE_LOOP('',(#13520,#13521,#13522,#13543));
#13520 = ORIENTED_EDGE('',*,*,#13446,.T.);
#13521 = ORIENTED_EDGE('',*,*,#12594,.F.);
#13522 = ORIENTED_EDGE('',*,*,#13523,.F.);
#13523 = EDGE_CURVE('',#8574,#12572,#13524,.T.);
#13524 = SURFACE_CURVE('',#13525,(#13529,#13536),.PCURVE_S1.);
#13525 = LINE('',#13526,#13527);
#13526 = CARTESIAN_POINT('',(8.5,176.,70.131397208143));
#13527 = VECTOR('',#13528,1.);
#13528 = DIRECTION('',(0.707106781187,-4.590003762049E-15,
    -0.707106781187));
#13529 = PCURVE('',#10305,#13530);
#13530 = DEFINITIONAL_REPRESENTATION('',(#13531),#13535);
#13531 = LINE('',#13532,#13533);
#13532 = CARTESIAN_POINT('',(3.14159265359,2.510140029726E-29));
#13533 = VECTOR('',#13534,1.);
#13534 = DIRECTION('',(0.,-1.));
#13535 = ( GEOMETRIC_REPRESENTATION_CONTEXT(2) 
PARAMETRIC_REPRESENTATION_CONTEXT() REPRESENTATION_CONTEXT('2D SPACE',''
  ) );
#13536 = PCURVE('',#8612,#13537);
#13537 = DEFINITIONAL_REPRESENTATION('',(#13538),#13542);
#13538 = LINE('',#13539,#13540);
#13539 = CARTESIAN_POINT('',(67.5,-5.024295867788E-15));
#13540 = VECTOR('',#13541,1.);
#13541 = DIRECTION('',(0.,1.));
#13542 = ( GEOMETRIC_REPRESENTATION_CONTEXT(2) 
PARAMETRIC_REPRESENTATION_CONTEXT() REPRESENTATION_CONTEXT('2D SPACE',''
  ) );
#13543 = ORIENTED_EDGE('',*,*,#10290,.F.);
#13544 = ADVANCED_FACE('',(#13545),#6042,.T.);
#13545 = FACE_BOUND('',#13546,.T.);
#13546 = EDGE_LOOP('',(#13547,#13548,#13549,#13570));
#13547 = ORIENTED_EDGE('',*,*,#13496,.T.);
#13548 = ORIENTED_EDGE('',*,*,#12828,.F.);
#13549 = ORIENTED_EDGE('',*,*,#13550,.F.);
#13550 = EDGE_CURVE('',#6026,#8393,#13551,.T.);
#13551 = SURFACE_CURVE('',#13552,(#13556,#13563),.PCURVE_S1.);
#13552 = LINE('',#13553,#13554);
#13553 = CARTESIAN_POINT('',(21.5,243.5,30.131397208143));
#13554 = VECTOR('',#13555,1.);
#13555 = DIRECTION('',(0.707106781187,0.707106781187,-5.026499065588E-15
    ));
#13556 = PCURVE('',#6042,#13557);
#13557 = DEFINITIONAL_REPRESENTATION('',(#13558),#13562);
#13558 = LINE('',#13559,#13560);
#13559 = CARTESIAN_POINT('',(0.,1.554312234475E-15));
#13560 = VECTOR('',#13561,1.);
#13561 = DIRECTION('',(0.,1.));
#13562 = ( GEOMETRIC_REPRESENTATION_CONTEXT(2) 
PARAMETRIC_REPRESENTATION_CONTEXT() REPRESENTATION_CONTEXT('2D SPACE',''
  ) );
#13563 = PCURVE('',#6068,#13564);
#13564 = DEFINITIONAL_REPRESENTATION('',(#13565),#13569);
#13565 = LINE('',#13566,#13567);
#13566 = CARTESIAN_POINT('',(17.5,0.));
#13567 = VECTOR('',#13568,1.);
#13568 = DIRECTION('',(0.,1.));
#13569 = ( GEOMETRIC_REPRESENTATION_CONTEXT(2) 
PARAMETRIC_REPRESENTATION_CONTEXT() REPRESENTATION_CONTEXT('2D SPACE',''
  ) );
#13570 = ORIENTED_EDGE('',*,*,#6025,.F.);
#13571 = ADVANCED_FACE('',(#13572),#8612,.T.);
#13572 = FACE_BOUND('',#13573,.T.);
#13573 = EDGE_LOOP('',(#13574,#13575,#13576,#13597));
#13574 = ORIENTED_EDGE('',*,*,#13523,.T.);
#13575 = ORIENTED_EDGE('',*,*,#12571,.F.);
#13576 = ORIENTED_EDGE('',*,*,#13577,.F.);
#13577 = EDGE_CURVE('',#8597,#12523,#13578,.T.);
#13578 = SURFACE_CURVE('',#13579,(#13583,#13590),.PCURVE_S1.);
#13579 = LINE('',#13580,#13581);
#13580 = CARTESIAN_POINT('',(18.783789559493,193.84547154576,
    59.84760764865));
#13581 = VECTOR('',#13582,1.);
#13582 = DIRECTION('',(0.678598344546,0.281084637715,-0.678598344546));
#13583 = PCURVE('',#8612,#13584);
#13584 = DEFINITIONAL_REPRESENTATION('',(#13585),#13589);
#13585 = LINE('',#13586,#13587);
#13586 = CARTESIAN_POINT('',(49.65452845424,14.543474667626));
#13587 = VECTOR('',#13588,1.);
#13588 = DIRECTION('',(-0.281084637715,0.959682982261));
#13589 = ( GEOMETRIC_REPRESENTATION_CONTEXT(2) 
PARAMETRIC_REPRESENTATION_CONTEXT() REPRESENTATION_CONTEXT('2D SPACE',''
  ) );
#13590 = PCURVE('',#8640,#13591);
#13591 = DEFINITIONAL_REPRESENTATION('',(#13592),#13596);
#13592 = LINE('',#13593,#13594);
#13593 = CARTESIAN_POINT('',(32.483296183815,14.543474667626));
#13594 = VECTOR('',#13595,1.);
#13595 = DIRECTION('',(0.281084637715,0.959682982261));
#13596 = ( GEOMETRIC_REPRESENTATION_CONTEXT(2) 
PARAMETRIC_REPRESENTATION_CONTEXT() REPRESENTATION_CONTEXT('2D SPACE',''
  ) );
#13597 = ORIENTED_EDGE('',*,*,#8596,.F.);
#13598 = ADVANCED_FACE('',(#13599),#6068,.T.);
#13599 = FACE_BOUND('',#13600,.T.);
#13600 = EDGE_LOOP('',(#13601,#13602,#13603,#13624));
#13601 = ORIENTED_EDGE('',*,*,#13550,.T.);
#13602 = ORIENTED_EDGE('',*,*,#8473,.F.);
#13603 = ORIENTED_EDGE('',*,*,#13604,.F.);
#13604 = EDGE_CURVE('',#5804,#8446,#13605,.T.);
#13605 = SURFACE_CURVE('',#13606,(#13610,#13617),.PCURVE_S1.);
#13606 = LINE('',#13607,#13608);
#13607 = CARTESIAN_POINT('',(21.5,243.5,65.131397208143));
#13608 = VECTOR('',#13609,1.);
#13609 = DIRECTION('',(0.707106781187,0.707106781187,-5.026499065588E-15
    ));
#13610 = PCURVE('',#6068,#13611);
#13611 = DEFINITIONAL_REPRESENTATION('',(#13612),#13616);
#13612 = LINE('',#13613,#13614);
#13613 = CARTESIAN_POINT('',(-17.5,-0.));
#13614 = VECTOR('',#13615,1.);
#13615 = DIRECTION('',(0.,1.));
#13616 = ( GEOMETRIC_REPRESENTATION_CONTEXT(2) 
PARAMETRIC_REPRESENTATION_CONTEXT() REPRESENTATION_CONTEXT('2D SPACE',''
  ) );
#13617 = PCURVE('',#5822,#13618);
#13618 = DEFINITIONAL_REPRESENTATION('',(#13619),#13623);
#13619 = LINE('',#13620,#13621);
#13620 = CARTESIAN_POINT('',(6.28318530718,1.554312234475E-15));
#13621 = VECTOR('',#13622,1.);
#13622 = DIRECTION('',(0.,1.));
#13623 = ( GEOMETRIC_REPRESENTATION_CONTEXT(2) 
PARAMETRIC_REPRESENTATION_CONTEXT() REPRESENTATION_CONTEXT('2D SPACE',''
  ) );
#13624 = ORIENTED_EDGE('',*,*,#6054,.F.);
#13625 = ADVANCED_FACE('',(#13626),#8640,.T.);
#13626 = FACE_BOUND('',#13627,.T.);
#13627 = EDGE_LOOP('',(#13628,#13629,#13630,#13651));
#13628 = ORIENTED_EDGE('',*,*,#13577,.T.);
#13629 = ORIENTED_EDGE('',*,*,#12522,.F.);
#13630 = ORIENTED_EDGE('',*,*,#13631,.F.);
#13631 = EDGE_CURVE('',#8625,#6269,#13632,.T.);
#13632 = SURFACE_CURVE('',#13633,(#13637,#13644),.PCURVE_S1.);
#13633 = LINE('',#13634,#13635);
#13634 = CARTESIAN_POINT('',(1.797345287628,209.43687294982,
    60.834051920515));
#13635 = VECTOR('',#13636,1.);
#13636 = DIRECTION('',(0.678598344546,0.281084637715,-0.678598344546));
#13637 = PCURVE('',#8640,#13638);
#13638 = DEFINITIONAL_REPRESENTATION('',(#13639),#13643);
#13639 = LINE('',#13640,#13641);
#13640 = CARTESIAN_POINT('',(9.447280589914,13.148431799829));
#13641 = VECTOR('',#13642,1.);
#13642 = DIRECTION('',(0.281084637715,0.959682982261));
#13643 = ( GEOMETRIC_REPRESENTATION_CONTEXT(2) 
PARAMETRIC_REPRESENTATION_CONTEXT() REPRESENTATION_CONTEXT('2D SPACE',''
  ) );
#13644 = PCURVE('',#6284,#13645);
#13645 = DEFINITIONAL_REPRESENTATION('',(#13646),#13650);
#13646 = LINE('',#13647,#13648);
#13647 = CARTESIAN_POINT('',(-40.06312705017,-11.73421823745));
#13648 = VECTOR('',#13649,1.);
#13649 = DIRECTION('',(0.281084637715,-0.959682982261));
#13650 = ( GEOMETRIC_REPRESENTATION_CONTEXT(2) 
PARAMETRIC_REPRESENTATION_CONTEXT() REPRESENTATION_CONTEXT('2D SPACE',''
  ) );
#13651 = ORIENTED_EDGE('',*,*,#8624,.F.);
#13652 = ADVANCED_FACE('',(#13653),#5822,.T.);
#13653 = FACE_BOUND('',#13654,.T.);
#13654 = EDGE_LOOP('',(#13655,#13656,#13657,#13678));
#13655 = ORIENTED_EDGE('',*,*,#13604,.T.);
#13656 = ORIENTED_EDGE('',*,*,#12877,.F.);
#13657 = ORIENTED_EDGE('',*,*,#13658,.F.);
#13658 = EDGE_CURVE('',#5806,#8498,#13659,.T.);
#13659 = SURFACE_CURVE('',#13660,(#13664,#13671),.PCURVE_S1.);
#13660 = LINE('',#13661,#13662);
#13661 = CARTESIAN_POINT('',(17.5,243.5,69.131397208143));
#13662 = VECTOR('',#13663,1.);
#13663 = DIRECTION('',(-4.757476150066E-16,0.707106781187,0.707106781187
    ));
#13664 = PCURVE('',#5822,#13665);
#13665 = DEFINITIONAL_REPRESENTATION('',(#13666),#13670);
#13666 = LINE('',#13667,#13668);
#13667 = CARTESIAN_POINT('',(4.712388980385,1.554312234475E-15));
#13668 = VECTOR('',#13669,1.);
#13669 = DIRECTION('',(0.,1.));
#13670 = ( GEOMETRIC_REPRESENTATION_CONTEXT(2) 
PARAMETRIC_REPRESENTATION_CONTEXT() REPRESENTATION_CONTEXT('2D SPACE',''
  ) );
#13671 = PCURVE('',#5850,#13672);
#13672 = DEFINITIONAL_REPRESENTATION('',(#13673),#13677);
#13673 = LINE('',#13674,#13675);
#13674 = CARTESIAN_POINT('',(17.5,1.836135903072E-15));
#13675 = VECTOR('',#13676,1.);
#13676 = DIRECTION('',(2.180683970394E-16,1.));
#13677 = ( GEOMETRIC_REPRESENTATION_CONTEXT(2) 
PARAMETRIC_REPRESENTATION_CONTEXT() REPRESENTATION_CONTEXT('2D SPACE',''
  ) );
#13678 = ORIENTED_EDGE('',*,*,#5803,.F.);
#13679 = ADVANCED_FACE('',(#13680),#6284,.T.);
#13680 = FACE_BOUND('',#13681,.T.);
#13681 = EDGE_LOOP('',(#13682,#13683,#13684,#13705));
#13682 = ORIENTED_EDGE('',*,*,#13631,.T.);
#13683 = ORIENTED_EDGE('',*,*,#6268,.F.);
#13684 = ORIENTED_EDGE('',*,*,#13685,.F.);
#13685 = EDGE_CURVE('',#8653,#6236,#13686,.T.);
#13686 = SURFACE_CURVE('',#13687,(#13691,#13698),.PCURVE_S1.);
#13687 = LINE('',#13688,#13689);
#13688 = CARTESIAN_POINT('',(-0.767766952966,211.12563132923,
    63.399164161109));
#13689 = VECTOR('',#13690,1.);
#13690 = DIRECTION('',(0.678598344546,-0.281084637715,-0.678598344546));
#13691 = PCURVE('',#6284,#13692);
#13692 = DEFINITIONAL_REPRESENTATION('',(#13693),#13697);
#13693 = LINE('',#13694,#13695);
#13694 = CARTESIAN_POINT('',(-38.37436867076,-8.106601717798));
#13695 = VECTOR('',#13696,1.);
#13696 = DIRECTION('',(-0.281084637715,-0.959682982261));
#13697 = ( GEOMETRIC_REPRESENTATION_CONTEXT(2) 
PARAMETRIC_REPRESENTATION_CONTEXT() REPRESENTATION_CONTEXT('2D SPACE',''
  ) );
#13698 = PCURVE('',#8691,#13699);
#13699 = DEFINITIONAL_REPRESENTATION('',(#13700),#13704);
#13700 = LINE('',#13701,#13702);
#13701 = CARTESIAN_POINT('',(27.677669529664,-8.106601717798));
#13702 = VECTOR('',#13703,1.);
#13703 = DIRECTION('',(-0.281084637715,-0.959682982261));
#13704 = ( GEOMETRIC_REPRESENTATION_CONTEXT(2) 
PARAMETRIC_REPRESENTATION_CONTEXT() REPRESENTATION_CONTEXT('2D SPACE',''
  ) );
#13705 = ORIENTED_EDGE('',*,*,#8652,.F.);
#13706 = ADVANCED_FACE('',(#13707),#5850,.T.);
#13707 = FACE_BOUND('',#13708,.T.);
#13708 = EDGE_LOOP('',(#13709,#13710,#13711,#13732));
#13709 = ORIENTED_EDGE('',*,*,#13658,.T.);
#13710 = ORIENTED_EDGE('',*,*,#8731,.F.);
#13711 = ORIENTED_EDGE('',*,*,#13712,.F.);
#13712 = EDGE_CURVE('',#5835,#8704,#13713,.T.);
#13713 = SURFACE_CURVE('',#13714,(#13718,#13725),.PCURVE_S1.);
#13714 = LINE('',#13715,#13716);
#13715 = CARTESIAN_POINT('',(7.5,245.5,71.131397208143));
#13716 = VECTOR('',#13717,1.);
#13717 = DIRECTION('',(-0.57735026919,0.57735026919,0.57735026919));
#13718 = PCURVE('',#5850,#13719);
#13719 = DEFINITIONAL_REPRESENTATION('',(#13720),#13724);
#13720 = LINE('',#13721,#13722);
#13721 = CARTESIAN_POINT('',(7.5,2.828427124746));
#13722 = VECTOR('',#13723,1.);
#13723 = DIRECTION('',(-0.57735026919,0.816496580928));
#13724 = ( GEOMETRIC_REPRESENTATION_CONTEXT(2) 
PARAMETRIC_REPRESENTATION_CONTEXT() REPRESENTATION_CONTEXT('2D SPACE',''
  ) );
#13725 = PCURVE('',#8719,#13726);
#13726 = DEFINITIONAL_REPRESENTATION('',(#13727),#13731);
#13727 = LINE('',#13728,#13729);
#13728 = CARTESIAN_POINT('',(4.,2.828427124746));
#13729 = VECTOR('',#13730,1.);
#13730 = DIRECTION('',(-0.57735026919,0.816496580928));
#13731 = ( GEOMETRIC_REPRESENTATION_CONTEXT(2) 
PARAMETRIC_REPRESENTATION_CONTEXT() REPRESENTATION_CONTEXT('2D SPACE',''
  ) );
#13732 = ORIENTED_EDGE('',*,*,#5834,.F.);
#13733 = ADVANCED_FACE('',(#13734),#8691,.F.);
#13734 = FACE_BOUND('',#13735,.T.);
#13735 = EDGE_LOOP('',(#13736,#13737,#13738,#13759));
#13736 = ORIENTED_EDGE('',*,*,#13685,.T.);
#13737 = ORIENTED_EDGE('',*,*,#12419,.F.);
#13738 = ORIENTED_EDGE('',*,*,#13739,.F.);
#13739 = EDGE_CURVE('',#8676,#12371,#13740,.T.);
#13740 = SURFACE_CURVE('',#13741,(#13745,#13752),.PCURVE_S1.);
#13741 = LINE('',#13742,#13743);
#13742 = CARTESIAN_POINT('',(10.916198752796,228.91339126957,
    67.715198455346));
#13743 = VECTOR('',#13744,1.);
#13744 = DIRECTION('',(0.678598344546,-0.281084637715,-0.678598344546));
#13745 = PCURVE('',#8691,#13746);
#13746 = DEFINITIONAL_REPRESENTATION('',(#13747),#13751);
#13747 = LINE('',#13748,#13749);
#13748 = CARTESIAN_POINT('',(6.838012472035,-2.002807483221));
#13749 = VECTOR('',#13750,1.);
#13750 = DIRECTION('',(-0.281084637715,-0.959682982261));
#13751 = ( GEOMETRIC_REPRESENTATION_CONTEXT(2) 
PARAMETRIC_REPRESENTATION_CONTEXT() REPRESENTATION_CONTEXT('2D SPACE',''
  ) );
#13752 = PCURVE('',#8719,#13753);
#13753 = DEFINITIONAL_REPRESENTATION('',(#13754),#13758);
#13754 = LINE('',#13755,#13756);
#13755 = CARTESIAN_POINT('',(20.586608730424,-2.002807483221));
#13756 = VECTOR('',#13757,1.);
#13757 = DIRECTION('',(0.281084637715,-0.959682982261));
#13758 = ( GEOMETRIC_REPRESENTATION_CONTEXT(2) 
PARAMETRIC_REPRESENTATION_CONTEXT() REPRESENTATION_CONTEXT('2D SPACE',''
  ) );
#13759 = ORIENTED_EDGE('',*,*,#8675,.F.);
#13760 = ADVANCED_FACE('',(#13761),#8719,.F.);
#13761 = FACE_BOUND('',#13762,.T.);
#13762 = EDGE_LOOP('',(#13763,#13764,#13765,#13766));
#13763 = ORIENTED_EDGE('',*,*,#13712,.T.);
#13764 = ORIENTED_EDGE('',*,*,#8703,.F.);
#13765 = ORIENTED_EDGE('',*,*,#13739,.T.);
#13766 = ORIENTED_EDGE('',*,*,#12370,.F.);
#13767 = ADVANCED_FACE('',(#13768,#13793,#13818),#73,.T.);
#13768 = FACE_BOUND('',#13769,.T.);
#13769 = EDGE_LOOP('',(#13770,#13792));
#13770 = ORIENTED_EDGE('',*,*,#13771,.F.);
#13771 = EDGE_CURVE('',#24,#57,#13772,.T.);
#13772 = SURFACE_CURVE('',#13773,(#13778,#13785),.PCURVE_S1.);
#13773 = CIRCLE('',#13774,1.350000000006);
#13774 = AXIS2_PLACEMENT_3D('',#13775,#13776,#13777);
#13775 = CARTESIAN_POINT('',(-4.750000000003,255.,31.481397208143));
#13776 = DIRECTION('',(2.775557561563E-17,-7.136298725426E-15,-1.));
#13777 = DIRECTION('',(1.,6.450531537933E-16,2.775557561562E-17));
#13778 = PCURVE('',#73,#13779);
#13779 = DEFINITIONAL_REPRESENTATION('',(#13780),#13784);
#13780 = CIRCLE('',#13781,1.350000000006);
#13781 = AXIS2_PLACEMENT_2D('',#13782,#13783);
#13782 = CARTESIAN_POINT('',(-4.750000000003,4.499999999992));
#13783 = DIRECTION('',(1.,0.));
#13784 = ( GEOMETRIC_REPRESENTATION_CONTEXT(2) 
PARAMETRIC_REPRESENTATION_CONTEXT() REPRESENTATION_CONTEXT('2D SPACE',''
  ) );
#13785 = PCURVE('',#44,#13786);
#13786 = DEFINITIONAL_REPRESENTATION('',(#13787),#13791);
#13787 = LINE('',#13788,#13789);
#13788 = CARTESIAN_POINT('',(0.,5.));
#13789 = VECTOR('',#13790,1.);
#13790 = DIRECTION('',(1.,0.));
#13791 = ( GEOMETRIC_REPRESENTATION_CONTEXT(2) 
PARAMETRIC_REPRESENTATION_CONTEXT() REPRESENTATION_CONTEXT('2D SPACE',''
  ) );
#13792 = ORIENTED_EDGE('',*,*,#56,.F.);
#13793 = FACE_BOUND('',#13794,.T.);
#13794 = EDGE_LOOP('',(#13795,#13817));
#13795 = ORIENTED_EDGE('',*,*,#13796,.F.);
#13796 = EDGE_CURVE('',#247,#280,#13797,.T.);
#13797 = SURFACE_CURVE('',#13798,(#13803,#13810),.PCURVE_S1.);
#13798 = CIRCLE('',#13799,1.350000000006);
#13799 = AXIS2_PLACEMENT_3D('',#13800,#13801,#13802);
#13800 = CARTESIAN_POINT('',(4.749999999997,255.,31.481397208143));
#13801 = DIRECTION('',(2.775557561563E-17,-7.136298725426E-15,-1.));
#13802 = DIRECTION('',(1.,6.450531537933E-16,2.775557561562E-17));
#13803 = PCURVE('',#73,#13804);
#13804 = DEFINITIONAL_REPRESENTATION('',(#13805),#13809);
#13805 = CIRCLE('',#13806,1.350000000006);
#13806 = AXIS2_PLACEMENT_2D('',#13807,#13808);
#13807 = CARTESIAN_POINT('',(4.749999999997,4.499999999992));
#13808 = DIRECTION('',(1.,0.));
#13809 = ( GEOMETRIC_REPRESENTATION_CONTEXT(2) 
PARAMETRIC_REPRESENTATION_CONTEXT() REPRESENTATION_CONTEXT('2D SPACE',''
  ) );
#13810 = PCURVE('',#267,#13811);
#13811 = DEFINITIONAL_REPRESENTATION('',(#13812),#13816);
#13812 = LINE('',#13813,#13814);
#13813 = CARTESIAN_POINT('',(0.,5.));
#13814 = VECTOR('',#13815,1.);
#13815 = DIRECTION('',(1.,0.));
#13816 = ( GEOMETRIC_REPRESENTATION_CONTEXT(2) 
PARAMETRIC_REPRESENTATION_CONTEXT() REPRESENTATION_CONTEXT('2D SPACE',''
  ) );
#13817 = ORIENTED_EDGE('',*,*,#279,.F.);
#13818 = FACE_BOUND('',#13819,.T.);
#13819 = EDGE_LOOP('',(#13820,#13821,#13844,#13865));
#13820 = ORIENTED_EDGE('',*,*,#5284,.F.);
#13821 = ORIENTED_EDGE('',*,*,#13822,.F.);
#13822 = EDGE_CURVE('',#13823,#5257,#13825,.T.);
#13823 = VERTEX_POINT('',#13824);
#13824 = CARTESIAN_POINT('',(-8.28251169634,259.5,31.481397208142));
#13825 = SURFACE_CURVE('',#13826,(#13830,#13837),.PCURVE_S1.);
#13826 = LINE('',#13827,#13828);
#13827 = CARTESIAN_POINT('',(-8.28251169634,259.5,31.481397208142));
#13828 = VECTOR('',#13829,1.);
#13829 = DIRECTION('',(6.450531537933E-16,-1.,7.136298725426E-15));
#13830 = PCURVE('',#73,#13831);
#13831 = DEFINITIONAL_REPRESENTATION('',(#13832),#13836);
#13832 = LINE('',#13833,#13834);
#13833 = CARTESIAN_POINT('',(-8.282511696339,0.));
#13834 = VECTOR('',#13835,1.);
#13835 = DIRECTION('',(0.,1.));
#13836 = ( GEOMETRIC_REPRESENTATION_CONTEXT(2) 
PARAMETRIC_REPRESENTATION_CONTEXT() REPRESENTATION_CONTEXT('2D SPACE',''
  ) );
#13837 = PCURVE('',#667,#13838);
#13838 = DEFINITIONAL_REPRESENTATION('',(#13839),#13843);
#13839 = LINE('',#13840,#13841);
#13840 = CARTESIAN_POINT('',(1.096922418142,0.));
#13841 = VECTOR('',#13842,1.);
#13842 = DIRECTION('',(0.,1.));
#13843 = ( GEOMETRIC_REPRESENTATION_CONTEXT(2) 
PARAMETRIC_REPRESENTATION_CONTEXT() REPRESENTATION_CONTEXT('2D SPACE',''
  ) );
#13844 = ORIENTED_EDGE('',*,*,#13845,.T.);
#13845 = EDGE_CURVE('',#13823,#508,#13846,.T.);
#13846 = SURFACE_CURVE('',#13847,(#13851,#13858),.PCURVE_S1.);
#13847 = LINE('',#13848,#13849);
#13848 = CARTESIAN_POINT('',(-7.572121847349E-14,259.5,31.481397208142)
  );
#13849 = VECTOR('',#13850,1.);
#13850 = DIRECTION('',(1.,6.450531537933E-16,2.775557561562E-17));
#13851 = PCURVE('',#73,#13852);
#13852 = DEFINITIONAL_REPRESENTATION('',(#13853),#13857);
#13853 = LINE('',#13854,#13855);
#13854 = CARTESIAN_POINT('',(0.,0.));
#13855 = VECTOR('',#13856,1.);
#13856 = DIRECTION('',(1.,0.));
#13857 = ( GEOMETRIC_REPRESENTATION_CONTEXT(2) 
PARAMETRIC_REPRESENTATION_CONTEXT() REPRESENTATION_CONTEXT('2D SPACE',''
  ) );
#13858 = PCURVE('',#529,#13859);
#13859 = DEFINITIONAL_REPRESENTATION('',(#13860),#13864);
#13860 = LINE('',#13861,#13862);
#13861 = CARTESIAN_POINT('',(0.,16.15));
#13862 = VECTOR('',#13863,1.);
#13863 = DIRECTION('',(1.,0.));
#13864 = ( GEOMETRIC_REPRESENTATION_CONTEXT(2) 
PARAMETRIC_REPRESENTATION_CONTEXT() REPRESENTATION_CONTEXT('2D SPACE',''
  ) );
#13865 = ORIENTED_EDGE('',*,*,#602,.T.);
#13866 = ADVANCED_FACE('',(#13867),#667,.T.);
#13867 = FACE_BOUND('',#13868,.T.);
#13868 = EDGE_LOOP('',(#13869,#13870,#13892,#13893));
#13869 = ORIENTED_EDGE('',*,*,#651,.F.);
#13870 = ORIENTED_EDGE('',*,*,#13871,.F.);
#13871 = EDGE_CURVE('',#13823,#628,#13872,.T.);
#13872 = SURFACE_CURVE('',#13873,(#13878,#13885),.PCURVE_S1.);
#13873 = CIRCLE('',#13874,18.15);
#13874 = AXIS2_PLACEMENT_3D('',#13875,#13876,#13877);
#13875 = CARTESIAN_POINT('',(-7.616947101968E-14,259.5,47.631397208142)
  );
#13876 = DIRECTION('',(-6.450531537933E-16,1.,-7.136298725426E-15));
#13877 = DIRECTION('',(1.,6.450531537933E-16,2.775557561562E-17));
#13878 = PCURVE('',#667,#13879);
#13879 = DEFINITIONAL_REPRESENTATION('',(#13880),#13884);
#13880 = LINE('',#13881,#13882);
#13881 = CARTESIAN_POINT('',(3.14159265359,0.));
#13882 = VECTOR('',#13883,1.);
#13883 = DIRECTION('',(-1.,0.));
#13884 = ( GEOMETRIC_REPRESENTATION_CONTEXT(2) 
PARAMETRIC_REPRESENTATION_CONTEXT() REPRESENTATION_CONTEXT('2D SPACE',''
  ) );
#13885 = PCURVE('',#529,#13886);
#13886 = DEFINITIONAL_REPRESENTATION('',(#13887),#13891);
#13887 = CIRCLE('',#13888,18.15);
#13888 = AXIS2_PLACEMENT_2D('',#13889,#13890);
#13889 = CARTESIAN_POINT('',(0.,0.));
#13890 = DIRECTION('',(1.,0.));
#13891 = ( GEOMETRIC_REPRESENTATION_CONTEXT(2) 
PARAMETRIC_REPRESENTATION_CONTEXT() REPRESENTATION_CONTEXT('2D SPACE',''
  ) );
#13892 = ORIENTED_EDGE('',*,*,#13822,.T.);
#13893 = ORIENTED_EDGE('',*,*,#5256,.T.);
#13894 = ADVANCED_FACE('',(#13895,#13899),#529,.T.);
#13895 = FACE_BOUND('',#13896,.T.);
#13896 = EDGE_LOOP('',(#13897,#13898));
#13897 = ORIENTED_EDGE('',*,*,#2910,.T.);
#13898 = ORIENTED_EDGE('',*,*,#8928,.T.);
#13899 = FACE_BOUND('',#13900,.T.);
#13900 = EDGE_LOOP('',(#13901,#13902,#13903,#13904));
#13901 = ORIENTED_EDGE('',*,*,#13845,.F.);
#13902 = ORIENTED_EDGE('',*,*,#13871,.T.);
#13903 = ORIENTED_EDGE('',*,*,#627,.T.);
#13904 = ORIENTED_EDGE('',*,*,#505,.T.);
#13905 = ADVANCED_FACE('',(#13906),#5582,.T.);
#13906 = FACE_BOUND('',#13907,.T.);
#13907 = EDGE_LOOP('',(#13908,#13909,#13932,#13955));
#13908 = ORIENTED_EDGE('',*,*,#5568,.T.);
#13909 = ORIENTED_EDGE('',*,*,#13910,.F.);
#13910 = EDGE_CURVE('',#13911,#5541,#13913,.T.);
#13911 = VERTEX_POINT('',#13912);
#13912 = CARTESIAN_POINT('',(9.3,248.6,30.131397208143));
#13913 = SURFACE_CURVE('',#13914,(#13918,#13925),.PCURVE_S1.);
#13914 = LINE('',#13915,#13916);
#13915 = CARTESIAN_POINT('',(9.3,249.5,30.131397208143));
#13916 = VECTOR('',#13917,1.);
#13917 = DIRECTION('',(-6.450531537933E-16,1.,-7.136298725426E-15));
#13918 = PCURVE('',#5582,#13919);
#13919 = DEFINITIONAL_REPRESENTATION('',(#13920),#13924);
#13920 = LINE('',#13921,#13922);
#13921 = CARTESIAN_POINT('',(9.3,0.));
#13922 = VECTOR('',#13923,1.);
#13923 = DIRECTION('',(-0.,-1.));
#13924 = ( GEOMETRIC_REPRESENTATION_CONTEXT(2) 
PARAMETRIC_REPRESENTATION_CONTEXT() REPRESENTATION_CONTEXT('2D SPACE',''
  ) );
#13925 = PCURVE('',#5556,#13926);
#13926 = DEFINITIONAL_REPRESENTATION('',(#13927),#13931);
#13927 = LINE('',#13928,#13929);
#13928 = CARTESIAN_POINT('',(0.,0.));
#13929 = VECTOR('',#13930,1.);
#13930 = DIRECTION('',(0.,-1.));
#13931 = ( GEOMETRIC_REPRESENTATION_CONTEXT(2) 
PARAMETRIC_REPRESENTATION_CONTEXT() REPRESENTATION_CONTEXT('2D SPACE',''
  ) );
#13932 = ORIENTED_EDGE('',*,*,#13933,.F.);
#13933 = EDGE_CURVE('',#13934,#13911,#13936,.T.);
#13934 = VERTEX_POINT('',#13935);
#13935 = CARTESIAN_POINT('',(-9.3,248.6,30.131397208143));
#13936 = SURFACE_CURVE('',#13937,(#13941,#13948),.PCURVE_S1.);
#13937 = LINE('',#13938,#13939);
#13938 = CARTESIAN_POINT('',(-6.594325942395E-14,248.6,30.131397208143)
  );
#13939 = VECTOR('',#13940,1.);
#13940 = DIRECTION('',(1.,6.450531537933E-16,1.824399248449E-16));
#13941 = PCURVE('',#5582,#13942);
#13942 = DEFINITIONAL_REPRESENTATION('',(#13943),#13947);
#13943 = LINE('',#13944,#13945);
#13944 = CARTESIAN_POINT('',(0.,0.9));
#13945 = VECTOR('',#13946,1.);
#13946 = DIRECTION('',(1.,0.));
#13947 = ( GEOMETRIC_REPRESENTATION_CONTEXT(2) 
PARAMETRIC_REPRESENTATION_CONTEXT() REPRESENTATION_CONTEXT('2D SPACE',''
  ) );
#13948 = PCURVE('',#5637,#13949);
#13949 = DEFINITIONAL_REPRESENTATION('',(#13950),#13954);
#13950 = LINE('',#13951,#13952);
#13951 = CARTESIAN_POINT('',(0.,0.));
#13952 = VECTOR('',#13953,1.);
#13953 = DIRECTION('',(1.,-1.546843492293E-16));
#13954 = ( GEOMETRIC_REPRESENTATION_CONTEXT(2) 
PARAMETRIC_REPRESENTATION_CONTEXT() REPRESENTATION_CONTEXT('2D SPACE',''
  ) );
#13955 = ORIENTED_EDGE('',*,*,#13956,.F.);
#13956 = EDGE_CURVE('',#5312,#13934,#13957,.T.);
#13957 = SURFACE_CURVE('',#13958,(#13962,#13969),.PCURVE_S1.);
#13958 = LINE('',#13959,#13960);
#13959 = CARTESIAN_POINT('',(-9.3,249.5,30.131397208143));
#13960 = VECTOR('',#13961,1.);
#13961 = DIRECTION('',(6.450531537933E-16,-1.,7.136298725426E-15));
#13962 = PCURVE('',#5582,#13963);
#13963 = DEFINITIONAL_REPRESENTATION('',(#13964),#13968);
#13964 = LINE('',#13965,#13966);
#13965 = CARTESIAN_POINT('',(-9.3,0.));
#13966 = VECTOR('',#13967,1.);
#13967 = DIRECTION('',(0.,1.));
#13968 = ( GEOMETRIC_REPRESENTATION_CONTEXT(2) 
PARAMETRIC_REPRESENTATION_CONTEXT() REPRESENTATION_CONTEXT('2D SPACE',''
  ) );
#13969 = PCURVE('',#5327,#13970);
#13970 = DEFINITIONAL_REPRESENTATION('',(#13971),#13975);
#13971 = LINE('',#13972,#13973);
#13972 = CARTESIAN_POINT('',(0.,0.));
#13973 = VECTOR('',#13974,1.);
#13974 = DIRECTION('',(0.,1.));
#13975 = ( GEOMETRIC_REPRESENTATION_CONTEXT(2) 
PARAMETRIC_REPRESENTATION_CONTEXT() REPRESENTATION_CONTEXT('2D SPACE',''
  ) );
#13976 = ADVANCED_FACE('',(#13977),#5327,.T.);
#13977 = FACE_BOUND('',#13978,.T.);
#13978 = EDGE_LOOP('',(#13979,#13980,#13981,#14002));
#13979 = ORIENTED_EDGE('',*,*,#5309,.T.);
#13980 = ORIENTED_EDGE('',*,*,#13956,.T.);
#13981 = ORIENTED_EDGE('',*,*,#13982,.T.);
#13982 = EDGE_CURVE('',#13934,#5599,#13983,.T.);
#13983 = SURFACE_CURVE('',#13984,(#13988,#13995),.PCURVE_S1.);
#13984 = LINE('',#13985,#13986);
#13985 = CARTESIAN_POINT('',(-9.3,248.6,30.131397208143));
#13986 = VECTOR('',#13987,1.);
#13987 = DIRECTION('',(1.819532179247E-16,-7.136298725426E-15,-1.));
#13988 = PCURVE('',#5327,#13989);
#13989 = DEFINITIONAL_REPRESENTATION('',(#13990),#13994);
#13990 = LINE('',#13991,#13992);
#13991 = CARTESIAN_POINT('',(0.,0.9));
#13992 = VECTOR('',#13993,1.);
#13993 = DIRECTION('',(-1.,0.));
#13994 = ( GEOMETRIC_REPRESENTATION_CONTEXT(2) 
PARAMETRIC_REPRESENTATION_CONTEXT() REPRESENTATION_CONTEXT('2D SPACE',''
  ) );
#13995 = PCURVE('',#5637,#13996);
#13996 = DEFINITIONAL_REPRESENTATION('',(#13997),#14001);
#13997 = LINE('',#13998,#13999);
#13998 = CARTESIAN_POINT('',(-9.3,0.));
#13999 = VECTOR('',#14000,1.);
#14000 = DIRECTION('',(1.54197642309E-16,1.));
#14001 = ( GEOMETRIC_REPRESENTATION_CONTEXT(2) 
PARAMETRIC_REPRESENTATION_CONTEXT() REPRESENTATION_CONTEXT('2D SPACE',''
  ) );
#14002 = ORIENTED_EDGE('',*,*,#5598,.F.);
#14003 = ADVANCED_FACE('',(#14004),#5556,.T.);
#14004 = FACE_BOUND('',#14005,.T.);
#14005 = EDGE_LOOP('',(#14006,#14007,#14008,#14029));
#14006 = ORIENTED_EDGE('',*,*,#5540,.T.);
#14007 = ORIENTED_EDGE('',*,*,#5649,.F.);
#14008 = ORIENTED_EDGE('',*,*,#14009,.F.);
#14009 = EDGE_CURVE('',#13911,#5622,#14010,.T.);
#14010 = SURFACE_CURVE('',#14011,(#14015,#14022),.PCURVE_S1.);
#14011 = LINE('',#14012,#14013);
#14012 = CARTESIAN_POINT('',(9.3,248.6,30.131397208143));
#14013 = VECTOR('',#14014,1.);
#14014 = DIRECTION('',(1.819532179247E-16,-7.136298725426E-15,-1.));
#14015 = PCURVE('',#5556,#14016);
#14016 = DEFINITIONAL_REPRESENTATION('',(#14017),#14021);
#14017 = LINE('',#14018,#14019);
#14018 = CARTESIAN_POINT('',(0.,0.9));
#14019 = VECTOR('',#14020,1.);
#14020 = DIRECTION('',(1.,-0.));
#14021 = ( GEOMETRIC_REPRESENTATION_CONTEXT(2) 
PARAMETRIC_REPRESENTATION_CONTEXT() REPRESENTATION_CONTEXT('2D SPACE',''
  ) );
#14022 = PCURVE('',#5637,#14023);
#14023 = DEFINITIONAL_REPRESENTATION('',(#14024),#14028);
#14024 = LINE('',#14025,#14026);
#14025 = CARTESIAN_POINT('',(9.3,0.));
#14026 = VECTOR('',#14027,1.);
#14027 = DIRECTION('',(1.54197642309E-16,1.));
#14028 = ( GEOMETRIC_REPRESENTATION_CONTEXT(2) 
PARAMETRIC_REPRESENTATION_CONTEXT() REPRESENTATION_CONTEXT('2D SPACE',''
  ) );
#14029 = ORIENTED_EDGE('',*,*,#13910,.T.);
#14030 = ADVANCED_FACE('',(#14031),#5637,.T.);
#14031 = FACE_BOUND('',#14032,.T.);
#14032 = EDGE_LOOP('',(#14033,#14034,#14035,#14036));
#14033 = ORIENTED_EDGE('',*,*,#13982,.F.);
#14034 = ORIENTED_EDGE('',*,*,#13933,.T.);
#14035 = ORIENTED_EDGE('',*,*,#14009,.T.);
#14036 = ORIENTED_EDGE('',*,*,#5621,.F.);
#14037 = ADVANCED_FACE('',(#14038),#267,.F.);
#14038 = FACE_BOUND('',#14039,.F.);
#14039 = EDGE_LOOP('',(#14040,#14041,#14042,#14043));
#14040 = ORIENTED_EDGE('',*,*,#13796,.F.);
#14041 = ORIENTED_EDGE('',*,*,#244,.F.);
#14042 = ORIENTED_EDGE('',*,*,#9114,.T.);
#14043 = ORIENTED_EDGE('',*,*,#303,.T.);
#14044 = ADVANCED_FACE('',(#14045),#44,.F.);
#14045 = FACE_BOUND('',#14046,.F.);
#14046 = EDGE_LOOP('',(#14047,#14048,#14049,#14050));
#14047 = ORIENTED_EDGE('',*,*,#13771,.F.);
#14048 = ORIENTED_EDGE('',*,*,#21,.F.);
#14049 = ORIENTED_EDGE('',*,*,#8981,.T.);
#14050 = ORIENTED_EDGE('',*,*,#85,.T.);
#14051 = ADVANCED_FACE('',(#14052),#11282,.T.);
#14052 = FACE_BOUND('',#14053,.T.);
#14053 = EDGE_LOOP('',(#14054,#14084,#14105,#14106,#14130));
#14054 = ORIENTED_EDGE('',*,*,#14055,.T.);
#14055 = EDGE_CURVE('',#14056,#14058,#14060,.T.);
#14056 = VERTEX_POINT('',#14057);
#14057 = CARTESIAN_POINT('',(27.4,171.91,68.756539015598));
#14058 = VERTEX_POINT('',#14059);
#14059 = CARTESIAN_POINT('',(27.4,171.91,65.730669264782));
#14060 = SURFACE_CURVE('',#14061,(#14065,#14072),.PCURVE_S1.);
#14061 = LINE('',#14062,#14063);
#14062 = CARTESIAN_POINT('',(27.4,171.91,47.631397208143));
#14063 = VECTOR('',#14064,1.);
#14064 = DIRECTION('',(2.775557561563E-17,-7.136298725426E-15,-1.));
#14065 = PCURVE('',#11282,#14066);
#14066 = DEFINITIONAL_REPRESENTATION('',(#14067),#14071);
#14067 = LINE('',#14068,#14069);
#14068 = CARTESIAN_POINT('',(-3.,0.));
#14069 = VECTOR('',#14070,1.);
#14070 = DIRECTION('',(0.,1.));
#14071 = ( GEOMETRIC_REPRESENTATION_CONTEXT(2) 
PARAMETRIC_REPRESENTATION_CONTEXT() REPRESENTATION_CONTEXT('2D SPACE',''
  ) );
#14072 = PCURVE('',#14073,#14078);
#14073 = CYLINDRICAL_SURFACE('',#14074,3.);
#14074 = AXIS2_PLACEMENT_3D('',#14075,#14076,#14077);
#14075 = CARTESIAN_POINT('',(27.4,168.91,47.631397208143));
#14076 = DIRECTION('',(2.775557561563E-17,-7.136298725426E-15,-1.));
#14077 = DIRECTION('',(1.,6.450531537933E-16,2.775557561562E-17));
#14078 = DEFINITIONAL_REPRESENTATION('',(#14079),#14083);
#14079 = LINE('',#14080,#14081);
#14080 = CARTESIAN_POINT('',(4.712388980385,0.));
#14081 = VECTOR('',#14082,1.);
#14082 = DIRECTION('',(0.,1.));
#14083 = ( GEOMETRIC_REPRESENTATION_CONTEXT(2) 
PARAMETRIC_REPRESENTATION_CONTEXT() REPRESENTATION_CONTEXT('2D SPACE',''
  ) );
#14084 = ORIENTED_EDGE('',*,*,#14085,.T.);
#14085 = EDGE_CURVE('',#14058,#11267,#14086,.T.);
#14086 = SURFACE_CURVE('',#14087,(#14091,#14098),.PCURVE_S1.);
#14087 = LINE('',#14088,#14089);
#14088 = CARTESIAN_POINT('',(30.4,171.91,65.730669264782));
#14089 = VECTOR('',#14090,1.);
#14090 = DIRECTION('',(-1.,-6.450531537933E-16,-8.213544036579E-16));
#14091 = PCURVE('',#11282,#14092);
#14092 = DEFINITIONAL_REPRESENTATION('',(#14093),#14097);
#14093 = LINE('',#14094,#14095);
#14094 = CARTESIAN_POINT('',(-1.42108547152E-14,-18.09927205663));
#14095 = VECTOR('',#14096,1.);
#14096 = DIRECTION('',(-1.,7.935988280423E-16));
#14097 = ( GEOMETRIC_REPRESENTATION_CONTEXT(2) 
PARAMETRIC_REPRESENTATION_CONTEXT() REPRESENTATION_CONTEXT('2D SPACE',''
  ) );
#14098 = PCURVE('',#11014,#14099);
#14099 = DEFINITIONAL_REPRESENTATION('',(#14100),#14104);
#14100 = LINE('',#14101,#14102);
#14101 = CARTESIAN_POINT('',(42.411529493745,-2.578793118658E-15));
#14102 = VECTOR('',#14103,1.);
#14103 = DIRECTION('',(1.,5.760461950374E-16));
#14104 = ( GEOMETRIC_REPRESENTATION_CONTEXT(2) 
PARAMETRIC_REPRESENTATION_CONTEXT() REPRESENTATION_CONTEXT('2D SPACE',''
  ) );
#14105 = ORIENTED_EDGE('',*,*,#11266,.F.);
#14106 = ORIENTED_EDGE('',*,*,#14107,.T.);
#14107 = EDGE_CURVE('',#11239,#14108,#14110,.T.);
#14108 = VERTEX_POINT('',#14109);
#14109 = CARTESIAN_POINT('',(22.482571799002,171.91,68.756539015598));
#14110 = SURFACE_CURVE('',#14111,(#14116,#14124),.PCURVE_S1.);
#14111 = B_SPLINE_CURVE_WITH_KNOTS('',3,(#14112,#14113,#14114,#14115),
  .UNSPECIFIED.,.F.,.F.,(4,4),(0.,2.487728813799E-05),
  .PIECEWISE_BEZIER_KNOTS.);
#14112 = CARTESIAN_POINT('',(22.5,171.91,68.738786909383));
#14113 = CARTESIAN_POINT('',(22.494190644648,171.91,68.744704322281));
#14114 = CARTESIAN_POINT('',(22.488381244278,171.91,68.750621690983));
#14115 = CARTESIAN_POINT('',(22.482571799002,171.91,68.756539015598));
#14116 = PCURVE('',#11282,#14117);
#14117 = DEFINITIONAL_REPRESENTATION('',(#14118),#14123);
#14118 = B_SPLINE_CURVE_WITH_KNOTS('',3,(#14119,#14120,#14121,#14122),
  .UNSPECIFIED.,.F.,.F.,(4,4),(0.,2.487728813799E-05),
  .PIECEWISE_BEZIER_KNOTS.);
#14119 = CARTESIAN_POINT('',(-7.9,-21.10738970124));
#14120 = CARTESIAN_POINT('',(-7.905809355352,-21.11330711413));
#14121 = CARTESIAN_POINT('',(-7.911618755722,-21.11922448284));
#14122 = CARTESIAN_POINT('',(-7.917428200998,-21.12514180745));
#14123 = ( GEOMETRIC_REPRESENTATION_CONTEXT(2) 
PARAMETRIC_REPRESENTATION_CONTEXT() REPRESENTATION_CONTEXT('2D SPACE',''
  ) );
#14124 = PCURVE('',#10250,#14125);
#14125 = DEFINITIONAL_REPRESENTATION('',(#14126),#14129);
#14126 = B_SPLINE_CURVE_WITH_KNOTS('',1,(#14127,#14128),.UNSPECIFIED.,
  .F.,.F.,(2,2),(0.,2.487728813799E-05),.PIECEWISE_BEZIER_KNOTS.);
#14127 = CARTESIAN_POINT('',(2.95019362863,-1.));
#14128 = CARTESIAN_POINT('',(2.950350572507,-0.982571799002));
#14129 = ( GEOMETRIC_REPRESENTATION_CONTEXT(2) 
PARAMETRIC_REPRESENTATION_CONTEXT() REPRESENTATION_CONTEXT('2D SPACE',''
  ) );
#14130 = ORIENTED_EDGE('',*,*,#14131,.T.);
#14131 = EDGE_CURVE('',#14108,#14056,#14132,.T.);
#14132 = SURFACE_CURVE('',#14133,(#14137,#14144),.PCURVE_S1.);
#14133 = LINE('',#14134,#14135);
#14134 = CARTESIAN_POINT('',(30.4,171.91,68.756539015598));
#14135 = VECTOR('',#14136,1.);
#14136 = DIRECTION('',(1.,6.450531537933E-16,3.438001596242E-16));
#14137 = PCURVE('',#11282,#14138);
#14138 = DEFINITIONAL_REPRESENTATION('',(#14139),#14143);
#14139 = LINE('',#14140,#14141);
#14140 = CARTESIAN_POINT('',(-7.105427357601E-15,-21.12514180745));
#14141 = VECTOR('',#14142,1.);
#14142 = DIRECTION('',(1.,-3.160445840086E-16));
#14143 = ( GEOMETRIC_REPRESENTATION_CONTEXT(2) 
PARAMETRIC_REPRESENTATION_CONTEXT() REPRESENTATION_CONTEXT('2D SPACE',''
  ) );
#14144 = PCURVE('',#10221,#14145);
#14145 = DEFINITIONAL_REPRESENTATION('',(#14146),#14150);
#14146 = LINE('',#14147,#14148);
#14147 = CARTESIAN_POINT('',(-30.4,1.174201076454));
#14148 = VECTOR('',#14149,1.);
#14149 = DIRECTION('',(-1.,-5.40887147036E-18));
#14150 = ( GEOMETRIC_REPRESENTATION_CONTEXT(2) 
PARAMETRIC_REPRESENTATION_CONTEXT() REPRESENTATION_CONTEXT('2D SPACE',''
  ) );
#14151 = ADVANCED_FACE('',(#14152),#5125,.F.);
#14152 = FACE_BOUND('',#14153,.T.);
#14153 = EDGE_LOOP('',(#14154,#14155,#14178,#14206,#14229));
#14154 = ORIENTED_EDGE('',*,*,#5102,.T.);
#14155 = ORIENTED_EDGE('',*,*,#14156,.T.);
#14156 = EDGE_CURVE('',#5105,#14157,#14159,.T.);
#14157 = VERTEX_POINT('',#14158);
#14158 = CARTESIAN_POINT('',(27.4,165.91,63.866842619386));
#14159 = SURFACE_CURVE('',#14160,(#14164,#14171),.PCURVE_S1.);
#14160 = LINE('',#14161,#14162);
#14161 = CARTESIAN_POINT('',(27.4,165.91,63.866842619386));
#14162 = VECTOR('',#14163,1.);
#14163 = DIRECTION('',(1.,6.450531537933E-16,9.124594275112E-16));
#14164 = PCURVE('',#5125,#14165);
#14165 = DEFINITIONAL_REPRESENTATION('',(#14166),#14170);
#14166 = LINE('',#14167,#14168);
#14167 = CARTESIAN_POINT('',(-3.,-16.23544541124));
#14168 = VECTOR('',#14169,1.);
#14169 = DIRECTION('',(1.,-8.847038518955E-16));
#14170 = ( GEOMETRIC_REPRESENTATION_CONTEXT(2) 
PARAMETRIC_REPRESENTATION_CONTEXT() REPRESENTATION_CONTEXT('2D SPACE',''
  ) );
#14171 = PCURVE('',#5241,#14172);
#14172 = DEFINITIONAL_REPRESENTATION('',(#14173),#14177);
#14173 = LINE('',#14174,#14175);
#14174 = CARTESIAN_POINT('',(45.411529493745,1.193424618425));
#14175 = VECTOR('',#14176,1.);
#14176 = DIRECTION('',(-1.,4.070414479913E-16));
#14177 = ( GEOMETRIC_REPRESENTATION_CONTEXT(2) 
PARAMETRIC_REPRESENTATION_CONTEXT() REPRESENTATION_CONTEXT('2D SPACE',''
  ) );
#14178 = ORIENTED_EDGE('',*,*,#14179,.T.);
#14179 = EDGE_CURVE('',#14157,#14180,#14182,.T.);
#14180 = VERTEX_POINT('',#14181);
#14181 = CARTESIAN_POINT('',(27.4,165.91,67.111170689854));
#14182 = SURFACE_CURVE('',#14183,(#14187,#14194),.PCURVE_S1.);
#14183 = LINE('',#14184,#14185);
#14184 = CARTESIAN_POINT('',(27.4,165.91,67.742138119407));
#14185 = VECTOR('',#14186,1.);
#14186 = DIRECTION('',(-2.775557561563E-17,7.136298725426E-15,1.));
#14187 = PCURVE('',#5125,#14188);
#14188 = DEFINITIONAL_REPRESENTATION('',(#14189),#14193);
#14189 = LINE('',#14190,#14191);
#14190 = CARTESIAN_POINT('',(-3.,-20.11074091126));
#14191 = VECTOR('',#14192,1.);
#14192 = DIRECTION('',(-0.,-1.));
#14193 = ( GEOMETRIC_REPRESENTATION_CONTEXT(2) 
PARAMETRIC_REPRESENTATION_CONTEXT() REPRESENTATION_CONTEXT('2D SPACE',''
  ) );
#14194 = PCURVE('',#14195,#14200);
#14195 = CYLINDRICAL_SURFACE('',#14196,3.);
#14196 = AXIS2_PLACEMENT_3D('',#14197,#14198,#14199);
#14197 = CARTESIAN_POINT('',(27.4,168.91,47.631397208143));
#14198 = DIRECTION('',(-2.775557561563E-17,7.136298725426E-15,1.));
#14199 = DIRECTION('',(-1.,-6.450531537933E-16,-2.775557561562E-17));
#14200 = DEFINITIONAL_REPRESENTATION('',(#14201),#14205);
#14201 = LINE('',#14202,#14203);
#14202 = CARTESIAN_POINT('',(1.570796326795,20.110740911264));
#14203 = VECTOR('',#14204,1.);
#14204 = DIRECTION('',(0.,1.));
#14205 = ( GEOMETRIC_REPRESENTATION_CONTEXT(2) 
PARAMETRIC_REPRESENTATION_CONTEXT() REPRESENTATION_CONTEXT('2D SPACE',''
  ) );
#14206 = ORIENTED_EDGE('',*,*,#14207,.T.);
#14207 = EDGE_CURVE('',#14180,#14208,#14210,.T.);
#14208 = VERTEX_POINT('',#14209);
#14209 = CARTESIAN_POINT('',(22.062140603542,165.91,67.111170689854));
#14210 = SURFACE_CURVE('',#14211,(#14215,#14222),.PCURVE_S1.);
#14211 = LINE('',#14212,#14213);
#14212 = CARTESIAN_POINT('',(22.5,165.91,67.111170689854));
#14213 = VECTOR('',#14214,1.);
#14214 = DIRECTION('',(-1.,-6.450531537933E-16,-3.704950156265E-16));
#14215 = PCURVE('',#5125,#14216);
#14216 = DEFINITIONAL_REPRESENTATION('',(#14217),#14221);
#14217 = LINE('',#14218,#14219);
#14218 = CARTESIAN_POINT('',(-7.9,-19.47977348171));
#14219 = VECTOR('',#14220,1.);
#14220 = DIRECTION('',(-1.,3.427394400109E-16));
#14221 = ( GEOMETRIC_REPRESENTATION_CONTEXT(2) 
PARAMETRIC_REPRESENTATION_CONTEXT() REPRESENTATION_CONTEXT('2D SPACE',''
  ) );
#14222 = PCURVE('',#9743,#14223);
#14223 = DEFINITIONAL_REPRESENTATION('',(#14224),#14228);
#14224 = LINE('',#14225,#14226);
#14225 = CARTESIAN_POINT('',(-22.5,1.568619132481E-16));
#14226 = VECTOR('',#14227,1.);
#14227 = DIRECTION('',(1.,-3.234959585782E-17));
#14228 = ( GEOMETRIC_REPRESENTATION_CONTEXT(2) 
PARAMETRIC_REPRESENTATION_CONTEXT() REPRESENTATION_CONTEXT('2D SPACE',''
  ) );
#14229 = ORIENTED_EDGE('',*,*,#14230,.T.);
#14230 = EDGE_CURVE('',#14208,#5103,#14231,.T.);
#14231 = SURFACE_CURVE('',#14232,(#14237,#14245),.PCURVE_S1.);
#14232 = B_SPLINE_CURVE_WITH_KNOTS('',3,(#14233,#14234,#14235,#14236),
  .UNSPECIFIED.,.F.,.F.,(4,4),(0.,6.604676228123E-04),
  .PIECEWISE_BEZIER_KNOTS.);
#14233 = CARTESIAN_POINT('',(22.062140603542,165.91,67.111170689854));
#14234 = CARTESIAN_POINT('',(22.208318058062,165.91,66.946547602876));
#14235 = CARTESIAN_POINT('',(22.354276597713,165.91,66.781729831817));
#14236 = CARTESIAN_POINT('',(22.5,165.91,66.616704685242));
#14237 = PCURVE('',#5125,#14238);
#14238 = DEFINITIONAL_REPRESENTATION('',(#14239),#14244);
#14239 = B_SPLINE_CURVE_WITH_KNOTS('',3,(#14240,#14241,#14242,#14243),
  .UNSPECIFIED.,.F.,.F.,(4,4),(0.,6.604676228123E-04),
  .PIECEWISE_BEZIER_KNOTS.);
#14240 = CARTESIAN_POINT('',(-8.337859396458,-19.47977348171));
#14241 = CARTESIAN_POINT('',(-8.191681941938,-19.31515039473));
#14242 = CARTESIAN_POINT('',(-8.045723402287,-19.15033262367));
#14243 = CARTESIAN_POINT('',(-7.9,-18.98530747709));
#14244 = ( GEOMETRIC_REPRESENTATION_CONTEXT(2) 
PARAMETRIC_REPRESENTATION_CONTEXT() REPRESENTATION_CONTEXT('2D SPACE',''
  ) );
#14245 = PCURVE('',#5158,#14246);
#14246 = DEFINITIONAL_REPRESENTATION('',(#14247),#14273);
#14247 = B_SPLINE_CURVE_WITH_KNOTS('',3,(#14248,#14249,#14250,#14251,
    #14252,#14253,#14254,#14255,#14256,#14257,#14258,#14259,#14260,
    #14261,#14262,#14263,#14264,#14265,#14266,#14267,#14268,#14269,
    #14270,#14271,#14272),.UNSPECIFIED.,.F.,.F.,(4,1,1,1,1,1,1,1,1,1,1,1
    ,1,1,1,1,1,1,1,1,1,1,4),(0.,3.002125558238E-05,6.004251116475E-05,
    9.006376674713E-05,1.200850223295E-04,1.501062779119E-04,
    1.801275334943E-04,2.101487890766E-04,2.40170044659E-04,
    2.701913002414E-04,3.002125558238E-04,3.302338114061E-04,
    3.602550669885E-04,3.902763225709E-04,4.202975781533E-04,
    4.503188337356E-04,4.80340089318E-04,5.103613449004E-04,
    5.403826004828E-04,5.704038560651E-04,6.004251116475E-04,
    6.304463672299E-04,6.604676228123E-04),.QUASI_UNIFORM_KNOTS.);
#14248 = CARTESIAN_POINT('',(2.663670112435,-0.562140603542));
#14249 = CARTESIAN_POINT('',(2.663513231297,-0.56878503329));
#14250 = CARTESIAN_POINT('',(2.663199167065,-0.582072987771));
#14251 = CARTESIAN_POINT('',(2.662727162288,-0.602002195595));
#14252 = CARTESIAN_POINT('',(2.662254246521,-0.621928670682));
#14253 = CARTESIAN_POINT('',(2.661780417194,-0.641852404154));
#14254 = CARTESIAN_POINT('',(2.661305671728,-0.661773387104));
#14255 = CARTESIAN_POINT('',(2.660830007535,-0.681691610592));
#14256 = CARTESIAN_POINT('',(2.660353422018,-0.701607065651));
#14257 = CARTESIAN_POINT('',(2.65987591257,-0.72151974328));
#14258 = CARTESIAN_POINT('',(2.659397476577,-0.74142963445));
#14259 = CARTESIAN_POINT('',(2.658918111416,-0.7613367301));
#14260 = CARTESIAN_POINT('',(2.658437814454,-0.781241021137));
#14261 = CARTESIAN_POINT('',(2.657956583048,-0.801142498436));
#14262 = CARTESIAN_POINT('',(2.657474414549,-0.821041152844));
#14263 = CARTESIAN_POINT('',(2.656991306297,-0.840936975174));
#14264 = CARTESIAN_POINT('',(2.656507255622,-0.860829956206));
#14265 = CARTESIAN_POINT('',(2.656022259846,-0.88072008669));
#14266 = CARTESIAN_POINT('',(2.655536316282,-0.900607357345));
#14267 = CARTESIAN_POINT('',(2.655049422234,-0.920491758856));
#14268 = CARTESIAN_POINT('',(2.654561574995,-0.940373281876));
#14269 = CARTESIAN_POINT('',(2.654072771851,-0.960251917025));
#14270 = CARTESIAN_POINT('',(2.653583010078,-0.980127654894));
#14271 = CARTESIAN_POINT('',(2.653255861318,-0.993376208984));
#14272 = CARTESIAN_POINT('',(2.653092126256,-1.));
#14273 = ( GEOMETRIC_REPRESENTATION_CONTEXT(2) 
PARAMETRIC_REPRESENTATION_CONTEXT() REPRESENTATION_CONTEXT('2D SPACE',''
  ) );
#14274 = ADVANCED_FACE('',(#14275),#14073,.T.);
#14275 = FACE_BOUND('',#14276,.T.);
#14276 = EDGE_LOOP('',(#14277,#14302,#14483,#14484));
#14277 = ORIENTED_EDGE('',*,*,#14278,.F.);
#14278 = EDGE_CURVE('',#14279,#14281,#14283,.T.);
#14279 = VERTEX_POINT('',#14280);
#14280 = CARTESIAN_POINT('',(30.4,168.91,64.971477955479));
#14281 = VERTEX_POINT('',#14282);
#14282 = CARTESIAN_POINT('',(30.4,168.91,68.086624293181));
#14283 = SURFACE_CURVE('',#14284,(#14288,#14295),.PCURVE_S1.);
#14284 = LINE('',#14285,#14286);
#14285 = CARTESIAN_POINT('',(30.4,168.91,47.631397208143));
#14286 = VECTOR('',#14287,1.);
#14287 = DIRECTION('',(-2.775557561563E-17,7.136298725426E-15,1.));
#14288 = PCURVE('',#14073,#14289);
#14289 = DEFINITIONAL_REPRESENTATION('',(#14290),#14294);
#14290 = LINE('',#14291,#14292);
#14291 = CARTESIAN_POINT('',(6.28318530718,0.));
#14292 = VECTOR('',#14293,1.);
#14293 = DIRECTION('',(0.,-1.));
#14294 = ( GEOMETRIC_REPRESENTATION_CONTEXT(2) 
PARAMETRIC_REPRESENTATION_CONTEXT() REPRESENTATION_CONTEXT('2D SPACE',''
  ) );
#14295 = PCURVE('',#14195,#14296);
#14296 = DEFINITIONAL_REPRESENTATION('',(#14297),#14301);
#14297 = LINE('',#14298,#14299);
#14298 = CARTESIAN_POINT('',(3.14159265359,0.));
#14299 = VECTOR('',#14300,1.);
#14300 = DIRECTION('',(0.,1.));
#14301 = ( GEOMETRIC_REPRESENTATION_CONTEXT(2) 
PARAMETRIC_REPRESENTATION_CONTEXT() REPRESENTATION_CONTEXT('2D SPACE',''
  ) );
#14302 = ORIENTED_EDGE('',*,*,#14303,.T.);
#14303 = EDGE_CURVE('',#14279,#14058,#14304,.T.);
#14304 = SURFACE_CURVE('',#14305,(#14337,#14410),.PCURVE_S1.);
#14305 = B_SPLINE_CURVE_WITH_KNOTS('',3,(#14306,#14307,#14308,#14309,
    #14310,#14311,#14312,#14313,#14314,#14315,#14316,#14317,#14318,
    #14319,#14320,#14321,#14322,#14323,#14324,#14325,#14326,#14327,
    #14328,#14329,#14330,#14331,#14332,#14333,#14334,#14335,#14336),
  .UNSPECIFIED.,.F.,.F.,(4,2,1,1,2,2,2,1,2,2,2,2,2,2,2,2,4),(0.,
    6.24999999999E-02,9.374999999985E-02,0.109375,0.1171875,0.125,0.1875
    ,0.21875,0.234375,0.25,0.3125,0.34375,0.375,0.4375,0.5,0.75,1.),
  .UNSPECIFIED.);
#14306 = CARTESIAN_POINT('',(30.4,168.91,64.971477955479));
#14307 = CARTESIAN_POINT('',(30.4,169.00949188597,65.002076033823));
#14308 = CARTESIAN_POINT('',(30.395050858671,169.10634678884,
    65.03128480672));
#14309 = CARTESIAN_POINT('',(30.38137868682,169.24704829424,
    65.073014007894));
#14310 = CARTESIAN_POINT('',(30.372980426777,169.31625733836,
    65.093357618938));
#14311 = CARTESIAN_POINT('',(30.360702736053,169.39490148053,
    65.116180100123));
#14312 = CARTESIAN_POINT('',(30.354936361577,169.42814735231,
    65.125765792409));
#14313 = CARTESIAN_POINT('',(30.350982967574,169.45020839013,
    65.132112838138));
#14314 = CARTESIAN_POINT('',(30.349170779843,169.46003894421,
    65.134935657981));
#14315 = CARTESIAN_POINT('',(30.328439800214,169.56872041221,
    65.166067577721));
#14316 = CARTESIAN_POINT('',(30.305520622891,169.66304972821,
    65.192561913437));
#14317 = CARTESIAN_POINT('',(30.265153241363,169.80060675907,
    65.230535694263));
#14318 = CARTESIAN_POINT('',(30.243472735029,169.8684030133,
    65.249080653989));
#14319 = CARTESIAN_POINT('',(30.219689376105,169.93464535192,
    65.266962717685));
#14320 = CARTESIAN_POINT('',(30.203382371656,169.97845381427,
    65.278736783254));
#14321 = CARTESIAN_POINT('',(30.19546977075,169.99901192154,
    65.284238626102));
#14322 = CARTESIAN_POINT('',(30.150151595882,170.11259613786,
    65.314494912986));
#14323 = CARTESIAN_POINT('',(30.109696618172,170.20106819152,
    65.337609454157));
#14324 = CARTESIAN_POINT('',(30.043263527105,170.32967818032,
    65.37064553341));
#14325 = CARTESIAN_POINT('',(30.020161087694,170.37186596901,
    65.381384937743));
#14326 = CARTESIAN_POINT('',(29.972135504571,170.45480263559,
    65.402318502242));
#14327 = CARTESIAN_POINT('',(29.948113705308,170.4941534369,
    65.412165845461));
#14328 = CARTESIAN_POINT('',(29.86805544832,170.61833385829,
    65.442970910547));
#14329 = CARTESIAN_POINT('',(29.810714840732,170.69831635114,
    65.462445002381));
#14330 = CARTESIAN_POINT('',(29.688748346695,170.85197127182,
    65.499267949603));
#14331 = CARTESIAN_POINT('',(29.625033583482,170.92470198542,
    65.516398377999));
#14332 = CARTESIAN_POINT('',(29.280911906644,171.28043181769,
    65.598921698782));
#14333 = CARTESIAN_POINT('',(28.946656980977,171.51169580989,
    65.648394328871));
#14334 = CARTESIAN_POINT('',(28.208648284606,171.82668593713,
    65.714247535972));
#14335 = CARTESIAN_POINT('',(27.805570772721,171.91,65.73066572723));
#14336 = CARTESIAN_POINT('',(27.4,171.91,65.730669264782));
#14337 = PCURVE('',#14073,#14338);
#14338 = DEFINITIONAL_REPRESENTATION('',(#14339),#14409);
#14339 = B_SPLINE_CURVE_WITH_KNOTS('',3,(#14340,#14341,#14342,#14343,
    #14344,#14345,#14346,#14347,#14348,#14349,#14350,#14351,#14352,
    #14353,#14354,#14355,#14356,#14357,#14358,#14359,#14360,#14361,
    #14362,#14363,#14364,#14365,#14366,#14367,#14368,#14369,#14370,
    #14371,#14372,#14373,#14374,#14375,#14376,#14377,#14378,#14379,
    #14380,#14381,#14382,#14383,#14384,#14385,#14386,#14387,#14388,
    #14389,#14390,#14391,#14392,#14393,#14394,#14395,#14396,#14397,
    #14398,#14399,#14400,#14401,#14402,#14403,#14404,#14405,#14406,
    #14407,#14408),.UNSPECIFIED.,.F.,.F.,(4,1,1,1,1,1,1,1,1,1,1,1,1,1,1,
    1,1,1,1,1,1,1,1,1,1,1,1,1,1,1,1,1,1,1,1,1,1,1,1,1,1,1,1,1,1,1,1,1,1,
    1,1,1,1,1,1,1,1,1,1,1,1,1,1,1,1,1,4),(0.,1.515151515152E-02,
    3.030303030303E-02,4.545454545455E-02,6.060606060606E-02,
    7.575757575758E-02,9.090909090909E-02,0.106060606061,0.121212121212,
    0.136363636364,0.151515151515,0.166666666667,0.181818181818,
    0.19696969697,0.212121212121,0.227272727273,0.242424242424,
    0.257575757576,0.272727272727,0.287878787879,0.30303030303,
    0.318181818182,0.333333333333,0.348484848485,0.363636363636,
    0.378787878788,0.393939393939,0.409090909091,0.424242424242,
    0.439393939394,0.454545454545,0.469696969697,0.484848484848,0.5,
    0.515151515152,0.530303030303,0.545454545455,0.560606060606,
    0.575757575758,0.590909090909,0.606060606061,0.621212121212,
    0.636363636364,0.651515151515,0.666666666667,0.681818181818,
    0.69696969697,0.712121212121,0.727272727273,0.742424242424,
    0.757575757576,0.772727272727,0.787878787879,0.80303030303,
    0.818181818182,0.833333333333,0.848484848485,0.863636363636,
    0.878787878788,0.893939393939,0.909090909091,0.924242424242,
    0.939393939394,0.954545454545,0.969696969697,0.984848484848,1.),
  .QUASI_UNIFORM_KNOTS.);
#14340 = CARTESIAN_POINT('',(6.28318530718,-17.34008074733));
#14341 = CARTESIAN_POINT('',(6.275145645846,-17.34749846329));
#14342 = CARTESIAN_POINT('',(6.259169232044,-17.36217066128));
#14343 = CARTESIAN_POINT('',(6.235513554053,-17.3836886834));
#14344 = CARTESIAN_POINT('',(6.212163889882,-17.4047181498));
#14345 = CARTESIAN_POINT('',(6.189128318154,-17.42525275693));
#14346 = CARTESIAN_POINT('',(6.166380168214,-17.44531599989));
#14347 = CARTESIAN_POINT('',(6.144022158184,-17.46482020183));
#14348 = CARTESIAN_POINT('',(6.121666573102,-17.48409257506));
#14349 = CARTESIAN_POINT('',(6.100762410608,-17.50191194716));
#14350 = CARTESIAN_POINT('',(6.076803742711,-17.52207382533));
#14351 = CARTESIAN_POINT('',(6.053208617144,-17.541642403));
#14352 = CARTESIAN_POINT('',(6.029721685707,-17.56084368091));
#14353 = CARTESIAN_POINT('',(6.006415305144,-17.57961414142));
#14354 = CARTESIAN_POINT('',(5.983256053828,-17.59798185439));
#14355 = CARTESIAN_POINT('',(5.960307989375,-17.61589805795));
#14356 = CARTESIAN_POINT('',(5.937346896141,-17.63352972978));
#14357 = CARTESIAN_POINT('',(5.915205496145,-17.65025772101));
#14358 = CARTESIAN_POINT('',(5.891749253235,-17.66767011824));
#14359 = CARTESIAN_POINT('',(5.868040756557,-17.68494043786));
#14360 = CARTESIAN_POINT('',(5.84449834463,-17.70176156022));
#14361 = CARTESIAN_POINT('',(5.821012009918,-17.71821440035));
#14362 = CARTESIAN_POINT('',(5.79760339841,-17.73428241779));
#14363 = CARTESIAN_POINT('',(5.774297223439,-17.74995085933));
#14364 = CARTESIAN_POINT('',(5.750972805255,-17.76529527829));
#14365 = CARTESIAN_POINT('',(5.728282023668,-17.77990661587));
#14366 = CARTESIAN_POINT('',(5.704624937465,-17.79479106374));
#14367 = CARTESIAN_POINT('',(5.680703636926,-17.80948451116));
#14368 = CARTESIAN_POINT('',(5.656882096955,-17.82375487042));
#14369 = CARTESIAN_POINT('',(5.633070571262,-17.83766039872));
#14370 = CARTESIAN_POINT('',(5.609263962079,-17.85120015503));
#14371 = CARTESIAN_POINT('',(5.585579726723,-17.8643161453));
#14372 = CARTESIAN_POINT('',(5.561956670902,-17.87703910638));
#14373 = CARTESIAN_POINT('',(5.538280379099,-17.88942574325));
#14374 = CARTESIAN_POINT('',(5.514397539692,-17.90155459118));
#14375 = CARTESIAN_POINT('',(5.490362786138,-17.91339089608));
#14376 = CARTESIAN_POINT('',(5.466343610791,-17.92484322906));
#14377 = CARTESIAN_POINT('',(5.442294997593,-17.93593608842));
#14378 = CARTESIAN_POINT('',(5.418229056603,-17.94666290985));
#14379 = CARTESIAN_POINT('',(5.394142734382,-17.95702545226));
#14380 = CARTESIAN_POINT('',(5.370037142256,-17.96702324436));
#14381 = CARTESIAN_POINT('',(5.345912335323,-17.97665641241));
#14382 = CARTESIAN_POINT('',(5.32176866923,-17.9859249226));
#14383 = CARTESIAN_POINT('',(5.297606394343,-17.99482878397));
#14384 = CARTESIAN_POINT('',(5.273425722407,-18.00336799412));
#14385 = CARTESIAN_POINT('',(5.249226766267,-18.01154255365));
#14386 = CARTESIAN_POINT('',(5.22500951594,-18.01935246254));
#14387 = CARTESIAN_POINT('',(5.200773797864,-18.02679772028));
#14388 = CARTESIAN_POINT('',(5.176519267377,-18.03387832893));
#14389 = CARTESIAN_POINT('',(5.152245287944,-18.04059428071));
#14390 = CARTESIAN_POINT('',(5.12795123356,-18.04694560476));
#14391 = CARTESIAN_POINT('',(5.103635215606,-18.05293219229));
#14392 = CARTESIAN_POINT('',(5.079303142364,-18.05855508662));
#14393 = CARTESIAN_POINT('',(5.054954204475,-18.06381432937));
#14394 = CARTESIAN_POINT('',(5.030588502722,-18.06871006817));
#14395 = CARTESIAN_POINT('',(5.006206087266,-18.07324242225));
#14396 = CARTESIAN_POINT('',(4.981807171061,-18.07741151845));
#14397 = CARTESIAN_POINT('',(4.957392028204,-18.08121748157));
#14398 = CARTESIAN_POINT('',(4.932960976363,-18.08466043695));
#14399 = CARTESIAN_POINT('',(4.908514336488,-18.08774050979));
#14400 = CARTESIAN_POINT('',(4.884052398556,-18.09045782534));
#14401 = CARTESIAN_POINT('',(4.85957538573,-18.09281250883));
#14402 = CARTESIAN_POINT('',(4.835083419397,-18.09480468547));
#14403 = CARTESIAN_POINT('',(4.810576483481,-18.09643448051));
#14404 = CARTESIAN_POINT('',(4.786054392645,-18.09770201917));
#14405 = CARTESIAN_POINT('',(4.761516748236,-18.09860742669));
#14406 = CARTESIAN_POINT('',(4.736962942465,-18.09915082829));
#14407 = CARTESIAN_POINT('',(4.72058230459,-18.09927184224));
#14408 = CARTESIAN_POINT('',(4.712388980385,-18.09927205663));
#14409 = ( GEOMETRIC_REPRESENTATION_CONTEXT(2) 
PARAMETRIC_REPRESENTATION_CONTEXT() REPRESENTATION_CONTEXT('2D SPACE',''
  ) );
#14410 = PCURVE('',#10842,#14411);
#14411 = DEFINITIONAL_REPRESENTATION('',(#14412),#14482);
#14412 = B_SPLINE_CURVE_WITH_KNOTS('',3,(#14413,#14414,#14415,#14416,
    #14417,#14418,#14419,#14420,#14421,#14422,#14423,#14424,#14425,
    #14426,#14427,#14428,#14429,#14430,#14431,#14432,#14433,#14434,
    #14435,#14436,#14437,#14438,#14439,#14440,#14441,#14442,#14443,
    #14444,#14445,#14446,#14447,#14448,#14449,#14450,#14451,#14452,
    #14453,#14454,#14455,#14456,#14457,#14458,#14459,#14460,#14461,
    #14462,#14463,#14464,#14465,#14466,#14467,#14468,#14469,#14470,
    #14471,#14472,#14473,#14474,#14475,#14476,#14477,#14478,#14479,
    #14480,#14481),.UNSPECIFIED.,.F.,.F.,(4,1,1,1,1,1,1,1,1,1,1,1,1,1,1,
    1,1,1,1,1,1,1,1,1,1,1,1,1,1,1,1,1,1,1,1,1,1,1,1,1,1,1,1,1,1,1,1,1,1,
    1,1,1,1,1,1,1,1,1,1,1,1,1,1,1,1,1,4),(0.,1.515151515152E-02,
    3.030303030303E-02,4.545454545455E-02,6.060606060606E-02,
    7.575757575758E-02,9.090909090909E-02,0.106060606061,0.121212121212,
    0.136363636364,0.151515151515,0.166666666667,0.181818181818,
    0.19696969697,0.212121212121,0.227272727273,0.242424242424,
    0.257575757576,0.272727272727,0.287878787879,0.30303030303,
    0.318181818182,0.333333333333,0.348484848485,0.363636363636,
    0.378787878788,0.393939393939,0.409090909091,0.424242424242,
    0.439393939394,0.454545454545,0.469696969697,0.484848484848,0.5,
    0.515151515152,0.530303030303,0.545454545455,0.560606060606,
    0.575757575758,0.590909090909,0.606060606061,0.621212121212,
    0.636363636364,0.651515151515,0.666666666667,0.681818181818,
    0.69696969697,0.712121212121,0.727272727273,0.742424242424,
    0.757575757576,0.772727272727,0.787878787879,0.80303030303,
    0.818181818182,0.833333333333,0.848484848485,0.863636363636,
    0.878787878788,0.893939393939,0.909090909091,0.924242424242,
    0.939393939394,0.954545454545,0.969696969697,0.984848484848,1.),
  .QUASI_UNIFORM_KNOTS.);
#14413 = CARTESIAN_POINT('',(1.,3.630094211902E-03));
#14414 = CARTESIAN_POINT('',(1.000000223678,3.610747679415E-03));
#14415 = CARTESIAN_POINT('',(0.999999032003,3.572272443232E-03));
#14416 = CARTESIAN_POINT('',(0.999995075572,3.515245706303E-03));
#14417 = CARTESIAN_POINT('',(0.999992577264,3.458931267014E-03));
#14418 = CARTESIAN_POINT('',(0.999992088077,3.403377883045E-03));
#14419 = CARTESIAN_POINT('',(0.999991914661,3.34855220681E-03));
#14420 = CARTESIAN_POINT('',(0.999994025527,3.294725442098E-03));
#14421 = CARTESIAN_POINT('',(0.999996501395,3.240990682895E-03));
#14422 = CARTESIAN_POINT('',(1.000004466733,3.190833027442E-03));
#14423 = CARTESIAN_POINT('',(0.999998636558,3.133496638835E-03));
#14424 = CARTESIAN_POINT('',(0.999998253004,3.077222894273E-03));
#14425 = CARTESIAN_POINT('',(0.99999639764,3.021413804211E-03));
#14426 = CARTESIAN_POINT('',(0.999995059921,2.966292899974E-03));
#14427 = CARTESIAN_POINT('',(0.999995011345,2.9115179856E-03));
#14428 = CARTESIAN_POINT('',(0.999996857509,2.857130817037E-03));
#14429 = CARTESIAN_POINT('',(0.99999586209,2.802693455519E-03));
#14430 = CARTESIAN_POINT('',(1.000008340523,2.750185852706E-03));
#14431 = CARTESIAN_POINT('',(0.999997803574,2.69457981207E-03));
#14432 = CARTESIAN_POINT('',(0.999997265014,2.638422356125E-03));
#14433 = CARTESIAN_POINT('',(0.999994960209,2.582735207687E-03));
#14434 = CARTESIAN_POINT('',(0.99999615254,2.527285616818E-03));
#14435 = CARTESIAN_POINT('',(0.99999646199,2.47215288139E-03));
#14436 = CARTESIAN_POINT('',(0.999995785588,2.417421848E-03));
#14437 = CARTESIAN_POINT('',(1.000001134504,2.362835760512E-03));
#14438 = CARTESIAN_POINT('',(1.000011027824,2.309951297707E-03));
#14439 = CARTESIAN_POINT('',(0.999996845678,2.255025645761E-03));
#14440 = CARTESIAN_POINT('',(1.000001494402,2.199845539111E-03));
#14441 = CARTESIAN_POINT('',(0.999998202103,2.144852118625E-03));
#14442 = CARTESIAN_POINT('',(0.999998181688,2.089784293512E-03));
#14443 = CARTESIAN_POINT('',(0.999995962343,2.034663666526E-03));
#14444 = CARTESIAN_POINT('',(1.000009634002,1.979789926107E-03));
#14445 = CARTESIAN_POINT('',(1.000006573866,1.925085870451E-03));
#14446 = CARTESIAN_POINT('',(1.000005039356,1.870296817266E-03));
#14447 = CARTESIAN_POINT('',(1.000000296464,1.815090640348E-03));
#14448 = CARTESIAN_POINT('',(0.999993774786,1.759623257045E-03));
#14449 = CARTESIAN_POINT('',(0.99996836885,1.704321380058E-03));
#14450 = CARTESIAN_POINT('',(0.999935870851,1.649108061451E-03));
#14451 = CARTESIAN_POINT('',(0.99990151387,1.594046356884E-03));
#14452 = CARTESIAN_POINT('',(0.999868295529,1.539145953052E-03));
#14453 = CARTESIAN_POINT('',(0.999842286634,1.484476742399E-03));
#14454 = CARTESIAN_POINT('',(0.999822554577,1.429973080246E-03));
#14455 = CARTESIAN_POINT('',(0.999812883997,1.375218526424E-03));
#14456 = CARTESIAN_POINT('',(0.999820953248,1.320299591907E-03));
#14457 = CARTESIAN_POINT('',(0.999831845545,1.265285739259E-03));
#14458 = CARTESIAN_POINT('',(0.999852448745,1.21019189337E-03));
#14459 = CARTESIAN_POINT('',(0.99988126841,1.155044315136E-03));
#14460 = CARTESIAN_POINT('',(0.999914462855,1.099865278604E-03));
#14461 = CARTESIAN_POINT('',(0.999947959533,1.044695469608E-03));
#14462 = CARTESIAN_POINT('',(0.999976828755,9.895639758326E-04));
#14463 = CARTESIAN_POINT('',(0.999996179403,9.345018088981E-04));
#14464 = CARTESIAN_POINT('',(0.999998794244,8.795372143914E-04));
#14465 = CARTESIAN_POINT('',(0.999985043166,8.247261816886E-04));
#14466 = CARTESIAN_POINT('',(0.99995947535,7.700582620168E-04));
#14467 = CARTESIAN_POINT('',(0.999931497064,7.156585530324E-04));
#14468 = CARTESIAN_POINT('',(0.999901952443,6.610513457465E-04));
#14469 = CARTESIAN_POINT('',(0.999876192111,6.062432780764E-04));
#14470 = CARTESIAN_POINT('',(0.99985620949,5.512779120422E-04));
#14471 = CARTESIAN_POINT('',(0.999844762286,4.961776344726E-04));
#14472 = CARTESIAN_POINT('',(0.999843226473,4.409831474175E-04));
#14473 = CARTESIAN_POINT('',(0.999847816859,3.857259789999E-04));
#14474 = CARTESIAN_POINT('',(0.999862663353,3.304399599049E-04));
#14475 = CARTESIAN_POINT('',(0.999887420699,2.751584792846E-04));
#14476 = CARTESIAN_POINT('',(0.999916944752,2.199147754486E-04));
#14477 = CARTESIAN_POINT('',(0.999944220059,1.647413824953E-04));
#14478 = CARTESIAN_POINT('',(0.999971039728,1.096710102713E-04));
#14479 = CARTESIAN_POINT('',(0.999993829715,5.473595995426E-05));
#14480 = CARTESIAN_POINT('',(1.000000244919,1.822338076039E-05));
#14481 = CARTESIAN_POINT('',(1.,0.));
#14482 = ( GEOMETRIC_REPRESENTATION_CONTEXT(2) 
PARAMETRIC_REPRESENTATION_CONTEXT() REPRESENTATION_CONTEXT('2D SPACE',''
  ) );
#14483 = ORIENTED_EDGE('',*,*,#14055,.F.);
#14484 = ORIENTED_EDGE('',*,*,#14485,.T.);
#14485 = EDGE_CURVE('',#14056,#14281,#14486,.T.);
#14486 = SURFACE_CURVE('',#14487,(#14519,#14592),.PCURVE_S1.);
#14487 = B_SPLINE_CURVE_WITH_KNOTS('',3,(#14488,#14489,#14490,#14491,
    #14492,#14493,#14494,#14495,#14496,#14497,#14498,#14499,#14500,
    #14501,#14502,#14503,#14504,#14505,#14506,#14507,#14508,#14509,
    #14510,#14511,#14512,#14513,#14514,#14515,#14516,#14517,#14518),
  .UNSPECIFIED.,.F.,.F.,(4,2,2,2,2,2,2,2,1,2,2,2,1,1,2,2,4),(0.,0.25,
    0.375,0.5,0.5625,0.59375,0.625,0.6875,0.71875,0.734375,0.75,0.8125,
    0.84375,0.859375,0.8671875,0.875,1.),.UNSPECIFIED.);
#14488 = CARTESIAN_POINT('',(27.4,171.91,68.756539015598));
#14489 = CARTESIAN_POINT('',(27.804448248096,171.91,68.756536024861));
#14490 = CARTESIAN_POINT('',(28.205553334597,171.82718104577,
    68.742250265513));
#14491 = CARTESIAN_POINT('',(28.755867645562,171.59353093608,
    68.699397473573));
#14492 = CARTESIAN_POINT('',(28.931346234434,171.49734520473,
    68.681489929337));
#14493 = CARTESIAN_POINT('',(29.258793916784,171.27310424507,
    68.638388488524));
#14494 = CARTESIAN_POINT('',(29.411754430342,171.1440933228,
    68.61300969103));
#14495 = CARTESIAN_POINT('',(29.616722840168,170.93378903683,
    68.570091978061));
#14496 = CARTESIAN_POINT('',(29.681760149067,170.8601886831,
    68.554836205159));
#14497 = CARTESIAN_POINT('',(29.773849226866,170.74500849248,
    68.530527742939));
#14498 = CARTESIAN_POINT('',(29.803634844431,170.70581910847,
    68.522187455055));
#14499 = CARTESIAN_POINT('',(29.86130006213,170.62593378074,
    68.505031944996));
#14500 = CARTESIAN_POINT('',(29.890097601465,170.5838242234,
    68.495907646416));
#14501 = CARTESIAN_POINT('',(29.968002444962,170.46385257516,
    68.469676807678));
#14502 = CARTESIAN_POINT('',(30.016499947558,170.38081186522,
    68.451209581057));
#14503 = CARTESIAN_POINT('',(30.083495302,170.25208525949,
    68.422038739932));
#14504 = CARTESIAN_POINT('',(30.115555591011,170.1866818129,
    68.407085819071));
#14505 = CARTESIAN_POINT('',(30.145352433438,170.11980889838,
    68.391581647762));
#14506 = CARTESIAN_POINT('',(30.164702386165,170.07491127144,
    68.381123033456));
#14507 = CARTESIAN_POINT('',(30.174569427461,170.05118738195,
    68.375569765521));
#14508 = CARTESIAN_POINT('',(30.218095477797,169.94297834179,
    68.350124282926));
#14509 = CARTESIAN_POINT('',(30.249414933169,169.85344399839,
    68.328697773062));
#14510 = CARTESIAN_POINT('',(30.290352802676,169.71509234621,
    68.294952822582));
#14511 = CARTESIAN_POINT('',(30.309311399701,169.64490590439,
    68.277679050922));
#14512 = CARTESIAN_POINT('',(30.328615210941,169.56136165334,
    68.256824048581));
#14513 = CARTESIAN_POINT('',(30.336266960245,169.52521425055,
    68.247735704277));
#14514 = CARTESIAN_POINT('',(30.341228044777,169.50104130526,
    68.241643366706));
#14515 = CARTESIAN_POINT('',(30.343861587552,169.48775812866,
    68.238286869714));
#14516 = CARTESIAN_POINT('',(30.379840645039,169.30074059968,
    68.190924824988));
#14517 = CARTESIAN_POINT('',(30.4,169.110878272,68.141299300354));
#14518 = CARTESIAN_POINT('',(30.4,168.91,68.086624293181));
#14519 = PCURVE('',#14073,#14520);
#14520 = DEFINITIONAL_REPRESENTATION('',(#14521),#14591);
#14521 = B_SPLINE_CURVE_WITH_KNOTS('',3,(#14522,#14523,#14524,#14525,
    #14526,#14527,#14528,#14529,#14530,#14531,#14532,#14533,#14534,
    #14535,#14536,#14537,#14538,#14539,#14540,#14541,#14542,#14543,
    #14544,#14545,#14546,#14547,#14548,#14549,#14550,#14551,#14552,
    #14553,#14554,#14555,#14556,#14557,#14558,#14559,#14560,#14561,
    #14562,#14563,#14564,#14565,#14566,#14567,#14568,#14569,#14570,
    #14571,#14572,#14573,#14574,#14575,#14576,#14577,#14578,#14579,
    #14580,#14581,#14582,#14583,#14584,#14585,#14586,#14587,#14588,
    #14589,#14590),.UNSPECIFIED.,.F.,.F.,(4,1,1,1,1,1,1,1,1,1,1,1,1,1,1,
    1,1,1,1,1,1,1,1,1,1,1,1,1,1,1,1,1,1,1,1,1,1,1,1,1,1,1,1,1,1,1,1,1,1,
    1,1,1,1,1,1,1,1,1,1,1,1,1,1,1,1,1,4),(0.,1.515151515152E-02,
    3.030303030303E-02,4.545454545455E-02,6.060606060606E-02,
    7.575757575758E-02,9.090909090909E-02,0.106060606061,0.121212121212,
    0.136363636364,0.151515151515,0.166666666667,0.181818181818,
    0.19696969697,0.212121212121,0.227272727273,0.242424242424,
    0.257575757576,0.272727272727,0.287878787879,0.30303030303,
    0.318181818182,0.333333333333,0.348484848485,0.363636363636,
    0.378787878788,0.393939393939,0.409090909091,0.424242424242,
    0.439393939394,0.454545454545,0.469696969697,0.484848484848,0.5,
    0.515151515152,0.530303030303,0.545454545455,0.560606060606,
    0.575757575758,0.590909090909,0.606060606061,0.621212121212,
    0.636363636364,0.651515151515,0.666666666667,0.681818181818,
    0.69696969697,0.712121212121,0.727272727273,0.742424242424,
    0.757575757576,0.772727272727,0.787878787879,0.80303030303,
    0.818181818182,0.833333333333,0.848484848485,0.863636363636,
    0.878787878788,0.893939393939,0.909090909091,0.924242424242,
    0.939393939394,0.954545454545,0.969696969697,0.984848484848,1.),
  .QUASI_UNIFORM_KNOTS.);
#14522 = CARTESIAN_POINT('',(4.712388980385,-21.12514180745));
#14523 = CARTESIAN_POINT('',(4.72055962642,-21.12514162619));
#14524 = CARTESIAN_POINT('',(4.736892830178,-21.12503633976));
#14525 = CARTESIAN_POINT('',(4.761369397384,-21.12456363835));
#14526 = CARTESIAN_POINT('',(4.785823866352,-21.12377616518));
#14527 = CARTESIAN_POINT('',(4.810256979393,-21.12267392025));
#14528 = CARTESIAN_POINT('',(4.834669257544,-21.12125690356));
#14529 = CARTESIAN_POINT('',(4.859060993752,-21.11952511511));
#14530 = CARTESIAN_POINT('',(4.883432296061,-21.1174785549));
#14531 = CARTESIAN_POINT('',(4.907783118181,-21.11511722292));
#14532 = CARTESIAN_POINT('',(4.932113293962,-21.1124411192));
#14533 = CARTESIAN_POINT('',(4.956422571656,-21.10945024368));
#14534 = CARTESIAN_POINT('',(4.980710647348,-21.10614459656));
#14535 = CARTESIAN_POINT('',(5.00497720348,-21.10252417707));
#14536 = CARTESIAN_POINT('',(5.029221928706,-21.09858898809));
#14537 = CARTESIAN_POINT('',(5.053444607613,-21.09433901886));
#14538 = CARTESIAN_POINT('',(5.07764494921,-21.08977430955));
#14539 = CARTESIAN_POINT('',(5.101823389474,-21.08489471028));
#14540 = CARTESIAN_POINT('',(5.125978257259,-21.07970078038));
#14541 = CARTESIAN_POINT('',(5.150128975679,-21.07418692892));
#14542 = CARTESIAN_POINT('',(5.174271776664,-21.06835346109));
#14543 = CARTESIAN_POINT('',(5.198405452425,-21.0622000212));
#14544 = CARTESIAN_POINT('',(5.222527900209,-21.05572645125));
#14545 = CARTESIAN_POINT('',(5.246637349407,-21.04893246335));
#14546 = CARTESIAN_POINT('',(5.270731169749,-21.04181809145));
#14547 = CARTESIAN_POINT('',(5.294809673914,-21.03438221215));
#14548 = CARTESIAN_POINT('',(5.318862361622,-21.02662800947));
#14549 = CARTESIAN_POINT('',(5.342926706134,-21.01853964163));
#14550 = CARTESIAN_POINT('',(5.366994888848,-21.0101213056));
#14551 = CARTESIAN_POINT('',(5.391051328928,-21.00137992817));
#14552 = CARTESIAN_POINT('',(5.415081922242,-20.99232175622));
#14553 = CARTESIAN_POINT('',(5.439072317955,-20.98295302638));
#14554 = CARTESIAN_POINT('',(5.463006265259,-20.97328069628));
#14555 = CARTESIAN_POINT('',(5.486874645419,-20.96330884973));
#14556 = CARTESIAN_POINT('',(5.510641689111,-20.95305234483));
#14557 = CARTESIAN_POINT('',(5.534371756988,-20.94248581636));
#14558 = CARTESIAN_POINT('',(5.558142970953,-20.93157785118));
#14559 = CARTESIAN_POINT('',(5.581935856029,-20.92033601709));
#14560 = CARTESIAN_POINT('',(5.605749879344,-20.90876145604));
#14561 = CARTESIAN_POINT('',(5.629606831619,-20.89684203243));
#14562 = CARTESIAN_POINT('',(5.653420477768,-20.88462514673));
#14563 = CARTESIAN_POINT('',(5.677513663658,-20.87193333266));
#14564 = CARTESIAN_POINT('',(5.701632064542,-20.8589058));
#14565 = CARTESIAN_POINT('',(5.724564464244,-20.84621216251));
#14566 = CARTESIAN_POINT('',(5.747840214568,-20.83303244025));
#14567 = CARTESIAN_POINT('',(5.771125817278,-20.81954533461));
#14568 = CARTESIAN_POINT('',(5.794514421456,-20.80570045718));
#14569 = CARTESIAN_POINT('',(5.817967179426,-20.79152066014));
#14570 = CARTESIAN_POINT('',(5.841547718094,-20.77696492323));
#14571 = CARTESIAN_POINT('',(5.8650396847,-20.7621744753));
#14572 = CARTESIAN_POINT('',(5.889244818046,-20.74662542121));
#14573 = CARTESIAN_POINT('',(5.912102163745,-20.73166366067));
#14574 = CARTESIAN_POINT('',(5.934828355801,-20.71652376004));
#14575 = CARTESIAN_POINT('',(5.957803932224,-20.70095319304));
#14576 = CARTESIAN_POINT('',(5.98092702847,-20.68501936804));
#14577 = CARTESIAN_POINT('',(6.004224317985,-20.66870517786));
#14578 = CARTESIAN_POINT('',(6.027693670552,-20.65201164286));
#14579 = CARTESIAN_POINT('',(6.051316595958,-20.63495178877));
#14580 = CARTESIAN_POINT('',(6.07516831158,-20.61747249229));
#14581 = CARTESIAN_POINT('',(6.098966956806,-20.59977322091));
#14582 = CARTESIAN_POINT('',(6.120358707796,-20.58365891038));
#14583 = CARTESIAN_POINT('',(6.142800894036,-20.56655550426));
#14584 = CARTESIAN_POINT('',(6.165363866815,-20.54915271894));
#14585 = CARTESIAN_POINT('',(6.188294674574,-20.53126574537));
#14586 = CARTESIAN_POINT('',(6.21152631084,-20.51294410331));
#14587 = CARTESIAN_POINT('',(6.235077232773,-20.49417452276));
#14588 = CARTESIAN_POINT('',(6.258944205933,-20.47496056397));
#14589 = CARTESIAN_POINT('',(6.275069102912,-20.46185435863));
#14590 = CARTESIAN_POINT('',(6.28318530718,-20.45522708503));
#14591 = ( GEOMETRIC_REPRESENTATION_CONTEXT(2) 
PARAMETRIC_REPRESENTATION_CONTEXT() REPRESENTATION_CONTEXT('2D SPACE',''
  ) );
#14592 = PCURVE('',#10049,#14593);
#14593 = DEFINITIONAL_REPRESENTATION('',(#14594),#14664);
#14594 = B_SPLINE_CURVE_WITH_KNOTS('',3,(#14595,#14596,#14597,#14598,
    #14599,#14600,#14601,#14602,#14603,#14604,#14605,#14606,#14607,
    #14608,#14609,#14610,#14611,#14612,#14613,#14614,#14615,#14616,
    #14617,#14618,#14619,#14620,#14621,#14622,#14623,#14624,#14625,
    #14626,#14627,#14628,#14629,#14630,#14631,#14632,#14633,#14634,
    #14635,#14636,#14637,#14638,#14639,#14640,#14641,#14642,#14643,
    #14644,#14645,#14646,#14647,#14648,#14649,#14650,#14651,#14652,
    #14653,#14654,#14655,#14656,#14657,#14658,#14659,#14660,#14661,
    #14662,#14663),.UNSPECIFIED.,.F.,.F.,(4,1,1,1,1,1,1,1,1,1,1,1,1,1,1,
    1,1,1,1,1,1,1,1,1,1,1,1,1,1,1,1,1,1,1,1,1,1,1,1,1,1,1,1,1,1,1,1,1,1,
    1,1,1,1,1,1,1,1,1,1,1,1,1,1,1,1,1,4),(0.,1.515151515152E-02,
    3.030303030303E-02,4.545454545455E-02,6.060606060606E-02,
    7.575757575758E-02,9.090909090909E-02,0.106060606061,0.121212121212,
    0.136363636364,0.151515151515,0.166666666667,0.181818181818,
    0.19696969697,0.212121212121,0.227272727273,0.242424242424,
    0.257575757576,0.272727272727,0.287878787879,0.30303030303,
    0.318181818182,0.333333333333,0.348484848485,0.363636363636,
    0.378787878788,0.393939393939,0.409090909091,0.424242424242,
    0.439393939394,0.454545454545,0.469696969697,0.484848484848,0.5,
    0.515151515152,0.530303030303,0.545454545455,0.560606060606,
    0.575757575758,0.590909090909,0.606060606061,0.621212121212,
    0.636363636364,0.651515151515,0.666666666667,0.681818181818,
    0.69696969697,0.712121212121,0.727272727273,0.742424242424,
    0.757575757576,0.772727272727,0.787878787879,0.80303030303,
    0.818181818182,0.833333333333,0.848484848485,0.863636363636,
    0.878787878788,0.893939393939,0.909090909091,0.924242424242,
    0.939393939394,0.954545454545,0.969696969697,0.984848484848,1.),
  .QUASI_UNIFORM_KNOTS.);
#14595 = CARTESIAN_POINT('',(1.,3.759129178197E-03));
#14596 = CARTESIAN_POINT('',(1.000000252324,3.740168604929E-03));
#14597 = CARTESIAN_POINT('',(0.999995442248,3.702220319804E-03));
#14598 = CARTESIAN_POINT('',(0.99997744386,3.645246234569E-03));
#14599 = CARTESIAN_POINT('',(0.999954675117,3.588251420902E-03));
#14600 = CARTESIAN_POINT('',(0.999930166875,3.531262709792E-03));
#14601 = CARTESIAN_POINT('',(0.999906489152,3.474326116759E-03));
#14602 = CARTESIAN_POINT('',(0.999886886015,3.417463652973E-03));
#14603 = CARTESIAN_POINT('',(0.999873361521,3.360721169007E-03));
#14604 = CARTESIAN_POINT('',(0.999866377625,3.30414092591E-03));
#14605 = CARTESIAN_POINT('',(0.999867332774,3.247508345822E-03));
#14606 = CARTESIAN_POINT('',(0.99987611401,3.190632836236E-03));
#14607 = CARTESIAN_POINT('',(0.999891614822,3.133650281254E-03));
#14608 = CARTESIAN_POINT('',(0.999912711725,3.076560630426E-03));
#14609 = CARTESIAN_POINT('',(0.999936733572,3.019405611687E-03));
#14610 = CARTESIAN_POINT('',(0.999960437629,2.962217383491E-03));
#14611 = CARTESIAN_POINT('',(0.999982033929,2.90503048586E-03));
#14612 = CARTESIAN_POINT('',(0.999997782551,2.847877315709E-03));
#14613 = CARTESIAN_POINT('',(0.99999875982,2.790794886862E-03));
#14614 = CARTESIAN_POINT('',(0.999996536368,2.733770579527E-03));
#14615 = CARTESIAN_POINT('',(0.999993719358,2.676844038765E-03));
#14616 = CARTESIAN_POINT('',(0.999992659497,2.620069069164E-03));
#14617 = CARTESIAN_POINT('',(0.999992372004,2.56342378889E-03));
#14618 = CARTESIAN_POINT('',(0.999996061315,2.507074166914E-03));
#14619 = CARTESIAN_POINT('',(1.000000387144,2.450549849926E-03));
#14620 = CARTESIAN_POINT('',(1.000004258603,2.393797491624E-03));
#14621 = CARTESIAN_POINT('',(1.000004342108,2.336906171451E-03));
#14622 = CARTESIAN_POINT('',(1.000000136628,2.279800850047E-03));
#14623 = CARTESIAN_POINT('',(0.999986866118,2.222541780099E-03));
#14624 = CARTESIAN_POINT('',(0.999977222683,2.165196536685E-03));
#14625 = CARTESIAN_POINT('',(0.999973375403,2.107829094164E-03));
#14626 = CARTESIAN_POINT('',(0.999976477331,2.050517159219E-03));
#14627 = CARTESIAN_POINT('',(0.999985535871,1.993325228607E-03));
#14628 = CARTESIAN_POINT('',(0.999997351835,1.936301010186E-03));
#14629 = CARTESIAN_POINT('',(1.000000856858,1.879532063354E-03));
#14630 = CARTESIAN_POINT('',(0.999999220732,1.82295827099E-03));
#14631 = CARTESIAN_POINT('',(0.999999760539,1.766384843918E-03));
#14632 = CARTESIAN_POINT('',(1.000001386509,1.709939555169E-03));
#14633 = CARTESIAN_POINT('',(1.000001157418,1.653462910562E-03));
#14634 = CARTESIAN_POINT('',(1.000001141529,1.596514236364E-03));
#14635 = CARTESIAN_POINT('',(1.000003950114,1.53946647206E-03));
#14636 = CARTESIAN_POINT('',(0.999989393775,1.481508871858E-03));
#14637 = CARTESIAN_POINT('',(1.000000890001,1.423302829169E-03));
#14638 = CARTESIAN_POINT('',(0.999999418098,1.367811662794E-03));
#14639 = CARTESIAN_POINT('',(0.99999956672,1.311374543203E-03));
#14640 = CARTESIAN_POINT('',(1.000000986678,1.2548235419E-03));
#14641 = CARTESIAN_POINT('',(1.000003307061,1.197963030743E-03));
#14642 = CARTESIAN_POINT('',(1.000003340515,1.140916712301E-03));
#14643 = CARTESIAN_POINT('',(1.000002432542,1.08356304953E-03));
#14644 = CARTESIAN_POINT('',(1.000003511153,1.026454447363E-03));
#14645 = CARTESIAN_POINT('',(0.99999698246,9.676724324447E-04));
#14646 = CARTESIAN_POINT('',(0.999999853383,9.122519815066E-04));
#14647 = CARTESIAN_POINT('',(1.000000135699,8.573070452007E-04));
#14648 = CARTESIAN_POINT('',(1.000001974722,8.017468815869E-04));
#14649 = CARTESIAN_POINT('',(1.000003423252,7.455081818021E-04));
#14650 = CARTESIAN_POINT('',(1.000003755703,6.886196109975E-04));
#14651 = CARTESIAN_POINT('',(1.000003317598,6.311063674778E-04));
#14652 = CARTESIAN_POINT('',(1.000002065701,5.730336497902E-04));
#14653 = CARTESIAN_POINT('',(1.00000021597,5.142461807645E-04));
#14654 = CARTESIAN_POINT('',(1.000000031969,4.554651909301E-04));
#14655 = CARTESIAN_POINT('',(0.999999163654,4.025541271446E-04));
#14656 = CARTESIAN_POINT('',(0.999999071047,3.469957362597E-04));
#14657 = CARTESIAN_POINT('',(1.000000240837,2.911117268996E-04));
#14658 = CARTESIAN_POINT('',(1.000001605263,2.343195872218E-04));
#14659 = CARTESIAN_POINT('',(1.000000998523,1.7681473822E-04));
#14660 = CARTESIAN_POINT('',(1.000000376173,1.185842974301E-04));
#14661 = CARTESIAN_POINT('',(1.000000396776,5.967138083141E-05));
#14662 = CARTESIAN_POINT('',(1.000000217521,1.995963262021E-05));
#14663 = CARTESIAN_POINT('',(1.,0.));
#14664 = ( GEOMETRIC_REPRESENTATION_CONTEXT(2) 
PARAMETRIC_REPRESENTATION_CONTEXT() REPRESENTATION_CONTEXT('2D SPACE',''
  ) );
#14665 = ADVANCED_FACE('',(#14666),#14195,.T.);
#14666 = FACE_BOUND('',#14667,.T.);
#14667 = EDGE_LOOP('',(#14668,#14669,#15265,#15266));
#14668 = ORIENTED_EDGE('',*,*,#14179,.F.);
#14669 = ORIENTED_EDGE('',*,*,#14670,.T.);
#14670 = EDGE_CURVE('',#14157,#14279,#14671,.T.);
#14671 = SURFACE_CURVE('',#14672,(#14767,#15016),.PCURVE_S1.);
#14672 = B_SPLINE_CURVE_WITH_KNOTS('',3,(#14673,#14674,#14675,#14676,
    #14677,#14678,#14679,#14680,#14681,#14682,#14683,#14684,#14685,
    #14686,#14687,#14688,#14689,#14690,#14691,#14692,#14693,#14694,
    #14695,#14696,#14697,#14698,#14699,#14700,#14701,#14702,#14703,
    #14704,#14705,#14706,#14707,#14708,#14709,#14710,#14711,#14712,
    #14713,#14714,#14715,#14716,#14717,#14718,#14719,#14720,#14721,
    #14722,#14723,#14724,#14725,#14726,#14727,#14728,#14729,#14730,
    #14731,#14732,#14733,#14734,#14735,#14736,#14737,#14738,#14739,
    #14740,#14741,#14742,#14743,#14744,#14745,#14746,#14747,#14748,
    #14749,#14750,#14751,#14752,#14753,#14754,#14755,#14756,#14757,
    #14758,#14759,#14760,#14761,#14762,#14763,#14764,#14765,#14766),
  .UNSPECIFIED.,.F.,.F.,(4,2,1,2,2,2,1,2,2,2,1,1,2,2,2,1,1,2,2,2,2,1,1,2
    ,2,2,1,1,2,2,2,1,1,1,2,2,2,1,1,2,2,2,2,1,1,2,2,2,1,1,2,2,2,1,2,2,4),
  (0.,6.25000000002E-02,9.375000000029E-02,0.109375,0.125,0.187500000001
    ,0.218750000001,0.234375000001,0.250000000001,0.312500000001,
    0.343750000001,0.359375000001,0.367187500001,0.375000000001,
    0.437500000001,0.468750000002,0.484375000002,0.492187500002,
    0.500000000002,0.562500000002,0.593750000002,0.609375000002,
    0.617187500002,0.621093750002,0.625000000002,0.656250000002,
    0.671875000002,0.679687500002,0.683593750002,0.687500000002,
    0.718750000002,0.734375000002,0.742187500002,0.746093750003,
    0.748046875003,0.750000000003,0.765625000003,0.773437500003,
    0.777343750003,0.779296875003,0.781250000003,0.796875000003,
    0.804687500003,0.808593750003,0.810546875003,0.811523437503,
    0.812500000003,0.843750000002,0.859375000002,0.867187500002,
    0.871093750002,0.875000000002,0.906250000001,0.921875000001,
    0.929687500001,0.937500000001,1.),.UNSPECIFIED.);
#14673 = CARTESIAN_POINT('',(27.4,165.91,63.866842619386));
#14674 = CARTESIAN_POINT('',(27.503421622618,165.91,63.86684273914));
#14675 = CARTESIAN_POINT('',(27.607219007493,165.91535284674,
    63.869175538436));
#14676 = CARTESIAN_POINT('',(27.762632343531,165.93154224374,
    63.876173756695));
#14677 = CARTESIAN_POINT('',(27.84026781556,165.94167561436,
    63.880547620653));
#14678 = CARTESIAN_POINT('',(27.917633753517,165.95487888126,
    63.886233616854));
#14679 = CARTESIAN_POINT('',(27.969132834833,165.96436367732,
    63.890315865931));
#14680 = CARTESIAN_POINT('',(27.99619441077,165.96973306216,
    63.892625601628));
#14681 = CARTESIAN_POINT('',(28.117749597801,165.99543063673,
    63.903675055599));
#14682 = CARTESIAN_POINT('',(28.215048581628,166.02105290609,
    63.914678702331));
#14683 = CARTESIAN_POINT('',(28.360217084901,166.0673668852,
    63.934430297765));
#14684 = CARTESIAN_POINT('',(28.43260508905,166.09249265333,
    63.945117626815));
#14685 = CARTESIAN_POINT('',(28.504526179536,166.12061154958,
    63.957022252866));
#14686 = CARTESIAN_POINT('',(28.55234993224,166.14002605747,
    63.965229180678));
#14687 = CARTESIAN_POINT('',(28.577894654911,166.15080722734,
    63.969779625391));
#14688 = CARTESIAN_POINT('',(28.688312743252,166.19899659316,
    63.990090869216));
#14689 = CARTESIAN_POINT('',(28.776536222056,166.24256989992,
    64.008373270805));
#14690 = CARTESIAN_POINT('',(28.907694409512,166.31589776707,
    64.038846982984));
#14691 = CARTESIAN_POINT('',(28.972977186298,166.35455205249,
    64.054846366522));
#14692 = CARTESIAN_POINT('',(29.048379479035,166.4032077132,
    64.074846737018));
#14693 = CARTESIAN_POINT('',(29.080504392635,166.42482951124,
    64.083704272167));
#14694 = CARTESIAN_POINT('',(29.101875634351,166.43941571747,
    64.089672839554));
#14695 = CARTESIAN_POINT('',(29.113791051194,166.44767351616,
    64.093047710618));
#14696 = CARTESIAN_POINT('',(29.198267130123,166.50694984295,
    64.117248820904));
#14697 = CARTESIAN_POINT('',(29.273309840254,166.56474616696,
    64.14068228121));
#14698 = CARTESIAN_POINT('',(29.384550031531,166.65968057887,
    64.178714515079));
#14699 = CARTESIAN_POINT('',(29.439836144242,166.70920580532,
    64.198451142866));
#14700 = CARTESIAN_POINT('',(29.503446307126,166.77068940254,
    64.22273810261));
#14701 = CARTESIAN_POINT('',(29.530482257228,166.79784242217,
    64.233416991213));
#14702 = CARTESIAN_POINT('',(29.548452186778,166.81612381382,
    64.240596292853));
#14703 = CARTESIAN_POINT('',(29.558813073904,166.82681866592,
    64.244789412642));
#14704 = CARTESIAN_POINT('',(29.626547201248,166.89752328757,
    64.272475624002));
#14705 = CARTESIAN_POINT('',(29.68726506692,166.96636836542,
    64.299207808554));
#14706 = CARTESIAN_POINT('',(29.777277515745,167.07946101722,
    64.342489413729));
#14707 = CARTESIAN_POINT('',(29.807100739359,167.11879439977,
    64.357447170179));
#14708 = CARTESIAN_POINT('',(29.851303373172,167.18033250577,
    64.380679636941));
#14709 = CARTESIAN_POINT('',(29.873271301485,167.21173582755,
    64.392494828344));
#14710 = CARTESIAN_POINT('',(29.898606504468,167.24949864949,
    64.406627394852));
#14711 = CARTESIAN_POINT('',(29.909394717503,167.26592539585,
    64.412758818327));
#14712 = CARTESIAN_POINT('',(29.91657061091,167.27693064674,
    64.416863013813));
#14713 = CARTESIAN_POINT('',(29.920775527318,167.2834329292,
    64.419285485238));
#14714 = CARTESIAN_POINT('',(29.947291560956,167.32469051034,
    64.434644829561));
#14715 = CARTESIAN_POINT('',(29.971115889744,167.3635143756,
    64.449016482457));
#14716 = CARTESIAN_POINT('',(30.006857206931,167.42512317719,
    64.471652315382));
#14717 = CARTESIAN_POINT('',(30.024728366896,167.45677060942,
    64.48323982024));
#14718 = CARTESIAN_POINT('',(30.04548892578,167.49519721049,
    64.497230355599));
#14719 = CARTESIAN_POINT('',(30.054357077306,167.5119910706,
    64.503327394972));
#14720 = CARTESIAN_POINT('',(30.060261543378,167.523259584,
    64.507414553587));
#14721 = CARTESIAN_POINT('',(30.063839305741,167.53015013703,
    64.509911025331));
#14722 = CARTESIAN_POINT('',(30.084671407395,167.57053336486,
    64.524530494116));
#14723 = CARTESIAN_POINT('',(30.1041284545,167.61001651097,
    64.538749718208));
#14724 = CARTESIAN_POINT('',(30.134052186257,167.67487831151,
    64.561914765437));
#14725 = CARTESIAN_POINT('',(30.149196558216,167.70871842978,
    64.573956341825));
#14726 = CARTESIAN_POINT('',(30.167015556881,167.75071828751,
    64.588808189962));
#14727 = CARTESIAN_POINT('',(30.175939914846,167.77235446851,
    64.596434949619));
#14728 = CARTESIAN_POINT('',(30.179765341387,167.7817641175,
    64.599746597098));
#14729 = CARTESIAN_POINT('',(30.182315501279,167.7880677333,
    64.601963925684));
#14730 = CARTESIAN_POINT('',(30.183999981185,167.79225695256,
    64.603436539198));
#14731 = CARTESIAN_POINT('',(30.191788152682,167.81169881562,
    64.610268083426));
#14732 = CARTESIAN_POINT('',(30.199540038575,167.83150667912,
    64.617211246206));
#14733 = CARTESIAN_POINT('',(30.212172175905,167.86509296071,
    64.628932008906));
#14734 = CARTESIAN_POINT('',(30.218738343836,167.88285493512,
    64.635118894889));
#14735 = CARTESIAN_POINT('',(30.226773714137,167.90529304775,
    64.642908311643));
#14736 = CARTESIAN_POINT('',(30.230290353412,167.91527930337,
    64.646369072347));
#14737 = CARTESIAN_POINT('',(30.2326501389,167.92201926157,
    64.648703454868));
#14738 = CARTESIAN_POINT('',(30.233373675491,167.92408958625,
    64.64942037746));
#14739 = CARTESIAN_POINT('',(30.248303426651,167.96723054849,
    64.664344834543));
#14740 = CARTESIAN_POINT('',(30.25808307226,167.99789957261,
    64.674866541435));
#14741 = CARTESIAN_POINT('',(30.268662915359,168.03198258135,
    64.686532386001));
#14742 = CARTESIAN_POINT('',(30.271501931411,168.04135972267,
    64.689734881561));
#14743 = CARTESIAN_POINT('',(30.274817341572,168.05242197383,
    64.693509445958));
#14744 = CARTESIAN_POINT('',(30.276238684862,168.0572024439,
    64.695139433421));
#14745 = CARTESIAN_POINT('',(30.277496399142,168.06146205598,
    64.696590819673));
#14746 = CARTESIAN_POINT('',(30.277950600681,168.06300496259,
    64.697116356827));
#14747 = CARTESIAN_POINT('',(30.278234654088,168.06397072783,
    64.697445273701));
#14748 = CARTESIAN_POINT('',(30.277996088827,168.06315786931,
    64.697168518902));
#14749 = CARTESIAN_POINT('',(30.29431606438,168.11874145133,
    64.716094343346));
#14750 = CARTESIAN_POINT('',(30.3073946972,168.1688523241,
    64.732978047308));
#14751 = CARTESIAN_POINT('',(30.323856959288,168.23797214914,
    64.756100687278));
#14752 = CARTESIAN_POINT('',(30.331297064704,168.27102278043,
    64.767111278269));
#14753 = CARTESIAN_POINT('',(30.338780338139,168.3068827782,
    64.77899319202));
#14754 = CARTESIAN_POINT('',(30.341749477372,168.32166795605,
    64.783878917398));
#14755 = CARTESIAN_POINT('',(30.343678027694,168.33139456378,
    64.787090173567));
#14756 = CARTESIAN_POINT('',(30.344315687543,168.33463385894,
    64.788159107917));
#14757 = CARTESIAN_POINT('',(30.35525580252,168.39125994016,
    64.806820434174));
#14758 = CARTESIAN_POINT('',(30.363329293532,168.43996718912,
    64.822720358189));
#14759 = CARTESIAN_POINT('',(30.373366008884,168.51042846258,
    64.845538361894));
#14760 = CARTESIAN_POINT('',(30.377865663984,168.54500992818,
    64.856689393166));
#14761 = CARTESIAN_POINT('',(30.381659651296,168.57859395428,
    64.867453468569));
#14762 = CARTESIAN_POINT('',(30.384039962799,168.60075940803,
    64.874543528644));
#14763 = CARTESIAN_POINT('',(30.38499469226,168.61005811053,
    64.877512881566));
#14764 = CARTESIAN_POINT('',(30.395848253313,168.72282619054,
    64.91343837833));
#14765 = CARTESIAN_POINT('',(30.4,168.81879910315,64.94342949568));
#14766 = CARTESIAN_POINT('',(30.4,168.91,64.971477955479));
#14767 = PCURVE('',#14195,#14768);
#14768 = DEFINITIONAL_REPRESENTATION('',(#14769),#15015);
#14769 = B_SPLINE_CURVE_WITH_KNOTS('',3,(#14770,#14771,#14772,#14773,
    #14774,#14775,#14776,#14777,#14778,#14779,#14780,#14781,#14782,
    #14783,#14784,#14785,#14786,#14787,#14788,#14789,#14790,#14791,
    #14792,#14793,#14794,#14795,#14796,#14797,#14798,#14799,#14800,
    #14801,#14802,#14803,#14804,#14805,#14806,#14807,#14808,#14809,
    #14810,#14811,#14812,#14813,#14814,#14815,#14816,#14817,#14818,
    #14819,#14820,#14821,#14822,#14823,#14824,#14825,#14826,#14827,
    #14828,#14829,#14830,#14831,#14832,#14833,#14834,#14835,#14836,
    #14837,#14838,#14839,#14840,#14841,#14842,#14843,#14844,#14845,
    #14846,#14847,#14848,#14849,#14850,#14851,#14852,#14853,#14854,
    #14855,#14856,#14857,#14858,#14859,#14860,#14861,#14862,#14863,
    #14864,#14865,#14866,#14867,#14868,#14869,#14870,#14871,#14872,
    #14873,#14874,#14875,#14876,#14877,#14878,#14879,#14880,#14881,
    #14882,#14883,#14884,#14885,#14886,#14887,#14888,#14889,#14890,
    #14891,#14892,#14893,#14894,#14895,#14896,#14897,#14898,#14899,
    #14900,#14901,#14902,#14903,#14904,#14905,#14906,#14907,#14908,
    #14909,#14910,#14911,#14912,#14913,#14914,#14915,#14916,#14917,
    #14918,#14919,#14920,#14921,#14922,#14923,#14924,#14925,#14926,
    #14927,#14928,#14929,#14930,#14931,#14932,#14933,#14934,#14935,
    #14936,#14937,#14938,#14939,#14940,#14941,#14942,#14943,#14944,
    #14945,#14946,#14947,#14948,#14949,#14950,#14951,#14952,#14953,
    #14954,#14955,#14956,#14957,#14958,#14959,#14960,#14961,#14962,
    #14963,#14964,#14965,#14966,#14967,#14968,#14969,#14970,#14971,
    #14972,#14973,#14974,#14975,#14976,#14977,#14978,#14979,#14980,
    #14981,#14982,#14983,#14984,#14985,#14986,#14987,#14988,#14989,
    #14990,#14991,#14992,#14993,#14994,#14995,#14996,#14997,#14998,
    #14999,#15000,#15001,#15002,#15003,#15004,#15005,#15006,#15007,
    #15008,#15009,#15010,#15011,#15012,#15013,#15014),.UNSPECIFIED.,.F.,
  .F.,(4,1,1,1,1,1,1,1,1,1,1,1,1,1,1,1,1,1,1,1,1,1,1,1,1,1,1,1,1,1,1,1,1
    ,1,1,1,1,1,1,1,1,1,1,1,1,1,1,1,1,1,1,1,1,1,1,1,1,1,1,1,1,1,1,1,1,1,1
    ,1,1,1,1,1,1,1,1,1,1,1,1,1,1,1,1,1,1,1,1,1,1,1,1,1,1,1,1,1,1,1,1,1,1
    ,1,1,1,1,1,1,1,1,1,1,1,1,1,1,1,1,1,1,1,1,1,1,1,1,1,1,1,1,1,1,1,1,1,1
    ,1,1,1,1,1,1,1,1,1,1,1,1,1,1,1,1,1,1,1,1,1,1,1,1,1,1,1,1,1,1,1,1,1,1
    ,1,1,1,1,1,1,1,1,1,1,1,1,1,1,1,1,1,1,1,1,1,1,1,1,1,1,1,1,1,1,1,1,1,1
    ,1,1,1,1,1,1,1,1,1,1,1,1,1,1,1,1,1,1,1,1,1,1,1,1,1,1,1,1,1,1,1,1,1,1
    ,1,1,1,1,1,4),(0.,4.132231404959E-03,8.264462809917E-03,
    1.239669421488E-02,1.652892561983E-02,2.066115702479E-02,
    2.479338842975E-02,2.892561983471E-02,3.305785123967E-02,
    3.719008264463E-02,4.132231404959E-02,4.545454545455E-02,
    4.95867768595E-02,5.371900826446E-02,5.785123966942E-02,
    6.198347107438E-02,6.611570247934E-02,7.02479338843E-02,
    7.438016528926E-02,7.851239669421E-02,8.264462809917E-02,
    8.677685950413E-02,9.090909090909E-02,9.504132231405E-02,
    9.917355371901E-02,0.103305785124,0.107438016529,0.111570247934,
    0.115702479339,0.119834710744,0.123966942149,0.128099173554,
    0.132231404959,0.136363636364,0.140495867769,0.144628099174,
    0.148760330579,0.152892561983,0.157024793388,0.161157024793,
    0.165289256198,0.169421487603,0.173553719008,0.177685950413,
    0.181818181818,0.185950413223,0.190082644628,0.194214876033,
    0.198347107438,0.202479338843,0.206611570248,0.210743801653,
    0.214876033058,0.219008264463,0.223140495868,0.227272727273,
    0.231404958678,0.235537190083,0.239669421488,0.243801652893,
    0.247933884298,0.252066115702,0.256198347107,0.260330578512,
    0.264462809917,0.268595041322,0.272727272727,0.276859504132,
    0.280991735537,0.285123966942,0.289256198347,0.293388429752,
    0.297520661157,0.301652892562,0.305785123967,0.309917355372,
    0.314049586777,0.318181818182,0.322314049587,0.326446280992,
    0.330578512397,0.334710743802,0.338842975207,0.342975206612,
    0.347107438017,0.351239669421,0.355371900826,0.359504132231,
    0.363636363636,0.367768595041,0.371900826446,0.376033057851,
    0.380165289256,0.384297520661,0.388429752066,0.392561983471,
    0.396694214876,0.400826446281,0.404958677686,0.409090909091,
    0.413223140496,0.417355371901,0.421487603306,0.425619834711,
    0.429752066116,0.433884297521,0.438016528926,0.442148760331,
    0.446280991736,0.45041322314,0.454545454545,0.45867768595,
    0.462809917355,0.46694214876,0.471074380165,0.47520661157,
    0.479338842975,0.48347107438,0.487603305785,0.49173553719,
    0.495867768595,0.5,0.504132231405,0.50826446281,0.512396694215,
    0.51652892562,0.520661157025,0.52479338843,0.528925619835,
    0.53305785124,0.537190082645,0.54132231405,0.545454545455,
    0.54958677686,0.553719008264,0.557851239669,0.561983471074,
    0.566115702479,0.570247933884,0.574380165289,0.578512396694,
    0.582644628099,0.586776859504,0.590909090909,0.595041322314,
    0.599173553719,0.603305785124,0.607438016529,0.611570247934,
    0.615702479339,0.619834710744,0.623966942149,0.628099173554,
    0.632231404959,0.636363636364,0.640495867769,0.644628099174,
    0.648760330579,0.652892561983,0.657024793388,0.661157024793,
    0.665289256198,0.669421487603,0.673553719008,0.677685950413,
    0.681818181818,0.685950413223,0.690082644628,0.694214876033,
    0.698347107438,0.702479338843,0.706611570248,0.710743801653,
    0.714876033058,0.719008264463,0.723140495868,0.727272727273,
    0.731404958678,0.735537190083,0.739669421488,0.743801652893,
    0.747933884298,0.752066115702,0.756198347107,0.760330578512,
    0.764462809917,0.768595041322,0.772727272727,0.776859504132,
    0.780991735537,0.785123966942,0.789256198347,0.793388429752,
    0.797520661157,0.801652892562,0.805785123967,0.809917355372,
    0.814049586777,0.818181818182,0.822314049587,0.826446280992,
    0.830578512397,0.834710743802,0.838842975207,0.842975206612,
    0.847107438017,0.851239669421,0.855371900826,0.859504132231,
    0.863636363636,0.867768595041,0.871900826446,0.876033057851,
    0.880165289256,0.884297520661,0.888429752066,0.892561983471,
    0.896694214876,0.900826446281,0.904958677686,0.909090909091,
    0.913223140496,0.917355371901,0.921487603306,0.925619834711,
    0.929752066116,0.933884297521,0.938016528926,0.942148760331,
    0.946280991736,0.95041322314,0.954545454545,0.95867768595,
    0.962809917355,0.96694214876,0.971074380165,0.97520661157,
    0.979338842975,0.98347107438,0.987603305785,0.99173553719,
    0.995867768595,1.),.QUASI_UNIFORM_KNOTS.);
#14770 = CARTESIAN_POINT('',(1.570796326795,16.235445411243));
#14771 = CARTESIAN_POINT('',(1.57307559125,16.235445419161));
#14772 = CARTESIAN_POINT('',(1.577635215035,16.235465828615));
#14773 = CARTESIAN_POINT('',(1.58447793058,16.235557623655));
#14774 = CARTESIAN_POINT('',(1.591323921007,16.235710599553));
#14775 = CARTESIAN_POINT('',(1.598173182114,16.23592475631));
#14776 = CARTESIAN_POINT('',(1.60502571029,16.236200093924));
#14777 = CARTESIAN_POINT('',(1.611881502642,16.236536612397));
#14778 = CARTESIAN_POINT('',(1.618740557043,16.236934311728));
#14779 = CARTESIAN_POINT('',(1.625602872195,16.237393191917));
#14780 = CARTESIAN_POINT('',(1.632468447689,16.237913252964));
#14781 = CARTESIAN_POINT('',(1.639337284067,16.238494494869));
#14782 = CARTESIAN_POINT('',(1.646209382889,16.239136917633));
#14783 = CARTESIAN_POINT('',(1.653084746755,16.239840521254));
#14784 = CARTESIAN_POINT('',(1.659963379521,16.240605305734));
#14785 = CARTESIAN_POINT('',(1.666845285776,16.241431271072));
#14786 = CARTESIAN_POINT('',(1.673730473065,16.242318417268));
#14787 = CARTESIAN_POINT('',(1.680618943896,16.243266744323));
#14788 = CARTESIAN_POINT('',(1.687510683222,16.244276252235));
#14789 = CARTESIAN_POINT('',(1.694405691897,16.245346941007));
#14790 = CARTESIAN_POINT('',(1.701303967677,16.246478810631));
#14791 = CARTESIAN_POINT('',(1.708205510361,16.247671861137));
#14792 = CARTESIAN_POINT('',(1.715110319915,16.248926092412));
#14793 = CARTESIAN_POINT('',(1.722018399219,16.25024150488));
#14794 = CARTESIAN_POINT('',(1.72892974532,16.251618096954));
#14795 = CARTESIAN_POINT('',(1.735844381836,16.253055874557));
#14796 = CARTESIAN_POINT('',(1.742762223755,16.254554815591));
#14797 = CARTESIAN_POINT('',(1.749683575346,16.256115002522));
#14798 = CARTESIAN_POINT('',(1.756607295063,16.25773612758));
#14799 = CARTESIAN_POINT('',(1.763678184943,16.259456846357));
#14800 = CARTESIAN_POINT('',(1.770705018594,16.261226050829));
#14801 = CARTESIAN_POINT('',(1.777531582137,16.263002355607));
#14802 = CARTESIAN_POINT('',(1.784054258698,16.26475706255));
#14803 = CARTESIAN_POINT('',(1.790651467232,16.26658473867));
#14804 = CARTESIAN_POINT('',(1.797240879064,16.268464830248));
#14805 = CARTESIAN_POINT('',(1.803844536967,16.270402844638));
#14806 = CARTESIAN_POINT('',(1.81045652035,16.272397306147));
#14807 = CARTESIAN_POINT('',(1.817078404328,16.274448610187));
#14808 = CARTESIAN_POINT('',(1.823709758566,16.276556650808));
#14809 = CARTESIAN_POINT('',(1.830350693173,16.278721456398));
#14810 = CARTESIAN_POINT('',(1.837001176593,16.280943019351));
#14811 = CARTESIAN_POINT('',(1.843661218451,16.283221341705));
#14812 = CARTESIAN_POINT('',(1.850330820612,16.285556422914));
#14813 = CARTESIAN_POINT('',(1.857009990389,16.287948263125));
#14814 = CARTESIAN_POINT('',(1.863698736975,16.290396862297));
#14815 = CARTESIAN_POINT('',(1.870397072789,16.292902220443));
#14816 = CARTESIAN_POINT('',(1.877105011964,16.295464337556));
#14817 = CARTESIAN_POINT('',(1.883822575351,16.298083213649));
#14818 = CARTESIAN_POINT('',(1.890549720948,16.300758848678));
#14819 = CARTESIAN_POINT('',(1.897286446988,16.303491242808));
#14820 = CARTESIAN_POINT('',(1.904032746448,16.306280395418));
#14821 = CARTESIAN_POINT('',(1.910788622322,16.309126308827));
#14822 = CARTESIAN_POINT('',(1.917554058105,16.312028974385));
#14823 = CARTESIAN_POINT('',(1.924329120934,16.314988424371));
#14824 = CARTESIAN_POINT('',(1.931113578876,16.318004538316));
#14825 = CARTESIAN_POINT('',(1.937908328957,16.32107776582));
#14826 = CARTESIAN_POINT('',(1.944710045404,16.324206428952));
#14827 = CARTESIAN_POINT('',(1.951531105618,16.327396789836));
#14828 = CARTESIAN_POINT('',(1.958325296925,16.330625477906));
#14829 = CARTESIAN_POINT('',(1.965321875622,16.334008447024));
#14830 = CARTESIAN_POINT('',(1.972321687754,16.337444989298));
#14831 = CARTESIAN_POINT('',(1.97913814759,16.34084053847));
#14832 = CARTESIAN_POINT('',(1.985485429468,16.344051351461));
#14833 = CARTESIAN_POINT('',(1.99188104749,16.347330873975));
#14834 = CARTESIAN_POINT('',(1.998284806761,16.350659607601));
#14835 = CARTESIAN_POINT('',(2.004707447368,16.354042776921));
#14836 = CARTESIAN_POINT('',(2.011146066415,16.357478982014));
#14837 = CARTESIAN_POINT('',(2.017601421702,16.360968597986));
#14838 = CARTESIAN_POINT('',(2.024073295283,16.364511524328));
#14839 = CARTESIAN_POINT('',(2.030561735856,16.368107787973));
#14840 = CARTESIAN_POINT('',(2.037066725929,16.371757381702));
#14841 = CARTESIAN_POINT('',(2.043588271068,16.375460307451));
#14842 = CARTESIAN_POINT('',(2.05012637601,16.3792165647));
#14843 = CARTESIAN_POINT('',(2.056681051243,16.383026153589));
#14844 = CARTESIAN_POINT('',(2.063252310845,16.386889074081));
#14845 = CARTESIAN_POINT('',(2.069840174806,16.390805326185));
#14846 = CARTESIAN_POINT('',(2.076444662158,16.394774909898));
#14847 = CARTESIAN_POINT('',(2.083065816392,16.398797825226));
#14848 = CARTESIAN_POINT('',(2.089703582795,16.402874072149));
#14849 = CARTESIAN_POINT('',(2.096357942664,16.407003650736));
#14850 = CARTESIAN_POINT('',(2.103028888403,16.411186560735));
#14851 = CARTESIAN_POINT('',(2.109716416556,16.415422803085));
#14852 = CARTESIAN_POINT('',(2.116420522229,16.419712374281));
#14853 = CARTESIAN_POINT('',(2.123141228709,16.424055287406));
#14854 = CARTESIAN_POINT('',(2.129878474882,16.428451493631));
#14855 = CARTESIAN_POINT('',(2.136632536253,16.432901175186));
#14856 = CARTESIAN_POINT('',(2.14340243728,16.437403651985));
#14857 = CARTESIAN_POINT('',(2.150191780519,16.441961462142));
#14858 = CARTESIAN_POINT('',(2.156987083604,16.446565133282));
#14859 = CARTESIAN_POINT('',(2.163838652795,16.451250016797));
#14860 = CARTESIAN_POINT('',(2.170558743758,16.455884179491));
#14861 = CARTESIAN_POINT('',(2.177895030828,16.460993077041));
#14862 = CARTESIAN_POINT('',(2.184229065385,16.465440151998));
#14863 = CARTESIAN_POINT('',(2.190239146712,16.469693145636));
#14864 = CARTESIAN_POINT('',(2.19636806214,16.4740620389));
#14865 = CARTESIAN_POINT('',(2.202497122629,16.478463772648));
#14866 = CARTESIAN_POINT('',(2.208658093483,16.482920602509));
#14867 = CARTESIAN_POINT('',(2.214842433153,16.487426565105));
#14868 = CARTESIAN_POINT('',(2.221052407601,16.491983258319));
#14869 = CARTESIAN_POINT('',(2.227287394299,16.496590254));
#14870 = CARTESIAN_POINT('',(2.233547552117,16.501247666869));
#14871 = CARTESIAN_POINT('',(2.239832838035,16.505955466188));
#14872 = CARTESIAN_POINT('',(2.24614327063,16.510713660193));
#14873 = CARTESIAN_POINT('',(2.252478859669,16.515522246676));
#14874 = CARTESIAN_POINT('',(2.258839624444,16.52038122623));
#14875 = CARTESIAN_POINT('',(2.265225591064,16.525290598697));
#14876 = CARTESIAN_POINT('',(2.271636785147,16.530250364116));
#14877 = CARTESIAN_POINT('',(2.27807326394,16.535260522483));
#14878 = CARTESIAN_POINT('',(2.284534991298,16.540321073779));
#14879 = CARTESIAN_POINT('',(2.291021910522,16.545432018082));
#14880 = CARTESIAN_POINT('',(2.297534016601,16.5505933551));
#14881 = CARTESIAN_POINT('',(2.304071300298,16.555805085922));
#14882 = CARTESIAN_POINT('',(2.310633755915,16.561067206489));
#14883 = CARTESIAN_POINT('',(2.317221406438,16.566379731941));
#14884 = CARTESIAN_POINT('',(2.323834195507,16.571742605781));
#14885 = CARTESIAN_POINT('',(2.330472394647,16.577156038856));
#14886 = CARTESIAN_POINT('',(2.337135074698,16.582619244276));
#14887 = CARTESIAN_POINT('',(2.343825682431,16.588135158755));
#14888 = CARTESIAN_POINT('',(2.350531283908,16.593692822324));
#14889 = CARTESIAN_POINT('',(2.357300128807,16.599333138144));
#14890 = CARTESIAN_POINT('',(2.36395214815,16.604903453543));
#14891 = CARTESIAN_POINT('',(2.371159360153,16.610973476047));
#14892 = CARTESIAN_POINT('',(2.377841971281,16.616628574155));
#14893 = CARTESIAN_POINT('',(2.383362553009,16.621322928556));
#14894 = CARTESIAN_POINT('',(2.389246345414,16.626345288721));
#14895 = CARTESIAN_POINT('',(2.395084590785,16.631350335271));
#14896 = CARTESIAN_POINT('',(2.400986755659,16.636430596255));
#14897 = CARTESIAN_POINT('',(2.40692345997,16.641561278856));
#14898 = CARTESIAN_POINT('',(2.412902538717,16.646749026289));
#14899 = CARTESIAN_POINT('',(2.418921866433,16.651992058511));
#14900 = CARTESIAN_POINT('',(2.424981997889,16.657290852483));
#14901 = CARTESIAN_POINT('',(2.431082781073,16.662645280403));
#14902 = CARTESIAN_POINT('',(2.437224264768,16.668055376516));
#14903 = CARTESIAN_POINT('',(2.443406455487,16.673521131646));
#14904 = CARTESIAN_POINT('',(2.449629382324,16.679042548251));
#14905 = CARTESIAN_POINT('',(2.455893080761,16.684619625673));
#14906 = CARTESIAN_POINT('',(2.462197592737,16.690252364089));
#14907 = CARTESIAN_POINT('',(2.468542982664,16.695940763449));
#14908 = CARTESIAN_POINT('',(2.474929273369,16.701684823776));
#14909 = CARTESIAN_POINT('',(2.481356332407,16.707484545028));
#14910 = CARTESIAN_POINT('',(2.487824159462,16.713339927346));
#14911 = CARTESIAN_POINT('',(2.494332732797,16.719250970213));
#14912 = CARTESIAN_POINT('',(2.500882051692,16.725217675555));
#14913 = CARTESIAN_POINT('',(2.507472115019,16.731240036183));
#14914 = CARTESIAN_POINT('',(2.514102964802,16.737318078927));
#14915 = CARTESIAN_POINT('',(2.520774533674,16.743451703659));
#14916 = CARTESIAN_POINT('',(2.527487199172,16.749641284058));
#14917 = CARTESIAN_POINT('',(2.534239455751,16.755885425535));
#14918 = CARTESIAN_POINT('',(2.541036841773,16.762189332772));
#14919 = CARTESIAN_POINT('',(2.54785870179,16.768533581626));
#14920 = CARTESIAN_POINT('',(2.554782173103,16.774990663989));
#14921 = CARTESIAN_POINT('',(2.561519368814,16.781290036434));
#14922 = CARTESIAN_POINT('',(2.569144666726,16.78844138078));
#14923 = CARTESIAN_POINT('',(2.574640972651,16.79360902734));
#14924 = CARTESIAN_POINT('',(2.580567023833,16.799190859828));
#14925 = CARTESIAN_POINT('',(2.586464154643,16.804757341223));
#14926 = CARTESIAN_POINT('',(2.59245523099,16.810423565098));
#14927 = CARTESIAN_POINT('',(2.598507318826,16.816158694183));
#14928 = CARTESIAN_POINT('',(2.604629241011,16.821970983979));
#14929 = CARTESIAN_POINT('',(2.610818681577,16.827858249759));
#14930 = CARTESIAN_POINT('',(2.617076211955,16.833820974929));
#14931 = CARTESIAN_POINT('',(2.623402075968,16.839859410588));
#14932 = CARTESIAN_POINT('',(2.629794692026,16.845972068936));
#14933 = CARTESIAN_POINT('',(2.63625996569,16.852164650076));
#14934 = CARTESIAN_POINT('',(2.642775832552,16.858415841396));
#14935 = CARTESIAN_POINT('',(2.649424717705,16.864805193237));
#14936 = CARTESIAN_POINT('',(2.655899014321,16.871035816849));
#14937 = CARTESIAN_POINT('',(2.663346671234,16.878215716891));
#14938 = CARTESIAN_POINT('',(2.668672746463,16.883357629004));
#14939 = CARTESIAN_POINT('',(2.674164246297,16.888665010525));
#14940 = CARTESIAN_POINT('',(2.679771728247,16.89409089192));
#14941 = CARTESIAN_POINT('',(2.685508379317,16.8996478584));
#14942 = CARTESIAN_POINT('',(2.691370638253,16.905332538652));
#14943 = CARTESIAN_POINT('',(2.697359461462,16.911145832722));
#14944 = CARTESIAN_POINT('',(2.703474637503,16.917087511735));
#14945 = CARTESIAN_POINT('',(2.709716263239,16.923157591147));
#14946 = CARTESIAN_POINT('',(2.716084523344,16.929356238007));
#14947 = CARTESIAN_POINT('',(2.722578627506,16.935682768663));
#14948 = CARTESIAN_POINT('',(2.729201199222,16.942139750678));
#14949 = CARTESIAN_POINT('',(2.735942464774,16.94871759745));
#14950 = CARTESIAN_POINT('',(2.742839017767,16.955452087823));
#14951 = CARTESIAN_POINT('',(2.749754347752,16.962209693023));
#14952 = CARTESIAN_POINT('',(2.757197794045,16.969488749303));
#14953 = CARTESIAN_POINT('',(2.763268496106,16.975429440423));
#14954 = CARTESIAN_POINT('',(2.768255205678,16.980311384268));
#14955 = CARTESIAN_POINT('',(2.774004769535,16.985942196467));
#14956 = CARTESIAN_POINT('',(2.780013139605,16.991828531104));
#14957 = CARTESIAN_POINT('',(2.786449707836,16.99813615621));
#14958 = CARTESIAN_POINT('',(2.793141256901,17.004695345582));
#14959 = CARTESIAN_POINT('',(2.800611077349,17.012019235997));
#14960 = CARTESIAN_POINT('',(2.806939272547,17.018225006551));
#14961 = CARTESIAN_POINT('',(2.818434404208,17.029499396276));
#14962 = CARTESIAN_POINT('',(2.827136259589,17.03803380607));
#14963 = CARTESIAN_POINT('',(2.835095893967,17.045839769822));
#14964 = CARTESIAN_POINT('',(2.841774563842,17.05238928616));
#14965 = CARTESIAN_POINT('',(2.847274528775,17.057782826678));
#14966 = CARTESIAN_POINT('',(2.851724747096,17.06214650637));
#14967 = CARTESIAN_POINT('',(2.854508007712,17.064875393672));
#14968 = CARTESIAN_POINT('',(2.857964099638,17.068263099845));
#14969 = CARTESIAN_POINT('',(2.866326704009,17.076456709157));
#14970 = CARTESIAN_POINT('',(2.873179330675,17.083167223571));
#14971 = CARTESIAN_POINT('',(2.880241389558,17.09007977514));
#14972 = CARTESIAN_POINT('',(2.887052227345,17.09674283369));
#14973 = CARTESIAN_POINT('',(2.893735283162,17.103277387862));
#14974 = CARTESIAN_POINT('',(2.900257428901,17.109651013267));
#14975 = CARTESIAN_POINT('',(2.906627452686,17.115872418824));
#14976 = CARTESIAN_POINT('',(2.912842785827,17.121939193244));
#14977 = CARTESIAN_POINT('',(2.91890456614,17.127852272763));
#14978 = CARTESIAN_POINT('',(2.924811413063,17.133610323725));
#14979 = CARTESIAN_POINT('',(2.930567848602,17.139217744519));
#14980 = CARTESIAN_POINT('',(2.936157089222,17.144658275245));
#14981 = CARTESIAN_POINT('',(2.941641593057,17.149992557115));
#14982 = CARTESIAN_POINT('',(2.946788406021,17.154994285182));
#14983 = CARTESIAN_POINT('',(2.952144292838,17.160194841673));
#14984 = CARTESIAN_POINT('',(2.959258800003,17.167095552523));
#14985 = CARTESIAN_POINT('',(2.965817438379,17.173449199857));
#14986 = CARTESIAN_POINT('',(2.972440422391,17.179857924221));
#14987 = CARTESIAN_POINT('',(2.978961591617,17.186160381308));
#14988 = CARTESIAN_POINT('',(2.985425478695,17.192399807798));
#14989 = CARTESIAN_POINT('',(2.991820116325,17.198564601281));
#14990 = CARTESIAN_POINT('',(2.99814874163,17.204657934716));
#14991 = CARTESIAN_POINT('',(3.004410172072,17.210678718673));
#14992 = CARTESIAN_POINT('',(3.010605717641,17.216628137916));
#14993 = CARTESIAN_POINT('',(3.016731547596,17.22250254282));
#14994 = CARTESIAN_POINT('',(3.022801756844,17.22831534712));
#14995 = CARTESIAN_POINT('',(3.028763771981,17.234016545501));
#14996 = CARTESIAN_POINT('',(3.034813716046,17.23979274549));
#14997 = CARTESIAN_POINT('',(3.040219032629,17.244946872812));
#14998 = CARTESIAN_POINT('',(3.046369850619,17.250802007723));
#14999 = CARTESIAN_POINT('',(3.053141807166,17.257237558566));
#15000 = CARTESIAN_POINT('',(3.059694512005,17.263452983551));
#15001 = CARTESIAN_POINT('',(3.066253225823,17.269662787204));
#15002 = CARTESIAN_POINT('',(3.07275765605,17.275809493212));
#15003 = CARTESIAN_POINT('',(3.07922401096,17.281908502304));
#15004 = CARTESIAN_POINT('',(3.085647987599,17.287955687869));
#15005 = CARTESIAN_POINT('',(3.092030766119,17.293952155629));
#15006 = CARTESIAN_POINT('',(3.098372044666,17.299897609306));
#15007 = CARTESIAN_POINT('',(3.104671905718,17.305792128288));
#15008 = CARTESIAN_POINT('',(3.11093031606,17.311635691303));
#15009 = CARTESIAN_POINT('',(3.1171472608,17.31742830405));
#15010 = CARTESIAN_POINT('',(3.123322707606,17.323169965002));
#15011 = CARTESIAN_POINT('',(3.129456616047,17.32886067457));
#15012 = CARTESIAN_POINT('',(3.135548936306,17.334500432642));
#15013 = CARTESIAN_POINT('',(3.139582715661,17.338226303713));
#15014 = CARTESIAN_POINT('',(3.14159265359,17.340080747336));
#15015 = ( GEOMETRIC_REPRESENTATION_CONTEXT(2) 
PARAMETRIC_REPRESENTATION_CONTEXT() REPRESENTATION_CONTEXT('2D SPACE',''
  ) );
#15016 = PCURVE('',#10615,#15017);
#15017 = DEFINITIONAL_REPRESENTATION('',(#15018),#15264);
#15018 = B_SPLINE_CURVE_WITH_KNOTS('',3,(#15019,#15020,#15021,#15022,
    #15023,#15024,#15025,#15026,#15027,#15028,#15029,#15030,#15031,
    #15032,#15033,#15034,#15035,#15036,#15037,#15038,#15039,#15040,
    #15041,#15042,#15043,#15044,#15045,#15046,#15047,#15048,#15049,
    #15050,#15051,#15052,#15053,#15054,#15055,#15056,#15057,#15058,
    #15059,#15060,#15061,#15062,#15063,#15064,#15065,#15066,#15067,
    #15068,#15069,#15070,#15071,#15072,#15073,#15074,#15075,#15076,
    #15077,#15078,#15079,#15080,#15081,#15082,#15083,#15084,#15085,
    #15086,#15087,#15088,#15089,#15090,#15091,#15092,#15093,#15094,
    #15095,#15096,#15097,#15098,#15099,#15100,#15101,#15102,#15103,
    #15104,#15105,#15106,#15107,#15108,#15109,#15110,#15111,#15112,
    #15113,#15114,#15115,#15116,#15117,#15118,#15119,#15120,#15121,
    #15122,#15123,#15124,#15125,#15126,#15127,#15128,#15129,#15130,
    #15131,#15132,#15133,#15134,#15135,#15136,#15137,#15138,#15139,
    #15140,#15141,#15142,#15143,#15144,#15145,#15146,#15147,#15148,
    #15149,#15150,#15151,#15152,#15153,#15154,#15155,#15156,#15157,
    #15158,#15159,#15160,#15161,#15162,#15163,#15164,#15165,#15166,
    #15167,#15168,#15169,#15170,#15171,#15172,#15173,#15174,#15175,
    #15176,#15177,#15178,#15179,#15180,#15181,#15182,#15183,#15184,
    #15185,#15186,#15187,#15188,#15189,#15190,#15191,#15192,#15193,
    #15194,#15195,#15196,#15197,#15198,#15199,#15200,#15201,#15202,
    #15203,#15204,#15205,#15206,#15207,#15208,#15209,#15210,#15211,
    #15212,#15213,#15214,#15215,#15216,#15217,#15218,#15219,#15220,
    #15221,#15222,#15223,#15224,#15225,#15226,#15227,#15228,#15229,
    #15230,#15231,#15232,#15233,#15234,#15235,#15236,#15237,#15238,
    #15239,#15240,#15241,#15242,#15243,#15244,#15245,#15246,#15247,
    #15248,#15249,#15250,#15251,#15252,#15253,#15254,#15255,#15256,
    #15257,#15258,#15259,#15260,#15261,#15262,#15263),.UNSPECIFIED.,.F.,
  .F.,(4,1,1,1,1,1,1,1,1,1,1,1,1,1,1,1,1,1,1,1,1,1,1,1,1,1,1,1,1,1,1,1,1
    ,1,1,1,1,1,1,1,1,1,1,1,1,1,1,1,1,1,1,1,1,1,1,1,1,1,1,1,1,1,1,1,1,1,1
    ,1,1,1,1,1,1,1,1,1,1,1,1,1,1,1,1,1,1,1,1,1,1,1,1,1,1,1,1,1,1,1,1,1,1
    ,1,1,1,1,1,1,1,1,1,1,1,1,1,1,1,1,1,1,1,1,1,1,1,1,1,1,1,1,1,1,1,1,1,1
    ,1,1,1,1,1,1,1,1,1,1,1,1,1,1,1,1,1,1,1,1,1,1,1,1,1,1,1,1,1,1,1,1,1,1
    ,1,1,1,1,1,1,1,1,1,1,1,1,1,1,1,1,1,1,1,1,1,1,1,1,1,1,1,1,1,1,1,1,1,1
    ,1,1,1,1,1,1,1,1,1,1,1,1,1,1,1,1,1,1,1,1,1,1,1,1,1,1,1,1,1,1,1,1,1,1
    ,1,1,1,1,1,4),(0.,4.132231404959E-03,8.264462809917E-03,
    1.239669421488E-02,1.652892561983E-02,2.066115702479E-02,
    2.479338842975E-02,2.892561983471E-02,3.305785123967E-02,
    3.719008264463E-02,4.132231404959E-02,4.545454545455E-02,
    4.95867768595E-02,5.371900826446E-02,5.785123966942E-02,
    6.198347107438E-02,6.611570247934E-02,7.02479338843E-02,
    7.438016528926E-02,7.851239669421E-02,8.264462809917E-02,
    8.677685950413E-02,9.090909090909E-02,9.504132231405E-02,
    9.917355371901E-02,0.103305785124,0.107438016529,0.111570247934,
    0.115702479339,0.119834710744,0.123966942149,0.128099173554,
    0.132231404959,0.136363636364,0.140495867769,0.144628099174,
    0.148760330579,0.152892561983,0.157024793388,0.161157024793,
    0.165289256198,0.169421487603,0.173553719008,0.177685950413,
    0.181818181818,0.185950413223,0.190082644628,0.194214876033,
    0.198347107438,0.202479338843,0.206611570248,0.210743801653,
    0.214876033058,0.219008264463,0.223140495868,0.227272727273,
    0.231404958678,0.235537190083,0.239669421488,0.243801652893,
    0.247933884298,0.252066115702,0.256198347107,0.260330578512,
    0.264462809917,0.268595041322,0.272727272727,0.276859504132,
    0.280991735537,0.285123966942,0.289256198347,0.293388429752,
    0.297520661157,0.301652892562,0.305785123967,0.309917355372,
    0.314049586777,0.318181818182,0.322314049587,0.326446280992,
    0.330578512397,0.334710743802,0.338842975207,0.342975206612,
    0.347107438017,0.351239669421,0.355371900826,0.359504132231,
    0.363636363636,0.367768595041,0.371900826446,0.376033057851,
    0.380165289256,0.384297520661,0.388429752066,0.392561983471,
    0.396694214876,0.400826446281,0.404958677686,0.409090909091,
    0.413223140496,0.417355371901,0.421487603306,0.425619834711,
    0.429752066116,0.433884297521,0.438016528926,0.442148760331,
    0.446280991736,0.45041322314,0.454545454545,0.45867768595,
    0.462809917355,0.46694214876,0.471074380165,0.47520661157,
    0.479338842975,0.48347107438,0.487603305785,0.49173553719,
    0.495867768595,0.5,0.504132231405,0.50826446281,0.512396694215,
    0.51652892562,0.520661157025,0.52479338843,0.528925619835,
    0.53305785124,0.537190082645,0.54132231405,0.545454545455,
    0.54958677686,0.553719008264,0.557851239669,0.561983471074,
    0.566115702479,0.570247933884,0.574380165289,0.578512396694,
    0.582644628099,0.586776859504,0.590909090909,0.595041322314,
    0.599173553719,0.603305785124,0.607438016529,0.611570247934,
    0.615702479339,0.619834710744,0.623966942149,0.628099173554,
    0.632231404959,0.636363636364,0.640495867769,0.644628099174,
    0.648760330579,0.652892561983,0.657024793388,0.661157024793,
    0.665289256198,0.669421487603,0.673553719008,0.677685950413,
    0.681818181818,0.685950413223,0.690082644628,0.694214876033,
    0.698347107438,0.702479338843,0.706611570248,0.710743801653,
    0.714876033058,0.719008264463,0.723140495868,0.727272727273,
    0.731404958678,0.735537190083,0.739669421488,0.743801652893,
    0.747933884298,0.752066115702,0.756198347107,0.760330578512,
    0.764462809917,0.768595041322,0.772727272727,0.776859504132,
    0.780991735537,0.785123966942,0.789256198347,0.793388429752,
    0.797520661157,0.801652892562,0.805785123967,0.809917355372,
    0.814049586777,0.818181818182,0.822314049587,0.826446280992,
    0.830578512397,0.834710743802,0.838842975207,0.842975206612,
    0.847107438017,0.851239669421,0.855371900826,0.859504132231,
    0.863636363636,0.867768595041,0.871900826446,0.876033057851,
    0.880165289256,0.884297520661,0.888429752066,0.892561983471,
    0.896694214876,0.900826446281,0.904958677686,0.909090909091,
    0.913223140496,0.917355371901,0.921487603306,0.925619834711,
    0.929752066116,0.933884297521,0.938016528926,0.942148760331,
    0.946280991736,0.95041322314,0.954545454545,0.95867768595,
    0.962809917355,0.96694214876,0.971074380165,0.97520661157,
    0.979338842975,0.98347107438,0.987603305785,0.99173553719,
    0.995867768595,1.),.QUASI_UNIFORM_KNOTS.);
#15019 = CARTESIAN_POINT('',(1.,3.720826093275E-03));
#15020 = CARTESIAN_POINT('',(1.000000018576,3.715774204431E-03));
#15021 = CARTESIAN_POINT('',(1.000000057127,3.705665392331E-03));
#15022 = CARTESIAN_POINT('',(1.000000151723,3.690487778295E-03));
#15023 = CARTESIAN_POINT('',(1.000000321666,3.675296473468E-03));
#15024 = CARTESIAN_POINT('',(1.000000584509,3.660092190847E-03));
#15025 = CARTESIAN_POINT('',(1.000000943745,3.644875635528E-03));
#15026 = CARTESIAN_POINT('',(1.000001387636,3.629647553168E-03));
#15027 = CARTESIAN_POINT('',(1.000001886679,3.61440854733E-03));
#15028 = CARTESIAN_POINT('',(1.000002404722,3.599159756989E-03));
#15029 = CARTESIAN_POINT('',(1.000002828262,3.583899457934E-03));
#15030 = CARTESIAN_POINT('',(1.000003243949,3.568629341053E-03));
#15031 = CARTESIAN_POINT('',(1.000003683834,3.553351079556E-03));
#15032 = CARTESIAN_POINT('',(1.00000414982,3.538066337887E-03));
#15033 = CARTESIAN_POINT('',(1.000004604743,3.522776860803E-03));
#15034 = CARTESIAN_POINT('',(1.000004982891,3.507484090987E-03));
#15035 = CARTESIAN_POINT('',(1.000005155377,3.492190592322E-03));
#15036 = CARTESIAN_POINT('',(1.000005058216,3.476894722013E-03));
#15037 = CARTESIAN_POINT('',(1.000005086654,3.46157151636E-03));
#15038 = CARTESIAN_POINT('',(1.000004890619,3.446223900395E-03));
#15039 = CARTESIAN_POINT('',(1.000004993805,3.430848464126E-03));
#15040 = CARTESIAN_POINT('',(1.000003333933,3.415443440446E-03));
#15041 = CARTESIAN_POINT('',(1.000003913821,3.400006425444E-03));
#15042 = CARTESIAN_POINT('',(1.00000325414,3.384535816071E-03));
#15043 = CARTESIAN_POINT('',(1.000002870228,3.369027137485E-03));
#15044 = CARTESIAN_POINT('',(1.000002413537,3.353487297009E-03));
#15045 = CARTESIAN_POINT('',(1.000001851119,3.33791942164E-03));
#15046 = CARTESIAN_POINT('',(1.000001404633,3.322322391598E-03));
#15047 = CARTESIAN_POINT('',(1.000000564501,3.306699411541E-03));
#15048 = CARTESIAN_POINT('',(0.999995903803,3.290723106342E-03));
#15049 = CARTESIAN_POINT('',(0.999996503908,3.274825559E-03));
#15050 = CARTESIAN_POINT('',(1.0000005734,3.259361523828E-03));
#15051 = CARTESIAN_POINT('',(0.999999829671,3.244568416672E-03));
#15052 = CARTESIAN_POINT('',(0.999999908859,3.22959120815E-03));
#15053 = CARTESIAN_POINT('',(0.999999751476,3.214616574282E-03));
#15054 = CARTESIAN_POINT('',(0.99999971283,3.199595253605E-03));
#15055 = CARTESIAN_POINT('',(0.999999753068,3.184541210125E-03));
#15056 = CARTESIAN_POINT('',(0.999999921979,3.169451472071E-03));
#15057 = CARTESIAN_POINT('',(1.000000228935,3.154327610233E-03));
#15058 = CARTESIAN_POINT('',(1.000000677589,3.139169982053E-03));
#15059 = CARTESIAN_POINT('',(1.000001256442,3.123979273096E-03));
#15060 = CARTESIAN_POINT('',(1.000001941234,3.108756083168E-03));
#15061 = CARTESIAN_POINT('',(1.000002694233,3.093501036436E-03));
#15062 = CARTESIAN_POINT('',(1.000003464138,3.078214750834E-03));
#15063 = CARTESIAN_POINT('',(1.0000041867,3.062897846328E-03));
#15064 = CARTESIAN_POINT('',(1.000004780934,3.047550938444E-03));
#15065 = CARTESIAN_POINT('',(1.000005168137,3.032174651775E-03));
#15066 = CARTESIAN_POINT('',(1.000005189561,3.016769568474E-03));
#15067 = CARTESIAN_POINT('',(1.000005093258,3.001336599489E-03));
#15068 = CARTESIAN_POINT('',(1.000004800903,2.985876441327E-03));
#15069 = CARTESIAN_POINT('',(1.000004826833,2.970389799983E-03));
#15070 = CARTESIAN_POINT('',(1.00000339996,2.954877408357E-03));
#15071 = CARTESIAN_POINT('',(1.000003816686,2.939339952468E-03));
#15072 = CARTESIAN_POINT('',(1.000003576654,2.923778042337E-03));
#15073 = CARTESIAN_POINT('',(1.000003091991,2.908192925129E-03));
#15074 = CARTESIAN_POINT('',(1.000002531912,2.892583259721E-03));
#15075 = CARTESIAN_POINT('',(1.000002004698,2.876957423872E-03));
#15076 = CARTESIAN_POINT('',(1.00000119386,2.861287709384E-03));
#15077 = CARTESIAN_POINT('',(1.000001608649,2.845681073753E-03));
#15078 = CARTESIAN_POINT('',(0.999995351593,2.829611311157E-03));
#15079 = CARTESIAN_POINT('',(0.999994216248,2.813537369771E-03));
#15080 = CARTESIAN_POINT('',(0.999999841671,2.797888509641E-03));
#15081 = CARTESIAN_POINT('',(1.000000019911,2.78332034233E-03));
#15082 = CARTESIAN_POINT('',(1.000000014268,2.768645193722E-03));
#15083 = CARTESIAN_POINT('',(1.000000213538,2.753956278737E-03));
#15084 = CARTESIAN_POINT('',(1.000000528505,2.739229705407E-03));
#15085 = CARTESIAN_POINT('',(1.00000098235,2.724472962938E-03));
#15086 = CARTESIAN_POINT('',(1.000001542364,2.709685130542E-03));
#15087 = CARTESIAN_POINT('',(1.00000220125,2.694867549582E-03));
#15088 = CARTESIAN_POINT('',(1.000002818838,2.680020921683E-03));
#15089 = CARTESIAN_POINT('',(1.000003672606,2.665146239592E-03));
#15090 = CARTESIAN_POINT('',(1.000003443498,2.650198058702E-03));
#15091 = CARTESIAN_POINT('',(1.000004796763,2.635184209343E-03));
#15092 = CARTESIAN_POINT('',(1.000005166211,2.620103015482E-03));
#15093 = CARTESIAN_POINT('',(1.000005405175,2.604955301012E-03));
#15094 = CARTESIAN_POINT('',(1.000005334326,2.58974121637E-03));
#15095 = CARTESIAN_POINT('',(1.000005346603,2.574461111477E-03));
#15096 = CARTESIAN_POINT('',(1.000005336953,2.559115189323E-03));
#15097 = CARTESIAN_POINT('',(1.000005332646,2.543704135234E-03));
#15098 = CARTESIAN_POINT('',(1.000005329661,2.528228811798E-03));
#15099 = CARTESIAN_POINT('',(1.000005316815,2.512689687986E-03));
#15100 = CARTESIAN_POINT('',(1.000005342862,2.497087338245E-03));
#15101 = CARTESIAN_POINT('',(1.000005223978,2.48142233462E-03));
#15102 = CARTESIAN_POINT('',(1.000003275411,2.465695249642E-03));
#15103 = CARTESIAN_POINT('',(1.000003917739,2.449906685661E-03));
#15104 = CARTESIAN_POINT('',(1.000003296993,2.434056708858E-03));
#15105 = CARTESIAN_POINT('',(1.000002594196,2.418148195093E-03));
#15106 = CARTESIAN_POINT('',(1.000001890094,2.402173224713E-03));
#15107 = CARTESIAN_POINT('',(1.000001322587,2.386164317859E-03));
#15108 = CARTESIAN_POINT('',(1.000000567227,2.370003092404E-03));
#15109 = CARTESIAN_POINT('',(1.000001009186,2.354134375627E-03));
#15110 = CARTESIAN_POINT('',(0.999996540025,2.336790021871E-03));
#15111 = CARTESIAN_POINT('',(1.000000914854,2.321799116883E-03));
#15112 = CARTESIAN_POINT('',(0.999999698023,2.307562494447E-03));
#15113 = CARTESIAN_POINT('',(1.000000105384,2.293031999799E-03));
#15114 = CARTESIAN_POINT('',(1.00000022629,2.278489138224E-03));
#15115 = CARTESIAN_POINT('',(1.000000587258,2.263859138062E-03));
#15116 = CARTESIAN_POINT('',(1.000001052461,2.2491626958E-03));
#15117 = CARTESIAN_POINT('',(1.000001656775,2.234394930823E-03));
#15118 = CARTESIAN_POINT('',(1.000002371779,2.219557819328E-03));
#15119 = CARTESIAN_POINT('',(1.000003207408,2.204651501876E-03));
#15120 = CARTESIAN_POINT('',(1.000004038067,2.189676617132E-03));
#15121 = CARTESIAN_POINT('',(1.000005195246,2.174633657143E-03));
#15122 = CARTESIAN_POINT('',(1.000005269723,2.159523210195E-03));
#15123 = CARTESIAN_POINT('',(1.000005247889,2.144345773505E-03));
#15124 = CARTESIAN_POINT('',(1.000005252002,2.129101872246E-03));
#15125 = CARTESIAN_POINT('',(1.000005249334,2.113792049884E-03));
#15126 = CARTESIAN_POINT('',(1.000005248549,2.098416794724E-03));
#15127 = CARTESIAN_POINT('',(1.000005247722,2.082976799733E-03));
#15128 = CARTESIAN_POINT('',(1.000005245901,2.067472593259E-03));
#15129 = CARTESIAN_POINT('',(1.000005248828,2.051904943602E-03));
#15130 = CARTESIAN_POINT('',(1.000005234493,2.036274579971E-03));
#15131 = CARTESIAN_POINT('',(1.000005285205,2.020582255075E-03));
#15132 = CARTESIAN_POINT('',(1.000005093746,2.004828680053E-03));
#15133 = CARTESIAN_POINT('',(1.000005806688,1.989014719134E-03));
#15134 = CARTESIAN_POINT('',(1.000003126202,1.973140673648E-03));
#15135 = CARTESIAN_POINT('',(1.000003931863,1.957209307058E-03));
#15136 = CARTESIAN_POINT('',(1.000003389706,1.941213377939E-03));
#15137 = CARTESIAN_POINT('',(1.000002923986,1.925184556797E-03));
#15138 = CARTESIAN_POINT('',(1.000001847243,1.909008453656E-03));
#15139 = CARTESIAN_POINT('',(1.00000307389,1.893115954281E-03));
#15140 = CARTESIAN_POINT('',(0.99999543602,1.875903051782E-03));
#15141 = CARTESIAN_POINT('',(1.0000013483,1.859949269772E-03));
#15142 = CARTESIAN_POINT('',(0.999999170781,1.846778148989E-03));
#15143 = CARTESIAN_POINT('',(1.000000267981,1.832750155561E-03));
#15144 = CARTESIAN_POINT('',(1.000001184892,1.818835862175E-03));
#15145 = CARTESIAN_POINT('',(1.000002352588,1.804770352664E-03));
#15146 = CARTESIAN_POINT('',(1.000003947249,1.790619493191E-03));
#15147 = CARTESIAN_POINT('',(1.000003783956,1.776360365513E-03));
#15148 = CARTESIAN_POINT('',(1.000003160288,1.761993444456E-03));
#15149 = CARTESIAN_POINT('',(1.000005818252,1.747512568442E-03));
#15150 = CARTESIAN_POINT('',(1.000005108233,1.732913211046E-03));
#15151 = CARTESIAN_POINT('',(1.000005300821,1.718195954611E-03));
#15152 = CARTESIAN_POINT('',(1.000005251717,1.703360993252E-03));
#15153 = CARTESIAN_POINT('',(1.000005267537,1.688408582688E-03));
#15154 = CARTESIAN_POINT('',(1.000005266131,1.673338968628E-03));
#15155 = CARTESIAN_POINT('',(1.000005269505,1.658152419868E-03));
#15156 = CARTESIAN_POINT('',(1.000005271795,1.642849167864E-03));
#15157 = CARTESIAN_POINT('',(1.000005274465,1.627429615564E-03));
#15158 = CARTESIAN_POINT('',(1.000005277544,1.611894346378E-03));
#15159 = CARTESIAN_POINT('',(1.000005279469,1.596243595659E-03));
#15160 = CARTESIAN_POINT('',(1.000005286474,1.580477828959E-03));
#15161 = CARTESIAN_POINT('',(1.000005275203,1.564597448847E-03));
#15162 = CARTESIAN_POINT('',(1.000005332865,1.548602892707E-03));
#15163 = CARTESIAN_POINT('',(1.000005133996,1.532494533642E-03));
#15164 = CARTESIAN_POINT('',(1.000005893259,1.516272977747E-03));
#15165 = CARTESIAN_POINT('',(1.000003077486,1.499938000797E-03));
#15166 = CARTESIAN_POINT('',(1.000004040158,1.48349348871E-03));
#15167 = CARTESIAN_POINT('',(1.000003005241,1.466926698468E-03));
#15168 = CARTESIAN_POINT('',(1.000001855884,1.450288621272E-03));
#15169 = CARTESIAN_POINT('',(1.000000867145,1.433391289854E-03));
#15170 = CARTESIAN_POINT('',(1.000000557198,1.416939037839E-03));
#15171 = CARTESIAN_POINT('',(0.999998957112,1.398306335105E-03));
#15172 = CARTESIAN_POINT('',(1.000000263872,1.384869051659E-03));
#15173 = CARTESIAN_POINT('',(0.9999999549,1.370376367176E-03));
#15174 = CARTESIAN_POINT('',(1.000000082402,1.355948937082E-03));
#15175 = CARTESIAN_POINT('',(1.000000047047,1.341287048753E-03));
#15176 = CARTESIAN_POINT('',(0.999999989151,1.326471570283E-03));
#15177 = CARTESIAN_POINT('',(0.999999882485,1.311481414691E-03));
#15178 = CARTESIAN_POINT('',(0.999999767326,1.296322738318E-03));
#15179 = CARTESIAN_POINT('',(0.999999723837,1.280994687044E-03));
#15180 = CARTESIAN_POINT('',(0.999999735401,1.265497230692E-03));
#15181 = CARTESIAN_POINT('',(0.999999754048,1.249834843371E-03));
#15182 = CARTESIAN_POINT('',(0.999999763615,1.233993706054E-03));
#15183 = CARTESIAN_POINT('',(0.999999852365,1.218028544809E-03));
#15184 = CARTESIAN_POINT('',(0.999999755708,1.201738208627E-03));
#15185 = CARTESIAN_POINT('',(1.000000444943,1.18587684282E-03));
#15186 = CARTESIAN_POINT('',(0.999998166437,1.167633708347E-03));
#15187 = CARTESIAN_POINT('',(1.000000516859,1.154589716623E-03));
#15188 = CARTESIAN_POINT('',(1.0000005077,1.141142709786E-03));
#15189 = CARTESIAN_POINT('',(1.000001365546,1.127414720359E-03));
#15190 = CARTESIAN_POINT('',(1.000001917152,1.113374096665E-03));
#15191 = CARTESIAN_POINT('',(1.000002292352,1.099030366331E-03));
#15192 = CARTESIAN_POINT('',(1.000002404813,1.084382031893E-03));
#15193 = CARTESIAN_POINT('',(1.000002328001,1.069430540837E-03));
#15194 = CARTESIAN_POINT('',(1.000002312489,1.0541766267E-03));
#15195 = CARTESIAN_POINT('',(1.000002338427,1.038620994805E-03));
#15196 = CARTESIAN_POINT('',(1.000002101402,1.022765526989E-03));
#15197 = CARTESIAN_POINT('',(1.000001688551,1.006605708995E-03));
#15198 = CARTESIAN_POINT('',(1.000001218887,9.901670741226E-04));
#15199 = CARTESIAN_POINT('',(1.000000821039,9.733626604006E-04));
#15200 = CARTESIAN_POINT('',(1.000000446689,9.565263839664E-04));
#15201 = CARTESIAN_POINT('',(1.000000112826,9.384225028177E-04));
#15202 = CARTESIAN_POINT('',(0.999999907155,9.236737246862E-04));
#15203 = CARTESIAN_POINT('',(1.0000007407,9.115636882242E-04));
#15204 = CARTESIAN_POINT('',(1.000001084682,8.97604807742E-04));
#15205 = CARTESIAN_POINT('',(1.000000855695,8.830186400972E-04));
#15206 = CARTESIAN_POINT('',(1.00000103077,8.673891426482E-04));
#15207 = CARTESIAN_POINT('',(1.000000560066,8.511322775416E-04));
#15208 = CARTESIAN_POINT('',(1.000000194853,8.329648826376E-04));
#15209 = CARTESIAN_POINT('',(0.999999349805,8.17555928125E-04));
#15210 = CARTESIAN_POINT('',(1.000003328608,7.895179694044E-04));
#15211 = CARTESIAN_POINT('',(1.000004379402,7.68273538887E-04));
#15212 = CARTESIAN_POINT('',(1.000001397144,7.488262758664E-04));
#15213 = CARTESIAN_POINT('',(0.99999777901,7.32495908473E-04));
#15214 = CARTESIAN_POINT('',(0.999999557253,7.190387815353E-04));
#15215 = CARTESIAN_POINT('',(0.999999271104,7.081440595798E-04));
#15216 = CARTESIAN_POINT('',(0.999999954328,7.0132738652E-04));
#15217 = CARTESIAN_POINT('',(1.00000008212,6.928617083211E-04));
#15218 = CARTESIAN_POINT('',(1.000000444374,6.723677938262E-04));
#15219 = CARTESIAN_POINT('',(1.000000423396,6.555655900328E-04));
#15220 = CARTESIAN_POINT('',(0.999999982866,6.382441601954E-04));
#15221 = CARTESIAN_POINT('',(0.999999103333,6.215330355012E-04));
#15222 = CARTESIAN_POINT('',(0.999997939017,6.051307768788E-04));
#15223 = CARTESIAN_POINT('',(0.999996768911,5.891193976777E-04));
#15224 = CARTESIAN_POINT('',(0.999996048835,5.734781312288E-04));
#15225 = CARTESIAN_POINT('',(0.999996264881,5.582139564704E-04));
#15226 = CARTESIAN_POINT('',(0.999996632402,5.433248240904E-04));
#15227 = CARTESIAN_POINT('',(0.999997117462,5.288147213046E-04));
#15228 = CARTESIAN_POINT('',(0.999997664613,5.1467307362E-04));
#15229 = CARTESIAN_POINT('',(0.999998556317,5.009415704408E-04));
#15230 = CARTESIAN_POINT('',(0.999999025795,4.874672136073E-04));
#15231 = CARTESIAN_POINT('',(1.000000688373,4.7482267226E-04));
#15232 = CARTESIAN_POINT('',(0.999999907265,4.616648642324E-04));
#15233 = CARTESIAN_POINT('',(0.999999847986,4.441890359647E-04));
#15234 = CARTESIAN_POINT('',(0.999998754703,4.280820614231E-04));
#15235 = CARTESIAN_POINT('',(0.999997284302,4.118207844214E-04));
#15236 = CARTESIAN_POINT('',(0.999995455369,3.958139793364E-04));
#15237 = CARTESIAN_POINT('',(0.999993466066,3.799527509699E-04));
#15238 = CARTESIAN_POINT('',(0.999991477322,3.642669749603E-04));
#15239 = CARTESIAN_POINT('',(0.999989665916,3.487491369296E-04));
#15240 = CARTESIAN_POINT('',(0.999988232699,3.334025362135E-04));
#15241 = CARTESIAN_POINT('',(0.999987072651,3.182243776533E-04));
#15242 = CARTESIAN_POINT('',(0.999986259156,3.032243709715E-04));
#15243 = CARTESIAN_POINT('',(0.999985612876,2.883684232908E-04));
#15244 = CARTESIAN_POINT('',(0.999985907503,2.737851889562E-04));
#15245 = CARTESIAN_POINT('',(0.999984354898,2.589960635705E-04));
#15246 = CARTESIAN_POINT('',(0.999991073147,2.457899653018E-04));
#15247 = CARTESIAN_POINT('',(0.99998526685,2.307724261582E-04));
#15248 = CARTESIAN_POINT('',(0.999988003075,2.142507527111E-04));
#15249 = CARTESIAN_POINT('',(0.999989005691,1.982774381642E-04));
#15250 = CARTESIAN_POINT('',(0.999990905259,1.823028921943E-04));
#15251 = CARTESIAN_POINT('',(0.999992871722,1.664747477678E-04));
#15252 = CARTESIAN_POINT('',(0.999994999566,1.507538146232E-04));
#15253 = CARTESIAN_POINT('',(0.999997136369,1.351509587412E-04));
#15254 = CARTESIAN_POINT('',(0.999999185361,1.19663631271E-04));
#15255 = CARTESIAN_POINT('',(1.000001068551,1.042928737122E-04));
#15256 = CARTESIAN_POINT('',(1.0000025736,8.903876868366E-05));
#15257 = CARTESIAN_POINT('',(1.000004005141,7.390163215281E-05));
#15258 = CARTESIAN_POINT('',(1.000003649195,5.888179806551E-05));
#15259 = CARTESIAN_POINT('',(1.00000364144,4.397944755729E-05));
#15260 = CARTESIAN_POINT('',(1.000004028406,2.919484810617E-05));
#15261 = CARTESIAN_POINT('',(1.000002488294,1.452837023867E-05));
#15262 = CARTESIAN_POINT('',(1.000000908276,4.829611997075E-06));
#15263 = CARTESIAN_POINT('',(1.,0.));
#15264 = ( GEOMETRIC_REPRESENTATION_CONTEXT(2) 
PARAMETRIC_REPRESENTATION_CONTEXT() REPRESENTATION_CONTEXT('2D SPACE',''
  ) );
#15265 = ORIENTED_EDGE('',*,*,#14278,.T.);
#15266 = ORIENTED_EDGE('',*,*,#15267,.T.);
#15267 = EDGE_CURVE('',#14281,#14180,#15268,.T.);
#15268 = SURFACE_CURVE('',#15269,(#15350,#15555),.PCURVE_S1.);
#15269 = B_SPLINE_CURVE_WITH_KNOTS('',3,(#15270,#15271,#15272,#15273,
    #15274,#15275,#15276,#15277,#15278,#15279,#15280,#15281,#15282,
    #15283,#15284,#15285,#15286,#15287,#15288,#15289,#15290,#15291,
    #15292,#15293,#15294,#15295,#15296,#15297,#15298,#15299,#15300,
    #15301,#15302,#15303,#15304,#15305,#15306,#15307,#15308,#15309,
    #15310,#15311,#15312,#15313,#15314,#15315,#15316,#15317,#15318,
    #15319,#15320,#15321,#15322,#15323,#15324,#15325,#15326,#15327,
    #15328,#15329,#15330,#15331,#15332,#15333,#15334,#15335,#15336,
    #15337,#15338,#15339,#15340,#15341,#15342,#15343,#15344,#15345,
    #15346,#15347,#15348,#15349),.UNSPECIFIED.,.F.,.F.,(4,2,2,1,1,2,2,2,
    1,1,1,2,2,2,2,1,1,1,2,2,2,1,1,2,2,2,1,1,2,2,2,2,1,2,2,2,1,1,2,2,2,1,
    2,2,2,2,2,4),(0.,6.249999999993E-02,9.37499999999E-02,0.109375,
    0.1171875,0.12109375,0.125,0.15625,0.171875,0.1796875,0.18359375,
    0.185546875,0.1875,0.21875,0.234375,0.2421875,0.24609375,0.248046875
    ,0.2490234375,0.25,0.28125,0.296875,0.3046875,0.30859375,0.3125,
    0.34375,0.359375,0.3671875,0.37109375,0.375,0.4375,0.46875,0.484375,
    0.4921875,0.5,0.5625,0.59375,0.609375,0.6171875,0.625,0.6875,0.71875
    ,0.734375,0.75,0.8125,0.84375,0.875,1.),.UNSPECIFIED.);
#15270 = CARTESIAN_POINT('',(30.4,168.91,68.086624293181));
#15271 = CARTESIAN_POINT('',(30.4,168.82621971665,68.063820956739));
#15272 = CARTESIAN_POINT('',(30.396506197515,168.73620986217,
    68.038942953231));
#15273 = CARTESIAN_POINT('',(30.383540326881,168.59250949807,
    67.998513947367));
#15274 = CARTESIAN_POINT('',(30.377927851206,168.54316646157,
    67.984518945313));
#15275 = CARTESIAN_POINT('',(30.367239653673,168.4671183898,
    67.96274844208));
#15276 = CARTESIAN_POINT('',(30.361327973881,168.42858653179,
    67.951668690427));
#15277 = CARTESIAN_POINT('',(30.353362806165,168.38277887568,
    67.938401938432));
#15278 = CARTESIAN_POINT('',(30.349712129663,168.36296822269,
    67.932643250063));
#15279 = CARTESIAN_POINT('',(30.34722476607,168.34972186235,
    67.928787916147));
#15280 = CARTESIAN_POINT('',(30.345573113201,168.34112214442,
    67.926281164555));
#15281 = CARTESIAN_POINT('',(30.337324317584,168.29877454317,
    67.913925111094));
#15282 = CARTESIAN_POINT('',(30.328357514409,168.25652707403,
    67.90152080943));
#15283 = CARTESIAN_POINT('',(30.311551654506,168.18650631486,
    67.880782642385));
#15284 = CARTESIAN_POINT('',(30.302306882867,168.14983539413,
    67.869880630226));
#15285 = CARTESIAN_POINT('',(30.289820800077,168.10422610096,
    67.856228990925));
#15286 = CARTESIAN_POINT('',(30.283122146038,168.08072676305,
    67.849170014996));
#15287 = CARTESIAN_POINT('',(30.280150354305,168.07050809751,
    67.846094777538));
#15288 = CARTESIAN_POINT('',(30.278146355738,168.0636630265,
    67.844033516553));
#15289 = CARTESIAN_POINT('',(30.277689708975,168.06210090869,
    67.843563183084));
#15290 = CARTESIAN_POINT('',(30.250800040887,167.97146004243,
    67.816234296965));
#15291 = CARTESIAN_POINT('',(30.227733172527,167.90688819714,
    67.796431211887));
#15292 = CARTESIAN_POINT('',(30.202555275352,167.83936421944,
    67.775603913529));
#15293 = CARTESIAN_POINT('',(30.195692834905,167.82174835343,
    67.770141035619));
#15294 = CARTESIAN_POINT('',(30.1881027252,167.80251152959,
    67.764166051069));
#15295 = CARTESIAN_POINT('',(30.184980021372,167.79469092082,
    67.761733391873));
#15296 = CARTESIAN_POINT('',(30.182565906586,167.78869242084,
    67.759866247365));
#15297 = CARTESIAN_POINT('',(30.181669947853,167.78647300555,
    67.759175414582));
#15298 = CARTESIAN_POINT('',(30.181352977357,167.78568879576,
    67.758931358991));
#15299 = CARTESIAN_POINT('',(30.181156586539,167.78520308065,
    67.758780214286));
#15300 = CARTESIAN_POINT('',(30.181622512324,167.78635454447,
    67.759138409935));
#15301 = CARTESIAN_POINT('',(30.16050522608,167.73416347074,
    67.742902349877));
#15302 = CARTESIAN_POINT('',(30.139935323313,167.68728362403,
    67.72818714445));
#15303 = CARTESIAN_POINT('',(30.109703601958,167.62233676082,
    67.707657615527));
#15304 = CARTESIAN_POINT('',(30.094741580565,167.591205987,
    67.69777867087));
#15305 = CARTESIAN_POINT('',(30.077701627588,167.55718383193,
    67.686928420093));
#15306 = CARTESIAN_POINT('',(30.070502320425,167.54308938578,
    67.682422995044));
#15307 = CARTESIAN_POINT('',(30.065727361312,167.5338005574,
    67.679451529995));
#15308 = CARTESIAN_POINT('',(30.063975148637,167.53040651065,
    67.678365232623));
#15309 = CARTESIAN_POINT('',(30.037109238902,167.47880143943,
    67.661832770809));
#15310 = CARTESIAN_POINT('',(30.012919800734,167.4352298611,
    67.647763344567));
#15311 = CARTESIAN_POINT('',(29.97658932326,167.37319758225,
    67.627598348261));
#15312 = CARTESIAN_POINT('',(29.958411803914,167.34301233314,
    67.617750635871));
#15313 = CARTESIAN_POINT('',(29.93726701714,167.30921965729,
    67.606672513171));
#15314 = CARTESIAN_POINT('',(29.928226838159,167.29503865415,
    67.602012790961));
#15315 = CARTESIAN_POINT('',(29.922205847105,167.28565128171,
    67.598925874968));
#15316 = CARTESIAN_POINT('',(29.919803545322,167.28192321117,
    67.597699234195));
#15317 = CARTESIAN_POINT('',(29.8584414821,167.18741083272,
    67.566573475199));
#15318 = CARTESIAN_POINT('',(29.798469344845,167.10535474906,
    67.539145463823));
#15319 = CARTESIAN_POINT('',(29.707325127987,166.99203214997,
    67.500803677688));
#15320 = CARTESIAN_POINT('',(29.676742566336,166.9558818578,
    67.488489787464));
#15321 = CARTESIAN_POINT('',(29.630803545869,166.90399672321,
    67.470719009861));
#15322 = CARTESIAN_POINT('',(29.607817414901,166.87863903267,
    67.462008635492));
#15323 = CARTESIAN_POINT('',(29.58484778123,166.8541391345,
    67.453560782773));
#15324 = CARTESIAN_POINT('',(29.569542761327,166.83799422486,
    67.447987219105));
#15325 = CARTESIAN_POINT('',(29.563271678457,166.83143712908,
    67.44572136098));
#15326 = CARTESIAN_POINT('',(29.48209494641,166.74767942347,
    67.416739576032));
#15327 = CARTESIAN_POINT('',(29.408040795768,166.67899353498,
    67.392682538878));
#15328 = CARTESIAN_POINT('',(29.295545056801,166.58420693983,
    67.359153807348));
#15329 = CARTESIAN_POINT('',(29.238940701054,166.53887131203,
    67.343028647633));
#15330 = CARTESIAN_POINT('',(29.172560859717,166.48946502627,
    67.325334571887));
#15331 = CARTESIAN_POINT('',(29.144067476956,166.4690239159,
    67.317991098836));
#15332 = CARTESIAN_POINT('',(29.12506500445,166.45555783573,
    67.313148717306));
#15333 = CARTESIAN_POINT('',(29.116646889701,166.44965666871,
    67.311024802468));
#15334 = CARTESIAN_POINT('',(29.021308502838,166.38374323387,
    67.28727770905));
#15335 = CARTESIAN_POINT('',(28.935028591577,166.33054762328,
    67.267932183012));
#15336 = CARTESIAN_POINT('',(28.804398479836,166.25855949623,
    67.241558396121));
#15337 = CARTESIAN_POINT('',(28.738779080703,166.22451469124,
    67.229032628218));
#15338 = CARTESIAN_POINT('',(28.672891292662,166.19332322717,
    67.217498548626));
#15339 = CARTESIAN_POINT('',(28.628926182983,166.17315412057,
    67.210029537413));
#15340 = CARTESIAN_POINT('',(28.608637042646,166.16411881681,
    67.206678735743));
#15341 = CARTESIAN_POINT('',(28.490006922749,166.11311664932,
    67.187740501878));
#15342 = CARTESIAN_POINT('',(28.393947441872,166.07763037282,
    67.174481028862));
#15343 = CARTESIAN_POINT('',(28.249042251532,166.03220751953,
    67.157428490453));
#15344 = CARTESIAN_POINT('',(28.20060384743,166.0183665877,
    67.152217089503));
#15345 = CARTESIAN_POINT('',(28.103597931791,165.99324490881,
    67.142739844641));
#15346 = CARTESIAN_POINT('',(28.056629055934,165.98229412646,
    67.138598863178));
#15347 = CARTESIAN_POINT('',(27.805820929606,165.93052290536,
    67.119009223969));
#15348 = CARTESIAN_POINT('',(27.602240852936,165.91,67.111172475475));
#15349 = CARTESIAN_POINT('',(27.4,165.91,67.111170689854));
#15350 = PCURVE('',#14195,#15351);
#15351 = DEFINITIONAL_REPRESENTATION('',(#15352),#15554);
#15352 = B_SPLINE_CURVE_WITH_KNOTS('',3,(#15353,#15354,#15355,#15356,
    #15357,#15358,#15359,#15360,#15361,#15362,#15363,#15364,#15365,
    #15366,#15367,#15368,#15369,#15370,#15371,#15372,#15373,#15374,
    #15375,#15376,#15377,#15378,#15379,#15380,#15381,#15382,#15383,
    #15384,#15385,#15386,#15387,#15388,#15389,#15390,#15391,#15392,
    #15393,#15394,#15395,#15396,#15397,#15398,#15399,#15400,#15401,
    #15402,#15403,#15404,#15405,#15406,#15407,#15408,#15409,#15410,
    #15411,#15412,#15413,#15414,#15415,#15416,#15417,#15418,#15419,
    #15420,#15421,#15422,#15423,#15424,#15425,#15426,#15427,#15428,
    #15429,#15430,#15431,#15432,#15433,#15434,#15435,#15436,#15437,
    #15438,#15439,#15440,#15441,#15442,#15443,#15444,#15445,#15446,
    #15447,#15448,#15449,#15450,#15451,#15452,#15453,#15454,#15455,
    #15456,#15457,#15458,#15459,#15460,#15461,#15462,#15463,#15464,
    #15465,#15466,#15467,#15468,#15469,#15470,#15471,#15472,#15473,
    #15474,#15475,#15476,#15477,#15478,#15479,#15480,#15481,#15482,
    #15483,#15484,#15485,#15486,#15487,#15488,#15489,#15490,#15491,
    #15492,#15493,#15494,#15495,#15496,#15497,#15498,#15499,#15500,
    #15501,#15502,#15503,#15504,#15505,#15506,#15507,#15508,#15509,
    #15510,#15511,#15512,#15513,#15514,#15515,#15516,#15517,#15518,
    #15519,#15520,#15521,#15522,#15523,#15524,#15525,#15526,#15527,
    #15528,#15529,#15530,#15531,#15532,#15533,#15534,#15535,#15536,
    #15537,#15538,#15539,#15540,#15541,#15542,#15543,#15544,#15545,
    #15546,#15547,#15548,#15549,#15550,#15551,#15552,#15553),
  .UNSPECIFIED.,.F.,.F.,(4,1,1,1,1,1,1,1,1,1,1,1,1,1,1,1,1,1,1,1,1,1,1,1
    ,1,1,1,1,1,1,1,1,1,1,1,1,1,1,1,1,1,1,1,1,1,1,1,1,1,1,1,1,1,1,1,1,1,1
    ,1,1,1,1,1,1,1,1,1,1,1,1,1,1,1,1,1,1,1,1,1,1,1,1,1,1,1,1,1,1,1,1,1,1
    ,1,1,1,1,1,1,1,1,1,1,1,1,1,1,1,1,1,1,1,1,1,1,1,1,1,1,1,1,1,1,1,1,1,1
    ,1,1,1,1,1,1,1,1,1,1,1,1,1,1,1,1,1,1,1,1,1,1,1,1,1,1,1,1,1,1,1,1,1,1
    ,1,1,1,1,1,1,1,1,1,1,1,1,1,1,1,1,1,1,1,1,1,1,1,1,1,1,1,1,1,1,1,1,1,1
    ,1,1,1,1,4),(0.,5.050505050505E-03,1.010101010101E-02,
    1.515151515152E-02,2.020202020202E-02,2.525252525253E-02,
    3.030303030303E-02,3.535353535354E-02,4.040404040404E-02,
    4.545454545455E-02,5.050505050505E-02,5.555555555556E-02,
    6.060606060606E-02,6.565656565657E-02,7.070707070707E-02,
    7.575757575758E-02,8.080808080808E-02,8.585858585859E-02,
    9.090909090909E-02,9.59595959596E-02,0.10101010101,0.106060606061,
    0.111111111111,0.116161616162,0.121212121212,0.126262626263,
    0.131313131313,0.136363636364,0.141414141414,0.146464646465,
    0.151515151515,0.156565656566,0.161616161616,0.166666666667,
    0.171717171717,0.176767676768,0.181818181818,0.186868686869,
    0.191919191919,0.19696969697,0.20202020202,0.207070707071,
    0.212121212121,0.217171717172,0.222222222222,0.227272727273,
    0.232323232323,0.237373737374,0.242424242424,0.247474747475,
    0.252525252525,0.257575757576,0.262626262626,0.267676767677,
    0.272727272727,0.277777777778,0.282828282828,0.287878787879,
    0.292929292929,0.29797979798,0.30303030303,0.308080808081,
    0.313131313131,0.318181818182,0.323232323232,0.328282828283,
    0.333333333333,0.338383838384,0.343434343434,0.348484848485,
    0.353535353535,0.358585858586,0.363636363636,0.368686868687,
    0.373737373737,0.378787878788,0.383838383838,0.388888888889,
    0.393939393939,0.39898989899,0.40404040404,0.409090909091,
    0.414141414141,0.419191919192,0.424242424242,0.429292929293,
    0.434343434343,0.439393939394,0.444444444444,0.449494949495,
    0.454545454545,0.459595959596,0.464646464646,0.469696969697,
    0.474747474747,0.479797979798,0.484848484848,0.489898989899,
    0.494949494949,0.5,0.505050505051,0.510101010101,0.515151515152,
    0.520202020202,0.525252525253,0.530303030303,0.535353535354,
    0.540404040404,0.545454545455,0.550505050505,0.555555555556,
    0.560606060606,0.565656565657,0.570707070707,0.575757575758,
    0.580808080808,0.585858585859,0.590909090909,0.59595959596,
    0.60101010101,0.606060606061,0.611111111111,0.616161616162,
    0.621212121212,0.626262626263,0.631313131313,0.636363636364,
    0.641414141414,0.646464646465,0.651515151515,0.656565656566,
    0.661616161616,0.666666666667,0.671717171717,0.676767676768,
    0.681818181818,0.686868686869,0.691919191919,0.69696969697,
    0.70202020202,0.707070707071,0.712121212121,0.717171717172,
    0.722222222222,0.727272727273,0.732323232323,0.737373737374,
    0.742424242424,0.747474747475,0.752525252525,0.757575757576,
    0.762626262626,0.767676767677,0.772727272727,0.777777777778,
    0.782828282828,0.787878787879,0.792929292929,0.79797979798,
    0.80303030303,0.808080808081,0.813131313131,0.818181818182,
    0.823232323232,0.828282828283,0.833333333333,0.838383838384,
    0.843434343434,0.848484848485,0.853535353535,0.858585858586,
    0.863636363636,0.868686868687,0.873737373737,0.878787878788,
    0.883838383838,0.888888888889,0.893939393939,0.89898989899,
    0.90404040404,0.909090909091,0.914141414141,0.919191919192,
    0.924242424242,0.929292929293,0.934343434343,0.939393939394,
    0.944444444444,0.949494949495,0.954545454545,0.959595959596,
    0.964646464646,0.969696969697,0.974747474747,0.979797979798,
    0.984848484848,0.989898989899,0.994949494949,1.),
  .QUASI_UNIFORM_KNOTS.);
#15353 = CARTESIAN_POINT('',(3.14159265359,20.455227085037));
#15354 = CARTESIAN_POINT('',(3.13933594353,20.453384391184));
#15355 = CARTESIAN_POINT('',(3.13479541217,20.449671908548));
#15356 = CARTESIAN_POINT('',(3.127903398771,20.444021899813));
#15357 = CARTESIAN_POINT('',(3.120930296255,20.438290606295));
#15358 = CARTESIAN_POINT('',(3.113876197264,20.432478027995));
#15359 = CARTESIAN_POINT('',(3.10674117155,20.426584164912));
#15360 = CARTESIAN_POINT('',(3.099525262655,20.420609017046));
#15361 = CARTESIAN_POINT('',(3.092228488629,20.414552584398));
#15362 = CARTESIAN_POINT('',(3.084850841757,20.408414866967));
#15363 = CARTESIAN_POINT('',(3.077392288333,20.402195864754));
#15364 = CARTESIAN_POINT('',(3.06985276939,20.395895577758));
#15365 = CARTESIAN_POINT('',(3.062232197671,20.389514005981));
#15366 = CARTESIAN_POINT('',(3.054530468839,20.383051149414));
#15367 = CARTESIAN_POINT('',(3.046747419668,20.376507008095));
#15368 = CARTESIAN_POINT('',(3.038883315534,20.369881581876));
#15369 = CARTESIAN_POINT('',(3.030938194397,20.363174871313));
#15370 = CARTESIAN_POINT('',(3.022912091178,20.356386874333));
#15371 = CARTESIAN_POINT('',(3.014805010522,20.349517598671));
#15372 = CARTESIAN_POINT('',(3.006616893716,20.342567015457));
#15373 = CARTESIAN_POINT('',(2.998347777477,20.335535232439));
#15374 = CARTESIAN_POINT('',(2.98999724566,20.328421847492));
#15375 = CARTESIAN_POINT('',(2.981567088472,20.321228361369));
#15376 = CARTESIAN_POINT('',(2.9730507343,20.313949173185));
#15377 = CARTESIAN_POINT('',(2.96447260847,20.306605185725));
#15378 = CARTESIAN_POINT('',(2.955741521625,20.299118388734));
#15379 = CARTESIAN_POINT('',(2.947187224598,20.291770768747));
#15380 = CARTESIAN_POINT('',(2.941448260036,20.286835394103));
#15381 = CARTESIAN_POINT('',(2.934635078093,20.280971267125));
#15382 = CARTESIAN_POINT('',(2.927790004472,20.275073585989));
#15383 = CARTESIAN_POINT('',(2.920633882378,20.268902555667));
#15384 = CARTESIAN_POINT('',(2.913241166409,20.2625221581));
#15385 = CARTESIAN_POINT('',(2.905592903602,20.255916260551));
#15386 = CARTESIAN_POINT('',(2.897689718821,20.249085412022));
#15387 = CARTESIAN_POINT('',(2.889547865378,20.242043549247));
#15388 = CARTESIAN_POINT('',(2.881102400518,20.234734376286));
#15389 = CARTESIAN_POINT('',(2.872596847631,20.227369140167));
#15390 = CARTESIAN_POINT('',(2.863121719028,20.219159148718));
#15391 = CARTESIAN_POINT('',(2.85607162435,20.213047923594));
#15392 = CARTESIAN_POINT('',(2.840516514913,20.199557949617));
#15393 = CARTESIAN_POINT('',(2.828029604483,20.188728568337));
#15394 = CARTESIAN_POINT('',(2.816075876703,20.178362293461));
#15395 = CARTESIAN_POINT('',(2.805333665523,20.169047974355));
#15396 = CARTESIAN_POINT('',(2.795621143783,20.160627699847));
#15397 = CARTESIAN_POINT('',(2.786988668432,20.153144265254));
#15398 = CARTESIAN_POINT('',(2.779422842944,20.146584400483));
#15399 = CARTESIAN_POINT('',(2.772933443244,20.140958390589));
#15400 = CARTESIAN_POINT('',(2.767488473613,20.136238365447));
#15401 = CARTESIAN_POINT('',(2.76320502038,20.132525520503));
#15402 = CARTESIAN_POINT('',(2.759647383901,20.129442944093));
#15403 = CARTESIAN_POINT('',(2.758441125211,20.128397087428));
#15404 = CARTESIAN_POINT('',(2.753519664224,20.124139057329));
#15405 = CARTESIAN_POINT('',(2.743829362749,20.115762365094));
#15406 = CARTESIAN_POINT('',(2.735643284049,20.108693710305));
#15407 = CARTESIAN_POINT('',(2.727280440447,20.101479010735));
#15408 = CARTESIAN_POINT('',(2.719191237902,20.094507895704));
#15409 = CARTESIAN_POINT('',(2.711254999727,20.087675930161));
#15410 = CARTESIAN_POINT('',(2.703504426293,20.08101122499));
#15411 = CARTESIAN_POINT('',(2.695930166204,20.074505771708));
#15412 = CARTESIAN_POINT('',(2.688536697312,20.068163493362));
#15413 = CARTESIAN_POINT('',(2.681315026897,20.061976706246));
#15414 = CARTESIAN_POINT('',(2.674296730326,20.055972222138));
#15415 = CARTESIAN_POINT('',(2.667364649759,20.050050477631));
#15416 = CARTESIAN_POINT('',(2.660955711509,20.044582914577));
#15417 = CARTESIAN_POINT('',(2.652127431934,20.037065143105));
#15418 = CARTESIAN_POINT('',(2.644072962754,20.030221136923));
#15419 = CARTESIAN_POINT('',(2.635936611546,20.023321003122));
#15420 = CARTESIAN_POINT('',(2.627947656662,20.016560339628));
#15421 = CARTESIAN_POINT('',(2.620044569341,20.009886647651));
#15422 = CARTESIAN_POINT('',(2.612244309648,20.003314324422));
#15423 = CARTESIAN_POINT('',(2.604540919659,19.996838279806));
#15424 = CARTESIAN_POINT('',(2.59694145971,19.990464477117));
#15425 = CARTESIAN_POINT('',(2.589423298959,19.984174153231));
#15426 = CARTESIAN_POINT('',(2.582069871096,19.978036397326));
#15427 = CARTESIAN_POINT('',(2.574570192547,19.971793615819));
#15428 = CARTESIAN_POINT('',(2.568084721587,19.966407093865));
#15429 = CARTESIAN_POINT('',(2.559269938594,19.959107473466));
#15430 = CARTESIAN_POINT('',(2.55084386856,19.952155034199));
#15431 = CARTESIAN_POINT('',(2.54238915932,19.94520230764));
#15432 = CARTESIAN_POINT('',(2.53401751293,19.938342397674));
#15433 = CARTESIAN_POINT('',(2.525698902833,19.931550357188));
#15434 = CARTESIAN_POINT('',(2.517441309444,19.924832870742));
#15435 = CARTESIAN_POINT('',(2.509242560029,19.918188147214));
#15436 = CARTESIAN_POINT('',(2.501103232872,19.911616666533));
#15437 = CARTESIAN_POINT('',(2.493023199907,19.905118300102));
#15438 = CARTESIAN_POINT('',(2.485002551107,19.898693082381));
#15439 = CARTESIAN_POINT('',(2.477041353315,19.892341004127));
#15440 = CARTESIAN_POINT('',(2.469139689458,19.886062067852));
#15441 = CARTESIAN_POINT('',(2.461297741714,19.879856272753));
#15442 = CARTESIAN_POINT('',(2.453515307362,19.873723619525));
#15443 = CARTESIAN_POINT('',(2.445792313219,19.867664106196));
#15444 = CARTESIAN_POINT('',(2.438128749664,19.861677739957));
#15445 = CARTESIAN_POINT('',(2.430524575718,19.855764494012));
#15446 = CARTESIAN_POINT('',(2.422979938012,19.849924468361));
#15447 = CARTESIAN_POINT('',(2.415494389231,19.844157289797));
#15448 = CARTESIAN_POINT('',(2.408069788673,19.838464351149));
#15449 = CARTESIAN_POINT('',(2.40069913646,19.832840454305));
#15450 = CARTESIAN_POINT('',(2.393408419991,19.827304998888));
#15451 = CARTESIAN_POINT('',(2.38610070337,19.821785584515));
#15452 = CARTESIAN_POINT('',(2.379137799761,19.816552413096));
#15453 = CARTESIAN_POINT('',(2.372128798636,19.811312283865));
#15454 = CARTESIAN_POINT('',(2.363397175749,19.804822178499));
#15455 = CARTESIAN_POINT('',(2.355173735109,19.79875168156));
#15456 = CARTESIAN_POINT('',(2.346860642441,19.792653429214));
#15457 = CARTESIAN_POINT('',(2.33861801407,19.78664729224));
#15458 = CARTESIAN_POINT('',(2.330402893182,19.780701151358));
#15459 = CARTESIAN_POINT('',(2.322226755196,19.774823612904));
#15460 = CARTESIAN_POINT('',(2.314086509247,19.769012370818));
#15461 = CARTESIAN_POINT('',(2.305982986081,19.763268043005));
#15462 = CARTESIAN_POINT('',(2.297915984153,19.757590463898));
#15463 = CARTESIAN_POINT('',(2.289885596457,19.751979677865));
#15464 = CARTESIAN_POINT('',(2.28189185619,19.746435673003));
#15465 = CARTESIAN_POINT('',(2.273934826328,19.740958452551));
#15466 = CARTESIAN_POINT('',(2.266014594653,19.735548015459));
#15467 = CARTESIAN_POINT('',(2.258131005986,19.730204362689));
#15468 = CARTESIAN_POINT('',(2.250284045495,19.724927491443));
#15469 = CARTESIAN_POINT('',(2.242473711437,19.719717411946));
#15470 = CARTESIAN_POINT('',(2.234699943419,19.714574086099));
#15471 = CARTESIAN_POINT('',(2.226962983378,19.709497656074));
#15472 = CARTESIAN_POINT('',(2.219262002702,19.704487591282));
#15473 = CARTESIAN_POINT('',(2.211600225886,19.699545871907));
#15474 = CARTESIAN_POINT('',(2.203965620563,19.694665107801));
#15475 = CARTESIAN_POINT('',(2.196402978575,19.689872879373));
#15476 = CARTESIAN_POINT('',(2.188745115168,19.685066255136));
#15477 = CARTESIAN_POINT('',(2.18161596781,19.680629380624));
#15478 = CARTESIAN_POINT('',(2.173706765269,19.675755427226));
#15479 = CARTESIAN_POINT('',(2.165285948238,19.670620203978));
#15480 = CARTESIAN_POINT('',(2.157032037957,19.665642569876));
#15481 = CARTESIAN_POINT('',(2.14876316844,19.660710291989));
#15482 = CARTESIAN_POINT('',(2.140528026445,19.655853443041));
#15483 = CARTESIAN_POINT('',(2.132313534814,19.65106396507));
#15484 = CARTESIAN_POINT('',(2.12412317832,19.6463440172));
#15485 = CARTESIAN_POINT('',(2.115956016126,19.641693020896));
#15486 = CARTESIAN_POINT('',(2.107812305254,19.637111131176));
#15487 = CARTESIAN_POINT('',(2.09969199337,19.632598306502));
#15488 = CARTESIAN_POINT('',(2.091595123282,19.628154558006));
#15489 = CARTESIAN_POINT('',(2.08352172126,19.623779882699));
#15490 = CARTESIAN_POINT('',(2.075471838314,19.619474281406));
#15491 = CARTESIAN_POINT('',(2.067445495814,19.615237753814));
#15492 = CARTESIAN_POINT('',(2.059442599849,19.611070300354));
#15493 = CARTESIAN_POINT('',(2.05146314912,19.606971919613));
#15494 = CARTESIAN_POINT('',(2.04350714393,19.602942616809));
#15495 = CARTESIAN_POINT('',(2.035574544055,19.598982372484));
#15496 = CARTESIAN_POINT('',(2.027665523505,19.595091259257));
#15497 = CARTESIAN_POINT('',(2.019779492832,19.591269006107));
#15498 = CARTESIAN_POINT('',(2.011918737772,19.587516624497));
#15499 = CARTESIAN_POINT('',(2.004074679819,19.583830339597));
#15500 = CARTESIAN_POINT('',(1.996279265931,19.580224239264));
#15501 = CARTESIAN_POINT('',(1.988746255726,19.576792283934));
#15502 = CARTESIAN_POINT('',(1.981029404614,19.573338411289));
#15503 = CARTESIAN_POINT('',(1.972650972544,19.569651362366));
#15504 = CARTESIAN_POINT('',(1.964325000107,19.566056385342));
#15505 = CARTESIAN_POINT('',(1.956002106838,19.562530684186));
#15506 = CARTESIAN_POINT('',(1.947695492245,19.559080367076));
#15507 = CARTESIAN_POINT('',(1.939401595335,19.55570379733));
#15508 = CARTESIAN_POINT('',(1.93112135364,19.552401413497));
#15509 = CARTESIAN_POINT('',(1.9228545067,19.549173098066));
#15510 = CARTESIAN_POINT('',(1.914601122223,19.546018882527));
#15511 = CARTESIAN_POINT('',(1.906361187024,19.542938758436));
#15512 = CARTESIAN_POINT('',(1.898134716204,19.539932728074));
#15513 = CARTESIAN_POINT('',(1.889921724557,19.537000790763));
#15514 = CARTESIAN_POINT('',(1.881722230806,19.534142946936));
#15515 = CARTESIAN_POINT('',(1.873536268309,19.53135919554));
#15516 = CARTESIAN_POINT('',(1.865363834555,19.52864954035));
#15517 = CARTESIAN_POINT('',(1.857204832462,19.526013967321));
#15518 = CARTESIAN_POINT('',(1.849059488221,19.523452528854));
#15519 = CARTESIAN_POINT('',(1.840926946718,19.520965029397));
#15520 = CARTESIAN_POINT('',(1.832810387761,19.518552198756));
#15521 = CARTESIAN_POINT('',(1.824697964907,19.516211313252));
#15522 = CARTESIAN_POINT('',(1.816633933063,19.513952537801));
#15523 = CARTESIAN_POINT('',(1.808643773664,19.511781714888));
#15524 = CARTESIAN_POINT('',(1.800668675283,19.5096853412));
#15525 = CARTESIAN_POINT('',(1.792671544896,19.507654893226));
#15526 = CARTESIAN_POINT('',(1.784611450844,19.505681042417));
#15527 = CARTESIAN_POINT('',(1.776441002701,19.503752700573));
#15528 = CARTESIAN_POINT('',(1.768142545349,19.501866623137));
#15529 = CARTESIAN_POINT('',(1.759876021075,19.500064467356));
#15530 = CARTESIAN_POINT('',(1.751606478066,19.49833713084));
#15531 = CARTESIAN_POINT('',(1.743343251576,19.496687052567));
#15532 = CARTESIAN_POINT('',(1.735083814225,19.495113579014));
#15533 = CARTESIAN_POINT('',(1.726828821088,19.493616885291));
#15534 = CARTESIAN_POINT('',(1.718578078194,19.49219692448));
#15535 = CARTESIAN_POINT('',(1.710331622573,19.49085370915));
#15536 = CARTESIAN_POINT('',(1.702089432681,19.489587235935));
#15537 = CARTESIAN_POINT('',(1.693851505801,19.488397505736));
#15538 = CARTESIAN_POINT('',(1.685617837116,19.487284518312));
#15539 = CARTESIAN_POINT('',(1.677388425129,19.486248273728));
#15540 = CARTESIAN_POINT('',(1.669163270022,19.485288771966));
#15541 = CARTESIAN_POINT('',(1.660942373905,19.48440601303));
#15542 = CARTESIAN_POINT('',(1.652725740557,19.48359999692));
#15543 = CARTESIAN_POINT('',(1.644513375306,19.482870723636));
#15544 = CARTESIAN_POINT('',(1.636305284866,19.482218193178));
#15545 = CARTESIAN_POINT('',(1.628101477192,19.481642405545));
#15546 = CARTESIAN_POINT('',(1.61990196132,19.481143360738));
#15547 = CARTESIAN_POINT('',(1.611706747218,19.480721058757));
#15548 = CARTESIAN_POINT('',(1.603515845634,19.480375499602));
#15549 = CARTESIAN_POINT('',(1.595329267939,19.480106683273));
#15550 = CARTESIAN_POINT('',(1.587147025976,19.479914609769));
#15551 = CARTESIAN_POINT('',(1.5789691319,19.479799279092));
#15552 = CARTESIAN_POINT('',(1.573520109329,19.479773553857));
#15553 = CARTESIAN_POINT('',(1.570796326795,19.479773481711));
#15554 = ( GEOMETRIC_REPRESENTATION_CONTEXT(2) 
PARAMETRIC_REPRESENTATION_CONTEXT() REPRESENTATION_CONTEXT('2D SPACE',''
  ) );
#15555 = PCURVE('',#9826,#15556);
#15556 = DEFINITIONAL_REPRESENTATION('',(#15557),#15759);
#15557 = B_SPLINE_CURVE_WITH_KNOTS('',3,(#15558,#15559,#15560,#15561,
    #15562,#15563,#15564,#15565,#15566,#15567,#15568,#15569,#15570,
    #15571,#15572,#15573,#15574,#15575,#15576,#15577,#15578,#15579,
    #15580,#15581,#15582,#15583,#15584,#15585,#15586,#15587,#15588,
    #15589,#15590,#15591,#15592,#15593,#15594,#15595,#15596,#15597,
    #15598,#15599,#15600,#15601,#15602,#15603,#15604,#15605,#15606,
    #15607,#15608,#15609,#15610,#15611,#15612,#15613,#15614,#15615,
    #15616,#15617,#15618,#15619,#15620,#15621,#15622,#15623,#15624,
    #15625,#15626,#15627,#15628,#15629,#15630,#15631,#15632,#15633,
    #15634,#15635,#15636,#15637,#15638,#15639,#15640,#15641,#15642,
    #15643,#15644,#15645,#15646,#15647,#15648,#15649,#15650,#15651,
    #15652,#15653,#15654,#15655,#15656,#15657,#15658,#15659,#15660,
    #15661,#15662,#15663,#15664,#15665,#15666,#15667,#15668,#15669,
    #15670,#15671,#15672,#15673,#15674,#15675,#15676,#15677,#15678,
    #15679,#15680,#15681,#15682,#15683,#15684,#15685,#15686,#15687,
    #15688,#15689,#15690,#15691,#15692,#15693,#15694,#15695,#15696,
    #15697,#15698,#15699,#15700,#15701,#15702,#15703,#15704,#15705,
    #15706,#15707,#15708,#15709,#15710,#15711,#15712,#15713,#15714,
    #15715,#15716,#15717,#15718,#15719,#15720,#15721,#15722,#15723,
    #15724,#15725,#15726,#15727,#15728,#15729,#15730,#15731,#15732,
    #15733,#15734,#15735,#15736,#15737,#15738,#15739,#15740,#15741,
    #15742,#15743,#15744,#15745,#15746,#15747,#15748,#15749,#15750,
    #15751,#15752,#15753,#15754,#15755,#15756,#15757,#15758),
  .UNSPECIFIED.,.F.,.F.,(4,1,1,1,1,1,1,1,1,1,1,1,1,1,1,1,1,1,1,1,1,1,1,1
    ,1,1,1,1,1,1,1,1,1,1,1,1,1,1,1,1,1,1,1,1,1,1,1,1,1,1,1,1,1,1,1,1,1,1
    ,1,1,1,1,1,1,1,1,1,1,1,1,1,1,1,1,1,1,1,1,1,1,1,1,1,1,1,1,1,1,1,1,1,1
    ,1,1,1,1,1,1,1,1,1,1,1,1,1,1,1,1,1,1,1,1,1,1,1,1,1,1,1,1,1,1,1,1,1,1
    ,1,1,1,1,1,1,1,1,1,1,1,1,1,1,1,1,1,1,1,1,1,1,1,1,1,1,1,1,1,1,1,1,1,1
    ,1,1,1,1,1,1,1,1,1,1,1,1,1,1,1,1,1,1,1,1,1,1,1,1,1,1,1,1,1,1,1,1,1,1
    ,1,1,1,1,4),(0.,5.050505050505E-03,1.010101010101E-02,
    1.515151515152E-02,2.020202020202E-02,2.525252525253E-02,
    3.030303030303E-02,3.535353535354E-02,4.040404040404E-02,
    4.545454545455E-02,5.050505050505E-02,5.555555555556E-02,
    6.060606060606E-02,6.565656565657E-02,7.070707070707E-02,
    7.575757575758E-02,8.080808080808E-02,8.585858585859E-02,
    9.090909090909E-02,9.59595959596E-02,0.10101010101,0.106060606061,
    0.111111111111,0.116161616162,0.121212121212,0.126262626263,
    0.131313131313,0.136363636364,0.141414141414,0.146464646465,
    0.151515151515,0.156565656566,0.161616161616,0.166666666667,
    0.171717171717,0.176767676768,0.181818181818,0.186868686869,
    0.191919191919,0.19696969697,0.20202020202,0.207070707071,
    0.212121212121,0.217171717172,0.222222222222,0.227272727273,
    0.232323232323,0.237373737374,0.242424242424,0.247474747475,
    0.252525252525,0.257575757576,0.262626262626,0.267676767677,
    0.272727272727,0.277777777778,0.282828282828,0.287878787879,
    0.292929292929,0.29797979798,0.30303030303,0.308080808081,
    0.313131313131,0.318181818182,0.323232323232,0.328282828283,
    0.333333333333,0.338383838384,0.343434343434,0.348484848485,
    0.353535353535,0.358585858586,0.363636363636,0.368686868687,
    0.373737373737,0.378787878788,0.383838383838,0.388888888889,
    0.393939393939,0.39898989899,0.40404040404,0.409090909091,
    0.414141414141,0.419191919192,0.424242424242,0.429292929293,
    0.434343434343,0.439393939394,0.444444444444,0.449494949495,
    0.454545454545,0.459595959596,0.464646464646,0.469696969697,
    0.474747474747,0.479797979798,0.484848484848,0.489898989899,
    0.494949494949,0.5,0.505050505051,0.510101010101,0.515151515152,
    0.520202020202,0.525252525253,0.530303030303,0.535353535354,
    0.540404040404,0.545454545455,0.550505050505,0.555555555556,
    0.560606060606,0.565656565657,0.570707070707,0.575757575758,
    0.580808080808,0.585858585859,0.590909090909,0.59595959596,
    0.60101010101,0.606060606061,0.611111111111,0.616161616162,
    0.621212121212,0.626262626263,0.631313131313,0.636363636364,
    0.641414141414,0.646464646465,0.651515151515,0.656565656566,
    0.661616161616,0.666666666667,0.671717171717,0.676767676768,
    0.681818181818,0.686868686869,0.691919191919,0.69696969697,
    0.70202020202,0.707070707071,0.712121212121,0.717171717172,
    0.722222222222,0.727272727273,0.732323232323,0.737373737374,
    0.742424242424,0.747474747475,0.752525252525,0.757575757576,
    0.762626262626,0.767676767677,0.772727272727,0.777777777778,
    0.782828282828,0.787878787879,0.792929292929,0.79797979798,
    0.80303030303,0.808080808081,0.813131313131,0.818181818182,
    0.823232323232,0.828282828283,0.833333333333,0.838383838384,
    0.843434343434,0.848484848485,0.853535353535,0.858585858586,
    0.863636363636,0.868686868687,0.873737373737,0.878787878788,
    0.883838383838,0.888888888889,0.893939393939,0.89898989899,
    0.90404040404,0.909090909091,0.914141414141,0.919191919192,
    0.924242424242,0.929292929293,0.934343434343,0.939393939394,
    0.944444444444,0.949494949495,0.954545454545,0.959595959596,
    0.964646464646,0.969696969697,0.974747474747,0.979797979798,
    0.984848484848,0.989898989899,0.994949494949,1.),
  .QUASI_UNIFORM_KNOTS.);
#15558 = CARTESIAN_POINT('',(1.,3.827297033618E-03));
#15559 = CARTESIAN_POINT('',(1.000000101481,3.821744358923E-03));
#15560 = CARTESIAN_POINT('',(1.000000575492,3.810565619126E-03));
#15561 = CARTESIAN_POINT('',(1.000001705485,3.793577781066E-03));
#15562 = CARTESIAN_POINT('',(1.000003818895,3.776370617213E-03));
#15563 = CARTESIAN_POINT('',(1.000004125001,3.758944671157E-03));
#15564 = CARTESIAN_POINT('',(1.000004250037,3.741300306721E-03));
#15565 = CARTESIAN_POINT('',(1.000003443787,3.723437893864E-03));
#15566 = CARTESIAN_POINT('',(1.000006543753,3.705357914904E-03));
#15567 = CARTESIAN_POINT('',(1.000005733132,3.687060543188E-03));
#15568 = CARTESIAN_POINT('',(1.000005970833,3.668546559134E-03));
#15569 = CARTESIAN_POINT('',(1.000005928122,3.649816140341E-03));
#15570 = CARTESIAN_POINT('',(1.000005961082,3.630869756697E-03));
#15571 = CARTESIAN_POINT('',(1.000005974167,3.61170782098E-03));
#15572 = CARTESIAN_POINT('',(1.000005993534,3.592330693235E-03));
#15573 = CARTESIAN_POINT('',(1.000006010161,3.572739782024E-03));
#15574 = CARTESIAN_POINT('',(1.00000603403,3.552936027768E-03));
#15575 = CARTESIAN_POINT('',(1.00000603429,3.532920424687E-03));
#15576 = CARTESIAN_POINT('',(1.000006124432,3.512693999566E-03));
#15577 = CARTESIAN_POINT('',(1.000005881404,3.492257610373E-03));
#15578 = CARTESIAN_POINT('',(1.000006883984,3.471612777749E-03));
#15579 = CARTESIAN_POINT('',(1.000003240179,3.450759267746E-03));
#15580 = CARTESIAN_POINT('',(1.000004724238,3.429703074221E-03));
#15581 = CARTESIAN_POINT('',(1.000002431808,3.408429246958E-03));
#15582 = CARTESIAN_POINT('',(1.000001037383,3.387000155733E-03));
#15583 = CARTESIAN_POINT('',(1.00000007031,3.365189450272E-03));
#15584 = CARTESIAN_POINT('',(0.999999852001,3.343822799717E-03));
#15585 = CARTESIAN_POINT('',(1.000000791766,3.329490134357E-03));
#15586 = CARTESIAN_POINT('',(1.000002099555,3.312477259863E-03));
#15587 = CARTESIAN_POINT('',(1.00000318439,3.295388893388E-03));
#15588 = CARTESIAN_POINT('',(1.000003782778,3.277529152021E-03));
#15589 = CARTESIAN_POINT('',(1.000003867958,3.259085630417E-03));
#15590 = CARTESIAN_POINT('',(1.000003894794,3.240012685998E-03));
#15591 = CARTESIAN_POINT('',(1.000003913804,3.220314318203E-03));
#15592 = CARTESIAN_POINT('',(1.00000326465,3.200030127893E-03));
#15593 = CARTESIAN_POINT('',(1.00000224667,3.179003370901E-03));
#15594 = CARTESIAN_POINT('',(1.00000126612,3.15784263063E-03));
#15595 = CARTESIAN_POINT('',(1.000000451969,3.13429697297E-03));
#15596 = CARTESIAN_POINT('',(0.999999813613,3.116793101063E-03));
#15597 = CARTESIAN_POINT('',(1.000004088934,3.078223390897E-03));
#15598 = CARTESIAN_POINT('',(1.000007386406,3.047245517171E-03));
#15599 = CARTESIAN_POINT('',(1.000005972965,3.017558038958E-03));
#15600 = CARTESIAN_POINT('',(1.00000856597,2.990829475553E-03));
#15601 = CARTESIAN_POINT('',(0.999992843621,2.966626240572E-03));
#15602 = CARTESIAN_POINT('',(0.999981367182,2.945100794291E-03));
#15603 = CARTESIAN_POINT('',(0.999985401294,2.926219340263E-03));
#15604 = CARTESIAN_POINT('',(0.999989387033,2.910014401652E-03));
#15605 = CARTESIAN_POINT('',(0.999991313255,2.896410287263E-03));
#15606 = CARTESIAN_POINT('',(0.999995325006,2.885703591867E-03));
#15607 = CARTESIAN_POINT('',(0.999998136812,2.876808032769E-03));
#15608 = CARTESIAN_POINT('',(1.000000095052,2.87379108146E-03));
#15609 = CARTESIAN_POINT('',(1.000000049098,2.861483461014E-03));
#15610 = CARTESIAN_POINT('',(0.999999779527,2.837237893108E-03));
#15611 = CARTESIAN_POINT('',(0.999999009604,2.816746495012E-03));
#15612 = CARTESIAN_POINT('',(0.99999794178,2.795806719112E-03));
#15613 = CARTESIAN_POINT('',(0.999996792713,2.775546817393E-03));
#15614 = CARTESIAN_POINT('',(0.99999585746,2.755666490368E-03));
#15615 = CARTESIAN_POINT('',(0.999995739936,2.736248863507E-03));
#15616 = CARTESIAN_POINT('',(0.999996222995,2.717271826382E-03));
#15617 = CARTESIAN_POINT('',(0.999996945906,2.698747729172E-03));
#15618 = CARTESIAN_POINT('',(0.999997880958,2.680655039323E-03));
#15619 = CARTESIAN_POINT('',(0.999998952335,2.663073624E-03));
#15620 = CARTESIAN_POINT('',(0.999999810117,2.645711033394E-03));
#15621 = CARTESIAN_POINT('',(1.000000075354,2.629661367848E-03));
#15622 = CARTESIAN_POINT('',(0.999999905393,2.607559525093E-03));
#15623 = CARTESIAN_POINT('',(0.999999572396,2.587403295617E-03));
#15624 = CARTESIAN_POINT('',(0.999999113156,2.567050890623E-03));
#15625 = CARTESIAN_POINT('',(0.999998637119,2.547077503093E-03));
#15626 = CARTESIAN_POINT('',(0.999998238906,2.527329967611E-03));
#15627 = CARTESIAN_POINT('',(0.999998049072,2.507851566658E-03));
#15628 = CARTESIAN_POINT('',(0.999998126608,2.488628152397E-03));
#15629 = CARTESIAN_POINT('',(0.999998353704,2.469677990664E-03));
#15630 = CARTESIAN_POINT('',(0.999998694914,2.450945480385E-03));
#15631 = CARTESIAN_POINT('',(0.999999290926,2.432638334947E-03));
#15632 = CARTESIAN_POINT('',(0.999999457956,2.413984763984E-03));
#15633 = CARTESIAN_POINT('',(1.000001020719,2.397866879998E-03));
#15634 = CARTESIAN_POINT('',(0.999999671388,2.375982471414E-03));
#15635 = CARTESIAN_POINT('',(0.999999064586,2.355088634867E-03));
#15636 = CARTESIAN_POINT('',(0.999997560115,2.334150415157E-03));
#15637 = CARTESIAN_POINT('',(0.999995761434,2.313448218099E-03));
#15638 = CARTESIAN_POINT('',(0.999993621822,2.292908932041E-03));
#15639 = CARTESIAN_POINT('',(0.999991059161,2.272557612655E-03));
#15640 = CARTESIAN_POINT('',(0.999988411471,2.252379609994E-03));
#15641 = CARTESIAN_POINT('',(0.999985910981,2.232356913403E-03));
#15642 = CARTESIAN_POINT('',(0.999983431593,2.212485097654E-03));
#15643 = CARTESIAN_POINT('',(0.999981198042,2.192756401325E-03));
#15644 = CARTESIAN_POINT('',(0.999979497965,2.173165037834E-03));
#15645 = CARTESIAN_POINT('',(0.99997905546,2.153702720512E-03));
#15646 = CARTESIAN_POINT('',(0.999979762519,2.13437111501E-03));
#15647 = CARTESIAN_POINT('',(0.999980439776,2.115181148249E-03));
#15648 = CARTESIAN_POINT('',(0.99998142814,2.096131263871E-03));
#15649 = CARTESIAN_POINT('',(0.999982698529,2.077223402133E-03));
#15650 = CARTESIAN_POINT('',(0.999984297494,2.058458474703E-03));
#15651 = CARTESIAN_POINT('',(0.999986225249,2.039838055034E-03));
#15652 = CARTESIAN_POINT('',(0.999988479569,2.021362138272E-03));
#15653 = CARTESIAN_POINT('',(0.999990996899,2.003036394003E-03));
#15654 = CARTESIAN_POINT('',(0.999993435117,1.984844610979E-03));
#15655 = CARTESIAN_POINT('',(0.999996210286,1.966851851448E-03));
#15656 = CARTESIAN_POINT('',(0.999996962569,1.948820088176E-03));
#15657 = CARTESIAN_POINT('',(1.000003509022,1.931642221754E-03));
#15658 = CARTESIAN_POINT('',(0.999999114314,1.914355388075E-03));
#15659 = CARTESIAN_POINT('',(1.00000003372,1.892827326796E-03));
#15660 = CARTESIAN_POINT('',(0.999998559434,1.872562617471E-03));
#15661 = CARTESIAN_POINT('',(0.999997064264,1.852087535672E-03));
#15662 = CARTESIAN_POINT('',(0.999995179316,1.831798200712E-03));
#15663 = CARTESIAN_POINT('',(0.999993229413,1.811589720102E-03));
#15664 = CARTESIAN_POINT('',(0.999991312212,1.791491455951E-03));
#15665 = CARTESIAN_POINT('',(0.999989545066,1.771496806934E-03));
#15666 = CARTESIAN_POINT('',(0.999987997481,1.751608806149E-03));
#15667 = CARTESIAN_POINT('',(0.999986713703,1.731827939951E-03));
#15668 = CARTESIAN_POINT('',(0.99998568943,1.712155267143E-03));
#15669 = CARTESIAN_POINT('',(0.999984942208,1.692592115924E-03));
#15670 = CARTESIAN_POINT('',(0.999984253185,1.673138169637E-03));
#15671 = CARTESIAN_POINT('',(0.999984140353,1.653799507009E-03));
#15672 = CARTESIAN_POINT('',(0.999984734644,1.634577973694E-03));
#15673 = CARTESIAN_POINT('',(0.999985769408,1.615471724609E-03));
#15674 = CARTESIAN_POINT('',(0.999987107393,1.596479921246E-03));
#15675 = CARTESIAN_POINT('',(0.999988624205,1.577601894475E-03));
#15676 = CARTESIAN_POINT('',(0.999990108091,1.558835669263E-03));
#15677 = CARTESIAN_POINT('',(0.999991766642,1.540184697233E-03));
#15678 = CARTESIAN_POINT('',(0.999994176559,1.521673832468E-03));
#15679 = CARTESIAN_POINT('',(0.999996296208,1.503259411904E-03));
#15680 = CARTESIAN_POINT('',(0.999998385888,1.485042415068E-03));
#15681 = CARTESIAN_POINT('',(0.999998285245,1.466612554455E-03));
#15682 = CARTESIAN_POINT('',(1.000003465026,1.449461957361E-03));
#15683 = CARTESIAN_POINT('',(0.999999186102,1.430438071524E-03));
#15684 = CARTESIAN_POINT('',(1.00000002851,1.410169004272E-03));
#15685 = CARTESIAN_POINT('',(0.999998622574,1.390289605522E-03));
#15686 = CARTESIAN_POINT('',(0.999997290937,1.370364906869E-03));
#15687 = CARTESIAN_POINT('',(0.999995666205,1.350514593767E-03));
#15688 = CARTESIAN_POINT('',(0.999994013946,1.330709557572E-03));
#15689 = CARTESIAN_POINT('',(0.99999232273,1.310961187002E-03));
#15690 = CARTESIAN_POINT('',(0.999990626131,1.291267254036E-03));
#15691 = CARTESIAN_POINT('',(0.999989093294,1.271629221826E-03));
#15692 = CARTESIAN_POINT('',(0.999987825332,1.252048438194E-03));
#15693 = CARTESIAN_POINT('',(0.999986891687,1.232526284665E-03));
#15694 = CARTESIAN_POINT('',(0.999986300514,1.213064147074E-03));
#15695 = CARTESIAN_POINT('',(0.999986079416,1.19366337289E-03));
#15696 = CARTESIAN_POINT('',(0.999985970627,1.174325470531E-03));
#15697 = CARTESIAN_POINT('',(0.999986033135,1.155051473873E-03));
#15698 = CARTESIAN_POINT('',(0.999986392796,1.135842509137E-03));
#15699 = CARTESIAN_POINT('',(0.999987109286,1.116699721274E-03));
#15700 = CARTESIAN_POINT('',(0.999988201996,1.097624132827E-03));
#15701 = CARTESIAN_POINT('',(0.999989677597,1.078617262735E-03));
#15702 = CARTESIAN_POINT('',(0.999991392565,1.059678782268E-03));
#15703 = CARTESIAN_POINT('',(0.999993572079,1.040815223817E-03));
#15704 = CARTESIAN_POINT('',(0.999994851361,1.022007101957E-03));
#15705 = CARTESIAN_POINT('',(0.999999614855,1.003331877482E-03));
#15706 = CARTESIAN_POINT('',(1.000005904105,9.853014767761E-04));
#15707 = CARTESIAN_POINT('',(1.000001337663,9.668494713025E-04));
#15708 = CARTESIAN_POINT('',(0.999999702068,9.468368118357E-04));
#15709 = CARTESIAN_POINT('',(0.999999701673,9.269763046994E-04));
#15710 = CARTESIAN_POINT('',(0.999998704187,9.071495098598E-04));
#15711 = CARTESIAN_POINT('',(0.999997551166,8.873885740009E-04));
#15712 = CARTESIAN_POINT('',(0.999996119927,8.67685150985E-04));
#15713 = CARTESIAN_POINT('',(0.999994545984,8.480423683019E-04));
#15714 = CARTESIAN_POINT('',(0.999992767459,8.284580354625E-04));
#15715 = CARTESIAN_POINT('',(0.999991581654,8.089488616559E-04));
#15716 = CARTESIAN_POINT('',(0.99999056198,7.895079585499E-04));
#15717 = CARTESIAN_POINT('',(0.999989581472,7.701305956587E-04));
#15718 = CARTESIAN_POINT('',(0.999988649579,7.508123845659E-04));
#15719 = CARTESIAN_POINT('',(0.999987866311,7.315462373945E-04));
#15720 = CARTESIAN_POINT('',(0.999987745079,7.123362901554E-04));
#15721 = CARTESIAN_POINT('',(0.999987732679,6.931360932992E-04));
#15722 = CARTESIAN_POINT('',(0.999987957893,6.7394413783E-04));
#15723 = CARTESIAN_POINT('',(0.99998862012,6.547656506926E-04));
#15724 = CARTESIAN_POINT('',(0.999989630295,6.356017878316E-04));
#15725 = CARTESIAN_POINT('',(0.999991286337,6.164633431792E-04));
#15726 = CARTESIAN_POINT('',(0.999991929354,5.973266654605E-04));
#15727 = CARTESIAN_POINT('',(0.999996645556,5.782962116034E-04));
#15728 = CARTESIAN_POINT('',(1.000006039163,5.594311599775E-04));
#15729 = CARTESIAN_POINT('',(1.000008875371,5.405950759164E-04));
#15730 = CARTESIAN_POINT('',(1.000009652394,5.217013337556E-04));
#15731 = CARTESIAN_POINT('',(1.000003888528,5.02654440361E-04));
#15732 = CARTESIAN_POINT('',(0.999999362432,4.833432666996E-04));
#15733 = CARTESIAN_POINT('',(1.00000016009,4.637270359985E-04));
#15734 = CARTESIAN_POINT('',(0.999998695437,4.44185471951E-04));
#15735 = CARTESIAN_POINT('',(0.999996908233,4.24637208202E-04));
#15736 = CARTESIAN_POINT('',(0.999994658893,4.05105656988E-04));
#15737 = CARTESIAN_POINT('',(0.99999230747,3.855861683407E-04));
#15738 = CARTESIAN_POINT('',(0.999990022006,3.660816220126E-04));
#15739 = CARTESIAN_POINT('',(0.999987963326,3.46592887956E-04));
#15740 = CARTESIAN_POINT('',(0.999986235185,3.271213797202E-04));
#15741 = CARTESIAN_POINT('',(0.999984896997,3.076683675168E-04));
#15742 = CARTESIAN_POINT('',(0.999983961362,2.882351596351E-04));
#15743 = CARTESIAN_POINT('',(0.9999833903,2.68823050777E-04));
#15744 = CARTESIAN_POINT('',(0.999983112342,2.494333343962E-04));
#15745 = CARTESIAN_POINT('',(0.999982957963,2.300672921788E-04));
#15746 = CARTESIAN_POINT('',(0.999982961377,2.107262155205E-04));
#15747 = CARTESIAN_POINT('',(0.999983302211,1.914114118551E-04));
#15748 = CARTESIAN_POINT('',(0.999984064536,1.72124186796E-04));
#15749 = CARTESIAN_POINT('',(0.999985293626,1.528658455201E-04));
#15750 = CARTESIAN_POINT('',(0.999986980553,1.33637689445E-04));
#15751 = CARTESIAN_POINT('',(0.999989066236,1.144410141742E-04));
#15752 = CARTESIAN_POINT('',(0.999991440419,9.527710713901E-05));
#15753 = CARTESIAN_POINT('',(0.999993941989,7.61472452949E-05));
#15754 = CARTESIAN_POINT('',(0.999996359568,5.705269306772E-05));
#15755 = CARTESIAN_POINT('',(0.999998430192,3.799469946004E-05));
#15756 = CARTESIAN_POINT('',(0.99999984591,1.897449852827E-05));
#15757 = CARTESIAN_POINT('',(1.000000102722,6.320364527015E-06));
#15758 = CARTESIAN_POINT('',(1.,0.));
#15759 = ( GEOMETRIC_REPRESENTATION_CONTEXT(2) 
PARAMETRIC_REPRESENTATION_CONTEXT() REPRESENTATION_CONTEXT('2D SPACE',''
  ) );
#15760 = ADVANCED_FACE('',(#15761),#10250,.T.);
#15761 = FACE_BOUND('',#15762,.T.);
#15762 = EDGE_LOOP('',(#15763,#15764,#15765,#15810,#15811,#15812));
#15763 = ORIENTED_EDGE('',*,*,#13398,.F.);
#15764 = ORIENTED_EDGE('',*,*,#10233,.F.);
#15765 = ORIENTED_EDGE('',*,*,#15766,.F.);
#15766 = EDGE_CURVE('',#14108,#10206,#15767,.T.);
#15767 = SURFACE_CURVE('',#15768,(#15773,#15802),.PCURVE_S1.);
#15768 = B_SPLINE_CURVE_WITH_KNOTS('',3,(#15769,#15770,#15771,#15772),
  .UNSPECIFIED.,.F.,.F.,(4,4),(0.,1.531076584675E-03),
  .PIECEWISE_BEZIER_KNOTS.);
#15769 = CARTESIAN_POINT('',(22.482571799002,171.91,68.756539015598));
#15770 = CARTESIAN_POINT('',(22.156942124497,171.63212279451,
    69.03441622108));
#15771 = CARTESIAN_POINT('',(21.829314196041,171.35541205143,
    69.311126964163));
#15772 = CARTESIAN_POINT('',(21.5,171.07971445636,69.586824559235));
#15773 = PCURVE('',#10250,#15774);
#15774 = DEFINITIONAL_REPRESENTATION('',(#15775),#15801);
#15775 = B_SPLINE_CURVE_WITH_KNOTS('',3,(#15776,#15777,#15778,#15779,
    #15780,#15781,#15782,#15783,#15784,#15785,#15786,#15787,#15788,
    #15789,#15790,#15791,#15792,#15793,#15794,#15795,#15796,#15797,
    #15798,#15799,#15800),.UNSPECIFIED.,.F.,.F.,(4,1,1,1,1,1,1,1,1,1,1,1
    ,1,1,1,1,1,1,1,1,1,1,4),(0.,6.959439021249E-05,1.39188780425E-04,
    2.087831706375E-04,2.7837756085E-04,3.479719510625E-04,
    4.175663412749E-04,4.871607314874E-04,5.567551216999E-04,
    6.263495119124E-04,6.959439021249E-04,7.655382923374E-04,
    8.351326825499E-04,9.047270727624E-04,9.743214629749E-04,
    1.043915853187E-03,1.1135102434E-03,1.183104633612E-03,
    1.252699023825E-03,1.322293414037E-03,1.39188780425E-03,
    1.461482194462E-03,1.531076584675E-03),.QUASI_UNIFORM_KNOTS.);
#15776 = CARTESIAN_POINT('',(2.950350572507,-0.982571799002));
#15777 = CARTESIAN_POINT('',(2.94988584835,-0.967770450042));
#15778 = CARTESIAN_POINT('',(2.948958495332,-0.938159477525));
#15779 = CARTESIAN_POINT('',(2.947573712173,-0.893718383354));
#15780 = CARTESIAN_POINT('',(2.946195135753,-0.849252842746));
#15781 = CARTESIAN_POINT('',(2.944822726831,-0.804763042711));
#15782 = CARTESIAN_POINT('',(2.943456446413,-0.760249169));
#15783 = CARTESIAN_POINT('',(2.94209625579,-0.715711405939));
#15784 = CARTESIAN_POINT('',(2.940742116529,-0.671149936492));
#15785 = CARTESIAN_POINT('',(2.939393990467,-0.626564942258));
#15786 = CARTESIAN_POINT('',(2.938051839714,-0.581956603492));
#15787 = CARTESIAN_POINT('',(2.93671562665,-0.537325099117));
#15788 = CARTESIAN_POINT('',(2.935385313921,-0.492670606732));
#15789 = CARTESIAN_POINT('',(2.934060864441,-0.447993302632));
#15790 = CARTESIAN_POINT('',(2.932742241388,-0.403293361816));
#15791 = CARTESIAN_POINT('',(2.9314294082,-0.358570958002));
#15792 = CARTESIAN_POINT('',(2.930122328579,-0.313826263638));
#15793 = CARTESIAN_POINT('',(2.928820966485,-0.269059449916));
#15794 = CARTESIAN_POINT('',(2.927525286134,-0.224270686783));
#15795 = CARTESIAN_POINT('',(2.926235251998,-0.179460142954));
#15796 = CARTESIAN_POINT('',(2.924950828802,-0.134627985929));
#15797 = CARTESIAN_POINT('',(2.923671981529,-8.977438197082E-02));
#15798 = CARTESIAN_POINT('',(2.922398675386,-4.489949626174E-02));
#15799 = CARTESIAN_POINT('',(2.921553475745,-1.496882699481E-02));
#15800 = CARTESIAN_POINT('',(2.921131787947,-1.7763568394E-15));
#15801 = ( GEOMETRIC_REPRESENTATION_CONTEXT(2) 
PARAMETRIC_REPRESENTATION_CONTEXT() REPRESENTATION_CONTEXT('2D SPACE',''
  ) );
#15802 = PCURVE('',#10221,#15803);
#15803 = DEFINITIONAL_REPRESENTATION('',(#15804),#15809);
#15804 = B_SPLINE_CURVE_WITH_KNOTS('',3,(#15805,#15806,#15807,#15808),
  .UNSPECIFIED.,.F.,.F.,(4,4),(0.,1.531076584675E-03),
  .PIECEWISE_BEZIER_KNOTS.);
#15805 = CARTESIAN_POINT('',(-22.482571799,1.174201076454));
#15806 = CARTESIAN_POINT('',(-22.15694212449,0.781223363787));
#15807 = CARTESIAN_POINT('',(-21.82931419604,0.389895278064));
#15808 = CARTESIAN_POINT('',(-21.5,-1.42108547152E-14));
#15809 = ( GEOMETRIC_REPRESENTATION_CONTEXT(2) 
PARAMETRIC_REPRESENTATION_CONTEXT() REPRESENTATION_CONTEXT('2D SPACE',''
  ) );
#15810 = ORIENTED_EDGE('',*,*,#14107,.F.);
#15811 = ORIENTED_EDGE('',*,*,#11238,.F.);
#15812 = ORIENTED_EDGE('',*,*,#13319,.F.);
#15813 = ADVANCED_FACE('',(#15814),#10221,.F.);
#15814 = FACE_BOUND('',#15815,.T.);
#15815 = EDGE_LOOP('',(#15816,#15817,#15818,#15837));
#15816 = ORIENTED_EDGE('',*,*,#15766,.T.);
#15817 = ORIENTED_EDGE('',*,*,#10205,.F.);
#15818 = ORIENTED_EDGE('',*,*,#15819,.F.);
#15819 = EDGE_CURVE('',#14056,#9979,#15820,.T.);
#15820 = SURFACE_CURVE('',#15821,(#15824,#15830),.PCURVE_S1.);
#15821 = B_SPLINE_CURVE_WITH_KNOTS('',1,(#15822,#15823),.UNSPECIFIED.,
  .F.,.F.,(2,2),(0.,1.),.PIECEWISE_BEZIER_KNOTS.);
#15822 = CARTESIAN_POINT('',(27.4,171.91,68.756539015598));
#15823 = CARTESIAN_POINT('',(27.4,171.07971445636,69.586824559235));
#15824 = PCURVE('',#10221,#15825);
#15825 = DEFINITIONAL_REPRESENTATION('',(#15826),#15829);
#15826 = B_SPLINE_CURVE_WITH_KNOTS('',1,(#15827,#15828),.UNSPECIFIED.,
  .F.,.F.,(2,2),(0.,1.),.PIECEWISE_BEZIER_KNOTS.);
#15827 = CARTESIAN_POINT('',(-27.4,1.174201076454));
#15828 = CARTESIAN_POINT('',(-27.4,-1.42108547152E-14));
#15829 = ( GEOMETRIC_REPRESENTATION_CONTEXT(2) 
PARAMETRIC_REPRESENTATION_CONTEXT() REPRESENTATION_CONTEXT('2D SPACE',''
  ) );
#15830 = PCURVE('',#10049,#15831);
#15831 = DEFINITIONAL_REPRESENTATION('',(#15832),#15836);
#15832 = LINE('',#15833,#15834);
#15833 = CARTESIAN_POINT('',(1.,3.759129178197E-03));
#15834 = VECTOR('',#15835,1.);
#15835 = DIRECTION('',(-1.,3.469446951954E-18));
#15836 = ( GEOMETRIC_REPRESENTATION_CONTEXT(2) 
PARAMETRIC_REPRESENTATION_CONTEXT() REPRESENTATION_CONTEXT('2D SPACE',''
  ) );
#15837 = ORIENTED_EDGE('',*,*,#14131,.F.);
#15838 = ADVANCED_FACE('',(#15839),#10049,.T.);
#15839 = FACE_BOUND('',#15840,.T.);
#15840 = EDGE_LOOP('',(#15841,#15842,#15843,#15863));
#15841 = ORIENTED_EDGE('',*,*,#15819,.T.);
#15842 = ORIENTED_EDGE('',*,*,#9978,.F.);
#15843 = ORIENTED_EDGE('',*,*,#15844,.F.);
#15844 = EDGE_CURVE('',#14281,#9756,#15845,.T.);
#15845 = SURFACE_CURVE('',#15846,(#15849,#15856),.PCURVE_S1.);
#15846 = B_SPLINE_CURVE_WITH_KNOTS('',1,(#15847,#15848),.UNSPECIFIED.,
  .F.,.F.,(2,2),(0.,1.),.PIECEWISE_BEZIER_KNOTS.);
#15847 = CARTESIAN_POINT('',(30.4,168.91,68.086624293181));
#15848 = CARTESIAN_POINT('',(29.755784255512,168.63134035558,
    68.890580048617));
#15849 = PCURVE('',#10049,#15850);
#15850 = DEFINITIONAL_REPRESENTATION('',(#15851),#15855);
#15851 = LINE('',#15852,#15853);
#15852 = CARTESIAN_POINT('',(1.,1.284184248278E-17));
#15853 = VECTOR('',#15854,1.);
#15854 = DIRECTION('',(-1.,1.005258852155E-18));
#15855 = ( GEOMETRIC_REPRESENTATION_CONTEXT(2) 
PARAMETRIC_REPRESENTATION_CONTEXT() REPRESENTATION_CONTEXT('2D SPACE',''
  ) );
#15856 = PCURVE('',#9826,#15857);
#15857 = DEFINITIONAL_REPRESENTATION('',(#15858),#15862);
#15858 = LINE('',#15859,#15860);
#15859 = CARTESIAN_POINT('',(1.,3.827297033618E-03));
#15860 = VECTOR('',#15861,1.);
#15861 = DIRECTION('',(-1.,2.602085213965E-18));
#15862 = ( GEOMETRIC_REPRESENTATION_CONTEXT(2) 
PARAMETRIC_REPRESENTATION_CONTEXT() REPRESENTATION_CONTEXT('2D SPACE',''
  ) );
#15863 = ORIENTED_EDGE('',*,*,#14485,.F.);
#15864 = ADVANCED_FACE('',(#15865),#9826,.T.);
#15865 = FACE_BOUND('',#15866,.T.);
#15866 = EDGE_LOOP('',(#15867,#15868,#15869,#15892));
#15867 = ORIENTED_EDGE('',*,*,#15844,.T.);
#15868 = ORIENTED_EDGE('',*,*,#9755,.F.);
#15869 = ORIENTED_EDGE('',*,*,#15870,.F.);
#15870 = EDGE_CURVE('',#14180,#9728,#15871,.T.);
#15871 = SURFACE_CURVE('',#15872,(#15877,#15884),.PCURVE_S1.);
#15872 = B_SPLINE_CURVE_WITH_KNOTS('',3,(#15873,#15874,#15875,#15876),
  .UNSPECIFIED.,.F.,.F.,(4,4),(0.,1.),.PIECEWISE_BEZIER_KNOTS.);
#15873 = CARTESIAN_POINT('',(27.4,165.91,67.111170689854));
#15874 = CARTESIAN_POINT('',(27.4,166.0009887516,67.366376460977));
#15875 = CARTESIAN_POINT('',(27.4,166.09197750319,67.621582232101));
#15876 = CARTESIAN_POINT('',(27.4,166.18296625479,67.876788003224));
#15877 = PCURVE('',#9826,#15878);
#15878 = DEFINITIONAL_REPRESENTATION('',(#15879),#15883);
#15879 = LINE('',#15880,#15881);
#15880 = CARTESIAN_POINT('',(1.,-2.190583815083E-18));
#15881 = VECTOR('',#15882,1.);
#15882 = DIRECTION('',(-1.,-1.308823606222E-18));
#15883 = ( GEOMETRIC_REPRESENTATION_CONTEXT(2) 
PARAMETRIC_REPRESENTATION_CONTEXT() REPRESENTATION_CONTEXT('2D SPACE',''
  ) );
#15884 = PCURVE('',#9743,#15885);
#15885 = DEFINITIONAL_REPRESENTATION('',(#15886),#15891);
#15886 = B_SPLINE_CURVE_WITH_KNOTS('',3,(#15887,#15888,#15889,#15890),
  .UNSPECIFIED.,.F.,.F.,(4,4),(0.,1.),.PIECEWISE_BEZIER_KNOTS.);
#15887 = CARTESIAN_POINT('',(-27.4,-3.552713678801E-15));
#15888 = CARTESIAN_POINT('',(-27.4,0.270940839543));
#15889 = CARTESIAN_POINT('',(-27.4,0.541881679086));
#15890 = CARTESIAN_POINT('',(-27.4,0.812822518629));
#15891 = ( GEOMETRIC_REPRESENTATION_CONTEXT(2) 
PARAMETRIC_REPRESENTATION_CONTEXT() REPRESENTATION_CONTEXT('2D SPACE',''
  ) );
#15892 = ORIENTED_EDGE('',*,*,#15267,.F.);
#15893 = ADVANCED_FACE('',(#15894),#9743,.F.);
#15894 = FACE_BOUND('',#15895,.T.);
#15895 = EDGE_LOOP('',(#15896,#15897,#15898,#15943));
#15896 = ORIENTED_EDGE('',*,*,#15870,.T.);
#15897 = ORIENTED_EDGE('',*,*,#9727,.F.);
#15898 = ORIENTED_EDGE('',*,*,#15899,.F.);
#15899 = EDGE_CURVE('',#14208,#9704,#15900,.T.);
#15900 = SURFACE_CURVE('',#15901,(#15906,#15914),.PCURVE_S1.);
#15901 = B_SPLINE_CURVE_WITH_KNOTS('',3,(#15902,#15903,#15904,#15905),
  .UNSPECIFIED.,.F.,.F.,(4,4),(0.,9.882724851681E-04),
  .PIECEWISE_BEZIER_KNOTS.);
#15902 = CARTESIAN_POINT('',(22.062140603542,165.91,67.111170689854));
#15903 = CARTESIAN_POINT('',(21.876543809512,166.00140005361,
    67.367530083229));
#15904 = CARTESIAN_POINT('',(21.689095915836,166.09237869289,
    67.622707491243));
#15905 = CARTESIAN_POINT('',(21.5,166.18296625479,67.876788003224));
#15906 = PCURVE('',#9743,#15907);
#15907 = DEFINITIONAL_REPRESENTATION('',(#15908),#15913);
#15908 = B_SPLINE_CURVE_WITH_KNOTS('',3,(#15909,#15910,#15911,#15912),
  .UNSPECIFIED.,.F.,.F.,(4,4),(0.,9.882724851681E-04),
  .PIECEWISE_BEZIER_KNOTS.);
#15909 = CARTESIAN_POINT('',(-22.06214060354,-3.552713678801E-15));
#15910 = CARTESIAN_POINT('',(-21.87654380951,0.272165589986));
#15911 = CARTESIAN_POINT('',(-21.68909591583,0.543076317653));
#15912 = CARTESIAN_POINT('',(-21.5,0.812822518629));
#15913 = ( GEOMETRIC_REPRESENTATION_CONTEXT(2) 
PARAMETRIC_REPRESENTATION_CONTEXT() REPRESENTATION_CONTEXT('2D SPACE',''
  ) );
#15914 = PCURVE('',#5158,#15915);
#15915 = DEFINITIONAL_REPRESENTATION('',(#15916),#15942);
#15916 = B_SPLINE_CURVE_WITH_KNOTS('',3,(#15917,#15918,#15919,#15920,
    #15921,#15922,#15923,#15924,#15925,#15926,#15927,#15928,#15929,
    #15930,#15931,#15932,#15933,#15934,#15935,#15936,#15937,#15938,
    #15939,#15940,#15941),.UNSPECIFIED.,.F.,.F.,(4,1,1,1,1,1,1,1,1,1,1,1
    ,1,1,1,1,1,1,1,1,1,1,4),(0.,4.492147659855E-05,8.98429531971E-05,
    1.347644297957E-04,1.796859063942E-04,2.246073829928E-04,
    2.695288595913E-04,3.144503361899E-04,3.593718127884E-04,
    4.04293289387E-04,4.492147659855E-04,4.941362425841E-04,
    5.390577191826E-04,5.839791957812E-04,6.289006723797E-04,
    6.738221489783E-04,7.187436255768E-04,7.636651021754E-04,
    8.085865787739E-04,8.535080553725E-04,8.98429531971E-04,
    9.433510085696E-04,9.882724851681E-04),.QUASI_UNIFORM_KNOTS.);
#15917 = CARTESIAN_POINT('',(2.663670112435,-0.562140603542));
#15918 = CARTESIAN_POINT('',(2.664082574307,-0.553704385595));
#15919 = CARTESIAN_POINT('',(2.664906373499,-0.536824295016));
#15920 = CARTESIAN_POINT('',(2.666138709975,-0.511481313497));
#15921 = CARTESIAN_POINT('',(2.667367695485,-0.486115604905));
#15922 = CARTESIAN_POINT('',(2.668593341343,-0.460727287222));
#15923 = CARTESIAN_POINT('',(2.669815658837,-0.435316478038));
#15924 = CARTESIAN_POINT('',(2.671034659229,-0.409883294505));
#15925 = CARTESIAN_POINT('',(2.672250353755,-0.384427853347));
#15926 = CARTESIAN_POINT('',(2.673462753623,-0.358950270865));
#15927 = CARTESIAN_POINT('',(2.674671870015,-0.333450662932));
#15928 = CARTESIAN_POINT('',(2.675877714087,-0.307929145001));
#15929 = CARTESIAN_POINT('',(2.677080296966,-0.282385832106));
#15930 = CARTESIAN_POINT('',(2.678279629753,-0.256820838862));
#15931 = CARTESIAN_POINT('',(2.679475723521,-0.231234279468));
#15932 = CARTESIAN_POINT('',(2.680668589316,-0.205626267709));
#15933 = CARTESIAN_POINT('',(2.681858238156,-0.17999691696));
#15934 = CARTESIAN_POINT('',(2.683044681031,-0.154346340183));
#15935 = CARTESIAN_POINT('',(2.684227928903,-0.128674649935));
#15936 = CARTESIAN_POINT('',(2.685407992707,-0.102981958364));
#15937 = CARTESIAN_POINT('',(2.686584883348,-7.726837721948E-02));
#15938 = CARTESIAN_POINT('',(2.687758611704,-5.153401783622E-02));
#15939 = CARTESIAN_POINT('',(2.688929188626,-2.577899118942E-02));
#15940 = CARTESIAN_POINT('',(2.689707479493,-8.59526886862E-03));
#15941 = CARTESIAN_POINT('',(2.690096103294,-3.552713678801E-15));
#15942 = ( GEOMETRIC_REPRESENTATION_CONTEXT(2) 
PARAMETRIC_REPRESENTATION_CONTEXT() REPRESENTATION_CONTEXT('2D SPACE',''
  ) );
#15943 = ORIENTED_EDGE('',*,*,#14207,.F.);
#15944 = ADVANCED_FACE('',(#15945),#5158,.T.);
#15945 = FACE_BOUND('',#15946,.T.);
#15946 = EDGE_LOOP('',(#15947,#15948,#15949,#15950,#15951,#15952));
#15947 = ORIENTED_EDGE('',*,*,#12991,.F.);
#15948 = ORIENTED_EDGE('',*,*,#5137,.F.);
#15949 = ORIENTED_EDGE('',*,*,#14230,.F.);
#15950 = ORIENTED_EDGE('',*,*,#15899,.T.);
#15951 = ORIENTED_EDGE('',*,*,#9703,.F.);
#15952 = ORIENTED_EDGE('',*,*,#13065,.F.);
#15953 = ADVANCED_FACE('',(#15954),#11014,.F.);
#15954 = FACE_BOUND('',#15955,.T.);
#15955 = EDGE_LOOP('',(#15956,#15957,#15958,#15977));
#15956 = ORIENTED_EDGE('',*,*,#11294,.F.);
#15957 = ORIENTED_EDGE('',*,*,#14085,.F.);
#15958 = ORIENTED_EDGE('',*,*,#15959,.F.);
#15959 = EDGE_CURVE('',#10768,#14058,#15960,.T.);
#15960 = SURFACE_CURVE('',#15961,(#15964,#15970),.PCURVE_S1.);
#15961 = B_SPLINE_CURVE_WITH_KNOTS('',1,(#15962,#15963),.UNSPECIFIED.,
  .F.,.F.,(2,2),(0.,1.),.PIECEWISE_BEZIER_KNOTS.);
#15962 = CARTESIAN_POINT('',(27.4,171.32995527629,65.118554846782));
#15963 = CARTESIAN_POINT('',(27.4,171.91,65.730669264782));
#15964 = PCURVE('',#11014,#15965);
#15965 = DEFINITIONAL_REPRESENTATION('',(#15966),#15969);
#15966 = B_SPLINE_CURVE_WITH_KNOTS('',1,(#15967,#15968),.UNSPECIFIED.,
  .F.,.F.,(2,2),(0.,1.),.PIECEWISE_BEZIER_KNOTS.);
#15967 = CARTESIAN_POINT('',(45.411529493745,0.843288765619));
#15968 = CARTESIAN_POINT('',(45.411529493745,0.));
#15969 = ( GEOMETRIC_REPRESENTATION_CONTEXT(2) 
PARAMETRIC_REPRESENTATION_CONTEXT() REPRESENTATION_CONTEXT('2D SPACE',''
  ) );
#15970 = PCURVE('',#10842,#15971);
#15971 = DEFINITIONAL_REPRESENTATION('',(#15972),#15976);
#15972 = LINE('',#15973,#15974);
#15973 = CARTESIAN_POINT('',(-5.433722202158E-15,7.280695252596E-18));
#15974 = VECTOR('',#15975,1.);
#15975 = DIRECTION('',(1.,-9.442996886269E-18));
#15976 = ( GEOMETRIC_REPRESENTATION_CONTEXT(2) 
PARAMETRIC_REPRESENTATION_CONTEXT() REPRESENTATION_CONTEXT('2D SPACE',''
  ) );
#15977 = ORIENTED_EDGE('',*,*,#10998,.F.);
#15978 = ADVANCED_FACE('',(#15979),#10842,.T.);
#15979 = FACE_BOUND('',#15980,.T.);
#15980 = EDGE_LOOP('',(#15981,#15982,#15983,#16003));
#15981 = ORIENTED_EDGE('',*,*,#15959,.T.);
#15982 = ORIENTED_EDGE('',*,*,#14303,.F.);
#15983 = ORIENTED_EDGE('',*,*,#15984,.F.);
#15984 = EDGE_CURVE('',#10537,#14279,#15985,.T.);
#15985 = SURFACE_CURVE('',#15986,(#15989,#15996),.PCURVE_S1.);
#15986 = B_SPLINE_CURVE_WITH_KNOTS('',1,(#15987,#15988),.UNSPECIFIED.,
  .F.,.F.,(2,2),(0.,1.),.PIECEWISE_BEZIER_KNOTS.);
#15987 = CARTESIAN_POINT('',(29.656486645937,169.14978263932,
    64.385039263276));
#15988 = CARTESIAN_POINT('',(30.4,168.91,64.971477955479));
#15989 = PCURVE('',#10842,#15990);
#15990 = DEFINITIONAL_REPRESENTATION('',(#15991),#15995);
#15991 = LINE('',#15992,#15993);
#15992 = CARTESIAN_POINT('',(5.875875146502E-15,3.630094211902E-03));
#15993 = VECTOR('',#15994,1.);
#15994 = DIRECTION('',(1.,9.974659986867E-18));
#15995 = ( GEOMETRIC_REPRESENTATION_CONTEXT(2) 
PARAMETRIC_REPRESENTATION_CONTEXT() REPRESENTATION_CONTEXT('2D SPACE',''
  ) );
#15996 = PCURVE('',#10615,#15997);
#15997 = DEFINITIONAL_REPRESENTATION('',(#15998),#16002);
#15998 = LINE('',#15999,#16000);
#15999 = CARTESIAN_POINT('',(1.002911806675E-14,-3.951484545709E-18));
#16000 = VECTOR('',#16001,1.);
#16001 = DIRECTION('',(1.,-3.58485623822E-18));
#16002 = ( GEOMETRIC_REPRESENTATION_CONTEXT(2) 
PARAMETRIC_REPRESENTATION_CONTEXT() REPRESENTATION_CONTEXT('2D SPACE',''
  ) );
#16003 = ORIENTED_EDGE('',*,*,#10767,.F.);
#16004 = ADVANCED_FACE('',(#16005),#10615,.T.);
#16005 = FACE_BOUND('',#16006,.T.);
#16006 = EDGE_LOOP('',(#16007,#16008,#16009,#16032));
#16007 = ORIENTED_EDGE('',*,*,#15984,.T.);
#16008 = ORIENTED_EDGE('',*,*,#14670,.F.);
#16009 = ORIENTED_EDGE('',*,*,#16010,.F.);
#16010 = EDGE_CURVE('',#10539,#14157,#16011,.T.);
#16011 = SURFACE_CURVE('',#16012,(#16017,#16024),.PCURVE_S1.);
#16012 = B_SPLINE_CURVE_WITH_KNOTS('',3,(#16013,#16014,#16015,#16016),
  .UNSPECIFIED.,.F.,.F.,(4,4),(0.,1.),.PIECEWISE_BEZIER_KNOTS.);
#16013 = CARTESIAN_POINT('',(27.4,166.96961000235,63.317762513415));
#16014 = CARTESIAN_POINT('',(27.4,166.61640666823,63.500789215405));
#16015 = CARTESIAN_POINT('',(27.4,166.26320333411,63.683815917396));
#16016 = CARTESIAN_POINT('',(27.4,165.91,63.866842619386));
#16017 = PCURVE('',#10615,#16018);
#16018 = DEFINITIONAL_REPRESENTATION('',(#16019),#16023);
#16019 = LINE('',#16020,#16021);
#16020 = CARTESIAN_POINT('',(-7.047096494642E-15,3.720826093275E-03));
#16021 = VECTOR('',#16022,1.);
#16022 = DIRECTION('',(1.,1.561251128379E-17));
#16023 = ( GEOMETRIC_REPRESENTATION_CONTEXT(2) 
PARAMETRIC_REPRESENTATION_CONTEXT() REPRESENTATION_CONTEXT('2D SPACE',''
  ) );
#16024 = PCURVE('',#5241,#16025);
#16025 = DEFINITIONAL_REPRESENTATION('',(#16026),#16031);
#16026 = B_SPLINE_CURVE_WITH_KNOTS('',3,(#16027,#16028,#16029,#16030),
  .UNSPECIFIED.,.F.,.F.,(4,4),(0.,1.),.PIECEWISE_BEZIER_KNOTS.);
#16027 = CARTESIAN_POINT('',(45.411529493745,0.));
#16028 = CARTESIAN_POINT('',(45.411529493745,0.397808206142));
#16029 = CARTESIAN_POINT('',(45.411529493745,0.795616412284));
#16030 = CARTESIAN_POINT('',(45.411529493745,1.193424618425));
#16031 = ( GEOMETRIC_REPRESENTATION_CONTEXT(2) 
PARAMETRIC_REPRESENTATION_CONTEXT() REPRESENTATION_CONTEXT('2D SPACE',''
  ) );
#16032 = ORIENTED_EDGE('',*,*,#10536,.F.);
#16033 = ADVANCED_FACE('',(#16034),#5241,.F.);
#16034 = FACE_BOUND('',#16035,.T.);
#16035 = EDGE_LOOP('',(#16036,#16037,#16038,#16039));
#16036 = ORIENTED_EDGE('',*,*,#16010,.T.);
#16037 = ORIENTED_EDGE('',*,*,#14156,.F.);
#16038 = ORIENTED_EDGE('',*,*,#5227,.F.);
#16039 = ORIENTED_EDGE('',*,*,#11191,.F.);
#16040 = ( GEOMETRIC_REPRESENTATION_CONTEXT(3) 
GLOBAL_UNCERTAINTY_ASSIGNED_CONTEXT((#16044)) 
GLOBAL_UNIT_ASSIGNED_CONTEXT((#16041,#16042,#16043)) 
REPRESENTATION_CONTEXT('Context #1',
  '3D Context with UNIT and UNCERTAINTY') );
#16041 = ( LENGTH_UNIT() NAMED_UNIT(*) SI_UNIT(.MILLI.,.METRE.) );
#16042 = ( NAMED_UNIT(*) PLANE_ANGLE_UNIT() SI_UNIT($,.RADIAN.) );
#16043 = ( NAMED_UNIT(*) SI_UNIT($,.STERADIAN.) SOLID_ANGLE_UNIT() );
#16044 = UNCERTAINTY_MEASURE_WITH_UNIT(LENGTH_MEASURE(1.E-05),#16041,
  'distance_accuracy_value','confusion accuracy');
#16045 = PRODUCT_RELATED_PRODUCT_CATEGORY('part',$,(#7));
ENDSEC;
END-ISO-10303-21;
