ISO-10303-21;
HEADER;
FILE_DESCRIPTION (( 'STEP AP203' ),
    '1' );
FILE_NAME ('base.STEP',
    '2026-09-19T09:36:33',
    ( '' ),
    ( '' ),
    'SwSTEP 2.0',
    'SolidWorks 2026',
    '' );
FILE_SCHEMA (( 'CONFIG_CONTROL_DESIGN' ));
ENDSEC;

DATA;
#1 = AXIS2_PLACEMENT_3D ( 'NONE', #1716, #420, #2240 ) ;
#2 = CARTESIAN_POINT ( 'NONE',  ( -50.00000000000000711, -3.999999999999992450, 59.99999999999999289 ) ) ;
#3 = ORIENTED_EDGE ( 'NONE', *, *, #3015, .F. ) ;
#4 = CARTESIAN_POINT ( 'NONE',  ( -11.66328970827735922, 112.1999999999998607, -16.54674952549028077 ) ) ;
#5 = CONICAL_SURFACE ( 'NONE', #2878, 18.50000000000000000, 0.7853981633974430610 ) ;
#6 = CARTESIAN_POINT ( 'NONE',  ( 11.66328970827721179, 104.1999999999998749, -13.04674952549040690 ) ) ;
#7 = ORIENTED_EDGE ( 'NONE', *, *, #2603, .T. ) ;
#8 = APPROVAL_STATUS ( 'not_yet_approved' ) ;
#9 = CARTESIAN_POINT ( 'NONE',  ( -14.67537912918870902, 128.0000000000000853, 11.26424642018063693 ) ) ;
#10 = VECTOR ( 'NONE', #673, 1000.000000000000000 ) ;
#11 = VERTEX_POINT ( 'NONE', #3251 ) ;
#12 = CARTESIAN_POINT ( 'NONE',  ( 33.54101966249699274, 129.0000000000000568, 9.999999999999095834 ) ) ;
#13 = VECTOR ( 'NONE', #2567, 1000.000000000000000 ) ;
#14 = ADVANCED_FACE ( 'NONE', ( #1676 ), #1970, .F. ) ;
#15 = DIRECTION ( 'NONE',  ( 0.000000000000000000, 0.000000000000000000, 1.000000000000000000 ) ) ;
#16 = ORIENTED_EDGE ( 'NONE', *, *, #162, .F. ) ;
#17 = CARTESIAN_POINT ( 'NONE',  ( 50.00000000000000711, 1.999999999999986233, 45.74999999999999289 ) ) ;
#18 = CARTESIAN_POINT ( 'NONE',  ( 11.66328970827721179, 104.2000000000000739, 13.04674952548880285 ) ) ;
#19 = AXIS2_PLACEMENT_3D ( 'NONE', #1777, #1794, #2854 ) ;
#20 = EDGE_CURVE ( 'NONE', #1527, #343, #1661, .T. ) ;
#21 = CONICAL_SURFACE ( 'NONE', #2269, 18.50000000000000000, 0.7853981633974415066 ) ;
#22 = DIRECTION ( 'NONE',  ( 0.000000000000000000, 7.930164461608674592E-15, 1.000000000000000000 ) ) ;
#23 = EDGE_LOOP ( 'NONE', ( #2694, #801 ) ) ;
#24 = DIRECTION ( 'NONE',  ( 0.000000000000000000, 1.000000000000000000, 0.000000000000000000 ) ) ;
#25 = DIRECTION ( 'NONE',  ( 0.000000000000000000, 6.608470384674120581E-15, 1.000000000000000000 ) ) ;
#26 = ORIENTED_EDGE ( 'NONE', *, *, #2384, .T. ) ;
#27 = LINE ( 'NONE', #1094, #3166 ) ;
#28 = VERTEX_POINT ( 'NONE', #1924 ) ;
#29 = DIRECTION ( 'NONE',  ( -1.000000000000000000, -0.000000000000000000, -0.000000000000000000 ) ) ;
#30 = DIRECTION ( 'NONE',  ( 1.000000000000000000, -1.143848312570467258E-29, 9.524450499707741029E-44 ) ) ;
#31 = ORIENTED_EDGE ( 'NONE', *, *, #1844, .T. ) ;
#32 = CYLINDRICAL_SURFACE ( 'NONE', #2771, 1.350000000000004086 ) ;
#33 = DIRECTION ( 'NONE',  ( 0.000000000000000000, 6.608470384674120581E-15, 1.000000000000000000 ) ) ;
#34 = DIRECTION ( 'NONE',  ( 1.143848312570466978E-29, 1.000000000000000000, -7.000000000000008827E-15 ) ) ;
#35 = ORIENTED_EDGE ( 'NONE', *, *, #3407, .F. ) ;
#36 = FACE_BOUND ( 'NONE', #1631, .T. ) ;
#37 = APPROVAL ( #236, '未' ) ;
#38 = EDGE_CURVE ( 'NONE', #563, #2796, #1188, .T. ) ;
#39 = CARTESIAN_POINT ( 'NONE',  ( -9.857101656166070924, 128.3503387664084983, -16.06837277509060513 ) ) ;
#40 = ORIENTED_EDGE ( 'NONE', *, *, #3152, .T. ) ;
#41 = EDGE_CURVE ( 'NONE', #828, #224, #1303, .T. ) ;
#42 = DIRECTION ( 'NONE',  ( 0.000000000000000000, 1.000000000000000000, 0.000000000000000000 ) ) ;
#43 = ORIENTED_EDGE ( 'NONE', *, *, #2581, .T. ) ;
#44 = CARTESIAN_POINT ( 'NONE',  ( -11.66328970827735922, 128.9999999999998863, -13.04674952549058098 ) ) ;
#45 = CONTEXT_DEPENDENT_SHAPE_REPRESENTATION ( #2802, #1203 ) ;
#46 = CARTESIAN_POINT ( 'NONE',  ( -49.99999999999999289, 1.999999999999986233, 54.25000000000000000 ) ) ;
#47 = EDGE_LOOP ( 'NONE', ( #2698, #1229 ) ) ;
#48 = CARTESIAN_POINT ( 'NONE',  ( 1.301042606983153579E-15, 116.8999999999999773, -8.176889390390725385E-13 ) ) ;
#49 = DIRECTION ( 'NONE',  ( 0.000000000000000000, 0.000000000000000000, 1.000000000000000000 ) ) ;
#50 = CARTESIAN_POINT ( 'NONE',  ( 49.99999999999997868, -4.999999999999992895, 58.99999999999998579 ) ) ;
#51 = ORIENTED_EDGE ( 'NONE', *, *, #1417, .T. ) ;
#52 = AXIS2_PLACEMENT_3D ( 'NONE', #2845, #2807, #3087 ) ;
#53 = CARTESIAN_POINT ( 'NONE',  ( 50.00000000000000000, 6.999999999999986677, -50.00000000000000711 ) ) ;
#54 = AXIS2_PLACEMENT_3D ( 'NONE', #1338, #1973, #875 ) ;
#55 = EDGE_CURVE ( 'NONE', #2160, #1281, #2722, .T. ) ;
#56 = DIRECTION ( 'NONE',  ( 0.000000000000000000, 0.000000000000000000, 1.000000000000000000 ) ) ;
#57 = FACE_OUTER_BOUND ( 'NONE', #1555, .T. ) ;
#58 = ORIENTED_EDGE ( 'NONE', *, *, #2329, .T. ) ;
#59 = VECTOR ( 'NONE', #1440, 1000.000000000000000 ) ;
#60 = VECTOR ( 'NONE', #2255, 1000.000000000000114 ) ;
#61 = EDGE_CURVE ( 'NONE', #2070, #527, #3161, .T. ) ;
#62 = DIRECTION ( 'NONE',  ( -1.143848312570467118E-29, -1.000000000000000000, 7.000000000000009616E-15 ) ) ;
#63 = ORIENTED_EDGE ( 'NONE', *, *, #3152, .F. ) ;
#64 = DIRECTION ( 'NONE',  ( 0.000000000000000000, 0.000000000000000000, 1.000000000000000000 ) ) ;
#65 = AXIS2_PLACEMENT_3D ( 'NONE', #48, #3013, #1674 ) ;
#66 = APPROVAL_ROLE ( '' ) ;
#67 = ORIENTED_EDGE ( 'NONE', *, *, #395, .F. ) ;
#68 = DIRECTION ( 'NONE',  ( -4.088782444489006946E-17, -0.7071067811865462405, 0.7071067811865489050 ) ) ;
#69 = CARTESIAN_POINT ( 'NONE',  ( 10.58555899813348233, 129.0000000000000853, 16.37668894181616963 ) ) ;
#70 = DIRECTION ( 'NONE',  ( 0.000000000000000000, 7.930164461608679325E-15, 1.000000000000000000 ) ) ;
#71 = ORIENTED_EDGE ( 'NONE', *, *, #615, .F. ) ;
#72 = CARTESIAN_POINT ( 'NONE',  ( -11.66328970827735922, 112.1999999999998892, -13.04674952549046374 ) ) ;
#73 = COORDINATED_UNIVERSAL_TIME_OFFSET ( 0, 0, .AHEAD. ) ;
#74 = CIRCLE ( 'NONE', #574, 3.499999999999815703 ) ;
#75 = CARTESIAN_POINT ( 'NONE',  ( 1.214766907949835792E-27, 106.1999999999999744, -7.434000000000008511E-13 ) ) ;
#76 = VERTEX_POINT ( 'NONE', #2977 ) ;
#77 = EDGE_CURVE ( 'NONE', #3416, #2401, #122, .T. ) ;
#78 = DIRECTION ( 'NONE',  ( 0.000000000000000000, 0.000000000000000000, 1.000000000000000000 ) ) ;
#79 = ORIENTED_EDGE ( 'NONE', *, *, #1479, .F. ) ;
#80 = DIRECTION ( 'NONE',  ( 1.143848312570467118E-29, 1.000000000000000000, -7.000000000000009616E-15 ) ) ;
#81 = EDGE_CURVE ( 'NONE', #2568, #2773, #1954, .T. ) ;
#82 = ORIENTED_EDGE ( 'NONE', *, *, #3162, .F. ) ;
#83 = FACE_OUTER_BOUND ( 'NONE', #1845, .T. ) ;
#84 = DIRECTION ( 'NONE',  ( -0.000000000000000000, 1.000000000000000000, -0.000000000000000000 ) ) ;
#85 = CARTESIAN_POINT ( 'NONE',  ( -2.802428365797639069E-42, 128.9999999999997158, -34.99999999999988631 ) ) ;
#86 = ORIENTED_EDGE ( 'NONE', *, *, #41, .F. ) ;
#87 = CIRCLE ( 'NONE', #140, 40.00000000000000000 ) ;
#88 = CARTESIAN_POINT ( 'NONE',  ( 49.99999999999998579, -4.999999999999992895, 49.99999999999997868 ) ) ;
#89 = PERSON_AND_ORGANIZATION_ROLE ( 'design_owner' ) ;
#90 = FACE_OUTER_BOUND ( 'NONE', #1415, .T. ) ;
#91 = DIRECTION ( 'NONE',  ( -0.000000000000000000, -1.000000000000000000, 0.000000000000000000 ) ) ;
#92 = ORIENTED_EDGE ( 'NONE', *, *, #3093, .F. ) ;
#93 = CARTESIAN_POINT ( 'NONE',  ( 11.66328970827721179, -5.000000000000532019, -13.04674952548964129 ) ) ;
#94 = ORIENTED_EDGE ( 'NONE', *, *, #3436, .F. ) ;
#95 = CARTESIAN_POINT ( 'NONE',  ( 49.99999999999999289, -4.999999999999992895, -50.00000000000001421 ) ) ;
#96 = PERSON_AND_ORGANIZATION ( #3038, #2153 ) ;
#97 = ADVANCED_FACE ( 'NONE', ( #1640 ), #573, .F. ) ;
#98 = ORIENTED_EDGE ( 'NONE', *, *, #3374, .F. ) ;
#99 = DIRECTION ( 'NONE',  ( 0.000000000000000000, 0.000000000000000000, -1.000000000000000000 ) ) ;
#100 = ADVANCED_FACE ( 'NONE', ( #604 ), #2499, .F. ) ;
#101 = PLANE ( 'NONE',  #1175 ) ;
#102 = VERTEX_POINT ( 'NONE', #3300 ) ;
#103 = DIRECTION ( 'NONE',  ( 2.312964634635742267E-15, 0.000000000000000000, 1.000000000000000000 ) ) ;
#104 = PERSON_AND_ORGANIZATION_ROLE ( 'classification_officer' ) ;
#105 = CIRCLE ( 'NONE', #219, 4.249999999999996447 ) ;
#106 = DIRECTION ( 'NONE',  ( 0.000000000000000000, 7.501506923142949299E-15, 1.000000000000000000 ) ) ;
#107 = CARTESIAN_POINT ( 'NONE',  ( 0.000000000000000000, -1.999999999999993117, 0.000000000000000000 ) ) ;
#108 = EDGE_LOOP ( 'NONE', ( #1330, #2389, #1570, #3437 ) ) ;
#109 = AXIS2_PLACEMENT_3D ( 'NONE', #2595, #1036, #178 ) ;
#110 = CARTESIAN_POINT ( 'NONE',  ( 49.99999999999999289, 1.999999999999986233, -50.00000000000001421 ) ) ;
#111 = VECTOR ( 'NONE', #2063, 1000.000000000000114 ) ;
#112 = EDGE_LOOP ( 'NONE', ( #1870, #16, #2054, #948 ) ) ;
#113 = DIRECTION ( 'NONE',  ( 0.000000000000000000, 7.021499783716259281E-15, 1.000000000000000000 ) ) ;
#114 = AXIS2_PLACEMENT_3D ( 'NONE', #3274, #1928, #1644 ) ;
#115 = DIRECTION ( 'NONE',  ( 0.000000000000000000, 7.021499783716259281E-15, 1.000000000000000000 ) ) ;
#116 = VERTEX_POINT ( 'NONE', #1950 ) ;
#117 = CARTESIAN_POINT ( 'NONE',  ( 0.000000000000000000, 128.9999999999999716, -34.99999999999995026 ) ) ;
#118 = ADVANCED_FACE ( 'NONE', ( #796 ), #1027, .F. ) ;
#119 = CARTESIAN_POINT ( 'NONE',  ( 14.67537912918862553, 128.0000000000000853, 11.26424642018074707 ) ) ;
#120 = VERTEX_POINT ( 'NONE', #655 ) ;
#121 = DIRECTION ( 'NONE',  ( 1.143848312570467258E-29, 1.000000000000000000, -7.000000000000009616E-15 ) ) ;
#122 = CIRCLE ( 'NONE', #2999, 10.00000000000000178 ) ;
#123 = PERSON_AND_ORGANIZATION ( #1178, #2513 ) ;
#124 = EDGE_CURVE ( 'NONE', #660, #888, #372, .T. ) ;
#125 = DIRECTION ( 'NONE',  ( 1.143848312570466978E-29, 1.000000000000000000, -7.000000000000008827E-15 ) ) ;
#126 = PLANE ( 'NONE',  #1861 ) ;
#127 = VERTEX_POINT ( 'NONE', #1738 ) ;
#128 = CIRCLE ( 'NONE', #3384, 10.00000000000000178 ) ;
#129 = EDGE_CURVE ( 'NONE', #563, #828, #3335, .T. ) ;
#130 = DIRECTION ( 'NONE',  ( -1.143848312570467118E-29, -1.000000000000000000, 7.000000000000009616E-15 ) ) ;
#131 = ORIENTED_EDGE ( 'NONE', *, *, #1328, .F. ) ;
#132 = CARTESIAN_POINT ( 'NONE',  ( -7.632783294310557844E-14, 106.1999999999999744, -8.157796894824548671E-13 ) ) ;
#133 = FACE_OUTER_BOUND ( 'NONE', #614, .T. ) ;
#134 = EDGE_LOOP ( 'NONE', ( #2312, #3231, #2271, #2088 ) ) ;
#135 = CARTESIAN_POINT ( 'NONE',  ( 0.000000000000000000, 128.9999999999999716, 0.000000000000000000 ) ) ;
#136 = CARTESIAN_POINT ( 'NONE',  ( -11.66328970827735922, 112.2000000000000171, 9.546749525488930743 ) ) ;
#137 = EDGE_LOOP ( 'NONE', ( #1544, #3133, #2417, #2075, #2267, #3400 ) ) ;
#138 = CARTESIAN_POINT ( 'NONE',  ( 31.80000000000000071, 114.0000000000000568, 9.999999999999202416 ) ) ;
#139 = COORDINATED_UNIVERSAL_TIME_OFFSET ( 0, 0, .AHEAD. ) ;
#140 = AXIS2_PLACEMENT_3D ( 'NONE', #464, #725, #2076 ) ;
#141 = DIRECTION ( 'NONE',  ( -1.143848312570467118E-29, -1.000000000000000000, 7.000000000000009616E-15 ) ) ;
#142 = EDGE_CURVE ( 'NONE', #153, #495, #907, .T. ) ;
#143 = CARTESIAN_POINT ( 'NONE',  ( 1.191889941698426270E-27, 104.1999999999999744, -7.294000000000009108E-13 ) ) ;
#144 = VERTEX_POINT ( 'NONE', #2007 ) ;
#145 = AXIS2_PLACEMENT_3D ( 'NONE', #601, #2764, #64 ) ;
#146 = DIRECTION ( 'NONE',  ( 1.143848312570466978E-29, 1.000000000000000000, -7.000000000000008827E-15 ) ) ;
#147 = ADVANCED_FACE ( 'NONE', ( #133 ), #2321, .F. ) ;
#148 = VECTOR ( 'NONE', #1223, 1000.000000000000000 ) ;
#149 = ORIENTED_EDGE ( 'NONE', *, *, #2716, .T. ) ;
#150 = CARTESIAN_POINT ( 'NONE',  ( 59.00000000000000711, -4.999999999999992895, -50.00000000000000711 ) ) ;
#151 = LOCAL_TIME ( 10, 36, 33.00000000000000000, #73 ) ;
#152 = DIRECTION ( 'NONE',  ( 0.000000000000000000, 0.000000000000000000, 1.000000000000000000 ) ) ;
#153 = VERTEX_POINT ( 'NONE', #3080 ) ;
#154 = CARTESIAN_POINT ( 'NONE',  ( 58.99999999999998579, -4.999999999999992895, 49.99999999999997868 ) ) ;
#155 = CYLINDRICAL_SURFACE ( 'NONE', #2309, 1.350000000000004086 ) ;
#156 = ORIENTED_EDGE ( 'NONE', *, *, #2820, .F. ) ;
#157 = CARTESIAN_POINT ( 'NONE',  ( 7.499999999999999112, -2.000000000000001776, -31.62277660168379967 ) ) ;
#158 = LINE ( 'NONE', #1751, #3474 ) ;
#159 = DIRECTION ( 'NONE',  ( 0.000000000000000000, 1.000000000000000000, 0.000000000000000000 ) ) ;
#160 = ORIENTED_EDGE ( 'NONE', *, *, #674, .T. ) ;
#161 = CONICAL_SURFACE ( 'NONE', #2132, 9.000000000000001776, 0.7853981633974473908 ) ;
#162 = EDGE_CURVE ( 'NONE', #2784, #1841, #2320, .T. ) ;
#163 = PRODUCT ( 'base', 'base', '', ( #1860 ) ) ;
#164 = CARTESIAN_POINT ( 'NONE',  ( 11.66328970827721179, 129.0000000000000568, 13.04674952548862876 ) ) ;
#165 = EDGE_LOOP ( 'NONE', ( #1164, #547, #3130, #3193 ) ) ;
#166 = VECTOR ( 'NONE', #2484, 1000.000000000000000 ) ;
#167 = DIRECTION ( 'NONE',  ( -1.143848312570467118E-29, -1.000000000000000000, 7.000000000000009616E-15 ) ) ;
#168 = EDGE_CURVE ( 'NONE', #2494, #641, #1207, .T. ) ;
#169 = AXIS2_PLACEMENT_3D ( 'NONE', #952, #2035, #3108 ) ;
#170 = DIRECTION ( 'NONE',  ( 1.143848312570466978E-29, 1.000000000000000000, -7.000000000000008827E-15 ) ) ;
#171 = ORIENTED_EDGE ( 'NONE', *, *, #1572, .F. ) ;
#172 = CARTESIAN_POINT ( 'NONE',  ( 4.592425496802575944E-15, 129.0000000000002274, 34.99999999999988631 ) ) ;
#173 = AXIS2_PLACEMENT_3D ( 'NONE', #489, #3137, #735 ) ;
#174 = AXIS2_PLACEMENT_3D ( 'NONE', #3447, #2330, #2200 ) ;
#175 = CARTESIAN_POINT ( 'NONE',  ( 11.66328970827721179, 94.30050506338889704, 16.54674952548868916 ) ) ;
#176 = EDGE_LOOP ( 'NONE', ( #2545, #246 ) ) ;
#177 = CARTESIAN_POINT ( 'NONE',  ( -9.555700305556129592, 128.0000000000001137, 15.84104136950491259 ) ) ;
#178 = DIRECTION ( 'NONE',  ( 0.000000000000000000, 0.000000000000000000, 1.000000000000000000 ) ) ;
#179 = CARTESIAN_POINT ( 'NONE',  ( 11.66328970827721179, 128.9999999999998579, -16.54674952549039801 ) ) ;
#180 = ORIENTED_EDGE ( 'NONE', *, *, #1323, .T. ) ;
#181 = DIRECTION ( 'NONE',  ( 1.155557966632372481E-29, 1.000000000000000000, -6.999999999999907064E-15 ) ) ;
#182 = VECTOR ( 'NONE', #462, 1000.000000000000000 ) ;
#183 = VERTEX_POINT ( 'NONE', #978 ) ;
#184 = EDGE_CURVE ( 'NONE', #2681, #2444, #1073, .T. ) ;
#185 = DIRECTION ( 'NONE',  ( -0.000000000000000000, 1.000000000000000000, -0.000000000000000000 ) ) ;
#186 = AXIS2_PLACEMENT_3D ( 'NONE', #2636, #3206, #1040 ) ;
#187 = DIRECTION ( 'NONE',  ( 1.143848312570466978E-29, 1.000000000000000000, -7.000000000000009616E-15 ) ) ;
#188 = EDGE_LOOP ( 'NONE', ( #2526, #2787 ) ) ;
#189 = EDGE_CURVE ( 'NONE', #2915, #2024, #1189, .T. ) ;
#190 = PLANE ( 'NONE',  #986 ) ;
#191 = CYLINDRICAL_SURFACE ( 'NONE', #1291, 4.249999999999996447 ) ;
#192 = VERTEX_POINT ( 'NONE', #2266 ) ;
#193 = EDGE_CURVE ( 'NONE', #1441, #2470, #1494, .T. ) ;
#194 = DIRECTION ( 'NONE',  ( -1.000000000000000000, -0.000000000000000000, -5.782411586589358625E-17 ) ) ;
#195 = FACE_BOUND ( 'NONE', #1138, .T. ) ;
#196 = EDGE_LOOP ( 'NONE', ( #98, #2190, #860, #3362, #2392, #397 ) ) ;
#197 = DIRECTION ( 'NONE',  ( 0.000000000000000000, 1.000000000000000000, 0.000000000000000000 ) ) ;
#198 = EDGE_LOOP ( 'NONE', ( #209, #1753, #1132, #3022 ) ) ;
#199 = FACE_OUTER_BOUND ( 'NONE', #531, .T. ) ;
#200 = ORIENTED_EDGE ( 'NONE', *, *, #2731, .T. ) ;
#201 = CIRCLE ( 'NONE', #254, 18.50000000000000000 ) ;
#202 = CARTESIAN_POINT ( 'NONE',  ( 0.000000000000000000, 104.1999999999999744, 0.000000000000000000 ) ) ;
#203 = CARTESIAN_POINT ( 'NONE',  ( 29.60000000000000142, 119.7500000000000284, 4.749999999999154454 ) ) ;
#204 = EDGE_LOOP ( 'NONE', ( #1766, #3063 ) ) ;
#205 = CARTESIAN_POINT ( 'NONE',  ( 1.301042606983217082E-15, 116.9000000000001052, 18.49999999999917932 ) ) ;
#206 = CC_DESIGN_APPROVAL ( #1807, ( #1241 ) ) ;
#207 = ADVANCED_FACE ( 'NONE', ( #3353 ), #1419, .T. ) ;
#208 = DIRECTION ( 'NONE',  ( 0.000000000000000000, 0.000000000000000000, 1.000000000000000000 ) ) ;
#209 = ORIENTED_EDGE ( 'NONE', *, *, #1509, .T. ) ;
#210 = CARTESIAN_POINT ( 'NONE',  ( 9.555700305555939522, 127.9999999999998153, -15.84104136950682040 ) ) ;
#211 = EDGE_CURVE ( 'NONE', #1201, #2915, #1759, .T. ) ;
#212 = LINE ( 'NONE', #487, #1743 ) ;
#213 = VERTEX_POINT ( 'NONE', #410 ) ;
#214 = CYLINDRICAL_SURFACE ( 'NONE', #1526, 3.499999999999815703 ) ;
#215 = FACE_OUTER_BOUND ( 'NONE', #373, .T. ) ;
#216 = EDGE_LOOP ( 'NONE', ( #1376, #1717, #1052, #931 ) ) ;
#217 = DIRECTION ( 'NONE',  ( 0.000000000000000000, 7.501506923142949299E-15, 1.000000000000000000 ) ) ;
#218 = DIRECTION ( 'NONE',  ( 0.000000000000000000, 6.751356230828655000E-15, 1.000000000000000000 ) ) ;
#219 = AXIS2_PLACEMENT_3D ( 'NONE', #2982, #2468, #56 ) ;
#220 = ORIENTED_EDGE ( 'NONE', *, *, #3011, .F. ) ;
#221 = CARTESIAN_POINT ( 'NONE',  ( 1.301042606983153579E-15, 116.8999999999999773, -8.176889390390725385E-13 ) ) ;
#222 = VECTOR ( 'NONE', #2342, 1000.000000000000000 ) ;
#223 = DIRECTION ( 'NONE',  ( -1.143848312570467118E-29, -1.000000000000000000, 7.000000000000009616E-15 ) ) ;
#224 = VERTEX_POINT ( 'NONE', #1225 ) ;
#225 = VECTOR ( 'NONE', #647, 1000.000000000000000 ) ;
#226 = DIRECTION ( 'NONE',  ( 1.000000000000000000, -1.143848312570467118E-29, 9.524450499707741029E-44 ) ) ;
#227 = EDGE_CURVE ( 'NONE', #1933, #3298, #3370, .T. ) ;
#228 = AXIS2_PLACEMENT_3D ( 'NONE', #3204, #3450, #3154 ) ;
#229 = FACE_BOUND ( 'NONE', #3476, .T. ) ;
#230 = CARTESIAN_POINT ( 'NONE',  ( 31.80000000000000071, 121.0999999999999517, -4.750000000000845546 ) ) ;
#231 = AXIS2_PLACEMENT_3D ( 'NONE', #2013, #2031, #398 ) ;
#232 = EDGE_CURVE ( 'NONE', #983, #3418, #1985, .T. ) ;
#233 = DIRECTION ( 'NONE',  ( 1.000000000000000000, -1.143848312570467258E-29, 9.524450499707741029E-44 ) ) ;
#234 = ORIENTED_EDGE ( 'NONE', *, *, #1091, .F. ) ;
#235 = ADVANCED_FACE ( 'NONE', ( #3113 ), #691, .F. ) ;
#236 = APPROVAL_STATUS ( 'not_yet_approved' ) ;
#237 = LOCAL_TIME ( 10, 36, 33.00000000000000000, #2229 ) ;
#238 = FACE_BOUND ( 'NONE', #204, .T. ) ;
#239 = EDGE_LOOP ( 'NONE', ( #2809, #2446 ) ) ;
#240 = PLANE ( 'NONE',  #2224 ) ;
#241 = FACE_OUTER_BOUND ( 'NONE', #2490, .T. ) ;
#242 = AXIS2_PLACEMENT_3D ( 'NONE', #1379, #560, #2452 ) ;
#243 = ORIENTED_EDGE ( 'NONE', *, *, #3301, .T. ) ;
#244 = CARTESIAN_POINT ( 'NONE',  ( -7.499999999999992895, -5.000000000000004441, -31.62277660168379967 ) ) ;
#245 = CARTESIAN_POINT ( 'NONE',  ( 11.66328970827721179, -5.000000000000516920, -10.94674952548982283 ) ) ;
#246 = ORIENTED_EDGE ( 'NONE', *, *, #1747, .F. ) ;
#247 = DIRECTION ( 'NONE',  ( -0.6664736976156840909, -5.218699810195773398E-15, -0.7455285443136819845 ) ) ;
#248 = CC_DESIGN_PERSON_AND_ORGANIZATION_ASSIGNMENT ( #3051, #2238, ( #2176 ) ) ;
#249 = EDGE_CURVE ( 'NONE', #696, #213, #1707, .T. ) ;
#250 = CARTESIAN_POINT ( 'NONE',  ( 31.80000000000000071, 121.0999999999999517, -4.750000000000845546 ) ) ;
#251 = ORIENTED_EDGE ( 'NONE', *, *, #1701, .F. ) ;
#252 = ADVANCED_FACE ( 'NONE', ( #1531 ), #908, .T. ) ;
#253 = CARTESIAN_POINT ( 'NONE',  ( 1.301042606983153579E-15, 116.8999999999999773, -8.176889390390725385E-13 ) ) ;
#254 = AXIS2_PLACEMENT_3D ( 'NONE', #866, #636, #1421 ) ;
#255 = ORIENTED_EDGE ( 'NONE', *, *, #2952, .T. ) ;
#256 = CARTESIAN_POINT ( 'NONE',  ( 50.00000000000000711, -4.999999999999992895, 52.59999999999998721 ) ) ;
#257 = CARTESIAN_POINT ( 'NONE',  ( -50.00000000000000711, 1.999999999999986233, -52.60000000000000142 ) ) ;
#258 = EDGE_LOOP ( 'NONE', ( #734, #2637, #387, #2926, #2223, #1076, #586 ) ) ;
#259 = CARTESIAN_POINT ( 'NONE',  ( -10.58555899813349122, 128.9999999999998579, -16.37668894181807744 ) ) ;
#260 = APPROVAL_PERSON_ORGANIZATION ( #2842, #1437, #1215 ) ;
#261 = VERTEX_POINT ( 'NONE', #1580 ) ;
#262 = VECTOR ( 'NONE', #2458, 1000.000000000000000 ) ;
#263 = CARTESIAN_POINT ( 'NONE',  ( 14.67537912918862197, 116.9000000000000483, 11.26424642018083411 ) ) ;
#264 = ORIENTED_EDGE ( 'NONE', *, *, #1657, .F. ) ;
#265 = DIRECTION ( 'NONE',  ( 0.000000000000000000, 7.930164461608679325E-15, 1.000000000000000000 ) ) ;
#266 = DIRECTION ( 'NONE',  ( -0.000000000000000000, -1.000000000000000000, -0.000000000000000000 ) ) ;
#267 = ORIENTED_EDGE ( 'NONE', *, *, #3352, .T. ) ;
#268 = ADVANCED_FACE ( 'NONE', ( #1010, #1862, #3455, #2621, #2659, #1044 ), #743, .F. ) ;
#269 = CARTESIAN_POINT ( 'NONE',  ( 14.67537912918862553, 128.0000000000000853, 11.26424642018074707 ) ) ;
#270 = ORIENTED_EDGE ( 'NONE', *, *, #334, .F. ) ;
#271 = LINE ( 'NONE', #2441, #2963 ) ;
#272 = EDGE_CURVE ( 'NONE', #2864, #989, #1329, .T. ) ;
#273 = VECTOR ( 'NONE', #2222, 1000.000000000000000 ) ;
#274 = CARTESIAN_POINT ( 'NONE',  ( 0.000000000000000000, 267.1370849898476081, 0.000000000000000000 ) ) ;
#275 = ORIENTED_EDGE ( 'NONE', *, *, #482, .F. ) ;
#276 = DIRECTION ( 'NONE',  ( -0.7071067811865474617, 0.7071067811865474617, 0.000000000000000000 ) ) ;
#277 = AXIS2_PLACEMENT_3D ( 'NONE', #365, #701, #2278 ) ;
#278 = CARTESIAN_POINT ( 'NONE',  ( 38.72983346207369237, 267.1370849898475512, -10.00000000000187050 ) ) ;
#279 = ORIENTED_EDGE ( 'NONE', *, *, #783, .T. ) ;
#280 = CARTESIAN_POINT ( 'NONE',  ( -7.632783294310551533E-14, 112.1999999999999602, -8.577796894824549910E-13 ) ) ;
#281 = AXIS2_PLACEMENT_3D ( 'NONE', #1521, #715, #1855 ) ;
#282 = FACE_BOUND ( 'NONE', #3414, .T. ) ;
#283 = VECTOR ( 'NONE', #1483, 1000.000000000000114 ) ;
#284 = VERTEX_POINT ( 'NONE', #2121 ) ;
#285 = AXIS2_PLACEMENT_3D ( 'NONE', #623, #1209, #2215 ) ;
#286 = DIRECTION ( 'NONE',  ( 0.000000000000000000, 1.000000000000000000, 0.000000000000000000 ) ) ;
#287 = EDGE_CURVE ( 'NONE', #1469, #3014, #1650, .T. ) ;
#288 = ORIENTED_EDGE ( 'NONE', *, *, #736, .T. ) ;
#289 = DIRECTION ( 'NONE',  ( 0.000000000000000000, 0.000000000000000000, 1.000000000000000000 ) ) ;
#290 = CC_DESIGN_DATE_AND_TIME_ASSIGNMENT ( #3068, #682, ( #3260 ) ) ;
#291 = ADVANCED_FACE ( 'NONE', ( #2920, #238 ), #1030, .T. ) ;
#292 = DIRECTION ( 'NONE',  ( 0.000000000000000000, 7.116814260417685868E-15, 1.000000000000000000 ) ) ;
#293 = EDGE_LOOP ( 'NONE', ( #2432, #1136, #350, #1495, #2831 ) ) ;
#294 = CARTESIAN_POINT ( 'NONE',  ( 4.898587196589413026E-15, 267.1370849898476081, 40.00000000000000000 ) ) ;
#295 = DIRECTION ( 'NONE',  ( 1.143848312570466978E-29, 1.000000000000000000, -7.000000000000009616E-15 ) ) ;
#296 = CIRCLE ( 'NONE', #3443, 3.499999999999819256 ) ;
#297 = AXIS2_PLACEMENT_3D ( 'NONE', #2901, #2334, #473 ) ;
#298 = EDGE_CURVE ( 'NONE', #1016, #3349, #128, .T. ) ;
#299 = DIRECTION ( 'NONE',  ( -1.143848312570467118E-29, -1.000000000000000000, 7.000000000000009616E-15 ) ) ;
#300 = ORIENTED_EDGE ( 'NONE', *, *, #38, .F. ) ;
#301 = DIRECTION ( 'NONE',  ( 0.000000000000000000, -0.000000000000000000, 1.000000000000000000 ) ) ;
#302 = CARTESIAN_POINT ( 'NONE',  ( -10.19777118790135972, 128.6840851045339491, -16.25118190404513641 ) ) ;
#303 = ORIENTED_EDGE ( 'NONE', *, *, #2421, .T. ) ;
#304 = CARTESIAN_POINT ( 'NONE',  ( 49.99999999999999289, 1.999999999999986233, -50.00000000000001421 ) ) ;
#305 = VERTEX_POINT ( 'NONE', #2403 ) ;
#306 = DIRECTION ( 'NONE',  ( -0.000000000000000000, -1.000000000000000000, -0.000000000000000000 ) ) ;
#307 = DATE_AND_TIME ( #1097, #1614 ) ;
#308 = FACE_OUTER_BOUND ( 'NONE', #2941, .T. ) ;
#309 = VERTEX_POINT ( 'NONE', #793 ) ;
#310 = CARTESIAN_POINT ( 'NONE',  ( -59.00000000000000711, -4.999999999999992895, -50.00000000000001421 ) ) ;
#311 = ORIENTED_EDGE ( 'NONE', *, *, #1148, .T. ) ;
#312 = EDGE_CURVE ( 'NONE', #2910, #557, #2667, .T. ) ;
#313 = CARTESIAN_POINT ( 'NONE',  ( 10.58555899813348233, 129.0000000000000853, 16.37668894181616963 ) ) ;
#314 = ORIENTED_EDGE ( 'NONE', *, *, #2948, .F. ) ;
#315 = DIRECTION ( 'NONE',  ( -1.000000000000000000, 0.000000000000000000, -5.782411586589358625E-17 ) ) ;
#316 = ADVANCED_FACE ( 'NONE', ( #3404 ), #3440, .F. ) ;
#317 = FACE_OUTER_BOUND ( 'NONE', #1626, .T. ) ;
#318 = VERTEX_POINT ( 'NONE', #2091 ) ;
#319 = DIRECTION ( 'NONE',  ( 0.000000000000000000, -1.000000000000000000, 0.000000000000000000 ) ) ;
#320 = ORIENTED_EDGE ( 'NONE', *, *, #61, .F. ) ;
#321 = DIRECTION ( 'NONE',  ( 0.000000000000000000, -1.000000000000000000, 0.000000000000000000 ) ) ;
#322 = EDGE_LOOP ( 'NONE', ( #436, #2338 ) ) ;
#323 = DIRECTION ( 'NONE',  ( 0.000000000000000000, 7.930164461608679325E-15, 1.000000000000000000 ) ) ;
#324 = DIRECTION ( 'NONE',  ( 0.000000000000000000, 1.000000000000000000, 0.000000000000000000 ) ) ;
#325 = CIRCLE ( 'NONE', #770, 2.099999999999817124 ) ;
#326 = DIRECTION ( 'NONE',  ( 0.000000000000000000, 6.751356230828655000E-15, 1.000000000000000000 ) ) ;
#327 = VERTEX_POINT ( 'NONE', #756 ) ;
#328 = AXIS2_PLACEMENT_3D ( 'NONE', #2130, #2448, #2464 ) ;
#329 = EDGE_CURVE ( 'NONE', #3277, #1623, #1814, .T. ) ;
#330 = CARTESIAN_POINT ( 'NONE',  ( -14.67537912918865928, 127.9999999999999147, -11.26424642018249322 ) ) ;
#331 = APPLICATION_PROTOCOL_DEFINITION ( 'international standard', 'config_control_design', 1994, #2741 ) ;
#332 = VECTOR ( 'NONE', #2697, 1000.000000000000000 ) ;
#333 = CARTESIAN_POINT ( 'NONE',  ( 49.99999999999997868, 5.999999999999985789, 59.99999999999998579 ) ) ;
#334 = EDGE_CURVE ( 'NONE', #1492, #213, #3275, .T. ) ;
#335 = ORIENTED_EDGE ( 'NONE', *, *, #1216, .F. ) ;
#336 = PLANE ( 'NONE',  #2833 ) ;
#337 = EDGE_LOOP ( 'NONE', ( #2317, #2739 ) ) ;
#338 = CARTESIAN_POINT ( 'NONE',  ( -11.66328970827735922, -5.000000000000365041, 13.04674952548956846 ) ) ;
#339 = VECTOR ( 'NONE', #2680, 1000.000000000000000 ) ;
#340 = AXIS2_PLACEMENT_3D ( 'NONE', #3388, #427, #1476 ) ;
#341 = VERTEX_POINT ( 'NONE', #2675 ) ;
#342 = CARTESIAN_POINT ( 'NONE',  ( -9.555700305556118934, 116.9000000000000767, 15.84104136950499608 ) ) ;
#343 = VERTEX_POINT ( 'NONE', #2140 ) ;
#344 = DIRECTION ( 'NONE',  ( 0.000000000000000000, 6.556435184794231724E-15, 1.000000000000000000 ) ) ;
#345 = VECTOR ( 'NONE', #2988, 1000.000000000000000 ) ;
#346 = VERTEX_POINT ( 'NONE', #3210 ) ;
#347 = DIRECTION ( 'NONE',  ( 0.000000000000000000, 6.556435184794231724E-15, 1.000000000000000000 ) ) ;
#348 = SHAPE_REPRESENTATION_RELATIONSHIP ( 'NONE' , 'NONE' ,  #1458, #2617 ) ;
#349 = CYLINDRICAL_SURFACE ( 'NONE', #2923, 2.099999999999817124 ) ;
#350 = ORIENTED_EDGE ( 'NONE', *, *, #1912, .F. ) ;
#351 = APPROVAL ( #1689, '未' ) ;
#352 = EDGE_CURVE ( 'NONE', #341, #2040, #513, .T. ) ;
#353 = DIRECTION ( 'NONE',  ( 0.000000000000000000, 6.608470384674126103E-15, 1.000000000000000000 ) ) ;
#354 = ORIENTED_EDGE ( 'NONE', *, *, #762, .T. ) ;
#355 = DIRECTION ( 'NONE',  ( 0.000000000000000000, 1.000000000000000000, 0.000000000000000000 ) ) ;
#356 = EDGE_CURVE ( 'NONE', #606, #888, #2723, .T. ) ;
#357 = ORIENTED_EDGE ( 'NONE', *, *, #2364, .F. ) ;
#358 = CARTESIAN_POINT ( 'NONE',  ( 29.60000000000000142, 119.7500000000000284, 4.749999999999154454 ) ) ;
#359 = CARTESIAN_POINT ( 'NONE',  ( -49.99999999999999289, 1.999999999999986233, 50.00000000000000000 ) ) ;
#360 = ORIENTED_EDGE ( 'NONE', *, *, #2924, .F. ) ;
#361 = VECTOR ( 'NONE', #1349, 1000.000000000000114 ) ;
#362 = DIRECTION ( 'NONE',  ( 2.775557561562890957E-15, 0.000000000000000000, 1.000000000000000000 ) ) ;
#363 = PERSON_AND_ORGANIZATION ( #1178, #2513 ) ;
#364 = CARTESIAN_POINT ( 'NONE',  ( 11.66328970827721179, 112.2000000000000455, 13.04674952548874600 ) ) ;
#365 = CARTESIAN_POINT ( 'NONE',  ( 50.00000000000000000, 6.999999999999986677, -50.00000000000000711 ) ) ;
#366 = VERTEX_POINT ( 'NONE', #2353 ) ;
#367 = LOCAL_TIME ( 10, 36, 33.00000000000000000, #139 ) ;
#368 = CARTESIAN_POINT ( 'NONE',  ( 1.337158677394875846E-27, 116.8999999999999773, -8.183000000000009662E-13 ) ) ;
#369 = ORIENTED_EDGE ( 'NONE', *, *, #2622, .F. ) ;
#370 = EDGE_CURVE ( 'NONE', #452, #1510, #3177, .T. ) ;
#371 = DIRECTION ( 'NONE',  ( -0.6664736976156840909, -5.218699810195773398E-15, -0.7455285443136819845 ) ) ;
#372 = LINE ( 'NONE', #2814, #2487 ) ;
#373 = EDGE_LOOP ( 'NONE', ( #708, #243 ) ) ;
#374 = EDGE_CURVE ( 'NONE', #2965, #153, #856, .T. ) ;
#375 = DIRECTION ( 'NONE',  ( 1.143848312570467118E-29, 1.000000000000000000, -7.000000000000009616E-15 ) ) ;
#376 = DIRECTION ( 'NONE',  ( 0.000000000000000000, 1.000000000000000000, 0.000000000000000000 ) ) ;
#377 = ORIENTED_EDGE ( 'NONE', *, *, #914, .T. ) ;
#378 = LINE ( 'NONE', #1464, #2371 ) ;
#379 = DATE_AND_TIME ( #662, #3079 ) ;
#380 = VECTOR ( 'NONE', #3171, 1000.000000000000000 ) ;
#381 = DIRECTION ( 'NONE',  ( 1.143848312570467118E-29, 1.000000000000000000, -7.000000000000009616E-15 ) ) ;
#382 = DIRECTION ( 'NONE',  ( 0.000000000000000000, 1.000000000000000000, 0.000000000000000000 ) ) ;
#383 = VERTEX_POINT ( 'NONE', #2074 ) ;
#384 = CIRCLE ( 'NONE', #1463, 1.350000000000004086 ) ;
#385 = CARTESIAN_POINT ( 'NONE',  ( 41.78871207302671564, 114.0000000000000568, 9.999999999999202416 ) ) ;
#386 = AXIS2_PLACEMENT_3D ( 'NONE', #1200, #1182, #1449 ) ;
#387 = ORIENTED_EDGE ( 'NONE', *, *, #1556, .T. ) ;
#388 = CYLINDRICAL_SURFACE ( 'NONE', #3292, 2.099999999999817124 ) ;
#389 = AXIS2_PLACEMENT_3D ( 'NONE', #72, #1665, #2169 ) ;
#390 = DIRECTION ( 'NONE',  ( 1.143848312570466978E-29, 1.000000000000000000, -7.000000000000008827E-15 ) ) ;
#391 = ORIENTED_EDGE ( 'NONE', *, *, #1592, .T. ) ;
#392 = AXIS2_PLACEMENT_3D ( 'NONE', #2717, #1085, #536 ) ;
#393 = DIRECTION ( 'NONE',  ( 1.143848312570467118E-29, 1.000000000000000000, -7.000000000000009616E-15 ) ) ;
#394 = CC_DESIGN_PERSON_AND_ORGANIZATION_ASSIGNMENT ( #2274, #895, ( #2176 ) ) ;
#395 = EDGE_CURVE ( 'NONE', #11, #2412, #74, .T. ) ;
#396 = DIRECTION ( 'NONE',  ( 0.000000000000000000, 6.556435184794231724E-15, 1.000000000000000000 ) ) ;
#397 = ORIENTED_EDGE ( 'NONE', *, *, #1763, .T. ) ;
#398 = DIRECTION ( 'NONE',  ( 0.000000000000000000, 0.000000000000000000, 1.000000000000000000 ) ) ;
#399 = MECHANICAL_CONTEXT ( 'NONE', #3267, 'mechanical' ) ;
#400 = CC_DESIGN_SECURITY_CLASSIFICATION ( #1157, ( #595 ) ) ;
#401 = EDGE_CURVE ( 'NONE', #3111, #2195, #1402, .T. ) ;
#402 = DIRECTION ( 'NONE',  ( -1.143848312570467118E-29, -1.000000000000000000, 7.000000000000009616E-15 ) ) ;
#403 = CARTESIAN_POINT ( 'NONE',  ( -49.99999999999999289, 1.999999999999986233, 50.00000000000000000 ) ) ;
#404 = VERTEX_POINT ( 'NONE', #581 ) ;
#405 = AXIS2_PLACEMENT_3D ( 'NONE', #529, #771, #477 ) ;
#406 = CIRCLE ( 'NONE', #242, 2.599999999999998312 ) ;
#407 = CARTESIAN_POINT ( 'NONE',  ( 49.99999999999999289, 1.999999999999986233, -47.40000000000001990 ) ) ;
#408 = ORIENTED_EDGE ( 'NONE', *, *, #2862, .F. ) ;
#409 = CARTESIAN_POINT ( 'NONE',  ( 60.00000000000000000, 5.999999999999985789, -50.00000000000000711 ) ) ;
#410 = CARTESIAN_POINT ( 'NONE',  ( -10.58555899813353562, 129.0000000000000853, 16.37668894181613766 ) ) ;
#411 = ORIENTED_EDGE ( 'NONE', *, *, #1628, .T. ) ;
#412 = CARTESIAN_POINT ( 'NONE',  ( -7.499999999999992895, -4.999999999999992895, -28.73849963412725117 ) ) ;
#413 = CARTESIAN_POINT ( 'NONE',  ( -49.99999999999999289, 1.999999999999986233, 50.00000000000000000 ) ) ;
#414 = EDGE_LOOP ( 'NONE', ( #1045, #1222, #2368, #264 ) ) ;
#415 = DIRECTION ( 'NONE',  ( -0.000000000000000000, -1.000000000000000000, 0.000000000000000000 ) ) ;
#416 = CALENDAR_DATE ( 2026, 19, 9 ) ;
#417 = EDGE_CURVE ( 'NONE', #3345, #2397, #1947, .T. ) ;
#418 = CIRCLE ( 'NONE', #1558, 3.499999999999815703 ) ;
#419 = CARTESIAN_POINT ( 'NONE',  ( 0.000000000000000000, 128.9999999999999716, 0.000000000000000000 ) ) ;
#420 = DIRECTION ( 'NONE',  ( -1.143848312570467118E-29, -1.000000000000000000, 7.000000000000009616E-15 ) ) ;
#421 = ORIENTED_EDGE ( 'NONE', *, *, #1261, .T. ) ;
#422 = ADVANCED_FACE ( 'NONE', ( #2761 ), #1913, .F. ) ;
#423 = DIRECTION ( 'NONE',  ( 1.000000000000000000, -0.000000000000000000, -0.000000000000000000 ) ) ;
#424 = EDGE_LOOP ( 'NONE', ( #2289, #1994, #2902, #1652 ) ) ;
#425 = CARTESIAN_POINT ( 'NONE',  ( 31.80000000000000071, 128.9999999999998863, -10.00000000000090417 ) ) ;
#426 = CC_DESIGN_SECURITY_CLASSIFICATION ( #1507, ( #2176 ) ) ;
#427 = DIRECTION ( 'NONE',  ( -0.000000000000000000, 1.000000000000000000, -0.000000000000000000 ) ) ;
#428 = VERTEX_POINT ( 'NONE', #1932 ) ;
#429 = FACE_BOUND ( 'NONE', #1318, .T. ) ;
#430 = CARTESIAN_POINT ( 'NONE',  ( -11.66328970827735922, 112.2000000000000455, 13.04674952548874600 ) ) ;
#431 = ORIENTED_EDGE ( 'NONE', *, *, #1997, .F. ) ;
#432 = CYLINDRICAL_SURFACE ( 'NONE', #2483, 2.099999999999818900 ) ;
#433 = EDGE_CURVE ( 'NONE', #2660, #3460, #912, .T. ) ;
#434 = CARTESIAN_POINT ( 'NONE',  ( 7.500000000000007105, 6.999999999999986677, -60.00000000000000711 ) ) ;
#435 = DIRECTION ( 'NONE',  ( 0.000000000000000000, 7.930164461608679325E-15, 1.000000000000000000 ) ) ;
#436 = ORIENTED_EDGE ( 'NONE', *, *, #232, .T. ) ;
#437 = CIRCLE ( 'NONE', #1800, 40.00000000000000000 ) ;
#438 = EDGE_CURVE ( 'NONE', #1858, #1477, #2159, .T. ) ;
#439 = DIRECTION ( 'NONE',  ( -1.143848312570467118E-29, -1.000000000000000000, 7.000000000000009616E-15 ) ) ;
#440 = ORIENTED_EDGE ( 'NONE', *, *, #920, .F. ) ;
#441 = VECTOR ( 'NONE', #819, 1000.000000000000000 ) ;
#442 = CARTESIAN_POINT ( 'NONE',  ( -11.66328970827735922, 94.30050506338886862, 13.04674952548887035 ) ) ;
#443 = DIRECTION ( 'NONE',  ( 0.000000000000000000, 7.930164461608679325E-15, 1.000000000000000000 ) ) ;
#444 = ORIENTED_EDGE ( 'NONE', *, *, #714, .F. ) ;
#445 = FACE_BOUND ( 'NONE', #2199, .T. ) ;
#446 = AXIS2_PLACEMENT_3D ( 'NONE', #2880, #2381, #247 ) ;
#447 = VECTOR ( 'NONE', #519, 1000.000000000000000 ) ;
#448 = DIRECTION ( 'NONE',  ( 1.155557966632276351E-29, 1.000000000000000000, -6.999999999999916530E-15 ) ) ;
#449 = ORIENTED_EDGE ( 'NONE', *, *, #193, .F. ) ;
#450 = CARTESIAN_POINT ( 'NONE',  ( 50.00000000000000711, 1.999999999999986233, 49.99999999999998579 ) ) ;
#451 = DIRECTION ( 'NONE',  ( 1.000000000000000000, -1.143848312570467118E-29, 9.524450499707741029E-44 ) ) ;
#452 = VERTEX_POINT ( 'NONE', #3023 ) ;
#453 = CARTESIAN_POINT ( 'NONE',  ( -11.66328970827735922, 94.30050506338872651, -9.546749525490522359 ) ) ;
#454 = VERTEX_POINT ( 'NONE', #564 ) ;
#455 = AXIS2_PLACEMENT_3D ( 'NONE', #2043, #2585, #2247 ) ;
#456 = DIRECTION ( 'NONE',  ( 1.143848312570467258E-29, 1.000000000000000000, 0.000000000000000000 ) ) ;
#457 = VECTOR ( 'NONE', #1260, 1000.000000000000000 ) ;
#458 = VERTEX_POINT ( 'NONE', #1651 ) ;
#459 = CARTESIAN_POINT ( 'NONE',  ( 7.500000000000005329, -1.999999999999993117, -60.00000000000001421 ) ) ;
#460 = EDGE_CURVE ( 'NONE', #1773, #3066, #617, .T. ) ;
#461 = AXIS2_PLACEMENT_3D ( 'NONE', #3399, #991, #2071 ) ;
#462 = DIRECTION ( 'NONE',  ( 0.000000000000000000, -1.000000000000000000, 0.000000000000000000 ) ) ;
#463 = VERTEX_POINT ( 'NONE', #3293 ) ;
#464 = CARTESIAN_POINT ( 'NONE',  ( 0.000000000000000000, 123.9999999999998863, 0.000000000000000000 ) ) ;
#465 = ADVANCED_FACE ( 'NONE', ( #1366 ), #1481, .T. ) ;
#466 = DIRECTION ( 'NONE',  ( -4.088782444488992155E-17, -0.7071067811865487940, 0.7071067811865463515 ) ) ;
#467 = ORIENTED_EDGE ( 'NONE', *, *, #142, .F. ) ;
#468 = LINE ( 'NONE', #2112, #3379 ) ;
#469 = UNCERTAINTY_MEASURE_WITH_UNIT (LENGTH_MEASURE( 1.000000000000000082E-05 ), #2138, 'distance_accuracy_value', 'NONE');
#470 = FACE_OUTER_BOUND ( 'NONE', #2954, .T. ) ;
#471 = ORIENTED_EDGE ( 'NONE', *, *, #1894, .T. ) ;
#472 = DIRECTION ( 'NONE',  ( 0.000000000000000000, 7.930164461608679325E-15, 1.000000000000000000 ) ) ;
#473 = DIRECTION ( 'NONE',  ( 0.000000000000000000, 0.000000000000000000, 1.000000000000000000 ) ) ;
#474 = VERTEX_POINT ( 'NONE', #269 ) ;
#475 = AXIS2_PLACEMENT_3D ( 'NONE', #2801, #3028, #603 ) ;
#476 = PLANE ( 'NONE',  #935 ) ;
#477 = DIRECTION ( 'NONE',  ( -0.6664736976156840909, -5.218699810195773398E-15, -0.7455285443136819845 ) ) ;
#478 = EDGE_CURVE ( 'NONE', #3298, #968, #2893, .T. ) ;
#479 = ORIENTED_EDGE ( 'NONE', *, *, #129, .F. ) ;
#480 = DIRECTION ( 'NONE',  ( 1.143848312570467118E-29, 1.000000000000000000, -7.000000000000009616E-15 ) ) ;
#481 = APPROVAL_PERSON_ORGANIZATION ( #2657, #37, #1311 ) ;
#482 = EDGE_CURVE ( 'NONE', #1016, #2401, #546, .T. ) ;
#483 = DIRECTION ( 'NONE',  ( -1.143848312570467118E-29, -1.000000000000000000, 7.000000000000009616E-15 ) ) ;
#484 = VERTEX_POINT ( 'NONE', #864 ) ;
#485 = LINE ( 'NONE', #712, #1471 ) ;
#486 = ADVANCED_FACE ( 'NONE', ( #3007 ), #2439, .F. ) ;
#487 = CARTESIAN_POINT ( 'NONE',  ( -60.00000000000000711, -3.999999999999992450, -50.00000000000001421 ) ) ;
#488 = ORIENTED_EDGE ( 'NONE', *, *, #433, .F. ) ;
#489 = CARTESIAN_POINT ( 'NONE',  ( 1.301042606983280586E-15, 128.0000000000000000, -8.953889390390729041E-13 ) ) ;
#490 = CARTESIAN_POINT ( 'NONE',  ( 5.933609968325734208E-28, 51.87409819219531926, -3.631186873453677846E-13 ) ) ;
#491 = ORIENTED_EDGE ( 'NONE', *, *, #1202, .T. ) ;
#492 = DIRECTION ( 'NONE',  ( 0.000000000000000000, 0.000000000000000000, 1.000000000000000000 ) ) ;
#493 = CARTESIAN_POINT ( 'NONE',  ( 49.99999999999999289, 1.999999999999986233, -50.00000000000001421 ) ) ;
#494 = AXIS2_PLACEMENT_3D ( 'NONE', #951, #3107, #1979 ) ;
#495 = VERTEX_POINT ( 'NONE', #2746 ) ;
#496 = DIRECTION ( 'NONE',  ( -0.6664736976156840909, -5.218699810195773398E-15, -0.7455285443136819845 ) ) ;
#497 = CIRCLE ( 'NONE', #54, 4.249999999999996447 ) ;
#498 = CARTESIAN_POINT ( 'NONE',  ( 7.499999999999998224, -1.999999999999993117, -28.73849963412725117 ) ) ;
#499 = EDGE_LOOP ( 'NONE', ( #804, #514, #2579, #1127, #2538, #1245, #360, #2485 ) ) ;
#500 = AXIS2_PLACEMENT_3D ( 'NONE', #274, #2925, #1351 ) ;
#501 = LINE ( 'NONE', #984, #561 ) ;
#502 = CC_DESIGN_PERSON_AND_ORGANIZATION_ASSIGNMENT ( #96, #852, ( #3215 ) ) ;
#503 = ADVANCED_FACE ( 'NONE', ( #1398 ), #336, .F. ) ;
#504 = DIRECTION ( 'NONE',  ( 0.000000000000000000, 1.000000000000000000, 0.000000000000000000 ) ) ;
#505 = VERTEX_POINT ( 'NONE', #9 ) ;
#506 = CARTESIAN_POINT ( 'NONE',  ( -11.66328970827735922, 128.9999999999998579, -16.54674952549039801 ) ) ;
#507 = VECTOR ( 'NONE', #626, 1000.000000000000000 ) ;
#508 = ADVANCED_FACE ( 'NONE', ( #2493 ), #1418, .F. ) ;
#509 = CARTESIAN_POINT ( 'NONE',  ( -11.66328970827735922, 112.2000000000000739, 15.14674952548856446 ) ) ;
#510 = ORIENTED_EDGE ( 'NONE', *, *, #272, .F. ) ;
#511 = VECTOR ( 'NONE', #707, 1000.000000000000114 ) ;
#512 = ORIENTED_EDGE ( 'NONE', *, *, #77, .F. ) ;
#513 = LINE ( 'NONE', #1550, #457 ) ;
#514 = ORIENTED_EDGE ( 'NONE', *, *, #2632, .T. ) ;
#515 = LINE ( 'NONE', #1600, #1210 ) ;
#516 = AXIS2_PLACEMENT_3D ( 'NONE', #368, #130, #1756 ) ;
#517 = DIRECTION ( 'NONE',  ( 0.000000000000000000, 0.000000000000000000, 1.000000000000000000 ) ) ;
#518 = ORIENTED_EDGE ( 'NONE', *, *, #2535, .T. ) ;
#519 = DIRECTION ( 'NONE',  ( -0.000000000000000000, -1.000000000000000000, -0.000000000000000000 ) ) ;
#520 = ORIENTED_EDGE ( 'NONE', *, *, #1490, .T. ) ;
#521 = CARTESIAN_POINT ( 'NONE',  ( -60.00000000000000000, 6.999999999999986677, -60.00000000000001421 ) ) ;
#522 = ORIENTED_EDGE ( 'NONE', *, *, #3329, .F. ) ;
#523 = EDGE_CURVE ( 'NONE', #2306, #2614, #3003, .T. ) ;
#524 = CYLINDRICAL_SURFACE ( 'NONE', #2139, 3.499999999999815703 ) ;
#525 = DIRECTION ( 'NONE',  ( 4.088782444488992155E-17, -0.7071067811865487940, -0.7071067811865463515 ) ) ;
#526 = EDGE_CURVE ( 'NONE', #3211, #366, #27, .T. ) ;
#527 = VERTEX_POINT ( 'NONE', #3090 ) ;
#528 = PERSON_AND_ORGANIZATION_ROLE ( 'design_owner' ) ;
#529 = CARTESIAN_POINT ( 'NONE',  ( -7.632783294310560368E-14, 104.1999999999999744, -8.017796894824548258E-13 ) ) ;
#530 = VECTOR ( 'NONE', #3115, 1000.000000000000000 ) ;
#531 = EDGE_LOOP ( 'NONE', ( #491, #1782, #3464, #799 ) ) ;
#532 = LINE ( 'NONE', #2142, #2851 ) ;
#533 = CIRCLE ( 'NONE', #3403, 40.00000000000000000 ) ;
#534 = LINE ( 'NONE', #3248, #2307 ) ;
#535 = VERTEX_POINT ( 'NONE', #1204 ) ;
#536 = DIRECTION ( 'NONE',  ( 0.000000000000000000, 0.000000000000000000, 1.000000000000000000 ) ) ;
#537 = AXIS2_PLACEMENT_3D ( 'NONE', #1042, #1612, #1327 ) ;
#538 = ORIENTED_EDGE ( 'NONE', *, *, #596, .T. ) ;
#539 = CARTESIAN_POINT ( 'NONE',  ( 38.72983346207437449, 114.0000000000000711, 9.999999999999202416 ) ) ;
#540 = ORIENTED_EDGE ( 'NONE', *, *, #1412, .F. ) ;
#541 = DIRECTION ( 'NONE',  ( 0.000000000000000000, 0.000000000000000000, -1.000000000000000000 ) ) ;
#542 = EDGE_CURVE ( 'NONE', #1281, #618, #296, .T. ) ;
#543 = DIRECTION ( 'NONE',  ( 1.000000000000000000, 0.000000000000000000, 5.782411586589358625E-17 ) ) ;
#544 = ORIENTED_EDGE ( 'NONE', *, *, #312, .T. ) ;
#545 = EDGE_CURVE ( 'NONE', #383, #606, #650, .T. ) ;
#546 = LINE ( 'NONE', #1345, #2326 ) ;
#547 = ORIENTED_EDGE ( 'NONE', *, *, #3176, .F. ) ;
#548 = DIRECTION ( 'NONE',  ( -0.6664736976156840909, -5.218699810195773398E-15, -0.7455285443136819845 ) ) ;
#549 = AXIS2_PLACEMENT_3D ( 'NONE', #3343, #1731, #3036 ) ;
#550 = DIRECTION ( 'NONE',  ( 0.000000000000000000, 1.000000000000000000, 0.000000000000000000 ) ) ;
#551 = ORIENTED_EDGE ( 'NONE', *, *, #1279, .T. ) ;
#552 = CARTESIAN_POINT ( 'NONE',  ( -14.67537912918870902, 128.0000000000000853, 11.26424642018063693 ) ) ;
#553 = CARTESIAN_POINT ( 'NONE',  ( 50.00000000000000000, -3.999999999999992450, -50.00000000000000711 ) ) ;
#554 = VECTOR ( 'NONE', #3463, 1000.000000000000000 ) ;
#555 = AXIS2_PLACEMENT_3D ( 'NONE', #798, #2943, #2162 ) ;
#556 = FACE_OUTER_BOUND ( 'NONE', #2241, .T. ) ;
#557 = VERTEX_POINT ( 'NONE', #1508 ) ;
#558 = CARTESIAN_POINT ( 'NONE',  ( -49.99999999999999289, 6.999999999999986677, 54.25000000000000000 ) ) ;
#559 = AXIS2_PLACEMENT_3D ( 'NONE', #1943, #877, #2755 ) ;
#560 = DIRECTION ( 'NONE',  ( 0.000000000000000000, 1.000000000000000000, 0.000000000000000000 ) ) ;
#561 = VECTOR ( 'NONE', #1017, 1000.000000000000000 ) ;
#562 = CYLINDRICAL_SURFACE ( 'NONE', #2033, 10.09999999999999964 ) ;
#563 = VERTEX_POINT ( 'NONE', #3383 ) ;
#564 = CARTESIAN_POINT ( 'NONE',  ( -49.99999999999999289, -4.999999999999992895, 52.60000000000000142 ) ) ;
#565 = ORIENTED_EDGE ( 'NONE', *, *, #2149, .F. ) ;
#566 = EDGE_CURVE ( 'NONE', #660, #383, #1252, .T. ) ;
#567 = LINE ( 'NONE', #2712, #1324 ) ;
#568 = COORDINATED_UNIVERSAL_TIME_OFFSET ( 0, 0, .AHEAD. ) ;
#569 = DIRECTION ( 'NONE',  ( 0.000000000000000000, 6.870191984066563133E-15, 1.000000000000000000 ) ) ;
#570 = ORIENTED_EDGE ( 'NONE', *, *, #2128, .T. ) ;
#571 = EDGE_CURVE ( 'NONE', #2136, #2871, #2947, .T. ) ;
#572 = FACE_OUTER_BOUND ( 'NONE', #414, .T. ) ;
#573 = CYLINDRICAL_SURFACE ( 'NONE', #3439, 3.499999999999819256 ) ;
#574 = AXIS2_PLACEMENT_3D ( 'NONE', #3262, #62, #2456 ) ;
#575 = VECTOR ( 'NONE', #3311, 1000.000000000000000 ) ;
#576 = DIRECTION ( 'NONE',  ( -5.782411586589358625E-17, 0.000000000000000000, 1.000000000000000000 ) ) ;
#577 = EDGE_LOOP ( 'NONE', ( #2706, #3076, #3303, #1388 ) ) ;
#578 = DIRECTION ( 'NONE',  ( 0.000000000000000000, 0.000000000000000000, 1.000000000000000000 ) ) ;
#579 = DIRECTION ( 'NONE',  ( -1.143848312570467118E-29, -1.000000000000000000, 7.000000000000009616E-15 ) ) ;
#580 = ORIENTED_EDGE ( 'NONE', *, *, #2561, .T. ) ;
#581 = CARTESIAN_POINT ( 'NONE',  ( 31.80000000000000071, 122.4499999999999602, -4.750000000000845546 ) ) ;
#582 = ORIENTED_EDGE ( 'NONE', *, *, #193, .T. ) ;
#583 = FACE_OUTER_BOUND ( 'NONE', #1990, .T. ) ;
#584 = EDGE_CURVE ( 'NONE', #366, #1266, #2810, .T. ) ;
#585 = AXIS2_PLACEMENT_3D ( 'NONE', #132, #2283, #371 ) ;
#586 = ORIENTED_EDGE ( 'NONE', *, *, #1592, .F. ) ;
#587 = DIRECTION ( 'NONE',  ( 1.156482317317871725E-16, 0.000000000000000000, -1.000000000000000000 ) ) ;
#588 = ORIENTED_EDGE ( 'NONE', *, *, #1168, .F. ) ;
#589 = CIRCLE ( 'NONE', #3182, 10.00000000000000178 ) ;
#590 = EDGE_CURVE ( 'NONE', #3014, #192, #2829, .T. ) ;
#591 = VECTOR ( 'NONE', #2903, 1000.000000000000000 ) ;
#592 = CARTESIAN_POINT ( 'NONE',  ( 33.54101966249645983, 128.9999999999998863, -10.00000000000090417 ) ) ;
#593 = ORIENTED_EDGE ( 'NONE', *, *, #81, .T. ) ;
#594 = DIRECTION ( 'NONE',  ( 0.000000000000000000, 7.501506923142949299E-15, 1.000000000000000000 ) ) ;
#595 = PRODUCT_DEFINITION_FORMATION_WITH_SPECIFIED_SOURCE ( '�', '', #2303, .NOT_KNOWN. ) ;
#596 = EDGE_CURVE ( 'NONE', #309, #3453, #1472, .T. ) ;
#597 = LINE ( 'NONE', #3004, #2413 ) ;
#598 = ORIENTED_EDGE ( 'NONE', *, *, #3135, .F. ) ;
#599 = DIRECTION ( 'NONE',  ( -0.000000000000000000, 1.000000000000000000, -0.000000000000000000 ) ) ;
#600 = VERTEX_POINT ( 'NONE', #1719 ) ;
#601 = CARTESIAN_POINT ( 'NONE',  ( -49.99999999999999289, -4.999999999999992895, 50.00000000000000000 ) ) ;
#602 = ORIENTED_EDGE ( 'NONE', *, *, #857, .T. ) ;
#603 = DIRECTION ( 'NONE',  ( 0.000000000000000000, 0.000000000000000000, 1.000000000000000000 ) ) ;
#604 = FACE_OUTER_BOUND ( 'NONE', #2479, .T. ) ;
#605 = DIRECTION ( 'NONE',  ( 1.000000000000000000, -1.143848312570467258E-29, 9.524450499707741029E-44 ) ) ;
#606 = VERTEX_POINT ( 'NONE', #407 ) ;
#607 = VECTOR ( 'NONE', #1941, 1000.000000000000114 ) ;
#608 = CARTESIAN_POINT ( 'NONE',  ( 11.66328970827721179, 112.2000000000000171, 9.546749525488927191 ) ) ;
#609 = APPROVAL ( #2477, 'UNKNOWN' ) ;
#610 = DATE_TIME_ROLE ( 'creation_date' ) ;
#611 = EDGE_CURVE ( 'NONE', #2243, #452, #1309, .T. ) ;
#612 = AXIS2_PLACEMENT_3D ( 'NONE', #498, #1636, #2714 ) ;
#613 = FACE_OUTER_BOUND ( 'NONE', #2373, .T. ) ;
#614 = EDGE_LOOP ( 'NONE', ( #251, #2262, #1986, #1838 ) ) ;
#615 = EDGE_CURVE ( 'NONE', #120, #261, #1765, .T. ) ;
#616 = VECTOR ( 'NONE', #969, 1000.000000000000000 ) ;
#617 = LINE ( 'NONE', #1896, #1877 ) ;
#618 = VERTEX_POINT ( 'NONE', #940 ) ;
#619 = LINE ( 'NONE', #1436, #1382 ) ;
#620 = AXIS2_PLACEMENT_3D ( 'NONE', #2549, #1454, #2834 ) ;
#621 = DATE_AND_TIME ( #1655, #683 ) ;
#622 = ORIENTED_EDGE ( 'NONE', *, *, #1847, .F. ) ;
#623 = CARTESIAN_POINT ( 'NONE',  ( 0.000000000000000000, 220.9238815542511247, 0.000000000000000000 ) ) ;
#624 = DIRECTION ( 'NONE',  ( 0.000000000000000000, 6.608470384674126103E-15, 1.000000000000000000 ) ) ;
#625 = EDGE_LOOP ( 'NONE', ( #26, #1174, #3253, #1300 ) ) ;
#626 = DIRECTION ( 'NONE',  ( -0.000000000000000000, 1.000000000000000000, -0.000000000000000000 ) ) ;
#627 = DATE_AND_TIME ( #416, #367 ) ;
#628 = AXIS2_PLACEMENT_3D ( 'NONE', #2865, #439, #1525 ) ;
#629 = ADVANCED_FACE ( 'NONE', ( #1491 ), #1451, .F. ) ;
#630 = DIRECTION ( 'NONE',  ( 1.143848312570466978E-29, 1.000000000000000000, -7.000000000000008827E-15 ) ) ;
#631 = CARTESIAN_POINT ( 'NONE',  ( -50.00000000000000711, -4.999999999999992895, 49.99999999999998579 ) ) ;
#632 = ORIENTED_EDGE ( 'NONE', *, *, #2067, .T. ) ;
#633 = EDGE_CURVE ( 'NONE', #284, #2231, #3218, .T. ) ;
#634 = DIRECTION ( 'NONE',  ( 0.000000000000000000, 7.930164461608669858E-15, 1.000000000000000000 ) ) ;
#635 = VERTEX_POINT ( 'NONE', #2562 ) ;
#636 = DIRECTION ( 'NONE',  ( 1.155557966632372481E-29, 1.000000000000000000, -6.999999999999907064E-15 ) ) ;
#637 = CARTESIAN_POINT ( 'NONE',  ( 50.00000000000000000, -4.999999999999992895, -59.00000000000000711 ) ) ;
#638 = ORIENTED_EDGE ( 'NONE', *, *, #2626, .T. ) ;
#639 = CARTESIAN_POINT ( 'NONE',  ( 29.60000000000000142, 119.7499999999999574, -4.750000000000845546 ) ) ;
#640 = CARTESIAN_POINT ( 'NONE',  ( 1.301042606983153579E-15, 116.8999999999999773, -8.176889390390725385E-13 ) ) ;
#641 = VERTEX_POINT ( 'NONE', #923 ) ;
#642 = VECTOR ( 'NONE', #1167, 1000.000000000000000 ) ;
#643 = CARTESIAN_POINT ( 'NONE',  ( 50.00000000000000000, -4.999999999999992895, -59.00000000000000711 ) ) ;
#644 = PERSON_AND_ORGANIZATION ( #1178, #2513 ) ;
#645 = CIRCLE ( 'NONE', #2630, 2.599999999999998312 ) ;
#646 = DIRECTION ( 'NONE',  ( 0.000000000000000000, 0.000000000000000000, -1.000000000000000000 ) ) ;
#647 = DIRECTION ( 'NONE',  ( 0.000000000000000000, -1.000000000000000000, 0.000000000000000000 ) ) ;
#648 = ORIENTED_EDGE ( 'NONE', *, *, #417, .T. ) ;
#649 = ADVANCED_FACE ( 'NONE', ( #3074 ), #1165, .F. ) ;
#650 = LINE ( 'NONE', #1734, #1594 ) ;
#651 = EDGE_LOOP ( 'NONE', ( #1757, #820, #1577, #58 ) ) ;
#652 = DIRECTION ( 'NONE',  ( 0.000000000000000000, 0.000000000000000000, 1.000000000000000000 ) ) ;
#653 = CC_DESIGN_DATE_AND_TIME_ASSIGNMENT ( #307, #1919, ( #1157 ) ) ;
#654 = EDGE_CURVE ( 'NONE', #1380, #1201, #1879, .T. ) ;
#655 = CARTESIAN_POINT ( 'NONE',  ( 1.337158677394875846E-27, 116.9000000000000483, 10.09999999999918074 ) ) ;
#656 = ORIENTED_EDGE ( 'NONE', *, *, #460, .F. ) ;
#657 = DIRECTION ( 'NONE',  ( 1.000000000000000000, -1.143848312570467118E-29, 9.524450499707741029E-44 ) ) ;
#658 = EDGE_CURVE ( 'NONE', #618, #3041, #1654, .T. ) ;
#659 = DIRECTION ( 'NONE',  ( 1.143848312570467118E-29, 1.000000000000000000, -7.000000000000009616E-15 ) ) ;
#660 = VERTEX_POINT ( 'NONE', #2039 ) ;
#661 = FACE_OUTER_BOUND ( 'NONE', #1659, .T. ) ;
#662 = CALENDAR_DATE ( 2026, 19, 9 ) ;
#663 = AXIS2_PLACEMENT_3D ( 'NONE', #364, #141, #1430 ) ;
#664 = DIRECTION ( 'NONE',  ( 0.000000000000000000, 7.137148015447457667E-15, 1.000000000000000000 ) ) ;
#665 = FACE_OUTER_BOUND ( 'NONE', #651, .T. ) ;
#666 = ORIENTED_EDGE ( 'NONE', *, *, #1697, .T. ) ;
#667 = CIRCLE ( 'NONE', #2473, 4.249999999999996447 ) ;
#668 = CARTESIAN_POINT ( 'NONE',  ( 49.99999999999999289, -4.999999999999992895, -50.00000000000001421 ) ) ;
#669 = CIRCLE ( 'NONE', #2652, 13.69999999999996554 ) ;
#670 = ORIENTED_EDGE ( 'NONE', *, *, #850, .T. ) ;
#671 = CARTESIAN_POINT ( 'NONE',  ( 50.00000000000000711, 1.999999999999986233, 49.99999999999998579 ) ) ;
#672 = VECTOR ( 'NONE', #121, 1000.000000000000000 ) ;
#673 = DIRECTION ( 'NONE',  ( 0.000000000000000000, 0.7071067811865463515, -0.7071067811865487940 ) ) ;
#674 = EDGE_CURVE ( 'NONE', #2816, #2628, #3168, .T. ) ;
#675 = ORIENTED_EDGE ( 'NONE', *, *, #658, .F. ) ;
#676 = CARTESIAN_POINT ( 'NONE',  ( -60.00000000000000000, 5.999999999999985789, -60.00000000000001421 ) ) ;
#677 = EDGE_CURVE ( 'NONE', #1065, #2412, #1434, .T. ) ;
#678 = DIRECTION ( 'NONE',  ( -0.000000000000000000, 1.000000000000000000, -0.000000000000000000 ) ) ;
#679 = ORIENTED_EDGE ( 'NONE', *, *, #1005, .F. ) ;
#680 = DIRECTION ( 'NONE',  ( 0.000000000000000000, 0.000000000000000000, 1.000000000000000000 ) ) ;
#681 = VECTOR ( 'NONE', #2430, 1000.000000000000114 ) ;
#682 = DATE_TIME_ROLE ( 'creation_date' ) ;
#683 = LOCAL_TIME ( 10, 36, 33.00000000000000000, #568 ) ;
#684 = CARTESIAN_POINT ( 'NONE',  ( -14.67537912918865928, 127.9999999999999147, -11.26424642018249322 ) ) ;
#685 = CARTESIAN_POINT ( 'NONE',  ( -50.00000000000000000, 6.999999999999986677, -50.00000000000001421 ) ) ;
#686 = ORIENTED_EDGE ( 'NONE', *, *, #2281, .T. ) ;
#687 = VECTOR ( 'NONE', #1615, 1000.000000000000000 ) ;
#688 = DIRECTION ( 'NONE',  ( 1.143848312570467118E-29, 1.000000000000000000, -7.000000000000009616E-15 ) ) ;
#689 = VERTEX_POINT ( 'NONE', #903 ) ;
#690 = CARTESIAN_POINT ( 'NONE',  ( 60.00000000000000000, -3.999999999999992450, -50.00000000000000711 ) ) ;
#691 = CYLINDRICAL_SURFACE ( 'NONE', #19, 18.50000000000000000 ) ;
#692 = ORIENTED_EDGE ( 'NONE', *, *, #571, .F. ) ;
#693 = DIRECTION ( 'NONE',  ( -0.000000000000000000, 1.000000000000000000, -0.000000000000000000 ) ) ;
#694 = ADVANCED_FACE ( 'NONE', ( #215 ), #3188, .T. ) ;
#695 = CARTESIAN_POINT ( 'NONE',  ( -60.00000000000000000, 5.999999999999985789, -60.00000000000001421 ) ) ;
#696 = VERTEX_POINT ( 'NONE', #3435 ) ;
#697 = DIRECTION ( 'NONE',  ( 0.000000000000000000, 1.000000000000000000, 0.000000000000000000 ) ) ;
#698 = EDGE_CURVE ( 'NONE', #2264, #327, #2837, .T. ) ;
#699 = CIRCLE ( 'NONE', #2171, 2.099999999999818900 ) ;
#700 = LINE ( 'NONE', #245, #1911 ) ;
#701 = DIRECTION ( 'NONE',  ( 0.000000000000000000, -1.000000000000000000, 0.000000000000000000 ) ) ;
#702 = ORIENTED_EDGE ( 'NONE', *, *, #3329, .T. ) ;
#703 = ADVANCED_FACE ( 'NONE', ( #2366 ), #1023, .F. ) ;
#704 = DIRECTION ( 'NONE',  ( 0.000000000000000000, 7.021499783716252970E-15, 1.000000000000000000 ) ) ;
#705 = EDGE_LOOP ( 'NONE', ( #3236, #1095 ) ) ;
#706 = CYLINDRICAL_SURFACE ( 'NONE', #1385, 3.499999999999815703 ) ;
#707 = DIRECTION ( 'NONE',  ( 0.000000000000000000, -0.7071067811865474617, 0.7071067811865474617 ) ) ;
#708 = ORIENTED_EDGE ( 'NONE', *, *, #162, .T. ) ;
#709 = LINE ( 'NONE', #2856, #3401 ) ;
#710 = CARTESIAN_POINT ( 'NONE',  ( -50.00000000000000000, -3.999999999999992450, -60.00000000000001421 ) ) ;
#711 = ORIENTED_EDGE ( 'NONE', *, *, #1934, .T. ) ;
#712 = CARTESIAN_POINT ( 'NONE',  ( 7.499999999999999112, 220.9238815542511247, -31.62277660168379256 ) ) ;
#713 = CARTESIAN_POINT ( 'NONE',  ( 11.66328970827721179, 94.30050506338869809, -13.04674952549033939 ) ) ;
#714 = EDGE_CURVE ( 'NONE', #888, #606, #3445, .T. ) ;
#715 = DIRECTION ( 'NONE',  ( -1.143848312570461092E-29, -1.000000000000000000, 7.000000000000007249E-15 ) ) ;
#716 = ORIENTED_EDGE ( 'NONE', *, *, #2992, .T. ) ;
#717 = CIRCLE ( 'NONE', #549, 4.249999999999996447 ) ;
#718 = DIRECTION ( 'NONE',  ( 0.000000000000000000, 7.501506923142949299E-15, 1.000000000000000000 ) ) ;
#719 = EDGE_CURVE ( 'NONE', #2673, #1359, #3331, .T. ) ;
#720 = ORIENTED_EDGE ( 'NONE', *, *, #615, .T. ) ;
#721 = AXIS2_PLACEMENT_3D ( 'NONE', #2753, #1678, #576 ) ;
#722 = CARTESIAN_POINT ( 'NONE',  ( 50.00000000000000711, -4.999999999999992895, 52.59999999999998721 ) ) ;
#723 = DIRECTION ( 'NONE',  ( 1.143848312570467118E-29, 1.000000000000000000, -7.000000000000009616E-15 ) ) ;
#724 = ORIENTED_EDGE ( 'NONE', *, *, #3347, .F. ) ;
#725 = DIRECTION ( 'NONE',  ( 0.000000000000000000, -1.000000000000000000, 0.000000000000000000 ) ) ;
#726 = CIRCLE ( 'NONE', #779, 9.000000000000001776 ) ;
#727 = CIRCLE ( 'NONE', #1243, 3.499999999999819256 ) ;
#728 = DIRECTION ( 'NONE',  ( 1.143848312570467118E-29, 1.000000000000000000, -7.000000000000009616E-15 ) ) ;
#729 = ORIENTED_EDGE ( 'NONE', *, *, #3241, .F. ) ;
#730 = DIRECTION ( 'NONE',  ( 0.000000000000000000, 7.021499783716252970E-15, 1.000000000000000000 ) ) ;
#731 = SHAPE_REPRESENTATION ( 'base', ( #3239, #537 ), #2228 ) ;
#732 = CIRCLE ( 'NONE', #1645, 2.599999999999998312 ) ;
#733 = CARTESIAN_POINT ( 'NONE',  ( 0.000000000000000000, 128.9999999999999716, 0.000000000000000000 ) ) ;
#734 = ORIENTED_EDGE ( 'NONE', *, *, #1261, .F. ) ;
#735 = DIRECTION ( 'NONE',  ( 0.000000000000000000, 7.501506923142949299E-15, 1.000000000000000000 ) ) ;
#736 = EDGE_CURVE ( 'NONE', #284, #2148, #3417, .T. ) ;
#737 = CARTESIAN_POINT ( 'NONE',  ( 1.301042606983280586E-15, 127.9999999999999147, -8.953889390390722983E-13 ) ) ;
#738 = AXIS2_PLACEMENT_3D ( 'NONE', #1057, #2904, #1276 ) ;
#739 = ORIENTED_EDGE ( 'NONE', *, *, #334, .T. ) ;
#740 = LINE ( 'NONE', #2073, #148 ) ;
#741 = ADVANCED_FACE ( 'NONE', ( #199 ), #1273, .T. ) ;
#742 = VECTOR ( 'NONE', #1893, 1000.000000000000114 ) ;
#743 = PLANE ( 'NONE',  #405 ) ;
#744 = EDGE_LOOP ( 'NONE', ( #729, #540, #1093, #2676 ) ) ;
#745 = CARTESIAN_POINT ( 'NONE',  ( -50.00000000000000711, 1.999999999999986233, -50.00000000000000000 ) ) ;
#746 = ADVANCED_FACE ( 'NONE', ( #753 ), #2086, .F. ) ;
#747 = CARTESIAN_POINT ( 'NONE',  ( 49.99999999999998579, 6.999999999999986677, 49.99999999999997868 ) ) ;
#748 = ORIENTED_EDGE ( 'NONE', *, *, #1894, .F. ) ;
#749 = CARTESIAN_POINT ( 'NONE',  ( 11.66328970827721179, 112.2000000000000455, 13.04674952548874600 ) ) ;
#750 = CARTESIAN_POINT ( 'NONE',  ( 49.99999999999999289, 6.999999999999986677, -45.75000000000002132 ) ) ;
#751 = ORIENTED_EDGE ( 'NONE', *, *, #2364, .T. ) ;
#752 = CARTESIAN_POINT ( 'NONE',  ( 4.898587196589413026E-15, 6.999999999999986677, 40.00000000000000000 ) ) ;
#753 = FACE_OUTER_BOUND ( 'NONE', #2201, .T. ) ;
#754 = ORIENTED_EDGE ( 'NONE', *, *, #1736, .F. ) ;
#755 = VECTOR ( 'NONE', #3077, 1000.000000000000000 ) ;
#756 = CARTESIAN_POINT ( 'NONE',  ( 11.66328970827721179, 104.1999999999998607, -15.14674952549022535 ) ) ;
#757 = ORIENTED_EDGE ( 'NONE', *, *, #2299, .F. ) ;
#758 = ADVANCED_FACE ( 'NONE', ( #767 ), #3057, .F. ) ;
#759 = PLANE ( 'NONE',  #2682 ) ;
#760 = CYLINDRICAL_SURFACE ( 'NONE', #1746, 10.00000000000000178 ) ;
#761 = ORIENTED_EDGE ( 'NONE', *, *, #2557, .T. ) ;
#762 = EDGE_CURVE ( 'NONE', #2146, #183, #1082, .T. ) ;
#763 = DIRECTION ( 'NONE',  ( 0.000000000000000000, 0.000000000000000000, 1.000000000000000000 ) ) ;
#764 = DIRECTION ( 'NONE',  ( -1.143848312570467118E-29, -1.000000000000000000, 7.000000000000009616E-15 ) ) ;
#765 = VERTEX_POINT ( 'NONE', #509 ) ;
#766 = FACE_OUTER_BOUND ( 'NONE', #2449, .T. ) ;
#767 = FACE_OUTER_BOUND ( 'NONE', #2975, .T. ) ;
#768 = ORIENTED_EDGE ( 'NONE', *, *, #433, .T. ) ;
#769 = APPROVAL_ROLE ( '' ) ;
#770 = AXIS2_PLACEMENT_3D ( 'NONE', #3448, #764, #1269 ) ;
#771 = DIRECTION ( 'NONE',  ( 1.143848312570467118E-29, 1.000000000000000000, -7.000000000000009616E-15 ) ) ;
#772 = CIRCLE ( 'NONE', #3425, 18.50000000000000000 ) ;
#773 = ORIENTED_EDGE ( 'NONE', *, *, #2001, .F. ) ;
#774 = CARTESIAN_POINT ( 'NONE',  ( -11.66328970827735922, 112.2000000000000455, 10.94674952548893110 ) ) ;
#775 = AXIS2_PLACEMENT_3D ( 'NONE', #2663, #2443, #517 ) ;
#776 = ADVANCED_FACE ( 'NONE', ( #1562 ), #1576, .F. ) ;
#777 = LINE ( 'NONE', #46, #332 ) ;
#778 = ORIENTED_EDGE ( 'NONE', *, *, #2737, .T. ) ;
#779 = AXIS2_PLACEMENT_3D ( 'NONE', #53, #821, #1340 ) ;
#780 = DIRECTION ( 'NONE',  ( 0.000000000000000000, 1.000000000000000000, 0.000000000000000000 ) ) ;
#781 = ORIENTED_EDGE ( 'NONE', *, *, #189, .F. ) ;
#782 = VECTOR ( 'NONE', #2805, 1000.000000000000000 ) ;
#783 = EDGE_CURVE ( 'NONE', #1981, #3041, #1769, .T. ) ;
#784 = DIRECTION ( 'NONE',  ( 1.000000000000000000, 0.000000000000000000, 5.782411586589358625E-17 ) ) ;
#785 = ORIENTED_EDGE ( 'NONE', *, *, #2779, .F. ) ;
#786 = DIRECTION ( 'NONE',  ( 1.143848312570466978E-29, 1.000000000000000000, -7.000000000000009616E-15 ) ) ;
#787 = VECTOR ( 'NONE', #3320, 1000.000000000000114 ) ;
#788 = FACE_OUTER_BOUND ( 'NONE', #499, .T. ) ;
#789 = VERTEX_POINT ( 'NONE', #2654 ) ;
#790 = CALENDAR_DATE ( 2026, 19, 9 ) ;
#791 = APPROVAL_PERSON_ORGANIZATION ( #96, #609, #1135 ) ;
#792 = AXIS2_PLACEMENT_3D ( 'NONE', #2193, #286, #846 ) ;
#793 = CARTESIAN_POINT ( 'NONE',  ( -7.499999999999992895, -1.999999999999993117, -60.00000000000001421 ) ) ;
#794 = EDGE_LOOP ( 'NONE', ( #2744, #2550 ) ) ;
#795 = FACE_OUTER_BOUND ( 'NONE', #1604, .T. ) ;
#796 = FACE_OUTER_BOUND ( 'NONE', #2127, .T. ) ;
#797 = VECTOR ( 'NONE', #1107, 1000.000000000000000 ) ;
#798 = CARTESIAN_POINT ( 'NONE',  ( -50.00000000000000711, 6.999999999999986677, 49.99999999999998579 ) ) ;
#799 = ORIENTED_EDGE ( 'NONE', *, *, #2166, .F. ) ;
#800 = CARTESIAN_POINT ( 'NONE',  ( 1.301042606983280586E-15, 128.0000000000001421, 18.49999999999910472 ) ) ;
#801 = ORIENTED_EDGE ( 'NONE', *, *, #566, .T. ) ;
#802 = EDGE_CURVE ( 'NONE', #404, #144, #2156, .T. ) ;
#803 = FACE_OUTER_BOUND ( 'NONE', #996, .T. ) ;
#804 = ORIENTED_EDGE ( 'NONE', *, *, #1596, .T. ) ;
#805 = DIRECTION ( 'NONE',  ( -0.000000000000000000, -1.000000000000000000, -0.000000000000000000 ) ) ;
#806 = CC_DESIGN_DATE_AND_TIME_ASSIGNMENT ( #2993, #1635, ( #3215 ) ) ;
#807 = EDGE_CURVE ( 'NONE', #1281, #1492, #2100, .T. ) ;
#808 = CARTESIAN_POINT ( 'NONE',  ( 31.80000000000000071, 128.9999999999998863, -10.00000000000090417 ) ) ;
#809 = ORIENTED_EDGE ( 'NONE', *, *, #2469, .F. ) ;
#810 = ADVANCED_FACE ( 'NONE', ( #1809 ), #21, .F. ) ;
#811 = APPLICATION_CONTEXT ( 'configuration controlled 3d designs of mechanical parts and assemblies' ) ;
#812 = CARTESIAN_POINT ( 'NONE',  ( 29.60000000000000142, 121.0999999999999517, -4.750000000000845546 ) ) ;
#813 = ORIENTED_EDGE ( 'NONE', *, *, #584, .T. ) ;
#814 = DIRECTION ( 'NONE',  ( 1.143848312570466978E-29, 1.000000000000000000, -7.000000000000009616E-15 ) ) ;
#815 = CARTESIAN_POINT ( 'NONE',  ( 0.000000000000000000, -4.999999999999992895, 0.000000000000000000 ) ) ;
#816 = VERTEX_POINT ( 'NONE', #1257 ) ;
#817 = DIRECTION ( 'NONE',  ( 0.000000000000000000, 1.000000000000000000, 0.000000000000000000 ) ) ;
#818 = CARTESIAN_POINT ( 'NONE',  ( 9.555700305556047880, 128.0000000000001137, 15.84104136950496411 ) ) ;
#819 = DIRECTION ( 'NONE',  ( -2.243746041308301403E-16, -0.000000000000000000, 1.000000000000000000 ) ) ;
#820 = ORIENTED_EDGE ( 'NONE', *, *, #2402, .F. ) ;
#821 = DIRECTION ( 'NONE',  ( 0.000000000000000000, 1.000000000000000000, -0.000000000000000000 ) ) ;
#822 = EDGE_CURVE ( 'NONE', #1858, #305, #1992, .T. ) ;
#823 = FACE_BOUND ( 'NONE', #23, .T. ) ;
#824 = CARTESIAN_POINT ( 'NONE',  ( 1.555301434918347559E-15, 105.1999999999998892, -12.70000000000073648 ) ) ;
#825 = ORIENTED_EDGE ( 'NONE', *, *, #1029, .F. ) ;
#826 = EDGE_CURVE ( 'NONE', #2684, #2673, #1535, .T. ) ;
#827 = CARTESIAN_POINT ( 'NONE',  ( -50.00000000000000000, 6.999999999999986677, -59.00000000000000711 ) ) ;
#828 = VERTEX_POINT ( 'NONE', #2724 ) ;
#829 = CARTESIAN_POINT ( 'NONE',  ( -59.00000000000000711, 6.999999999999986677, -50.00000000000001421 ) ) ;
#830 = AXIS2_PLACEMENT_3D ( 'NONE', #1700, #1217, #106 ) ;
#831 = PERSON_AND_ORGANIZATION ( #1178, #2513 ) ;
#832 = CARTESIAN_POINT ( 'NONE',  ( -49.99999999999999289, 1.999999999999986233, 50.00000000000000000 ) ) ;
#833 = ORIENTED_EDGE ( 'NONE', *, *, #2866, .T. ) ;
#834 = CARTESIAN_POINT ( 'NONE',  ( 0.000000000000000000, -2.000000000000001776, -32.50000000000000000 ) ) ;
#835 = VERTEX_POINT ( 'NONE', #843 ) ;
#836 = CIRCLE ( 'NONE', #2813, 3.499999999999815703 ) ;
#837 = CIRCLE ( 'NONE', #3428, 19.49999999999995737 ) ;
#838 = CARTESIAN_POINT ( 'NONE',  ( 14.86764567591914776, 128.3503387664085835, -11.58914012144898287 ) ) ;
#839 = VERTEX_POINT ( 'NONE', #1647 ) ;
#840 = CARTESIAN_POINT ( 'NONE',  ( 3.411622836087721934E-15, 6.999999999999986677, -59.00000000000000711 ) ) ;
#841 = B_SPLINE_CURVE_WITH_KNOTS ( 'NONE', 3,
 ( #1319, #2593, #2377, #210 ),
 .UNSPECIFIED., .F., .F.,
 ( 4, 4 ),
 ( 0.000000000000000000, 0.001532164236758097858 ),
 .UNSPECIFIED. ) ;
#842 = CONICAL_SURFACE ( 'NONE', #1922, 9.000000000000001776, 0.7853981633974473908 ) ;
#843 = CARTESIAN_POINT ( 'NONE',  ( 49.99999999999997868, 5.999999999999985789, 59.99999999999999289 ) ) ;
#844 = ORIENTED_EDGE ( 'NONE', *, *, #2653, .F. ) ;
#845 = EDGE_CURVE ( 'NONE', #835, #2070, #1074, .T. ) ;
#846 = DIRECTION ( 'NONE',  ( 0.000000000000000000, 0.000000000000000000, 1.000000000000000000 ) ) ;
#847 = AXIS2_PLACEMENT_3D ( 'NONE', #2233, #84, #1155 ) ;
#848 = ORIENTED_EDGE ( 'NONE', *, *, #2230, .T. ) ;
#849 = FACE_OUTER_BOUND ( 'NONE', #2640, .T. ) ;
#850 = EDGE_CURVE ( 'NONE', #327, #2264, #1486, .T. ) ;
#851 = CC_DESIGN_APPROVAL ( #351, ( #1157 ) ) ;
#852 = PERSON_AND_ORGANIZATION_ROLE ( 'classification_officer' ) ;
#853 = VERTEX_POINT ( 'NONE', #3257 ) ;
#854 = LINE ( 'NONE', #1603, #1584 ) ;
#855 = CARTESIAN_POINT ( 'NONE',  ( 11.66328970827721179, 112.2000000000000597, 13.04674952548874778 ) ) ;
#856 = CIRCLE ( 'NONE', #1422, 18.50000000000000000 ) ;
#857 = EDGE_CURVE ( 'NONE', #3114, #1773, #406, .T. ) ;
#858 = CIRCLE ( 'NONE', #3387, 2.099999999999818900 ) ;
#859 = LINE ( 'NONE', #50, #607 ) ;
#860 = ORIENTED_EDGE ( 'NONE', *, *, #3059, .T. ) ;
#861 = CARTESIAN_POINT ( 'NONE',  ( -11.66328970827735922, 104.2000000000000739, 13.04674952548880285 ) ) ;
#862 = CARTESIAN_POINT ( 'NONE',  ( 3.411622836087721934E-15, -4.999999999999992895, -59.00000000000000711 ) ) ;
#863 = ORIENTED_EDGE ( 'NONE', *, *, #3078, .F. ) ;
#864 = CARTESIAN_POINT ( 'NONE',  ( -49.99999999999999289, 1.999999999999986233, 54.25000000000000000 ) ) ;
#865 = ORIENTED_EDGE ( 'NONE', *, *, #2295, .T. ) ;
#866 = CARTESIAN_POINT ( 'NONE',  ( 1.301042606983280586E-15, 128.0000000000000000, -8.953889390390729041E-13 ) ) ;
#867 = CIRCLE ( 'NONE', #1439, 3.499999999999817479 ) ;
#868 = EDGE_CURVE ( 'NONE', #3245, #1679, #858, .T. ) ;
#869 = ORIENTED_EDGE ( 'NONE', *, *, #312, .F. ) ;
#870 = DIRECTION ( 'NONE',  ( -0.000000000000000000, -1.000000000000000000, -0.000000000000000000 ) ) ;
#871 = DIRECTION ( 'NONE',  ( 0.000000000000000000, 0.000000000000000000, 1.000000000000000000 ) ) ;
#872 = CIRCLE ( 'NONE', #3462, 2.599999999999998312 ) ;
#873 = ADVANCED_FACE ( 'NONE', ( #2416 ), #1945, .F. ) ;
#874 = CC_DESIGN_APPROVAL ( #2272, ( #595 ) ) ;
#875 = DIRECTION ( 'NONE',  ( 0.000000000000000000, 0.000000000000000000, 1.000000000000000000 ) ) ;
#876 = EDGE_LOOP ( 'NONE', ( #2729, #1166 ) ) ;
#877 = DIRECTION ( 'NONE',  ( -1.143848312570467118E-29, -1.000000000000000000, 7.000000000000009616E-15 ) ) ;
#878 = DATE_AND_TIME ( #1143, #151 ) ;
#879 = LOCAL_TIME ( 10, 36, 33.00000000000000000, #2824 ) ;
#880 = FACE_BOUND ( 'NONE', #1595, .T. ) ;
#881 = ORIENTED_EDGE ( 'NONE', *, *, #3103, .F. ) ;
#882 = DIRECTION ( 'NONE',  ( -0.000000000000000000, 1.000000000000000000, -0.000000000000000000 ) ) ;
#883 = ORIENTED_EDGE ( 'NONE', *, *, #3011, .T. ) ;
#884 = FACE_OUTER_BOUND ( 'NONE', #1673, .T. ) ;
#885 = B_SPLINE_CURVE_WITH_KNOTS ( 'NONE', 3,
 ( #894, #1975, #2502, #949 ),
 .UNSPECIFIED., .F., .F.,
 ( 4, 4 ),
 ( 0.000000000000000000, 0.001532164236757958646 ),
 .UNSPECIFIED. ) ;
#886 = ORIENTED_EDGE ( 'NONE', *, *, #698, .F. ) ;
#887 = CARTESIAN_POINT ( 'NONE',  ( -11.66328970827735922, -5.000000000000516920, -10.94674952548982461 ) ) ;
#888 = VERTEX_POINT ( 'NONE', #3021 ) ;
#889 = AXIS2_PLACEMENT_3D ( 'NONE', #3308, #1233, #646 ) ;
#890 = EDGE_CURVE ( 'NONE', #3409, #2085, #1092, .T. ) ;
#891 = CARTESIAN_POINT ( 'NONE',  ( 50.00000000000000711, -4.999999999999992895, 49.99999999999998579 ) ) ;
#892 = VERTEX_POINT ( 'NONE', #2968 ) ;
#893 = AXIS2_PLACEMENT_3D ( 'NONE', #3235, #1320, #784 ) ;
#894 = CARTESIAN_POINT ( 'NONE',  ( -10.58555899813353562, 129.0000000000000853, 16.37668894181613766 ) ) ;
#895 = PERSON_AND_ORGANIZATION_ROLE ( 'creator' ) ;
#896 = ADVANCED_FACE ( 'NONE', ( #1413 ), #2172, .T. ) ;
#897 = VECTOR ( 'NONE', #1053, 1000.000000000000000 ) ;
#898 = DIRECTION ( 'NONE',  ( 0.000000000000000000, 1.000000000000000000, 0.000000000000000000 ) ) ;
#899 = DIRECTION ( 'NONE',  ( 1.143848312570467118E-29, 1.000000000000000000, -7.000000000000009616E-15 ) ) ;
#900 = ORIENTED_EDGE ( 'NONE', *, *, #1677, .F. ) ;
#901 = CIRCLE ( 'NONE', #1353, 32.50000000000000000 ) ;
#902 = CIRCLE ( 'NONE', #65, 18.50000000000000000 ) ;
#903 = CARTESIAN_POINT ( 'NONE',  ( -11.66328970827735922, 112.2000000000000739, 16.54674952548856126 ) ) ;
#904 = ORIENTED_EDGE ( 'NONE', *, *, #1572, .T. ) ;
#905 = DIRECTION ( 'NONE',  ( 0.000000000000000000, 0.000000000000000000, -1.000000000000000000 ) ) ;
#906 = CIRCLE ( 'NONE', #1361, 9.000000000000001776 ) ;
#907 = CIRCLE ( 'NONE', #966, 3.499999999999817479 ) ;
#908 = PLANE ( 'NONE',  #971 ) ;
#909 = ORIENTED_EDGE ( 'NONE', *, *, #77, .T. ) ;
#910 = CYLINDRICAL_SURFACE ( 'NONE', #2090, 32.50000000000000000 ) ;
#911 = FACE_BOUND ( 'NONE', #1818, .T. ) ;
#912 = CIRCLE ( 'NONE', #2608, 4.249999999999996447 ) ;
#913 = ORIENTED_EDGE ( 'NONE', *, *, #1354, .F. ) ;
#914 = EDGE_CURVE ( 'NONE', #2614, #2335, #597, .T. ) ;
#915 = CYLINDRICAL_SURFACE ( 'NONE', #2367, 4.249999999999996447 ) ;
#916 = APPROVAL_DATE_TIME ( #379, #37 ) ;
#917 = AXIS2_PLACEMENT_3D ( 'NONE', #1840, #1593, #3452 ) ;
#918 = DIRECTION ( 'NONE',  ( -0.000000000000000000, 1.000000000000000000, -0.000000000000000000 ) ) ;
#919 = CC_DESIGN_PERSON_AND_ORGANIZATION_ASSIGNMENT ( #123, #89, ( #2303 ) ) ;
#920 = EDGE_CURVE ( 'NONE', #2335, #343, #1575, .T. ) ;
#921 = CARTESIAN_POINT ( 'NONE',  ( -50.00000000000000711, 6.999999999999986677, 59.99999999999998579 ) ) ;
#922 = ORIENTED_EDGE ( 'NONE', *, *, #2067, .F. ) ;
#923 = CARTESIAN_POINT ( 'NONE',  ( -7.499999999999992895, -2.000000000000001776, -31.62277660168379967 ) ) ;
#924 = EDGE_CURVE ( 'NONE', #2734, #261, #1682, .T. ) ;
#925 = ORIENTED_EDGE ( 'NONE', *, *, #3432, .F. ) ;
#926 = CARTESIAN_POINT ( 'NONE',  ( 1.301042606983153579E-15, 116.8999999999999773, -8.176889390390725385E-13 ) ) ;
#927 = CARTESIAN_POINT ( 'NONE',  ( -11.66328970827735922, 94.30050506338884020, 9.546749525489055088 ) ) ;
#928 = ORIENTED_EDGE ( 'NONE', *, *, #482, .T. ) ;
#929 = CARTESIAN_POINT ( 'NONE',  ( 0.000000000000000000, 113.9999999999999858, 0.000000000000000000 ) ) ;
#930 = DIRECTION ( 'NONE',  ( -0.000000000000000000, 1.000000000000000000, -0.000000000000000000 ) ) ;
#931 = ORIENTED_EDGE ( 'NONE', *, *, #2124, .F. ) ;
#932 = VECTOR ( 'NONE', #1949, 1000.000000000000000 ) ;
#933 = LINE ( 'NONE', #1214, #2598 ) ;
#934 = APPROVAL_DATE_TIME ( #627, #2272 ) ;
#935 = AXIS2_PLACEMENT_3D ( 'NONE', #3142, #3367, #2887 ) ;
#936 = CARTESIAN_POINT ( 'NONE',  ( 58.99999999999999289, -4.999999999999992895, 6.823245672175441501E-15 ) ) ;
#937 = FACE_BOUND ( 'NONE', #1649, .T. ) ;
#938 = EDGE_LOOP ( 'NONE', ( #3046, #3008, #1826, #1364, #2506, #2591 ) ) ;
#939 = ADVANCED_FACE ( 'NONE', ( #317, #2757, #282, #1625, #823 ), #2705, .F. ) ;
#940 = CARTESIAN_POINT ( 'NONE',  ( 11.66328970827721179, 129.0000000000000853, 16.54674952548844757 ) ) ;
#941 = EDGE_LOOP ( 'NONE', ( #1147, #2835, #3269, #1788 ) ) ;
#942 = DIRECTION ( 'NONE',  ( 0.000000000000000000, 0.000000000000000000, 1.000000000000000000 ) ) ;
#943 = EDGE_CURVE ( 'NONE', #484, #3109, #105, .T. ) ;
#944 = CARTESIAN_POINT ( 'NONE',  ( -7.499999999999992895, -4.999999999999992895, -59.00000000000000711 ) ) ;
#945 = ORIENTED_EDGE ( 'NONE', *, *, #2491, .T. ) ;
#946 = CARTESIAN_POINT ( 'NONE',  ( 11.66328970827721179, 104.2000000000000597, 10.94674952548898439 ) ) ;
#947 = FACE_OUTER_BOUND ( 'NONE', #2679, .T. ) ;
#948 = ORIENTED_EDGE ( 'NONE', *, *, #802, .T. ) ;
#949 = CARTESIAN_POINT ( 'NONE',  ( -9.555700305556129592, 128.0000000000001137, 15.84104136950491259 ) ) ;
#950 = SECURITY_CLASSIFICATION_LEVEL ( 'unclassified' ) ;
#951 = CARTESIAN_POINT ( 'NONE',  ( -49.99999999999999289, 6.999999999999986677, 50.00000000000000000 ) ) ;
#952 = CARTESIAN_POINT ( 'NONE',  ( -49.99999999999999289, 1.999999999999986233, 50.00000000000000000 ) ) ;
#953 = ORIENTED_EDGE ( 'NONE', *, *, #2318, .F. ) ;
#954 = CIRCLE ( 'NONE', #1578, 18.50000000000000000 ) ;
#955 = DIRECTION ( 'NONE',  ( 1.143848312570467118E-29, 1.000000000000000000, -7.000000000000009616E-15 ) ) ;
#956 = CIRCLE ( 'NONE', #2934, 2.599999999999998312 ) ;
#957 = EDGE_LOOP ( 'NONE', ( #2886, #1735, #1962, #3084 ) ) ;
#958 = EDGE_CURVE ( 'NONE', #2750, #3258, #2586, .T. ) ;
#959 = FACE_OUTER_BOUND ( 'NONE', #1671, .T. ) ;
#960 = AXIS2_PLACEMENT_3D ( 'NONE', #2520, #3067, #362 ) ;
#961 = CARTESIAN_POINT ( 'NONE',  ( -50.00000000000000711, 6.999999999999986677, 58.99999999999999289 ) ) ;
#962 = VERTEX_POINT ( 'NONE', #3276 ) ;
#963 = AXIS2_PLACEMENT_3D ( 'NONE', #3395, #1538, #2927 ) ;
#964 = ADVANCED_FACE ( 'NONE', ( #788 ), #1878, .T. ) ;
#965 = DIRECTION ( 'NONE',  ( 0.000000000000000000, 6.751356230828655000E-15, 1.000000000000000000 ) ) ;
#966 = AXIS2_PLACEMENT_3D ( 'NONE', #2300, #3095, #3316 ) ;
#967 = DIRECTION ( 'NONE',  ( 0.000000000000000000, 7.930164461608679325E-15, 1.000000000000000000 ) ) ;
#968 = VERTEX_POINT ( 'NONE', #2239 ) ;
#969 = DIRECTION ( 'NONE',  ( 0.000000000000000000, 1.000000000000000000, 0.000000000000000000 ) ) ;
#970 = UNCERTAINTY_MEASURE_WITH_UNIT (LENGTH_MEASURE( 1.000000000000000082E-05 ), #3190, 'distance_accuracy_value', 'NONE');
#971 = AXIS2_PLACEMENT_3D ( 'NONE', #1724, #2639, #3143 ) ;
#972 = DIRECTION ( 'NONE',  ( 0.000000000000000000, 0.000000000000000000, 1.000000000000000000 ) ) ;
#973 = DIRECTION ( 'NONE',  ( 1.143848312570467118E-29, 1.000000000000000000, -7.000000000000009616E-15 ) ) ;
#974 = ORIENTED_EDGE ( 'NONE', *, *, #184, .F. ) ;
#975 = CARTESIAN_POINT ( 'NONE',  ( -11.66328970827735922, -5.000000000000365041, 13.04674952548956846 ) ) ;
#976 = EDGE_LOOP ( 'NONE', ( #1887, #3446, #2840, #2605 ) ) ;
#977 = CYLINDRICAL_SURFACE ( 'NONE', #2010, 3.499999999999819256 ) ;
#978 = CARTESIAN_POINT ( 'NONE',  ( -50.00000000000000711, -4.999999999999992895, -52.60000000000000142 ) ) ;
#979 = ORIENTED_EDGE ( 'NONE', *, *, #3034, .F. ) ;
#980 = DIRECTION ( 'NONE',  ( 0.000000000000000000, 0.000000000000000000, 1.000000000000000000 ) ) ;
#981 = EDGE_CURVE ( 'NONE', #2650, #1445, #1056, .T. ) ;
#982 = CARTESIAN_POINT ( 'NONE',  ( 11.66328970827721179, 116.9000000000000625, 13.04674952548871403 ) ) ;
#983 = VERTEX_POINT ( 'NONE', #1448 ) ;
#984 = CARTESIAN_POINT ( 'NONE',  ( -50.00000000000000000, 6.999999999999986677, -60.00000000000001421 ) ) ;
#985 = EDGE_CURVE ( 'NONE', #2734, #1011, #1965, .T. ) ;
#986 = AXIS2_PLACEMENT_3D ( 'NONE', #1263, #1046, #548 ) ;
#987 = DIRECTION ( 'NONE',  ( 0.000000000000000000, 6.966212383843871108E-15, 1.000000000000000000 ) ) ;
#988 = FACE_BOUND ( 'NONE', #2302, .T. ) ;
#989 = VERTEX_POINT ( 'NONE', #3360 ) ;
#990 = AXIS2_PLACEMENT_3D ( 'NONE', #202, #1549, #2620 ) ;
#991 = DIRECTION ( 'NONE',  ( -1.143848312570467118E-29, -1.000000000000000000, 7.000000000000009616E-15 ) ) ;
#992 = LOCAL_TIME ( 10, 36, 33.00000000000000000, #2691 ) ;
#993 = EDGE_LOOP ( 'NONE', ( #848, #1102 ) ) ;
#994 = DIRECTION ( 'NONE',  ( 0.000000000000000000, 0.000000000000000000, 1.000000000000000000 ) ) ;
#995 = DIRECTION ( 'NONE',  ( 0.000000000000000000, 6.751356230828655000E-15, 1.000000000000000000 ) ) ;
#996 = EDGE_LOOP ( 'NONE', ( #1637, #1910, #7, #1513, #928, #580, #588, #2921 ) ) ;
#997 = DIRECTION ( 'NONE',  ( 0.000000000000000000, 1.000000000000000000, -8.326672684688674053E-15 ) ) ;
#998 = CARTESIAN_POINT ( 'NONE',  ( 1.301042606983280586E-15, 127.9999999999999147, -8.953889390390722983E-13 ) ) ;
#999 = ORIENTED_EDGE ( 'NONE', *, *, #3034, .T. ) ;
#1000 = DIRECTION ( 'NONE',  ( -1.143848312570467118E-29, -1.000000000000000000, 7.000000000000009616E-15 ) ) ;
#1001 = EDGE_CURVE ( 'NONE', #3460, #76, #158, .T. ) ;
#1002 = DIRECTION ( 'NONE',  ( 1.143848312570467118E-29, 1.000000000000000000, -7.000000000000009616E-15 ) ) ;
#1003 = CARTESIAN_POINT ( 'NONE',  ( 1.301042606983280586E-15, 128.0000000000000000, -8.953889390390729041E-13 ) ) ;
#1004 = EDGE_LOOP ( 'NONE', ( #3222, #1937, #1367, #270 ) ) ;
#1005 = EDGE_CURVE ( 'NONE', #2871, #2136, #437, .T. ) ;
#1006 = DIRECTION ( 'NONE',  ( -5.782411586589358625E-17, 0.000000000000000000, 1.000000000000000000 ) ) ;
#1007 = ORIENTED_EDGE ( 'NONE', *, *, #1828, .T. ) ;
#1008 = AXIS2_PLACEMENT_3D ( 'NONE', #521, #2964, #1051 ) ;
#1009 = DIRECTION ( 'NONE',  ( 0.000000000000000000, 0.000000000000000000, -1.000000000000000000 ) ) ;
#1010 = FACE_BOUND ( 'NONE', #1895, .T. ) ;
#1011 = VERTEX_POINT ( 'NONE', #3290 ) ;
#1012 = LINE ( 'NONE', #2569, #3127 ) ;
#1013 = CIRCLE ( 'NONE', #2768, 2.599999999999998312 ) ;
#1014 = VECTOR ( 'NONE', #3170, 1000.000000000000000 ) ;
#1015 = DIRECTION ( 'NONE',  ( 1.000000000000000000, -1.143848312570467118E-29, 9.524450499707741029E-44 ) ) ;
#1016 = VERTEX_POINT ( 'NONE', #1961 ) ;
#1017 = DIRECTION ( 'NONE',  ( -0.000000000000000000, 1.000000000000000000, -0.000000000000000000 ) ) ;
#1018 = DIRECTION ( 'NONE',  ( 0.000000000000000000, 0.000000000000000000, 1.000000000000000000 ) ) ;
#1019 = B_SPLINE_CURVE_WITH_KNOTS ( 'NONE', 3,
 ( #3202, #838, #2203, #1926 ),
 .UNSPECIFIED., .F., .F.,
 ( 4, 4 ),
 ( 0.000000000000000000, 0.001532164236757979680 ),
 .UNSPECIFIED. ) ;
#1020 = CARTESIAN_POINT ( 'NONE',  ( 37.00422475038872960, 125.6708134506064312, -10.00000000000188294 ) ) ;
#1021 = ADVANCED_FACE ( 'NONE', ( #1487 ), #1344, .T. ) ;
#1022 = ADVANCED_FACE ( 'NONE', ( #90, #880 ), #2558, .T. ) ;
#1023 = CYLINDRICAL_SURFACE ( 'NONE', #1710, 12.69999999999999929 ) ;
#1024 = AXIS2_PLACEMENT_3D ( 'NONE', #253, #723, #218 ) ;
#1025 = ORIENTED_EDGE ( 'NONE', *, *, #3192, .F. ) ;
#1026 = PERSON_AND_ORGANIZATION ( #1178, #2513 ) ;
#1027 = CYLINDRICAL_SURFACE ( 'NONE', #1131, 2.099999999999817124 ) ;
#1028 = VECTOR ( 'NONE', #3158, 1000.000000000000000 ) ;
#1029 = EDGE_CURVE ( 'NONE', #2422, #839, #2080, .T. ) ;
#1030 = PLANE ( 'NONE',  #738 ) ;
#1031 = ORIENTED_EDGE ( 'NONE', *, *, #1718, .T. ) ;
#1032 = CARTESIAN_POINT ( 'NONE',  ( 15.09272046571949843, 129.0000000000000568, 12.34746082980740667 ) ) ;
#1033 = CARTESIAN_POINT ( 'NONE',  ( -50.00000000000000711, 6.999999999999986677, -50.00000000000000000 ) ) ;
#1034 = ORIENTED_EDGE ( 'NONE', *, *, #1460, .F. ) ;
#1035 = DIRECTION ( 'NONE',  ( 1.143848312570466978E-29, 1.000000000000000000, -7.000000000000008827E-15 ) ) ;
#1036 = DIRECTION ( 'NONE',  ( -0.000000000000000000, 1.000000000000000000, -0.000000000000000000 ) ) ;
#1037 = ORIENTED_EDGE ( 'NONE', *, *, #1043, .T. ) ;
#1038 = CARTESIAN_POINT ( 'NONE',  ( 11.66328970827721179, 94.30050506338869809, -13.04674952549033939 ) ) ;
#1039 = AXIS2_PLACEMENT_3D ( 'NONE', #2588, #997, #1779 ) ;
#1040 = DIRECTION ( 'NONE',  ( 0.000000000000000000, 7.116814260417684290E-15, 1.000000000000000000 ) ) ;
#1041 = ORIENTED_EDGE ( 'NONE', *, *, #272, .T. ) ;
#1042 = CARTESIAN_POINT ( 'NONE',  ( 0.000000000000000000, 0.000000000000000000, 0.000000000000000000 ) ) ;
#1043 = EDGE_CURVE ( 'NONE', #2148, #1186, #717, .T. ) ;
#1044 = FACE_OUTER_BOUND ( 'NONE', #188, .T. ) ;
#1045 = ORIENTED_EDGE ( 'NONE', *, *, #374, .F. ) ;
#1046 = DIRECTION ( 'NONE',  ( 1.143848312570467118E-29, 1.000000000000000000, -7.000000000000009616E-15 ) ) ;
#1047 = ADVANCED_FACE ( 'NONE', ( #2292 ), #2543, .T. ) ;
#1048 = PLANE ( 'NONE',  #612 ) ;
#1049 = ORIENTED_EDGE ( 'NONE', *, *, #1305, .T. ) ;
#1050 = CARTESIAN_POINT ( 'NONE',  ( 50.00000000000000711, 6.999999999999986677, 49.99999999999998579 ) ) ;
#1051 = DIRECTION ( 'NONE',  ( -1.000000000000000000, 0.000000000000000000, -5.782411586589358625E-17 ) ) ;
#1052 = ORIENTED_EDGE ( 'NONE', *, *, #438, .F. ) ;
#1053 = DIRECTION ( 'NONE',  ( 1.143848312570466978E-29, 1.000000000000000000, -7.000000000000009616E-15 ) ) ;
#1054 = CARTESIAN_POINT ( 'NONE',  ( -59.00000000000000711, -4.999999999999992895, -3.411622836087721934E-15 ) ) ;
#1055 = ORIENTED_EDGE ( 'NONE', *, *, #1005, .T. ) ;
#1056 = CIRCLE ( 'NONE', #52, 32.50000000000000000 ) ;
#1057 = CARTESIAN_POINT ( 'NONE',  ( -7.632783294310551533E-14, 112.1999999999999602, -8.577796894824549910E-13 ) ) ;
#1058 = CIRCLE ( 'NONE', #2361, 2.099999999999818900 ) ;
#1059 = ADVANCED_FACE ( 'NONE', ( #613 ), #2870, .F. ) ;
#1060 = ORIENTED_EDGE ( 'NONE', *, *, #542, .F. ) ;
#1061 = CYLINDRICAL_SURFACE ( 'NONE', #1497, 3.499999999999815703 ) ;
#1062 = AXIS2_PLACEMENT_3D ( 'NONE', #631, #91, #1218 ) ;
#1063 = EDGE_CURVE ( 'NONE', #2173, #892, #1627, .T. ) ;
#1064 = FACE_OUTER_BOUND ( 'NONE', #2008, .T. ) ;
#1065 = VERTEX_POINT ( 'NONE', #684 ) ;
#1066 = CIRCLE ( 'NONE', #960, 10.00000000000000178 ) ;
#1067 = LINE ( 'NONE', #1886, #339 ) ;
#1068 = ORIENTED_EDGE ( 'NONE', *, *, #2360, .T. ) ;
#1069 = AXIS2_PLACEMENT_3D ( 'NONE', #1698, #2774, #1429 ) ;
#1070 = DIRECTION ( 'NONE',  ( -0.000000000000000000, -1.000000000000000000, -0.000000000000000000 ) ) ;
#1071 = ORIENTED_EDGE ( 'NONE', *, *, #2217, .T. ) ;
#1072 = CARTESIAN_POINT ( 'NONE',  ( -15.01128486040835064, 128.6840851045340059, -11.94808676394759850 ) ) ;
#1073 = CIRCLE ( 'NONE', #1534, 32.50000000000000000 ) ;
#1074 = LINE ( 'NONE', #333, #742 ) ;
#1075 = PLANE ( 'NONE',  #2818 ) ;
#1076 = ORIENTED_EDGE ( 'NONE', *, *, #1333, .T. ) ;
#1077 = CC_DESIGN_APPROVAL ( #609, ( #3215 ) ) ;
#1078 = AXIS2_PLACEMENT_3D ( 'NONE', #3278, #1110, #2225 ) ;
#1079 = DIRECTION ( 'NONE',  ( -0.000000000000000000, 1.000000000000000000, -0.000000000000000000 ) ) ;
#1080 = ORIENTED_EDGE ( 'NONE', *, *, #2561, .F. ) ;
#1081 = CARTESIAN_POINT ( 'NONE',  ( -60.00000000000000711, -3.999999999999992450, 49.99999999999998579 ) ) ;
#1082 = CIRCLE ( 'NONE', #297, 2.599999999999998312 ) ;
#1083 = DIRECTION ( 'NONE',  ( 0.000000000000000000, -1.000000000000000000, 0.000000000000000000 ) ) ;
#1084 = ORIENTED_EDGE ( 'NONE', *, *, #1063, .F. ) ;
#1085 = DIRECTION ( 'NONE',  ( -0.000000000000000000, 1.000000000000000000, -0.000000000000000000 ) ) ;
#1086 = DIRECTION ( 'NONE',  ( 1.143848312570467118E-29, 1.000000000000000000, -7.000000000000009616E-15 ) ) ;
#1087 = ADVANCED_FACE ( 'NONE', ( #1771 ), #1181, .F. ) ;
#1088 = FACE_OUTER_BOUND ( 'NONE', #1667, .T. ) ;
#1089 = ORIENTED_EDGE ( 'NONE', *, *, #2516, .T. ) ;
#1090 = DIRECTION ( 'NONE',  ( -5.782411586589358625E-17, 0.000000000000000000, 1.000000000000000000 ) ) ;
#1091 = EDGE_CURVE ( 'NONE', #1304, #1469, #1518, .T. ) ;
#1092 = LINE ( 'NONE', #808, #797 ) ;
#1093 = ORIENTED_EDGE ( 'NONE', *, *, #81, .F. ) ;
#1094 = CARTESIAN_POINT ( 'NONE',  ( 31.80000000000000071, 113.9999999999998863, -10.00000000000079758 ) ) ;
#1095 = ORIENTED_EDGE ( 'NONE', *, *, #1628, .F. ) ;
#1096 = CARTESIAN_POINT ( 'NONE',  ( 1.301042606983280586E-15, 128.0000000000000000, -8.953889390390729041E-13 ) ) ;
#1097 = CALENDAR_DATE ( 2026, 19, 9 ) ;
#1098 = DIRECTION ( 'NONE',  ( 0.000000000000000000, 0.000000000000000000, 1.000000000000000000 ) ) ;
#1099 = EDGE_LOOP ( 'NONE', ( #2029, #582, #3126, #1499, #2532, #2623, #2984 ) ) ;
#1100 = CARTESIAN_POINT ( 'NONE',  ( 29.60000000000000142, 121.1000000000000227, 4.749999999999154454 ) ) ;
#1101 = CC_DESIGN_APPROVAL ( #3411, ( #1507 ) ) ;
#1102 = ORIENTED_EDGE ( 'NONE', *, *, #1460, .T. ) ;
#1103 = LINE ( 'NONE', #1121, #1232 ) ;
#1104 = EDGE_LOOP ( 'NONE', ( #1310, #1339 ) ) ;
#1105 = EDGE_CURVE ( 'NONE', #1773, #3114, #3307, .T. ) ;
#1106 = DIRECTION ( 'NONE',  ( -0.6664736976156840909, -5.218699810195773398E-15, -0.7455285443136819845 ) ) ;
#1107 = DIRECTION ( 'NONE',  ( 0.000000000000000000, 8.326672684688674053E-15, 1.000000000000000000 ) ) ;
#1108 = ADVANCED_FACE ( 'NONE', ( #2776 ), #349, .F. ) ;
#1109 = ORIENTED_EDGE ( 'NONE', *, *, #736, .F. ) ;
#1110 = DIRECTION ( 'NONE',  ( 0.000000000000000000, -1.000000000000000000, 0.000000000000000000 ) ) ;
#1111 = EDGE_CURVE ( 'NONE', #458, #1606, #2275, .T. ) ;
#1112 = ORIENTED_EDGE ( 'NONE', *, *, #211, .F. ) ;
#1113 = DIRECTION ( 'NONE',  ( -0.7071067811865474617, -0.7071067811865474617, 0.000000000000000000 ) ) ;
#1114 = CIRCLE ( 'NONE', #2645, 2.099999999999817124 ) ;
#1115 = COORDINATED_UNIVERSAL_TIME_OFFSET ( 0, 0, .AHEAD. ) ;
#1116 = CARTESIAN_POINT ( 'NONE',  ( 31.80000000000000071, 121.1000000000000227, 4.749999999999154454 ) ) ;
#1117 = ORIENTED_EDGE ( 'NONE', *, *, #20, .T. ) ;
#1118 = DIRECTION ( 'NONE',  ( 8.171028742598944431E-30, 0.7071067811865574537, 0.7071067811865376918 ) ) ;
#1119 = DIRECTION ( 'NONE',  ( 0.000000000000000000, 0.000000000000000000, 1.000000000000000000 ) ) ;
#1120 = VECTOR ( 'NONE', #1370, 1000.000000000000000 ) ;
#1121 = CARTESIAN_POINT ( 'NONE',  ( 14.67537912918862553, 122.9500000000000597, 11.26424642018078082 ) ) ;
#1122 = ORIENTED_EDGE ( 'NONE', *, *, #352, .F. ) ;
#1123 = DIRECTION ( 'NONE',  ( 6.217248937900876626E-15, 0.000000000000000000, 1.000000000000000000 ) ) ;
#1124 = CIRCLE ( 'NONE', #2313, 12.69999999999999929 ) ;
#1125 = DIRECTION ( 'NONE',  ( -1.143848312570467118E-29, -1.000000000000000000, 7.000000000000009616E-15 ) ) ;
#1126 = AXIS2_PLACEMENT_3D ( 'NONE', #3199, #2751, #323 ) ;
#1127 = ORIENTED_EDGE ( 'NONE', *, *, #1305, .F. ) ;
#1128 = CC_DESIGN_PERSON_AND_ORGANIZATION_ASSIGNMENT ( #363, #1447, ( #595 ) ) ;
#1129 = ADVANCED_FACE ( 'NONE', ( #2052 ), #1854, .T. ) ;
#1130 = DIRECTION ( 'NONE',  ( 1.000000000000000000, -1.143848312570467118E-29, 9.524450499707741029E-44 ) ) ;
#1131 = AXIS2_PLACEMENT_3D ( 'NONE', #1244, #170, #115 ) ;
#1132 = ORIENTED_EDGE ( 'NONE', *, *, #958, .F. ) ;
#1133 = CYLINDRICAL_SURFACE ( 'NONE', #2570, 10.00000000000000178 ) ;
#1134 = ADVANCED_FACE ( 'NONE', ( #2068 ), #3431, .F. ) ;
#1135 = APPROVAL_ROLE ( '' ) ;
#1136 = ORIENTED_EDGE ( 'NONE', *, *, #401, .T. ) ;
#1137 = DIRECTION ( 'NONE',  ( 1.000000000000000000, 0.000000000000000000, 5.782411586589358625E-17 ) ) ;
#1138 = EDGE_LOOP ( 'NONE', ( #1084, #1335 ) ) ;
#1139 = AXIS2_PLACEMENT_3D ( 'NONE', #2795, #3348, #2508 ) ;
#1140 = CARTESIAN_POINT ( 'NONE',  ( -14.67537912918871434, 116.9000000000000483, 11.26424642018070443 ) ) ;
#1141 = EDGE_LOOP ( 'NONE', ( #2859, #1792, #2989, #2279 ) ) ;
#1142 = PLANE ( 'NONE',  #2536 ) ;
#1143 = CALENDAR_DATE ( 2026, 19, 9 ) ;
#1144 = CARTESIAN_POINT ( 'NONE',  ( -10.58555899813349122, 128.9999999999998579, -16.37668894181807744 ) ) ;
#1145 = VERTEX_POINT ( 'NONE', #1589 ) ;
#1146 = CARTESIAN_POINT ( 'NONE',  ( 38.72983346207465161, 123.9999999999998863, 9.999999999998129496 ) ) ;
#1147 = ORIENTED_EDGE ( 'NONE', *, *, #1105, .F. ) ;
#1148 = EDGE_CURVE ( 'NONE', #2264, #3245, #700, .T. ) ;
#1149 = DIRECTION ( 'NONE',  ( -0.000000000000000000, 1.000000000000000000, -0.000000000000000000 ) ) ;
#1150 = CIRCLE ( 'NONE', #2062, 40.00000000000000000 ) ;
#1151 = PERSON_AND_ORGANIZATION_ROLE ( 'design_supplier' ) ;
#1152 = ORIENTED_EDGE ( 'NONE', *, *, #2022, .F. ) ;
#1153 = ADVANCED_FACE ( 'NONE', ( #1837 ), #161, .T. ) ;
#1154 = DIRECTION ( 'NONE',  ( 0.000000000000000000, 7.137148015447457667E-15, 1.000000000000000000 ) ) ;
#1155 = DIRECTION ( 'NONE',  ( 0.000000000000000000, 0.000000000000000000, 1.000000000000000000 ) ) ;
#1156 = VECTOR ( 'NONE', #2565, 1000.000000000000000 ) ;
#1157 = SECURITY_CLASSIFICATION ( '', '', #1899 ) ;
#1158 = DIRECTION ( 'NONE',  ( 0.000000000000000000, 1.000000000000000000, 0.000000000000000000 ) ) ;
#1159 = ORIENTED_EDGE ( 'NONE', *, *, #807, .F. ) ;
#1160 = LINE ( 'NONE', #643, #2315 ) ;
#1161 = COORDINATED_UNIVERSAL_TIME_OFFSET ( 0, 0, .AHEAD. ) ;
#1162 = DIRECTION ( 'NONE',  ( 1.143848312570467118E-29, 1.000000000000000000, -7.000000000000009616E-15 ) ) ;
#1163 = DIRECTION ( 'NONE',  ( 0.000000000000000000, 7.930164461608679325E-15, 1.000000000000000000 ) ) ;
#1164 = ORIENTED_EDGE ( 'NONE', *, *, #845, .T. ) ;
#1165 = CYLINDRICAL_SURFACE ( 'NONE', #1426, 2.099999999999818900 ) ;
#1166 = ORIENTED_EDGE ( 'NONE', *, *, #1530, .F. ) ;
#1167 = DIRECTION ( 'NONE',  ( -0.000000000000000000, 1.000000000000000000, -0.000000000000000000 ) ) ;
#1168 = EDGE_CURVE ( 'NONE', #3453, #1581, #1541, .T. ) ;
#1169 = EDGE_LOOP ( 'NONE', ( #1034, #2376, #335, #2822 ) ) ;
#1170 = DIRECTION ( 'NONE',  ( 1.143848312570466978E-29, 1.000000000000000000, -7.000000000000008827E-15 ) ) ;
#1171 = AXIS2_PLACEMENT_3D ( 'NONE', #3069, #1467, #1502 ) ;
#1172 = EDGE_CURVE ( 'NONE', #116, #1623, #1288, .T. ) ;
#1173 = DIRECTION ( 'NONE',  ( 0.000000000000000000, -0.000000000000000000, 1.000000000000000000 ) ) ;
#1174 = ORIENTED_EDGE ( 'NONE', *, *, #2213, .F. ) ;
#1175 = AXIS2_PLACEMENT_3D ( 'NONE', #2537, #1158, #2270 ) ;
#1176 = LINE ( 'NONE', #1713, #60 ) ;
#1177 = CALENDAR_DATE ( 2026, 19, 9 ) ;
#1178 = PERSON ( '未', '未', '未', ('未'), ('未'), ('未') ) ;
#1179 = CIRCLE ( 'NONE', #1062, 9.000000000000001776 ) ;
#1180 = ADVANCED_FACE ( 'NONE', ( #2331 ), #2633, .F. ) ;
#1181 = CYLINDRICAL_SURFACE ( 'NONE', #3035, 2.099999999999818900 ) ;
#1182 = DIRECTION ( 'NONE',  ( -0.7071067811865475727, -0.7071067811865475727, -8.177564888977997868E-17 ) ) ;
#1183 = EDGE_LOOP ( 'NONE', ( #1619, #1473, #2349, #2944, #1547, #2012, #3017 ) ) ;
#1184 = CIRCLE ( 'NONE', #114, 1.350000000000004086 ) ;
#1185 = DIRECTION ( 'NONE',  ( 0.000000000000000000, 7.021499783716259281E-15, 1.000000000000000000 ) ) ;
#1186 = VERTEX_POINT ( 'NONE', #750 ) ;
#1187 = CYLINDRICAL_SURFACE ( 'NONE', #1670, 2.599999999999998312 ) ;
#1188 = CIRCLE ( 'NONE', #1416, 2.099999999999818900 ) ;
#1189 = LINE ( 'NONE', #944, #10 ) ;
#1190 = ORIENTED_EDGE ( 'NONE', *, *, #1763, .F. ) ;
#1191 = LINE ( 'NONE', #887, #2314 ) ;
#1192 = DIRECTION ( 'NONE',  ( 0.000000000000000000, 1.000000000000000000, 0.000000000000000000 ) ) ;
#1193 = AXIS2_PLACEMENT_3D ( 'NONE', #1703, #319, #2971 ) ;
#1194 = ORIENTED_EDGE ( 'NONE', *, *, #3325, .T. ) ;
#1195 = CARTESIAN_POINT ( 'NONE',  ( 49.99999999999999289, 1.999999999999986233, -50.00000000000001421 ) ) ;
#1196 = APPROVAL_ROLE ( '' ) ;
#1197 = EDGE_CURVE ( 'NONE', #2784, #404, #2668, .T. ) ;
#1198 = AXIS2_PLACEMENT_3D ( 'NONE', #164, #955, #3125 ) ;
#1199 = DIRECTION ( 'NONE',  ( 0.000000000000000000, 7.021499783716259281E-15, 1.000000000000000000 ) ) ;
#1200 = CARTESIAN_POINT ( 'NONE',  ( 60.00000000000000000, 5.999999999999985789, -60.00000000000000711 ) ) ;
#1201 = VERTEX_POINT ( 'NONE', #1821 ) ;
#1202 = EDGE_CURVE ( 'NONE', #1623, #1380, #212, .T. ) ;
#1203 = PRODUCT_DEFINITION_SHAPE ( 'NONE', 'NONE',  #3480 ) ;
#1204 = CARTESIAN_POINT ( 'NONE',  ( 50.00000000000000711, 6.999999999999986677, 45.74999999999999289 ) ) ;
#1205 = ORIENTED_EDGE ( 'NONE', *, *, #523, .F. ) ;
#1206 = CYLINDRICAL_SURFACE ( 'NONE', #2284, 18.50000000000000000 ) ;
#1207 = LINE ( 'NONE', #2604, #2602 ) ;
#1208 = ORIENTED_EDGE ( 'NONE', *, *, #2208, .F. ) ;
#1209 = DIRECTION ( 'NONE',  ( -0.000000000000000000, -1.000000000000000000, -0.000000000000000000 ) ) ;
#1210 = VECTOR ( 'NONE', #306, 1000.000000000000000 ) ;
#1211 = LINE ( 'NONE', #2288, #2648 ) ;
#1212 = ORIENTED_EDGE ( 'NONE', *, *, #719, .T. ) ;
#1213 = AXIS2_PLACEMENT_3D ( 'NONE', #3334, #3025, #355 ) ;
#1214 = CARTESIAN_POINT ( 'NONE',  ( 49.99999999999999289, 1.999999999999986233, -45.75000000000002132 ) ) ;
#1215 = APPROVAL_ROLE ( '' ) ;
#1216 = EDGE_CURVE ( 'NONE', #765, #3060, #1114, .T. ) ;
#1217 = DIRECTION ( 'NONE',  ( 1.155557966632372481E-29, 1.000000000000000000, -6.999999999999907064E-15 ) ) ;
#1218 = DIRECTION ( 'NONE',  ( 0.000000000000000000, 0.000000000000000000, 1.000000000000000000 ) ) ;
#1219 = EDGE_LOOP ( 'NONE', ( #1420, #2847 ) ) ;
#1220 = ADVANCED_FACE ( 'NONE', ( #229, #2613, #195, #2115, #1559, #2898 ), #3186, .T. ) ;
#1221 = DIRECTION ( 'NONE',  ( 0.000000000000000000, 0.000000000000000000, 1.000000000000000000 ) ) ;
#1222 = ORIENTED_EDGE ( 'NONE', *, *, #3241, .T. ) ;
#1223 = DIRECTION ( 'NONE',  ( -1.000000000000000000, 0.000000000000000000, -5.782411586589358625E-17 ) ) ;
#1224 = EDGE_CURVE ( 'NONE', #3060, #765, #325, .T. ) ;
#1225 = CARTESIAN_POINT ( 'NONE',  ( 11.66328970827721179, 112.2000000000000455, 10.94674952548892932 ) ) ;
#1226 = ORIENTED_EDGE ( 'NONE', *, *, #352, .T. ) ;
#1227 = LINE ( 'NONE', #2908, #530 ) ;
#1228 = DIRECTION ( 'NONE',  ( 0.000000000000000000, 1.000000000000000000, 0.000000000000000000 ) ) ;
#1229 = ORIENTED_EDGE ( 'NONE', *, *, #611, .T. ) ;
#1230 = LINE ( 'NONE', #138, #1812 ) ;
#1231 = AXIS2_PLACEMENT_3D ( 'NONE', #1362, #2489, #1395 ) ;
#1232 = VECTOR ( 'NONE', #2185, 1000.000000000000000 ) ;
#1233 = DIRECTION ( 'NONE',  ( 0.000000000000000000, -1.000000000000000000, 0.000000000000000000 ) ) ;
#1234 = CARTESIAN_POINT ( 'NONE',  ( 15.09272046571947357, 128.9999999999999147, -12.34746082980923809 ) ) ;
#1235 = ORIENTED_EDGE ( 'NONE', *, *, #3015, .T. ) ;
#1236 = CIRCLE ( 'NONE', #1693, 2.599999999999998312 ) ;
#1237 = CARTESIAN_POINT ( 'NONE',  ( 11.66328970827721179, 129.0000000000000568, 13.04674952548862876 ) ) ;
#1238 = CIRCLE ( 'NONE', #1694, 1.350000000000004086 ) ;
#1239 = EDGE_LOOP ( 'NONE', ( #2072, #865 ) ) ;
#1240 = CARTESIAN_POINT ( 'NONE',  ( 50.00000000000000711, 1.999999999999986233, 54.24999999999998579 ) ) ;
#1241 = PRODUCT_DEFINITION ( '�', '', #2176, #3120 ) ;
#1242 = ADVANCED_FACE ( 'NONE', ( #470 ), #3413, .F. ) ;
#1243 = AXIS2_PLACEMENT_3D ( 'NONE', #749, #1000, #2860 ) ;
#1244 = CARTESIAN_POINT ( 'NONE',  ( -11.66328970827735922, -5.000000000000532019, -13.04674952548964129 ) ) ;
#1245 = ORIENTED_EDGE ( 'NONE', *, *, #1354, .T. ) ;
#1246 = VECTOR ( 'NONE', #194, 1000.000000000000000 ) ;
#1247 = CARTESIAN_POINT ( 'NONE',  ( 11.66328970827721179, -5.000000000000532019, -13.04674952548964129 ) ) ;
#1248 = ADVANCED_FACE ( 'NONE', ( #1253 ), #1285, .F. ) ;
#1249 = DIRECTION ( 'NONE',  ( 1.000000000000000000, 0.000000000000000000, 5.782411586589358625E-17 ) ) ;
#1250 = ORIENTED_EDGE ( 'NONE', *, *, #2907, .T. ) ;
#1251 = CARTESIAN_POINT ( 'NONE',  ( 29.60000000000000142, 121.1000000000000227, 4.749999999999154454 ) ) ;
#1252 = CIRCLE ( 'NONE', #1931, 2.599999999999998312 ) ;
#1253 = FACE_OUTER_BOUND ( 'NONE', #198, .T. ) ;
#1254 = CARTESIAN_POINT ( 'NONE',  ( 38.72983346207369237, 123.9999999999998863, -10.00000000000187050 ) ) ;
#1255 = EDGE_LOOP ( 'NONE', ( #2950, #953, #2219, #1708 ) ) ;
#1256 = AXIS2_PLACEMENT_3D ( 'NONE', #2350, #2400, #2385 ) ;
#1257 = CARTESIAN_POINT ( 'NONE',  ( -15.09272046571958903, 128.9999999999998863, -12.34746082980908533 ) ) ;
#1258 = ORIENTED_EDGE ( 'NONE', *, *, #189, .T. ) ;
#1259 = CARTESIAN_POINT ( 'NONE',  ( 7.500000000000005329, -4.999999999999993783, -59.00000000000000711 ) ) ;
#1260 = DIRECTION ( 'NONE',  ( -0.000000000000000000, 1.000000000000000000, -0.000000000000000000 ) ) ;
#1261 = EDGE_CURVE ( 'NONE', #2422, #495, #2738, .T. ) ;
#1262 = ORIENTED_EDGE ( 'NONE', *, *, #3135, .T. ) ;
#1263 = CARTESIAN_POINT ( 'NONE',  ( -7.632783294310551533E-14, 112.1999999999999602, -8.577796894824549910E-13 ) ) ;
#1264 = ADVANCED_FACE ( 'NONE', ( #803 ), #1375, .T. ) ;
#1265 = DIRECTION ( 'NONE',  ( -0.000000000000000000, 1.000000000000000000, -0.000000000000000000 ) ) ;
#1266 = VERTEX_POINT ( 'NONE', #539 ) ;
#1267 = DIRECTION ( 'NONE',  ( -1.143848312570461092E-29, -1.000000000000000000, 7.000000000000007249E-15 ) ) ;
#1268 = AXIS2_PLACEMENT_3D ( 'NONE', #1883, #1331, #496 ) ;
#1269 = DIRECTION ( 'NONE',  ( 0.000000000000000000, 6.608470384674126103E-15, 1.000000000000000000 ) ) ;
#1270 = ORIENTED_EDGE ( 'NONE', *, *, #719, .F. ) ;
#1271 = DIRECTION ( 'NONE',  ( 1.143848312570466978E-29, 1.000000000000000000, -7.000000000000009616E-15 ) ) ;
#1272 = VERTEX_POINT ( 'NONE', #1642 ) ;
#1273 = PLANE ( 'NONE',  #3005 ) ;
#1274 = EDGE_LOOP ( 'NONE', ( #1089, #421, #467, #2165, #2103, #1712, #2095 ) ) ;
#1275 = CARTESIAN_POINT ( 'NONE',  ( 0.000000000000000000, 123.9999999999998863, 0.000000000000000000 ) ) ;
#1276 = DIRECTION ( 'NONE',  ( -0.6664736976156840909, -5.218699810195773398E-15, -0.7455285443136819845 ) ) ;
#1277 = ORIENTED_EDGE ( 'NONE', *, *, #1808, .F. ) ;
#1278 = CARTESIAN_POINT ( 'NONE',  ( -50.00000000000000711, 1.999999999999986233, -50.00000000000000000 ) ) ;
#1279 = EDGE_CURVE ( 'NONE', #2614, #789, #1888, .T. ) ;
#1280 = FACE_OUTER_BOUND ( 'NONE', #976, .T. ) ;
#1281 = VERTEX_POINT ( 'NONE', #313 ) ;
#1282 = DIRECTION ( 'NONE',  ( -0.000000000000000000, 1.000000000000000000, -0.000000000000000000 ) ) ;
#1283 = CC_DESIGN_PERSON_AND_ORGANIZATION_ASSIGNMENT ( #644, #1151, ( #595 ) ) ;
#1284 = ADVANCED_FACE ( 'NONE', ( #556 ), #1605, .T. ) ;
#1285 = CYLINDRICAL_SURFACE ( 'NONE', #2134, 12.69999999999999929 ) ;
#1286 = DIRECTION ( 'NONE',  ( 0.000000000000000000, 1.000000000000000000, 0.000000000000000000 ) ) ;
#1287 = EDGE_CURVE ( 'NONE', #458, #962, #2978, .T. ) ;
#1288 = CIRCLE ( 'NONE', #3254, 10.00000000000000178 ) ;
#1289 = DIRECTION ( 'NONE',  ( 0.000000000000000000, 6.966212383843871108E-15, 1.000000000000000000 ) ) ;
#1290 = EDGE_LOOP ( 'NONE', ( #2501, #3333, #1007, #3024 ) ) ;
#1291 = AXIS2_PLACEMENT_3D ( 'NONE', #413, #1265, #2110 ) ;
#1292 = FACE_OUTER_BOUND ( 'NONE', #258, .T. ) ;
#1293 = AXIS2_PLACEMENT_3D ( 'NONE', #143, #1787, #3361 ) ;
#1294 = CARTESIAN_POINT ( 'NONE',  ( -50.00000000000000711, 1.999999999999986233, -45.75000000000000711 ) ) ;
#1295 = ORIENTED_EDGE ( 'NONE', *, *, #2006, .T. ) ;
#1296 = FACE_OUTER_BOUND ( 'NONE', #3208, .T. ) ;
#1297 = VECTOR ( 'NONE', #1360, 1000.000000000000000 ) ;
#1298 = VECTOR ( 'NONE', #3185, 1000.000000000000000 ) ;
#1299 = DIRECTION ( 'NONE',  ( 0.000000000000000000, 7.930164461608679325E-15, 1.000000000000000000 ) ) ;
#1300 = ORIENTED_EDGE ( 'NONE', *, *, #298, .F. ) ;
#1301 = CARTESIAN_POINT ( 'NONE',  ( -50.00000000000000711, -3.999999999999992450, 59.99999999999998579 ) ) ;
#1302 = CARTESIAN_POINT ( 'NONE',  ( -11.66328970827735922, 112.2000000000000597, 13.04674952548874778 ) ) ;
#1303 = CIRCLE ( 'NONE', #1871, 2.099999999999818900 ) ;
#1304 = VERTEX_POINT ( 'NONE', #592 ) ;
#1305 = EDGE_CURVE ( 'NONE', #463, #2871, #2719, .T. ) ;
#1306 = DIRECTION ( 'NONE',  ( 1.000000000000000000, -1.143848312570467258E-29, 9.524450499707741029E-44 ) ) ;
#1307 = DIRECTION ( 'NONE',  ( -0.7071067811865489050, -0.7071067811865462405, -4.088782444489006946E-17 ) ) ;
#1308 = EDGE_CURVE ( 'NONE', #2796, #224, #3016, .T. ) ;
#1309 = CIRCLE ( 'NONE', #1139, 4.249999999999996447 ) ;
#1310 = ORIENTED_EDGE ( 'NONE', *, *, #802, .F. ) ;
#1311 = APPROVAL_ROLE ( '' ) ;
#1312 = AXIS2_PLACEMENT_3D ( 'NONE', #1325, #2885, #3466 ) ;
#1313 = B_SPLINE_CURVE_WITH_KNOTS ( 'NONE', 3,
 ( #2703, #1072, #2205, #330 ),
 .UNSPECIFIED., .F., .F.,
 ( 4, 4 ),
 ( 0.000000000000000000, 0.001532164236757944551 ),
 .UNSPECIFIED. ) ;
#1314 = DIRECTION ( 'NONE',  ( 0.000000000000000000, 0.000000000000000000, 1.000000000000000000 ) ) ;
#1315 = ORIENTED_EDGE ( 'NONE', *, *, #1412, .T. ) ;
#1316 = DIRECTION ( 'NONE',  ( 4.088782444489006946E-17, -0.7071067811865462405, -0.7071067811865489050 ) ) ;
#1317 = DIRECTION ( 'NONE',  ( 1.000000000000000000, -1.143848312570467118E-29, 9.524450499707741029E-44 ) ) ;
#1318 = EDGE_LOOP ( 'NONE', ( #3044, #979 ) ) ;
#1319 = CARTESIAN_POINT ( 'NONE',  ( 10.58555899813344148, 128.9999999999998579, -16.37668894181810941 ) ) ;
#1320 = DIRECTION ( 'NONE',  ( -5.782411586589358625E-17, -0.000000000000000000, 1.000000000000000000 ) ) ;
#1321 = ORIENTED_EDGE ( 'NONE', *, *, #374, .T. ) ;
#1322 = CARTESIAN_POINT ( 'NONE',  ( -7.499999999999992895, -3.999999999999992450, -60.00000000000000711 ) ) ;
#1323 = EDGE_CURVE ( 'NONE', #1532, #2470, #1967, .T. ) ;
#1324 = VECTOR ( 'NONE', #2179, 1000.000000000000000 ) ;
#1325 = CARTESIAN_POINT ( 'NONE',  ( 1.301042606983292024E-15, 128.9999999999999716, -9.023889390390725714E-13 ) ) ;
#1326 = ORIENTED_EDGE ( 'NONE', *, *, #2646, .F. ) ;
#1327 = DIRECTION ( 'NONE',  ( 1.000000000000000000, 0.000000000000000000, 0.000000000000000000 ) ) ;
#1328 = EDGE_CURVE ( 'NONE', #3318, #2335, #859, .T. ) ;
#1329 = LINE ( 'NONE', #203, #1988 ) ;
#1330 = ORIENTED_EDGE ( 'NONE', *, *, #2451, .F. ) ;
#1331 = DIRECTION ( 'NONE',  ( 1.143848312570467118E-29, 1.000000000000000000, -7.000000000000009616E-15 ) ) ;
#1332 = CIRCLE ( 'NONE', #1892, 18.50000000000000000 ) ;
#1333 = EDGE_CURVE ( 'NONE', #474, #1342, #1103, .T. ) ;
#1334 = CARTESIAN_POINT ( 'NONE',  ( 50.00000000000000711, -4.999999999999992895, 47.39999999999999147 ) ) ;
#1335 = ORIENTED_EDGE ( 'NONE', *, *, #1828, .F. ) ;
#1336 = DIRECTION ( 'NONE',  ( 1.143848312570467118E-29, 1.000000000000000000, -7.000000000000009616E-15 ) ) ;
#1337 = ORIENTED_EDGE ( 'NONE', *, *, #2793, .F. ) ;
#1338 = CARTESIAN_POINT ( 'NONE',  ( 49.99999999999999289, 6.999999999999986677, -50.00000000000001421 ) ) ;
#1339 = ORIENTED_EDGE ( 'NONE', *, *, #2026, .F. ) ;
#1340 = DIRECTION ( 'NONE',  ( 0.000000000000000000, 0.000000000000000000, 1.000000000000000000 ) ) ;
#1341 = DIRECTION ( 'NONE',  ( 0.000000000000000000, 0.000000000000000000, 1.000000000000000000 ) ) ;
#1342 = VERTEX_POINT ( 'NONE', #263 ) ;
#1343 =( NAMED_UNIT ( * ) PLANE_ANGLE_UNIT ( ) SI_UNIT ( $, .RADIAN. ) );
#1344 = CONICAL_SURFACE ( 'NONE', #889, 9.000000000000001776, 0.7853981633974473908 ) ;
#1345 = CARTESIAN_POINT ( 'NONE',  ( 50.00000000000000000, 6.999999999999986677, -60.00000000000000711 ) ) ;
#1346 = VECTOR ( 'NONE', #2772, 1000.000000000000114 ) ;
#1347 = ORIENTED_EDGE ( 'NONE', *, *, #2166, .T. ) ;
#1348 = EDGE_CURVE ( 'NONE', #1477, #1981, #1019, .T. ) ;
#1349 = DIRECTION ( 'NONE',  ( 0.7071067811865451302, -0.7071067811865500152, 0.000000000000000000 ) ) ;
#1350 = CIRCLE ( 'NONE', #1466, 10.09999999999999964 ) ;
#1351 = DIRECTION ( 'NONE',  ( 0.000000000000000000, 0.000000000000000000, -1.000000000000000000 ) ) ;
#1352 = VERTEX_POINT ( 'NONE', #3221 ) ;
#1353 = AXIS2_PLACEMENT_3D ( 'NONE', #2450, #805, #1123 ) ;
#1354 = EDGE_CURVE ( 'NONE', #853, #600, #2701, .T. ) ;
#1355 = CARTESIAN_POINT ( 'NONE',  ( 50.00000000000000711, 1.999999999999986233, 49.99999999999998579 ) ) ;
#1356 = EDGE_LOOP ( 'NONE', ( #538, #686, #974, #1208, #2715 ) ) ;
#1357 = CONICAL_SURFACE ( 'NONE', #963, 9.000000000000001776, 0.7853981633974473908 ) ;
#1358 = CARTESIAN_POINT ( 'NONE',  ( 10.58555899813344148, 128.9999999999998579, -16.37668894181810941 ) ) ;
#1359 = VERTEX_POINT ( 'NONE', #1358 ) ;
#1360 = DIRECTION ( 'NONE',  ( -2.243746041308301403E-16, -0.000000000000000000, 1.000000000000000000 ) ) ;
#1361 = AXIS2_PLACEMENT_3D ( 'NONE', #3355, #3045, #3284 ) ;
#1362 = CARTESIAN_POINT ( 'NONE',  ( 49.99999999999998579, -3.999999999999992450, 49.99999999999997868 ) ) ;
#1363 = CARTESIAN_POINT ( 'NONE',  ( 29.60000000000000142, 121.1000000000000227, 4.749999999999154454 ) ) ;
#1364 = ORIENTED_EDGE ( 'NONE', *, *, #168, .T. ) ;
#1365 = AXIS2_PLACEMENT_3D ( 'NONE', #2058, #2869, #443 ) ;
#1366 = FACE_OUTER_BOUND ( 'NONE', #625, .T. ) ;
#1367 = ORIENTED_EDGE ( 'NONE', *, *, #2421, .F. ) ;
#1368 = LINE ( 'NONE', #829, #3288 ) ;
#1369 = ADVANCED_FACE ( 'NONE', ( #3000 ), #3272, .T. ) ;
#1370 = DIRECTION ( 'NONE',  ( 0.000000000000000000, 0.000000000000000000, -1.000000000000000000 ) ) ;
#1371 = ORIENTED_EDGE ( 'NONE', *, *, #826, .T. ) ;
#1372 = CARTESIAN_POINT ( 'NONE',  ( -15.09272046571961212, 129.0000000000000284, 12.34746082980725213 ) ) ;
#1373 = VERTEX_POINT ( 'NONE', #2167 ) ;
#1374 = ADVANCED_FACE ( 'NONE', ( #1088 ), #1663, .T. ) ;
#1375 = PLANE ( 'NONE',  #1008 ) ;
#1376 = ORIENTED_EDGE ( 'NONE', *, *, #1333, .F. ) ;
#1377 = CARTESIAN_POINT ( 'NONE',  ( -50.00000000000000711, 1.999999999999986233, -50.00000000000000000 ) ) ;
#1378 = EDGE_CURVE ( 'NONE', #1272, #765, #2396, .T. ) ;
#1379 = CARTESIAN_POINT ( 'NONE',  ( 50.00000000000000711, -4.999999999999992895, 49.99999999999998579 ) ) ;
#1380 = VERTEX_POINT ( 'NONE', #1873 ) ;
#1381 = CARTESIAN_POINT ( 'NONE',  ( -60.00000000000000000, 5.999999999999985789, -60.00000000000001421 ) ) ;
#1382 = VECTOR ( 'NONE', #2797, 1000.000000000000000 ) ;
#1383 = ORIENTED_EDGE ( 'NONE', *, *, #2234, .F. ) ;
#1384 = CARTESIAN_POINT ( 'NONE',  ( -11.66328970827735922, 94.30050506338869809, -13.04674952549033939 ) ) ;
#1385 = AXIS2_PLACEMENT_3D ( 'NONE', #442, #3419, #2832 ) ;
#1386 = ITEM_DEFINED_TRANSFORMATION ( 'NONE', 'NONE', #537,  #2853 ) ;
#1387 = DIRECTION ( 'NONE',  ( 0.000000000000000000, 1.000000000000000000, 0.000000000000000000 ) ) ;
#1388 = ORIENTED_EDGE ( 'NONE', *, *, #1417, .F. ) ;
#1389 = DIRECTION ( 'NONE',  ( 5.782411586589358625E-17, 0.000000000000000000, -1.000000000000000000 ) ) ;
#1390 = ORIENTED_EDGE ( 'NONE', *, *, #55, .F. ) ;
#1391 = DIRECTION ( 'NONE',  ( 1.143848312570466978E-29, 1.000000000000000000, -7.000000000000009616E-15 ) ) ;
#1392 = ORIENTED_EDGE ( 'NONE', *, *, #168, .F. ) ;
#1393 = DIRECTION ( 'NONE',  ( 1.143848312570467118E-29, 1.000000000000000000, -7.000000000000009616E-15 ) ) ;
#1394 = EDGE_CURVE ( 'NONE', #3041, #474, #2580, .T. ) ;
#1395 = DIRECTION ( 'NONE',  ( 0.000000000000000000, 0.000000000000000000, 1.000000000000000000 ) ) ;
#1396 = ORIENTED_EDGE ( 'NONE', *, *, #211, .T. ) ;
#1397 = EDGE_CURVE ( 'NONE', #1186, #2148, #497, .T. ) ;
#1398 = FACE_OUTER_BOUND ( 'NONE', #2297, .T. ) ;
#1399 = ORIENTED_EDGE ( 'NONE', *, *, #2647, .F. ) ;
#1400 = AXIS2_PLACEMENT_3D ( 'NONE', #2379, #1852, #2861 ) ;
#1401 = CARTESIAN_POINT ( 'NONE',  ( 1.301042606983153579E-15, 116.9000000000001052, 18.49999999999917932 ) ) ;
#1402 = B_SPLINE_CURVE_WITH_KNOTS ( 'NONE', 3,
 ( #3227, #3244, #2177, #1146 ),
 .UNSPECIFIED., .F., .F.,
 ( 4, 4 ),
 ( 0.000000000000000000, 0.007205816306754516190 ),
 .UNSPECIFIED. ) ;
#1403 = ORIENTED_EDGE ( 'NONE', *, *, #1438, .T. ) ;
#1404 = CARTESIAN_POINT ( 'NONE',  ( 1.214766907949835792E-27, 106.2000000000000597, 12.69999999999925500 ) ) ;
#1405 = ORIENTED_EDGE ( 'NONE', *, *, #1287, .T. ) ;
#1406 = VECTOR ( 'NONE', #728, 1000.000000000000000 ) ;
#1407 = VECTOR ( 'NONE', #2407, 1000.000000000000000 ) ;
#1408 = CARTESIAN_POINT ( 'NONE',  ( 11.66328970827721179, 112.1999999999998892, -13.04674952549046374 ) ) ;
#1409 = ORIENTED_EDGE ( 'NONE', *, *, #2299, .T. ) ;
#1410 = DIRECTION ( 'NONE',  ( 0.000000000000000000, 6.608470384674126103E-15, 1.000000000000000000 ) ) ;
#1411 = APPROVAL_DATE_TIME ( #2158, #1807 ) ;
#1412 = EDGE_CURVE ( 'NONE', #2773, #2965, #772, .T. ) ;
#1413 = FACE_OUTER_BOUND ( 'NONE', #3427, .T. ) ;
#1414 = AXIS2_PLACEMENT_3D ( 'NONE', #2912, #1267, #1517 ) ;
#1415 = EDGE_LOOP ( 'NONE', ( #180, #2896, #1315, #1321, #2937, #391, #2611, #3179, #1250, #544, #1068, #2328, #778 ) ) ;
#1416 = AXIS2_PLACEMENT_3D ( 'NONE', #18, #1086, #2736 ) ;
#1417 = EDGE_CURVE ( 'NONE', #1853, #2754, #1727, .T. ) ;
#1418 = CYLINDRICAL_SURFACE ( 'NONE', #2778, 2.599999999999998312 ) ;
#1419 = CONICAL_SURFACE ( 'NONE', #1539, 34.99999999999995026, 0.7853981633974447263 ) ;
#1420 = ORIENTED_EDGE ( 'NONE', *, *, #2756, .F. ) ;
#1421 = DIRECTION ( 'NONE',  ( 0.000000000000000000, 7.501506923142949299E-15, 1.000000000000000000 ) ) ;
#1422 = AXIS2_PLACEMENT_3D ( 'NONE', #2693, #2337, #995 ) ;
#1423 = ORIENTED_EDGE ( 'NONE', *, *, #249, .F. ) ;
#1424 = CARTESIAN_POINT ( 'NONE',  ( 0.000000000000000000, 6.999999999999986677, -40.00000000000000000 ) ) ;
#1425 = DIRECTION ( 'NONE',  ( -1.143848312570467118E-29, -1.000000000000000000, 7.000000000000009616E-15 ) ) ;
#1426 = AXIS2_PLACEMENT_3D ( 'NONE', #93, #146, #704 ) ;
#1427 = FACE_OUTER_BOUND ( 'NONE', #337, .T. ) ;
#1428 = ORIENTED_EDGE ( 'NONE', *, *, #2884, .F. ) ;
#1429 = DIRECTION ( 'NONE',  ( 0.000000000000000000, 7.930164461608679325E-15, 1.000000000000000000 ) ) ;
#1430 = DIRECTION ( 'NONE',  ( 0.000000000000000000, 7.930164461608669858E-15, 1.000000000000000000 ) ) ;
#1431 = DIRECTION ( 'NONE',  ( 1.143848312570466978E-29, 1.000000000000000000, -7.000000000000009616E-15 ) ) ;
#1432 = EDGE_LOOP ( 'NONE', ( #2969, #1795, #1725, #1205 ) ) ;
#1433 = EDGE_CURVE ( 'NONE', #346, #3148, #1444, .T. ) ;
#1434 = LINE ( 'NONE', #2242, #575 ) ;
#1435 = ORIENTED_EDGE ( 'NONE', *, *, #3389, .F. ) ;
#1436 = CARTESIAN_POINT ( 'NONE',  ( -11.66328970827735922, 94.30050506338889704, 16.54674952548868561 ) ) ;
#1437 = APPROVAL ( #3341, '未' ) ;
#1438 = EDGE_CURVE ( 'NONE', #1853, #2474, #2529, .T. ) ;
#1439 = AXIS2_PLACEMENT_3D ( 'NONE', #1691, #2498, #1709 ) ;
#1440 = DIRECTION ( 'NONE',  ( 1.143848312570467118E-29, 1.000000000000000000, -7.000000000000009616E-15 ) ) ;
#1441 = VERTEX_POINT ( 'NONE', #136 ) ;
#1442 = CARTESIAN_POINT ( 'NONE',  ( -50.00000000000000000, -3.999999999999992450, -60.00000000000001421 ) ) ;
#1443 = ADVANCED_FACE ( 'NONE', ( #3302, #947 ), #2253, .T. ) ;
#1444 = LINE ( 'NONE', #1695, #166 ) ;
#1445 = VERTEX_POINT ( 'NONE', #1461 ) ;
#1446 = CARTESIAN_POINT ( 'NONE',  ( 49.99999999999997868, -3.999999999999992450, 59.99999999999999289 ) ) ;
#1447 = PERSON_AND_ORGANIZATION_ROLE ( 'creator' ) ;
#1448 = CARTESIAN_POINT ( 'NONE',  ( -11.66328970827735922, 104.1999999999998892, -10.94674952549058844 ) ) ;
#1449 = DIRECTION ( 'NONE',  ( -1.156482317317871725E-16, 0.000000000000000000, 1.000000000000000000 ) ) ;
#1450 = ORIENTED_EDGE ( 'NONE', *, *, #2341, .F. ) ;
#1451 = CYLINDRICAL_SURFACE ( 'NONE', #3220, 2.099999999999817124 ) ;
#1452 = ORIENTED_EDGE ( 'NONE', *, *, #2866, .F. ) ;
#1453 = LINE ( 'NONE', #1401, #932 ) ;
#1454 = DIRECTION ( 'NONE',  ( 1.000000000000000000, -1.143848312570467258E-29, 9.524450499707741029E-44 ) ) ;
#1455 = ADVANCED_FACE ( 'NONE', ( #2235 ), #1993, .F. ) ;
#1456 = ORIENTED_EDGE ( 'NONE', *, *, #1485, .T. ) ;
#1457 = DIRECTION ( 'NONE',  ( 0.000000000000000000, 6.608470384674120581E-15, 1.000000000000000000 ) ) ;
#1458 = SHAPE_REPRESENTATION ( 'frame0^ZERO_ARM_OVO', ( #2853 ), #2395 ) ;
#1459 = AXIS2_PLACEMENT_3D ( 'NONE', #733, #2346, #2362 ) ;
#1460 = EDGE_CURVE ( 'NONE', #1616, #1272, #1914, .T. ) ;
#1461 = CARTESIAN_POINT ( 'NONE',  ( -5.142108377686547342E-42, 104.1999999999997470, -32.50000000000000000 ) ) ;
#1462 = EDGE_LOOP ( 'NONE', ( #1968, #716, #1049, #1055 ) ) ;
#1463 = AXIS2_PLACEMENT_3D ( 'NONE', #1711, #605, #1192 ) ;
#1464 = CARTESIAN_POINT ( 'NONE',  ( 5.933609968325734208E-28, 51.87409819219539031, 10.09999999999963727 ) ) ;
#1465 = COORDINATED_UNIVERSAL_TIME_OFFSET ( 0, 0, .AHEAD. ) ;
#1466 = AXIS2_PLACEMENT_3D ( 'NONE', #2733, #3230, #569 ) ;
#1467 = DIRECTION ( 'NONE',  ( 0.000000000000000000, 1.000000000000000000, 0.000000000000000000 ) ) ;
#1468 = FACE_OUTER_BOUND ( 'NONE', #1356, .T. ) ;
#1469 = VERTEX_POINT ( 'NONE', #85 ) ;
#1470 = CIRCLE ( 'NONE', #3205, 4.249999999999996447 ) ;
#1471 = VECTOR ( 'NONE', #2897, 1000.000000000000000 ) ;
#1472 = LINE ( 'NONE', #2002, #2378 ) ;
#1473 = ORIENTED_EDGE ( 'NONE', *, *, #1530, .T. ) ;
#1474 = CARTESIAN_POINT ( 'NONE',  ( 11.66328970827721179, 112.1999999999998892, -10.94674952549064351 ) ) ;
#1475 = VECTOR ( 'NONE', #1692, 1000.000000000000000 ) ;
#1476 = DIRECTION ( 'NONE',  ( 0.000000000000000000, 0.000000000000000000, 1.000000000000000000 ) ) ;
#1477 = VERTEX_POINT ( 'NONE', #2011 ) ;
#1478 = CARTESIAN_POINT ( 'NONE',  ( -11.66328970827735922, 112.1999999999998607, -15.14674952549027864 ) ) ;
#1479 = EDGE_CURVE ( 'NONE', #2306, #968, #3065, .T. ) ;
#1480 = CARTESIAN_POINT ( 'NONE',  ( -50.00000000000000711, 6.999999999999986677, -45.75000000000000711 ) ) ;
#1481 = CONICAL_SURFACE ( 'NONE', #1193, 9.000000000000001776, 0.7853981633974473908 ) ;
#1482 = ORIENTED_EDGE ( 'NONE', *, *, #2426, .T. ) ;
#1483 = DIRECTION ( 'NONE',  ( 0.000000000000000000, 0.7071067811865451302, 0.7071067811865500152 ) ) ;
#1484 = DATE_AND_TIME ( #3359, #2686 ) ;
#1485 = EDGE_CURVE ( 'NONE', #2864, #428, #384, .T. ) ;
#1486 = CIRCLE ( 'NONE', #1936, 2.099999999999818900 ) ;
#1487 = FACE_OUTER_BOUND ( 'NONE', #2151, .T. ) ;
#1488 = DIRECTION ( 'NONE',  ( 0.000000000000000000, 0.000000000000000000, 1.000000000000000000 ) ) ;
#1489 = ORIENTED_EDGE ( 'NONE', *, *, #370, .F. ) ;
#1490 = EDGE_CURVE ( 'NONE', #3048, #2141, #1744, .T. ) ;
#1491 = FACE_OUTER_BOUND ( 'NONE', #424, .T. ) ;
#1492 = VERTEX_POINT ( 'NONE', #2518 ) ;
#1493 = LINE ( 'NONE', #1259, #591 ) ;
#1494 = LINE ( 'NONE', #927, #1983 ) ;
#1495 = ORIENTED_EDGE ( 'NONE', *, *, #584, .F. ) ;
#1496 = DIRECTION ( 'NONE',  ( 0.000000000000000000, 7.021499783716252970E-15, 1.000000000000000000 ) ) ;
#1497 = AXIS2_PLACEMENT_3D ( 'NONE', #1384, #814, #2942 ) ;
#1498 = LINE ( 'NONE', #2356, #1406 ) ;
#1499 = ORIENTED_EDGE ( 'NONE', *, *, #1907, .T. ) ;
#1500 = DIRECTION ( 'NONE',  ( 0.000000000000000000, 0.7071067811865474617, -0.7071067811865474617 ) ) ;
#1501 = PERSON_AND_ORGANIZATION ( #1178, #2513 ) ;
#1502 = DIRECTION ( 'NONE',  ( 0.000000000000000000, 0.000000000000000000, 1.000000000000000000 ) ) ;
#1503 = CC_DESIGN_PERSON_AND_ORGANIZATION_ASSIGNMENT ( #831, #2180, ( #1157 ) ) ;
#1504 = ADVANCED_FACE ( 'NONE', ( #911, #1427 ), #101, .T. ) ;
#1505 = LINE ( 'NONE', #921, #225 ) ;
#1506 = EDGE_LOOP ( 'NONE', ( #1399, #2017, #1974, #1733 ) ) ;
#1507 = SECURITY_CLASSIFICATION ( '', '', #950 ) ;
#1508 = CARTESIAN_POINT ( 'NONE',  ( -9.555700305556030116, 116.8999999999998778, -15.84104136950668540 ) ) ;
#1509 = EDGE_CURVE ( 'NONE', #2474, #1853, #1630, .T. ) ;
#1510 = VERTEX_POINT ( 'NONE', #1480 ) ;
#1511 = CARTESIAN_POINT ( 'NONE',  ( -50.00000000000000000, 6.999999999999986677, -59.00000000000000711 ) ) ;
#1512 = CARTESIAN_POINT ( 'NONE',  ( 11.66328970827721179, -5.000000000000350830, 15.14674952548938691 ) ) ;
#1513 = ORIENTED_EDGE ( 'NONE', *, *, #2815, .T. ) ;
#1514 = DIRECTION ( 'NONE',  ( 0.000000000000000000, 6.751356230828655000E-15, 1.000000000000000000 ) ) ;
#1515 = CARTESIAN_POINT ( 'NONE',  ( 50.00000000000000000, -4.999999999999992895, -59.00000000000000711 ) ) ;
#1516 = ORIENTED_EDGE ( 'NONE', *, *, #826, .F. ) ;
#1517 = DIRECTION ( 'NONE',  ( 0.000000000000000000, -7.090840485744630831E-15, -1.000000000000000000 ) ) ;
#1518 = CIRCLE ( 'NONE', #2471, 34.99999999999988631 ) ;
#1519 = CIRCLE ( 'NONE', #2760, 40.00000000000000000 ) ;
#1520 = CARTESIAN_POINT ( 'NONE',  ( -50.00000000000000711, -4.999999999999992895, 49.99999999999998579 ) ) ;
#1521 = CARTESIAN_POINT ( 'NONE',  ( 1.191889941698426270E-27, 104.1999999999999744, -7.294000000000009108E-13 ) ) ;
#1522 = ORIENTED_EDGE ( 'NONE', *, *, #1955, .T. ) ;
#1523 = CIRCLE ( 'NONE', #3312, 9.000000000000001776 ) ;
#1524 = EDGE_CURVE ( 'NONE', #327, #1679, #1211, .T. ) ;
#1525 = DIRECTION ( 'NONE',  ( 1.776356839400250465E-15, 7.116814260417685868E-15, 1.000000000000000000 ) ) ;
#1526 = AXIS2_PLACEMENT_3D ( 'NONE', #2900, #2348, #472 ) ;
#1527 = VERTEX_POINT ( 'NONE', #3101 ) ;
#1528 = CARTESIAN_POINT ( 'NONE',  ( -11.66328970827735922, 104.1999999999998607, -15.14674952549022358 ) ) ;
#1529 = CIRCLE ( 'NONE', #174, 3.499999999999815703 ) ;
#1530 = EDGE_CURVE ( 'NONE', #3048, #318, #1856, .T. ) ;
#1531 = FACE_OUTER_BOUND ( 'NONE', #3138, .T. ) ;
#1532 = VERTEX_POINT ( 'NONE', #1140 ) ;
#1533 = DIRECTION ( 'NONE',  ( 0.000000000000000000, 8.326672684688674053E-15, 1.000000000000000000 ) ) ;
#1534 = AXIS2_PLACEMENT_3D ( 'NONE', #2285, #2531, #152 ) ;
#1535 = B_SPLINE_CURVE_WITH_KNOTS ( 'NONE', 3,
 ( #2189, #39, #302, #1144 ),
 .UNSPECIFIED., .F., .F.,
 ( 4, 4 ),
 ( 0.000000000000000000, 0.001532164236758087666 ),
 .UNSPECIFIED. ) ;
#1536 = DIRECTION ( 'NONE',  ( 1.143848312570466978E-29, 1.000000000000000000, -7.000000000000009616E-15 ) ) ;
#1537 = ORIENTED_EDGE ( 'NONE', *, *, #1308, .F. ) ;
#1538 = DIRECTION ( 'NONE',  ( 0.000000000000000000, 1.000000000000000000, 0.000000000000000000 ) ) ;
#1539 = AXIS2_PLACEMENT_3D ( 'NONE', #3062, #2023, #2799 ) ;
#1540 = VECTOR ( 'NONE', #2280, 1000.000000000000114 ) ;
#1541 = LINE ( 'NONE', #434, #380 ) ;
#1542 = ORIENTED_EDGE ( 'NONE', *, *, #227, .F. ) ;
#1543 = CARTESIAN_POINT ( 'NONE',  ( -50.00000000000000000, -4.999999999999992895, -50.00000000000001421 ) ) ;
#1544 = ORIENTED_EDGE ( 'NONE', *, *, #3237, .F. ) ;
#1545 = AXIS2_PLACEMENT_3D ( 'NONE', #490, #2135, #2917 ) ;
#1546 = DIRECTION ( 'NONE',  ( 0.000000000000000000, 0.000000000000000000, 1.000000000000000000 ) ) ;
#1547 = ORIENTED_EDGE ( 'NONE', *, *, #438, .T. ) ;
#1548 = EDGE_CURVE ( 'NONE', #1679, #3245, #1058, .T. ) ;
#1549 = DIRECTION ( 'NONE',  ( -1.143848312570467118E-29, -1.000000000000000000, 7.000000000000009616E-15 ) ) ;
#1550 = CARTESIAN_POINT ( 'NONE',  ( -49.99999999999999289, -4.999999999999992895, 47.40000000000000568 ) ) ;
#1551 = ORIENTED_EDGE ( 'NONE', *, *, #1813, .F. ) ;
#1552 = EDGE_CURVE ( 'NONE', #1822, #696, #836, .T. ) ;
#1553 = FACE_OUTER_BOUND ( 'NONE', #47, .T. ) ;
#1554 = DIRECTION ( 'NONE',  ( 0.000000000000000000, 6.608470384674120581E-15, 1.000000000000000000 ) ) ;
#1555 = EDGE_LOOP ( 'NONE', ( #43, #1456 ) ) ;
#1556 = EDGE_CURVE ( 'NONE', #839, #618, #2627, .T. ) ;
#1557 = CARTESIAN_POINT ( 'NONE',  ( -60.00000000000000000, 5.999999999999985789, -60.00000000000001421 ) ) ;
#1558 = AXIS2_PLACEMENT_3D ( 'NONE', #3391, #2374, #2060 ) ;
#1559 = FACE_BOUND ( 'NONE', #3377, .T. ) ;
#1560 = LINE ( 'NONE', #453, #2037 ) ;
#1561 = CIRCLE ( 'NONE', #2913, 18.50000000000000000 ) ;
#1562 = FACE_OUTER_BOUND ( 'NONE', #1745, .T. ) ;
#1563 = ORIENTED_EDGE ( 'NONE', *, *, #1813, .T. ) ;
#1564 = DIRECTION ( 'NONE',  ( 0.000000000000000000, -1.000000000000000000, 0.000000000000000000 ) ) ;
#1565 = DIRECTION ( 'NONE',  ( 0.000000000000000000, -1.000000000000000000, 0.000000000000000000 ) ) ;
#1566 = ORIENTED_EDGE ( 'NONE', *, *, #3347, .T. ) ;
#1567 = CARTESIAN_POINT ( 'NONE',  ( -50.00000000000000711, -4.999999999999992895, -52.60000000000000142 ) ) ;
#1568 = ADVANCED_FACE ( 'NONE', ( #2609 ), #191, .F. ) ;
#1569 = CARTESIAN_POINT ( 'NONE',  ( -11.66328970827735922, 129.0000000000000568, 13.04674952548862876 ) ) ;
#1570 = ORIENTED_EDGE ( 'NONE', *, *, #1001, .T. ) ;
#1571 = LINE ( 'NONE', #1799, #616 ) ;
#1572 = EDGE_CURVE ( 'NONE', #3291, #2684, #954, .T. ) ;
#1573 = DIRECTION ( 'NONE',  ( 0.7071067811865474617, -0.7071067811865474617, 0.000000000000000000 ) ) ;
#1574 = CARTESIAN_POINT ( 'NONE',  ( -49.99999999999999289, 1.999999999999986233, 47.40000000000000568 ) ) ;
#1575 = CIRCLE ( 'NONE', #1231, 10.00000000000000178 ) ;
#1576 = CYLINDRICAL_SURFACE ( 'NONE', #1545, 10.09999999999999964 ) ;
#1577 = ORIENTED_EDGE ( 'NONE', *, *, #526, .F. ) ;
#1578 = AXIS2_PLACEMENT_3D ( 'NONE', #998, #448, #1797 ) ;
#1579 =( NAMED_UNIT ( * ) SI_UNIT ( $, .STERADIAN. ) SOLID_ANGLE_UNIT ( ) );
#1580 = CARTESIAN_POINT ( 'NONE',  ( 1.236893267140106935E-15, 116.8999999999999062, -10.10000000000081855 ) ) ;
#1581 = VERTEX_POINT ( 'NONE', #2909 ) ;
#1582 = CARTESIAN_POINT ( 'NONE',  ( -60.00000000000000711, 5.999999999999985789, 59.99999999999998579 ) ) ;
#1583 = CIRCLE ( 'NONE', #2419, 32.50000000000000000 ) ;
#1584 = VECTOR ( 'NONE', #587, 1000.000000000000000 ) ;
#1585 = DIRECTION ( 'NONE',  ( 1.143848312570467118E-29, 1.000000000000000000, -7.000000000000009616E-15 ) ) ;
#1586 = ORIENTED_EDGE ( 'NONE', *, *, #2862, .T. ) ;
#1587 = DIRECTION ( 'NONE',  ( 0.000000000000000000, 1.000000000000000000, 0.000000000000000000 ) ) ;
#1588 = ADVANCED_FACE ( 'NONE', ( #2048 ), #760, .T. ) ;
#1589 = CARTESIAN_POINT ( 'NONE',  ( 59.00000000000000711, 6.999999999999986677, -50.00000000000000711 ) ) ;
#1590 = EDGE_LOOP ( 'NONE', ( #3027, #3228, #1586, #2962 ) ) ;
#1591 = DIRECTION ( 'NONE',  ( 0.000000000000000000, 1.000000000000000000, 0.000000000000000000 ) ) ;
#1592 = EDGE_CURVE ( 'NONE', #495, #1342, #3200, .T. ) ;
#1593 = DIRECTION ( 'NONE',  ( -1.000000000000000000, 0.000000000000000000, 0.000000000000000000 ) ) ;
#1594 = VECTOR ( 'NONE', #2316, 1000.000000000000000 ) ;
#1595 = EDGE_LOOP ( 'NONE', ( #720, #2597 ) ) ;
#1596 = EDGE_CURVE ( 'NONE', #2195, #192, #1519, .T. ) ;
#1597 = CARTESIAN_POINT ( 'NONE',  ( 0.000000000000000000, 0.000000000000000000, 0.000000000000000000 ) ) ;
#1598 = CARTESIAN_POINT ( 'NONE',  ( 1.301042606983292024E-15, 128.9999999999999716, -9.023889390390725714E-13 ) ) ;
#1599 = ORIENTED_EDGE ( 'NONE', *, *, #2948, .T. ) ;
#1600 = CARTESIAN_POINT ( 'NONE',  ( 0.000000000000000000, 220.9238815542511247, -32.50000000000000000 ) ) ;
#1601 = LINE ( 'NONE', #2678, #1407 ) ;
#1602 = ORIENTED_EDGE ( 'NONE', *, *, #2742, .F. ) ;
#1603 = CARTESIAN_POINT ( 'NONE',  ( 60.00000000000000000, -3.999999999999992450, -50.00000000000000711 ) ) ;
#1604 = EDGE_LOOP ( 'NONE', ( #1834, #320, #3012, #757 ) ) ;
#1605 = PLANE ( 'NONE',  #328 ) ;
#1606 = VERTEX_POINT ( 'NONE', #1515 ) ;
#1607 = CARTESIAN_POINT ( 'NONE',  ( -11.66328970827735922, 94.30050506338869809, -13.04674952549033939 ) ) ;
#1608 = AXIS2_PLACEMENT_3D ( 'NONE', #3406, #1796, #980 ) ;
#1609 = EDGE_CURVE ( 'NONE', #835, #3298, #3147, .T. ) ;
#1610 = CARTESIAN_POINT ( 'NONE',  ( 0.000000000000000000, 267.1370849898476081, 0.000000000000000000 ) ) ;
#1611 = ORIENTED_EDGE ( 'NONE', *, *, #2281, .F. ) ;
#1612 = DIRECTION ( 'NONE',  ( 0.000000000000000000, 0.000000000000000000, 1.000000000000000000 ) ) ;
#1613 = EDGE_CURVE ( 'NONE', #689, #1441, #3479, .T. ) ;
#1614 = LOCAL_TIME ( 10, 36, 33.00000000000000000, #2749 ) ;
#1615 = DIRECTION ( 'NONE',  ( -0.000000000000000000, 1.000000000000000000, -0.000000000000000000 ) ) ;
#1616 = VERTEX_POINT ( 'NONE', #2375 ) ;
#1617 = DIRECTION ( 'NONE',  ( 0.000000000000000000, -1.000000000000000000, 0.000000000000000000 ) ) ;
#1618 = CYLINDRICAL_SURFACE ( 'NONE', #3259, 1.350000000000004086 ) ;
#1619 = ORIENTED_EDGE ( 'NONE', *, *, #1490, .F. ) ;
#1620 = FACE_OUTER_BOUND ( 'NONE', #1957, .T. ) ;
#1621 = CARTESIAN_POINT ( 'NONE',  ( -50.00000000000000711, -4.999999999999992895, -50.00000000000000000 ) ) ;
#1622 = CARTESIAN_POINT ( 'NONE',  ( 0.000000000000000000, 267.1370849898476081, -40.00000000000000000 ) ) ;
#1623 = VERTEX_POINT ( 'NONE', #3183 ) ;
#1624 = CARTESIAN_POINT ( 'NONE',  ( 7.499999999999998224, -1.999999999999993117, -28.73849963412725117 ) ) ;
#1625 = FACE_BOUND ( 'NONE', #2979, .T. ) ;
#1626 = EDGE_LOOP ( 'NONE', ( #1396, #1337, #565, #1190, #3159, #2216, #1482, #255, #2850, #2465, #2634, #200, #1921 ) ) ;
#1627 = CIRCLE ( 'NONE', #494, 4.249999999999996447 ) ;
#1628 = EDGE_CURVE ( 'NONE', #28, #1510, #667, .T. ) ;
#1629 = DIRECTION ( 'NONE',  ( 0.7071067811865489050, -0.7071067811865462405, 4.088782444489006946E-17 ) ) ;
#1630 = CIRCLE ( 'NONE', #3366, 12.69999999999999929 ) ;
#1631 = EDGE_LOOP ( 'NONE', ( #35, #2905 ) ) ;
#1632 = LINE ( 'NONE', #1081, #361 ) ;
#1633 = ADVANCED_FACE ( 'NONE', ( #1280 ), #3426, .F. ) ;
#1634 = VECTOR ( 'NONE', #2181, 1000.000000000000114 ) ;
#1635 = DATE_TIME_ROLE ( 'classification_date' ) ;
#1636 = DIRECTION ( 'NONE',  ( 1.000000000000000000, -0.000000000000000000, 2.243746041308301403E-16 ) ) ;
#1637 = ORIENTED_EDGE ( 'NONE', *, *, #2542, .F. ) ;
#1638 = AXIS2_PLACEMENT_3D ( 'NONE', #2596, #2670, #3433 ) ;
#1639 = CARTESIAN_POINT ( 'NONE',  ( -15.01128486040838794, 128.6840851045341765, 11.94808676394577596 ) ) ;
#1640 = FACE_OUTER_BOUND ( 'NONE', #1274, .T. ) ;
#1641 = VECTOR ( 'NONE', #276, 1000.000000000000114 ) ;
#1642 = CARTESIAN_POINT ( 'NONE',  ( -11.66328970827735922, 104.2000000000000881, 15.14674952548862130 ) ) ;
#1643 = ORIENTED_EDGE ( 'NONE', *, *, #1982, .T. ) ;
#1644 = DIRECTION ( 'NONE',  ( 0.000000000000000000, 1.000000000000000000, 0.000000000000000000 ) ) ;
#1645 = AXIS2_PLACEMENT_3D ( 'NONE', #2287, #2009, #2836 ) ;
#1646 = AXIS2_PLACEMENT_3D ( 'NONE', #1903, #2752, #49 ) ;
#1647 = CARTESIAN_POINT ( 'NONE',  ( 11.66328970827721179, 112.2000000000000739, 16.54674952548856481 ) ) ;
#1648 = CARTESIAN_POINT ( 'NONE',  ( 5.933609968325734208E-28, 51.87409819219531926, -3.631186873453677846E-13 ) ) ;
#1649 = EDGE_LOOP ( 'NONE', ( #2855, #1551 ) ) ;
#1650 = CIRCLE ( 'NONE', #2209, 34.99999999999988631 ) ;
#1651 = CARTESIAN_POINT ( 'NONE',  ( 7.500000000000005329, -4.999999999999992895, -59.00000000000000711 ) ) ;
#1652 = ORIENTED_EDGE ( 'NONE', *, *, #1224, .F. ) ;
#1653 = CARTESIAN_POINT ( 'NONE',  ( -49.99999999999999289, 1.999999999999986233, 45.75000000000000711 ) ) ;
#1654 = CIRCLE ( 'NONE', #1198, 3.499999999999819256 ) ;
#1655 = CALENDAR_DATE ( 2026, 19, 9 ) ;
#1656 = PRODUCT_RELATED_PRODUCT_CATEGORY ( 'detail', '', ( #163 ) ) ;
#1657 = EDGE_CURVE ( 'NONE', #153, #2160, #1498, .T. ) ;
#1658 = CARTESIAN_POINT ( 'NONE',  ( -49.99999999999999289, 1.999999999999986233, 45.75000000000000711 ) ) ;
#1659 = EDGE_LOOP ( 'NONE', ( #3467, #288, #1037, #2899 ) ) ;
#1660 = CARTESIAN_POINT ( 'NONE',  ( 60.00000000000000711, 5.999999999999985789, -50.00000000000000711 ) ) ;
#1661 = LINE ( 'NONE', #2700, #681 ) ;
#1662 = ADVANCED_FACE ( 'NONE', ( #1817 ), #155, .F. ) ;
#1663 = PLANE ( 'NONE',  #893 ) ;
#1664 = EDGE_LOOP ( 'NONE', ( #2461, #3357, #86, #479 ) ) ;
#1665 = DIRECTION ( 'NONE',  ( -1.143848312570467118E-29, -1.000000000000000000, 7.000000000000009616E-15 ) ) ;
#1666 = DIRECTION ( 'NONE',  ( 0.000000000000000000, 6.608470384674120581E-15, 1.000000000000000000 ) ) ;
#1667 = EDGE_LOOP ( 'NONE', ( #471, #377, #1905, #2811 ) ) ;
#1668 = CIRCLE ( 'NONE', #3346, 4.249999999999996447 ) ;
#1669 = DIRECTION ( 'NONE',  ( 0.000000000000000000, -0.7071067811865451302, -0.7071067811865500152 ) ) ;
#1670 = AXIS2_PLACEMENT_3D ( 'NONE', #95, #1149, #652 ) ;
#1671 = EDGE_LOOP ( 'NONE', ( #408, #234, #3055, #925 ) ) ;
#1672 = DIRECTION ( 'NONE',  ( 1.143848312570466978E-29, 1.000000000000000000, -7.000000000000008827E-15 ) ) ;
#1673 = EDGE_LOOP ( 'NONE', ( #79, #3398, #748, #3037 ) ) ;
#1674 = DIRECTION ( 'NONE',  ( 0.000000000000000000, 6.751356230828655000E-15, 1.000000000000000000 ) ) ;
#1675 = APPROVAL_PERSON_ORGANIZATION ( #1842, #1807, #769 ) ;
#1676 = FACE_OUTER_BOUND ( 'NONE', #1952, .T. ) ;
#1677 = EDGE_CURVE ( 'NONE', #1981, #2141, #2876, .T. ) ;
#1678 = DIRECTION ( 'NONE',  ( -1.000000000000000000, 0.000000000000000000, -5.782411586589358625E-17 ) ) ;
#1679 = VERTEX_POINT ( 'NONE', #3167 ) ;
#1680 = CARTESIAN_POINT ( 'NONE',  ( 9.555700305556047880, 128.0000000000001137, 15.84104136950496411 ) ) ;
#1681 = EDGE_CURVE ( 'NONE', #3148, #968, #2858, .T. ) ;
#1682 = LINE ( 'NONE', #3240, #273 ) ;
#1683 = ORIENTED_EDGE ( 'NONE', *, *, #857, .F. ) ;
#1684 = DIRECTION ( 'NONE',  ( 0.000000000000000000, 0.000000000000000000, 1.000000000000000000 ) ) ;
#1685 = ORIENTED_EDGE ( 'NONE', *, *, #2793, .T. ) ;
#1686 = AXIS2_PLACEMENT_3D ( 'NONE', #75, #1125, #2206 ) ;
#1687 = CARTESIAN_POINT ( 'NONE',  ( -50.00000000000000000, 5.999999999999985789, -50.00000000000001421 ) ) ;
#1688 = VECTOR ( 'NONE', #2553, 1000.000000000000000 ) ;
#1689 = APPROVAL_STATUS ( 'not_yet_approved' ) ;
#1690 = ORIENTED_EDGE ( 'NONE', *, *, #2174, .F. ) ;
#1691 = CARTESIAN_POINT ( 'NONE',  ( 11.66328970827721179, 116.8999999999998920, -13.04674952549049571 ) ) ;
#1692 = DIRECTION ( 'NONE',  ( -1.143848312570467118E-29, -1.000000000000000000, 7.000000000000009616E-15 ) ) ;
#1693 = AXIS2_PLACEMENT_3D ( 'NONE', #403, #159, #1488 ) ;
#1694 = AXIS2_PLACEMENT_3D ( 'NONE', #230, #1306, #197 ) ;
#1695 = CARTESIAN_POINT ( 'NONE',  ( -59.00000000000000711, 6.999999999999986677, -3.411622836087721934E-15 ) ) ;
#1696 = EDGE_LOOP ( 'NONE', ( #1109, #2574, #1930, #3214 ) ) ;
#1697 = EDGE_CURVE ( 'NONE', #116, #1201, #3132, .T. ) ;
#1698 = CARTESIAN_POINT ( 'NONE',  ( 11.66328970827721179, 112.1999999999998892, -13.04674952549046374 ) ) ;
#1699 = VECTOR ( 'NONE', #1389, 1000.000000000000000 ) ;
#1700 = CARTESIAN_POINT ( 'NONE',  ( 1.301042606983280586E-15, 128.0000000000000000, -8.953889390390729041E-13 ) ) ;
#1701 = EDGE_CURVE ( 'NONE', #3109, #892, #2391, .T. ) ;
#1702 = ORIENTED_EDGE ( 'NONE', *, *, #1960, .T. ) ;
#1703 = CARTESIAN_POINT ( 'NONE',  ( 50.00000000000000000, 6.999999999999986677, -50.00000000000000711 ) ) ;
#1704 = ADVANCED_FACE ( 'NONE', ( #241 ), #1048, .F. ) ;
#1705 = EDGE_LOOP ( 'NONE', ( #2720, #1262, #1874, #813 ) ) ;
#1706 = CARTESIAN_POINT ( 'NONE',  ( -50.00000000000000711, -4.999999999999992895, -47.40000000000000568 ) ) ;
#1707 = CIRCLE ( 'NONE', #1365, 3.499999999999815703 ) ;
#1708 = ORIENTED_EDGE ( 'NONE', *, *, #2955, .F. ) ;
#1709 = DIRECTION ( 'NONE',  ( 0.000000000000000000, 7.930164461608674592E-15, 1.000000000000000000 ) ) ;
#1710 = AXIS2_PLACEMENT_3D ( 'NONE', #3173, #2102, #1289 ) ;
#1711 = CARTESIAN_POINT ( 'NONE',  ( 29.60000000000000142, 121.1000000000000227, 4.749999999999154454 ) ) ;
#1712 = ORIENTED_EDGE ( 'NONE', *, *, #542, .T. ) ;
#1713 = CARTESIAN_POINT ( 'NONE',  ( 1.677766114833061605E-15, 104.2000000000000739, 13.69999999999923723 ) ) ;
#1714 = PERSON_AND_ORGANIZATION ( #1178, #2513 ) ;
#1715 = CARTESIAN_POINT ( 'NONE',  ( 1.301042606983153579E-15, 116.8999999999999773, -8.176889390390725385E-13 ) ) ;
#1716 = CARTESIAN_POINT ( 'NONE',  ( 1.337158677394875846E-27, 116.8999999999999773, -8.183000000000009662E-13 ) ) ;
#1717 = ORIENTED_EDGE ( 'NONE', *, *, #3458, .T. ) ;
#1718 = EDGE_CURVE ( 'NONE', #1011, #2734, #1350, .T. ) ;
#1719 = CARTESIAN_POINT ( 'NONE',  ( 38.72983346207396949, 113.9999999999999005, -10.00000000000079758 ) ) ;
#1720 = ORIENTED_EDGE ( 'NONE', *, *, #2044, .T. ) ;
#1721 = LINE ( 'NONE', #2782, #2005 ) ;
#1722 = EDGE_CURVE ( 'NONE', #484, #2173, #777, .T. ) ;
#1723 = CONICAL_SURFACE ( 'NONE', #3178, 9.000000000000001776, 0.7853981633974473908 ) ;
#1724 = CARTESIAN_POINT ( 'NONE',  ( 60.00000000000000000, 6.999999999999986677, -60.00000000000000711 ) ) ;
#1725 = ORIENTED_EDGE ( 'NONE', *, *, #1279, .F. ) ;
#1726 = FACE_OUTER_BOUND ( 'NONE', #938, .T. ) ;
#1727 = LINE ( 'NONE', #3338, #1346 ) ;
#1728 = ORIENTED_EDGE ( 'NONE', *, *, #985, .T. ) ;
#1729 = CARTESIAN_POINT ( 'NONE',  ( 50.00000000000000000, 5.999999999999985789, -60.00000000000000711 ) ) ;
#1730 = DATE_AND_TIME ( #3305, #3351 ) ;
#1731 = DIRECTION ( 'NONE',  ( 0.000000000000000000, 1.000000000000000000, 0.000000000000000000 ) ) ;
#1732 = LINE ( 'NONE', #3054, #2365 ) ;
#1733 = ORIENTED_EDGE ( 'NONE', *, *, #1789, .T. ) ;
#1734 = CARTESIAN_POINT ( 'NONE',  ( 49.99999999999999289, -4.999999999999992895, -47.40000000000001990 ) ) ;
#1735 = ORIENTED_EDGE ( 'NONE', *, *, #590, .T. ) ;
#1736 = EDGE_CURVE ( 'NONE', #1853, #3258, #534, .T. ) ;
#1737 = CARTESIAN_POINT ( 'NONE',  ( 49.99999999999997868, -4.999999999999992895, 58.99999999999998579 ) ) ;
#1738 = CARTESIAN_POINT ( 'NONE',  ( 1.677766114833061802E-15, 104.2000000000000739, 13.69999999999923901 ) ) ;
#1739 = ORIENTED_EDGE ( 'NONE', *, *, #2170, .F. ) ;
#1740 = PRODUCT_DEFINITION_SHAPE ( 'NONE', 'NONE',  #1241 ) ;
#1741 = ADVANCED_FACE ( 'NONE', ( #1867 ), #1900, .T. ) ;
#1742 = LINE ( 'NONE', #1442, #2260 ) ;
#1743 = VECTOR ( 'NONE', #1573, 1000.000000000000114 ) ;
#1744 = LINE ( 'NONE', #2218, #1688 ) ;
#1745 = EDGE_LOOP ( 'NONE', ( #1031, #3226, #71, #3385 ) ) ;
#1746 = AXIS2_PLACEMENT_3D ( 'NONE', #747, #2839, #2642 ) ;
#1747 = EDGE_CURVE ( 'NONE', #2040, #2059, #956, .T. ) ;
#1748 = CARTESIAN_POINT ( 'NONE',  ( 31.80000000000000071, 113.9999999999998863, -10.00000000000079758 ) ) ;
#1749 = APPROVAL_STATUS ( 'not_yet_approved' ) ;
#1750 = CIRCLE ( 'NONE', #1, 10.09999999999999964 ) ;
#1751 = CARTESIAN_POINT ( 'NONE',  ( 50.00000000000000711, 1.999999999999986233, 54.24999999999998579 ) ) ;
#1752 = DIRECTION ( 'NONE',  ( 0.000000000000000000, -0.000000000000000000, 1.000000000000000000 ) ) ;
#1753 = ORIENTED_EDGE ( 'NONE', *, *, #1736, .T. ) ;
#1754 = AXIS2_PLACEMENT_3D ( 'NONE', #280, #1393, #1106 ) ;
#1755 = CIRCLE ( 'NONE', #1126, 3.499999999999815703 ) ;
#1756 = DIRECTION ( 'NONE',  ( 0.000000000000000000, 6.870191984066563133E-15, 1.000000000000000000 ) ) ;
#1757 = ORIENTED_EDGE ( 'NONE', *, *, #890, .T. ) ;
#1758 = CARTESIAN_POINT ( 'NONE',  ( 0.000000000000000000, 0.000000000000000000, 0.000000000000000000 ) ) ;
#1759 = LINE ( 'NONE', #637, #13 ) ;
#1760 = ORIENTED_EDGE ( 'NONE', *, *, #2581, .F. ) ;
#1761 = CARTESIAN_POINT ( 'NONE',  ( 0.000000000000000000, 220.9238815542511247, 0.000000000000000000 ) ) ;
#1762 = CC_DESIGN_DATE_AND_TIME_ASSIGNMENT ( #878, #610, ( #1241 ) ) ;
#1763 = EDGE_CURVE ( 'NONE', #962, #1352, #2534, .T. ) ;
#1764 = DIRECTION ( 'NONE',  ( -1.143848312570467118E-29, -1.000000000000000000, 7.000000000000009616E-15 ) ) ;
#1765 = CIRCLE ( 'NONE', #516, 10.09999999999999964 ) ;
#1766 = ORIENTED_EDGE ( 'NONE', *, *, #868, .T. ) ;
#1767 = DIRECTION ( 'NONE',  ( 0.000000000000000000, 0.000000000000000000, 1.000000000000000000 ) ) ;
#1768 = COORDINATED_UNIVERSAL_TIME_OFFSET ( 0, 0, .AHEAD. ) ;
#1769 = CIRCLE ( 'NONE', #186, 19.49999999999996092 ) ;
#1770 = EDGE_CURVE ( 'NONE', #1822, #816, #837, .T. ) ;
#1771 = FACE_OUTER_BOUND ( 'NONE', #1664, .T. ) ;
#1772 = DIRECTION ( 'NONE',  ( 0.000000000000000000, 0.000000000000000000, 1.000000000000000000 ) ) ;
#1773 = VERTEX_POINT ( 'NONE', #1334 ) ;
#1774 = DIRECTION ( 'NONE',  ( 0.000000000000000000, 1.000000000000000000, 0.000000000000000000 ) ) ;
#1775 = ORIENTED_EDGE ( 'NONE', *, *, #3306, .T. ) ;
#1776 = DIRECTION ( 'NONE',  ( 0.000000000000000000, 0.000000000000000000, -1.000000000000000000 ) ) ;
#1777 = CARTESIAN_POINT ( 'NONE',  ( 1.301042606983153579E-15, 116.8999999999999773, -8.176889390390725385E-13 ) ) ;
#1778 = ORIENTED_EDGE ( 'NONE', *, *, #232, .F. ) ;
#1779 = DIRECTION ( 'NONE',  ( 0.000000000000000000, 8.326672684688674053E-15, 1.000000000000000000 ) ) ;
#1780 = AXIS2_PLACEMENT_3D ( 'NONE', #1247, #3180, #1496 ) ;
#1781 = DIRECTION ( 'NONE',  ( 0.000000000000000000, 7.930164461608679325E-15, 1.000000000000000000 ) ) ;
#1782 = ORIENTED_EDGE ( 'NONE', *, *, #2731, .F. ) ;
#1783 = FACE_OUTER_BOUND ( 'NONE', #1946, .T. ) ;
#1784 = AXIS2_PLACEMENT_3D ( 'NONE', #2674, #492, #3175 ) ;
#1785 = ADVANCED_FACE ( 'NONE', ( #308 ), #1917, .T. ) ;
#1786 = DIRECTION ( 'NONE',  ( -1.143848312570467118E-29, -1.000000000000000000, 7.000000000000009616E-15 ) ) ;
#1787 = DIRECTION ( 'NONE',  ( 1.143848312570467118E-29, 1.000000000000000000, -7.000000000000009616E-15 ) ) ;
#1788 = ORIENTED_EDGE ( 'NONE', *, *, #3352, .F. ) ;
#1789 = EDGE_CURVE ( 'NONE', #1510, #28, #3201, .T. ) ;
#1790 = VECTOR ( 'NONE', #1816, 1000.000000000000000 ) ;
#1791 = CARTESIAN_POINT ( 'NONE',  ( 49.99999999999999289, 1.999999999999986233, -54.25000000000001421 ) ) ;
#1792 = ORIENTED_EDGE ( 'NONE', *, *, #3093, .T. ) ;
#1793 = DIRECTION ( 'NONE',  ( 0.000000000000000000, -1.000000000000000000, 0.000000000000000000 ) ) ;
#1794 = DIRECTION ( 'NONE',  ( 1.143848312570467118E-29, 1.000000000000000000, -7.000000000000009616E-15 ) ) ;
#1795 = ORIENTED_EDGE ( 'NONE', *, *, #1890, .F. ) ;
#1796 = DIRECTION ( 'NONE',  ( -0.000000000000000000, 1.000000000000000000, -0.000000000000000000 ) ) ;
#1797 = DIRECTION ( 'NONE',  ( 0.000000000000000000, 7.501506923142949299E-15, 1.000000000000000000 ) ) ;
#1798 = EDGE_LOOP ( 'NONE', ( #1602, #1212, #3243, #900, #279, #675, #1060, #3174, #739, #1423, #2168, #3273, #863 ) ) ;
#1799 = CARTESIAN_POINT ( 'NONE',  ( -7.499999999999992895, 6.999999999999986677, -60.00000000000001421 ) ) ;
#1800 = AXIS2_PLACEMENT_3D ( 'NONE', #2790, #898, #2259 ) ;
#1801 = VECTOR ( 'NONE', #678, 1000.000000000000000 ) ;
#1802 = ADVANCED_FACE ( 'NONE', ( #1064 ), #1618, .F. ) ;
#1803 = DIRECTION ( 'NONE',  ( 1.143848312570466978E-29, 1.000000000000000000, -7.000000000000009616E-15 ) ) ;
#1804 = DIRECTION ( 'NONE',  ( 0.000000000000000000, 0.000000000000000000, 1.000000000000000000 ) ) ;
#1805 = ORIENTED_EDGE ( 'NONE', *, *, #2192, .T. ) ;
#1806 = CIRCLE ( 'NONE', #2137, 1.350000000000004086 ) ;
#1807 = APPROVAL ( #8, '未' ) ;
#1808 = EDGE_CURVE ( 'NONE', #641, #309, #2460, .T. ) ;
#1809 = FACE_OUTER_BOUND ( 'NONE', #3001, .T. ) ;
#1810 = VERTEX_POINT ( 'NONE', #257 ) ;
#1811 = LINE ( 'NONE', #2336, #1156 ) ;
#1812 = VECTOR ( 'NONE', #3340, 1000.000000000000000 ) ;
#1813 = EDGE_CURVE ( 'NONE', #989, #1373, #1806, .T. ) ;
#1814 = LINE ( 'NONE', #3163, #182 ) ;
#1815 = ORIENTED_EDGE ( 'NONE', *, *, #1844, .F. ) ;
#1816 = DIRECTION ( 'NONE',  ( -1.156482317317871725E-16, 0.000000000000000000, 1.000000000000000000 ) ) ;
#1817 = FACE_OUTER_BOUND ( 'NONE', #2587, .T. ) ;
#1818 = EDGE_LOOP ( 'NONE', ( #1897, #444 ) ) ;
#1819 = FACE_OUTER_BOUND ( 'NONE', #2131, .T. ) ;
#1820 = AXIS2_PLACEMENT_3D ( 'NONE', #304, #882, #1684 ) ;
#1821 = CARTESIAN_POINT ( 'NONE',  ( -50.00000000000000000, -4.999999999999992895, -59.00000000000001421 ) ) ;
#1822 = VERTEX_POINT ( 'NONE', #3197 ) ;
#1823 = FACE_OUTER_BOUND ( 'NONE', #2583, .T. ) ;
#1824 = AXIS2_PLACEMENT_3D ( 'NONE', #110, #3332, #1221 ) ;
#1825 = DIRECTION ( 'NONE',  ( 0.000000000000000000, 7.501506923142949299E-15, 1.000000000000000000 ) ) ;
#1826 = ORIENTED_EDGE ( 'NONE', *, *, #2149, .T. ) ;
#1827 = DIRECTION ( 'NONE',  ( 0.000000000000000000, 0.000000000000000000, 1.000000000000000000 ) ) ;
#1828 = EDGE_CURVE ( 'NONE', #892, #2173, #3099, .T. ) ;
#1829 = CARTESIAN_POINT ( 'NONE',  ( 0.000000000000000000, 128.9999999999999716, 0.000000000000000000 ) ) ;
#1830 = ORIENTED_EDGE ( 'NONE', *, *, #3368, .T. ) ;
#1831 = DIRECTION ( 'NONE',  ( 0.000000000000000000, 0.000000000000000000, 1.000000000000000000 ) ) ;
#1832 = EDGE_CURVE ( 'NONE', #3102, #527, #2198, .T. ) ;
#1833 = CARTESIAN_POINT ( 'NONE',  ( -59.00000000000000711, 6.999999999999986677, 49.99999999999998579 ) ) ;
#1834 = ORIENTED_EDGE ( 'NONE', *, *, #1832, .T. ) ;
#1835 = CARTESIAN_POINT ( 'NONE',  ( -50.00000000000000711, 1.999999999999986233, -50.00000000000000000 ) ) ;
#1836 = CIRCLE ( 'NONE', #1213, 1.350000000000004086 ) ;
#1837 = FACE_OUTER_BOUND ( 'NONE', #1432, .T. ) ;
#1838 = ORIENTED_EDGE ( 'NONE', *, *, #1063, .T. ) ;
#1839 = FACE_OUTER_BOUND ( 'NONE', #2078, .T. ) ;
#1840 = CARTESIAN_POINT ( 'NONE',  ( -7.499999999999992895, -1.999999999999993117, -28.73849963412725117 ) ) ;
#1841 = VERTEX_POINT ( 'NONE', #2994 ) ;
#1842 = PERSON_AND_ORGANIZATION ( #1178, #2513 ) ;
#1843 = DIRECTION ( 'NONE',  ( -0.000000000000000000, 1.000000000000000000, -0.000000000000000000 ) ) ;
#1844 = EDGE_CURVE ( 'NONE', #3418, #2816, #1601, .T. ) ;
#1845 = EDGE_LOOP ( 'NONE', ( #2214, #2438, #551, #1435 ) ) ;
#1846 = FACE_OUTER_BOUND ( 'NONE', #2282, .T. ) ;
#1847 = EDGE_CURVE ( 'NONE', #557, #2684, #2145, .T. ) ;
#1848 = CARTESIAN_POINT ( 'NONE',  ( 59.99999999999998579, 5.999999999999985789, 49.99999999999997868 ) ) ;
#1849 = ORIENTED_EDGE ( 'NONE', *, *, #1397, .F. ) ;
#1850 = FACE_OUTER_BOUND ( 'NONE', #3032, .T. ) ;
#1851 = ADVANCED_FACE ( 'NONE', ( #57 ), #1075, .T. ) ;
#1852 = DIRECTION ( 'NONE',  ( 0.000000000000000000, 1.000000000000000000, -0.000000000000000000 ) ) ;
#1853 = VERTEX_POINT ( 'NONE', #824 ) ;
#1854 = CONICAL_SURFACE ( 'NONE', #1459, 34.99999999999995026, 0.7853981633974447263 ) ;
#1855 = DIRECTION ( 'NONE',  ( 0.000000000000000000, -7.090840485744630831E-15, -1.000000000000000000 ) ) ;
#1856 = CIRCLE ( 'NONE', #2081, 3.499999999999815703 ) ;
#1857 = DIRECTION ( 'NONE',  ( 1.000000000000000000, -1.143848312570467258E-29, 9.524450499707741029E-44 ) ) ;
#1858 = VERTEX_POINT ( 'NONE', #1909 ) ;
#1859 = VECTOR ( 'NONE', #1536, 1000.000000000000000 ) ;
#1860 = MECHANICAL_CONTEXT ( 'NONE', #2741, 'mechanical' ) ;
#1861 = AXIS2_PLACEMENT_3D ( 'NONE', #107, #3344, #1752 ) ;
#1862 = FACE_BOUND ( 'NONE', #993, .T. ) ;
#1863 = ORIENTED_EDGE ( 'NONE', *, *, #850, .F. ) ;
#1864 = DIRECTION ( 'NONE',  ( -1.143848312570467118E-29, -1.000000000000000000, 7.000000000000009616E-15 ) ) ;
#1865 = AXIS2_PLACEMENT_3D ( 'NONE', #3082, #68, #1137 ) ;
#1866 = CONICAL_SURFACE ( 'NONE', #1414, 13.69999999999996554, 0.7853981633974380649 ) ;
#1867 = FACE_OUTER_BOUND ( 'NONE', #1462, .T. ) ;
#1868 = EDGE_LOOP ( 'NONE', ( #149, #768 ) ) ;
#1869 = CYLINDRICAL_SURFACE ( 'NONE', #3156, 18.50000000000000000 ) ;
#1870 = ORIENTED_EDGE ( 'NONE', *, *, #2775, .F. ) ;
#1871 = AXIS2_PLACEMENT_3D ( 'NONE', #855, #1425, #33 ) ;
#1872 = ADVANCED_FACE ( 'NONE', ( #2983 ), #562, .F. ) ;
#1873 = CARTESIAN_POINT ( 'NONE',  ( -59.00000000000000711, -4.999999999999992895, -50.00000000000001421 ) ) ;
#1874 = ORIENTED_EDGE ( 'NONE', *, *, #526, .T. ) ;
#1875 = FACE_OUTER_BOUND ( 'NONE', #2800, .T. ) ;
#1876 = ADVANCED_FACE ( 'NONE', ( #3070 ), #2808, .T. ) ;
#1877 = VECTOR ( 'NONE', #599, 1000.000000000000000 ) ;
#1878 = CYLINDRICAL_SURFACE ( 'NONE', #3363, 40.00000000000000000 ) ;
#1879 = CIRCLE ( 'NONE', #2726, 9.000000000000001776 ) ;
#1880 = ORIENTED_EDGE ( 'NONE', *, *, #1148, .F. ) ;
#1881 = DIRECTION ( 'NONE',  ( 0.000000000000000000, 1.000000000000000000, 0.000000000000000000 ) ) ;
#1882 = EDGE_LOOP ( 'NONE', ( #1566, #1326, #1942, #2547 ) ) ;
#1883 = CARTESIAN_POINT ( 'NONE',  ( -7.632783294310532600E-14, 128.9999999999999716, -9.753796894824551160E-13 ) ) ;
#1884 = DIRECTION ( 'NONE',  ( 0.000000000000000000, 1.000000000000000000, 0.000000000000000000 ) ) ;
#1885 = ORIENTED_EDGE ( 'NONE', *, *, #2044, .F. ) ;
#1886 = CARTESIAN_POINT ( 'NONE',  ( -50.00000000000000711, 1.999999999999986233, -54.25000000000000000 ) ) ;
#1887 = ORIENTED_EDGE ( 'NONE', *, *, #417, .F. ) ;
#1888 = LINE ( 'NONE', #2, #3369 ) ;
#1889 = ORIENTED_EDGE ( 'NONE', *, *, #2491, .F. ) ;
#1890 = EDGE_CURVE ( 'NONE', #789, #102, #1179, .T. ) ;
#1891 = CARTESIAN_POINT ( 'NONE',  ( 49.99999999999999289, 1.999999999999986233, -45.75000000000002132 ) ) ;
#1892 = AXIS2_PLACEMENT_3D ( 'NONE', #1096, #2161, #1935 ) ;
#1893 = DIRECTION ( 'NONE',  ( 0.000000000000000000, 0.7071067811865474617, -0.7071067811865474617 ) ) ;
#1894 = EDGE_CURVE ( 'NONE', #3298, #2614, #1505, .T. ) ;
#1895 = EDGE_LOOP ( 'NONE', ( #1702, #3282 ) ) ;
#1896 = CARTESIAN_POINT ( 'NONE',  ( 50.00000000000000711, -4.999999999999992895, 47.39999999999999147 ) ) ;
#1897 = ORIENTED_EDGE ( 'NONE', *, *, #356, .F. ) ;
#1898 = FACE_BOUND ( 'NONE', #1798, .T. ) ;
#1899 = SECURITY_CLASSIFICATION_LEVEL ( 'unclassified' ) ;
#1900 = CYLINDRICAL_SURFACE ( 'NONE', #500, 40.00000000000000000 ) ;
#1901 = ORIENTED_EDGE ( 'NONE', *, *, #1977, .T. ) ;
#1902 = CARTESIAN_POINT ( 'NONE',  ( -11.66328970827735922, 112.1999999999998892, -10.94674952549064528 ) ) ;
#1903 = CARTESIAN_POINT ( 'NONE',  ( 49.99999999999998579, 6.999999999999986677, 49.99999999999997868 ) ) ;
#1904 = CARTESIAN_POINT ( 'NONE',  ( 11.66328970827721179, -5.000000000000380140, 10.94674952548975000 ) ) ;
#1905 = ORIENTED_EDGE ( 'NONE', *, *, #3103, .T. ) ;
#1906 = FACE_OUTER_BOUND ( 'NONE', #1868, .T. ) ;
#1907 = EDGE_CURVE ( 'NONE', #1532, #505, #1732, .T. ) ;
#1908 = DIRECTION ( 'NONE',  ( 0.000000000000000000, 0.000000000000000000, 1.000000000000000000 ) ) ;
#1909 = CARTESIAN_POINT ( 'NONE',  ( 14.67537912918857934, 116.8999999999999062, -11.26424642018251809 ) ) ;
#1910 = ORIENTED_EDGE ( 'NONE', *, *, #2884, .T. ) ;
#1911 = VECTOR ( 'NONE', #2914, 1000.000000000000000 ) ;
#1912 = EDGE_CURVE ( 'NONE', #1266, #2195, #3088, .T. ) ;
#1913 = CYLINDRICAL_SURFACE ( 'NONE', #2154, 1.350000000000004086 ) ;
#1914 = CIRCLE ( 'NONE', #2981, 2.099999999999817124 ) ;
#1915 = VERTEX_POINT ( 'NONE', #2544 ) ;
#1916 = DIRECTION ( 'NONE',  ( -0.000000000000000000, 1.000000000000000000, -0.000000000000000000 ) ) ;
#1917 = CONICAL_SURFACE ( 'NONE', #555, 9.000000000000001776, 0.7853981633974473908 ) ;
#1918 = ADVANCED_FACE ( 'NONE', ( #2261 ), #3327, .F. ) ;
#1919 = DATE_TIME_ROLE ( 'classification_date' ) ;
#1920 = CARTESIAN_POINT ( 'NONE',  ( -7.499999999999992895, -1.999999999999993117, -28.73849963412725117 ) ) ;
#1921 = ORIENTED_EDGE ( 'NONE', *, *, #654, .T. ) ;
#1922 = AXIS2_PLACEMENT_3D ( 'NONE', #1543, #1286, #2363 ) ;
#1923 = CYLINDRICAL_SURFACE ( 'NONE', #392, 4.249999999999996447 ) ;
#1924 = CARTESIAN_POINT ( 'NONE',  ( -50.00000000000000711, 6.999999999999986677, -54.25000000000000000 ) ) ;
#1925 = VECTOR ( 'NONE', #1035, 1000.000000000000000 ) ;
#1926 = CARTESIAN_POINT ( 'NONE',  ( 15.09272046571947357, 128.9999999999999147, -12.34746082980923809 ) ) ;
#1927 = ORIENTED_EDGE ( 'NONE', *, *, #654, .F. ) ;
#1928 = DIRECTION ( 'NONE',  ( 1.000000000000000000, -1.143848312570467258E-29, 9.524450499707741029E-44 ) ) ;
#1929 = DIRECTION ( 'NONE',  ( 0.000000000000000000, 1.000000000000000000, -0.000000000000000000 ) ) ;
#1930 = ORIENTED_EDGE ( 'NONE', *, *, #2406, .T. ) ;
#1931 = AXIS2_PLACEMENT_3D ( 'NONE', #668, #2263, #1984 ) ;
#1932 = CARTESIAN_POINT ( 'NONE',  ( 29.60000000000000142, 122.4500000000000313, 4.749999999999154454 ) ) ;
#1933 = VERTEX_POINT ( 'NONE', #2293 ) ;
#1934 = EDGE_CURVE ( 'NONE', #2141, #1359, #3373, .T. ) ;
#1935 = DIRECTION ( 'NONE',  ( 0.000000000000000000, 7.501506923142949299E-15, 1.000000000000000000 ) ) ;
#1936 = AXIS2_PLACEMENT_3D ( 'NONE', #6, #2435, #25 ) ;
#1937 = ORIENTED_EDGE ( 'NONE', *, *, #3196, .F. ) ;
#1938 = ADVANCED_FACE ( 'NONE', ( #1468 ), #126, .F. ) ;
#1939 = LINE ( 'NONE', #310, #1699 ) ;
#1940 = ORIENTED_EDGE ( 'NONE', *, *, #1224, .T. ) ;
#1941 = DIRECTION ( 'NONE',  ( 0.000000000000000000, 0.7071067811865474617, 0.7071067811865474617 ) ) ;
#1942 = ORIENTED_EDGE ( 'NONE', *, *, #20, .F. ) ;
#1943 = CARTESIAN_POINT ( 'NONE',  ( -11.66328970827735922, 116.9000000000000625, 13.04674952548871403 ) ) ;
#1944 =( NAMED_UNIT ( * ) PLANE_ANGLE_UNIT ( ) SI_UNIT ( $, .RADIAN. ) );
#1945 = CYLINDRICAL_SURFACE ( 'NONE', #3195, 4.249999999999996447 ) ;
#1946 = EDGE_LOOP ( 'NONE', ( #1537, #300, #2410, #94 ) ) ;
#1947 = LINE ( 'NONE', #827, #2492 ) ;
#1948 = ORIENTED_EDGE ( 'NONE', *, *, #356, .T. ) ;
#1949 = DIRECTION ( 'NONE',  ( 1.143848312570467118E-29, 1.000000000000000000, -7.000000000000009616E-15 ) ) ;
#1950 = CARTESIAN_POINT ( 'NONE',  ( -50.00000000000000000, -3.999999999999992450, -60.00000000000001421 ) ) ;
#1951 = ADVANCED_FACE ( 'NONE', ( #937, #2016, #665 ), #2846, .F. ) ;
#1952 = EDGE_LOOP ( 'NONE', ( #1885, #2019, #999, #2045 ) ) ;
#1953 = CYLINDRICAL_SURFACE ( 'NONE', #285, 32.50000000000000000 ) ;
#1954 = LINE ( 'NONE', #2997, #1475 ) ;
#1955 = EDGE_CURVE ( 'NONE', #2059, #2040, #1236, .T. ) ;
#1956 = DIRECTION ( 'NONE',  ( 0.000000000000000000, 0.000000000000000000, 1.000000000000000000 ) ) ;
#1957 = EDGE_LOOP ( 'NONE', ( #2186, #1041, #1563, #2510 ) ) ;
#1958 = LINE ( 'NONE', #1748, #672 ) ;
#1959 = DIRECTION ( 'NONE',  ( 1.000000000000000000, 0.000000000000000000, 0.000000000000000000 ) ) ;
#1960 = EDGE_CURVE ( 'NONE', #2754, #127, #2250, .T. ) ;
#1961 = CARTESIAN_POINT ( 'NONE',  ( 50.00000000000000000, 5.999999999999985789, -60.00000000000000711 ) ) ;
#1962 = ORIENTED_EDGE ( 'NONE', *, *, #1596, .F. ) ;
#1963 = CARTESIAN_POINT ( 'NONE',  ( -49.99999999999999289, -4.999999999999992895, 50.00000000000000000 ) ) ;
#1964 = ORIENTED_EDGE ( 'NONE', *, *, #61, .T. ) ;
#1965 = CIRCLE ( 'NONE', #2359, 10.09999999999999964 ) ;
#1966 = CARTESIAN_POINT ( 'NONE',  ( -60.00000000000000000, 5.999999999999985789, -50.00000000000001421 ) ) ;
#1967 = CIRCLE ( 'NONE', #2704, 3.499999999999817479 ) ;
#1968 = ORIENTED_EDGE ( 'NONE', *, *, #2632, .F. ) ;
#1969 = DIRECTION ( 'NONE',  ( 0.000000000000000000, 6.608470384674126103E-15, 1.000000000000000000 ) ) ;
#1970 = CYLINDRICAL_SURFACE ( 'NONE', #2940, 2.599999999999998312 ) ;
#1971 = VECTOR ( 'NONE', #2959, 1000.000000000000000 ) ;
#1972 = CIRCLE ( 'NONE', #2655, 9.000000000000001776 ) ;
#1973 = DIRECTION ( 'NONE',  ( 0.000000000000000000, 1.000000000000000000, 0.000000000000000000 ) ) ;
#1974 = ORIENTED_EDGE ( 'NONE', *, *, #370, .T. ) ;
#1975 = CARTESIAN_POINT ( 'NONE',  ( -10.19777118790142900, 128.6840851045341765, 16.25118190404321084 ) ) ;
#1976 = APPROVAL_STATUS ( 'not_yet_approved' ) ;
#1977 = EDGE_CURVE ( 'NONE', #3109, #484, #3040, .T. ) ;
#1978 = CIRCLE ( 'NONE', #1069, 3.499999999999815703 ) ;
#1979 = DIRECTION ( 'NONE',  ( 0.000000000000000000, 0.000000000000000000, 1.000000000000000000 ) ) ;
#1980 = LINE ( 'NONE', #2635, #897 ) ;
#1981 = VERTEX_POINT ( 'NONE', #1234 ) ;
#1982 = EDGE_CURVE ( 'NONE', #3345, #346, #1523, .T. ) ;
#1983 = VECTOR ( 'NONE', #187, 1000.000000000000000 ) ;
#1984 = DIRECTION ( 'NONE',  ( 0.000000000000000000, 0.000000000000000000, 1.000000000000000000 ) ) ;
#1985 = CIRCLE ( 'NONE', #455, 2.099999999999817124 ) ;
#1986 = ORIENTED_EDGE ( 'NONE', *, *, #1722, .T. ) ;
#1987 = FACE_OUTER_BOUND ( 'NONE', #1169, .T. ) ;
#1988 = VECTOR ( 'NONE', #3420, 1000.000000000000000 ) ;
#1989 = DIRECTION ( 'NONE',  ( 0.000000000000000000, 1.000000000000000000, 0.000000000000000000 ) ) ;
#1990 = EDGE_LOOP ( 'NONE', ( #2891, #3279, #2664, #1194 ) ) ;
#1991 = LINE ( 'NONE', #412, #2478 ) ;
#1992 = CIRCLE ( 'NONE', #461, 3.499999999999817479 ) ;
#1993 = CYLINDRICAL_SURFACE ( 'NONE', #2030, 2.599999999999998312 ) ;
#1994 = ORIENTED_EDGE ( 'NONE', *, *, #2230, .F. ) ;
#1995 = LINE ( 'NONE', #2273, #782 ) ;
#1996 = PERSON_AND_ORGANIZATION ( #1178, #2513 ) ;
#1997 = EDGE_CURVE ( 'NONE', #261, #120, #1750, .T. ) ;
#1998 = CARTESIAN_POINT ( 'NONE',  ( 11.66328970827721179, -5.000000000000365041, 13.04674952548956846 ) ) ;
#1999 = CARTESIAN_POINT ( 'NONE',  ( 11.66328970827721179, 128.9999999999998863, -13.04674952549058098 ) ) ;
#2000 = ORIENTED_EDGE ( 'NONE', *, *, #1524, .F. ) ;
#2001 = EDGE_CURVE ( 'NONE', #127, #2754, #669, .T. ) ;
#2002 = CARTESIAN_POINT ( 'NONE',  ( -60.00000000000000000, -1.999999999999994005, -60.00000000000001421 ) ) ;
#2003 = VERTEX_POINT ( 'NONE', #3123 ) ;
#2004 = LINE ( 'NONE', #1706, #755 ) ;
#2005 = VECTOR ( 'NONE', #3281, 1000.000000000000000 ) ;
#2006 = EDGE_CURVE ( 'NONE', #2254, #2107, #2505, .T. ) ;
#2007 = CARTESIAN_POINT ( 'NONE',  ( 31.80000000000000071, 119.7499999999999574, -4.750000000000845546 ) ) ;
#2008 = EDGE_LOOP ( 'NONE', ( #510, #1760, #2619, #1071 ) ) ;
#2009 = DIRECTION ( 'NONE',  ( 0.000000000000000000, 1.000000000000000000, 0.000000000000000000 ) ) ;
#2010 = AXIS2_PLACEMENT_3D ( 'NONE', #2319, #2370, #2868 ) ;
#2011 = CARTESIAN_POINT ( 'NONE',  ( 14.67537912918857756, 127.9999999999999147, -11.26424642018260514 ) ) ;
#2012 = ORIENTED_EDGE ( 'NONE', *, *, #1348, .T. ) ;
#2013 = CARTESIAN_POINT ( 'NONE',  ( -49.99999999999999289, -4.999999999999992895, 50.00000000000000000 ) ) ;
#2014 = APPLICATION_PROTOCOL_DEFINITION ( 'international standard', 'config_control_design', 1994, #2503 ) ;
#2015 = DIRECTION ( 'NONE',  ( 1.156482317317871725E-16, -0.000000000000000000, -1.000000000000000000 ) ) ;
#2016 = FACE_BOUND ( 'NONE', #1104, .T. ) ;
#2017 = ORIENTED_EDGE ( 'NONE', *, *, #2258, .F. ) ;
#2018 = CARTESIAN_POINT ( 'NONE',  ( -50.00000000000000000, -4.999999999999992895, -50.00000000000001421 ) ) ;
#2019 = ORIENTED_EDGE ( 'NONE', *, *, #2967, .T. ) ;
#2020 = LINE ( 'NONE', #722, #2175 ) ;
#2021 = PRODUCT_RELATED_PRODUCT_CATEGORY ( 'detail', '', ( #2303 ) ) ;
#2022 = EDGE_CURVE ( 'NONE', #318, #305, #1980, .T. ) ;
#2023 = DIRECTION ( 'NONE',  ( 0.000000000000000000, -1.000000000000000000, 0.000000000000000000 ) ) ;
#2024 = VERTEX_POINT ( 'NONE', #1322 ) ;
#2025 = CARTESIAN_POINT ( 'NONE',  ( -11.66328970827735922, 104.1999999999998749, -13.04674952549040690 ) ) ;
#2026 = EDGE_CURVE ( 'NONE', #144, #404, #1238, .T. ) ;
#2027 = AXIS2_PLACEMENT_3D ( 'NONE', #936, #2034, #2015 ) ;
#2028 = DIRECTION ( 'NONE',  ( 1.143848312570466978E-29, 1.000000000000000000, -7.000000000000008827E-15 ) ) ;
#2029 = ORIENTED_EDGE ( 'NONE', *, *, #1613, .T. ) ;
#2030 = AXIS2_PLACEMENT_3D ( 'NONE', #891, #930, #1956 ) ;
#2031 = DIRECTION ( 'NONE',  ( 0.000000000000000000, 1.000000000000000000, 0.000000000000000000 ) ) ;
#2032 = PERSON_AND_ORGANIZATION_ROLE ( 'creator' ) ;
#2033 = AXIS2_PLACEMENT_3D ( 'NONE', #1648, #2725, #2523 ) ;
#2034 = DIRECTION ( 'NONE',  ( 0.7071067811865475727, -0.7071067811865475727, 8.177564888977997868E-17 ) ) ;
#2035 = DIRECTION ( 'NONE',  ( 0.000000000000000000, 1.000000000000000000, 0.000000000000000000 ) ) ;
#2036 = ORIENTED_EDGE ( 'NONE', *, *, #1394, .F. ) ;
#2037 = VECTOR ( 'NONE', #1271, 1000.000000000000000 ) ;
#2038 = AXIS2_PLACEMENT_3D ( 'NONE', #1050, #780, #2945 ) ;
#2039 = CARTESIAN_POINT ( 'NONE',  ( 49.99999999999999289, -4.999999999999992895, -52.60000000000001563 ) ) ;
#2040 = VERTEX_POINT ( 'NONE', #1574 ) ;
#2041 = DIRECTION ( 'NONE',  ( 0.000000000000000000, -1.000000000000000000, 0.000000000000000000 ) ) ;
#2042 = CLOSED_SHELL ( 'NONE', ( #2687, #1662, #1129, #207, #810, #2692, #2576, #2277, #2066, #97, #2105, #2848, #964, #14, #3280, #1455, #508, #1568, #2496, #2323, #316, #1248, #3224, #1087, #2986, #1108, #776, #896, #1872, #118, #649, #2607, #629, #703, #252, #1264, #1369, #1374, #1220, #939, #2672, #2998, #486, #1504, #873, #2251, #147, #1443, #1242, #100, #1180, #3049, #3261, #3342, #1876, #1588, #1284, #2047, #2109, #1047, #741, #2530, #1153, #2838, #1633, #465, #1021, #1918, #503, #3121, #1785, #3181, #1741, #3116, #268, #2759, #3283, #3053, #3477, #2061, #3472, #291, #1134, #2144, #3097, #2101, #3030, #2929, #235, #3296, #1022, #758, #2087, #2188, #1059, #2970, #2669, #3412, #1951, #3451, #422, #694, #1802, #1851, #746, #1704, #1938 ) ) ;
#2043 = CARTESIAN_POINT ( 'NONE',  ( -11.66328970827735922, 104.1999999999998749, -13.04674952549040690 ) ) ;
#2044 = EDGE_CURVE ( 'NONE', #183, #2146, #1013, .T. ) ;
#2045 = ORIENTED_EDGE ( 'NONE', *, *, #3306, .F. ) ;
#2046 = CYLINDRICAL_SURFACE ( 'NONE', #1608, 2.599999999999998312 ) ;
#2047 = ADVANCED_FACE ( 'NONE', ( #1875 ), #3315, .T. ) ;
#2048 = FACE_OUTER_BOUND ( 'NONE', #3405, .T. ) ;
#2049 = VECTOR ( 'NONE', #423, 1000.000000000000000 ) ;
#2050 = ORIENTED_EDGE ( 'NONE', *, *, #2006, .F. ) ;
#2051 = CARTESIAN_POINT ( 'NONE',  ( -11.66328970827735922, 116.9000000000000341, 9.546749525488895216 ) ) ;
#2052 = FACE_OUTER_BOUND ( 'NONE', #957, .T. ) ;
#2053 = DIRECTION ( 'NONE',  ( 0.000000000000000000, 7.090840485744630831E-15, 1.000000000000000000 ) ) ;
#2054 = ORIENTED_EDGE ( 'NONE', *, *, #1197, .T. ) ;
#2055 = DIRECTION ( 'NONE',  ( 1.000000000000000000, -0.000000000000000000, 5.782411586589358625E-17 ) ) ;
#2056 = EDGE_LOOP ( 'NONE', ( #2000, #886, #311, #2354 ) ) ;
#2057 = FACE_OUTER_BOUND ( 'NONE', #2758, .T. ) ;
#2058 = CARTESIAN_POINT ( 'NONE',  ( -11.66328970827735922, 129.0000000000000568, 13.04674952548862876 ) ) ;
#2059 = VERTEX_POINT ( 'NONE', #2332 ) ;
#2060 = DIRECTION ( 'NONE',  ( 0.000000000000000000, 7.930164461608679325E-15, 1.000000000000000000 ) ) ;
#2061 = ADVANCED_FACE ( 'NONE', ( #2069, #2933 ), #2651, .T. ) ;
#2062 = AXIS2_PLACEMENT_3D ( 'NONE', #929, #2817, #1533 ) ;
#2063 = DIRECTION ( 'NONE',  ( -0.7071067811865474617, -0.7071067811865474617, 0.000000000000000000 ) ) ;
#2064 = ORIENTED_EDGE ( 'NONE', *, *, #329, .T. ) ;
#2065 = CARTESIAN_POINT ( 'NONE',  ( -50.00000000000000711, 1.999999999999986233, -47.40000000000000568 ) ) ;
#2066 = ADVANCED_FACE ( 'NONE', ( #1823 ), #2133, .F. ) ;
#2067 = EDGE_CURVE ( 'NONE', #2003, #11, #1560, .T. ) ;
#2068 = FACE_OUTER_BOUND ( 'NONE', #1183, .T. ) ;
#2069 = FACE_OUTER_BOUND ( 'NONE', #2157, .T. ) ;
#2070 = VERTEX_POINT ( 'NONE', #3415 ) ;
#2071 = DIRECTION ( 'NONE',  ( 1.982541115402168648E-15, 7.930164461608674592E-15, 1.000000000000000000 ) ) ;
#2072 = ORIENTED_EDGE ( 'NONE', *, *, #958, .T. ) ;
#2073 = CARTESIAN_POINT ( 'NONE',  ( -50.00000000000000711, -4.999999999999992895, 58.99999999999999289 ) ) ;
#2074 = CARTESIAN_POINT ( 'NONE',  ( 49.99999999999999289, -4.999999999999992895, -47.40000000000001990 ) ) ;
#2075 = ORIENTED_EDGE ( 'NONE', *, *, #2798, .T. ) ;
#2076 = DIRECTION ( 'NONE',  ( 0.000000000000000000, 0.000000000000000000, 1.000000000000000000 ) ) ;
#2077 = DIRECTION ( 'NONE',  ( 0.000000000000000000, 1.000000000000000000, 0.000000000000000000 ) ) ;
#2078 = EDGE_LOOP ( 'NONE', ( #3124, #1739 ) ) ;
#2079 = CYLINDRICAL_SURFACE ( 'NONE', #2991, 4.249999999999996447 ) ;
#2080 = CIRCLE ( 'NONE', #663, 3.499999999999819256 ) ;
#2081 = AXIS2_PLACEMENT_3D ( 'NONE', #1408, #1764, #70 ) ;
#2082 = CARTESIAN_POINT ( 'NONE',  ( 29.60000000000000142, 122.4499999999999602, -4.750000000000845546 ) ) ;
#2083 = EDGE_CURVE ( 'NONE', #3203, #2160, #2594, .T. ) ;
#2084 = CARTESIAN_POINT ( 'NONE',  ( -50.00000000000000711, -4.999999999999992895, -50.00000000000000000 ) ) ;
#2085 = VERTEX_POINT ( 'NONE', #2398 ) ;
#2086 = PLANE ( 'NONE',  #917 ) ;
#2087 = ADVANCED_FACE ( 'NONE', ( #2615 ), #5, .F. ) ;
#2088 = ORIENTED_EDGE ( 'NONE', *, *, #545, .F. ) ;
#2089 = LINE ( 'NONE', #150, #2114 ) ;
#2090 = AXIS2_PLACEMENT_3D ( 'NONE', #1761, #870, #99 ) ;
#2091 = CARTESIAN_POINT ( 'NONE',  ( 11.66328970827721179, 112.1999999999999176, -9.546749525490648480 ) ) ;
#2092 = ORIENTED_EDGE ( 'NONE', *, *, #2213, .T. ) ;
#2093 = CYLINDRICAL_SURFACE ( 'NONE', #2340, 18.50000000000000000 ) ;
#2094 = DIRECTION ( 'NONE',  ( 1.143848312570467118E-29, 1.000000000000000000, -7.000000000000009616E-15 ) ) ;
#2095 = ORIENTED_EDGE ( 'NONE', *, *, #1556, .F. ) ;
#2096 = CARTESIAN_POINT ( 'NONE',  ( 11.66328970827721179, -5.000000000000365041, 13.04674952548956846 ) ) ;
#2097 = AXIS2_PLACEMENT_3D ( 'NONE', #2388, #1843, #2106 ) ;
#2098 = CARTESIAN_POINT ( 'NONE',  ( 50.00000000000000000, -4.999999999999992895, -59.00000000000000711 ) ) ;
#2099 = CARTESIAN_POINT ( 'NONE',  ( 35.27521371232667491, 127.3380960936017487, -10.00000000000089173 ) ) ;
#2100 = CIRCLE ( 'NONE', #628, 19.49999999999995737 ) ;
#2101 = ADVANCED_FACE ( 'NONE', ( #2116 ), #2987, .F. ) ;
#2102 = DIRECTION ( 'NONE',  ( 1.143848312570467118E-29, 1.000000000000000000, -7.000000000000009616E-15 ) ) ;
#2103 = ORIENTED_EDGE ( 'NONE', *, *, #55, .T. ) ;
#2104 = APPLICATION_PROTOCOL_DEFINITION ( 'international standard', 'config_control_design', 1994, #811 ) ;
#2105 = ADVANCED_FACE ( 'NONE', ( #3187 ), #214, .F. ) ;
#2106 = DIRECTION ( 'NONE',  ( 0.000000000000000000, 0.000000000000000000, 1.000000000000000000 ) ) ;
#2107 = VERTEX_POINT ( 'NONE', #506 ) ;
#2108 = DIRECTION ( 'NONE',  ( 0.000000000000000000, 1.000000000000000000, 0.000000000000000000 ) ) ;
#2109 = ADVANCED_FACE ( 'NONE', ( #766 ), #842, .T. ) ;
#2110 = DIRECTION ( 'NONE',  ( 0.000000000000000000, 0.000000000000000000, 1.000000000000000000 ) ) ;
#2111 = ORIENTED_EDGE ( 'NONE', *, *, #2426, .F. ) ;
#2112 = CARTESIAN_POINT ( 'NONE',  ( 29.60000000000000142, 122.4500000000000313, 4.749999999999154454 ) ) ;
#2113 = AXIS2_PLACEMENT_3D ( 'NONE', #44, #2677, #3473 ) ;
#2114 = VECTOR ( 'NONE', #3386, 1000.000000000000114 ) ;
#2115 = FACE_BOUND ( 'NONE', #1219, .T. ) ;
#2116 = FACE_OUTER_BOUND ( 'NONE', #3382, .T. ) ;
#2117 = DIRECTION ( 'NONE',  ( 0.000000000000000000, 1.000000000000000000, 0.000000000000000000 ) ) ;
#2118 = APPROVAL_PERSON_ORGANIZATION ( #1714, #3411, #2806 ) ;
#2119 = ORIENTED_EDGE ( 'NONE', *, *, #1001, .F. ) ;
#2120 = DIRECTION ( 'NONE',  ( 0.000000000000000000, 0.000000000000000000, 1.000000000000000000 ) ) ;
#2121 = CARTESIAN_POINT ( 'NONE',  ( 49.99999999999999289, 1.999999999999986233, -54.25000000000001421 ) ) ;
#2122 = ORIENTED_EDGE ( 'NONE', *, *, #2387, .T. ) ;
#2123 = CC_DESIGN_PERSON_AND_ORGANIZATION_ASSIGNMENT ( #2919, #2488, ( #1241 ) ) ;
#2124 = EDGE_CURVE ( 'NONE', #1342, #1858, #2708, .T. ) ;
#2125 = CARTESIAN_POINT ( 'NONE',  ( -49.99999999999999289, -4.999999999999992895, 52.60000000000000142 ) ) ;
#2126 = DIRECTION ( 'NONE',  ( 0.000000000000000000, 1.000000000000000000, 0.000000000000000000 ) ) ;
#2127 = EDGE_LOOP ( 'NONE', ( #1815, #1778, #3071, #3310 ) ) ;
#2128 = EDGE_CURVE ( 'NONE', #853, #1304, #2442, .T. ) ;
#2129 = DIRECTION ( 'NONE',  ( 0.000000000000000000, 6.751356230828655000E-15, 1.000000000000000000 ) ) ;
#2130 = CARTESIAN_POINT ( 'NONE',  ( 3.411622836087721934E-15, -4.999999999999992895, -59.00000000000000711 ) ) ;
#2131 = EDGE_LOOP ( 'NONE', ( #488, #2236, #3155, #2119 ) ) ;
#2132 = AXIS2_PLACEMENT_3D ( 'NONE', #1520, #3122, #1018 ) ;
#2133 = CYLINDRICAL_SURFACE ( 'NONE', #2936, 3.499999999999815703 ) ;
#2134 = AXIS2_PLACEMENT_3D ( 'NONE', #2931, #1002, #987 ) ;
#2135 = DIRECTION ( 'NONE',  ( 1.143848312570467118E-29, 1.000000000000000000, -7.000000000000008827E-15 ) ) ;
#2136 = VERTEX_POINT ( 'NONE', #752 ) ;
#2137 = AXIS2_PLACEMENT_3D ( 'NONE', #1116, #30, #1884 ) ;
#2138 =( LENGTH_UNIT ( ) NAMED_UNIT ( * ) SI_UNIT ( .MILLI., .METRE. ) );
#2139 = AXIS2_PLACEMENT_3D ( 'NONE', #1607, #2685, #265 ) ;
#2140 = CARTESIAN_POINT ( 'NONE',  ( 59.99999999999998579, -3.999999999999992450, 49.99999999999997868 ) ) ;
#2141 = VERTEX_POINT ( 'NONE', #179 ) ;
#2142 = CARTESIAN_POINT ( 'NONE',  ( 49.99999999999997868, 6.999999999999986677, 59.99999999999999289 ) ) ;
#2143 = CIRCLE ( 'NONE', #231, 2.599999999999998312 ) ;
#2144 = ADVANCED_FACE ( 'NONE', ( #1839, #988 ), #2916, .T. ) ;
#2145 = LINE ( 'NONE', #3213, #59 ) ;
#2146 = VERTEX_POINT ( 'NONE', #2152 ) ;
#2147 = PLANE ( 'NONE',  #2658 ) ;
#2148 = VERTEX_POINT ( 'NONE', #3019 ) ;
#2149 = EDGE_CURVE ( 'NONE', #1352, #2494, #1583, .T. ) ;
#2150 = DIRECTION ( 'NONE',  ( 0.000000000000000000, -0.7071067811865474617, -0.7071067811865474617 ) ) ;
#2151 = EDGE_LOOP ( 'NONE', ( #648, #2875, #82, #2386 ) ) ;
#2152 = CARTESIAN_POINT ( 'NONE',  ( -50.00000000000000711, -4.999999999999992895, -47.40000000000000568 ) ) ;
#2153 = ORGANIZATION ( 'NAUO-ORG1', 'UNSPECIFIED', 'UNSPECIFIED' ) ;
#2154 = AXIS2_PLACEMENT_3D ( 'NONE', #812, #1130, #2472 ) ;
#2155 = CARTESIAN_POINT ( 'NONE',  ( 50.00000000000000711, 1.999999999999986233, 49.99999999999998579 ) ) ;
#2156 = CIRCLE ( 'NONE', #2437, 1.350000000000004086 ) ;
#2157 = EDGE_LOOP ( 'NONE', ( #3441, #825 ) ) ;
#2158 = DATE_AND_TIME ( #790, #992 ) ;
#2159 = LINE ( 'NONE', #3039, #345 ) ;
#2160 = VERTEX_POINT ( 'NONE', #1680 ) ;
#2161 = DIRECTION ( 'NONE',  ( 1.155557966632372481E-29, 1.000000000000000000, -6.999999999999907064E-15 ) ) ;
#2162 = DIRECTION ( 'NONE',  ( 0.000000000000000000, 0.000000000000000000, -1.000000000000000000 ) ) ;
#2163 = ORIENTED_EDGE ( 'NONE', *, *, #2026, .T. ) ;
#2164 = CARTESIAN_POINT ( 'NONE',  ( 1.301042606983153579E-15, 116.8999999999999773, -8.176889390390725385E-13 ) ) ;
#2165 = ORIENTED_EDGE ( 'NONE', *, *, #1657, .T. ) ;
#2166 = EDGE_CURVE ( 'NONE', #1623, #2306, #3002, .T. ) ;
#2167 = CARTESIAN_POINT ( 'NONE',  ( 31.80000000000000071, 122.4500000000000313, 4.749999999999154454 ) ) ;
#2168 = ORIENTED_EDGE ( 'NONE', *, *, #1552, .F. ) ;
#2169 = DIRECTION ( 'NONE',  ( 0.000000000000000000, 7.930164461608679325E-15, 1.000000000000000000 ) ) ;
#2170 = EDGE_CURVE ( 'NONE', #2254, #2003, #3430, .T. ) ;
#2171 = AXIS2_PLACEMENT_3D ( 'NONE', #2249, #375, #1457 ) ;
#2172 = PLANE ( 'NONE',  #2928 ) ;
#2173 = VERTEX_POINT ( 'NONE', #558 ) ;
#2174 = EDGE_CURVE ( 'NONE', #816, #1065, #1313, .T. ) ;
#2175 = VECTOR ( 'NONE', #185, 1000.000000000000000 ) ;
#2176 = PRODUCT_DEFINITION_FORMATION_WITH_SPECIFIED_SOURCE ( '�', '', #163, .NOT_KNOWN. ) ;
#2177 = CARTESIAN_POINT ( 'NONE',  ( 37.00422475038948988, 125.6708134506064312, 9.999999999999120703 ) ) ;
#2178 = EDGE_LOOP ( 'NONE', ( #3322, #156, #3422, #1948 ) ) ;
#2179 = DIRECTION ( 'NONE',  ( 0.000000000000000000, -1.000000000000000000, 0.000000000000000000 ) ) ;
#2180 = PERSON_AND_ORGANIZATION_ROLE ( 'classification_officer' ) ;
#2181 = DIRECTION ( 'NONE',  ( -0.7071067811865474617, 0.7071067811865474617, 0.000000000000000000 ) ) ;
#2182 = ORIENTED_EDGE ( 'NONE', *, *, #2955, .T. ) ;
#2183 = LINE ( 'NONE', #294, #447 ) ;
#2184 = ORIENTED_EDGE ( 'NONE', *, *, #1681, .T. ) ;
#2185 = DIRECTION ( 'NONE',  ( -1.143848312570467118E-29, -1.000000000000000000, 7.000000000000009616E-15 ) ) ;
#2186 = ORIENTED_EDGE ( 'NONE', *, *, #1485, .F. ) ;
#2187 = DIRECTION ( 'NONE',  ( 0.000000000000000000, -1.000000000000000000, 0.000000000000000000 ) ) ;
#2188 = ADVANCED_FACE ( 'NONE', ( #2740 ), #2252, .F. ) ;
#2189 = CARTESIAN_POINT ( 'NONE',  ( -9.555700305556021235, 127.9999999999998153, -15.84104136950676889 ) ) ;
#2190 = ORIENTED_EDGE ( 'NONE', *, *, #3454, .F. ) ;
#2191 = AXIS2_PLACEMENT_3D ( 'NONE', #2649, #3380, #972 ) ;
#2192 = EDGE_CURVE ( 'NONE', #635, #3345, #2486, .T. ) ;
#2193 = CARTESIAN_POINT ( 'NONE',  ( -50.00000000000000711, -3.999999999999992450, 49.99999999999998579 ) ) ;
#2194 = AXIS2_PLACEMENT_3D ( 'NONE', #430, #3408, #1299 ) ;
#2195 = VERTEX_POINT ( 'NONE', #2467 ) ;
#2196 = FACE_OUTER_BOUND ( 'NONE', #165, .T. ) ;
#2197 = AXIS2_PLACEMENT_3D ( 'NONE', #1999, #899, #1163 ) ;
#2198 = LINE ( 'NONE', #1848, #1634 ) ;
#2199 = EDGE_LOOP ( 'NONE', ( #3365, #1940 ) ) ;
#2200 = DIRECTION ( 'NONE',  ( 0.000000000000000000, 7.930164461608679325E-15, 1.000000000000000000 ) ) ;
#2201 = EDGE_LOOP ( 'NONE', ( #2710, #1277, #1392, #1685, #1258 ) ) ;
#2202 = CIRCLE ( 'NONE', #2257, 2.599999999999998312 ) ;
#2203 = CARTESIAN_POINT ( 'NONE',  ( 15.01128486040825116, 128.6840851045340059, -11.94808676394774771 ) ) ;
#2204 = ORIENTED_EDGE ( 'NONE', *, *, #1433, .T. ) ;
#2205 = CARTESIAN_POINT ( 'NONE',  ( -14.86764567591923480, 128.3503387664085835, -11.58914012144885497 ) ) ;
#2206 = DIRECTION ( 'NONE',  ( 0.000000000000000000, 6.556435184794231724E-15, 1.000000000000000000 ) ) ;
#2207 = EDGE_LOOP ( 'NONE', ( #785, #31, #2226, #3294 ) ) ;
#2208 = EDGE_CURVE ( 'NONE', #641, #2681, #901, .T. ) ;
#2209 = AXIS2_PLACEMENT_3D ( 'NONE', #1829, #2939, #2890 ) ;
#2210 = CARTESIAN_POINT ( 'NONE',  ( 50.00000000000000711, 1.999999999999986233, 49.99999999999998579 ) ) ;
#2211 = ORIENTED_EDGE ( 'NONE', *, *, #924, .F. ) ;
#2212 = CARTESIAN_POINT ( 'NONE',  ( 41.78871207302671564, 129.0000000000000568, 9.999999999999095834 ) ) ;
#2213 = EDGE_CURVE ( 'NONE', #1145, #635, #726, .T. ) ;
#2214 = ORIENTED_EDGE ( 'NONE', *, *, #1328, .T. ) ;
#2215 = DIRECTION ( 'NONE',  ( 0.000000000000000000, 0.000000000000000000, -1.000000000000000000 ) ) ;
#2216 = ORIENTED_EDGE ( 'NONE', *, *, #1111, .T. ) ;
#2217 = EDGE_CURVE ( 'NONE', #1373, #989, #1184, .T. ) ;
#2218 = CARTESIAN_POINT ( 'NONE',  ( 11.66328970827721179, 94.30050506338866967, -16.54674952549015288 ) ) ;
#2219 = ORIENTED_EDGE ( 'NONE', *, *, #1832, .F. ) ;
#2220 = DIRECTION ( 'NONE',  ( 0.000000000000000000, 1.000000000000000000, 0.000000000000000000 ) ) ;
#2221 = DIRECTION ( 'NONE',  ( 0.000000000000000000, 0.000000000000000000, 1.000000000000000000 ) ) ;
#2222 = DIRECTION ( 'NONE',  ( 1.143848312570467118E-29, 1.000000000000000000, -7.000000000000008827E-15 ) ) ;
#2223 = ORIENTED_EDGE ( 'NONE', *, *, #1394, .T. ) ;
#2224 = AXIS2_PLACEMENT_3D ( 'NONE', #1582, #1316, #2390 ) ;
#2225 = DIRECTION ( 'NONE',  ( 0.000000000000000000, 0.000000000000000000, 1.000000000000000000 ) ) ;
#2226 = ORIENTED_EDGE ( 'NONE', *, *, #3073, .F. ) ;
#2227 = PLANE ( 'NONE',  #585 ) ;
#2228 =( GEOMETRIC_REPRESENTATION_CONTEXT ( 3 ) GLOBAL_UNCERTAINTY_ASSIGNED_CONTEXT ( ( #970 ) ) GLOBAL_UNIT_ASSIGNED_CONTEXT ( ( #3190, #1343, #1579 ) ) REPRESENTATION_CONTEXT ( 'NONE', 'WORKASPACE' ) );
#2229 = COORDINATED_UNIVERSAL_TIME_OFFSET ( 0, 0, .AHEAD. ) ;
#2230 = EDGE_CURVE ( 'NONE', #1272, #1616, #3375, .T. ) ;
#2231 = VERTEX_POINT ( 'NONE', #1891 ) ;
#2232 = LINE ( 'NONE', #117, #787 ) ;
#2233 = CARTESIAN_POINT ( 'NONE',  ( 50.00000000000000711, -4.999999999999992895, 49.99999999999998579 ) ) ;
#2234 = EDGE_CURVE ( 'NONE', #2470, #2773, #2765, .T. ) ;
#2235 = FACE_OUTER_BOUND ( 'NONE', #941, .T. ) ;
#2236 = ORIENTED_EDGE ( 'NONE', *, *, #2451, .T. ) ;
#2237 = DIRECTION ( 'NONE',  ( 0.000000000000000000, 7.930164461608679325E-15, 1.000000000000000000 ) ) ;
#2238 = PERSON_AND_ORGANIZATION_ROLE ( 'design_supplier' ) ;
#2239 = CARTESIAN_POINT ( 'NONE',  ( -60.00000000000000711, 5.999999999999985789, 49.99999999999998579 ) ) ;
#2240 = DIRECTION ( 'NONE',  ( 0.000000000000000000, 6.870191984066563133E-15, 1.000000000000000000 ) ) ;
#2241 = EDGE_LOOP ( 'NONE', ( #3313, #1080, #2497, #2616 ) ) ;
#2242 = CARTESIAN_POINT ( 'NONE',  ( -14.67537912918865928, 122.9499999999998892, -11.26424642018245947 ) ) ;
#2243 = VERTEX_POINT ( 'NONE', #2721 ) ;
#2244 = AXIS2_PLACEMENT_3D ( 'NONE', #2743, #1929, #1908 ) ;
#2245 = FACE_OUTER_BOUND ( 'NONE', #134, .T. ) ;
#2246 = VECTOR ( 'NONE', #1391, 1000.000000000000000 ) ;
#2247 = DIRECTION ( 'NONE',  ( 0.000000000000000000, 6.608470384674126103E-15, 1.000000000000000000 ) ) ;
#2248 = EDGE_LOOP ( 'NONE', ( #2960, #670 ) ) ;
#2249 = CARTESIAN_POINT ( 'NONE',  ( 11.66328970827721179, 104.2000000000000739, 13.04674952548880285 ) ) ;
#2250 = CIRCLE ( 'NONE', #1293, 13.69999999999996554 ) ;
#2251 = ADVANCED_FACE ( 'NONE', ( #36, #1906 ), #1142, .T. ) ;
#2252 = CONICAL_SURFACE ( 'NONE', #2819, 18.50000000000000000, 0.7853981633974415066 ) ;
#2253 = PLANE ( 'NONE',  #2873 ) ;
#2254 = VERTEX_POINT ( 'NONE', #4 ) ;
#2255 = DIRECTION ( 'NONE',  ( 8.659560562354034296E-17, -0.7071067811865499042, 0.7071067811865452413 ) ) ;
#2256 = DATE_AND_TIME ( #1177, #2631 ) ;
#2257 = AXIS2_PLACEMENT_3D ( 'NONE', #1835, #1587, #2629 ) ;
#2258 = EDGE_CURVE ( 'NONE', #452, #2243, #1470, .T. ) ;
#2259 = DIRECTION ( 'NONE',  ( 0.000000000000000000, 0.000000000000000000, 1.000000000000000000 ) ) ;
#2260 = VECTOR ( 'NONE', #2268, 1000.000000000000000 ) ;
#2261 = FACE_OUTER_BOUND ( 'NONE', #1255, .T. ) ;
#2262 = ORIENTED_EDGE ( 'NONE', *, *, #943, .F. ) ;
#2263 = DIRECTION ( 'NONE',  ( 0.000000000000000000, 1.000000000000000000, 0.000000000000000000 ) ) ;
#2264 = VERTEX_POINT ( 'NONE', #3289 ) ;
#2265 = FACE_OUTER_BOUND ( 'NONE', #3096, .T. ) ;
#2266 = CARTESIAN_POINT ( 'NONE',  ( 4.898587196589413026E-15, 123.9999999999998863, 40.00000000000000000 ) ) ;
#2267 = ORIENTED_EDGE ( 'NONE', *, *, #3219, .F. ) ;
#2268 = DIRECTION ( 'NONE',  ( -1.000000000000000000, -0.000000000000000000, -5.782411586589358625E-17 ) ) ;
#2269 = AXIS2_PLACEMENT_3D ( 'NONE', #2599, #181, #718 ) ;
#2270 = DIRECTION ( 'NONE',  ( 0.000000000000000000, -0.000000000000000000, 1.000000000000000000 ) ) ;
#2271 = ORIENTED_EDGE ( 'NONE', *, *, #714, .T. ) ;
#2272 = APPROVAL ( #1976, '未' ) ;
#2273 = CARTESIAN_POINT ( 'NONE',  ( 58.99999999999999289, 6.999999999999986677, 6.823245672175441501E-15 ) ) ;
#2274 = PERSON_AND_ORGANIZATION ( #1178, #2513 ) ;
#2275 = LINE ( 'NONE', #2098, #2527 ) ;
#2276 = CC_DESIGN_PERSON_AND_ORGANIZATION_ASSIGNMENT ( #1996, #2032, ( #3260 ) ) ;
#2277 = ADVANCED_FACE ( 'NONE', ( #2951 ), #524, .F. ) ;
#2278 = DIRECTION ( 'NONE',  ( 0.000000000000000000, 0.000000000000000000, -1.000000000000000000 ) ) ;
#2279 = ORIENTED_EDGE ( 'NONE', *, *, #2737, .F. ) ;
#2280 = DIRECTION ( 'NONE',  ( 8.659560562354903276E-17, -0.7071067811865500152, 0.7071067811865451302 ) ) ;
#2281 = EDGE_CURVE ( 'NONE', #3453, #2444, #2966, .T. ) ;
#2282 = EDGE_LOOP ( 'NONE', ( #2286, #3371, #1775, #518 ) ) ;
#2283 = DIRECTION ( 'NONE',  ( 1.143848312570467118E-29, 1.000000000000000000, -7.000000000000009616E-15 ) ) ;
#2284 = AXIS2_PLACEMENT_3D ( 'NONE', #926, #80, #3350 ) ;
#2285 = CARTESIAN_POINT ( 'NONE',  ( 0.000000000000000000, -2.000000000000001776, 0.000000000000000000 ) ) ;
#2286 = ORIENTED_EDGE ( 'NONE', *, *, #2967, .F. ) ;
#2287 = CARTESIAN_POINT ( 'NONE',  ( 49.99999999999999289, -4.999999999999992895, -50.00000000000001421 ) ) ;
#2288 = CARTESIAN_POINT ( 'NONE',  ( 11.66328970827721179, -5.000000000000546230, -15.14674952548945974 ) ) ;
#2289 = ORIENTED_EDGE ( 'NONE', *, *, #2466, .F. ) ;
#2290 = DIRECTION ( 'NONE',  ( -0.000000000000000000, 1.000000000000000000, -0.000000000000000000 ) ) ;
#2291 = COORDINATED_UNIVERSAL_TIME_OFFSET ( 0, 0, .AHEAD. ) ;
#2292 = FACE_OUTER_BOUND ( 'NONE', #1882, .T. ) ;
#2293 = CARTESIAN_POINT ( 'NONE',  ( -50.00000000000000711, 6.999999999999986677, 58.99999999999999289 ) ) ;
#2294 = ORIENTED_EDGE ( 'NONE', *, *, #1524, .T. ) ;
#2295 = EDGE_CURVE ( 'NONE', #3258, #2750, #1124, .T. ) ;
#2296 = DIRECTION ( 'NONE',  ( -0.000000000000000000, -1.000000000000000000, 0.000000000000000000 ) ) ;
#2297 = EDGE_LOOP ( 'NONE', ( #2656, #1889, #2972, #2804 ) ) ;
#2298 = CARTESIAN_POINT ( 'NONE',  ( 11.66328970827721179, 112.2000000000000597, 13.04674952548874778 ) ) ;
#2299 = EDGE_CURVE ( 'NONE', #3102, #835, #1066, .T. ) ;
#2300 = CARTESIAN_POINT ( 'NONE',  ( 11.66328970827721179, 116.9000000000000625, 13.04674952548871403 ) ) ;
#2301 = AXIS2_PLACEMENT_3D ( 'NONE', #1715, #1162, #2504 ) ;
#2302 = EDGE_LOOP ( 'NONE', ( #3271, #160 ) ) ;
#2303 = PRODUCT ( 'frame0^ZERO_ARM_OVO', 'frame0^ZERO_ARM_OVO', '', ( #399 ) ) ;
#2304 = LINE ( 'NONE', #1567, #2507 ) ;
#2305 = CARTESIAN_POINT ( 'NONE',  ( 11.66328970827721179, 128.9999999999998863, -13.04674952549058098 ) ) ;
#2306 = VERTEX_POINT ( 'NONE', #2308 ) ;
#2307 = VECTOR ( 'NONE', #1585, 1000.000000000000000 ) ;
#2308 = CARTESIAN_POINT ( 'NONE',  ( -60.00000000000000711, -3.999999999999992450, 49.99999999999998579 ) ) ;
#2309 = AXIS2_PLACEMENT_3D ( 'NONE', #3393, #1015, #1228 ) ;
#2310 = DIRECTION ( 'NONE',  ( 0.000000000000000000, 0.000000000000000000, 1.000000000000000000 ) ) ;
#2311 = DIRECTION ( 'NONE',  ( 0.000000000000000000, 1.000000000000000000, -0.000000000000000000 ) ) ;
#2312 = ORIENTED_EDGE ( 'NONE', *, *, #566, .F. ) ;
#2313 = AXIS2_PLACEMENT_3D ( 'NONE', #2841, #2788, #347 ) ;
#2314 = VECTOR ( 'NONE', #1170, 1000.000000000000000 ) ;
#2315 = VECTOR ( 'NONE', #1500, 1000.000000000000114 ) ;
#2316 = DIRECTION ( 'NONE',  ( -0.000000000000000000, 1.000000000000000000, -0.000000000000000000 ) ) ;
#2317 = ORIENTED_EDGE ( 'NONE', *, *, #3157, .T. ) ;
#2318 = EDGE_CURVE ( 'NONE', #527, #1145, #1995, .T. ) ;
#2319 = CARTESIAN_POINT ( 'NONE',  ( 11.66328970827721179, 94.30050506338886862, 13.04674952548887035 ) ) ;
#2320 = CIRCLE ( 'NONE', #620, 1.350000000000004086 ) ;
#2321 = CYLINDRICAL_SURFACE ( 'NONE', #340, 4.249999999999996447 ) ;
#2322 = EDGE_LOOP ( 'NONE', ( #602, #3217 ) ) ;
#2323 = ADVANCED_FACE ( 'NONE', ( #661 ), #915, .F. ) ;
#2324 = DIRECTION ( 'NONE',  ( 0.000000000000000000, 1.000000000000000000, 0.000000000000000000 ) ) ;
#2325 = APPROVAL_PERSON_ORGANIZATION ( #2732, #351, #66 ) ;
#2326 = VECTOR ( 'NONE', #2728, 1000.000000000000000 ) ;
#2327 = CARTESIAN_POINT ( 'NONE',  ( 11.66328970827721179, 112.1999999999998749, -13.04674952549046196 ) ) ;
#2328 = ORIENTED_EDGE ( 'NONE', *, *, #395, .T. ) ;
#2329 = EDGE_CURVE ( 'NONE', #3211, #3409, #1958, .T. ) ;
#2330 = DIRECTION ( 'NONE',  ( -1.143848312570467118E-29, -1.000000000000000000, 7.000000000000009616E-15 ) ) ;
#2331 = FACE_OUTER_BOUND ( 'NONE', #2178, .T. ) ;
#2332 = CARTESIAN_POINT ( 'NONE',  ( -49.99999999999999289, 1.999999999999986233, 52.60000000000000142 ) ) ;
#2333 = ORIENTED_EDGE ( 'NONE', *, *, #2469, .T. ) ;
#2334 = DIRECTION ( 'NONE',  ( 0.000000000000000000, 1.000000000000000000, 0.000000000000000000 ) ) ;
#2335 = VERTEX_POINT ( 'NONE', #1446 ) ;
#2336 = CARTESIAN_POINT ( 'NONE',  ( 3.980102097228897837E-15, 220.9238815542511247, 32.50000000000000000 ) ) ;
#2337 = DIRECTION ( 'NONE',  ( 1.143848312570467118E-29, 1.000000000000000000, -7.000000000000009616E-15 ) ) ;
#2338 = ORIENTED_EDGE ( 'NONE', *, *, #2779, .T. ) ;
#2339 = CYLINDRICAL_SURFACE ( 'NONE', #1780, 2.099999999999818900 ) ;
#2340 = AXIS2_PLACEMENT_3D ( 'NONE', #3442, #3165, #1514 ) ;
#2341 = EDGE_CURVE ( 'NONE', #1527, #3318, #1972, .T. ) ;
#2342 = DIRECTION ( 'NONE',  ( -1.000000000000000000, 0.000000000000000000, -5.782411586589358625E-17 ) ) ;
#2343 = ORIENTED_EDGE ( 'NONE', *, *, #611, .F. ) ;
#2344 = CARTESIAN_POINT ( 'NONE',  ( 59.00000000000000711, -4.999999999999992895, -50.00000000000000711 ) ) ;
#2345 = EDGE_CURVE ( 'NONE', #2474, #127, #1176, .T. ) ;
#2346 = DIRECTION ( 'NONE',  ( 0.000000000000000000, -1.000000000000000000, 0.000000000000000000 ) ) ;
#2347 = ORIENTED_EDGE ( 'NONE', *, *, #1197, .F. ) ;
#2348 = DIRECTION ( 'NONE',  ( 1.143848312570466978E-29, 1.000000000000000000, -7.000000000000009616E-15 ) ) ;
#2349 = ORIENTED_EDGE ( 'NONE', *, *, #2022, .T. ) ;
#2350 = CARTESIAN_POINT ( 'NONE',  ( 11.66328970827721179, 104.1999999999998749, -13.04674952549040690 ) ) ;
#2351 = ORIENTED_EDGE ( 'NONE', *, *, #2170, .T. ) ;
#2352 = DIRECTION ( 'NONE',  ( 1.155557966632372481E-29, 1.000000000000000000, -6.999999999999907064E-15 ) ) ;
#2353 = CARTESIAN_POINT ( 'NONE',  ( 31.80000000000000071, 114.0000000000000568, 9.999999999999202416 ) ) ;
#2354 = ORIENTED_EDGE ( 'NONE', *, *, #1548, .F. ) ;
#2355 = DIRECTION ( 'NONE',  ( 0.000000000000000000, -0.000000000000000000, 1.000000000000000000 ) ) ;
#2356 = CARTESIAN_POINT ( 'NONE',  ( 9.555700305556047880, 122.9500000000000881, 15.84104136950499964 ) ) ;
#2357 = ORIENTED_EDGE ( 'NONE', *, *, #943, .T. ) ;
#2358 = LINE ( 'NONE', #2393, #1298 ) ;
#2359 = AXIS2_PLACEMENT_3D ( 'NONE', #2577, #402, #2522 ) ;
#2360 = EDGE_CURVE ( 'NONE', #557, #11, #2480, .T. ) ;
#2361 = AXIS2_PLACEMENT_3D ( 'NONE', #2327, #223, #1554 ) ;
#2362 = DIRECTION ( 'NONE',  ( 0.000000000000000000, 0.000000000000000000, -1.000000000000000000 ) ) ;
#2363 = DIRECTION ( 'NONE',  ( 0.000000000000000000, 0.000000000000000000, 1.000000000000000000 ) ) ;
#2364 = EDGE_CURVE ( 'NONE', #454, #341, #2143, .T. ) ;
#2365 = VECTOR ( 'NONE', #2559, 1000.000000000000000 ) ;
#2366 = FACE_OUTER_BOUND ( 'NONE', #3336, .T. ) ;
#2367 = AXIS2_PLACEMENT_3D ( 'NONE', #1195, #3085, #680 ) ;
#2368 = ORIENTED_EDGE ( 'NONE', *, *, #2083, .T. ) ;
#2369 = EDGE_CURVE ( 'NONE', #1606, #2401, #1160, .T. ) ;
#2370 = DIRECTION ( 'NONE',  ( 1.143848312570466978E-29, 1.000000000000000000, -7.000000000000009616E-15 ) ) ;
#2371 = VECTOR ( 'NONE', #2555, 1000.000000000000000 ) ;
#2372 = CARTESIAN_POINT ( 'NONE',  ( 50.00000000000000000, 5.999999999999985789, -50.00000000000000711 ) ) ;
#2373 = EDGE_LOOP ( 'NONE', ( #1690, #3081, #844, #92 ) ) ;
#2374 = DIRECTION ( 'NONE',  ( -1.143848312570467118E-29, -1.000000000000000000, 7.000000000000009616E-15 ) ) ;
#2375 = CARTESIAN_POINT ( 'NONE',  ( -11.66328970827735922, 104.2000000000000597, 10.94674952548898617 ) ) ;
#2376 = ORIENTED_EDGE ( 'NONE', *, *, #2466, .T. ) ;
#2377 = CARTESIAN_POINT ( 'NONE',  ( 9.857101656165999870, 128.3503387664084983, -16.06837277509065132 ) ) ;
#2378 = VECTOR ( 'NONE', #2055, 1000.000000000000000 ) ;
#2379 = CARTESIAN_POINT ( 'NONE',  ( 0.000000000000000000, 6.999999999999986677, 0.000000000000000000 ) ) ;
#2380 = ORIENTED_EDGE ( 'NONE', *, *, #1172, .F. ) ;
#2381 = DIRECTION ( 'NONE',  ( 1.143848312570467118E-29, 1.000000000000000000, -7.000000000000009616E-15 ) ) ;
#2382 = AXIS2_PLACEMENT_3D ( 'NONE', #737, #2671, #1825 ) ;
#2383 = CC_DESIGN_PERSON_AND_ORGANIZATION_ASSIGNMENT ( #1026, #528, ( #163 ) ) ;
#2384 = EDGE_CURVE ( 'NONE', #1016, #635, #3378, .T. ) ;
#2385 = DIRECTION ( 'NONE',  ( 0.000000000000000000, 6.608470384674120581E-15, 1.000000000000000000 ) ) ;
#2386 = ORIENTED_EDGE ( 'NONE', *, *, #1982, .F. ) ;
#2387 = EDGE_CURVE ( 'NONE', #1011, #120, #378, .T. ) ;
#2388 = CARTESIAN_POINT ( 'NONE',  ( -50.00000000000000711, 1.999999999999986233, -50.00000000000000000 ) ) ;
#2389 = ORIENTED_EDGE ( 'NONE', *, *, #2716, .F. ) ;
#2390 = DIRECTION ( 'NONE',  ( -1.000000000000000000, 0.000000000000000000, -5.782411586589358625E-17 ) ) ;
#2391 = LINE ( 'NONE', #1658, #1971 ) ;
#2392 = ORIENTED_EDGE ( 'NONE', *, *, #2622, .T. ) ;
#2393 = CARTESIAN_POINT ( 'NONE',  ( -5.719241562852826604E-29, -5.000000000000332179, 12.70000000000003482 ) ) ;
#2394 = CIRCLE ( 'NONE', #3234, 2.599999999999998312 ) ;
#2395 =( GEOMETRIC_REPRESENTATION_CONTEXT ( 3 ) GLOBAL_UNCERTAINTY_ASSIGNED_CONTEXT ( ( #469 ) ) GLOBAL_UNIT_ASSIGNED_CONTEXT ( ( #2138, #1944, #3020 ) ) REPRESENTATION_CONTEXT ( 'NONE', 'WORKASPACE' ) );
#2396 = LINE ( 'NONE', #2683, #554 ) ;
#2397 = VERTEX_POINT ( 'NONE', #2539 ) ;
#2398 = CARTESIAN_POINT ( 'NONE',  ( 31.80000000000000071, 129.0000000000000568, 9.999999999999095834 ) ) ;
#2399 = CIRCLE ( 'NONE', #990, 32.50000000000000000 ) ;
#2400 = DIRECTION ( 'NONE',  ( 1.143848312570467118E-29, 1.000000000000000000, -7.000000000000009616E-15 ) ) ;
#2401 = VERTEX_POINT ( 'NONE', #2575 ) ;
#2402 = EDGE_CURVE ( 'NONE', #366, #2085, #1230, .T. ) ;
#2403 = CARTESIAN_POINT ( 'NONE',  ( 11.66328970827721179, 116.8999999999999204, -9.546749525490678678 ) ) ;
#2404 = ORIENTED_EDGE ( 'NONE', *, *, #249, .T. ) ;
#2405 = CARTESIAN_POINT ( 'NONE',  ( -11.66328970827735922, 112.1999999999998749, -13.04674952549046196 ) ) ;
#2406 = EDGE_CURVE ( 'NONE', #2231, #1186, #933, .T. ) ;
#2407 = DIRECTION ( 'NONE',  ( 1.143848312570466978E-29, 1.000000000000000000, -7.000000000000008827E-15 ) ) ;
#2408 = ORIENTED_EDGE ( 'NONE', *, *, #1348, .F. ) ;
#2409 = FACE_OUTER_BOUND ( 'NONE', #1506, .T. ) ;
#2410 = ORIENTED_EDGE ( 'NONE', *, *, #129, .T. ) ;
#2411 = CARTESIAN_POINT ( 'NONE',  ( 7.499999999999998224, -4.999999999999992895, -28.73849963412725117 ) ) ;
#2412 = VERTEX_POINT ( 'NONE', #3358 ) ;
#2413 = VECTOR ( 'NONE', #543, 1000.000000000000000 ) ;
#2414 = CARTESIAN_POINT ( 'NONE',  ( 1.301042606983280586E-15, 128.0000000000000000, -8.953889390390729041E-13 ) ) ;
#2415 = VECTOR ( 'NONE', #1070, 1000.000000000000000 ) ;
#2416 = FACE_OUTER_BOUND ( 'NONE', #108, .T. ) ;
#2417 = ORIENTED_EDGE ( 'NONE', *, *, #287, .T. ) ;
#2418 = VECTOR ( 'NONE', #1431, 1000.000000000000000 ) ;
#2419 = AXIS2_PLACEMENT_3D ( 'NONE', #3223, #2187, #541 ) ;
#2420 = DIRECTION ( 'NONE',  ( 5.782411586589358625E-17, -0.000000000000000000, -1.000000000000000000 ) ) ;
#2421 = EDGE_CURVE ( 'NONE', #213, #2568, #885, .T. ) ;
#2422 = VERTEX_POINT ( 'NONE', #608 ) ;
#2423 = CARTESIAN_POINT ( 'NONE',  ( -59.00000000000000711, 6.999999999999986677, 49.99999999999998579 ) ) ;
#2424 = AXIS2_PLACEMENT_3D ( 'NONE', #2025, #393, #1969 ) ;
#2425 = CIRCLE ( 'NONE', #2424, 2.099999999999817124 ) ;
#2426 = EDGE_CURVE ( 'NONE', #1606, #2457, #3319, .T. ) ;
#2427 = DIRECTION ( 'NONE',  ( 0.000000000000000000, 0.000000000000000000, -1.000000000000000000 ) ) ;
#2428 = ORIENTED_EDGE ( 'NONE', *, *, #677, .T. ) ;
#2429 = DIRECTION ( 'NONE',  ( 0.000000000000000000, 0.000000000000000000, 1.000000000000000000 ) ) ;
#2430 = DIRECTION ( 'NONE',  ( 0.7071067811865474617, 0.7071067811865474617, 0.000000000000000000 ) ) ;
#2431 = CARTESIAN_POINT ( 'NONE',  ( 11.66328970827721179, 94.30050506338884020, 9.546749525489053312 ) ) ;
#2432 = ORIENTED_EDGE ( 'NONE', *, *, #3219, .T. ) ;
#2433 = DIRECTION ( 'NONE',  ( 1.143848312570467118E-29, 1.000000000000000000, -7.000000000000009616E-15 ) ) ;
#2434 = AXIS2_PLACEMENT_3D ( 'NONE', #493, #1881, #2956 ) ;
#2435 = DIRECTION ( 'NONE',  ( 1.143848312570467118E-29, 1.000000000000000000, -7.000000000000009616E-15 ) ) ;
#2436 = DIRECTION ( 'NONE',  ( 1.000000000000000000, -1.143848312570467258E-29, 9.524450499707741029E-44 ) ) ;
#2437 = AXIS2_PLACEMENT_3D ( 'NONE', #250, #233, #2117 ) ;
#2438 = ORIENTED_EDGE ( 'NONE', *, *, #914, .F. ) ;
#2439 = CYLINDRICAL_SURFACE ( 'NONE', #1820, 4.249999999999996447 ) ;
#2440 = ORIENTED_EDGE ( 'NONE', *, *, #1168, .T. ) ;
#2441 = CARTESIAN_POINT ( 'NONE',  ( 31.80000000000000071, 113.9999999999998863, -10.00000000000079758 ) ) ;
#2442 = B_SPLINE_CURVE_WITH_KNOTS ( 'NONE', 3,
 ( #1254, #1020, #2099, #3397 ),
 .UNSPECIFIED., .F., .F.,
 ( 4, 4 ),
 ( 0.000000000000000000, 0.007205816306754097254 ),
 .UNSPECIFIED. ) ;
#2443 = DIRECTION ( 'NONE',  ( 0.000000000000000000, 1.000000000000000000, 0.000000000000000000 ) ) ;
#2444 = VERTEX_POINT ( 'NONE', #157 ) ;
#2445 = CARTESIAN_POINT ( 'NONE',  ( 41.78871207302671564, 114.0000000000000568, 9.999999999999202416 ) ) ;
#2446 = ORIENTED_EDGE ( 'NONE', *, *, #3436, .T. ) ;
#2447 = EDGE_CURVE ( 'NONE', #318, #3048, #1978, .T. ) ;
#2448 = DIRECTION ( 'NONE',  ( 4.088782444488992155E-17, -0.7071067811865487940, -0.7071067811865463515 ) ) ;
#2449 = EDGE_LOOP ( 'NONE', ( #666, #1927, #2957, #2380 ) ) ;
#2450 = CARTESIAN_POINT ( 'NONE',  ( 0.000000000000000000, -2.000000000000001776, 0.000000000000000000 ) ) ;
#2451 = EDGE_CURVE ( 'NONE', #2660, #535, #3304, .T. ) ;
#2452 = DIRECTION ( 'NONE',  ( 0.000000000000000000, 0.000000000000000000, 1.000000000000000000 ) ) ;
#2453 = ORIENTED_EDGE ( 'NONE', *, *, #920, .T. ) ;
#2454 = AXIS2_PLACEMENT_3D ( 'NONE', #3160, #2041, #1776 ) ;
#2455 = CC_DESIGN_APPROVAL ( #37, ( #2176 ) ) ;
#2456 = DIRECTION ( 'NONE',  ( 0.000000000000000000, 7.930164461608679325E-15, 1.000000000000000000 ) ) ;
#2457 = VERTEX_POINT ( 'NONE', #2344 ) ;
#2458 = DIRECTION ( 'NONE',  ( 1.000000000000000000, 0.000000000000000000, 5.782411586589358625E-17 ) ) ;
#2459 = SECURITY_CLASSIFICATION_LEVEL ( 'unclassified' ) ;
#2460 = LINE ( 'NONE', #1920, #1120 ) ;
#2461 = ORIENTED_EDGE ( 'NONE', *, *, #2911, .F. ) ;
#2462 = CARTESIAN_POINT ( 'NONE',  ( 1.236893267140102596E-15, 106.1999999999999034, -10.10000000000074394 ) ) ;
#2463 = ORIENTED_EDGE ( 'NONE', *, *, #3407, .T. ) ;
#2464 = DIRECTION ( 'NONE',  ( -1.000000000000000000, 0.000000000000000000, -5.782411586589358625E-17 ) ) ;
#2465 = ORIENTED_EDGE ( 'NONE', *, *, #3389, .T. ) ;
#2466 = EDGE_CURVE ( 'NONE', #1616, #3060, #2644, .T. ) ;
#2467 = CARTESIAN_POINT ( 'NONE',  ( 38.72983346207465161, 123.9999999999998863, 9.999999999998129496 ) ) ;
#2468 = DIRECTION ( 'NONE',  ( 0.000000000000000000, 1.000000000000000000, 0.000000000000000000 ) ) ;
#2469 = EDGE_CURVE ( 'NONE', #1359, #3291, #841, .T. ) ;
#2470 = VERTEX_POINT ( 'NONE', #2051 ) ;
#2471 = AXIS2_PLACEMENT_3D ( 'NONE', #419, #381, #664 ) ;
#2472 = DIRECTION ( 'NONE',  ( 0.000000000000000000, 1.000000000000000000, 0.000000000000000000 ) ) ;
#2473 = AXIS2_PLACEMENT_3D ( 'NONE', #1033, #2077, #208 ) ;
#2474 = VERTEX_POINT ( 'NONE', #2877 ) ;
#2475 = FACE_BOUND ( 'NONE', #794, .T. ) ;
#2476 = VECTOR ( 'NONE', #2874, 1000.000000000000114 ) ;
#2477 = APPROVAL_STATUS ( 'not_yet_approved' ) ;
#2478 = VECTOR ( 'NONE', #2517, 1000.000000000000000 ) ;
#2479 = EDGE_LOOP ( 'NONE', ( #656, #1683, #267, #2463 ) ) ;
#2480 = CIRCLE ( 'NONE', #3434, 3.499999999999815703 ) ;
#2481 = PLANE ( 'NONE',  #1865 ) ;
#2482 = CARTESIAN_POINT ( 'NONE',  ( 10.19777118790136861, 128.6840851045341765, 16.25118190404326057 ) ) ;
#2483 = AXIS2_PLACEMENT_3D ( 'NONE', #2096, #3150, #730 ) ;
#2484 = DIRECTION ( 'NONE',  ( -5.782411586589358625E-17, 0.000000000000000000, 1.000000000000000000 ) ) ;
#2485 = ORIENTED_EDGE ( 'NONE', *, *, #1912, .T. ) ;
#2486 = LINE ( 'NONE', #840, #3043 ) ;
#2487 = VECTOR ( 'NONE', #3129, 1000.000000000000000 ) ;
#2488 = PERSON_AND_ORGANIZATION_ROLE ( 'creator' ) ;
#2489 = DIRECTION ( 'NONE',  ( 0.000000000000000000, 1.000000000000000000, 0.000000000000000000 ) ) ;
#2490 = EDGE_LOOP ( 'NONE', ( #2440, #1830, #1405, #369, #1611 ) ) ;
#2491 = EDGE_CURVE ( 'NONE', #968, #3277, #2666, .T. ) ;
#2492 = VECTOR ( 'NONE', #1669, 1000.000000000000114 ) ;
#2493 = FACE_OUTER_BOUND ( 'NONE', #3249, .T. ) ;
#2494 = VERTEX_POINT ( 'NONE', #244 ) ;
#2495 = CARTESIAN_POINT ( 'NONE',  ( 1.301042606983217082E-15, 128.0000000000001421, 18.49999999999910472 ) ) ;
#2496 = ADVANCED_FACE ( 'NONE', ( #1819 ), #2079, .F. ) ;
#2497 = ORIENTED_EDGE ( 'NONE', *, *, #2369, .F. ) ;
#2498 = DIRECTION ( 'NONE',  ( -1.143848312570467118E-29, -1.000000000000000000, 7.000000000000009616E-15 ) ) ;
#2499 = CYLINDRICAL_SURFACE ( 'NONE', #847, 2.599999999999998312 ) ;
#2500 = CARTESIAN_POINT ( 'NONE',  ( 15.09272046571949843, 129.0000000000000568, 12.34746082980740667 ) ) ;
#2501 = ORIENTED_EDGE ( 'NONE', *, *, #1977, .F. ) ;
#2502 = CARTESIAN_POINT ( 'NONE',  ( -9.857101656166168624, 128.3503387664087825, 16.06837277508871509 ) ) ;
#2503 = APPLICATION_CONTEXT ( 'configuration controlled 3d designs of mechanical parts and assemblies' ) ;
#2504 = DIRECTION ( 'NONE',  ( 0.000000000000000000, 7.000000000000009616E-15, 1.000000000000000000 ) ) ;
#2505 = LINE ( 'NONE', #2863, #2418 ) ;
#2506 = ORIENTED_EDGE ( 'NONE', *, *, #2208, .T. ) ;
#2507 = VECTOR ( 'NONE', #693, 1000.000000000000000 ) ;
#2508 = DIRECTION ( 'NONE',  ( 0.000000000000000000, 0.000000000000000000, 1.000000000000000000 ) ) ;
#2509 = CIRCLE ( 'NONE', #2745, 2.099999999999818900 ) ;
#2510 = ORIENTED_EDGE ( 'NONE', *, *, #2511, .F. ) ;
#2511 = EDGE_CURVE ( 'NONE', #428, #1373, #468, .T. ) ;
#2512 = CYLINDRICAL_SURFACE ( 'NONE', #2564, 10.00000000000000178 ) ;
#2513 = ORGANIZATION ( '未', '未', '' ) ;
#2514 = APPROVAL_DATE_TIME ( #3026, #351 ) ;
#2515 = ORIENTED_EDGE ( 'NONE', *, *, #2318, .T. ) ;
#2516 = EDGE_CURVE ( 'NONE', #839, #2422, #727, .T. ) ;
#2517 = DIRECTION ( 'NONE',  ( 0.000000000000000000, 0.000000000000000000, -1.000000000000000000 ) ) ;
#2518 = CARTESIAN_POINT ( 'NONE',  ( 1.301042606983292024E-15, 129.0000000000001137, 19.49999999999904432 ) ) ;
#2519 = ORIENTED_EDGE ( 'NONE', *, *, #298, .T. ) ;
#2520 = CARTESIAN_POINT ( 'NONE',  ( 49.99999999999998579, 5.999999999999985789, 49.99999999999997868 ) ) ;
#2521 = DATE_TIME_ROLE ( 'classification_date' ) ;
#2522 = DIRECTION ( 'NONE',  ( 0.000000000000000000, 6.870191984066563133E-15, 1.000000000000000000 ) ) ;
#2523 = DIRECTION ( 'NONE',  ( 0.000000000000000000, 6.870191984066563133E-15, 1.000000000000000000 ) ) ;
#2524 = VERTEX_POINT ( 'NONE', #2065 ) ;
#2525 = DIRECTION ( 'NONE',  ( 1.143848312570466978E-29, 1.000000000000000000, -7.000000000000008827E-15 ) ) ;
#2526 = ORIENTED_EDGE ( 'NONE', *, *, #3454, .T. ) ;
#2527 = VECTOR ( 'NONE', #3153, 1000.000000000000000 ) ;
#2528 = CARTESIAN_POINT ( 'NONE',  ( 9.555700305555939522, 127.9999999999998153, -15.84104136950682040 ) ) ;
#2529 = CIRCLE ( 'NONE', #2589, 12.69999999999999929 ) ;
#2530 = ADVANCED_FACE ( 'NONE', ( #1850 ), #1357, .T. ) ;
#2531 = DIRECTION ( 'NONE',  ( -0.000000000000000000, -1.000000000000000000, -0.000000000000000000 ) ) ;
#2532 = ORIENTED_EDGE ( 'NONE', *, *, #2653, .T. ) ;
#2533 = CARTESIAN_POINT ( 'NONE',  ( 29.60000000000000142, 122.4499999999999602, -4.750000000000845546 ) ) ;
#2534 = CIRCLE ( 'NONE', #2592, 32.50000000000000000 ) ;
#2535 = EDGE_CURVE ( 'NONE', #2524, #1810, #2202, .T. ) ;
#2536 = AXIS2_PLACEMENT_3D ( 'NONE', #2980, #2220, #301 ) ;
#2537 = CARTESIAN_POINT ( 'NONE',  ( 49.99999999999999289, 1.999999999999986233, -50.00000000000001421 ) ) ;
#2538 = ORIENTED_EDGE ( 'NONE', *, *, #3432, .T. ) ;
#2539 = CARTESIAN_POINT ( 'NONE',  ( -50.00000000000000000, 5.999999999999985789, -60.00000000000001421 ) ) ;
#2540 = APPROVAL_DATE_TIME ( #1730, #3411 ) ;
#2541 = VECTOR ( 'NONE', #657, 1000.000000000000000 ) ;
#2542 = EDGE_CURVE ( 'NONE', #2024, #309, #1571, .T. ) ;
#2543 = PLANE ( 'NONE',  #2027 ) ;
#2544 = CARTESIAN_POINT ( 'NONE',  ( 50.00000000000000711, 1.999999999999986233, 52.59999999999998721 ) ) ;
#2545 = ORIENTED_EDGE ( 'NONE', *, *, #1955, .F. ) ;
#2546 = CARTESIAN_POINT ( 'NONE',  ( 0.000000000000000000, 6.999999999999986677, 0.000000000000000000 ) ) ;
#2547 = ORIENTED_EDGE ( 'NONE', *, *, #2952, .F. ) ;
#2548 = CARTESIAN_POINT ( 'NONE',  ( 1.555301434918347954E-15, 106.1999999999998892, -12.70000000000074358 ) ) ;
#2549 = CARTESIAN_POINT ( 'NONE',  ( 29.60000000000000142, 121.0999999999999517, -4.750000000000845546 ) ) ;
#2550 = ORIENTED_EDGE ( 'NONE', *, *, #985, .F. ) ;
#2551 = LINE ( 'NONE', #639, #2541 ) ;
#2552 = AXIS2_PLACEMENT_3D ( 'NONE', #3110, #2780, #353 ) ;
#2553 = DIRECTION ( 'NONE',  ( 1.143848312570466978E-29, 1.000000000000000000, -7.000000000000009616E-15 ) ) ;
#2554 = EDGE_LOOP ( 'NONE', ( #2211, #1728, #2122, #431 ) ) ;
#2555 = DIRECTION ( 'NONE',  ( 1.143848312570467118E-29, 1.000000000000000000, -7.000000000000008827E-15 ) ) ;
#2556 = CALENDAR_DATE ( 2026, 19, 9 ) ;
#2557 = EDGE_CURVE ( 'NONE', #2474, #2750, #2358, .T. ) ;
#2558 = PLANE ( 'NONE',  #2301 ) ;
#2559 = DIRECTION ( 'NONE',  ( 1.143848312570467118E-29, 1.000000000000000000, -7.000000000000009616E-15 ) ) ;
#2560 = ORIENTED_EDGE ( 'NONE', *, *, #2329, .F. ) ;
#2561 = EDGE_CURVE ( 'NONE', #2401, #1581, #2612, .T. ) ;
#2562 = CARTESIAN_POINT ( 'NONE',  ( 50.00000000000000000, 6.999999999999986677, -59.00000000000000000 ) ) ;
#2563 = ORIENTED_EDGE ( 'NONE', *, *, #1847, .T. ) ;
#2564 = AXIS2_PLACEMENT_3D ( 'NONE', #2748, #321, #905 ) ;
#2565 = DIRECTION ( 'NONE',  ( -0.000000000000000000, -1.000000000000000000, -0.000000000000000000 ) ) ;
#2566 = CIRCLE ( 'NONE', #145, 2.599999999999998312 ) ;
#2567 = DIRECTION ( 'NONE',  ( 1.000000000000000000, 0.000000000000000000, 5.782411586589358625E-17 ) ) ;
#2568 = VERTEX_POINT ( 'NONE', #177 ) ;
#2569 = CARTESIAN_POINT ( 'NONE',  ( 9.555700305555939522, 122.9499999999998607, -15.84104136950678665 ) ) ;
#2570 = AXIS2_PLACEMENT_3D ( 'NONE', #3438, #1793, #1009 ) ;
#2571 = B_SPLINE_CURVE_WITH_KNOTS ( 'NONE', 3,
 ( #552, #3232, #1639, #1372 ),
 .UNSPECIFIED., .F., .F.,
 ( 4, 4 ),
 ( 0.000000000000000000, 0.001532164236757927855 ),
 .UNSPECIFIED. ) ;
#2572 = APPROVAL_PERSON_ORGANIZATION ( #2789, #2272, #1196 ) ;
#2573 = DIRECTION ( 'NONE',  ( -1.982541115402168648E-15, 7.930164461608674592E-15, 1.000000000000000000 ) ) ;
#2574 = ORIENTED_EDGE ( 'NONE', *, *, #3157, .F. ) ;
#2575 = CARTESIAN_POINT ( 'NONE',  ( 50.00000000000000000, -3.999999999999992450, -60.00000000000000711 ) ) ;
#2576 = ADVANCED_FACE ( 'NONE', ( #3119 ), #1866, .F. ) ;
#2577 = CARTESIAN_POINT ( 'NONE',  ( 1.214766907949835792E-27, 106.1999999999999744, -7.434000000000007501E-13 ) ) ;
#2578 = DIRECTION ( 'NONE',  ( -1.000000000000000000, 1.143848312570467258E-29, -9.524450499707741029E-44 ) ) ;
#2579 = ORIENTED_EDGE ( 'NONE', *, *, #571, .T. ) ;
#2580 = B_SPLINE_CURVE_WITH_KNOTS ( 'NONE', 3,
 ( #2500, #3356, #3321, #119 ),
 .UNSPECIFIED., .F., .F.,
 ( 4, 4 ),
 ( 0.000000000000000000, 0.001532164236757974042 ),
 .UNSPECIFIED. ) ;
#2581 = EDGE_CURVE ( 'NONE', #428, #2864, #3265, .T. ) ;
#2582 = CARTESIAN_POINT ( 'NONE',  ( 4.286263797015730185E-15, 128.9999999999999716, 34.99999999999995026 ) ) ;
#2583 = EDGE_LOOP ( 'NONE', ( #3354, #520, #711, #2333, #883, #3169, #1152 ) ) ;
#2584 = CARTESIAN_POINT ( 'NONE',  ( 50.00000000000000711, 1.999999999999986233, 49.99999999999998579 ) ) ;
#2585 = DIRECTION ( 'NONE',  ( 1.143848312570467118E-29, 1.000000000000000000, -7.000000000000009616E-15 ) ) ;
#2586 = CIRCLE ( 'NONE', #1686, 12.69999999999999929 ) ;
#2587 = EDGE_LOOP ( 'NONE', ( #3449, #3456, #2163, #2347 ) ) ;
#2588 = CARTESIAN_POINT ( 'NONE',  ( -1.715772468855700677E-28, 113.9999999999999716, -9.691407763248386934E-13 ) ) ;
#2589 = AXIS2_PLACEMENT_3D ( 'NONE', #2803, #2786, #344 ) ;
#2590 = DIRECTION ( 'NONE',  ( 1.143848312570467118E-29, 1.000000000000000000, -7.000000000000009616E-15 ) ) ;
#2591 = ORIENTED_EDGE ( 'NONE', *, *, #3059, .F. ) ;
#2592 = AXIS2_PLACEMENT_3D ( 'NONE', #815, #1083, #2427 ) ;
#2593 = CARTESIAN_POINT ( 'NONE',  ( 10.19777118790129045, 128.6840851045339491, -16.25118190404517549 ) ) ;
#2594 = CIRCLE ( 'NONE', #173, 18.50000000000000000 ) ;
#2595 = CARTESIAN_POINT ( 'NONE',  ( -49.99999999999999289, -4.999999999999992895, 50.00000000000000000 ) ) ;
#2596 = CARTESIAN_POINT ( 'NONE',  ( 1.301042606983153579E-15, 116.8999999999999773, -8.176889390390725385E-13 ) ) ;
#2597 = ORIENTED_EDGE ( 'NONE', *, *, #1997, .T. ) ;
#2598 = VECTOR ( 'NONE', #2290, 1000.000000000000000 ) ;
#2599 = CARTESIAN_POINT ( 'NONE',  ( 1.301042606983280586E-15, 128.0000000000000000, -8.953889390390729041E-13 ) ) ;
#2600 = ORIENTED_EDGE ( 'NONE', *, *, #1747, .T. ) ;
#2601 = FACE_OUTER_BOUND ( 'NONE', #2747, .T. ) ;
#2602 = VECTOR ( 'NONE', #1989, 1000.000000000000000 ) ;
#2603 = EDGE_CURVE ( 'NONE', #116, #2397, #501, .T. ) ;
#2604 = CARTESIAN_POINT ( 'NONE',  ( -7.499999999999992895, 220.9238815542511247, -31.62277660168379256 ) ) ;
#2605 = ORIENTED_EDGE ( 'NONE', *, *, #2815, .F. ) ;
#2606 = FACE_OUTER_BOUND ( 'NONE', #1705, .T. ) ;
#2607 = ADVANCED_FACE ( 'NONE', ( #1783 ), #432, .F. ) ;
#2608 = AXIS2_PLACEMENT_3D ( 'NONE', #2210, #42, #78 ) ;
#2609 = FACE_OUTER_BOUND ( 'NONE', #1290, .T. ) ;
#2610 = AXIS2_PLACEMENT_3D ( 'NONE', #2935, #2618, #1546 ) ;
#2611 = ORIENTED_EDGE ( 'NONE', *, *, #2124, .T. ) ;
#2612 = LINE ( 'NONE', #3134, #1246 ) ;
#2613 = FACE_OUTER_BOUND ( 'NONE', #3091, .T. ) ;
#2614 = VERTEX_POINT ( 'NONE', #1301 ) ;
#2615 = FACE_OUTER_BOUND ( 'NONE', #3263, .T. ) ;
#2616 = ORIENTED_EDGE ( 'NONE', *, *, #1111, .F. ) ;
#2617 = ADVANCED_BREP_SHAPE_REPRESENTATION ( '', ( #2889, #2853 ), #2395 ) ;
#2618 = DIRECTION ( 'NONE',  ( 0.000000000000000000, 1.000000000000000000, 0.000000000000000000 ) ) ;
#2619 = ORIENTED_EDGE ( 'NONE', *, *, #2511, .T. ) ;
#2620 = DIRECTION ( 'NONE',  ( 0.000000000000000000, 6.832141690000963508E-15, 1.000000000000000000 ) ) ;
#2621 = FACE_BOUND ( 'NONE', #2248, .T. ) ;
#2622 = EDGE_CURVE ( 'NONE', #2444, #962, #485, .T. ) ;
#2623 = ORIENTED_EDGE ( 'NONE', *, *, #1552, .T. ) ;
#2624 = FACE_OUTER_BOUND ( 'NONE', #744, .T. ) ;
#2625 = VECTOR ( 'NONE', #3009, 1000.000000000000000 ) ;
#2626 = EDGE_CURVE ( 'NONE', #2003, #2254, #1529, .T. ) ;
#2627 = LINE ( 'NONE', #175, #1859 ) ;
#2628 = VERTEX_POINT ( 'NONE', #1902 ) ;
#2629 = DIRECTION ( 'NONE',  ( 0.000000000000000000, 0.000000000000000000, 1.000000000000000000 ) ) ;
#2630 = AXIS2_PLACEMENT_3D ( 'NONE', #2584, #3402, #1827 ) ;
#2631 = LOCAL_TIME ( 10, 36, 33.00000000000000000, #2291 ) ;
#2632 = EDGE_CURVE ( 'NONE', #192, #2136, #2183, .T. ) ;
#2633 = CYLINDRICAL_SURFACE ( 'NONE', #2191, 2.599999999999998312 ) ;
#2634 = ORIENTED_EDGE ( 'NONE', *, *, #1890, .T. ) ;
#2635 = CARTESIAN_POINT ( 'NONE',  ( 11.66328970827721179, 94.30050506338872651, -9.546749525490522359 ) ) ;
#2636 = CARTESIAN_POINT ( 'NONE',  ( 1.301042606983292024E-15, 128.9999999999999716, -9.023889390390725714E-13 ) ) ;
#2637 = ORIENTED_EDGE ( 'NONE', *, *, #1029, .T. ) ;
#2638 = CARTESIAN_POINT ( 'NONE',  ( 1.301042606983280586E-15, 128.0000000000000000, -8.953889390390727022E-13 ) ) ;
#2639 = DIRECTION ( 'NONE',  ( 1.000000000000000000, 0.000000000000000000, 1.156482317317871725E-16 ) ) ;
#2640 = EDGE_LOOP ( 'NONE', ( #2050, #2351, #632, #2867, #2563, #1371, #2767 ) ) ;
#2641 = FACE_OUTER_BOUND ( 'NONE', #1141, .T. ) ;
#2642 = DIRECTION ( 'NONE',  ( 0.000000000000000000, 0.000000000000000000, -1.000000000000000000 ) ) ;
#2643 = ORIENTED_EDGE ( 'NONE', *, *, #1438, .F. ) ;
#2644 = LINE ( 'NONE', #3410, #1925 ) ;
#2645 = AXIS2_PLACEMENT_3D ( 'NONE', #1302, #1786, #2879 ) ;
#2646 = EDGE_CURVE ( 'NONE', #343, #3416, #854, .T. ) ;
#2647 = EDGE_CURVE ( 'NONE', #2243, #28, #1067, .T. ) ;
#2648 = VECTOR ( 'NONE', #2028, 1000.000000000000000 ) ;
#2649 = CARTESIAN_POINT ( 'NONE',  ( 49.99999999999999289, -4.999999999999992895, -50.00000000000001421 ) ) ;
#2650 = VERTEX_POINT ( 'NONE', #2961 ) ;
#2651 = PLANE ( 'NONE',  #446 ) ;
#2652 = AXIS2_PLACEMENT_3D ( 'NONE', #3381, #973, #2053 ) ;
#2653 = EDGE_CURVE ( 'NONE', #505, #1822, #2571, .T. ) ;
#2654 = CARTESIAN_POINT ( 'NONE',  ( -50.00000000000000711, -4.999999999999992895, 58.99999999999999289 ) ) ;
#2655 = AXIS2_PLACEMENT_3D ( 'NONE', #88, #415, #103 ) ;
#2656 = ORIENTED_EDGE ( 'NONE', *, *, #3162, .T. ) ;
#2657 = PERSON_AND_ORGANIZATION ( #1178, #2513 ) ;
#2658 = AXIS2_PLACEMENT_3D ( 'NONE', #2445, #3478, #2735 ) ;
#2659 = FACE_BOUND ( 'NONE', #322, .T. ) ;
#2660 = VERTEX_POINT ( 'NONE', #17 ) ;
#2661 = CARTESIAN_POINT ( 'NONE',  ( 49.99999999999999289, 1.999999999999986233, -50.00000000000001421 ) ) ;
#2662 = VECTOR ( 'NONE', #390, 1000.000000000000000 ) ;
#2663 = CARTESIAN_POINT ( 'NONE',  ( -50.00000000000000711, 6.999999999999986677, -50.00000000000000000 ) ) ;
#2664 = ORIENTED_EDGE ( 'NONE', *, *, #329, .F. ) ;
#2665 = LOCAL_TIME ( 10, 36, 33.00000000000000000, #1115 ) ;
#2666 = LINE ( 'NONE', #1557, #1014 ) ;
#2667 = CIRCLE ( 'NONE', #1024, 18.50000000000000000 ) ;
#2668 = LINE ( 'NONE', #2082, #3092 ) ;
#2669 = ADVANCED_FACE ( 'NONE', ( #2976 ), #2147, .F. ) ;
#2670 = DIRECTION ( 'NONE',  ( 1.143848312570467118E-29, 1.000000000000000000, -7.000000000000009616E-15 ) ) ;
#2671 = DIRECTION ( 'NONE',  ( 1.155557966632276351E-29, 1.000000000000000000, -6.999999999999916530E-15 ) ) ;
#2672 = ADVANCED_FACE ( 'NONE', ( #2409 ), #1923, .F. ) ;
#2673 = VERTEX_POINT ( 'NONE', #259 ) ;
#2674 = CARTESIAN_POINT ( 'NONE',  ( 0.000000000000000000, 0.000000000000000000, 0.000000000000000000 ) ) ;
#2675 = CARTESIAN_POINT ( 'NONE',  ( -49.99999999999999289, -4.999999999999992895, 47.40000000000000568 ) ) ;
#2676 = ORIENTED_EDGE ( 'NONE', *, *, #3196, .T. ) ;
#2677 = DIRECTION ( 'NONE',  ( 1.143848312570467118E-29, 1.000000000000000000, -7.000000000000009616E-15 ) ) ;
#2678 = CARTESIAN_POINT ( 'NONE',  ( -11.66328970827735922, -5.000000000000546230, -15.14674952548945797 ) ) ;
#2679 = EDGE_LOOP ( 'NONE', ( #2357, #1901 ) ) ;
#2680 = DIRECTION ( 'NONE',  ( -0.000000000000000000, 1.000000000000000000, -0.000000000000000000 ) ) ;
#2681 = VERTEX_POINT ( 'NONE', #834 ) ;
#2682 = AXIS2_PLACEMENT_3D ( 'NONE', #1278, #2108, #2355 ) ;
#2683 = CARTESIAN_POINT ( 'NONE',  ( -11.66328970827735922, -5.000000000000350830, 15.14674952548938514 ) ) ;
#2684 = VERTEX_POINT ( 'NONE', #3250 ) ;
#2685 = DIRECTION ( 'NONE',  ( 1.143848312570466978E-29, 1.000000000000000000, -7.000000000000009616E-15 ) ) ;
#2686 = LOCAL_TIME ( 10, 36, 33.00000000000000000, #1161 ) ;
#2687 = ADVANCED_FACE ( 'NONE', ( #1620 ), #32, .F. ) ;
#2688 = DIRECTION ( 'NONE',  ( -1.000000000000000000, 0.000000000000000000, -5.782411586589358625E-17 ) ) ;
#2689 = AXIS2_PLACEMENT_3D ( 'NONE', #2405, #1864, #3194 ) ;
#2690 = ORIENTED_EDGE ( 'NONE', *, *, #3176, .T. ) ;
#2691 = COORDINATED_UNIVERSAL_TIME_OFFSET ( 0, 0, .AHEAD. ) ;
#2692 = ADVANCED_FACE ( 'NONE', ( #572 ), #1869, .F. ) ;
#2693 = CARTESIAN_POINT ( 'NONE',  ( 1.301042606983153579E-15, 116.8999999999999773, -8.176889390390725385E-13 ) ) ;
#2694 = ORIENTED_EDGE ( 'NONE', *, *, #2820, .T. ) ;
#2695 = DIRECTION ( 'NONE',  ( 0.000000000000000000, 0.000000000000000000, -1.000000000000000000 ) ) ;
#2696 = EDGE_CURVE ( 'NONE', #3203, #1492, #3216, .T. ) ;
#2697 = DIRECTION ( 'NONE',  ( -0.000000000000000000, 1.000000000000000000, -0.000000000000000000 ) ) ;
#2698 = ORIENTED_EDGE ( 'NONE', *, *, #2258, .T. ) ;
#2699 = LINE ( 'NONE', #1660, #1641 ) ;
#2700 = CARTESIAN_POINT ( 'NONE',  ( 58.99999999999998579, -4.999999999999992895, 49.99999999999997868 ) ) ;
#2701 = LINE ( 'NONE', #278, #3094 ) ;
#2702 = ORIENTED_EDGE ( 'NONE', *, *, #3192, .T. ) ;
#2703 = CARTESIAN_POINT ( 'NONE',  ( -15.09272046571958903, 128.9999999999998863, -12.34746082980908533 ) ) ;
#2704 = AXIS2_PLACEMENT_3D ( 'NONE', #3252, #299, #22 ) ;
#2705 = PLANE ( 'NONE',  #2244 ) ;
#2706 = ORIENTED_EDGE ( 'NONE', *, *, #1509, .F. ) ;
#2707 = AXIS2_PLACEMENT_3D ( 'NONE', #3268, #1387, #1098 ) ;
#2708 = CIRCLE ( 'NONE', #1638, 18.50000000000000000 ) ;
#2709 = DIRECTION ( 'NONE',  ( 0.000000000000000000, 0.000000000000000000, 1.000000000000000000 ) ) ;
#2710 = ORIENTED_EDGE ( 'NONE', *, *, #2542, .T. ) ;
#2711 = EDGE_CURVE ( 'NONE', #3349, #1145, #2699, .T. ) ;
#2712 = CARTESIAN_POINT ( 'NONE',  ( 59.99999999999998579, 6.999999999999986677, 49.99999999999997868 ) ) ;
#2713 = CIRCLE ( 'NONE', #475, 4.249999999999996447 ) ;
#2714 = DIRECTION ( 'NONE',  ( 2.243746041308301403E-16, 0.000000000000000000, -1.000000000000000000 ) ) ;
#2715 = ORIENTED_EDGE ( 'NONE', *, *, #1808, .T. ) ;
#2716 = EDGE_CURVE ( 'NONE', #3460, #2660, #3209, .T. ) ;
#2717 = CARTESIAN_POINT ( 'NONE',  ( -50.00000000000000711, 1.999999999999986233, -50.00000000000000000 ) ) ;
#2718 = ORIENTED_EDGE ( 'NONE', *, *, #2646, .T. ) ;
#2719 = LINE ( 'NONE', #1622, #2415 ) ;
#2720 = ORIENTED_EDGE ( 'NONE', *, *, #2924, .T. ) ;
#2721 = CARTESIAN_POINT ( 'NONE',  ( -50.00000000000000711, 1.999999999999986233, -54.25000000000000000 ) ) ;
#2722 = B_SPLINE_CURVE_WITH_KNOTS ( 'NONE', 3,
 ( #818, #3233, #2482, #69 ),
 .UNSPECIFIED., .F., .F.,
 ( 4, 4 ),
 ( 0.000000000000000000, 0.001532164236757973608 ),
 .UNSPECIFIED. ) ;
#2723 = CIRCLE ( 'NONE', #2434, 2.599999999999998312 ) ;
#2724 = CARTESIAN_POINT ( 'NONE',  ( 11.66328970827721179, 112.2000000000000739, 15.14674952548856623 ) ) ;
#2725 = DIRECTION ( 'NONE',  ( 1.143848312570467118E-29, 1.000000000000000000, -7.000000000000008827E-15 ) ) ;
#2726 = AXIS2_PLACEMENT_3D ( 'NONE', #2018, #2296, #3364 ) ;
#2727 = EDGE_LOOP ( 'NONE', ( #2064, #1347, #3328, #945 ) ) ;
#2728 = DIRECTION ( 'NONE',  ( 0.000000000000000000, -1.000000000000000000, 0.000000000000000000 ) ) ;
#2729 = ORIENTED_EDGE ( 'NONE', *, *, #2447, .F. ) ;
#2730 = CARTESIAN_POINT ( 'NONE',  ( -3.411622836087720750E-15, 6.999999999999986677, 58.99999999999999289 ) ) ;
#2731 = EDGE_CURVE ( 'NONE', #102, #1380, #1939, .T. ) ;
#2732 = PERSON_AND_ORGANIZATION ( #1178, #2513 ) ;
#2733 = CARTESIAN_POINT ( 'NONE',  ( 1.214766907949835792E-27, 106.1999999999999744, -7.434000000000007501E-13 ) ) ;
#2734 = VERTEX_POINT ( 'NONE', #2462 ) ;
#2735 = DIRECTION ( 'NONE',  ( 0.000000000000000000, -1.000000000000000000, 7.000000000000009616E-15 ) ) ;
#2736 = DIRECTION ( 'NONE',  ( 0.000000000000000000, 6.608470384674120581E-15, 1.000000000000000000 ) ) ;
#2737 = EDGE_CURVE ( 'NONE', #2412, #1532, #902, .T. ) ;
#2738 = LINE ( 'NONE', #2431, #2246 ) ;
#2739 = ORIENTED_EDGE ( 'NONE', *, *, #633, .T. ) ;
#2740 = FACE_OUTER_BOUND ( 'NONE', #1004, .T. ) ;
#2741 = APPLICATION_CONTEXT ( 'configuration controlled 3d designs of mechanical parts and assemblies' ) ;
#2742 = EDGE_CURVE ( 'NONE', #2673, #2107, #1755, .T. ) ;
#2743 = CARTESIAN_POINT ( 'NONE',  ( 0.000000000000000000, -4.999999999999992895, 0.000000000000000000 ) ) ;
#2744 = ORIENTED_EDGE ( 'NONE', *, *, #1718, .F. ) ;
#2745 = AXIS2_PLACEMENT_3D ( 'NONE', #2298, #167, #3128 ) ;
#2746 = CARTESIAN_POINT ( 'NONE',  ( 11.66328970827721179, 116.9000000000000341, 9.546749525488895216 ) ) ;
#2747 = EDGE_LOOP ( 'NONE', ( #913, #570, #2763, #2560, #598 ) ) ;
#2748 = CARTESIAN_POINT ( 'NONE',  ( -50.00000000000000711, 6.999999999999986677, 49.99999999999998579 ) ) ;
#2749 = COORDINATED_UNIVERSAL_TIME_OFFSET ( 0, 0, .AHEAD. ) ;
#2750 = VERTEX_POINT ( 'NONE', #1404 ) ;
#2751 = DIRECTION ( 'NONE',  ( 1.143848312570467118E-29, 1.000000000000000000, -7.000000000000009616E-15 ) ) ;
#2752 = DIRECTION ( 'NONE',  ( 0.000000000000000000, 1.000000000000000000, -0.000000000000000000 ) ) ;
#2753 = CARTESIAN_POINT ( 'NONE',  ( -60.00000000000000000, 6.999999999999986677, -60.00000000000001421 ) ) ;
#2754 = VERTEX_POINT ( 'NONE', #3461 ) ;
#2755 = DIRECTION ( 'NONE',  ( 0.000000000000000000, 7.930164461608674592E-15, 1.000000000000000000 ) ) ;
#2756 = EDGE_CURVE ( 'NONE', #76, #535, #2883, .T. ) ;
#2757 = FACE_BOUND ( 'NONE', #2322, .T. ) ;
#2758 = EDGE_LOOP ( 'NONE', ( #449, #1599, #2946, #2404, #303, #593, #1383 ) ) ;
#2759 = ADVANCED_FACE ( 'NONE', ( #3064 ), #910, .F. ) ;
#2760 = AXIS2_PLACEMENT_3D ( 'NONE', #3376, #2894, #3117 ) ;
#2761 = FACE_OUTER_BOUND ( 'NONE', #112, .T. ) ;
#2762 = VECTOR ( 'NONE', #382, 1000.000000000000000 ) ;
#2763 = ORIENTED_EDGE ( 'NONE', *, *, #3237, .T. ) ;
#2764 = DIRECTION ( 'NONE',  ( 0.000000000000000000, 1.000000000000000000, 0.000000000000000000 ) ) ;
#2765 = CIRCLE ( 'NONE', #559, 3.499999999999817479 ) ;
#2766 = CIRCLE ( 'NONE', #2881, 34.99999999999988631 ) ;
#2767 = ORIENTED_EDGE ( 'NONE', *, *, #2742, .T. ) ;
#2768 = AXIS2_PLACEMENT_3D ( 'NONE', #2084, #1591, #1804 ) ;
#2769 = DIRECTION ( 'NONE',  ( 1.000000000000000000, 0.000000000000000000, 5.782411586589358625E-17 ) ) ;
#2770 = CARTESIAN_POINT ( 'NONE',  ( 11.66328970827721179, 94.30050506338886862, 13.04674952548887035 ) ) ;
#2771 = AXIS2_PLACEMENT_3D ( 'NONE', #1100, #3270, #2996 ) ;
#2772 = DIRECTION ( 'NONE',  ( -8.088228984673709199E-30, -0.7071067811865598962, -0.7071067811865351382 ) ) ;
#2773 = VERTEX_POINT ( 'NONE', #342 ) ;
#2774 = DIRECTION ( 'NONE',  ( -1.143848312570467118E-29, -1.000000000000000000, 7.000000000000009616E-15 ) ) ;
#2775 = EDGE_CURVE ( 'NONE', #1841, #144, #2551, .T. ) ;
#2776 = FACE_OUTER_BOUND ( 'NONE', #2207, .T. ) ;
#2777 = ORIENTED_EDGE ( 'NONE', *, *, #1697, .F. ) ;
#2778 = AXIS2_PLACEMENT_3D ( 'NONE', #1963, #1079, #2709 ) ;
#2779 = EDGE_CURVE ( 'NONE', #3418, #983, #2425, .T. ) ;
#2780 = DIRECTION ( 'NONE',  ( -1.143848312570467118E-29, -1.000000000000000000, 7.000000000000009616E-15 ) ) ;
#2781 = ORIENTED_EDGE ( 'NONE', *, *, #1043, .F. ) ;
#2782 = CARTESIAN_POINT ( 'NONE',  ( -7.632783294310532600E-14, 128.9999999999998863, -10.00000000000090417 ) ) ;
#2783 = APPROVAL_DATE_TIME ( #621, #609 ) ;
#2784 = VERTEX_POINT ( 'NONE', #2533 ) ;
#2785 = CARTESIAN_POINT ( 'NONE',  ( 9.555700305555932417, 116.8999999999998778, -15.84104136950674757 ) ) ;
#2786 = DIRECTION ( 'NONE',  ( -1.143848312570461092E-29, -1.000000000000000000, 7.000000000000007249E-15 ) ) ;
#2787 = ORIENTED_EDGE ( 'NONE', *, *, #981, .T. ) ;
#2788 = DIRECTION ( 'NONE',  ( -1.143848312570467118E-29, -1.000000000000000000, 7.000000000000009616E-15 ) ) ;
#2789 = PERSON_AND_ORGANIZATION ( #1178, #2513 ) ;
#2790 = CARTESIAN_POINT ( 'NONE',  ( 0.000000000000000000, 6.999999999999986677, 0.000000000000000000 ) ) ;
#2791 = CARTESIAN_POINT ( 'NONE',  ( 31.80000000000000071, 113.9999999999998863, -10.00000000000079758 ) ) ;
#2792 = EDGE_LOOP ( 'NONE', ( #2882, #2828 ) ) ;
#2793 = EDGE_CURVE ( 'NONE', #2494, #2915, #1991, .T. ) ;
#2794 = CIRCLE ( 'NONE', #2689, 2.099999999999817124 ) ;
#2795 = CARTESIAN_POINT ( 'NONE',  ( -50.00000000000000711, 1.999999999999986233, -50.00000000000000000 ) ) ;
#2796 = VERTEX_POINT ( 'NONE', #946 ) ;
#2797 = DIRECTION ( 'NONE',  ( 1.143848312570466978E-29, 1.000000000000000000, -7.000000000000009616E-15 ) ) ;
#2798 = EDGE_CURVE ( 'NONE', #3014, #3111, #2766, .T. ) ;
#2799 = DIRECTION ( 'NONE',  ( 0.000000000000000000, 0.000000000000000000, -1.000000000000000000 ) ) ;
#2800 = EDGE_LOOP ( 'NONE', ( #3141, #512, #724, #2111 ) ) ;
#2801 = CARTESIAN_POINT ( 'NONE',  ( 50.00000000000000711, 6.999999999999986677, 49.99999999999998579 ) ) ;
#2802 =( REPRESENTATION_RELATIONSHIP ('NONE','NONE', #731, #1458 ) REPRESENTATION_RELATIONSHIP_WITH_TRANSFORMATION ( #1386 )SHAPE_REPRESENTATION_RELATIONSHIP( ) );
#2803 = CARTESIAN_POINT ( 'NONE',  ( 1.203328424824130942E-27, 105.1999999999999744, -7.364000000000008810E-13 ) ) ;
#2804 = ORIENTED_EDGE ( 'NONE', *, *, #1433, .F. ) ;
#2805 = DIRECTION ( 'NONE',  ( 1.156482317317871725E-16, 0.000000000000000000, -1.000000000000000000 ) ) ;
#2806 = APPROVAL_ROLE ( '' ) ;
#2807 = DIRECTION ( 'NONE',  ( -1.143848312570467118E-29, -1.000000000000000000, 7.000000000000009616E-15 ) ) ;
#2808 = CYLINDRICAL_SURFACE ( 'NONE', #277, 10.00000000000000178 ) ;
#2809 = ORIENTED_EDGE ( 'NONE', *, *, #41, .T. ) ;
#2810 = LINE ( 'NONE', #385, #2049 ) ;
#2811 = ORIENTED_EDGE ( 'NONE', *, *, #1609, .T. ) ;
#2812 = DIRECTION ( 'NONE',  ( 0.000000000000000000, -1.000000000000000000, 0.000000000000000000 ) ) ;
#2813 = AXIS2_PLACEMENT_3D ( 'NONE', #1569, #2590, #967 ) ;
#2814 = CARTESIAN_POINT ( 'NONE',  ( 49.99999999999999289, -4.999999999999992895, -52.60000000000001563 ) ) ;
#2815 = EDGE_CURVE ( 'NONE', #2397, #1016, #3098, .T. ) ;
#2816 = VERTEX_POINT ( 'NONE', #1478 ) ;
#2817 = DIRECTION ( 'NONE',  ( 0.000000000000000000, 1.000000000000000000, -8.326672684688674053E-15 ) ) ;
#2818 = AXIS2_PLACEMENT_3D ( 'NONE', #1363, #2436, #3242 ) ;
#2819 = AXIS2_PLACEMENT_3D ( 'NONE', #2414, #3238, #594 ) ;
#2820 = EDGE_CURVE ( 'NONE', #383, #660, #732, .T. ) ;
#2821 = DIRECTION ( 'NONE',  ( -1.143848312570461092E-29, -1.000000000000000000, 7.000000000000007249E-15 ) ) ;
#2822 = ORIENTED_EDGE ( 'NONE', *, *, #1378, .F. ) ;
#2823 = CARTESIAN_POINT ( 'NONE',  ( -11.66328970827735922, 116.8999999999998920, -13.04674952549049571 ) ) ;
#2824 = COORDINATED_UNIVERSAL_TIME_OFFSET ( 0, 0, .AHEAD. ) ;
#2825 = VECTOR ( 'NONE', #1118, 1000.000000000000000 ) ;
#2826 = DIRECTION ( 'NONE',  ( 0.000000000000000000, 0.000000000000000000, -1.000000000000000000 ) ) ;
#2827 = DIRECTION ( 'NONE',  ( -1.143848312570467258E-29, -1.000000000000000000, 0.000000000000000000 ) ) ;
#2828 = ORIENTED_EDGE ( 'NONE', *, *, #2911, .T. ) ;
#2829 = LINE ( 'NONE', #2582, #1540 ) ;
#2830 = CC_DESIGN_SECURITY_CLASSIFICATION ( #3215, ( #3480 ) ) ;
#2831 = ORIENTED_EDGE ( 'NONE', *, *, #2402, .T. ) ;
#2832 = DIRECTION ( 'NONE',  ( 0.000000000000000000, 7.930164461608679325E-15, 1.000000000000000000 ) ) ;
#2833 = AXIS2_PLACEMENT_3D ( 'NONE', #1381, #1629, #2420 ) ;
#2834 = DIRECTION ( 'NONE',  ( 0.000000000000000000, 1.000000000000000000, 0.000000000000000000 ) ) ;
#2835 = ORIENTED_EDGE ( 'NONE', *, *, #460, .T. ) ;
#2836 = DIRECTION ( 'NONE',  ( 0.000000000000000000, 0.000000000000000000, 1.000000000000000000 ) ) ;
#2837 = CIRCLE ( 'NONE', #1256, 2.099999999999818900 ) ;
#2838 = ADVANCED_FACE ( 'NONE', ( #83 ), #2481, .T. ) ;
#2839 = DIRECTION ( 'NONE',  ( 0.000000000000000000, -1.000000000000000000, 0.000000000000000000 ) ) ;
#2840 = ORIENTED_EDGE ( 'NONE', *, *, #2384, .F. ) ;
#2841 = CARTESIAN_POINT ( 'NONE',  ( 1.214766907949835792E-27, 106.1999999999999744, -7.434000000000008511E-13 ) ) ;
#2842 = PERSON_AND_ORGANIZATION ( #1178, #2513 ) ;
#2843 = EDGE_CURVE ( 'NONE', #983, #2628, #1191, .T. ) ;
#2844 = DESIGN_CONTEXT ( 'detailed design', #2503, 'design' ) ;
#2845 = CARTESIAN_POINT ( 'NONE',  ( 0.000000000000000000, 104.1999999999999744, 0.000000000000000000 ) ) ;
#2846 = PLANE ( 'NONE',  #3149 ) ;
#2847 = ORIENTED_EDGE ( 'NONE', *, *, #2888, .F. ) ;
#2848 = ADVANCED_FACE ( 'NONE', ( #1726 ), #1953, .F. ) ;
#2849 = DIRECTION ( 'NONE',  ( 0.000000000000000000, 0.000000000000000000, 1.000000000000000000 ) ) ;
#2850 = ORIENTED_EDGE ( 'NONE', *, *, #2341, .T. ) ;
#2851 = VECTOR ( 'NONE', #1916, 1000.000000000000000 ) ;
#2852 = DIRECTION ( 'NONE',  ( -8.881784197001252323E-16, 0.000000000000000000, 1.000000000000000000 ) ) ;
#2853 = AXIS2_PLACEMENT_3D ( 'NONE', #1597, #2221, #1959 ) ;
#2854 = DIRECTION ( 'NONE',  ( 0.000000000000000000, 6.751356230828655000E-15, 1.000000000000000000 ) ) ;
#2855 = ORIENTED_EDGE ( 'NONE', *, *, #2217, .F. ) ;
#2856 = CARTESIAN_POINT ( 'NONE',  ( 60.00000000000000000, 6.999999999999986677, -50.00000000000000711 ) ) ;
#2857 = CC_DESIGN_APPROVAL ( #1437, ( #3260 ) ) ;
#2858 = LINE ( 'NONE', #1833, #111 ) ;
#2859 = ORIENTED_EDGE ( 'NONE', *, *, #677, .F. ) ;
#2860 = DIRECTION ( 'NONE',  ( 0.000000000000000000, 7.930164461608669858E-15, 1.000000000000000000 ) ) ;
#2861 = DIRECTION ( 'NONE',  ( 0.000000000000000000, 0.000000000000000000, 1.000000000000000000 ) ) ;
#2862 = EDGE_CURVE ( 'NONE', #1469, #463, #2232, .T. ) ;
#2863 = CARTESIAN_POINT ( 'NONE',  ( -11.66328970827735922, 94.30050506338866967, -16.54674952549015288 ) ) ;
#2864 = VERTEX_POINT ( 'NONE', #358 ) ;
#2865 = CARTESIAN_POINT ( 'NONE',  ( 1.301042606983292024E-15, 128.9999999999999716, -9.023889390390725714E-13 ) ) ;
#2866 = EDGE_CURVE ( 'NONE', #3148, #1933, #906, .T. ) ;
#2867 = ORIENTED_EDGE ( 'NONE', *, *, #2360, .F. ) ;
#2868 = DIRECTION ( 'NONE',  ( 0.000000000000000000, 7.930164461608669858E-15, 1.000000000000000000 ) ) ;
#2869 = DIRECTION ( 'NONE',  ( 1.143848312570467118E-29, 1.000000000000000000, -7.000000000000009616E-15 ) ) ;
#2870 = CONICAL_SURFACE ( 'NONE', #830, 18.50000000000000000, 0.7853981633974430610 ) ;
#2871 = VERTEX_POINT ( 'NONE', #1424 ) ;
#2872 = FACE_OUTER_BOUND ( 'NONE', #3184, .T. ) ;
#2873 = AXIS2_PLACEMENT_3D ( 'NONE', #359, #376, #1173 ) ;
#2874 = DIRECTION ( 'NONE',  ( 0.000000000000000000, -0.7071067811865474617, 0.7071067811865474617 ) ) ;
#2875 = ORIENTED_EDGE ( 'NONE', *, *, #3325, .F. ) ;
#2876 = CIRCLE ( 'NONE', #2985, 3.499999999999815703 ) ;
#2877 = CARTESIAN_POINT ( 'NONE',  ( 1.203328424824130942E-27, 105.2000000000000597, 12.69999999999926210 ) ) ;
#2878 = AXIS2_PLACEMENT_3D ( 'NONE', #1003, #3465, #3172 ) ;
#2879 = DIRECTION ( 'NONE',  ( 0.000000000000000000, 6.608470384674126103E-15, 1.000000000000000000 ) ) ;
#2880 = CARTESIAN_POINT ( 'NONE',  ( -7.632783294310551533E-14, 112.1999999999999602, -8.577796894824549910E-13 ) ) ;
#2881 = AXIS2_PLACEMENT_3D ( 'NONE', #135, #3299, #1154 ) ;
#2882 = ORIENTED_EDGE ( 'NONE', *, *, #38, .T. ) ;
#2883 = CIRCLE ( 'NONE', #2038, 4.249999999999996447 ) ;
#2884 = EDGE_CURVE ( 'NONE', #2024, #116, #1742, .T. ) ;
#2885 = DIRECTION ( 'NONE',  ( -1.143848312570467118E-29, -1.000000000000000000, 7.000000000000009616E-15 ) ) ;
#2886 = ORIENTED_EDGE ( 'NONE', *, *, #2798, .F. ) ;
#2887 = DIRECTION ( 'NONE',  ( 0.000000000000000000, 1.000000000000000000, -7.000000000000009616E-15 ) ) ;
#2888 = EDGE_CURVE ( 'NONE', #535, #76, #2713, .T. ) ;
#2889 = MANIFOLD_SOLID_BREP ( '\X2\52079664\X0\-\X2\62c94f38\X0\10', #2042 ) ;
#2890 = DIRECTION ( 'NONE',  ( 0.000000000000000000, 7.137148015447457667E-15, 1.000000000000000000 ) ) ;
#2891 = ORIENTED_EDGE ( 'NONE', *, *, #2603, .F. ) ;
#2892 = CYLINDRICAL_SURFACE ( 'NONE', #3072, 18.50000000000000000 ) ;
#2893 = CIRCLE ( 'NONE', #1078, 10.00000000000000178 ) ;
#2894 = DIRECTION ( 'NONE',  ( 0.000000000000000000, -1.000000000000000000, 0.000000000000000000 ) ) ;
#2895 = AXIS2_PLACEMENT_3D ( 'NONE', #3140, #1857, #456 ) ;
#2896 = ORIENTED_EDGE ( 'NONE', *, *, #2234, .T. ) ;
#2897 = DIRECTION ( 'NONE',  ( -0.000000000000000000, -1.000000000000000000, -0.000000000000000000 ) ) ;
#2898 = FACE_BOUND ( 'NONE', #705, .T. ) ;
#2899 = ORIENTED_EDGE ( 'NONE', *, *, #2406, .F. ) ;
#2900 = CARTESIAN_POINT ( 'NONE',  ( -11.66328970827735922, 94.30050506338886862, 13.04674952548887035 ) ) ;
#2901 = CARTESIAN_POINT ( 'NONE',  ( -50.00000000000000711, -4.999999999999992895, -50.00000000000000000 ) ) ;
#2902 = ORIENTED_EDGE ( 'NONE', *, *, #1378, .T. ) ;
#2903 = DIRECTION ( 'NONE',  ( -1.586568041069574219E-16, -0.7071067811865463515, 0.7071067811865487940 ) ) ;
#2904 = DIRECTION ( 'NONE',  ( 1.143848312570467118E-29, 1.000000000000000000, -7.000000000000009616E-15 ) ) ;
#2905 = ORIENTED_EDGE ( 'NONE', *, *, #3392, .F. ) ;
#2906 = CC_DESIGN_PERSON_AND_ORGANIZATION_ASSIGNMENT ( #1501, #104, ( #1507 ) ) ;
#2907 = EDGE_CURVE ( 'NONE', #305, #2910, #867, .T. ) ;
#2908 = CARTESIAN_POINT ( 'NONE',  ( 60.00000000000000000, 5.999999999999985789, -60.00000000000000711 ) ) ;
#2909 = CARTESIAN_POINT ( 'NONE',  ( 7.500000000000005329, -3.999999999999992450, -60.00000000000001421 ) ) ;
#2910 = VERTEX_POINT ( 'NONE', #2785 ) ;
#2911 = EDGE_CURVE ( 'NONE', #2796, #563, #699, .T. ) ;
#2912 = CARTESIAN_POINT ( 'NONE',  ( 1.191889941698426270E-27, 104.1999999999999744, -7.294000000000009108E-13 ) ) ;
#2913 = AXIS2_PLACEMENT_3D ( 'NONE', #2638, #2352, #217 ) ;
#2914 = DIRECTION ( 'NONE',  ( 1.143848312570466978E-29, 1.000000000000000000, -7.000000000000008827E-15 ) ) ;
#2915 = VERTEX_POINT ( 'NONE', #3337 ) ;
#2916 = PLANE ( 'NONE',  #1754 ) ;
#2917 = DIRECTION ( 'NONE',  ( 0.000000000000000000, 6.870191984066563133E-15, 1.000000000000000000 ) ) ;
#2918 = ORIENTED_EDGE ( 'NONE', *, *, #2295, .F. ) ;
#2919 = PERSON_AND_ORGANIZATION ( #1178, #2513 ) ;
#2920 = FACE_OUTER_BOUND ( 'NONE', #876, .T. ) ;
#2921 = ORIENTED_EDGE ( 'NONE', *, *, #596, .F. ) ;
#2922 = LINE ( 'NONE', #154, #1790 ) ;
#2923 = AXIS2_PLACEMENT_3D ( 'NONE', #3052, #125, #1199 ) ;
#2924 = EDGE_CURVE ( 'NONE', #1266, #600, #1150, .T. ) ;
#2925 = DIRECTION ( 'NONE',  ( -0.000000000000000000, -1.000000000000000000, -0.000000000000000000 ) ) ;
#2926 = ORIENTED_EDGE ( 'NONE', *, *, #658, .T. ) ;
#2927 = DIRECTION ( 'NONE',  ( 0.000000000000000000, 0.000000000000000000, 1.000000000000000000 ) ) ;
#2928 = AXIS2_PLACEMENT_3D ( 'NONE', #862, #525, #2688 ) ;
#2929 = ADVANCED_FACE ( 'NONE', ( #2624 ), #2892, .F. ) ;
#2930 = AXIS2_PLACEMENT_3D ( 'NONE', #695, #466, #1249 ) ;
#2931 = CARTESIAN_POINT ( 'NONE',  ( -5.719241562852826604E-29, -5.000000000000420997, 3.500000000000293689E-14 ) ) ;
#2932 = ORIENTED_EDGE ( 'NONE', *, *, #2696, .T. ) ;
#2933 = FACE_BOUND ( 'NONE', #239, .T. ) ;
#2934 = AXIS2_PLACEMENT_3D ( 'NONE', #832, #2126, #15 ) ;
#2935 = CARTESIAN_POINT ( 'NONE',  ( 49.99999999999999289, 1.999999999999986233, -50.00000000000001421 ) ) ;
#2936 = AXIS2_PLACEMENT_3D ( 'NONE', #1038, #786, #435 ) ;
#2937 = ORIENTED_EDGE ( 'NONE', *, *, #142, .T. ) ;
#2938 = AXIS2_PLACEMENT_3D ( 'NONE', #1251, #3429, #697 ) ;
#2939 = DIRECTION ( 'NONE',  ( 1.143848312570467118E-29, 1.000000000000000000, -7.000000000000009616E-15 ) ) ;
#2940 = AXIS2_PLACEMENT_3D ( 'NONE', #1621, #3285, #1119 ) ;
#2941 = EDGE_LOOP ( 'NONE', ( #2184, #3394, #1542, #1452 ) ) ;
#2942 = DIRECTION ( 'NONE',  ( 0.000000000000000000, 7.930164461608679325E-15, 1.000000000000000000 ) ) ;
#2943 = DIRECTION ( 'NONE',  ( 0.000000000000000000, -1.000000000000000000, 0.000000000000000000 ) ) ;
#2944 = ORIENTED_EDGE ( 'NONE', *, *, #822, .F. ) ;
#2945 = DIRECTION ( 'NONE',  ( 0.000000000000000000, 0.000000000000000000, 1.000000000000000000 ) ) ;
#2946 = ORIENTED_EDGE ( 'NONE', *, *, #3266, .T. ) ;
#2947 = CIRCLE ( 'NONE', #3056, 40.00000000000000000 ) ;
#2948 = EDGE_CURVE ( 'NONE', #1441, #689, #418, .T. ) ;
#2949 = DIRECTION ( 'NONE',  ( -0.000000000000000000, -1.000000000000000000, -0.000000000000000000 ) ) ;
#2950 = ORIENTED_EDGE ( 'NONE', *, *, #2711, .T. ) ;
#2951 = FACE_OUTER_BOUND ( 'NONE', #3189, .T. ) ;
#2952 = EDGE_CURVE ( 'NONE', #2457, #1527, #2922, .T. ) ;
#2953 = CARTESIAN_POINT ( 'NONE',  ( 11.66328970827721179, 112.1999999999998749, -13.04674952549046196 ) ) ;
#2954 = EDGE_LOOP ( 'NONE', ( #1122, #357, #2702, #1522 ) ) ;
#2955 = EDGE_CURVE ( 'NONE', #3349, #3102, #1227, .T. ) ;
#2956 = DIRECTION ( 'NONE',  ( 0.000000000000000000, 0.000000000000000000, 1.000000000000000000 ) ) ;
#2957 = ORIENTED_EDGE ( 'NONE', *, *, #1202, .F. ) ;
#2958 = CARTESIAN_POINT ( 'NONE',  ( 49.99999999999998579, 6.999999999999986677, 49.99999999999997868 ) ) ;
#2959 = DIRECTION ( 'NONE',  ( -0.000000000000000000, 1.000000000000000000, -0.000000000000000000 ) ) ;
#2960 = ORIENTED_EDGE ( 'NONE', *, *, #698, .T. ) ;
#2961 = CARTESIAN_POINT ( 'NONE',  ( 3.980102097228897837E-15, 104.2000000000002018, 32.50000000000000000 ) ) ;
#2962 = ORIENTED_EDGE ( 'NONE', *, *, #2992, .F. ) ;
#2963 = VECTOR ( 'NONE', #29, 1000.000000000000000 ) ;
#2964 = DIRECTION ( 'NONE',  ( 5.782411586589358625E-17, 0.000000000000000000, -1.000000000000000000 ) ) ;
#2965 = VERTEX_POINT ( 'NONE', #205 ) ;
#2966 = LINE ( 'NONE', #1624, #1297 ) ;
#2967 = EDGE_CURVE ( 'NONE', #183, #1810, #2304, .T. ) ;
#2968 = CARTESIAN_POINT ( 'NONE',  ( -49.99999999999999289, 6.999999999999986677, 45.75000000000000711 ) ) ;
#2969 = ORIENTED_EDGE ( 'NONE', *, *, #3139, .T. ) ;
#2970 = ADVANCED_FACE ( 'NONE', ( #2606 ), #3145, .T. ) ;
#2971 = DIRECTION ( 'NONE',  ( 0.000000000000000000, 0.000000000000000000, -1.000000000000000000 ) ) ;
#2972 = ORIENTED_EDGE ( 'NONE', *, *, #1681, .F. ) ;
#2973 = PLANE ( 'NONE',  #1268 ) ;
#2974 = CARTESIAN_POINT ( 'NONE',  ( 29.60000000000000142, 121.1000000000000227, 4.749999999999154454 ) ) ;
#2975 = EDGE_LOOP ( 'NONE', ( #809, #1270, #1516, #171 ) ) ;
#2976 = FACE_OUTER_BOUND ( 'NONE', #293, .T. ) ;
#2977 = CARTESIAN_POINT ( 'NONE',  ( 50.00000000000000711, 6.999999999999986677, 54.24999999999998579 ) ) ;
#2978 = LINE ( 'NONE', #2411, #441 ) ;
#2979 = EDGE_LOOP ( 'NONE', ( #354, #1720 ) ) ;
#2980 = CARTESIAN_POINT ( 'NONE',  ( 50.00000000000000711, 1.999999999999986233, 49.99999999999998579 ) ) ;
#2981 = AXIS2_PLACEMENT_3D ( 'NONE', #3031, #3047, #624 ) ;
#2982 = CARTESIAN_POINT ( 'NONE',  ( -49.99999999999999289, 1.999999999999986233, 50.00000000000000000 ) ) ;
#2983 = FACE_OUTER_BOUND ( 'NONE', #2554, .T. ) ;
#2984 = ORIENTED_EDGE ( 'NONE', *, *, #3266, .F. ) ;
#2985 = AXIS2_PLACEMENT_3D ( 'NONE', #2305, #2094, #1781 ) ;
#2986 = ADVANCED_FACE ( 'NONE', ( #1296 ), #2339, .F. ) ;
#2987 = CONICAL_SURFACE ( 'NONE', #281, 13.69999999999996554, 0.7853981633974380649 ) ;
#2988 = DIRECTION ( 'NONE',  ( 1.143848312570467118E-29, 1.000000000000000000, -7.000000000000009616E-15 ) ) ;
#2989 = ORIENTED_EDGE ( 'NONE', *, *, #1907, .F. ) ;
#2990 = LINE ( 'NONE', #2730, #262 ) ;
#2991 = AXIS2_PLACEMENT_3D ( 'NONE', #450, #1282, #763 ) ;
#2992 = EDGE_CURVE ( 'NONE', #192, #463, #87, .T. ) ;
#2993 = DATE_AND_TIME ( #3297, #237 ) ;
#2994 = CARTESIAN_POINT ( 'NONE',  ( 29.60000000000000142, 119.7499999999999574, -4.750000000000845546 ) ) ;
#2995 = ORIENTED_EDGE ( 'NONE', *, *, #868, .F. ) ;
#2996 = DIRECTION ( 'NONE',  ( 0.000000000000000000, 1.000000000000000000, 0.000000000000000000 ) ) ;
#2997 = CARTESIAN_POINT ( 'NONE',  ( -9.555700305556129592, 122.9500000000000881, 15.84104136950494812 ) ) ;
#2998 = ADVANCED_FACE ( 'NONE', ( #429, #1553 ), #759, .T. ) ;
#2999 = AXIS2_PLACEMENT_3D ( 'NONE', #553, #324, #871 ) ;
#3000 = FACE_OUTER_BOUND ( 'NONE', #2727, .T. ) ;
#3001 = EDGE_LOOP ( 'NONE', ( #3144, #2932, #1159, #1390 ) ) ;
#3002 = LINE ( 'NONE', #3255, #3100 ) ;
#3003 = CIRCLE ( 'NONE', #792, 10.00000000000000178 ) ;
#3004 = CARTESIAN_POINT ( 'NONE',  ( 49.99999999999997868, -3.999999999999992450, 59.99999999999999289 ) ) ;
#3005 = AXIS2_PLACEMENT_3D ( 'NONE', #1054, #1307, #1006 ) ;
#3006 = ORIENTED_EDGE ( 'NONE', *, *, #3078, .T. ) ;
#3007 = FACE_OUTER_BOUND ( 'NONE', #1696, .T. ) ;
#3008 = ORIENTED_EDGE ( 'NONE', *, *, #3374, .T. ) ;
#3009 = DIRECTION ( 'NONE',  ( 1.000000000000000000, -0.000000000000000000, -0.000000000000000000 ) ) ;
#3010 = SHAPE_DEFINITION_REPRESENTATION ( #3423, #1458 ) ;
#3011 = EDGE_CURVE ( 'NONE', #3291, #2910, #1012, .T. ) ;
#3012 = ORIENTED_EDGE ( 'NONE', *, *, #845, .F. ) ;
#3013 = DIRECTION ( 'NONE',  ( 1.143848312570467118E-29, 1.000000000000000000, -7.000000000000009616E-15 ) ) ;
#3014 = VERTEX_POINT ( 'NONE', #172 ) ;
#3015 = EDGE_CURVE ( 'NONE', #3416, #3349, #709, .T. ) ;
#3016 = LINE ( 'NONE', #1904, #3146 ) ;
#3017 = ORIENTED_EDGE ( 'NONE', *, *, #1677, .T. ) ;
#3018 = CIRCLE ( 'NONE', #2113, 3.499999999999815703 ) ;
#3019 = CARTESIAN_POINT ( 'NONE',  ( 49.99999999999999289, 6.999999999999986677, -54.25000000000001421 ) ) ;
#3020 =( NAMED_UNIT ( * ) SI_UNIT ( $, .STERADIAN. ) SOLID_ANGLE_UNIT ( ) );
#3021 = CARTESIAN_POINT ( 'NONE',  ( 49.99999999999999289, 1.999999999999986233, -52.60000000000001563 ) ) ;
#3022 = ORIENTED_EDGE ( 'NONE', *, *, #2557, .F. ) ;
#3023 = CARTESIAN_POINT ( 'NONE',  ( -50.00000000000000711, 1.999999999999986233, -45.75000000000000711 ) ) ;
#3024 = ORIENTED_EDGE ( 'NONE', *, *, #1722, .F. ) ;
#3025 = DIRECTION ( 'NONE',  ( 1.000000000000000000, -1.143848312570467258E-29, 9.524450499707741029E-44 ) ) ;
#3026 = DATE_AND_TIME ( #3247, #2665 ) ;
#3027 = ORIENTED_EDGE ( 'NONE', *, *, #590, .F. ) ;
#3028 = DIRECTION ( 'NONE',  ( 0.000000000000000000, 1.000000000000000000, 0.000000000000000000 ) ) ;
#3029 = DIRECTION ( 'NONE',  ( 0.000000000000000000, 7.930164461608669858E-15, 1.000000000000000000 ) ) ;
#3030 = ADVANCED_FACE ( 'NONE', ( #2641 ), #2093, .F. ) ;
#3031 = CARTESIAN_POINT ( 'NONE',  ( -11.66328970827735922, 104.2000000000000739, 13.04674952548880285 ) ) ;
#3032 = EDGE_LOOP ( 'NONE', ( #1117, #440, #131, #1450 ) ) ;
#3033 = DIRECTION ( 'NONE',  ( -0.000000000000000000, -1.000000000000000000, 0.000000000000000000 ) ) ;
#3034 = EDGE_CURVE ( 'NONE', #1810, #2524, #2394, .T. ) ;
#3035 = AXIS2_PLACEMENT_3D ( 'NONE', #1998, #630, #3326 ) ;
#3036 = DIRECTION ( 'NONE',  ( 0.000000000000000000, 0.000000000000000000, 1.000000000000000000 ) ) ;
#3037 = ORIENTED_EDGE ( 'NONE', *, *, #478, .T. ) ;
#3038 = PERSON ( 'NAUO-PER1', 'UNSPECIFIED', 'UNSPECIFIED', ('UNSPECIFIED'), ('UNSPECIFIED'), ('UNSPECIFIED') ) ;
#3039 = CARTESIAN_POINT ( 'NONE',  ( 14.67537912918857756, 122.9499999999998892, -11.26424642018256961 ) ) ;
#3040 = CIRCLE ( 'NONE', #169, 4.249999999999996447 ) ;
#3041 = VERTEX_POINT ( 'NONE', #1032 ) ;
#3042 = FACE_OUTER_BOUND ( 'NONE', #1239, .T. ) ;
#3043 = VECTOR ( 'NONE', #315, 1000.000000000000000 ) ;
#3044 = ORIENTED_EDGE ( 'NONE', *, *, #2535, .F. ) ;
#3045 = DIRECTION ( 'NONE',  ( 0.000000000000000000, 1.000000000000000000, -0.000000000000000000 ) ) ;
#3046 = ORIENTED_EDGE ( 'NONE', *, *, #981, .F. ) ;
#3047 = DIRECTION ( 'NONE',  ( 1.143848312570467118E-29, 1.000000000000000000, -7.000000000000009616E-15 ) ) ;
#3048 = VERTEX_POINT ( 'NONE', #3131 ) ;
#3049 = ADVANCED_FACE ( 'NONE', ( #1846 ), #2046, .F. ) ;
#3050 = CARTESIAN_POINT ( 'NONE',  ( 50.00000000000000711, 1.999999999999986233, 45.74999999999999289 ) ) ;
#3051 = PERSON_AND_ORGANIZATION ( #1178, #2513 ) ;
#3052 = CARTESIAN_POINT ( 'NONE',  ( -11.66328970827735922, -5.000000000000532019, -13.04674952548964129 ) ) ;
#3053 = ADVANCED_FACE ( 'NONE', ( #2872, #445 ), #190, .T. ) ;
#3054 = CARTESIAN_POINT ( 'NONE',  ( -14.67537912918870902, 122.9500000000000597, 11.26424642018067246 ) ) ;
#3055 = ORIENTED_EDGE ( 'NONE', *, *, #2128, .F. ) ;
#3056 = AXIS2_PLACEMENT_3D ( 'NONE', #2546, #1774, #2849 ) ;
#3057 = CONICAL_SURFACE ( 'NONE', #2382, 18.50000000000000000, 0.7853981633974430610 ) ;
#3058 = DIRECTION ( 'NONE',  ( 0.000000000000000000, 8.326672684688674053E-15, 1.000000000000000000 ) ) ;
#3059 = EDGE_CURVE ( 'NONE', #1445, #2681, #515, .T. ) ;
#3060 = VERTEX_POINT ( 'NONE', #774 ) ;
#3061 = CARTESIAN_POINT ( 'NONE',  ( 31.80000000000000071, 113.9999999999998863, -10.00000000000079758 ) ) ;
#3062 = CARTESIAN_POINT ( 'NONE',  ( 0.000000000000000000, 128.9999999999999716, 0.000000000000000000 ) ) ;
#3063 = ORIENTED_EDGE ( 'NONE', *, *, #1548, .T. ) ;
#3064 = FACE_OUTER_BOUND ( 'NONE', #196, .T. ) ;
#3065 = LINE ( 'NONE', #3286, #1801 ) ;
#3066 = VERTEX_POINT ( 'NONE', #3229 ) ;
#3067 = DIRECTION ( 'NONE',  ( 0.000000000000000000, -1.000000000000000000, 0.000000000000000000 ) ) ;
#3068 = DATE_AND_TIME ( #2556, #879 ) ;
#3069 = CARTESIAN_POINT ( 'NONE',  ( 50.00000000000000711, -4.999999999999992895, 49.99999999999998579 ) ) ;
#3070 = FACE_OUTER_BOUND ( 'NONE', #3118, .T. ) ;
#3071 = ORIENTED_EDGE ( 'NONE', *, *, #2843, .T. ) ;
#3072 = AXIS2_PLACEMENT_3D ( 'NONE', #221, #480, #965 ) ;
#3073 = EDGE_CURVE ( 'NONE', #2628, #2816, #2794, .T. ) ;
#3074 = FACE_OUTER_BOUND ( 'NONE', #2056, .T. ) ;
#3075 = CONICAL_SURFACE ( 'NONE', #2454, 34.99999999999995026, 0.7853981633974447263 ) ;
#3076 = ORIENTED_EDGE ( 'NONE', *, *, #2345, .T. ) ;
#3077 = DIRECTION ( 'NONE',  ( -0.000000000000000000, 1.000000000000000000, -0.000000000000000000 ) ) ;
#3078 = EDGE_CURVE ( 'NONE', #2107, #816, #3018, .T. ) ;
#3079 = LOCAL_TIME ( 10, 36, 33.00000000000000000, #1768 ) ;
#3080 = CARTESIAN_POINT ( 'NONE',  ( 9.555700305556054985, 116.9000000000000767, 15.84104136950503872 ) ) ;
#3081 = ORIENTED_EDGE ( 'NONE', *, *, #1770, .F. ) ;
#3082 = CARTESIAN_POINT ( 'NONE',  ( -3.411622836087720750E-15, -4.999999999999992895, 58.99999999999999289 ) ) ;
#3083 = CARTESIAN_POINT ( 'NONE',  ( 1.203328424824130942E-27, 105.1999999999999744, -7.364000000000008810E-13 ) ) ;
#3084 = ORIENTED_EDGE ( 'NONE', *, *, #401, .F. ) ;
#3085 = DIRECTION ( 'NONE',  ( -0.000000000000000000, 1.000000000000000000, -0.000000000000000000 ) ) ;
#3086 = APPROVAL_DATE_TIME ( #1484, #1437 ) ;
#3087 = DIRECTION ( 'NONE',  ( 0.000000000000000000, 6.832141690000963508E-15, 1.000000000000000000 ) ) ;
#3088 = LINE ( 'NONE', #3309, #2762 ) ;
#3089 = EDGE_LOOP ( 'NONE', ( #2343, #3470, #411, #1489 ) ) ;
#3090 = CARTESIAN_POINT ( 'NONE',  ( 58.99999999999998579, 6.999999999999986677, 49.99999999999997868 ) ) ;
#3091 = EDGE_LOOP ( 'NONE', ( #833, #2690, #1964, #2515, #2092, #1805, #1643, #2204 ) ) ;
#3092 = VECTOR ( 'NONE', #451, 1000.000000000000000 ) ;
#3093 = EDGE_CURVE ( 'NONE', #1065, #505, #1332, .T. ) ;
#3094 = VECTOR ( 'NONE', #2949, 1000.000000000000000 ) ;
#3095 = DIRECTION ( 'NONE',  ( -1.143848312570467118E-29, -1.000000000000000000, 7.000000000000009616E-15 ) ) ;
#3096 = EDGE_LOOP ( 'NONE', ( #220, #904, #622, #869 ) ) ;
#3097 = ADVANCED_FACE ( 'NONE', ( #849 ), #1061, .F. ) ;
#3098 = LINE ( 'NONE', #676, #3317 ) ;
#3099 = CIRCLE ( 'NONE', #2707, 4.249999999999996447 ) ;
#3100 = VECTOR ( 'NONE', #1090, 1000.000000000000000 ) ;
#3101 = CARTESIAN_POINT ( 'NONE',  ( 58.99999999999998579, -4.999999999999992895, 49.99999999999997868 ) ) ;
#3102 = VERTEX_POINT ( 'NONE', #3264 ) ;
#3103 = EDGE_CURVE ( 'NONE', #2335, #835, #532, .T. ) ;
#3104 = CARTESIAN_POINT ( 'NONE',  ( 50.00000000000000000, -4.999999999999992895, -50.00000000000000711 ) ) ;
#3105 = APPLICATION_PROTOCOL_DEFINITION ( 'international standard', 'config_control_design', 1994, #3267 ) ;
#3106 = AXIS2_PLACEMENT_3D ( 'NONE', #3104, #3033, #1767 ) ;
#3107 = DIRECTION ( 'NONE',  ( 0.000000000000000000, 1.000000000000000000, 0.000000000000000000 ) ) ;
#3108 = DIRECTION ( 'NONE',  ( 0.000000000000000000, 0.000000000000000000, 1.000000000000000000 ) ) ;
#3109 = VERTEX_POINT ( 'NONE', #1653 ) ;
#3110 = CARTESIAN_POINT ( 'NONE',  ( -11.66328970827735922, 112.1999999999998749, -13.04674952549046196 ) ) ;
#3111 = VERTEX_POINT ( 'NONE', #12 ) ;
#3112 = DIRECTION ( 'NONE',  ( 0.000000000000000000, 1.000000000000000000, 0.000000000000000000 ) ) ;
#3113 = FACE_OUTER_BOUND ( 'NONE', #216, .T. ) ;
#3114 = VERTEX_POINT ( 'NONE', #256 ) ;
#3115 = DIRECTION ( 'NONE',  ( -1.156482317317871725E-16, 0.000000000000000000, 1.000000000000000000 ) ) ;
#3116 = ADVANCED_FACE ( 'NONE', ( #3212, #1898 ), #2973, .T. ) ;
#3117 = DIRECTION ( 'NONE',  ( -1.776356839400250465E-15, 0.000000000000000000, 1.000000000000000000 ) ) ;
#3118 = EDGE_LOOP ( 'NONE', ( #3, #909, #275, #2519 ) ) ;
#3119 = FACE_OUTER_BOUND ( 'NONE', #577, .T. ) ;
#3120 = DESIGN_CONTEXT ( 'detailed design', #811, 'design' ) ;
#3121 = ADVANCED_FACE ( 'NONE', ( #795 ), #1723, .T. ) ;
#3122 = DIRECTION ( 'NONE',  ( 0.000000000000000000, 1.000000000000000000, 0.000000000000000000 ) ) ;
#3123 = CARTESIAN_POINT ( 'NONE',  ( -11.66328970827735922, 112.1999999999999176, -9.546749525490648480 ) ) ;
#3124 = ORIENTED_EDGE ( 'NONE', *, *, #2626, .F. ) ;
#3125 = DIRECTION ( 'NONE',  ( 0.000000000000000000, 7.930164461608669858E-15, 1.000000000000000000 ) ) ;
#3126 = ORIENTED_EDGE ( 'NONE', *, *, #1323, .F. ) ;
#3127 = VECTOR ( 'NONE', #3372, 1000.000000000000000 ) ;
#3128 = DIRECTION ( 'NONE',  ( 0.000000000000000000, 6.608470384674120581E-15, 1.000000000000000000 ) ) ;
#3129 = DIRECTION ( 'NONE',  ( -0.000000000000000000, 1.000000000000000000, -0.000000000000000000 ) ) ;
#3130 = ORIENTED_EDGE ( 'NONE', *, *, #227, .T. ) ;
#3131 = CARTESIAN_POINT ( 'NONE',  ( 11.66328970827721179, 112.1999999999998607, -16.54674952549028077 ) ) ;
#3132 = LINE ( 'NONE', #710, #2476 ) ;
#3133 = ORIENTED_EDGE ( 'NONE', *, *, #1091, .T. ) ;
#3134 = CARTESIAN_POINT ( 'NONE',  ( -50.00000000000000000, -3.999999999999992450, -60.00000000000001421 ) ) ;
#3135 = EDGE_CURVE ( 'NONE', #600, #3211, #271, .T. ) ;
#3136 = CARTESIAN_POINT ( 'NONE',  ( -50.00000000000000000, -3.999999999999992450, -50.00000000000001421 ) ) ;
#3137 = DIRECTION ( 'NONE',  ( 1.155557966632372481E-29, 1.000000000000000000, -6.999999999999907064E-15 ) ) ;
#3138 = EDGE_LOOP ( 'NONE', ( #40, #2718, #1235, #2182 ) ) ;
#3139 = EDGE_CURVE ( 'NONE', #2306, #102, #1632, .T. ) ;
#3140 = CARTESIAN_POINT ( 'NONE',  ( 29.60000000000000142, 121.0999999999999517, -4.750000000000845546 ) ) ;
#3141 = ORIENTED_EDGE ( 'NONE', *, *, #2369, .T. ) ;
#3142 = CARTESIAN_POINT ( 'NONE',  ( 31.80000000000000071, 113.9999999999998863, -10.00000000000079758 ) ) ;
#3143 = DIRECTION ( 'NONE',  ( 1.156482317317871725E-16, 0.000000000000000000, -1.000000000000000000 ) ) ;
#3144 = ORIENTED_EDGE ( 'NONE', *, *, #2083, .F. ) ;
#3145 = PLANE ( 'NONE',  #1039 ) ;
#3146 = VECTOR ( 'NONE', #34, 1000.000000000000000 ) ;
#3147 = LINE ( 'NONE', #3444, #222 ) ;
#3148 = VERTEX_POINT ( 'NONE', #2423 ) ;
#3149 = AXIS2_PLACEMENT_3D ( 'NONE', #2791, #2578, #2827 ) ;
#3150 = DIRECTION ( 'NONE',  ( 1.143848312570466978E-29, 1.000000000000000000, -7.000000000000008827E-15 ) ) ;
#3151 = AXIS2_PLACEMENT_3D ( 'NONE', #861, #2433, #1410 ) ;
#3152 = EDGE_CURVE ( 'NONE', #3102, #343, #567, .T. ) ;
#3153 = DIRECTION ( 'NONE',  ( 1.000000000000000000, 0.000000000000000000, 5.782411586589358625E-17 ) ) ;
#3154 = DIRECTION ( 'NONE',  ( 0.000000000000000000, 0.000000000000000000, 1.000000000000000000 ) ) ;
#3155 = ORIENTED_EDGE ( 'NONE', *, *, #2888, .T. ) ;
#3156 = AXIS2_PLACEMENT_3D ( 'NONE', #2164, #1336, #2129 ) ;
#3157 = EDGE_CURVE ( 'NONE', #2231, #284, #1668, .T. ) ;
#3158 = DIRECTION ( 'NONE',  ( -0.000000000000000000, 1.000000000000000000, -0.000000000000000000 ) ) ;
#3159 = ORIENTED_EDGE ( 'NONE', *, *, #1287, .F. ) ;
#3160 = CARTESIAN_POINT ( 'NONE',  ( 0.000000000000000000, 128.9999999999999716, 0.000000000000000000 ) ) ;
#3161 = CIRCLE ( 'NONE', #1646, 9.000000000000001776 ) ;
#3162 = EDGE_CURVE ( 'NONE', #346, #3277, #1368, .T. ) ;
#3163 = CARTESIAN_POINT ( 'NONE',  ( -60.00000000000000000, 6.999999999999986677, -50.00000000000001421 ) ) ;
#3164 = ORIENTED_EDGE ( 'NONE', *, *, #2174, .T. ) ;
#3165 = DIRECTION ( 'NONE',  ( 1.143848312570467118E-29, 1.000000000000000000, -7.000000000000009616E-15 ) ) ;
#3166 = VECTOR ( 'NONE', #3058, 1000.000000000000000 ) ;
#3167 = CARTESIAN_POINT ( 'NONE',  ( 11.66328970827721179, 112.1999999999998607, -15.14674952549028042 ) ) ;
#3168 = CIRCLE ( 'NONE', #2552, 2.099999999999817124 ) ;
#3169 = ORIENTED_EDGE ( 'NONE', *, *, #2907, .F. ) ;
#3170 = DIRECTION ( 'NONE',  ( 5.782411586589358625E-17, -0.000000000000000000, -1.000000000000000000 ) ) ;
#3171 = DIRECTION ( 'NONE',  ( 0.000000000000000000, -1.000000000000000000, 0.000000000000000000 ) ) ;
#3172 = DIRECTION ( 'NONE',  ( 0.000000000000000000, 7.501506923142949299E-15, 1.000000000000000000 ) ) ;
#3173 = CARTESIAN_POINT ( 'NONE',  ( -5.719241562852826604E-29, -5.000000000000420997, 3.500000000000293689E-14 ) ) ;
#3174 = ORIENTED_EDGE ( 'NONE', *, *, #807, .T. ) ;
#3175 = DIRECTION ( 'NONE',  ( 1.000000000000000000, 0.000000000000000000, 0.000000000000000000 ) ) ;
#3176 = EDGE_CURVE ( 'NONE', #1933, #2070, #2990, .T. ) ;
#3177 = LINE ( 'NONE', #1294, #687 ) ;
#3178 = AXIS2_PLACEMENT_3D ( 'NONE', #2958, #1617, #2695 ) ;
#3179 = ORIENTED_EDGE ( 'NONE', *, *, #822, .T. ) ;
#3180 = DIRECTION ( 'NONE',  ( 1.143848312570466978E-29, 1.000000000000000000, -7.000000000000008827E-15 ) ) ;
#3181 = ADVANCED_FACE ( 'NONE', ( #2196 ), #240, .F. ) ;
#3182 = AXIS2_PLACEMENT_3D ( 'NONE', #1687, #2812, #942 ) ;
#3183 = CARTESIAN_POINT ( 'NONE',  ( -60.00000000000000000, -3.999999999999992450, -50.00000000000001421 ) ) ;
#3184 = EDGE_LOOP ( 'NONE', ( #3339, #314 ) ) ;
#3185 = DIRECTION ( 'NONE',  ( 1.143848312570467118E-29, 1.000000000000000000, -7.000000000000009616E-15 ) ) ;
#3186 = PLANE ( 'NONE',  #1400 ) ;
#3187 = FACE_OUTER_BOUND ( 'NONE', #1099, .T. ) ;
#3188 = PLANE ( 'NONE',  #2895 ) ;
#3189 = EDGE_LOOP ( 'NONE', ( #638, #1295, #3006, #3164, #2428, #67, #922 ) ) ;
#3190 =( LENGTH_UNIT ( ) NAMED_UNIT ( * ) SI_UNIT ( .MILLI., .METRE. ) );
#3191 = DIRECTION ( 'NONE',  ( -1.143848312570467118E-29, -1.000000000000000000, 7.000000000000009616E-15 ) ) ;
#3192 = EDGE_CURVE ( 'NONE', #454, #2059, #3457, .T. ) ;
#3193 = ORIENTED_EDGE ( 'NONE', *, *, #1609, .F. ) ;
#3194 = DIRECTION ( 'NONE',  ( 0.000000000000000000, 6.608470384674126103E-15, 1.000000000000000000 ) ) ;
#3195 = AXIS2_PLACEMENT_3D ( 'NONE', #2155, #3225, #1341 ) ;
#3196 = EDGE_CURVE ( 'NONE', #2568, #3203, #201, .T. ) ;
#3197 = CARTESIAN_POINT ( 'NONE',  ( -15.09272046571961212, 129.0000000000000284, 12.34746082980725213 ) ) ;
#3198 = ORIENTED_EDGE ( 'NONE', *, *, #783, .F. ) ;
#3199 = CARTESIAN_POINT ( 'NONE',  ( -11.66328970827735922, 128.9999999999998863, -13.04674952549058098 ) ) ;
#3200 = CIRCLE ( 'NONE', #3256, 3.499999999999817479 ) ;
#3201 = CIRCLE ( 'NONE', #775, 4.249999999999996447 ) ;
#3202 = CARTESIAN_POINT ( 'NONE',  ( 14.67537912918857756, 127.9999999999999147, -11.26424642018260514 ) ) ;
#3203 = VERTEX_POINT ( 'NONE', #2495 ) ;
#3204 = CARTESIAN_POINT ( 'NONE',  ( 50.00000000000000000, -4.999999999999992895, -50.00000000000000711 ) ) ;
#3205 = AXIS2_PLACEMENT_3D ( 'NONE', #1377, #24, #578 ) ;
#3206 = DIRECTION ( 'NONE',  ( -1.143848312570467118E-29, -1.000000000000000000, 7.000000000000009616E-15 ) ) ;
#3207 = AXIS2_PLACEMENT_3D ( 'NONE', #1355, #817, #2429 ) ;
#3208 = EDGE_LOOP ( 'NONE', ( #1863, #2294, #2995, #1880 ) ) ;
#3209 = CIRCLE ( 'NONE', #3207, 4.249999999999996447 ) ;
#3210 = CARTESIAN_POINT ( 'NONE',  ( -59.00000000000000711, 6.999999999999986677, -50.00000000000001421 ) ) ;
#3211 = VERTEX_POINT ( 'NONE', #3061 ) ;
#3212 = FACE_OUTER_BOUND ( 'NONE', #137, .T. ) ;
#3213 = CARTESIAN_POINT ( 'NONE',  ( -9.555700305556021235, 122.9499999999998607, -15.84104136950673514 ) ) ;
#3214 = ORIENTED_EDGE ( 'NONE', *, *, #1397, .T. ) ;
#3215 = SECURITY_CLASSIFICATION ( '', '', #2459 ) ;
#3216 = LINE ( 'NONE', #800, #2825 ) ;
#3217 = ORIENTED_EDGE ( 'NONE', *, *, #1105, .T. ) ;
#3218 = CIRCLE ( 'NONE', #1824, 4.249999999999996447 ) ;
#3219 = EDGE_CURVE ( 'NONE', #2085, #3111, #3314, .T. ) ;
#3220 = AXIS2_PLACEMENT_3D ( 'NONE', #975, #2525, #1185 ) ;
#3221 = CARTESIAN_POINT ( 'NONE',  ( 3.980102097228897837E-15, -4.999999999999992895, 32.50000000000000000 ) ) ;
#3222 = ORIENTED_EDGE ( 'NONE', *, *, #2696, .F. ) ;
#3223 = CARTESIAN_POINT ( 'NONE',  ( 0.000000000000000000, -4.999999999999992895, 0.000000000000000000 ) ) ;
#3224 = ADVANCED_FACE ( 'NONE', ( #1987 ), #388, .F. ) ;
#3225 = DIRECTION ( 'NONE',  ( -0.000000000000000000, 1.000000000000000000, -0.000000000000000000 ) ) ;
#3226 = ORIENTED_EDGE ( 'NONE', *, *, #924, .T. ) ;
#3227 = CARTESIAN_POINT ( 'NONE',  ( 33.54101966249699274, 129.0000000000000568, 9.999999999999095834 ) ) ;
#3228 = ORIENTED_EDGE ( 'NONE', *, *, #287, .F. ) ;
#3229 = CARTESIAN_POINT ( 'NONE',  ( 50.00000000000000711, 1.999999999999986233, 47.39999999999999147 ) ) ;
#3230 = DIRECTION ( 'NONE',  ( -1.143848312570467118E-29, -1.000000000000000000, 7.000000000000009616E-15 ) ) ;
#3231 = ORIENTED_EDGE ( 'NONE', *, *, #124, .T. ) ;
#3232 = CARTESIAN_POINT ( 'NONE',  ( -14.86764567591927744, 128.3503387664087541, 11.58914012144699868 ) ) ;
#3233 = CARTESIAN_POINT ( 'NONE',  ( 9.857101656166092241, 128.3503387664087825, 16.06837277508876127 ) ) ;
#3234 = AXIS2_PLACEMENT_3D ( 'NONE', #745, #2324, #1831 ) ;
#3235 = CARTESIAN_POINT ( 'NONE',  ( -60.00000000000000711, 6.999999999999986677, 59.99999999999998579 ) ) ;
#3236 = ORIENTED_EDGE ( 'NONE', *, *, #1789, .F. ) ;
#3237 = EDGE_CURVE ( 'NONE', #1304, #3409, #1721, .T. ) ;
#3238 = DIRECTION ( 'NONE',  ( 1.155557966632372481E-29, 1.000000000000000000, -6.999999999999907064E-15 ) ) ;
#3239 = AXIS2_PLACEMENT_3D ( 'NONE', #1758, #2120, #3468 ) ;
#3240 = CARTESIAN_POINT ( 'NONE',  ( 1.236893267139420034E-15, 51.87409819219525531, -10.10000000000036202 ) ) ;
#3241 = EDGE_CURVE ( 'NONE', #2965, #3203, #1453, .T. ) ;
#3242 = DIRECTION ( 'NONE',  ( 1.143848312570467258E-29, 1.000000000000000000, 0.000000000000000000 ) ) ;
#3243 = ORIENTED_EDGE ( 'NONE', *, *, #1934, .F. ) ;
#3244 = CARTESIAN_POINT ( 'NONE',  ( 35.27521371232720782, 127.3380960936017203, 9.999999999999108269 ) ) ;
#3245 = VERTEX_POINT ( 'NONE', #1474 ) ;
#3246 = DIRECTION ( 'NONE',  ( 0.000000000000000000, 1.000000000000000000, 0.000000000000000000 ) ) ;
#3247 = CALENDAR_DATE ( 2026, 19, 9 ) ;
#3248 = CARTESIAN_POINT ( 'NONE',  ( 1.555301434917081240E-15, -5.000000000000508926, -12.69999999999996554 ) ) ;
#3249 = EDGE_LOOP ( 'NONE', ( #522, #1226, #2600, #1025 ) ) ;
#3250 = CARTESIAN_POINT ( 'NONE',  ( -9.555700305556021235, 127.9999999999998153, -15.84104136950676889 ) ) ;
#3251 = CARTESIAN_POINT ( 'NONE',  ( -11.66328970827735922, 116.8999999999999204, -9.546749525490680455 ) ) ;
#3252 = CARTESIAN_POINT ( 'NONE',  ( -11.66328970827735922, 116.9000000000000625, 13.04674952548871403 ) ) ;
#3253 = ORIENTED_EDGE ( 'NONE', *, *, #2711, .F. ) ;
#3254 = AXIS2_PLACEMENT_3D ( 'NONE', #3136, #504, #2310 ) ;
#3255 = CARTESIAN_POINT ( 'NONE',  ( -60.00000000000000711, -3.999999999999992450, 49.99999999999998579 ) ) ;
#3256 = AXIS2_PLACEMENT_3D ( 'NONE', #982, #483, #2573 ) ;
#3257 = CARTESIAN_POINT ( 'NONE',  ( 38.72983346207369237, 123.9999999999998863, -10.00000000000187050 ) ) ;
#3258 = VERTEX_POINT ( 'NONE', #2548 ) ;
#3259 = AXIS2_PLACEMENT_3D ( 'NONE', #2974, #1317, #550 ) ;
#3260 = PRODUCT_DEFINITION ( '�', '', #595, #2844 ) ;
#3261 = ADVANCED_FACE ( 'NONE', ( #884 ), #2512, .T. ) ;
#3262 = CARTESIAN_POINT ( 'NONE',  ( -11.66328970827735922, 116.8999999999998920, -13.04674952549049571 ) ) ;
#3263 = EDGE_LOOP ( 'NONE', ( #2036, #3198, #2408, #3287 ) ) ;
#3264 = CARTESIAN_POINT ( 'NONE',  ( 59.99999999999998579, 5.999999999999985789, 49.99999999999997868 ) ) ;
#3265 = CIRCLE ( 'NONE', #2938, 1.350000000000004086 ) ;
#3266 = EDGE_CURVE ( 'NONE', #689, #696, #619, .T. ) ;
#3267 = APPLICATION_CONTEXT ( 'configuration controlled 3d designs of mechanical parts and assemblies' ) ;
#3268 = CARTESIAN_POINT ( 'NONE',  ( -49.99999999999999289, 6.999999999999986677, 50.00000000000000000 ) ) ;
#3269 = ORIENTED_EDGE ( 'NONE', *, *, #3392, .T. ) ;
#3270 = DIRECTION ( 'NONE',  ( 1.000000000000000000, -1.143848312570467118E-29, 9.524450499707741029E-44 ) ) ;
#3271 = ORIENTED_EDGE ( 'NONE', *, *, #3073, .T. ) ;
#3272 = PLANE ( 'NONE',  #721 ) ;
#3273 = ORIENTED_EDGE ( 'NONE', *, *, #1770, .T. ) ;
#3274 = CARTESIAN_POINT ( 'NONE',  ( 31.80000000000000071, 121.1000000000000227, 4.749999999999154454 ) ) ;
#3275 = CIRCLE ( 'NONE', #3330, 19.49999999999995737 ) ;
#3276 = CARTESIAN_POINT ( 'NONE',  ( 7.499999999999999112, -5.000000000000004441, -31.62277660168379967 ) ) ;
#3277 = VERTEX_POINT ( 'NONE', #1966 ) ;
#3278 = CARTESIAN_POINT ( 'NONE',  ( -50.00000000000000711, 5.999999999999985789, 49.99999999999998579 ) ) ;
#3279 = ORIENTED_EDGE ( 'NONE', *, *, #1172, .T. ) ;
#3280 = ADVANCED_FACE ( 'NONE', ( #2245 ), #1187, .F. ) ;
#3281 = DIRECTION ( 'NONE',  ( -1.000000000000000000, 1.143848312570467118E-29, -8.006938187993280513E-44 ) ) ;
#3282 = ORIENTED_EDGE ( 'NONE', *, *, #2001, .T. ) ;
#3283 = ADVANCED_FACE ( 'NONE', ( #2475, #3042 ), #2227, .F. ) ;
#3284 = DIRECTION ( 'NONE',  ( 0.000000000000000000, 0.000000000000000000, 1.000000000000000000 ) ) ;
#3285 = DIRECTION ( 'NONE',  ( -0.000000000000000000, 1.000000000000000000, -0.000000000000000000 ) ) ;
#3286 = CARTESIAN_POINT ( 'NONE',  ( -60.00000000000000711, 6.999999999999986677, 49.99999999999998579 ) ) ;
#3287 = ORIENTED_EDGE ( 'NONE', *, *, #3458, .F. ) ;
#3288 = VECTOR ( 'NONE', #1113, 1000.000000000000114 ) ;
#3289 = CARTESIAN_POINT ( 'NONE',  ( 11.66328970827721179, 104.1999999999998892, -10.94674952549058666 ) ) ;
#3290 = CARTESIAN_POINT ( 'NONE',  ( 1.214766907949835792E-27, 106.2000000000000455, 10.09999999999925535 ) ) ;
#3291 = VERTEX_POINT ( 'NONE', #2528 ) ;
#3292 = AXIS2_PLACEMENT_3D ( 'NONE', #338, #1672, #113 ) ;
#3293 = CARTESIAN_POINT ( 'NONE',  ( 0.000000000000000000, 123.9999999999998863, -40.00000000000000000 ) ) ;
#3294 = ORIENTED_EDGE ( 'NONE', *, *, #2843, .F. ) ;
#3295 = CARTESIAN_POINT ( 'NONE',  ( -50.00000000000000711, 5.999999999999985789, 59.99999999999998579 ) ) ;
#3296 = ADVANCED_FACE ( 'NONE', ( #2265 ), #1206, .F. ) ;
#3297 = CALENDAR_DATE ( 2026, 19, 9 ) ;
#3298 = VERTEX_POINT ( 'NONE', #3295 ) ;
#3299 = DIRECTION ( 'NONE',  ( 1.143848312570467118E-29, 1.000000000000000000, -7.000000000000009616E-15 ) ) ;
#3300 = CARTESIAN_POINT ( 'NONE',  ( -59.00000000000001421, -4.999999999999992895, 49.99999999999998579 ) ) ;
#3301 = EDGE_CURVE ( 'NONE', #1841, #2784, #1836, .T. ) ;
#3302 = FACE_BOUND ( 'NONE', #176, .T. ) ;
#3303 = ORIENTED_EDGE ( 'NONE', *, *, #1960, .F. ) ;
#3304 = LINE ( 'NONE', #3050, #507 ) ;
#3305 = CALENDAR_DATE ( 2026, 19, 9 ) ;
#3306 = EDGE_CURVE ( 'NONE', #2146, #2524, #2004, .T. ) ;
#3307 = CIRCLE ( 'NONE', #1171, 2.599999999999998312 ) ;
#3308 = CARTESIAN_POINT ( 'NONE',  ( -50.00000000000000000, 6.999999999999986677, -50.00000000000001421 ) ) ;
#3309 = CARTESIAN_POINT ( 'NONE',  ( 38.72983346207465161, 267.1370849898476649, 9.999999999998129496 ) ) ;
#3310 = ORIENTED_EDGE ( 'NONE', *, *, #674, .F. ) ;
#3311 = DIRECTION ( 'NONE',  ( -1.143848312570467118E-29, -1.000000000000000000, 7.000000000000009616E-15 ) ) ;
#3312 = AXIS2_PLACEMENT_3D ( 'NONE', #685, #2311, #1772 ) ;
#3313 = ORIENTED_EDGE ( 'NONE', *, *, #3368, .F. ) ;
#3314 = LINE ( 'NONE', #2212, #2625 ) ;
#3315 = CONICAL_SURFACE ( 'NONE', #228, 9.000000000000001776, 0.7853981633974473908 ) ;
#3316 = DIRECTION ( 'NONE',  ( 0.000000000000000000, 7.930164461608674592E-15, 1.000000000000000000 ) ) ;
#3317 = VECTOR ( 'NONE', #2769, 1000.000000000000000 ) ;
#3318 = VERTEX_POINT ( 'NONE', #1737 ) ;
#3319 = CIRCLE ( 'NONE', #3106, 9.000000000000001776 ) ;
#3320 = DIRECTION ( 'NONE',  ( 0.000000000000000000, -0.7071067811865500152, -0.7071067811865451302 ) ) ;
#3321 = CARTESIAN_POINT ( 'NONE',  ( 14.86764567591919217, 128.3503387664087541, 11.58914012144713368 ) ) ;
#3322 = ORIENTED_EDGE ( 'NONE', *, *, #124, .F. ) ;
#3323 = DIRECTION ( 'NONE',  ( -1.143848312570467118E-29, -1.000000000000000000, 7.000000000000009616E-15 ) ) ;
#3324 = SHAPE_DEFINITION_REPRESENTATION ( #1740, #731 ) ;
#3325 = EDGE_CURVE ( 'NONE', #3277, #2397, #589, .T. ) ;
#3326 = DIRECTION ( 'NONE',  ( 0.000000000000000000, 7.021499783716252970E-15, 1.000000000000000000 ) ) ;
#3327 = PLANE ( 'NONE',  #386 ) ;
#3328 = ORIENTED_EDGE ( 'NONE', *, *, #1479, .T. ) ;
#3329 = EDGE_CURVE ( 'NONE', #341, #454, #2566, .T. ) ;
#3330 = AXIS2_PLACEMENT_3D ( 'NONE', #1598, #3191, #3469 ) ;
#3331 = CIRCLE ( 'NONE', #1312, 19.50000000000004974 ) ;
#3332 = DIRECTION ( 'NONE',  ( 0.000000000000000000, 1.000000000000000000, 0.000000000000000000 ) ) ;
#3333 = ORIENTED_EDGE ( 'NONE', *, *, #1701, .T. ) ;
#3334 = CARTESIAN_POINT ( 'NONE',  ( 29.60000000000000142, 121.0999999999999517, -4.750000000000845546 ) ) ;
#3335 = LINE ( 'NONE', #1512, #2662 ) ;
#3336 = EDGE_LOOP ( 'NONE', ( #754, #1403, #761, #2918 ) ) ;
#3337 = CARTESIAN_POINT ( 'NONE',  ( -7.499999999999992895, -4.999999999999992895, -59.00000000000000711 ) ) ;
#3338 = CARTESIAN_POINT ( 'NONE',  ( 1.191889941698426270E-27, 104.1999999999998749, -13.70000000000069384 ) ) ;
#3339 = ORIENTED_EDGE ( 'NONE', *, *, #1613, .F. ) ;
#3340 = DIRECTION ( 'NONE',  ( 1.143848312570467258E-29, 1.000000000000000000, -7.000000000000009616E-15 ) ) ;
#3341 = APPROVAL_STATUS ( 'not_yet_approved' ) ;
#3342 = ADVANCED_FACE ( 'NONE', ( #583 ), #1133, .T. ) ;
#3343 = CARTESIAN_POINT ( 'NONE',  ( 49.99999999999999289, 6.999999999999986677, -50.00000000000001421 ) ) ;
#3344 = DIRECTION ( 'NONE',  ( 0.000000000000000000, 1.000000000000000000, 0.000000000000000000 ) ) ;
#3345 = VERTEX_POINT ( 'NONE', #1511 ) ;
#3346 = AXIS2_PLACEMENT_3D ( 'NONE', #2661, #3246, #289 ) ;
#3347 = EDGE_CURVE ( 'NONE', #2457, #3416, #2089, .T. ) ;
#3348 = DIRECTION ( 'NONE',  ( 0.000000000000000000, 1.000000000000000000, 0.000000000000000000 ) ) ;
#3349 = VERTEX_POINT ( 'NONE', #409 ) ;
#3350 = DIRECTION ( 'NONE',  ( 0.000000000000000000, 6.751356230828655000E-15, 1.000000000000000000 ) ) ;
#3351 = LOCAL_TIME ( 10, 36, 33.00000000000000000, #1465 ) ;
#3352 = EDGE_CURVE ( 'NONE', #3114, #1915, #2020, .T. ) ;
#3353 = FACE_OUTER_BOUND ( 'NONE', #1590, .T. ) ;
#3354 = ORIENTED_EDGE ( 'NONE', *, *, #2447, .T. ) ;
#3355 = CARTESIAN_POINT ( 'NONE',  ( -50.00000000000000711, 6.999999999999986677, 49.99999999999998579 ) ) ;
#3356 = CARTESIAN_POINT ( 'NONE',  ( 15.01128486040828314, 128.6840851045341765, 11.94808676394590030 ) ) ;
#3357 = ORIENTED_EDGE ( 'NONE', *, *, #1308, .T. ) ;
#3358 = CARTESIAN_POINT ( 'NONE',  ( -14.67537912918865217, 116.8999999999999062, -11.26424642018242572 ) ) ;
#3359 = CALENDAR_DATE ( 2026, 19, 9 ) ;
#3360 = CARTESIAN_POINT ( 'NONE',  ( 31.80000000000000071, 119.7500000000000284, 4.749999999999154454 ) ) ;
#3361 = DIRECTION ( 'NONE',  ( 0.000000000000000000, 7.090840485744630831E-15, 1.000000000000000000 ) ) ;
#3362 = ORIENTED_EDGE ( 'NONE', *, *, #184, .T. ) ;
#3363 = AXIS2_PLACEMENT_3D ( 'NONE', #1610, #266, #2826 ) ;
#3364 = DIRECTION ( 'NONE',  ( 0.000000000000000000, 0.000000000000000000, 1.000000000000000000 ) ) ;
#3365 = ORIENTED_EDGE ( 'NONE', *, *, #1216, .T. ) ;
#3366 = AXIS2_PLACEMENT_3D ( 'NONE', #3083, #2821, #396 ) ;
#3367 = DIRECTION ( 'NONE',  ( 0.000000000000000000, -7.000000000000009616E-15, -1.000000000000000000 ) ) ;
#3368 = EDGE_CURVE ( 'NONE', #1581, #458, #1493, .T. ) ;
#3369 = VECTOR ( 'NONE', #2150, 1000.000000000000114 ) ;
#3370 = LINE ( 'NONE', #961, #511 ) ;
#3371 = ORIENTED_EDGE ( 'NONE', *, *, #762, .F. ) ;
#3372 = DIRECTION ( 'NONE',  ( -1.143848312570467118E-29, -1.000000000000000000, 7.000000000000009616E-15 ) ) ;
#3373 = CIRCLE ( 'NONE', #2197, 3.499999999999815703 ) ;
#3374 = EDGE_CURVE ( 'NONE', #2650, #1352, #1811, .T. ) ;
#3375 = CIRCLE ( 'NONE', #3151, 2.099999999999817124 ) ;
#3376 = CARTESIAN_POINT ( 'NONE',  ( 0.000000000000000000, 123.9999999999998863, 0.000000000000000000 ) ) ;
#3377 = EDGE_LOOP ( 'NONE', ( #1849, #2781 ) ) ;
#3378 = LINE ( 'NONE', #1729, #283 ) ;
#3379 = VECTOR ( 'NONE', #226, 1000.000000000000000 ) ;
#3380 = DIRECTION ( 'NONE',  ( -0.000000000000000000, 1.000000000000000000, -0.000000000000000000 ) ) ;
#3381 = CARTESIAN_POINT ( 'NONE',  ( 1.191889941698426270E-27, 104.1999999999999744, -7.294000000000009108E-13 ) ) ;
#3382 = EDGE_LOOP ( 'NONE', ( #3390, #2643, #51, #773 ) ) ;
#3383 = CARTESIAN_POINT ( 'NONE',  ( 11.66328970827721179, 104.2000000000000881, 15.14674952548862308 ) ) ;
#3384 = AXIS2_PLACEMENT_3D ( 'NONE', #2372, #1565, #1314 ) ;
#3385 = ORIENTED_EDGE ( 'NONE', *, *, #2387, .F. ) ;
#3386 = DIRECTION ( 'NONE',  ( 0.7071067811865474617, 0.7071067811865474617, 0.000000000000000000 ) ) ;
#3387 = AXIS2_PLACEMENT_3D ( 'NONE', #2953, #579, #1666 ) ;
#3388 = CARTESIAN_POINT ( 'NONE',  ( -49.99999999999999289, 1.999999999999986233, 50.00000000000000000 ) ) ;
#3389 = EDGE_CURVE ( 'NONE', #3318, #789, #740, .T. ) ;
#3390 = ORIENTED_EDGE ( 'NONE', *, *, #2345, .F. ) ;
#3391 = CARTESIAN_POINT ( 'NONE',  ( -11.66328970827735922, 112.2000000000000455, 13.04674952548874600 ) ) ;
#3392 = EDGE_CURVE ( 'NONE', #3066, #1915, #872, .T. ) ;
#3393 = CARTESIAN_POINT ( 'NONE',  ( 29.60000000000000142, 121.0999999999999517, -4.750000000000845546 ) ) ;
#3394 = ORIENTED_EDGE ( 'NONE', *, *, #478, .F. ) ;
#3395 = CARTESIAN_POINT ( 'NONE',  ( 49.99999999999998579, -4.999999999999992895, 49.99999999999997868 ) ) ;
#3396 = DIRECTION ( 'NONE',  ( 0.000000000000000000, 7.930164461608679325E-15, 1.000000000000000000 ) ) ;
#3397 = CARTESIAN_POINT ( 'NONE',  ( 33.54101966249645983, 128.9999999999998863, -10.00000000000090417 ) ) ;
#3398 = ORIENTED_EDGE ( 'NONE', *, *, #523, .T. ) ;
#3399 = CARTESIAN_POINT ( 'NONE',  ( 11.66328970827721179, 116.8999999999998920, -13.04674952549049571 ) ) ;
#3400 = ORIENTED_EDGE ( 'NONE', *, *, #890, .F. ) ;
#3401 = VECTOR ( 'NONE', #3424, 1000.000000000000000 ) ;
#3402 = DIRECTION ( 'NONE',  ( 0.000000000000000000, 1.000000000000000000, 0.000000000000000000 ) ) ;
#3403 = AXIS2_PLACEMENT_3D ( 'NONE', #1275, #1564, #2852 ) ;
#3404 = FACE_OUTER_BOUND ( 'NONE', #3089, .T. ) ;
#3405 = EDGE_LOOP ( 'NONE', ( #881, #2453, #63, #1409 ) ) ;
#3406 = CARTESIAN_POINT ( 'NONE',  ( -50.00000000000000711, -4.999999999999992895, -50.00000000000000000 ) ) ;
#3407 = EDGE_CURVE ( 'NONE', #1915, #3066, #645, .T. ) ;
#3408 = DIRECTION ( 'NONE',  ( -1.143848312570467118E-29, -1.000000000000000000, 7.000000000000009616E-15 ) ) ;
#3409 = VERTEX_POINT ( 'NONE', #425 ) ;
#3410 = CARTESIAN_POINT ( 'NONE',  ( -11.66328970827735922, -5.000000000000380140, 10.94674952548975178 ) ) ;
#3411 = APPROVAL ( #1749, '未' ) ;
#3412 = ADVANCED_FACE ( 'NONE', ( #2601 ), #476, .F. ) ;
#3413 = CYLINDRICAL_SURFACE ( 'NONE', #109, 2.599999999999998312 ) ;
#3414 = EDGE_LOOP ( 'NONE', ( #751, #702 ) ) ;
#3415 = CARTESIAN_POINT ( 'NONE',  ( 49.99999999999997868, 6.999999999999986677, 58.99999999999998579 ) ) ;
#3416 = VERTEX_POINT ( 'NONE', #690 ) ;
#3417 = LINE ( 'NONE', #1791, #1028 ) ;
#3418 = VERTEX_POINT ( 'NONE', #1528 ) ;
#3419 = DIRECTION ( 'NONE',  ( 1.143848312570466978E-29, 1.000000000000000000, -7.000000000000009616E-15 ) ) ;
#3420 = DIRECTION ( 'NONE',  ( 1.000000000000000000, -1.143848312570467118E-29, 9.524450499707741029E-44 ) ) ;
#3421 = AXIS2_PLACEMENT_3D ( 'NONE', #713, #1803, #3396 ) ;
#3422 = ORIENTED_EDGE ( 'NONE', *, *, #545, .T. ) ;
#3423 = PRODUCT_DEFINITION_SHAPE ( 'NONE', 'NONE',  #3260 ) ;
#3424 = DIRECTION ( 'NONE',  ( -0.000000000000000000, 1.000000000000000000, -0.000000000000000000 ) ) ;
#3425 = AXIS2_PLACEMENT_3D ( 'NONE', #640, #659, #326 ) ;
#3426 = PLANE ( 'NONE',  #2930 ) ;
#3427 = EDGE_LOOP ( 'NONE', ( #781, #1112, #2777, #1428 ) ) ;
#3428 = AXIS2_PLACEMENT_3D ( 'NONE', #3475, #3459, #292 ) ;
#3429 = DIRECTION ( 'NONE',  ( 1.000000000000000000, -1.143848312570467258E-29, 9.524450499707741029E-44 ) ) ;
#3430 = CIRCLE ( 'NONE', #389, 3.499999999999815703 ) ;
#3431 = CYLINDRICAL_SURFACE ( 'NONE', #3421, 3.499999999999815703 ) ;
#3432 = EDGE_CURVE ( 'NONE', #463, #853, #533, .T. ) ;
#3433 = DIRECTION ( 'NONE',  ( 0.000000000000000000, 6.751356230828655000E-15, 1.000000000000000000 ) ) ;
#3434 = AXIS2_PLACEMENT_3D ( 'NONE', #2823, #3323, #2237 ) ;
#3435 = CARTESIAN_POINT ( 'NONE',  ( -11.66328970827735922, 129.0000000000000853, 16.54674952548844402 ) ) ;
#3436 = EDGE_CURVE ( 'NONE', #224, #828, #2509, .T. ) ;
#3437 = ORIENTED_EDGE ( 'NONE', *, *, #2756, .T. ) ;
#3438 = CARTESIAN_POINT ( 'NONE',  ( -50.00000000000000000, 6.999999999999986677, -50.00000000000001421 ) ) ;
#3439 = AXIS2_PLACEMENT_3D ( 'NONE', #2770, #295, #3029 ) ;
#3440 = CYLINDRICAL_SURFACE ( 'NONE', #2097, 4.249999999999996447 ) ;
#3441 = ORIENTED_EDGE ( 'NONE', *, *, #2516, .F. ) ;
#3442 = CARTESIAN_POINT ( 'NONE',  ( 1.301042606983153579E-15, 116.8999999999999773, -8.176889390390725385E-13 ) ) ;
#3443 = AXIS2_PLACEMENT_3D ( 'NONE', #1237, #688, #634 ) ;
#3444 = CARTESIAN_POINT ( 'NONE',  ( -60.00000000000000711, 5.999999999999985789, 59.99999999999998579 ) ) ;
#3445 = CIRCLE ( 'NONE', #2610, 2.599999999999998312 ) ;
#3446 = ORIENTED_EDGE ( 'NONE', *, *, #2192, .F. ) ;
#3447 = CARTESIAN_POINT ( 'NONE',  ( -11.66328970827735922, 112.1999999999998892, -13.04674952549046374 ) ) ;
#3448 = CARTESIAN_POINT ( 'NONE',  ( -11.66328970827735922, 112.2000000000000597, 13.04674952548874778 ) ) ;
#3449 = ORIENTED_EDGE ( 'NONE', *, *, #3301, .F. ) ;
#3450 = DIRECTION ( 'NONE',  ( 0.000000000000000000, 1.000000000000000000, 0.000000000000000000 ) ) ;
#3451 = ADVANCED_FACE ( 'NONE', ( #959 ), #3075, .T. ) ;
#3452 = DIRECTION ( 'NONE',  ( 0.000000000000000000, 0.000000000000000000, 1.000000000000000000 ) ) ;
#3453 = VERTEX_POINT ( 'NONE', #459 ) ;
#3454 = EDGE_CURVE ( 'NONE', #1445, #2650, #2399, .T. ) ;
#3455 = FACE_BOUND ( 'NONE', #2792, .T. ) ;
#3456 = ORIENTED_EDGE ( 'NONE', *, *, #2775, .T. ) ;
#3457 = LINE ( 'NONE', #2125, #642 ) ;
#3458 = EDGE_CURVE ( 'NONE', #474, #1477, #1561, .T. ) ;
#3459 = DIRECTION ( 'NONE',  ( -1.143848312570467118E-29, -1.000000000000000000, 7.000000000000009616E-15 ) ) ;
#3460 = VERTEX_POINT ( 'NONE', #1240 ) ;
#3461 = CARTESIAN_POINT ( 'NONE',  ( 1.191889941698426270E-27, 104.1999999999998749, -13.70000000000069207 ) ) ;
#3462 = AXIS2_PLACEMENT_3D ( 'NONE', #671, #3112, #994 ) ;
#3463 = DIRECTION ( 'NONE',  ( 1.143848312570466978E-29, 1.000000000000000000, -7.000000000000008827E-15 ) ) ;
#3464 = ORIENTED_EDGE ( 'NONE', *, *, #3139, .F. ) ;
#3465 = DIRECTION ( 'NONE',  ( 1.155557966632372481E-29, 1.000000000000000000, -6.999999999999907064E-15 ) ) ;
#3466 = DIRECTION ( 'NONE',  ( 0.000000000000000000, 7.116814260417652736E-15, 1.000000000000000000 ) ) ;
#3467 = ORIENTED_EDGE ( 'NONE', *, *, #633, .F. ) ;
#3468 = DIRECTION ( 'NONE',  ( 1.000000000000000000, 0.000000000000000000, 0.000000000000000000 ) ) ;
#3469 = DIRECTION ( 'NONE',  ( 0.000000000000000000, 7.116814260417685868E-15, 1.000000000000000000 ) ) ;
#3470 = ORIENTED_EDGE ( 'NONE', *, *, #2647, .T. ) ;
#3471 = CC_DESIGN_DATE_AND_TIME_ASSIGNMENT ( #2256, #2521, ( #1507 ) ) ;
#3472 = ADVANCED_FACE ( 'NONE', ( #1292 ), #977, .F. ) ;
#3473 = DIRECTION ( 'NONE',  ( 0.000000000000000000, 7.930164461608679325E-15, 1.000000000000000000 ) ) ;
#3474 = VECTOR ( 'NONE', #918, 1000.000000000000000 ) ;
#3475 = CARTESIAN_POINT ( 'NONE',  ( 1.301042606983292024E-15, 128.9999999999999716, -9.023889390390725714E-13 ) ) ;
#3476 = EDGE_LOOP ( 'NONE', ( #679, #692 ) ) ;
#3477 = ADVANCED_FACE ( 'NONE', ( #2057 ), #706, .F. ) ;
#3478 = DIRECTION ( 'NONE',  ( 0.000000000000000000, 7.000000000000009616E-15, 1.000000000000000000 ) ) ;
#3479 = CIRCLE ( 'NONE', #2194, 3.499999999999815703 ) ;
#3480 = NEXT_ASSEMBLY_USAGE_OCCURRENCE ( 'NAUO1', ' ', ' ', #1241, #3260, $ ) ;
ENDSEC;
END-ISO-10303-21;
